block,scope,env_steps,train_episodes,block_task,task,episode,return,eval_steps
-1,boundary,0,0,,breakout,1,0.0,100
-1,boundary,0,0,,breakout,2,1.0,100
-1,boundary,0,0,,breakout,3,0.0,100
-1,boundary,0,0,,breakout,4,0.0,100
-1,boundary,0,0,,breakout,5,0.0,100
-1,boundary,0,0,,breakout,6,1.0,100
-1,boundary,0,0,,breakout,7,0.0,100
-1,boundary,0,0,,breakout,8,1.0,100
-1,boundary,0,0,,breakout,9,1.0,100
-1,boundary,0,0,,breakout,10,0.0,100
-1,boundary,0,0,,space_invaders,1,0.0,389
-1,boundary,0,0,,space_invaders,2,2.0,389
-1,boundary,0,0,,space_invaders,3,3.0,389
-1,boundary,0,0,,space_invaders,4,1.0,389
-1,boundary,0,0,,space_invaders,5,1.0,389
-1,boundary,0,0,,space_invaders,6,0.0,389
-1,boundary,0,0,,space_invaders,7,1.0,389
-1,boundary,0,0,,space_invaders,8,1.0,389
-1,boundary,0,0,,space_invaders,9,2.0,389
-1,boundary,0,0,,space_invaders,10,2.0,389
-1,boundary,0,0,,freeway,1,0.0,25000
-1,boundary,0,0,,freeway,2,0.0,25000
-1,boundary,0,0,,freeway,3,1.0,25000
-1,boundary,0,0,,freeway,4,0.0,25000
-1,boundary,0,0,,freeway,5,0.0,25000
-1,boundary,0,0,,freeway,6,0.0,25000
-1,boundary,0,0,,freeway,7,0.0,25000
-1,boundary,0,0,,freeway,8,0.0,25000
-1,boundary,0,0,,freeway,9,0.0,25000
-1,boundary,0,0,,freeway,10,0.0,25000
0,boundary,499968,15276,breakout,breakout,1,5.0,644
0,boundary,499968,15276,breakout,breakout,2,5.0,644
0,boundary,499968,15276,breakout,breakout,3,6.0,644
0,boundary,499968,15276,breakout,breakout,4,6.0,644
0,boundary,499968,15276,breakout,breakout,5,5.0,644
0,boundary,499968,15276,breakout,breakout,6,6.0,644
0,boundary,499968,15276,breakout,breakout,7,6.0,644
0,boundary,499968,15276,breakout,breakout,8,5.0,644
0,boundary,499968,15276,breakout,breakout,9,5.0,644
0,boundary,499968,15276,breakout,breakout,10,5.0,644
0,boundary,499968,15276,breakout,space_invaders,1,1.0,273
0,boundary,499968,15276,breakout,space_invaders,2,1.0,273
0,boundary,499968,15276,breakout,space_invaders,3,0.0,273
0,boundary,499968,15276,breakout,space_invaders,4,2.0,273
0,boundary,499968,15276,breakout,space_invaders,5,1.0,273
0,boundary,499968,15276,breakout,space_invaders,6,3.0,273
0,boundary,499968,15276,breakout,space_invaders,7,0.0,273
0,boundary,499968,15276,breakout,space_invaders,8,2.0,273
0,boundary,499968,15276,breakout,space_invaders,9,1.0,273
0,boundary,499968,15276,breakout,space_invaders,10,1.0,273
0,boundary,499968,15276,breakout,freeway,1,0.0,25000
0,boundary,499968,15276,breakout,freeway,2,0.0,25000
0,boundary,499968,15276,breakout,freeway,3,0.0,25000
0,boundary,499968,15276,breakout,freeway,4,0.0,25000
0,boundary,499968,15276,breakout,freeway,5,0.0,25000
0,boundary,499968,15276,breakout,freeway,6,0.0,25000
0,boundary,499968,15276,breakout,freeway,7,0.0,25000
0,boundary,499968,15276,breakout,freeway,8,0.0,25000
0,boundary,499968,15276,breakout,freeway,9,0.0,25000
0,boundary,499968,15276,breakout,freeway,10,1.0,25000
0,period,25088,2221,breakout,breakout,1,1.0,164
0,period,25088,2221,breakout,breakout,2,0.0,164
0,period,25088,2221,breakout,breakout,3,1.0,164
0,period,25088,2221,breakout,breakout,4,0.0,164
0,period,25088,2221,breakout,breakout,5,2.0,164
0,period,25088,2221,breakout,breakout,6,1.0,164
0,period,25088,2221,breakout,breakout,7,2.0,164
0,period,25088,2221,breakout,breakout,8,2.0,164
0,period,25088,2221,breakout,breakout,9,1.0,164
0,period,25088,2221,breakout,breakout,10,0.0,164
0,period,25088,2221,breakout,space_invaders,1,2.0,497
0,period,25088,2221,breakout,space_invaders,2,4.0,497
0,period,25088,2221,breakout,space_invaders,3,0.0,497
0,period,25088,2221,breakout,space_invaders,4,0.0,497
0,period,25088,2221,breakout,space_invaders,5,1.0,497
0,period,25088,2221,breakout,space_invaders,6,1.0,497
0,period,25088,2221,breakout,space_invaders,7,2.0,497
0,period,25088,2221,breakout,space_invaders,8,1.0,497
0,period,25088,2221,breakout,space_invaders,9,2.0,497
0,period,25088,2221,breakout,space_invaders,10,1.0,497
0,period,25088,2221,breakout,freeway,1,0.0,25000
0,period,25088,2221,breakout,freeway,2,0.0,25000
0,period,25088,2221,breakout,freeway,3,0.0,25000
0,period,25088,2221,breakout,freeway,4,0.0,25000
0,period,25088,2221,breakout,freeway,5,0.0,25000
0,period,25088,2221,breakout,freeway,6,0.0,25000
0,period,25088,2221,breakout,freeway,7,0.0,25000
0,period,25088,2221,breakout,freeway,8,0.0,25000
0,period,25088,2221,breakout,freeway,9,0.0,25000
0,period,25088,2221,breakout,freeway,10,0.0,25000
0,period,50176,4151,breakout,breakout,1,1.0,140
0,period,50176,4151,breakout,breakout,2,0.0,140
0,period,50176,4151,breakout,breakout,3,1.0,140
0,period,50176,4151,breakout,breakout,4,0.0,140
0,period,50176,4151,breakout,breakout,5,2.0,140
0,period,50176,4151,breakout,breakout,6,1.0,140
0,period,50176,4151,breakout,breakout,7,2.0,140
0,period,50176,4151,breakout,breakout,8,0.0,140
0,period,50176,4151,breakout,breakout,9,1.0,140
0,period,50176,4151,breakout,breakout,10,0.0,140
0,period,50176,4151,breakout,space_invaders,1,1.0,410
0,period,50176,4151,breakout,space_invaders,2,3.0,410
0,period,50176,4151,breakout,space_invaders,3,1.0,410
0,period,50176,4151,breakout,space_invaders,4,2.0,410
0,period,50176,4151,breakout,space_invaders,5,1.0,410
0,period,50176,4151,breakout,space_invaders,6,3.0,410
0,period,50176,4151,breakout,space_invaders,7,7.0,410
0,period,50176,4151,breakout,space_invaders,8,2.0,410
0,period,50176,4151,breakout,space_invaders,9,1.0,410
0,period,50176,4151,breakout,space_invaders,10,1.0,410
0,period,50176,4151,breakout,freeway,1,0.0,25000
0,period,50176,4151,breakout,freeway,2,0.0,25000
0,period,50176,4151,breakout,freeway,3,0.0,25000
0,period,50176,4151,breakout,freeway,4,0.0,25000
0,period,50176,4151,breakout,freeway,5,0.0,25000
0,period,50176,4151,breakout,freeway,6,0.0,25000
0,period,50176,4151,breakout,freeway,7,0.0,25000
0,period,50176,4151,breakout,freeway,8,0.0,25000
0,period,50176,4151,breakout,freeway,9,0.0,25000
0,period,50176,4151,breakout,freeway,10,1.0,25000
0,period,75008,5453,breakout,breakout,1,2.0,324
0,period,75008,5453,breakout,breakout,2,1.0,324
0,period,75008,5453,breakout,breakout,3,1.0,324
0,period,75008,5453,breakout,breakout,4,6.0,324
0,period,75008,5453,breakout,breakout,5,1.0,324
0,period,75008,5453,breakout,breakout,6,0.0,324
0,period,75008,5453,breakout,breakout,7,6.0,324
0,period,75008,5453,breakout,breakout,8,1.0,324
0,period,75008,5453,breakout,breakout,9,3.0,324
0,period,75008,5453,breakout,breakout,10,4.0,324
0,period,75008,5453,breakout,space_invaders,1,2.0,469
0,period,75008,5453,breakout,space_invaders,2,1.0,469
0,period,75008,5453,breakout,space_invaders,3,1.0,469
0,period,75008,5453,breakout,space_invaders,4,3.0,469
0,period,75008,5453,breakout,space_invaders,5,8.0,469
0,period,75008,5453,breakout,space_invaders,6,5.0,469
0,period,75008,5453,breakout,space_invaders,7,2.0,469
0,period,75008,5453,breakout,space_invaders,8,1.0,469
0,period,75008,5453,breakout,space_invaders,9,1.0,469
0,period,75008,5453,breakout,space_invaders,10,1.0,469
0,period,75008,5453,breakout,freeway,1,0.0,25000
0,period,75008,5453,breakout,freeway,2,0.0,25000
0,period,75008,5453,breakout,freeway,3,0.0,25000
0,period,75008,5453,breakout,freeway,4,0.0,25000
0,period,75008,5453,breakout,freeway,5,0.0,25000
0,period,75008,5453,breakout,freeway,6,0.0,25000
0,period,75008,5453,breakout,freeway,7,0.0,25000
0,period,75008,5453,breakout,freeway,8,0.0,25000
0,period,75008,5453,breakout,freeway,9,0.0,25000
0,period,75008,5453,breakout,freeway,10,0.0,25000
0,period,100096,6190,breakout,breakout,1,5.0,410
0,period,100096,6190,breakout,breakout,2,3.0,410
0,period,100096,6190,breakout,breakout,3,5.0,410
0,period,100096,6190,breakout,breakout,4,1.0,410
0,period,100096,6190,breakout,breakout,5,1.0,410
0,period,100096,6190,breakout,breakout,6,4.0,410
0,period,100096,6190,breakout,breakout,7,4.0,410
0,period,100096,6190,breakout,breakout,8,3.0,410
0,period,100096,6190,breakout,breakout,9,1.0,410
0,period,100096,6190,breakout,breakout,10,6.0,410
0,period,100096,6190,breakout,space_invaders,1,2.0,361
0,period,100096,6190,breakout,space_invaders,2,2.0,361
0,period,100096,6190,breakout,space_invaders,3,3.0,361
0,period,100096,6190,breakout,space_invaders,4,0.0,361
0,period,100096,6190,breakout,space_invaders,5,3.0,361
0,period,100096,6190,breakout,space_invaders,6,2.0,361
0,period,100096,6190,breakout,space_invaders,7,1.0,361
0,period,100096,6190,breakout,space_invaders,8,4.0,361
0,period,100096,6190,breakout,space_invaders,9,2.0,361
0,period,100096,6190,breakout,space_invaders,10,4.0,361
0,period,100096,6190,breakout,freeway,1,1.0,25000
0,period,100096,6190,breakout,freeway,2,0.0,25000
0,period,100096,6190,breakout,freeway,3,0.0,25000
0,period,100096,6190,breakout,freeway,4,1.0,25000
0,period,100096,6190,breakout,freeway,5,0.0,25000
0,period,100096,6190,breakout,freeway,6,0.0,25000
0,period,100096,6190,breakout,freeway,7,0.0,25000
0,period,100096,6190,breakout,freeway,8,0.0,25000
0,period,100096,6190,breakout,freeway,9,0.0,25000
0,period,100096,6190,breakout,freeway,10,0.0,25000
0,period,125184,6835,breakout,breakout,1,1.0,424
0,period,125184,6835,breakout,breakout,2,3.0,424
0,period,125184,6835,breakout,breakout,3,3.0,424
0,period,125184,6835,breakout,breakout,4,3.0,424
0,period,125184,6835,breakout,breakout,5,5.0,424
0,period,125184,6835,breakout,breakout,6,3.0,424
0,period,125184,6835,breakout,breakout,7,5.0,424
0,period,125184,6835,breakout,breakout,8,5.0,424
0,period,125184,6835,breakout,breakout,9,3.0,424
0,period,125184,6835,breakout,breakout,10,3.0,424
0,period,125184,6835,breakout,space_invaders,1,1.0,292
0,period,125184,6835,breakout,space_invaders,2,0.0,292
0,period,125184,6835,breakout,space_invaders,3,1.0,292
0,period,125184,6835,breakout,space_invaders,4,1.0,292
0,period,125184,6835,breakout,space_invaders,5,1.0,292
0,period,125184,6835,breakout,space_invaders,6,1.0,292
0,period,125184,6835,breakout,space_invaders,7,0.0,292
0,period,125184,6835,breakout,space_invaders,8,2.0,292
0,period,125184,6835,breakout,space_invaders,9,0.0,292
0,period,125184,6835,breakout,space_invaders,10,1.0,292
0,period,125184,6835,breakout,freeway,1,0.0,25000
0,period,125184,6835,breakout,freeway,2,0.0,25000
0,period,125184,6835,breakout,freeway,3,0.0,25000
0,period,125184,6835,breakout,freeway,4,0.0,25000
0,period,125184,6835,breakout,freeway,5,0.0,25000
0,period,125184,6835,breakout,freeway,6,0.0,25000
0,period,125184,6835,breakout,freeway,7,0.0,25000
0,period,125184,6835,breakout,freeway,8,0.0,25000
0,period,125184,6835,breakout,freeway,9,0.0,25000
0,period,125184,6835,breakout,freeway,10,0.0,25000
0,period,150016,7486,breakout,breakout,1,2.0,282
0,period,150016,7486,breakout,breakout,2,3.0,282
0,period,150016,7486,breakout,breakout,3,3.0,282
0,period,150016,7486,breakout,breakout,4,2.0,282
0,period,150016,7486,breakout,breakout,5,3.0,282
0,period,150016,7486,breakout,breakout,6,3.0,282
0,period,150016,7486,breakout,breakout,7,0.0,282
0,period,150016,7486,breakout,breakout,8,1.0,282
0,period,150016,7486,breakout,breakout,9,3.0,282
0,period,150016,7486,breakout,breakout,10,1.0,282
0,period,150016,7486,breakout,space_invaders,1,4.0,554
0,period,150016,7486,breakout,space_invaders,2,2.0,554
0,period,150016,7486,breakout,space_invaders,3,2.0,554
0,period,150016,7486,breakout,space_invaders,4,1.0,554
0,period,150016,7486,breakout,space_invaders,5,3.0,554
0,period,150016,7486,breakout,space_invaders,6,5.0,554
0,period,150016,7486,breakout,space_invaders,7,1.0,554
0,period,150016,7486,breakout,space_invaders,8,5.0,554
0,period,150016,7486,breakout,space_invaders,9,2.0,554
0,period,150016,7486,breakout,space_invaders,10,1.0,554
0,period,150016,7486,breakout,freeway,1,0.0,25000
0,period,150016,7486,breakout,freeway,2,0.0,25000
0,period,150016,7486,breakout,freeway,3,0.0,25000
0,period,150016,7486,breakout,freeway,4,0.0,25000
0,period,150016,7486,breakout,freeway,5,0.0,25000
0,period,150016,7486,breakout,freeway,6,0.0,25000
0,period,150016,7486,breakout,freeway,7,0.0,25000
0,period,150016,7486,breakout,freeway,8,0.0,25000
0,period,150016,7486,breakout,freeway,9,0.0,25000
0,period,150016,7486,breakout,freeway,10,0.0,25000
0,period,175104,8137,breakout,breakout,1,1.0,302
0,period,175104,8137,breakout,breakout,2,5.0,302
0,period,175104,8137,breakout,breakout,3,0.0,302
0,period,175104,8137,breakout,breakout,4,1.0,302
0,period,175104,8137,breakout,breakout,5,1.0,302
0,period,175104,8137,breakout,breakout,6,4.0,302
0,period,175104,8137,breakout,breakout,7,3.0,302
0,period,175104,8137,breakout,breakout,8,1.0,302
0,period,175104,8137,breakout,breakout,9,2.0,302
0,period,175104,8137,breakout,breakout,10,5.0,302
0,period,175104,8137,breakout,space_invaders,1,5.0,352
0,period,175104,8137,breakout,space_invaders,2,5.0,352
0,period,175104,8137,breakout,space_invaders,3,2.0,352
0,period,175104,8137,breakout,space_invaders,4,2.0,352
0,period,175104,8137,breakout,space_invaders,5,5.0,352
0,period,175104,8137,breakout,space_invaders,6,0.0,352
0,period,175104,8137,breakout,space_invaders,7,1.0,352
0,period,175104,8137,breakout,space_invaders,8,1.0,352
0,period,175104,8137,breakout,space_invaders,9,2.0,352
0,period,175104,8137,breakout,space_invaders,10,1.0,352
0,period,175104,8137,breakout,freeway,1,0.0,25000
0,period,175104,8137,breakout,freeway,2,0.0,25000
0,period,175104,8137,breakout,freeway,3,0.0,25000
0,period,175104,8137,breakout,freeway,4,0.0,25000
0,period,175104,8137,breakout,freeway,5,0.0,25000
0,period,175104,8137,breakout,freeway,6,0.0,25000
0,period,175104,8137,breakout,freeway,7,0.0,25000
0,period,175104,8137,breakout,freeway,8,0.0,25000
0,period,175104,8137,breakout,freeway,9,0.0,25000
0,period,175104,8137,breakout,freeway,10,0.0,25000
0,period,200192,8798,breakout,breakout,1,3.0,422
0,period,200192,8798,breakout,breakout,2,1.0,422
0,period,200192,8798,breakout,breakout,3,4.0,422
0,period,200192,8798,breakout,breakout,4,6.0,422
0,period,200192,8798,breakout,breakout,5,1.0,422
0,period,200192,8798,breakout,breakout,6,1.0,422
0,period,200192,8798,breakout,breakout,7,3.0,422
0,period,200192,8798,breakout,breakout,8,6.0,422
0,period,200192,8798,breakout,breakout,9,6.0,422
0,period,200192,8798,breakout,breakout,10,3.0,422
0,period,200192,8798,breakout,space_invaders,1,1.0,313
0,period,200192,8798,breakout,space_invaders,2,1.0,313
0,period,200192,8798,breakout,space_invaders,3,1.0,313
0,period,200192,8798,breakout,space_invaders,4,5.0,313
0,period,200192,8798,breakout,space_invaders,5,3.0,313
0,period,200192,8798,breakout,space_invaders,6,2.0,313
0,period,200192,8798,breakout,space_invaders,7,2.0,313
0,period,200192,8798,breakout,space_invaders,8,6.0,313
0,period,200192,8798,breakout,space_invaders,9,4.0,313
0,period,200192,8798,breakout,space_invaders,10,2.0,313
0,period,200192,8798,breakout,freeway,1,0.0,25000
0,period,200192,8798,breakout,freeway,2,0.0,25000
0,period,200192,8798,breakout,freeway,3,0.0,25000
0,period,200192,8798,breakout,freeway,4,0.0,25000
0,period,200192,8798,breakout,freeway,5,0.0,25000
0,period,200192,8798,breakout,freeway,6,0.0,25000
0,period,200192,8798,breakout,freeway,7,0.0,25000
0,period,200192,8798,breakout,freeway,8,0.0,25000
0,period,200192,8798,breakout,freeway,9,0.0,25000
0,period,200192,8798,breakout,freeway,10,0.0,25000
0,period,225024,9406,breakout,breakout,1,4.0,498
0,period,225024,9406,breakout,breakout,2,3.0,498
0,period,225024,9406,breakout,breakout,3,5.0,498
0,period,225024,9406,breakout,breakout,4,5.0,498
0,period,225024,9406,breakout,breakout,5,5.0,498
0,period,225024,9406,breakout,breakout,6,6.0,498
0,period,225024,9406,breakout,breakout,7,3.0,498
0,period,225024,9406,breakout,breakout,8,6.0,498
0,period,225024,9406,breakout,breakout,9,1.0,498
0,period,225024,9406,breakout,breakout,10,3.0,498
0,period,225024,9406,breakout,space_invaders,1,3.0,412
0,period,225024,9406,breakout,space_invaders,2,3.0,412
0,period,225024,9406,breakout,space_invaders,3,9.0,412
0,period,225024,9406,breakout,space_invaders,4,2.0,412
0,period,225024,9406,breakout,space_invaders,5,5.0,412
0,period,225024,9406,breakout,space_invaders,6,1.0,412
0,period,225024,9406,breakout,space_invaders,7,2.0,412
0,period,225024,9406,breakout,space_invaders,8,3.0,412
0,period,225024,9406,breakout,space_invaders,9,0.0,412
0,period,225024,9406,breakout,space_invaders,10,2.0,412
0,period,225024,9406,breakout,freeway,1,0.0,25000
0,period,225024,9406,breakout,freeway,2,0.0,25000
0,period,225024,9406,breakout,freeway,3,0.0,25000
0,period,225024,9406,breakout,freeway,4,0.0,25000
0,period,225024,9406,breakout,freeway,5,0.0,25000
0,period,225024,9406,breakout,freeway,6,1.0,25000
0,period,225024,9406,breakout,freeway,7,0.0,25000
0,period,225024,9406,breakout,freeway,8,0.0,25000
0,period,225024,9406,breakout,freeway,9,0.0,25000
0,period,225024,9406,breakout,freeway,10,0.0,25000
0,period,250112,10018,breakout,breakout,1,3.0,272
0,period,250112,10018,breakout,breakout,2,1.0,272
0,period,250112,10018,breakout,breakout,3,1.0,272
0,period,250112,10018,breakout,breakout,4,1.0,272
0,period,250112,10018,breakout,breakout,5,1.0,272
0,period,250112,10018,breakout,breakout,6,3.0,272
0,period,250112,10018,breakout,breakout,7,1.0,272
0,period,250112,10018,breakout,breakout,8,5.0,272
0,period,250112,10018,breakout,breakout,9,3.0,272
0,period,250112,10018,breakout,breakout,10,1.0,272
0,period,250112,10018,breakout,space_invaders,1,1.0,385
0,period,250112,10018,breakout,space_invaders,2,2.0,385
0,period,250112,10018,breakout,space_invaders,3,1.0,385
0,period,250112,10018,breakout,space_invaders,4,2.0,385
0,period,250112,10018,breakout,space_invaders,5,4.0,385
0,period,250112,10018,breakout,space_invaders,6,2.0,385
0,period,250112,10018,breakout,space_invaders,7,2.0,385
0,period,250112,10018,breakout,space_invaders,8,1.0,385
0,period,250112,10018,breakout,space_invaders,9,3.0,385
0,period,250112,10018,breakout,space_invaders,10,3.0,385
0,period,250112,10018,breakout,freeway,1,1.0,25000
0,period,250112,10018,breakout,freeway,2,0.0,25000
0,period,250112,10018,breakout,freeway,3,0.0,25000
0,period,250112,10018,breakout,freeway,4,0.0,25000
0,period,250112,10018,breakout,freeway,5,0.0,25000
0,period,250112,10018,breakout,freeway,6,0.0,25000
0,period,250112,10018,breakout,freeway,7,0.0,25000
0,period,250112,10018,breakout,freeway,8,0.0,25000
0,period,250112,10018,breakout,freeway,9,0.0,25000
0,period,250112,10018,breakout,freeway,10,0.0,25000
0,period,275200,10625,breakout,breakout,1,2.0,496
0,period,275200,10625,breakout,breakout,2,5.0,496
0,period,275200,10625,breakout,breakout,3,3.0,496
0,period,275200,10625,breakout,breakout,4,5.0,496
0,period,275200,10625,breakout,breakout,5,6.0,496
0,period,275200,10625,breakout,breakout,6,5.0,496
0,period,275200,10625,breakout,breakout,7,6.0,496
0,period,275200,10625,breakout,breakout,8,2.0,496
0,period,275200,10625,breakout,breakout,9,6.0,496
0,period,275200,10625,breakout,breakout,10,1.0,496
0,period,275200,10625,breakout,space_invaders,1,3.0,248
0,period,275200,10625,breakout,space_invaders,2,2.0,248
0,period,275200,10625,breakout,space_invaders,3,2.0,248
0,period,275200,10625,breakout,space_invaders,4,1.0,248
0,period,275200,10625,breakout,space_invaders,5,1.0,248
0,period,275200,10625,breakout,space_invaders,6,2.0,248
0,period,275200,10625,breakout,space_invaders,7,4.0,248
0,period,275200,10625,breakout,space_invaders,8,3.0,248
0,period,275200,10625,breakout,space_invaders,9,3.0,248
0,period,275200,10625,breakout,space_invaders,10,3.0,248
0,period,275200,10625,breakout,freeway,1,0.0,25000
0,period,275200,10625,breakout,freeway,2,0.0,25000
0,period,275200,10625,breakout,freeway,3,0.0,25000
0,period,275200,10625,breakout,freeway,4,0.0,25000
0,period,275200,10625,breakout,freeway,5,0.0,25000
0,period,275200,10625,breakout,freeway,6,0.0,25000
0,period,275200,10625,breakout,freeway,7,0.0,25000
0,period,275200,10625,breakout,freeway,8,0.0,25000
0,period,275200,10625,breakout,freeway,9,0.0,25000
0,period,275200,10625,breakout,freeway,10,0.0,25000
0,period,300032,11193,breakout,breakout,1,6.0,488
0,period,300032,11193,breakout,breakout,2,1.0,488
0,period,300032,11193,breakout,breakout,3,6.0,488
0,period,300032,11193,breakout,breakout,4,5.0,488
0,period,300032,11193,breakout,breakout,5,6.0,488
0,period,300032,11193,breakout,breakout,6,1.0,488
0,period,300032,11193,breakout,breakout,7,5.0,488
0,period,300032,11193,breakout,breakout,8,6.0,488
0,period,300032,11193,breakout,breakout,9,3.0,488
0,period,300032,11193,breakout,breakout,10,1.0,488
0,period,300032,11193,breakout,space_invaders,1,0.0,211
0,period,300032,11193,breakout,space_invaders,2,2.0,211
0,period,300032,11193,breakout,space_invaders,3,1.0,211
0,period,300032,11193,breakout,space_invaders,4,2.0,211
0,period,300032,11193,breakout,space_invaders,5,1.0,211
0,period,300032,11193,breakout,space_invaders,6,2.0,211
0,period,300032,11193,breakout,space_invaders,7,2.0,211
0,period,300032,11193,breakout,space_invaders,8,2.0,211
0,period,300032,11193,breakout,space_invaders,9,3.0,211
0,period,300032,11193,breakout,space_invaders,10,1.0,211
0,period,300032,11193,breakout,freeway,1,0.0,25000
0,period,300032,11193,breakout,freeway,2,0.0,25000
0,period,300032,11193,breakout,freeway,3,0.0,25000
0,period,300032,11193,breakout,freeway,4,0.0,25000
0,period,300032,11193,breakout,freeway,5,1.0,25000
0,period,300032,11193,breakout,freeway,6,0.0,25000
0,period,300032,11193,breakout,freeway,7,0.0,25000
0,period,300032,11193,breakout,freeway,8,0.0,25000
0,period,300032,11193,breakout,freeway,9,0.0,25000
0,period,300032,11193,breakout,freeway,10,0.0,25000
0,period,325120,11760,breakout,breakout,1,5.0,522
0,period,325120,11760,breakout,breakout,2,6.0,522
0,period,325120,11760,breakout,breakout,3,6.0,522
0,period,325120,11760,breakout,breakout,4,1.0,522
0,period,325120,11760,breakout,breakout,5,5.0,522
0,period,325120,11760,breakout,breakout,6,1.0,522
0,period,325120,11760,breakout,breakout,7,3.0,522
0,period,325120,11760,breakout,breakout,8,6.0,522
0,period,325120,11760,breakout,breakout,9,6.0,522
0,period,325120,11760,breakout,breakout,10,4.0,522
0,period,325120,11760,breakout,space_invaders,1,3.0,253
0,period,325120,11760,breakout,space_invaders,2,0.0,253
0,period,325120,11760,breakout,space_invaders,3,1.0,253
0,period,325120,11760,breakout,space_invaders,4,2.0,253
0,period,325120,11760,breakout,space_invaders,5,4.0,253
0,period,325120,11760,breakout,space_invaders,6,0.0,253
0,period,325120,11760,breakout,space_invaders,7,6.0,253
0,period,325120,11760,breakout,space_invaders,8,1.0,253
0,period,325120,11760,breakout,space_invaders,9,0.0,253
0,period,325120,11760,breakout,space_invaders,10,2.0,253
0,period,325120,11760,breakout,freeway,1,0.0,25000
0,period,325120,11760,breakout,freeway,2,0.0,25000
0,period,325120,11760,breakout,freeway,3,0.0,25000
0,period,325120,11760,breakout,freeway,4,0.0,25000
0,period,325120,11760,breakout,freeway,5,0.0,25000
0,period,325120,11760,breakout,freeway,6,0.0,25000
0,period,325120,11760,breakout,freeway,7,0.0,25000
0,period,325120,11760,breakout,freeway,8,0.0,25000
0,period,325120,11760,breakout,freeway,9,0.0,25000
0,period,325120,11760,breakout,freeway,10,0.0,25000
0,period,350208,12260,breakout,breakout,1,3.0,468
0,period,350208,12260,breakout,breakout,2,2.0,468
0,period,350208,12260,breakout,breakout,3,1.0,468
0,period,350208,12260,breakout,breakout,4,5.0,468
0,period,350208,12260,breakout,breakout,5,2.0,468
0,period,350208,12260,breakout,breakout,6,5.0,468
0,period,350208,12260,breakout,breakout,7,6.0,468
0,period,350208,12260,breakout,breakout,8,3.0,468
0,period,350208,12260,breakout,breakout,9,5.0,468
0,period,350208,12260,breakout,breakout,10,6.0,468
0,period,350208,12260,breakout,space_invaders,1,1.0,234
0,period,350208,12260,breakout,space_invaders,2,2.0,234
0,period,350208,12260,breakout,space_invaders,3,2.0,234
0,period,350208,12260,breakout,space_invaders,4,1.0,234
0,period,350208,12260,breakout,space_invaders,5,1.0,234
0,period,350208,12260,breakout,space_invaders,6,1.0,234
0,period,350208,12260,breakout,space_invaders,7,0.0,234
0,period,350208,12260,breakout,space_invaders,8,0.0,234
0,period,350208,12260,breakout,space_invaders,9,2.0,234
0,period,350208,12260,breakout,space_invaders,10,4.0,234
0,period,350208,12260,breakout,freeway,1,0.0,25000
0,period,350208,12260,breakout,freeway,2,0.0,25000
0,period,350208,12260,breakout,freeway,3,0.0,25000
0,period,350208,12260,breakout,freeway,4,0.0,25000
0,period,350208,12260,breakout,freeway,5,0.0,25000
0,period,350208,12260,breakout,freeway,6,0.0,25000
0,period,350208,12260,breakout,freeway,7,0.0,25000
0,period,350208,12260,breakout,freeway,8,0.0,25000
0,period,350208,12260,breakout,freeway,9,0.0,25000
0,period,350208,12260,breakout,freeway,10,0.0,25000
0,period,375040,12759,breakout,breakout,1,6.0,500
0,period,375040,12759,breakout,breakout,2,3.0,500
0,period,375040,12759,breakout,breakout,3,6.0,500
0,period,375040,12759,breakout,breakout,4,3.0,500
0,period,375040,12759,breakout,breakout,5,5.0,500
0,period,375040,12759,breakout,breakout,6,1.0,500
0,period,375040,12759,breakout,breakout,7,3.0,500
0,period,375040,12759,breakout,breakout,8,6.0,500
0,period,375040,12759,breakout,breakout,9,6.0,500
0,period,375040,12759,breakout,breakout,10,2.0,500
0,period,375040,12759,breakout,space_invaders,1,2.0,192
0,period,375040,12759,breakout,space_invaders,2,0.0,192
0,period,375040,12759,breakout,space_invaders,3,0.0,192
0,period,375040,12759,breakout,space_invaders,4,1.0,192
0,period,375040,12759,breakout,space_invaders,5,1.0,192
0,period,375040,12759,breakout,space_invaders,6,0.0,192
0,period,375040,12759,breakout,space_invaders,7,1.0,192
0,period,375040,12759,breakout,space_invaders,8,0.0,192
0,period,375040,12759,breakout,space_invaders,9,0.0,192
0,period,375040,12759,breakout,space_invaders,10,3.0,192
0,period,375040,12759,breakout,freeway,1,0.0,25000
0,period,375040,12759,breakout,freeway,2,0.0,25000
0,period,375040,12759,breakout,freeway,3,0.0,25000
0,period,375040,12759,breakout,freeway,4,0.0,25000
0,period,375040,12759,breakout,freeway,5,0.0,25000
0,period,375040,12759,breakout,freeway,6,0.0,25000
0,period,375040,12759,breakout,freeway,7,0.0,25000
0,period,375040,12759,breakout,freeway,8,0.0,25000
0,period,375040,12759,breakout,freeway,9,0.0,25000
0,period,375040,12759,breakout,freeway,10,0.0,25000
0,period,400128,13282,breakout,breakout,1,5.0,306
0,period,400128,13282,breakout,breakout,2,1.0,306
0,period,400128,13282,breakout,breakout,3,1.0,306
0,period,400128,13282,breakout,breakout,4,2.0,306
0,period,400128,13282,breakout,breakout,5,5.0,306
0,period,400128,13282,breakout,breakout,6,1.0,306
0,period,400128,13282,breakout,breakout,7,1.0,306
0,period,400128,13282,breakout,breakout,8,1.0,306
0,period,400128,13282,breakout,breakout,9,1.0,306
0,period,400128,13282,breakout,breakout,10,5.0,306
0,period,400128,13282,breakout,space_invaders,1,2.0,284
0,period,400128,13282,breakout,space_invaders,2,1.0,284
0,period,400128,13282,breakout,space_invaders,3,3.0,284
0,period,400128,13282,breakout,space_invaders,4,8.0,284
0,period,400128,13282,breakout,space_invaders,5,1.0,284
0,period,400128,13282,breakout,space_invaders,6,2.0,284
0,period,400128,13282,breakout,space_invaders,7,1.0,284
0,period,400128,13282,breakout,space_invaders,8,2.0,284
0,period,400128,13282,breakout,space_invaders,9,3.0,284
0,period,400128,13282,breakout,space_invaders,10,0.0,284
0,period,400128,13282,breakout,freeway,1,0.0,25000
0,period,400128,13282,breakout,freeway,2,0.0,25000
0,period,400128,13282,breakout,freeway,3,0.0,25000
0,period,400128,13282,breakout,freeway,4,0.0,25000
0,period,400128,13282,breakout,freeway,5,0.0,25000
0,period,400128,13282,breakout,freeway,6,0.0,25000
0,period,400128,13282,breakout,freeway,7,1.0,25000
0,period,400128,13282,breakout,freeway,8,0.0,25000
0,period,400128,13282,breakout,freeway,9,0.0,25000
0,period,400128,13282,breakout,freeway,10,0.0,25000
0,period,425216,13861,breakout,breakout,1,2.0,420
0,period,425216,13861,breakout,breakout,2,4.0,420
0,period,425216,13861,breakout,breakout,3,2.0,420
0,period,425216,13861,breakout,breakout,4,5.0,420
0,period,425216,13861,breakout,breakout,5,3.0,420
0,period,425216,13861,breakout,breakout,6,5.0,420
0,period,425216,13861,breakout,breakout,7,6.0,420
0,period,425216,13861,breakout,breakout,8,2.0,420
0,period,425216,13861,breakout,breakout,9,2.0,420
0,period,425216,13861,breakout,breakout,10,3.0,420
0,period,425216,13861,breakout,space_invaders,1,0.0,253
0,period,425216,13861,breakout,space_invaders,2,2.0,253
0,period,425216,13861,breakout,space_invaders,3,1.0,253
0,period,425216,13861,breakout,space_invaders,4,1.0,253
0,period,425216,13861,breakout,space_invaders,5,2.0,253
0,period,425216,13861,breakout,space_invaders,6,1.0,253
0,period,425216,13861,breakout,space_invaders,7,1.0,253
0,period,425216,13861,breakout,space_invaders,8,8.0,253
0,period,425216,13861,breakout,space_invaders,9,3.0,253
0,period,425216,13861,breakout,space_invaders,10,2.0,253
0,period,425216,13861,breakout,freeway,1,0.0,25000
0,period,425216,13861,breakout,freeway,2,0.0,25000
0,period,425216,13861,breakout,freeway,3,0.0,25000
0,period,425216,13861,breakout,freeway,4,0.0,25000
0,period,425216,13861,breakout,freeway,5,0.0,25000
0,period,425216,13861,breakout,freeway,6,0.0,25000
0,period,425216,13861,breakout,freeway,7,0.0,25000
0,period,425216,13861,breakout,freeway,8,0.0,25000
0,period,425216,13861,breakout,freeway,9,0.0,25000
0,period,425216,13861,breakout,freeway,10,0.0,25000
0,period,450048,14330,breakout,breakout,1,5.0,546
0,period,450048,14330,breakout,breakout,2,5.0,546
0,period,450048,14330,breakout,breakout,3,6.0,546
0,period,450048,14330,breakout,breakout,4,3.0,546
0,period,450048,14330,breakout,breakout,5,5.0,546
0,period,450048,14330,breakout,breakout,6,5.0,546
0,period,450048,14330,breakout,breakout,7,5.0,546
0,period,450048,14330,breakout,breakout,8,5.0,546
0,period,450048,14330,breakout,breakout,9,1.0,546
0,period,450048,14330,breakout,breakout,10,5.0,546
0,period,450048,14330,breakout,space_invaders,1,1.0,303
0,period,450048,14330,breakout,space_invaders,2,3.0,303
0,period,450048,14330,breakout,space_invaders,3,1.0,303
0,period,450048,14330,breakout,space_invaders,4,4.0,303
0,period,450048,14330,breakout,space_invaders,5,2.0,303
0,period,450048,14330,breakout,space_invaders,6,2.0,303
0,period,450048,14330,breakout,space_invaders,7,2.0,303
0,period,450048,14330,breakout,space_invaders,8,1.0,303
0,period,450048,14330,breakout,space_invaders,9,1.0,303
0,period,450048,14330,breakout,space_invaders,10,2.0,303
0,period,450048,14330,breakout,freeway,1,0.0,25000
0,period,450048,14330,breakout,freeway,2,0.0,25000
0,period,450048,14330,breakout,freeway,3,0.0,25000
0,period,450048,14330,breakout,freeway,4,0.0,25000
0,period,450048,14330,breakout,freeway,5,0.0,25000
0,period,450048,14330,breakout,freeway,6,0.0,25000
0,period,450048,14330,breakout,freeway,7,0.0,25000
0,period,450048,14330,breakout,freeway,8,1.0,25000
0,period,450048,14330,breakout,freeway,9,1.0,25000
0,period,450048,14330,breakout,freeway,10,0.0,25000
0,period,475136,14807,breakout,breakout,1,5.0,490
0,period,475136,14807,breakout,breakout,2,5.0,490
0,period,475136,14807,breakout,breakout,3,1.0,490
0,period,475136,14807,breakout,breakout,4,3.0,490
0,period,475136,14807,breakout,breakout,5,5.0,490
0,period,475136,14807,breakout,breakout,6,6.0,490
0,period,475136,14807,breakout,breakout,7,1.0,490
0,period,475136,14807,breakout,breakout,8,5.0,490
0,period,475136,14807,breakout,breakout,9,6.0,490
0,period,475136,14807,breakout,breakout,10,3.0,490
0,period,475136,14807,breakout,space_invaders,1,1.0,190
0,period,475136,14807,breakout,space_invaders,2,1.0,190
0,period,475136,14807,breakout,space_invaders,3,1.0,190
0,period,475136,14807,breakout,space_invaders,4,2.0,190
0,period,475136,14807,breakout,space_invaders,5,1.0,190
0,period,475136,14807,breakout,space_invaders,6,0.0,190
0,period,475136,14807,breakout,space_invaders,7,1.0,190
0,period,475136,14807,breakout,space_invaders,8,2.0,190
0,period,475136,14807,breakout,space_invaders,9,1.0,190
0,period,475136,14807,breakout,space_invaders,10,3.0,190
0,period,475136,14807,breakout,freeway,1,0.0,25000
0,period,475136,14807,breakout,freeway,2,0.0,25000
0,period,475136,14807,breakout,freeway,3,0.0,25000
0,period,475136,14807,breakout,freeway,4,0.0,25000
0,period,475136,14807,breakout,freeway,5,1.0,25000
0,period,475136,14807,breakout,freeway,6,0.0,25000
0,period,475136,14807,breakout,freeway,7,0.0,25000
0,period,475136,14807,breakout,freeway,8,0.0,25000
0,period,475136,14807,breakout,freeway,9,0.0,25000
0,period,475136,14807,breakout,freeway,10,0.0,25000
1,boundary,999936,21220,space_invaders,breakout,1,6.0,576
1,boundary,999936,21220,space_invaders,breakout,2,5.0,576
1,boundary,999936,21220,space_invaders,breakout,3,2.0,576
1,boundary,999936,21220,space_invaders,breakout,4,2.0,576
1,boundary,999936,21220,space_invaders,breakout,5,6.0,576
1,boundary,999936,21220,space_invaders,breakout,6,5.0,576
1,boundary,999936,21220,space_invaders,breakout,7,6.0,576
1,boundary,999936,21220,space_invaders,breakout,8,5.0,576
1,boundary,999936,21220,space_invaders,breakout,9,5.0,576
1,boundary,999936,21220,space_invaders,breakout,10,6.0,576
1,boundary,999936,21220,space_invaders,space_invaders,1,16.0,1246
1,boundary,999936,21220,space_invaders,space_invaders,2,17.0,1246
1,boundary,999936,21220,space_invaders,space_invaders,3,23.0,1246
1,boundary,999936,21220,space_invaders,space_invaders,4,22.0,1246
1,boundary,999936,21220,space_invaders,space_invaders,5,12.0,1246
1,boundary,999936,21220,space_invaders,space_invaders,6,18.0,1246
1,boundary,999936,21220,space_invaders,space_invaders,7,12.0,1246
1,boundary,999936,21220,space_invaders,space_invaders,8,16.0,1246
1,boundary,999936,21220,space_invaders,space_invaders,9,12.0,1246
1,boundary,999936,21220,space_invaders,space_invaders,10,18.0,1246
1,boundary,999936,21220,space_invaders,freeway,1,0.0,25000
1,boundary,999936,21220,space_invaders,freeway,2,0.0,25000
1,boundary,999936,21220,space_invaders,freeway,3,0.0,25000
1,boundary,999936,21220,space_invaders,freeway,4,0.0,25000
1,boundary,999936,21220,space_invaders,freeway,5,0.0,25000
1,boundary,999936,21220,space_invaders,freeway,6,0.0,25000
1,boundary,999936,21220,space_invaders,freeway,7,0.0,25000
1,boundary,999936,21220,space_invaders,freeway,8,0.0,25000
1,boundary,999936,21220,space_invaders,freeway,9,0.0,25000
1,boundary,999936,21220,space_invaders,freeway,10,0.0,25000
1,period,500224,15276,space_invaders,breakout,1,6.0,590
1,period,500224,15276,space_invaders,breakout,2,3.0,590
1,period,500224,15276,space_invaders,breakout,3,5.0,590
1,period,500224,15276,space_invaders,breakout,4,6.0,590
1,period,500224,15276,space_invaders,breakout,5,5.0,590
1,period,500224,15276,space_invaders,breakout,6,6.0,590
1,period,500224,15276,space_invaders,breakout,7,1.0,590
1,period,500224,15276,space_invaders,breakout,8,6.0,590
1,period,500224,15276,space_invaders,breakout,9,6.0,590
1,period,500224,15276,space_invaders,breakout,10,5.0,590
1,period,500224,15276,space_invaders,space_invaders,1,0.0,311
1,period,500224,15276,space_invaders,space_invaders,2,1.0,311
1,period,500224,15276,space_invaders,space_invaders,3,1.0,311
1,period,500224,15276,space_invaders,space_invaders,4,3.0,311
1,period,500224,15276,space_invaders,space_invaders,5,1.0,311
1,period,500224,15276,space_invaders,space_invaders,6,2.0,311
1,period,500224,15276,space_invaders,space_invaders,7,3.0,311
1,period,500224,15276,space_invaders,space_invaders,8,1.0,311
1,period,500224,15276,space_invaders,space_invaders,9,3.0,311
1,period,500224,15276,space_invaders,space_invaders,10,2.0,311
1,period,500224,15276,space_invaders,freeway,1,0.0,25000
1,period,500224,15276,space_invaders,freeway,2,0.0,25000
1,period,500224,15276,space_invaders,freeway,3,0.0,25000
1,period,500224,15276,space_invaders,freeway,4,0.0,25000
1,period,500224,15276,space_invaders,freeway,5,2.0,25000
1,period,500224,15276,space_invaders,freeway,6,3.0,25000
1,period,500224,15276,space_invaders,freeway,7,0.0,25000
1,period,500224,15276,space_invaders,freeway,8,0.0,25000
1,period,500224,15276,space_invaders,freeway,9,0.0,25000
1,period,500224,15276,space_invaders,freeway,10,1.0,25000
1,period,525056,15997,space_invaders,breakout,1,6.0,576
1,period,525056,15997,space_invaders,breakout,2,2.0,576
1,period,525056,15997,space_invaders,breakout,3,5.0,576
1,period,525056,15997,space_invaders,breakout,4,5.0,576
1,period,525056,15997,space_invaders,breakout,5,5.0,576
1,period,525056,15997,space_invaders,breakout,6,3.0,576
1,period,525056,15997,space_invaders,breakout,7,5.0,576
1,period,525056,15997,space_invaders,breakout,8,6.0,576
1,period,525056,15997,space_invaders,breakout,9,5.0,576
1,period,525056,15997,space_invaders,breakout,10,6.0,576
1,period,525056,15997,space_invaders,space_invaders,1,7.0,505
1,period,525056,15997,space_invaders,space_invaders,2,7.0,505
1,period,525056,15997,space_invaders,space_invaders,3,4.0,505
1,period,525056,15997,space_invaders,space_invaders,4,6.0,505
1,period,525056,15997,space_invaders,space_invaders,5,6.0,505
1,period,525056,15997,space_invaders,space_invaders,6,12.0,505
1,period,525056,15997,space_invaders,space_invaders,7,8.0,505
1,period,525056,15997,space_invaders,space_invaders,8,7.0,505
1,period,525056,15997,space_invaders,space_invaders,9,7.0,505
1,period,525056,15997,space_invaders,space_invaders,10,7.0,505
1,period,525056,15997,space_invaders,freeway,1,0.0,25000
1,period,525056,15997,space_invaders,freeway,2,0.0,25000
1,period,525056,15997,space_invaders,freeway,3,0.0,25000
1,period,525056,15997,space_invaders,freeway,4,0.0,25000
1,period,525056,15997,space_invaders,freeway,5,0.0,25000
1,period,525056,15997,space_invaders,freeway,6,0.0,25000
1,period,525056,15997,space_invaders,freeway,7,0.0,25000
1,period,525056,15997,space_invaders,freeway,8,0.0,25000
1,period,525056,15997,space_invaders,freeway,9,0.0,25000
1,period,525056,15997,space_invaders,freeway,10,0.0,25000
1,period,550144,16528,space_invaders,breakout,1,1.0,476
1,period,550144,16528,space_invaders,breakout,2,1.0,476
1,period,550144,16528,space_invaders,breakout,3,5.0,476
1,period,550144,16528,space_invaders,breakout,4,6.0,476
1,period,550144,16528,space_invaders,breakout,5,4.0,476
1,period,550144,16528,space_invaders,breakout,6,5.0,476
1,period,550144,16528,space_invaders,breakout,7,5.0,476
1,period,550144,16528,space_invaders,breakout,8,6.0,476
1,period,550144,16528,space_invaders,breakout,9,4.0,476
1,period,550144,16528,space_invaders,breakout,10,2.0,476
1,period,550144,16528,space_invaders,space_invaders,1,10.0,547
1,period,550144,16528,space_invaders,space_invaders,2,10.0,547
1,period,550144,16528,space_invaders,space_invaders,3,6.0,547
1,period,550144,16528,space_invaders,space_invaders,4,4.0,547
1,period,550144,16528,space_invaders,space_invaders,5,5.0,547
1,period,550144,16528,space_invaders,space_invaders,6,9.0,547
1,period,550144,16528,space_invaders,space_invaders,7,8.0,547
1,period,550144,16528,space_invaders,space_invaders,8,4.0,547
1,period,550144,16528,space_invaders,space_invaders,9,8.0,547
1,period,550144,16528,space_invaders,space_invaders,10,4.0,547
1,period,550144,16528,space_invaders,freeway,1,0.0,25000
1,period,550144,16528,space_invaders,freeway,2,1.0,25000
1,period,550144,16528,space_invaders,freeway,3,0.0,25000
1,period,550144,16528,space_invaders,freeway,4,0.0,25000
1,period,550144,16528,space_invaders,freeway,5,0.0,25000
1,period,550144,16528,space_invaders,freeway,6,0.0,25000
1,period,550144,16528,space_invaders,freeway,7,0.0,25000
1,period,550144,16528,space_invaders,freeway,8,0.0,25000
1,period,550144,16528,space_invaders,freeway,9,0.0,25000
1,period,550144,16528,space_invaders,freeway,10,0.0,25000
1,period,575232,16850,space_invaders,breakout,1,5.0,500
1,period,575232,16850,space_invaders,breakout,2,3.0,500
1,period,575232,16850,space_invaders,breakout,3,3.0,500
1,period,575232,16850,space_invaders,breakout,4,3.0,500
1,period,575232,16850,space_invaders,breakout,5,6.0,500
1,period,575232,16850,space_invaders,breakout,6,5.0,500
1,period,575232,16850,space_invaders,breakout,7,6.0,500
1,period,575232,16850,space_invaders,breakout,8,6.0,500
1,period,575232,16850,space_invaders,breakout,9,1.0,500
1,period,575232,16850,space_invaders,breakout,10,3.0,500
1,period,575232,16850,space_invaders,space_invaders,1,11.0,769
1,period,575232,16850,space_invaders,space_invaders,2,16.0,769
1,period,575232,16850,space_invaders,space_invaders,3,9.0,769
1,period,575232,16850,space_invaders,space_invaders,4,6.0,769
1,period,575232,16850,space_invaders,space_invaders,5,13.0,769
1,period,575232,16850,space_invaders,space_invaders,6,7.0,769
1,period,575232,16850,space_invaders,space_invaders,7,7.0,769
1,period,575232,16850,space_invaders,space_invaders,8,5.0,769
1,period,575232,16850,space_invaders,space_invaders,9,3.0,769
1,period,575232,16850,space_invaders,space_invaders,10,11.0,769
1,period,575232,16850,space_invaders,freeway,1,0.0,25000
1,period,575232,16850,space_invaders,freeway,2,0.0,25000
1,period,575232,16850,space_invaders,freeway,3,0.0,25000
1,period,575232,16850,space_invaders,freeway,4,0.0,25000
1,period,575232,16850,space_invaders,freeway,5,0.0,25000
1,period,575232,16850,space_invaders,freeway,6,0.0,25000
1,period,575232,16850,space_invaders,freeway,7,1.0,25000
1,period,575232,16850,space_invaders,freeway,8,0.0,25000
1,period,575232,16850,space_invaders,freeway,9,0.0,25000
1,period,575232,16850,space_invaders,freeway,10,0.0,25000
1,period,600064,17186,space_invaders,breakout,1,5.0,552
1,period,600064,17186,space_invaders,breakout,2,1.0,552
1,period,600064,17186,space_invaders,breakout,3,6.0,552
1,period,600064,17186,space_invaders,breakout,4,6.0,552
1,period,600064,17186,space_invaders,breakout,5,6.0,552
1,period,600064,17186,space_invaders,breakout,6,5.0,552
1,period,600064,17186,space_invaders,breakout,7,2.0,552
1,period,600064,17186,space_invaders,breakout,8,5.0,552
1,period,600064,17186,space_invaders,breakout,9,5.0,552
1,period,600064,17186,space_invaders,breakout,10,5.0,552
1,period,600064,17186,space_invaders,space_invaders,1,10.0,1231
1,period,600064,17186,space_invaders,space_invaders,2,17.0,1231
1,period,600064,17186,space_invaders,space_invaders,3,12.0,1231
1,period,600064,17186,space_invaders,space_invaders,4,7.0,1231
1,period,600064,17186,space_invaders,space_invaders,5,9.0,1231
1,period,600064,17186,space_invaders,space_invaders,6,15.0,1231
1,period,600064,17186,space_invaders,space_invaders,7,12.0,1231
1,period,600064,17186,space_invaders,space_invaders,8,9.0,1231
1,period,600064,17186,space_invaders,space_invaders,9,19.0,1231
1,period,600064,17186,space_invaders,space_invaders,10,7.0,1231
1,period,600064,17186,space_invaders,freeway,1,0.0,25000
1,period,600064,17186,space_invaders,freeway,2,1.0,25000
1,period,600064,17186,space_invaders,freeway,3,0.0,25000
1,period,600064,17186,space_invaders,freeway,4,0.0,25000
1,period,600064,17186,space_invaders,freeway,5,0.0,25000
1,period,600064,17186,space_invaders,freeway,6,0.0,25000
1,period,600064,17186,space_invaders,freeway,7,0.0,25000
1,period,600064,17186,space_invaders,freeway,8,0.0,25000
1,period,600064,17186,space_invaders,freeway,9,0.0,25000
1,period,600064,17186,space_invaders,freeway,10,0.0,25000
1,period,625152,17451,space_invaders,breakout,1,5.0,454
1,period,625152,17451,space_invaders,breakout,2,2.0,454
1,period,625152,17451,space_invaders,breakout,3,3.0,454
1,period,625152,17451,space_invaders,breakout,4,3.0,454
1,period,625152,17451,space_invaders,breakout,5,1.0,454
1,period,625152,17451,space_invaders,breakout,6,5.0,454
1,period,625152,17451,space_invaders,breakout,7,5.0,454
1,period,625152,17451,space_invaders,breakout,8,1.0,454
1,period,625152,17451,space_invaders,breakout,9,6.0,454
1,period,625152,17451,space_invaders,breakout,10,6.0,454
1,period,625152,17451,space_invaders,space_invaders,1,9.0,749
1,period,625152,17451,space_invaders,space_invaders,2,20.0,749
1,period,625152,17451,space_invaders,space_invaders,3,18.0,749
1,period,625152,17451,space_invaders,space_invaders,4,6.0,749
1,period,625152,17451,space_invaders,space_invaders,5,12.0,749
1,period,625152,17451,space_invaders,space_invaders,6,10.0,749
1,period,625152,17451,space_invaders,space_invaders,7,9.0,749
1,period,625152,17451,space_invaders,space_invaders,8,5.0,749
1,period,625152,17451,space_invaders,space_invaders,9,7.0,749
1,period,625152,17451,space_invaders,space_invaders,10,7.0,749
1,period,625152,17451,space_invaders,freeway,1,0.0,25000
1,period,625152,17451,space_invaders,freeway,2,0.0,25000
1,period,625152,17451,space_invaders,freeway,3,0.0,25000
1,period,625152,17451,space_invaders,freeway,4,0.0,25000
1,period,625152,17451,space_invaders,freeway,5,0.0,25000
1,period,625152,17451,space_invaders,freeway,6,0.0,25000
1,period,625152,17451,space_invaders,freeway,7,0.0,25000
1,period,625152,17451,space_invaders,freeway,8,0.0,25000
1,period,625152,17451,space_invaders,freeway,9,0.0,25000
1,period,625152,17451,space_invaders,freeway,10,0.0,25000
1,period,650240,17777,space_invaders,breakout,1,6.0,516
1,period,650240,17777,space_invaders,breakout,2,2.0,516
1,period,650240,17777,space_invaders,breakout,3,6.0,516
1,period,650240,17777,space_invaders,breakout,4,3.0,516
1,period,650240,17777,space_invaders,breakout,5,3.0,516
1,period,650240,17777,space_invaders,breakout,6,4.0,516
1,period,650240,17777,space_invaders,breakout,7,3.0,516
1,period,650240,17777,space_invaders,breakout,8,4.0,516
1,period,650240,17777,space_invaders,breakout,9,6.0,516
1,period,650240,17777,space_invaders,breakout,10,6.0,516
1,period,650240,17777,space_invaders,space_invaders,1,14.0,841
1,period,650240,17777,space_invaders,space_invaders,2,11.0,841
1,period,650240,17777,space_invaders,space_invaders,3,13.0,841
1,period,650240,17777,space_invaders,space_invaders,4,6.0,841
1,period,650240,17777,space_invaders,space_invaders,5,13.0,841
1,period,650240,17777,space_invaders,space_invaders,6,13.0,841
1,period,650240,17777,space_invaders,space_invaders,7,12.0,841
1,period,650240,17777,space_invaders,space_invaders,8,5.0,841
1,period,650240,17777,space_invaders,space_invaders,9,8.0,841
1,period,650240,17777,space_invaders,space_invaders,10,10.0,841
1,period,650240,17777,space_invaders,freeway,1,0.0,25000
1,period,650240,17777,space_invaders,freeway,2,0.0,25000
1,period,650240,17777,space_invaders,freeway,3,0.0,25000
1,period,650240,17777,space_invaders,freeway,4,0.0,25000
1,period,650240,17777,space_invaders,freeway,5,0.0,25000
1,period,650240,17777,space_invaders,freeway,6,0.0,25000
1,period,650240,17777,space_invaders,freeway,7,0.0,25000
1,period,650240,17777,space_invaders,freeway,8,0.0,25000
1,period,650240,17777,space_invaders,freeway,9,0.0,25000
1,period,650240,17777,space_invaders,freeway,10,0.0,25000
1,period,675072,18032,space_invaders,breakout,1,4.0,560
1,period,675072,18032,space_invaders,breakout,2,6.0,560
1,period,675072,18032,space_invaders,breakout,3,6.0,560
1,period,675072,18032,space_invaders,breakout,4,6.0,560
1,period,675072,18032,space_invaders,breakout,5,4.0,560
1,period,675072,18032,space_invaders,breakout,6,3.0,560
1,period,675072,18032,space_invaders,breakout,7,3.0,560
1,period,675072,18032,space_invaders,breakout,8,6.0,560
1,period,675072,18032,space_invaders,breakout,9,3.0,560
1,period,675072,18032,space_invaders,breakout,10,6.0,560
1,period,675072,18032,space_invaders,space_invaders,1,14.0,1208
1,period,675072,18032,space_invaders,space_invaders,2,17.0,1208
1,period,675072,18032,space_invaders,space_invaders,3,7.0,1208
1,period,675072,18032,space_invaders,space_invaders,4,11.0,1208
1,period,675072,18032,space_invaders,space_invaders,5,16.0,1208
1,period,675072,18032,space_invaders,space_invaders,6,12.0,1208
1,period,675072,18032,space_invaders,space_invaders,7,9.0,1208
1,period,675072,18032,space_invaders,space_invaders,8,13.0,1208
1,period,675072,18032,space_invaders,space_invaders,9,18.0,1208
1,period,675072,18032,space_invaders,space_invaders,10,22.0,1208
1,period,675072,18032,space_invaders,freeway,1,0.0,25000
1,period,675072,18032,space_invaders,freeway,2,0.0,25000
1,period,675072,18032,space_invaders,freeway,3,0.0,25000
1,period,675072,18032,space_invaders,freeway,4,0.0,25000
1,period,675072,18032,space_invaders,freeway,5,0.0,25000
1,period,675072,18032,space_invaders,freeway,6,0.0,25000
1,period,675072,18032,space_invaders,freeway,7,0.0,25000
1,period,675072,18032,space_invaders,freeway,8,0.0,25000
1,period,675072,18032,space_invaders,freeway,9,0.0,25000
1,period,675072,18032,space_invaders,freeway,10,0.0,25000
1,period,700160,18333,space_invaders,breakout,1,1.0,608
1,period,700160,18333,space_invaders,breakout,2,6.0,608
1,period,700160,18333,space_invaders,breakout,3,5.0,608
1,period,700160,18333,space_invaders,breakout,4,5.0,608
1,period,700160,18333,space_invaders,breakout,5,6.0,608
1,period,700160,18333,space_invaders,breakout,6,6.0,608
1,period,700160,18333,space_invaders,breakout,7,5.0,608
1,period,700160,18333,space_invaders,breakout,8,6.0,608
1,period,700160,18333,space_invaders,breakout,9,5.0,608
1,period,700160,18333,space_invaders,breakout,10,6.0,608
1,period,700160,18333,space_invaders,space_invaders,1,9.0,685
1,period,700160,18333,space_invaders,space_invaders,2,17.0,685
1,period,700160,18333,space_invaders,space_invaders,3,10.0,685
1,period,700160,18333,space_invaders,space_invaders,4,11.0,685
1,period,700160,18333,space_invaders,space_invaders,5,8.0,685
1,period,700160,18333,space_invaders,space_invaders,6,8.0,685
1,period,700160,18333,space_invaders,space_invaders,7,11.0,685
1,period,700160,18333,space_invaders,space_invaders,8,15.0,685
1,period,700160,18333,space_invaders,space_invaders,9,12.0,685
1,period,700160,18333,space_invaders,space_invaders,10,10.0,685
1,period,700160,18333,space_invaders,freeway,1,0.0,25000
1,period,700160,18333,space_invaders,freeway,2,0.0,25000
1,period,700160,18333,space_invaders,freeway,3,0.0,25000
1,period,700160,18333,space_invaders,freeway,4,0.0,25000
1,period,700160,18333,space_invaders,freeway,5,0.0,25000
1,period,700160,18333,space_invaders,freeway,6,0.0,25000
1,period,700160,18333,space_invaders,freeway,7,0.0,25000
1,period,700160,18333,space_invaders,freeway,8,0.0,25000
1,period,700160,18333,space_invaders,freeway,9,0.0,25000
1,period,700160,18333,space_invaders,freeway,10,0.0,25000
1,period,725248,18614,space_invaders,breakout,1,5.0,588
1,period,725248,18614,space_invaders,breakout,2,3.0,588
1,period,725248,18614,space_invaders,breakout,3,3.0,588
1,period,725248,18614,space_invaders,breakout,4,5.0,588
1,period,725248,18614,space_invaders,breakout,5,6.0,588
1,period,725248,18614,space_invaders,breakout,6,5.0,588
1,period,725248,18614,space_invaders,breakout,7,6.0,588
1,period,725248,18614,space_invaders,breakout,8,6.0,588
1,period,725248,18614,space_invaders,breakout,9,5.0,588
1,period,725248,18614,space_invaders,breakout,10,5.0,588
1,period,725248,18614,space_invaders,space_invaders,1,12.0,860
1,period,725248,18614,space_invaders,space_invaders,2,11.0,860
1,period,725248,18614,space_invaders,space_invaders,3,19.0,860
1,period,725248,18614,space_invaders,space_invaders,4,9.0,860
1,period,725248,18614,space_invaders,space_invaders,5,13.0,860
1,period,725248,18614,space_invaders,space_invaders,6,12.0,860
1,period,725248,18614,space_invaders,space_invaders,7,14.0,860
1,period,725248,18614,space_invaders,space_invaders,8,12.0,860
1,period,725248,18614,space_invaders,space_invaders,9,9.0,860
1,period,725248,18614,space_invaders,space_invaders,10,13.0,860
1,period,725248,18614,space_invaders,freeway,1,0.0,25000
1,period,725248,18614,space_invaders,freeway,2,0.0,25000
1,period,725248,18614,space_invaders,freeway,3,0.0,25000
1,period,725248,18614,space_invaders,freeway,4,0.0,25000
1,period,725248,18614,space_invaders,freeway,5,0.0,25000
1,period,725248,18614,space_invaders,freeway,6,0.0,25000
1,period,725248,18614,space_invaders,freeway,7,1.0,25000
1,period,725248,18614,space_invaders,freeway,8,0.0,25000
1,period,725248,18614,space_invaders,freeway,9,0.0,25000
1,period,725248,18614,space_invaders,freeway,10,0.0,25000
1,period,750080,18872,space_invaders,breakout,1,1.0,498
1,period,750080,18872,space_invaders,breakout,2,3.0,498
1,period,750080,18872,space_invaders,breakout,3,1.0,498
1,period,750080,18872,space_invaders,breakout,4,4.0,498
1,period,750080,18872,space_invaders,breakout,5,6.0,498
1,period,750080,18872,space_invaders,breakout,6,3.0,498
1,period,750080,18872,space_invaders,breakout,7,6.0,498
1,period,750080,18872,space_invaders,breakout,8,5.0,498
1,period,750080,18872,space_invaders,breakout,9,6.0,498
1,period,750080,18872,space_invaders,breakout,10,6.0,498
1,period,750080,18872,space_invaders,space_invaders,1,7.0,1095
1,period,750080,18872,space_invaders,space_invaders,2,23.0,1095
1,period,750080,18872,space_invaders,space_invaders,3,20.0,1095
1,period,750080,18872,space_invaders,space_invaders,4,15.0,1095
1,period,750080,18872,space_invaders,space_invaders,5,12.0,1095
1,period,750080,18872,space_invaders,space_invaders,6,11.0,1095
1,period,750080,18872,space_invaders,space_invaders,7,18.0,1095
1,period,750080,18872,space_invaders,space_invaders,8,9.0,1095
1,period,750080,18872,space_invaders,space_invaders,9,22.0,1095
1,period,750080,18872,space_invaders,space_invaders,10,8.0,1095
1,period,750080,18872,space_invaders,freeway,1,0.0,25000
1,period,750080,18872,space_invaders,freeway,2,0.0,25000
1,period,750080,18872,space_invaders,freeway,3,0.0,25000
1,period,750080,18872,space_invaders,freeway,4,0.0,25000
1,period,750080,18872,space_invaders,freeway,5,0.0,25000
1,period,750080,18872,space_invaders,freeway,6,0.0,25000
1,period,750080,18872,space_invaders,freeway,7,0.0,25000
1,period,750080,18872,space_invaders,freeway,8,0.0,25000
1,period,750080,18872,space_invaders,freeway,9,0.0,25000
1,period,750080,18872,space_invaders,freeway,10,0.0,25000
1,period,775168,19156,space_invaders,breakout,1,6.0,466
1,period,775168,19156,space_invaders,breakout,2,5.0,466
1,period,775168,19156,space_invaders,breakout,3,1.0,466
1,period,775168,19156,space_invaders,breakout,4,1.0,466
1,period,775168,19156,space_invaders,breakout,5,1.0,466
1,period,775168,19156,space_invaders,breakout,6,5.0,466
1,period,775168,19156,space_invaders,breakout,7,5.0,466
1,period,775168,19156,space_invaders,breakout,8,5.0,466
1,period,775168,19156,space_invaders,breakout,9,5.0,466
1,period,775168,19156,space_invaders,breakout,10,4.0,466
1,period,775168,19156,space_invaders,space_invaders,1,14.0,1189
1,period,775168,19156,space_invaders,space_invaders,2,21.0,1189
1,period,775168,19156,space_invaders,space_invaders,3,19.0,1189
1,period,775168,19156,space_invaders,space_invaders,4,14.0,1189
1,period,775168,19156,space_invaders,space_invaders,5,13.0,1189
1,period,775168,19156,space_invaders,space_invaders,6,16.0,1189
1,period,775168,19156,space_invaders,space_invaders,7,8.0,1189
1,period,775168,19156,space_invaders,space_invaders,8,17.0,1189
1,period,775168,19156,space_invaders,space_invaders,9,7.0,1189
1,period,775168,19156,space_invaders,space_invaders,10,11.0,1189
1,period,775168,19156,space_invaders,freeway,1,0.0,25000
1,period,775168,19156,space_invaders,freeway,2,0.0,25000
1,period,775168,19156,space_invaders,freeway,3,0.0,25000
1,period,775168,19156,space_invaders,freeway,4,0.0,25000
1,period,775168,19156,space_invaders,freeway,5,0.0,25000
1,period,775168,19156,space_invaders,freeway,6,0.0,25000
1,period,775168,19156,space_invaders,freeway,7,0.0,25000
1,period,775168,19156,space_invaders,freeway,8,0.0,25000
1,period,775168,19156,space_invaders,freeway,9,0.0,25000
1,period,775168,19156,space_invaders,freeway,10,0.0,25000
1,period,800000,19405,space_invaders,breakout,1,6.0,652
1,period,800000,19405,space_invaders,breakout,2,5.0,652
1,period,800000,19405,space_invaders,breakout,3,4.0,652
1,period,800000,19405,space_invaders,breakout,4,6.0,652
1,period,800000,19405,space_invaders,breakout,5,6.0,652
1,period,800000,19405,space_invaders,breakout,6,5.0,652
1,period,800000,19405,space_invaders,breakout,7,6.0,652
1,period,800000,19405,space_invaders,breakout,8,5.0,652
1,period,800000,19405,space_invaders,breakout,9,6.0,652
1,period,800000,19405,space_invaders,breakout,10,6.0,652
1,period,800000,19405,space_invaders,space_invaders,1,7.0,763
1,period,800000,19405,space_invaders,space_invaders,2,15.0,763
1,period,800000,19405,space_invaders,space_invaders,3,15.0,763
1,period,800000,19405,space_invaders,space_invaders,4,19.0,763
1,period,800000,19405,space_invaders,space_invaders,5,8.0,763
1,period,800000,19405,space_invaders,space_invaders,6,13.0,763
1,period,800000,19405,space_invaders,space_invaders,7,10.0,763
1,period,800000,19405,space_invaders,space_invaders,8,11.0,763
1,period,800000,19405,space_invaders,space_invaders,9,8.0,763
1,period,800000,19405,space_invaders,space_invaders,10,13.0,763
1,period,800000,19405,space_invaders,freeway,1,0.0,25000
1,period,800000,19405,space_invaders,freeway,2,0.0,25000
1,period,800000,19405,space_invaders,freeway,3,0.0,25000
1,period,800000,19405,space_invaders,freeway,4,0.0,25000
1,period,800000,19405,space_invaders,freeway,5,0.0,25000
1,period,800000,19405,space_invaders,freeway,6,0.0,25000
1,period,800000,19405,space_invaders,freeway,7,0.0,25000
1,period,800000,19405,space_invaders,freeway,8,0.0,25000
1,period,800000,19405,space_invaders,freeway,9,0.0,25000
1,period,800000,19405,space_invaders,freeway,10,0.0,25000
1,period,825088,19678,space_invaders,breakout,1,1.0,586
1,period,825088,19678,space_invaders,breakout,2,5.0,586
1,period,825088,19678,space_invaders,breakout,3,6.0,586
1,period,825088,19678,space_invaders,breakout,4,6.0,586
1,period,825088,19678,space_invaders,breakout,5,5.0,586
1,period,825088,19678,space_invaders,breakout,6,6.0,586
1,period,825088,19678,space_invaders,breakout,7,5.0,586
1,period,825088,19678,space_invaders,breakout,8,5.0,586
1,period,825088,19678,space_invaders,breakout,9,5.0,586
1,period,825088,19678,space_invaders,breakout,10,5.0,586
1,period,825088,19678,space_invaders,space_invaders,1,18.0,795
1,period,825088,19678,space_invaders,space_invaders,2,4.0,795
1,period,825088,19678,space_invaders,space_invaders,3,4.0,795
1,period,825088,19678,space_invaders,space_invaders,4,3.0,795
1,period,825088,19678,space_invaders,space_invaders,5,12.0,795
1,period,825088,19678,space_invaders,space_invaders,6,17.0,795
1,period,825088,19678,space_invaders,space_invaders,7,17.0,795
1,period,825088,19678,space_invaders,space_invaders,8,10.0,795
1,period,825088,19678,space_invaders,space_invaders,9,13.0,795
1,period,825088,19678,space_invaders,space_invaders,10,13.0,795
1,period,825088,19678,space_invaders,freeway,1,0.0,25000
1,period,825088,19678,space_invaders,freeway,2,0.0,25000
1,period,825088,19678,space_invaders,freeway,3,0.0,25000
1,period,825088,19678,space_invaders,freeway,4,0.0,25000
1,period,825088,19678,space_invaders,freeway,5,0.0,25000
1,period,825088,19678,space_invaders,freeway,6,0.0,25000
1,period,825088,19678,space_invaders,freeway,7,0.0,25000
1,period,825088,19678,space_invaders,freeway,8,0.0,25000
1,period,825088,19678,space_invaders,freeway,9,0.0,25000
1,period,825088,19678,space_invaders,freeway,10,0.0,25000
1,period,850176,19910,space_invaders,breakout,1,6.0,618
1,period,850176,19910,space_invaders,breakout,2,6.0,618
1,period,850176,19910,space_invaders,breakout,3,6.0,618
1,period,850176,19910,space_invaders,breakout,4,5.0,618
1,period,850176,19910,space_invaders,breakout,5,6.0,618
1,period,850176,19910,space_invaders,breakout,6,5.0,618
1,period,850176,19910,space_invaders,breakout,7,2.0,618
1,period,850176,19910,space_invaders,breakout,8,6.0,618
1,period,850176,19910,space_invaders,breakout,9,5.0,618
1,period,850176,19910,space_invaders,breakout,10,5.0,618
1,period,850176,19910,space_invaders,space_invaders,1,14.0,1140
1,period,850176,19910,space_invaders,space_invaders,2,14.0,1140
1,period,850176,19910,space_invaders,space_invaders,3,20.0,1140
1,period,850176,19910,space_invaders,space_invaders,4,15.0,1140
1,period,850176,19910,space_invaders,space_invaders,5,13.0,1140
1,period,850176,19910,space_invaders,space_invaders,6,15.0,1140
1,period,850176,19910,space_invaders,space_invaders,7,17.0,1140
1,period,850176,19910,space_invaders,space_invaders,8,15.0,1140
1,period,850176,19910,space_invaders,space_invaders,9,22.0,1140
1,period,850176,19910,space_invaders,space_invaders,10,11.0,1140
1,period,850176,19910,space_invaders,freeway,1,0.0,25000
1,period,850176,19910,space_invaders,freeway,2,0.0,25000
1,period,850176,19910,space_invaders,freeway,3,0.0,25000
1,period,850176,19910,space_invaders,freeway,4,0.0,25000
1,period,850176,19910,space_invaders,freeway,5,0.0,25000
1,period,850176,19910,space_invaders,freeway,6,0.0,25000
1,period,850176,19910,space_invaders,freeway,7,0.0,25000
1,period,850176,19910,space_invaders,freeway,8,0.0,25000
1,period,850176,19910,space_invaders,freeway,9,0.0,25000
1,period,850176,19910,space_invaders,freeway,10,0.0,25000
1,period,875008,20139,space_invaders,breakout,1,2.0,452
1,period,875008,20139,space_invaders,breakout,2,2.0,452
1,period,875008,20139,space_invaders,breakout,3,5.0,452
1,period,875008,20139,space_invaders,breakout,4,6.0,452
1,period,875008,20139,space_invaders,breakout,5,6.0,452
1,period,875008,20139,space_invaders,breakout,6,1.0,452
1,period,875008,20139,space_invaders,breakout,7,3.0,452
1,period,875008,20139,space_invaders,breakout,8,3.0,452
1,period,875008,20139,space_invaders,breakout,9,6.0,452
1,period,875008,20139,space_invaders,breakout,10,3.0,452
1,period,875008,20139,space_invaders,space_invaders,1,15.0,1056
1,period,875008,20139,space_invaders,space_invaders,2,12.0,1056
1,period,875008,20139,space_invaders,space_invaders,3,14.0,1056
1,period,875008,20139,space_invaders,space_invaders,4,13.0,1056
1,period,875008,20139,space_invaders,space_invaders,5,18.0,1056
1,period,875008,20139,space_invaders,space_invaders,6,15.0,1056
1,period,875008,20139,space_invaders,space_invaders,7,15.0,1056
1,period,875008,20139,space_invaders,space_invaders,8,23.0,1056
1,period,875008,20139,space_invaders,space_invaders,9,15.0,1056
1,period,875008,20139,space_invaders,space_invaders,10,16.0,1056
1,period,875008,20139,space_invaders,freeway,1,0.0,25000
1,period,875008,20139,space_invaders,freeway,2,0.0,25000
1,period,875008,20139,space_invaders,freeway,3,0.0,25000
1,period,875008,20139,space_invaders,freeway,4,0.0,25000
1,period,875008,20139,space_invaders,freeway,5,0.0,25000
1,period,875008,20139,space_invaders,freeway,6,0.0,25000
1,period,875008,20139,space_invaders,freeway,7,0.0,25000
1,period,875008,20139,space_invaders,freeway,8,0.0,25000
1,period,875008,20139,space_invaders,freeway,9,0.0,25000
1,period,875008,20139,space_invaders,freeway,10,0.0,25000
1,period,900096,20369,space_invaders,breakout,1,3.0,316
1,period,900096,20369,space_invaders,breakout,2,6.0,316
1,period,900096,20369,space_invaders,breakout,3,0.0,316
1,period,900096,20369,space_invaders,breakout,4,2.0,316
1,period,900096,20369,space_invaders,breakout,5,2.0,316
1,period,900096,20369,space_invaders,breakout,6,3.0,316
1,period,900096,20369,space_invaders,breakout,7,3.0,316
1,period,900096,20369,space_invaders,breakout,8,2.0,316
1,period,900096,20369,space_invaders,breakout,9,3.0,316
1,period,900096,20369,space_invaders,breakout,10,0.0,316
1,period,900096,20369,space_invaders,space_invaders,1,15.0,965
1,period,900096,20369,space_invaders,space_invaders,2,16.0,965
1,period,900096,20369,space_invaders,space_invaders,3,12.0,965
1,period,900096,20369,space_invaders,space_invaders,4,15.0,965
1,period,900096,20369,space_invaders,space_invaders,5,11.0,965
1,period,900096,20369,space_invaders,space_invaders,6,17.0,965
1,period,900096,20369,space_invaders,space_invaders,7,12.0,965
1,period,900096,20369,space_invaders,space_invaders,8,14.0,965
1,period,900096,20369,space_invaders,space_invaders,9,14.0,965
1,period,900096,20369,space_invaders,space_invaders,10,9.0,965
1,period,900096,20369,space_invaders,freeway,1,0.0,25000
1,period,900096,20369,space_invaders,freeway,2,0.0,25000
1,period,900096,20369,space_invaders,freeway,3,0.0,25000
1,period,900096,20369,space_invaders,freeway,4,0.0,25000
1,period,900096,20369,space_invaders,freeway,5,0.0,25000
1,period,900096,20369,space_invaders,freeway,6,0.0,25000
1,period,900096,20369,space_invaders,freeway,7,0.0,25000
1,period,900096,20369,space_invaders,freeway,8,0.0,25000
1,period,900096,20369,space_invaders,freeway,9,0.0,25000
1,period,900096,20369,space_invaders,freeway,10,0.0,25000
1,period,925184,20597,space_invaders,breakout,1,6.0,522
1,period,925184,20597,space_invaders,breakout,2,5.0,522
1,period,925184,20597,space_invaders,breakout,3,4.0,522
1,period,925184,20597,space_invaders,breakout,4,4.0,522
1,period,925184,20597,space_invaders,breakout,5,2.0,522
1,period,925184,20597,space_invaders,breakout,6,1.0,522
1,period,925184,20597,space_invaders,breakout,7,6.0,522
1,period,925184,20597,space_invaders,breakout,8,4.0,522
1,period,925184,20597,space_invaders,breakout,9,5.0,522
1,period,925184,20597,space_invaders,breakout,10,6.0,522
1,period,925184,20597,space_invaders,space_invaders,1,23.0,1238
1,period,925184,20597,space_invaders,space_invaders,2,14.0,1238
1,period,925184,20597,space_invaders,space_invaders,3,12.0,1238
1,period,925184,20597,space_invaders,space_invaders,4,16.0,1238
1,period,925184,20597,space_invaders,space_invaders,5,16.0,1238
1,period,925184,20597,space_invaders,space_invaders,6,22.0,1238
1,period,925184,20597,space_invaders,space_invaders,7,10.0,1238
1,period,925184,20597,space_invaders,space_invaders,8,13.0,1238
1,period,925184,20597,space_invaders,space_invaders,9,25.0,1238
1,period,925184,20597,space_invaders,space_invaders,10,15.0,1238
1,period,925184,20597,space_invaders,freeway,1,0.0,25000
1,period,925184,20597,space_invaders,freeway,2,0.0,25000
1,period,925184,20597,space_invaders,freeway,3,0.0,25000
1,period,925184,20597,space_invaders,freeway,4,0.0,25000
1,period,925184,20597,space_invaders,freeway,5,0.0,25000
1,period,925184,20597,space_invaders,freeway,6,0.0,25000
1,period,925184,20597,space_invaders,freeway,7,0.0,25000
1,period,925184,20597,space_invaders,freeway,8,0.0,25000
1,period,925184,20597,space_invaders,freeway,9,0.0,25000
1,period,925184,20597,space_invaders,freeway,10,0.0,25000
1,period,950016,20799,space_invaders,breakout,1,3.0,424
1,period,950016,20799,space_invaders,breakout,2,6.0,424
1,period,950016,20799,space_invaders,breakout,3,3.0,424
1,period,950016,20799,space_invaders,breakout,4,5.0,424
1,period,950016,20799,space_invaders,breakout,5,5.0,424
1,period,950016,20799,space_invaders,breakout,6,2.0,424
1,period,950016,20799,space_invaders,breakout,7,5.0,424
1,period,950016,20799,space_invaders,breakout,8,3.0,424
1,period,950016,20799,space_invaders,breakout,9,1.0,424
1,period,950016,20799,space_invaders,breakout,10,1.0,424
1,period,950016,20799,space_invaders,space_invaders,1,13.0,1241
1,period,950016,20799,space_invaders,space_invaders,2,11.0,1241
1,period,950016,20799,space_invaders,space_invaders,3,46.0,1241
1,period,950016,20799,space_invaders,space_invaders,4,12.0,1241
1,period,950016,20799,space_invaders,space_invaders,5,11.0,1241
1,period,950016,20799,space_invaders,space_invaders,6,22.0,1241
1,period,950016,20799,space_invaders,space_invaders,7,13.0,1241
1,period,950016,20799,space_invaders,space_invaders,8,23.0,1241
1,period,950016,20799,space_invaders,space_invaders,9,16.0,1241
1,period,950016,20799,space_invaders,space_invaders,10,16.0,1241
1,period,950016,20799,space_invaders,freeway,1,0.0,25000
1,period,950016,20799,space_invaders,freeway,2,0.0,25000
1,period,950016,20799,space_invaders,freeway,3,0.0,25000
1,period,950016,20799,space_invaders,freeway,4,0.0,25000
1,period,950016,20799,space_invaders,freeway,5,0.0,25000
1,period,950016,20799,space_invaders,freeway,6,0.0,25000
1,period,950016,20799,space_invaders,freeway,7,0.0,25000
1,period,950016,20799,space_invaders,freeway,8,0.0,25000
1,period,950016,20799,space_invaders,freeway,9,0.0,25000
1,period,950016,20799,space_invaders,freeway,10,0.0,25000
1,period,975104,21010,space_invaders,breakout,1,6.0,554
1,period,975104,21010,space_invaders,breakout,2,6.0,554
1,period,975104,21010,space_invaders,breakout,3,6.0,554
1,period,975104,21010,space_invaders,breakout,4,2.0,554
1,period,975104,21010,space_invaders,breakout,5,6.0,554
1,period,975104,21010,space_invaders,breakout,6,5.0,554
1,period,975104,21010,space_invaders,breakout,7,5.0,554
1,period,975104,21010,space_invaders,breakout,8,5.0,554
1,period,975104,21010,space_invaders,breakout,9,3.0,554
1,period,975104,21010,space_invaders,breakout,10,2.0,554
1,period,975104,21010,space_invaders,space_invaders,1,17.0,1118
1,period,975104,21010,space_invaders,space_invaders,2,4.0,1118
1,period,975104,21010,space_invaders,space_invaders,3,15.0,1118
1,period,975104,21010,space_invaders,space_invaders,4,4.0,1118
1,period,975104,21010,space_invaders,space_invaders,5,23.0,1118
1,period,975104,21010,space_invaders,space_invaders,6,15.0,1118
1,period,975104,21010,space_invaders,space_invaders,7,15.0,1118
1,period,975104,21010,space_invaders,space_invaders,8,14.0,1118
1,period,975104,21010,space_invaders,space_invaders,9,18.0,1118
1,period,975104,21010,space_invaders,space_invaders,10,19.0,1118
1,period,975104,21010,space_invaders,freeway,1,0.0,25000
1,period,975104,21010,space_invaders,freeway,2,0.0,25000
1,period,975104,21010,space_invaders,freeway,3,0.0,25000
1,period,975104,21010,space_invaders,freeway,4,0.0,25000
1,period,975104,21010,space_invaders,freeway,5,0.0,25000
1,period,975104,21010,space_invaders,freeway,6,0.0,25000
1,period,975104,21010,space_invaders,freeway,7,0.0,25000
1,period,975104,21010,space_invaders,freeway,8,0.0,25000
1,period,975104,21010,space_invaders,freeway,9,0.0,25000
1,period,975104,21010,space_invaders,freeway,10,0.0,25000
2,boundary,1499904,21412,freeway,breakout,1,2.0,344
2,boundary,1499904,21412,freeway,breakout,2,3.0,344
2,boundary,1499904,21412,freeway,breakout,3,3.0,344
2,boundary,1499904,21412,freeway,breakout,4,2.0,344
2,boundary,1499904,21412,freeway,breakout,5,3.0,344
2,boundary,1499904,21412,freeway,breakout,6,3.0,344
2,boundary,1499904,21412,freeway,breakout,7,3.0,344
2,boundary,1499904,21412,freeway,breakout,8,3.0,344
2,boundary,1499904,21412,freeway,breakout,9,2.0,344
2,boundary,1499904,21412,freeway,breakout,10,3.0,344
2,boundary,1499904,21412,freeway,space_invaders,1,5.0,1343
2,boundary,1499904,21412,freeway,space_invaders,2,22.0,1343
2,boundary,1499904,21412,freeway,space_invaders,3,16.0,1343
2,boundary,1499904,21412,freeway,space_invaders,4,15.0,1343
2,boundary,1499904,21412,freeway,space_invaders,5,16.0,1343
2,boundary,1499904,21412,freeway,space_invaders,6,31.0,1343
2,boundary,1499904,21412,freeway,space_invaders,7,19.0,1343
2,boundary,1499904,21412,freeway,space_invaders,8,22.0,1343
2,boundary,1499904,21412,freeway,space_invaders,9,7.0,1343
2,boundary,1499904,21412,freeway,space_invaders,10,19.0,1343
2,boundary,1499904,21412,freeway,freeway,1,0.0,25000
2,boundary,1499904,21412,freeway,freeway,2,0.0,25000
2,boundary,1499904,21412,freeway,freeway,3,0.0,25000
2,boundary,1499904,21412,freeway,freeway,4,0.0,25000
2,boundary,1499904,21412,freeway,freeway,5,0.0,25000
2,boundary,1499904,21412,freeway,freeway,6,0.0,25000
2,boundary,1499904,21412,freeway,freeway,7,0.0,25000
2,boundary,1499904,21412,freeway,freeway,8,0.0,25000
2,boundary,1499904,21412,freeway,freeway,9,0.0,25000
2,boundary,1499904,21412,freeway,freeway,10,0.0,25000
2,period,1000192,21220,freeway,breakout,1,5.0,556
2,period,1000192,21220,freeway,breakout,2,6.0,556
2,period,1000192,21220,freeway,breakout,3,5.0,556
2,period,1000192,21220,freeway,breakout,4,6.0,556
2,period,1000192,21220,freeway,breakout,5,3.0,556
2,period,1000192,21220,freeway,breakout,6,2.0,556
2,period,1000192,21220,freeway,breakout,7,5.0,556
2,period,1000192,21220,freeway,breakout,8,2.0,556
2,period,1000192,21220,freeway,breakout,9,6.0,556
2,period,1000192,21220,freeway,breakout,10,6.0,556
2,period,1000192,21220,freeway,space_invaders,1,20.0,1029
2,period,1000192,21220,freeway,space_invaders,2,20.0,1029
2,period,1000192,21220,freeway,space_invaders,3,16.0,1029
2,period,1000192,21220,freeway,space_invaders,4,14.0,1029
2,period,1000192,21220,freeway,space_invaders,5,15.0,1029
2,period,1000192,21220,freeway,space_invaders,6,10.0,1029
2,period,1000192,21220,freeway,space_invaders,7,15.0,1029
2,period,1000192,21220,freeway,space_invaders,8,20.0,1029
2,period,1000192,21220,freeway,space_invaders,9,16.0,1029
2,period,1000192,21220,freeway,space_invaders,10,15.0,1029
2,period,1000192,21220,freeway,freeway,1,0.0,25000
2,period,1000192,21220,freeway,freeway,2,0.0,25000
2,period,1000192,21220,freeway,freeway,3,0.0,25000
2,period,1000192,21220,freeway,freeway,4,0.0,25000
2,period,1000192,21220,freeway,freeway,5,0.0,25000
2,period,1000192,21220,freeway,freeway,6,0.0,25000
2,period,1000192,21220,freeway,freeway,7,0.0,25000
2,period,1000192,21220,freeway,freeway,8,0.0,25000
2,period,1000192,21220,freeway,freeway,9,0.0,25000
2,period,1000192,21220,freeway,freeway,10,0.0,25000
2,period,1025024,21220,freeway,breakout,1,3.0,552
2,period,1025024,21220,freeway,breakout,2,6.0,552
2,period,1025024,21220,freeway,breakout,3,6.0,552
2,period,1025024,21220,freeway,breakout,4,4.0,552
2,period,1025024,21220,freeway,breakout,5,5.0,552
2,period,1025024,21220,freeway,breakout,6,1.0,552
2,period,1025024,21220,freeway,breakout,7,5.0,552
2,period,1025024,21220,freeway,breakout,8,6.0,552
2,period,1025024,21220,freeway,breakout,9,5.0,552
2,period,1025024,21220,freeway,breakout,10,5.0,552
2,period,1025024,21220,freeway,space_invaders,1,23.0,1090
2,period,1025024,21220,freeway,space_invaders,2,23.0,1090
2,period,1025024,21220,freeway,space_invaders,3,17.0,1090
2,period,1025024,21220,freeway,space_invaders,4,13.0,1090
2,period,1025024,21220,freeway,space_invaders,5,11.0,1090
2,period,1025024,21220,freeway,space_invaders,6,14.0,1090
2,period,1025024,21220,freeway,space_invaders,7,14.0,1090
2,period,1025024,21220,freeway,space_invaders,8,15.0,1090
2,period,1025024,21220,freeway,space_invaders,9,16.0,1090
2,period,1025024,21220,freeway,space_invaders,10,13.0,1090
2,period,1025024,21220,freeway,freeway,1,0.0,25000
2,period,1025024,21220,freeway,freeway,2,0.0,25000
2,period,1025024,21220,freeway,freeway,3,0.0,25000
2,period,1025024,21220,freeway,freeway,4,0.0,25000
2,period,1025024,21220,freeway,freeway,5,0.0,25000
2,period,1025024,21220,freeway,freeway,6,0.0,25000
2,period,1025024,21220,freeway,freeway,7,0.0,25000
2,period,1025024,21220,freeway,freeway,8,0.0,25000
2,period,1025024,21220,freeway,freeway,9,0.0,25000
2,period,1025024,21220,freeway,freeway,10,0.0,25000
2,period,1050112,21236,freeway,breakout,1,3.0,500
2,period,1050112,21236,freeway,breakout,2,6.0,500
2,period,1050112,21236,freeway,breakout,3,6.0,500
2,period,1050112,21236,freeway,breakout,4,4.0,500
2,period,1050112,21236,freeway,breakout,5,3.0,500
2,period,1050112,21236,freeway,breakout,6,2.0,500
2,period,1050112,21236,freeway,breakout,7,4.0,500
2,period,1050112,21236,freeway,breakout,8,6.0,500
2,period,1050112,21236,freeway,breakout,9,5.0,500
2,period,1050112,21236,freeway,breakout,10,2.0,500
2,period,1050112,21236,freeway,space_invaders,1,16.0,1062
2,period,1050112,21236,freeway,space_invaders,2,14.0,1062
2,period,1050112,21236,freeway,space_invaders,3,16.0,1062
2,period,1050112,21236,freeway,space_invaders,4,15.0,1062
2,period,1050112,21236,freeway,space_invaders,5,9.0,1062
2,period,1050112,21236,freeway,space_invaders,6,13.0,1062
2,period,1050112,21236,freeway,space_invaders,7,19.0,1062
2,period,1050112,21236,freeway,space_invaders,8,23.0,1062
2,period,1050112,21236,freeway,space_invaders,9,14.0,1062
2,period,1050112,21236,freeway,space_invaders,10,16.0,1062
2,period,1050112,21236,freeway,freeway,1,0.0,25000
2,period,1050112,21236,freeway,freeway,2,0.0,25000
2,period,1050112,21236,freeway,freeway,3,0.0,25000
2,period,1050112,21236,freeway,freeway,4,0.0,25000
2,period,1050112,21236,freeway,freeway,5,0.0,25000
2,period,1050112,21236,freeway,freeway,6,0.0,25000
2,period,1050112,21236,freeway,freeway,7,0.0,25000
2,period,1050112,21236,freeway,freeway,8,0.0,25000
2,period,1050112,21236,freeway,freeway,9,0.0,25000
2,period,1050112,21236,freeway,freeway,10,0.0,25000
2,period,1075200,21236,freeway,breakout,1,3.0,402
2,period,1075200,21236,freeway,breakout,2,2.0,402
2,period,1075200,21236,freeway,breakout,3,5.0,402
2,period,1075200,21236,freeway,breakout,4,4.0,402
2,period,1075200,21236,freeway,breakout,5,3.0,402
2,period,1075200,21236,freeway,breakout,6,1.0,402
2,period,1075200,21236,freeway,breakout,7,3.0,402
2,period,1075200,21236,freeway,breakout,8,3.0,402
2,period,1075200,21236,freeway,breakout,9,5.0,402
2,period,1075200,21236,freeway,breakout,10,3.0,402
2,period,1075200,21236,freeway,space_invaders,1,14.0,1014
2,period,1075200,21236,freeway,space_invaders,2,16.0,1014
2,period,1075200,21236,freeway,space_invaders,3,15.0,1014
2,period,1075200,21236,freeway,space_invaders,4,11.0,1014
2,period,1075200,21236,freeway,space_invaders,5,15.0,1014
2,period,1075200,21236,freeway,space_invaders,6,20.0,1014
2,period,1075200,21236,freeway,space_invaders,7,19.0,1014
2,period,1075200,21236,freeway,space_invaders,8,14.0,1014
2,period,1075200,21236,freeway,space_invaders,9,15.0,1014
2,period,1075200,21236,freeway,space_invaders,10,11.0,1014
2,period,1075200,21236,freeway,freeway,1,0.0,25000
2,period,1075200,21236,freeway,freeway,2,0.0,25000
2,period,1075200,21236,freeway,freeway,3,0.0,25000
2,period,1075200,21236,freeway,freeway,4,0.0,25000
2,period,1075200,21236,freeway,freeway,5,0.0,25000
2,period,1075200,21236,freeway,freeway,6,0.0,25000
2,period,1075200,21236,freeway,freeway,7,0.0,25000
2,period,1075200,21236,freeway,freeway,8,0.0,25000
2,period,1075200,21236,freeway,freeway,9,0.0,25000
2,period,1075200,21236,freeway,freeway,10,0.0,25000
2,period,1100032,21252,freeway,breakout,1,2.0,336
2,period,1100032,21252,freeway,breakout,2,2.0,336
2,period,1100032,21252,freeway,breakout,3,3.0,336
2,period,1100032,21252,freeway,breakout,4,6.0,336
2,period,1100032,21252,freeway,breakout,5,3.0,336
2,period,1100032,21252,freeway,breakout,6,2.0,336
2,period,1100032,21252,freeway,breakout,7,3.0,336
2,period,1100032,21252,freeway,breakout,8,3.0,336
2,period,1100032,21252,freeway,breakout,9,2.0,336
2,period,1100032,21252,freeway,breakout,10,0.0,336
2,period,1100032,21252,freeway,space_invaders,1,17.0,887
2,period,1100032,21252,freeway,space_invaders,2,15.0,887
2,period,1100032,21252,freeway,space_invaders,3,9.0,887
2,period,1100032,21252,freeway,space_invaders,4,8.0,887
2,period,1100032,21252,freeway,space_invaders,5,6.0,887
2,period,1100032,21252,freeway,space_invaders,6,23.0,887
2,period,1100032,21252,freeway,space_invaders,7,12.0,887
2,period,1100032,21252,freeway,space_invaders,8,5.0,887
2,period,1100032,21252,freeway,space_invaders,9,13.0,887
2,period,1100032,21252,freeway,space_invaders,10,5.0,887
2,period,1100032,21252,freeway,freeway,1,0.0,25000
2,period,1100032,21252,freeway,freeway,2,0.0,25000
2,period,1100032,21252,freeway,freeway,3,0.0,25000
2,period,1100032,21252,freeway,freeway,4,0.0,25000
2,period,1100032,21252,freeway,freeway,5,0.0,25000
2,period,1100032,21252,freeway,freeway,6,0.0,25000
2,period,1100032,21252,freeway,freeway,7,0.0,25000
2,period,1100032,21252,freeway,freeway,8,0.0,25000
2,period,1100032,21252,freeway,freeway,9,0.0,25000
2,period,1100032,21252,freeway,freeway,10,0.0,25000
2,period,1125120,21268,freeway,breakout,1,3.0,366
2,period,1125120,21268,freeway,breakout,2,2.0,366
2,period,1125120,21268,freeway,breakout,3,6.0,366
2,period,1125120,21268,freeway,breakout,4,2.0,366
2,period,1125120,21268,freeway,breakout,5,3.0,366
2,period,1125120,21268,freeway,breakout,6,2.0,366
2,period,1125120,21268,freeway,breakout,7,6.0,366
2,period,1125120,21268,freeway,breakout,8,2.0,366
2,period,1125120,21268,freeway,breakout,9,2.0,366
2,period,1125120,21268,freeway,breakout,10,1.0,366
2,period,1125120,21268,freeway,space_invaders,1,10.0,925
2,period,1125120,21268,freeway,space_invaders,2,15.0,925
2,period,1125120,21268,freeway,space_invaders,3,10.0,925
2,period,1125120,21268,freeway,space_invaders,4,11.0,925
2,period,1125120,21268,freeway,space_invaders,5,19.0,925
2,period,1125120,21268,freeway,space_invaders,6,7.0,925
2,period,1125120,21268,freeway,space_invaders,7,9.0,925
2,period,1125120,21268,freeway,space_invaders,8,4.0,925
2,period,1125120,21268,freeway,space_invaders,9,10.0,925
2,period,1125120,21268,freeway,space_invaders,10,6.0,925
2,period,1125120,21268,freeway,freeway,1,0.0,25000
2,period,1125120,21268,freeway,freeway,2,0.0,25000
2,period,1125120,21268,freeway,freeway,3,0.0,25000
2,period,1125120,21268,freeway,freeway,4,0.0,25000
2,period,1125120,21268,freeway,freeway,5,1.0,25000
2,period,1125120,21268,freeway,freeway,6,0.0,25000
2,period,1125120,21268,freeway,freeway,7,0.0,25000
2,period,1125120,21268,freeway,freeway,8,0.0,25000
2,period,1125120,21268,freeway,freeway,9,0.0,25000
2,period,1125120,21268,freeway,freeway,10,0.0,25000
2,period,1150208,21268,freeway,breakout,1,6.0,342
2,period,1150208,21268,freeway,breakout,2,3.0,342
2,period,1150208,21268,freeway,breakout,3,1.0,342
2,period,1150208,21268,freeway,breakout,4,2.0,342
2,period,1150208,21268,freeway,breakout,5,2.0,342
2,period,1150208,21268,freeway,breakout,6,2.0,342
2,period,1150208,21268,freeway,breakout,7,3.0,342
2,period,1150208,21268,freeway,breakout,8,3.0,342
2,period,1150208,21268,freeway,breakout,9,3.0,342
2,period,1150208,21268,freeway,breakout,10,2.0,342
2,period,1150208,21268,freeway,space_invaders,1,12.0,938
2,period,1150208,21268,freeway,space_invaders,2,11.0,938
2,period,1150208,21268,freeway,space_invaders,3,14.0,938
2,period,1150208,21268,freeway,space_invaders,4,5.0,938
2,period,1150208,21268,freeway,space_invaders,5,15.0,938
2,period,1150208,21268,freeway,space_invaders,6,6.0,938
2,period,1150208,21268,freeway,space_invaders,7,15.0,938
2,period,1150208,21268,freeway,space_invaders,8,20.0,938
2,period,1150208,21268,freeway,space_invaders,9,12.0,938
2,period,1150208,21268,freeway,space_invaders,10,12.0,938
2,period,1150208,21268,freeway,freeway,1,0.0,25000
2,period,1150208,21268,freeway,freeway,2,0.0,25000
2,period,1150208,21268,freeway,freeway,3,1.0,25000
2,period,1150208,21268,freeway,freeway,4,0.0,25000
2,period,1150208,21268,freeway,freeway,5,0.0,25000
2,period,1150208,21268,freeway,freeway,6,0.0,25000
2,period,1150208,21268,freeway,freeway,7,1.0,25000
2,period,1150208,21268,freeway,freeway,8,0.0,25000
2,period,1150208,21268,freeway,freeway,9,0.0,25000
2,period,1150208,21268,freeway,freeway,10,0.0,25000
2,period,1175040,21284,freeway,breakout,1,6.0,462
2,period,1175040,21284,freeway,breakout,2,5.0,462
2,period,1175040,21284,freeway,breakout,3,3.0,462
2,period,1175040,21284,freeway,breakout,4,6.0,462
2,period,1175040,21284,freeway,breakout,5,3.0,462
2,period,1175040,21284,freeway,breakout,6,5.0,462
2,period,1175040,21284,freeway,breakout,7,2.0,462
2,period,1175040,21284,freeway,breakout,8,1.0,462
2,period,1175040,21284,freeway,breakout,9,3.0,462
2,period,1175040,21284,freeway,breakout,10,3.0,462
2,period,1175040,21284,freeway,space_invaders,1,16.0,1006
2,period,1175040,21284,freeway,space_invaders,2,17.0,1006
2,period,1175040,21284,freeway,space_invaders,3,14.0,1006
2,period,1175040,21284,freeway,space_invaders,4,16.0,1006
2,period,1175040,21284,freeway,space_invaders,5,11.0,1006
2,period,1175040,21284,freeway,space_invaders,6,15.0,1006
2,period,1175040,21284,freeway,space_invaders,7,14.0,1006
2,period,1175040,21284,freeway,space_invaders,8,18.0,1006
2,period,1175040,21284,freeway,space_invaders,9,20.0,1006
2,period,1175040,21284,freeway,space_invaders,10,14.0,1006
2,period,1175040,21284,freeway,freeway,1,0.0,25000
2,period,1175040,21284,freeway,freeway,2,0.0,25000
2,period,1175040,21284,freeway,freeway,3,0.0,25000
2,period,1175040,21284,freeway,freeway,4,0.0,25000
2,period,1175040,21284,freeway,freeway,5,0.0,25000
2,period,1175040,21284,freeway,freeway,6,0.0,25000
2,period,1175040,21284,freeway,freeway,7,0.0,25000
2,period,1175040,21284,freeway,freeway,8,0.0,25000
2,period,1175040,21284,freeway,freeway,9,0.0,25000
2,period,1175040,21284,freeway,freeway,10,0.0,25000
2,period,1200128,21300,freeway,breakout,1,3.0,486
2,period,1200128,21300,freeway,breakout,2,3.0,486
2,period,1200128,21300,freeway,breakout,3,5.0,486
2,period,1200128,21300,freeway,breakout,4,5.0,486
2,period,1200128,21300,freeway,breakout,5,5.0,486
2,period,1200128,21300,freeway,breakout,6,5.0,486
2,period,1200128,21300,freeway,breakout,7,5.0,486
2,period,1200128,21300,freeway,breakout,8,2.0,486
2,period,1200128,21300,freeway,breakout,9,3.0,486
2,period,1200128,21300,freeway,breakout,10,3.0,486
2,period,1200128,21300,freeway,space_invaders,1,11.0,828
2,period,1200128,21300,freeway,space_invaders,2,12.0,828
2,period,1200128,21300,freeway,space_invaders,3,5.0,828
2,period,1200128,21300,freeway,space_invaders,4,7.0,828
2,period,1200128,21300,freeway,space_invaders,5,13.0,828
2,period,1200128,21300,freeway,space_invaders,6,15.0,828
2,period,1200128,21300,freeway,space_invaders,7,13.0,828
2,period,1200128,21300,freeway,space_invaders,8,7.0,828
2,period,1200128,21300,freeway,space_invaders,9,12.0,828
2,period,1200128,21300,freeway,space_invaders,10,15.0,828
2,period,1200128,21300,freeway,freeway,1,0.0,25000
2,period,1200128,21300,freeway,freeway,2,1.0,25000
2,period,1200128,21300,freeway,freeway,3,0.0,25000
2,period,1200128,21300,freeway,freeway,4,0.0,25000
2,period,1200128,21300,freeway,freeway,5,0.0,25000
2,period,1200128,21300,freeway,freeway,6,0.0,25000
2,period,1200128,21300,freeway,freeway,7,0.0,25000
2,period,1200128,21300,freeway,freeway,8,0.0,25000
2,period,1200128,21300,freeway,freeway,9,0.0,25000
2,period,1200128,21300,freeway,freeway,10,0.0,25000
2,period,1225216,21300,freeway,breakout,1,6.0,530
2,period,1225216,21300,freeway,breakout,2,6.0,530
2,period,1225216,21300,freeway,breakout,3,5.0,530
2,period,1225216,21300,freeway,breakout,4,6.0,530
2,period,1225216,21300,freeway,breakout,5,4.0,530
2,period,1225216,21300,freeway,breakout,6,5.0,530
2,period,1225216,21300,freeway,breakout,7,6.0,530
2,period,1225216,21300,freeway,breakout,8,2.0,530
2,period,1225216,21300,freeway,breakout,9,2.0,530
2,period,1225216,21300,freeway,breakout,10,2.0,530
2,period,1225216,21300,freeway,space_invaders,1,9.0,1181
2,period,1225216,21300,freeway,space_invaders,2,13.0,1181
2,period,1225216,21300,freeway,space_invaders,3,23.0,1181
2,period,1225216,21300,freeway,space_invaders,4,16.0,1181
2,period,1225216,21300,freeway,space_invaders,5,13.0,1181
2,period,1225216,21300,freeway,space_invaders,6,14.0,1181
2,period,1225216,21300,freeway,space_invaders,7,23.0,1181
2,period,1225216,21300,freeway,space_invaders,8,18.0,1181
2,period,1225216,21300,freeway,space_invaders,9,15.0,1181
2,period,1225216,21300,freeway,space_invaders,10,22.0,1181
2,period,1225216,21300,freeway,freeway,1,0.0,25000
2,period,1225216,21300,freeway,freeway,2,0.0,25000
2,period,1225216,21300,freeway,freeway,3,0.0,25000
2,period,1225216,21300,freeway,freeway,4,0.0,25000
2,period,1225216,21300,freeway,freeway,5,0.0,25000
2,period,1225216,21300,freeway,freeway,6,0.0,25000
2,period,1225216,21300,freeway,freeway,7,0.0,25000
2,period,1225216,21300,freeway,freeway,8,0.0,25000
2,period,1225216,21300,freeway,freeway,9,0.0,25000
2,period,1225216,21300,freeway,freeway,10,0.0,25000
2,period,1250048,21316,freeway,breakout,1,5.0,562
2,period,1250048,21316,freeway,breakout,2,5.0,562
2,period,1250048,21316,freeway,breakout,3,3.0,562
2,period,1250048,21316,freeway,breakout,4,4.0,562
2,period,1250048,21316,freeway,breakout,5,6.0,562
2,period,1250048,21316,freeway,breakout,6,5.0,562
2,period,1250048,21316,freeway,breakout,7,2.0,562
2,period,1250048,21316,freeway,breakout,8,5.0,562
2,period,1250048,21316,freeway,breakout,9,6.0,562
2,period,1250048,21316,freeway,breakout,10,5.0,562
2,period,1250048,21316,freeway,space_invaders,1,11.0,1029
2,period,1250048,21316,freeway,space_invaders,2,19.0,1029
2,period,1250048,21316,freeway,space_invaders,3,15.0,1029
2,period,1250048,21316,freeway,space_invaders,4,5.0,1029
2,period,1250048,21316,freeway,space_invaders,5,16.0,1029
2,period,1250048,21316,freeway,space_invaders,6,16.0,1029
2,period,1250048,21316,freeway,space_invaders,7,15.0,1029
2,period,1250048,21316,freeway,space_invaders,8,17.0,1029
2,period,1250048,21316,freeway,space_invaders,9,22.0,1029
2,period,1250048,21316,freeway,space_invaders,10,17.0,1029
2,period,1250048,21316,freeway,freeway,1,0.0,25000
2,period,1250048,21316,freeway,freeway,2,0.0,25000
2,period,1250048,21316,freeway,freeway,3,0.0,25000
2,period,1250048,21316,freeway,freeway,4,0.0,25000
2,period,1250048,21316,freeway,freeway,5,0.0,25000
2,period,1250048,21316,freeway,freeway,6,0.0,25000
2,period,1250048,21316,freeway,freeway,7,0.0,25000
2,period,1250048,21316,freeway,freeway,8,0.0,25000
2,period,1250048,21316,freeway,freeway,9,0.0,25000
2,period,1250048,21316,freeway,freeway,10,0.0,25000
2,period,1275136,21316,freeway,breakout,1,3.0,492
2,period,1275136,21316,freeway,breakout,2,5.0,492
2,period,1275136,21316,freeway,breakout,3,6.0,492
2,period,1275136,21316,freeway,breakout,4,2.0,492
2,period,1275136,21316,freeway,breakout,5,3.0,492
2,period,1275136,21316,freeway,breakout,6,6.0,492
2,period,1275136,21316,freeway,breakout,7,2.0,492
2,period,1275136,21316,freeway,breakout,8,2.0,492
2,period,1275136,21316,freeway,breakout,9,5.0,492
2,period,1275136,21316,freeway,breakout,10,6.0,492
2,period,1275136,21316,freeway,space_invaders,1,23.0,1110
2,period,1275136,21316,freeway,space_invaders,2,15.0,1110
2,period,1275136,21316,freeway,space_invaders,3,21.0,1110
2,period,1275136,21316,freeway,space_invaders,4,13.0,1110
2,period,1275136,21316,freeway,space_invaders,5,13.0,1110
2,period,1275136,21316,freeway,space_invaders,6,15.0,1110
2,period,1275136,21316,freeway,space_invaders,7,15.0,1110
2,period,1275136,21316,freeway,space_invaders,8,14.0,1110
2,period,1275136,21316,freeway,space_invaders,9,20.0,1110
2,period,1275136,21316,freeway,space_invaders,10,15.0,1110
2,period,1275136,21316,freeway,freeway,1,0.0,25000
2,period,1275136,21316,freeway,freeway,2,0.0,25000
2,period,1275136,21316,freeway,freeway,3,0.0,25000
2,period,1275136,21316,freeway,freeway,4,0.0,25000
2,period,1275136,21316,freeway,freeway,5,0.0,25000
2,period,1275136,21316,freeway,freeway,6,0.0,25000
2,period,1275136,21316,freeway,freeway,7,0.0,25000
2,period,1275136,21316,freeway,freeway,8,0.0,25000
2,period,1275136,21316,freeway,freeway,9,0.0,25000
2,period,1275136,21316,freeway,freeway,10,0.0,25000
2,period,1300224,21332,freeway,breakout,1,1.0,438
2,period,1300224,21332,freeway,breakout,2,5.0,438
2,period,1300224,21332,freeway,breakout,3,5.0,438
2,period,1300224,21332,freeway,breakout,4,6.0,438
2,period,1300224,21332,freeway,breakout,5,5.0,438
2,period,1300224,21332,freeway,breakout,6,2.0,438
2,period,1300224,21332,freeway,breakout,7,3.0,438
2,period,1300224,21332,freeway,breakout,8,2.0,438
2,period,1300224,21332,freeway,breakout,9,3.0,438
2,period,1300224,21332,freeway,breakout,10,3.0,438
2,period,1300224,21332,freeway,space_invaders,1,17.0,1346
2,period,1300224,21332,freeway,space_invaders,2,14.0,1346
2,period,1300224,21332,freeway,space_invaders,3,30.0,1346
2,period,1300224,21332,freeway,space_invaders,4,21.0,1346
2,period,1300224,21332,freeway,space_invaders,5,12.0,1346
2,period,1300224,21332,freeway,space_invaders,6,23.0,1346
2,period,1300224,21332,freeway,space_invaders,7,19.0,1346
2,period,1300224,21332,freeway,space_invaders,8,17.0,1346
2,period,1300224,21332,freeway,space_invaders,9,13.0,1346
2,period,1300224,21332,freeway,space_invaders,10,20.0,1346
2,period,1300224,21332,freeway,freeway,1,0.0,25000
2,period,1300224,21332,freeway,freeway,2,0.0,25000
2,period,1300224,21332,freeway,freeway,3,0.0,25000
2,period,1300224,21332,freeway,freeway,4,0.0,25000
2,period,1300224,21332,freeway,freeway,5,0.0,25000
2,period,1300224,21332,freeway,freeway,6,0.0,25000
2,period,1300224,21332,freeway,freeway,7,0.0,25000
2,period,1300224,21332,freeway,freeway,8,0.0,25000
2,period,1300224,21332,freeway,freeway,9,0.0,25000
2,period,1300224,21332,freeway,freeway,10,0.0,25000
2,period,1325056,21348,freeway,breakout,1,2.0,460
2,period,1325056,21348,freeway,breakout,2,6.0,460
2,period,1325056,21348,freeway,breakout,3,5.0,460
2,period,1325056,21348,freeway,breakout,4,3.0,460
2,period,1325056,21348,freeway,breakout,5,3.0,460
2,period,1325056,21348,freeway,breakout,6,6.0,460
2,period,1325056,21348,freeway,breakout,7,3.0,460
2,period,1325056,21348,freeway,breakout,8,3.0,460
2,period,1325056,21348,freeway,breakout,9,3.0,460
2,period,1325056,21348,freeway,breakout,10,3.0,460
2,period,1325056,21348,freeway,space_invaders,1,21.0,1247
2,period,1325056,21348,freeway,space_invaders,2,20.0,1247
2,period,1325056,21348,freeway,space_invaders,3,15.0,1247
2,period,1325056,21348,freeway,space_invaders,4,12.0,1247
2,period,1325056,21348,freeway,space_invaders,5,16.0,1247
2,period,1325056,21348,freeway,space_invaders,6,17.0,1247
2,period,1325056,21348,freeway,space_invaders,7,25.0,1247
2,period,1325056,21348,freeway,space_invaders,8,9.0,1247
2,period,1325056,21348,freeway,space_invaders,9,21.0,1247
2,period,1325056,21348,freeway,space_invaders,10,21.0,1247
2,period,1325056,21348,freeway,freeway,1,1.0,25000
2,period,1325056,21348,freeway,freeway,2,0.0,25000
2,period,1325056,21348,freeway,freeway,3,0.0,25000
2,period,1325056,21348,freeway,freeway,4,0.0,25000
2,period,1325056,21348,freeway,freeway,5,0.0,25000
2,period,1325056,21348,freeway,freeway,6,0.0,25000
2,period,1325056,21348,freeway,freeway,7,0.0,25000
2,period,1325056,21348,freeway,freeway,8,0.0,25000
2,period,1325056,21348,freeway,freeway,9,0.0,25000
2,period,1325056,21348,freeway,freeway,10,0.0,25000
2,period,1350144,21348,freeway,breakout,1,5.0,616
2,period,1350144,21348,freeway,breakout,2,6.0,616
2,period,1350144,21348,freeway,breakout,3,3.0,616
2,period,1350144,21348,freeway,breakout,4,5.0,616
2,period,1350144,21348,freeway,breakout,5,3.0,616
2,period,1350144,21348,freeway,breakout,6,6.0,616
2,period,1350144,21348,freeway,breakout,7,6.0,616
2,period,1350144,21348,freeway,breakout,8,6.0,616
2,period,1350144,21348,freeway,breakout,9,5.0,616
2,period,1350144,21348,freeway,breakout,10,6.0,616
2,period,1350144,21348,freeway,space_invaders,1,16.0,1105
2,period,1350144,21348,freeway,space_invaders,2,16.0,1105
2,period,1350144,21348,freeway,space_invaders,3,16.0,1105
2,period,1350144,21348,freeway,space_invaders,4,14.0,1105
2,period,1350144,21348,freeway,space_invaders,5,13.0,1105
2,period,1350144,21348,freeway,space_invaders,6,16.0,1105
2,period,1350144,21348,freeway,space_invaders,7,20.0,1105
2,period,1350144,21348,freeway,space_invaders,8,20.0,1105
2,period,1350144,21348,freeway,space_invaders,9,13.0,1105
2,period,1350144,21348,freeway,space_invaders,10,17.0,1105
2,period,1350144,21348,freeway,freeway,1,0.0,25000
2,period,1350144,21348,freeway,freeway,2,0.0,25000
2,period,1350144,21348,freeway,freeway,3,0.0,25000
2,period,1350144,21348,freeway,freeway,4,0.0,25000
2,period,1350144,21348,freeway,freeway,5,1.0,25000
2,period,1350144,21348,freeway,freeway,6,0.0,25000
2,period,1350144,21348,freeway,freeway,7,1.0,25000
2,period,1350144,21348,freeway,freeway,8,0.0,25000
2,period,1350144,21348,freeway,freeway,9,0.0,25000
2,period,1350144,21348,freeway,freeway,10,0.0,25000
2,period,1375232,21364,freeway,breakout,1,2.0,314
2,period,1375232,21364,freeway,breakout,2,3.0,314
2,period,1375232,21364,freeway,breakout,3,2.0,314
2,period,1375232,21364,freeway,breakout,4,2.0,314
2,period,1375232,21364,freeway,breakout,5,3.0,314
2,period,1375232,21364,freeway,breakout,6,2.0,314
2,period,1375232,21364,freeway,breakout,7,2.0,314
2,period,1375232,21364,freeway,breakout,8,2.0,314
2,period,1375232,21364,freeway,breakout,9,3.0,314
2,period,1375232,21364,freeway,breakout,10,3.0,314
2,period,1375232,21364,freeway,space_invaders,1,16.0,932
2,period,1375232,21364,freeway,space_invaders,2,8.0,932
2,period,1375232,21364,freeway,space_invaders,3,13.0,932
2,period,1375232,21364,freeway,space_invaders,4,11.0,932
2,period,1375232,21364,freeway,space_invaders,5,11.0,932
2,period,1375232,21364,freeway,space_invaders,6,14.0,932
2,period,1375232,21364,freeway,space_invaders,7,15.0,932
2,period,1375232,21364,freeway,space_invaders,8,9.0,932
2,period,1375232,21364,freeway,space_invaders,9,28.0,932
2,period,1375232,21364,freeway,space_invaders,10,8.0,932
2,period,1375232,21364,freeway,freeway,1,0.0,25000
2,period,1375232,21364,freeway,freeway,2,0.0,25000
2,period,1375232,21364,freeway,freeway,3,0.0,25000
2,period,1375232,21364,freeway,freeway,4,0.0,25000
2,period,1375232,21364,freeway,freeway,5,0.0,25000
2,period,1375232,21364,freeway,freeway,6,0.0,25000
2,period,1375232,21364,freeway,freeway,7,0.0,25000
2,period,1375232,21364,freeway,freeway,8,0.0,25000
2,period,1375232,21364,freeway,freeway,9,0.0,25000
2,period,1375232,21364,freeway,freeway,10,0.0,25000
2,period,1400064,21380,freeway,breakout,1,1.0,346
2,period,1400064,21380,freeway,breakout,2,2.0,346
2,period,1400064,21380,freeway,breakout,3,5.0,346
2,period,1400064,21380,freeway,breakout,4,3.0,346
2,period,1400064,21380,freeway,breakout,5,3.0,346
2,period,1400064,21380,freeway,breakout,6,3.0,346
2,period,1400064,21380,freeway,breakout,7,3.0,346
2,period,1400064,21380,freeway,breakout,8,2.0,346
2,period,1400064,21380,freeway,breakout,9,2.0,346
2,period,1400064,21380,freeway,breakout,10,3.0,346
2,period,1400064,21380,freeway,space_invaders,1,16.0,1452
2,period,1400064,21380,freeway,space_invaders,2,18.0,1452
2,period,1400064,21380,freeway,space_invaders,3,14.0,1452
2,period,1400064,21380,freeway,space_invaders,4,14.0,1452
2,period,1400064,21380,freeway,space_invaders,5,16.0,1452
2,period,1400064,21380,freeway,space_invaders,6,27.0,1452
2,period,1400064,21380,freeway,space_invaders,7,23.0,1452
2,period,1400064,21380,freeway,space_invaders,8,21.0,1452
2,period,1400064,21380,freeway,space_invaders,9,22.0,1452
2,period,1400064,21380,freeway,space_invaders,10,18.0,1452
2,period,1400064,21380,freeway,freeway,1,0.0,25000
2,period,1400064,21380,freeway,freeway,2,0.0,25000
2,period,1400064,21380,freeway,freeway,3,0.0,25000
2,period,1400064,21380,freeway,freeway,4,0.0,25000
2,period,1400064,21380,freeway,freeway,5,0.0,25000
2,period,1400064,21380,freeway,freeway,6,0.0,25000
2,period,1400064,21380,freeway,freeway,7,0.0,25000
2,period,1400064,21380,freeway,freeway,8,0.0,25000
2,period,1400064,21380,freeway,freeway,9,0.0,25000
2,period,1400064,21380,freeway,freeway,10,0.0,25000
2,period,1425152,21380,freeway,breakout,1,3.0,300
2,period,1425152,21380,freeway,breakout,2,2.0,300
2,period,1425152,21380,freeway,breakout,3,2.0,300
2,period,1425152,21380,freeway,breakout,4,3.0,300
2,period,1425152,21380,freeway,breakout,5,3.0,300
2,period,1425152,21380,freeway,breakout,6,0.0,300
2,period,1425152,21380,freeway,breakout,7,2.0,300
2,period,1425152,21380,freeway,breakout,8,3.0,300
2,period,1425152,21380,freeway,breakout,9,3.0,300
2,period,1425152,21380,freeway,breakout,10,2.0,300
2,period,1425152,21380,freeway,space_invaders,1,17.0,881
2,period,1425152,21380,freeway,space_invaders,2,17.0,881
2,period,1425152,21380,freeway,space_invaders,3,10.0,881
2,period,1425152,21380,freeway,space_invaders,4,12.0,881
2,period,1425152,21380,freeway,space_invaders,5,14.0,881
2,period,1425152,21380,freeway,space_invaders,6,17.0,881
2,period,1425152,21380,freeway,space_invaders,7,17.0,881
2,period,1425152,21380,freeway,space_invaders,8,6.0,881
2,period,1425152,21380,freeway,space_invaders,9,16.0,881
2,period,1425152,21380,freeway,space_invaders,10,10.0,881
2,period,1425152,21380,freeway,freeway,1,0.0,25000
2,period,1425152,21380,freeway,freeway,2,0.0,25000
2,period,1425152,21380,freeway,freeway,3,0.0,25000
2,period,1425152,21380,freeway,freeway,4,0.0,25000
2,period,1425152,21380,freeway,freeway,5,0.0,25000
2,period,1425152,21380,freeway,freeway,6,0.0,25000
2,period,1425152,21380,freeway,freeway,7,0.0,25000
2,period,1425152,21380,freeway,freeway,8,0.0,25000
2,period,1425152,21380,freeway,freeway,9,0.0,25000
2,period,1425152,21380,freeway,freeway,10,0.0,25000
2,period,1450240,21396,freeway,breakout,1,2.0,302
2,period,1450240,21396,freeway,breakout,2,3.0,302
2,period,1450240,21396,freeway,breakout,3,1.0,302
2,period,1450240,21396,freeway,breakout,4,3.0,302
2,period,1450240,21396,freeway,breakout,5,3.0,302
2,period,1450240,21396,freeway,breakout,6,1.0,302
2,period,1450240,21396,freeway,breakout,7,3.0,302
2,period,1450240,21396,freeway,breakout,8,1.0,302
2,period,1450240,21396,freeway,breakout,9,3.0,302
2,period,1450240,21396,freeway,breakout,10,3.0,302
2,period,1450240,21396,freeway,space_invaders,1,18.0,998
2,period,1450240,21396,freeway,space_invaders,2,10.0,998
2,period,1450240,21396,freeway,space_invaders,3,17.0,998
2,period,1450240,21396,freeway,space_invaders,4,19.0,998
2,period,1450240,21396,freeway,space_invaders,5,17.0,998
2,period,1450240,21396,freeway,space_invaders,6,20.0,998
2,period,1450240,21396,freeway,space_invaders,7,17.0,998
2,period,1450240,21396,freeway,space_invaders,8,16.0,998
2,period,1450240,21396,freeway,space_invaders,9,7.0,998
2,period,1450240,21396,freeway,space_invaders,10,14.0,998
2,period,1450240,21396,freeway,freeway,1,1.0,25000
2,period,1450240,21396,freeway,freeway,2,0.0,25000
2,period,1450240,21396,freeway,freeway,3,0.0,25000
2,period,1450240,21396,freeway,freeway,4,0.0,25000
2,period,1450240,21396,freeway,freeway,5,0.0,25000
2,period,1450240,21396,freeway,freeway,6,0.0,25000
2,period,1450240,21396,freeway,freeway,7,0.0,25000
2,period,1450240,21396,freeway,freeway,8,0.0,25000
2,period,1450240,21396,freeway,freeway,9,0.0,25000
2,period,1450240,21396,freeway,freeway,10,1.0,25000
2,period,1475072,21396,freeway,breakout,1,3.0,344
2,period,1475072,21396,freeway,breakout,2,3.0,344
2,period,1475072,21396,freeway,breakout,3,2.0,344
2,period,1475072,21396,freeway,breakout,4,3.0,344
2,period,1475072,21396,freeway,breakout,5,3.0,344
2,period,1475072,21396,freeway,breakout,6,3.0,344
2,period,1475072,21396,freeway,breakout,7,2.0,344
2,period,1475072,21396,freeway,breakout,8,2.0,344
2,period,1475072,21396,freeway,breakout,9,3.0,344
2,period,1475072,21396,freeway,breakout,10,3.0,344
2,period,1475072,21396,freeway,space_invaders,1,14.0,914
2,period,1475072,21396,freeway,space_invaders,2,14.0,914
2,period,1475072,21396,freeway,space_invaders,3,22.0,914
2,period,1475072,21396,freeway,space_invaders,4,20.0,914
2,period,1475072,21396,freeway,space_invaders,5,11.0,914
2,period,1475072,21396,freeway,space_invaders,6,12.0,914
2,period,1475072,21396,freeway,space_invaders,7,12.0,914
2,period,1475072,21396,freeway,space_invaders,8,8.0,914
2,period,1475072,21396,freeway,space_invaders,9,12.0,914
2,period,1475072,21396,freeway,space_invaders,10,16.0,914
2,period,1475072,21396,freeway,freeway,1,0.0,25000
2,period,1475072,21396,freeway,freeway,2,1.0,25000
2,period,1475072,21396,freeway,freeway,3,0.0,25000
2,period,1475072,21396,freeway,freeway,4,0.0,25000
2,period,1475072,21396,freeway,freeway,5,0.0,25000
2,period,1475072,21396,freeway,freeway,6,0.0,25000
2,period,1475072,21396,freeway,freeway,7,0.0,25000
2,period,1475072,21396,freeway,freeway,8,1.0,25000
2,period,1475072,21396,freeway,freeway,9,0.0,25000
2,period,1475072,21396,freeway,freeway,10,0.0,25000
3,boundary,1999872,29581,breakout,breakout,1,6.0,680
3,boundary,1999872,29581,breakout,breakout,2,5.0,680
3,boundary,1999872,29581,breakout,breakout,3,5.0,680
3,boundary,1999872,29581,breakout,breakout,4,6.0,680
3,boundary,1999872,29581,breakout,breakout,5,6.0,680
3,boundary,1999872,29581,breakout,breakout,6,6.0,680
3,boundary,1999872,29581,breakout,breakout,7,6.0,680
3,boundary,1999872,29581,breakout,breakout,8,6.0,680
3,boundary,1999872,29581,breakout,breakout,9,6.0,680
3,boundary,1999872,29581,breakout,breakout,10,6.0,680
3,boundary,1999872,29581,breakout,space_invaders,1,16.0,994
3,boundary,1999872,29581,breakout,space_invaders,2,16.0,994
3,boundary,1999872,29581,breakout,space_invaders,3,15.0,994
3,boundary,1999872,29581,breakout,space_invaders,4,6.0,994
3,boundary,1999872,29581,breakout,space_invaders,5,15.0,994
3,boundary,1999872,29581,breakout,space_invaders,6,16.0,994
3,boundary,1999872,29581,breakout,space_invaders,7,16.0,994
3,boundary,1999872,29581,breakout,space_invaders,8,9.0,994
3,boundary,1999872,29581,breakout,space_invaders,9,21.0,994
3,boundary,1999872,29581,breakout,space_invaders,10,8.0,994
3,boundary,1999872,29581,breakout,freeway,1,0.0,25000
3,boundary,1999872,29581,breakout,freeway,2,0.0,25000
3,boundary,1999872,29581,breakout,freeway,3,0.0,25000
3,boundary,1999872,29581,breakout,freeway,4,0.0,25000
3,boundary,1999872,29581,breakout,freeway,5,0.0,25000
3,boundary,1999872,29581,breakout,freeway,6,0.0,25000
3,boundary,1999872,29581,breakout,freeway,7,0.0,25000
3,boundary,1999872,29581,breakout,freeway,8,0.0,25000
3,boundary,1999872,29581,breakout,freeway,9,0.0,25000
3,boundary,1999872,29581,breakout,freeway,10,0.0,25000
3,period,1500160,21415,breakout,breakout,1,1.0,368
3,period,1500160,21415,breakout,breakout,2,6.0,368
3,period,1500160,21415,breakout,breakout,3,3.0,368
3,period,1500160,21415,breakout,breakout,4,3.0,368
3,period,1500160,21415,breakout,breakout,5,3.0,368
3,period,1500160,21415,breakout,breakout,6,5.0,368
3,period,1500160,21415,breakout,breakout,7,2.0,368
3,period,1500160,21415,breakout,breakout,8,2.0,368
3,period,1500160,21415,breakout,breakout,9,2.0,368
3,period,1500160,21415,breakout,breakout,10,2.0,368
3,period,1500160,21415,breakout,space_invaders,1,21.0,1045
3,period,1500160,21415,breakout,space_invaders,2,12.0,1045
3,period,1500160,21415,breakout,space_invaders,3,12.0,1045
3,period,1500160,21415,breakout,space_invaders,4,7.0,1045
3,period,1500160,21415,breakout,space_invaders,5,21.0,1045
3,period,1500160,21415,breakout,space_invaders,6,13.0,1045
3,period,1500160,21415,breakout,space_invaders,7,17.0,1045
3,period,1500160,21415,breakout,space_invaders,8,18.0,1045
3,period,1500160,21415,breakout,space_invaders,9,16.0,1045
3,period,1500160,21415,breakout,space_invaders,10,20.0,1045
3,period,1500160,21415,breakout,freeway,1,0.0,25000
3,period,1500160,21415,breakout,freeway,2,0.0,25000
3,period,1500160,21415,breakout,freeway,3,0.0,25000
3,period,1500160,21415,breakout,freeway,4,0.0,25000
3,period,1500160,21415,breakout,freeway,5,0.0,25000
3,period,1500160,21415,breakout,freeway,6,0.0,25000
3,period,1500160,21415,breakout,freeway,7,0.0,25000
3,period,1500160,21415,breakout,freeway,8,0.0,25000
3,period,1500160,21415,breakout,freeway,9,1.0,25000
3,period,1500160,21415,breakout,freeway,10,0.0,25000
3,period,1525248,21901,breakout,breakout,1,6.0,534
3,period,1525248,21901,breakout,breakout,2,5.0,534
3,period,1525248,21901,breakout,breakout,3,5.0,534
3,period,1525248,21901,breakout,breakout,4,3.0,534
3,period,1525248,21901,breakout,breakout,5,5.0,534
3,period,1525248,21901,breakout,breakout,6,5.0,534
3,period,1525248,21901,breakout,breakout,7,0.0,534
3,period,1525248,21901,breakout,breakout,8,3.0,534
3,period,1525248,21901,breakout,breakout,9,6.0,534
3,period,1525248,21901,breakout,breakout,10,5.0,534
3,period,1525248,21901,breakout,space_invaders,1,13.0,1223
3,period,1525248,21901,breakout,space_invaders,2,16.0,1223
3,period,1525248,21901,breakout,space_invaders,3,13.0,1223
3,period,1525248,21901,breakout,space_invaders,4,18.0,1223
3,period,1525248,21901,breakout,space_invaders,5,21.0,1223
3,period,1525248,21901,breakout,space_invaders,6,14.0,1223
3,period,1525248,21901,breakout,space_invaders,7,23.0,1223
3,period,1525248,21901,breakout,space_invaders,8,17.0,1223
3,period,1525248,21901,breakout,space_invaders,9,21.0,1223
3,period,1525248,21901,breakout,space_invaders,10,14.0,1223
3,period,1525248,21901,breakout,freeway,1,1.0,25000
3,period,1525248,21901,breakout,freeway,2,0.0,25000
3,period,1525248,21901,breakout,freeway,3,1.0,25000
3,period,1525248,21901,breakout,freeway,4,0.0,25000
3,period,1525248,21901,breakout,freeway,5,0.0,25000
3,period,1525248,21901,breakout,freeway,6,0.0,25000
3,period,1525248,21901,breakout,freeway,7,0.0,25000
3,period,1525248,21901,breakout,freeway,8,0.0,25000
3,period,1525248,21901,breakout,freeway,9,0.0,25000
3,period,1525248,21901,breakout,freeway,10,1.0,25000
3,period,1550080,22340,breakout,breakout,1,6.0,572
3,period,1550080,22340,breakout,breakout,2,5.0,572
3,period,1550080,22340,breakout,breakout,3,5.0,572
3,period,1550080,22340,breakout,breakout,4,5.0,572
3,period,1550080,22340,breakout,breakout,5,5.0,572
3,period,1550080,22340,breakout,breakout,6,5.0,572
3,period,1550080,22340,breakout,breakout,7,3.0,572
3,period,1550080,22340,breakout,breakout,8,5.0,572
3,period,1550080,22340,breakout,breakout,9,3.0,572
3,period,1550080,22340,breakout,breakout,10,5.0,572
3,period,1550080,22340,breakout,space_invaders,1,10.0,1110
3,period,1550080,22340,breakout,space_invaders,2,17.0,1110
3,period,1550080,22340,breakout,space_invaders,3,16.0,1110
3,period,1550080,22340,breakout,space_invaders,4,20.0,1110
3,period,1550080,22340,breakout,space_invaders,5,9.0,1110
3,period,1550080,22340,breakout,space_invaders,6,23.0,1110
3,period,1550080,22340,breakout,space_invaders,7,21.0,1110
3,period,1550080,22340,breakout,space_invaders,8,13.0,1110
3,period,1550080,22340,breakout,space_invaders,9,19.0,1110
3,period,1550080,22340,breakout,space_invaders,10,16.0,1110
3,period,1550080,22340,breakout,freeway,1,0.0,25000
3,period,1550080,22340,breakout,freeway,2,0.0,25000
3,period,1550080,22340,breakout,freeway,3,0.0,25000
3,period,1550080,22340,breakout,freeway,4,1.0,25000
3,period,1550080,22340,breakout,freeway,5,0.0,25000
3,period,1550080,22340,breakout,freeway,6,1.0,25000
3,period,1550080,22340,breakout,freeway,7,0.0,25000
3,period,1550080,22340,breakout,freeway,8,1.0,25000
3,period,1550080,22340,breakout,freeway,9,0.0,25000
3,period,1550080,22340,breakout,freeway,10,0.0,25000
3,period,1575168,22751,breakout,breakout,1,6.0,540
3,period,1575168,22751,breakout,breakout,2,3.0,540
3,period,1575168,22751,breakout,breakout,3,6.0,540
3,period,1575168,22751,breakout,breakout,4,3.0,540
3,period,1575168,22751,breakout,breakout,5,6.0,540
3,period,1575168,22751,breakout,breakout,6,1.0,540
3,period,1575168,22751,breakout,breakout,7,6.0,540
3,period,1575168,22751,breakout,breakout,8,6.0,540
3,period,1575168,22751,breakout,breakout,9,3.0,540
3,period,1575168,22751,breakout,breakout,10,5.0,540
3,period,1575168,22751,breakout,space_invaders,1,16.0,868
3,period,1575168,22751,breakout,space_invaders,2,13.0,868
3,period,1575168,22751,breakout,space_invaders,3,13.0,868
3,period,1575168,22751,breakout,space_invaders,4,5.0,868
3,period,1575168,22751,breakout,space_invaders,5,5.0,868
3,period,1575168,22751,breakout,space_invaders,6,11.0,868
3,period,1575168,22751,breakout,space_invaders,7,14.0,868
3,period,1575168,22751,breakout,space_invaders,8,18.0,868
3,period,1575168,22751,breakout,space_invaders,9,5.0,868
3,period,1575168,22751,breakout,space_invaders,10,18.0,868
3,period,1575168,22751,breakout,freeway,1,0.0,25000
3,period,1575168,22751,breakout,freeway,2,0.0,25000
3,period,1575168,22751,breakout,freeway,3,0.0,25000
3,period,1575168,22751,breakout,freeway,4,0.0,25000
3,period,1575168,22751,breakout,freeway,5,0.0,25000
3,period,1575168,22751,breakout,freeway,6,0.0,25000
3,period,1575168,22751,breakout,freeway,7,0.0,25000
3,period,1575168,22751,breakout,freeway,8,0.0,25000
3,period,1575168,22751,breakout,freeway,9,0.0,25000
3,period,1575168,22751,breakout,freeway,10,0.0,25000
3,period,1600000,23155,breakout,breakout,1,3.0,540
3,period,1600000,23155,breakout,breakout,2,3.0,540
3,period,1600000,23155,breakout,breakout,3,6.0,540
3,period,1600000,23155,breakout,breakout,4,3.0,540
3,period,1600000,23155,breakout,breakout,5,6.0,540
3,period,1600000,23155,breakout,breakout,6,6.0,540
3,period,1600000,23155,breakout,breakout,7,6.0,540
3,period,1600000,23155,breakout,breakout,8,3.0,540
3,period,1600000,23155,breakout,breakout,9,6.0,540
3,period,1600000,23155,breakout,breakout,10,3.0,540
3,period,1600000,23155,breakout,space_invaders,1,7.0,931
3,period,1600000,23155,breakout,space_invaders,2,6.0,931
3,period,1600000,23155,breakout,space_invaders,3,22.0,931
3,period,1600000,23155,breakout,space_invaders,4,17.0,931
3,period,1600000,23155,breakout,space_invaders,5,19.0,931
3,period,1600000,23155,breakout,space_invaders,6,5.0,931
3,period,1600000,23155,breakout,space_invaders,7,21.0,931
3,period,1600000,23155,breakout,space_invaders,8,5.0,931
3,period,1600000,23155,breakout,space_invaders,9,18.0,931
3,period,1600000,23155,breakout,space_invaders,10,12.0,931
3,period,1600000,23155,breakout,freeway,1,0.0,25000
3,period,1600000,23155,breakout,freeway,2,0.0,25000
3,period,1600000,23155,breakout,freeway,3,0.0,25000
3,period,1600000,23155,breakout,freeway,4,1.0,25000
3,period,1600000,23155,breakout,freeway,5,0.0,25000
3,period,1600000,23155,breakout,freeway,6,0.0,25000
3,period,1600000,23155,breakout,freeway,7,0.0,25000
3,period,1600000,23155,breakout,freeway,8,0.0,25000
3,period,1600000,23155,breakout,freeway,9,0.0,25000
3,period,1600000,23155,breakout,freeway,10,0.0,25000
3,period,1625088,23572,breakout,breakout,1,6.0,594
3,period,1625088,23572,breakout,breakout,2,6.0,594
3,period,1625088,23572,breakout,breakout,3,6.0,594
3,period,1625088,23572,breakout,breakout,4,6.0,594
3,period,1625088,23572,breakout,breakout,5,6.0,594
3,period,1625088,23572,breakout,breakout,6,3.0,594
3,period,1625088,23572,breakout,breakout,7,5.0,594
3,period,1625088,23572,breakout,breakout,8,6.0,594
3,period,1625088,23572,breakout,breakout,9,5.0,594
3,period,1625088,23572,breakout,breakout,10,1.0,594
3,period,1625088,23572,breakout,space_invaders,1,12.0,910
3,period,1625088,23572,breakout,space_invaders,2,22.0,910
3,period,1625088,23572,breakout,space_invaders,3,11.0,910
3,period,1625088,23572,breakout,space_invaders,4,21.0,910
3,period,1625088,23572,breakout,space_invaders,5,17.0,910
3,period,1625088,23572,breakout,space_invaders,6,7.0,910
3,period,1625088,23572,breakout,space_invaders,7,14.0,910
3,period,1625088,23572,breakout,space_invaders,8,14.0,910
3,period,1625088,23572,breakout,space_invaders,9,15.0,910
3,period,1625088,23572,breakout,space_invaders,10,14.0,910
3,period,1625088,23572,breakout,freeway,1,0.0,25000
3,period,1625088,23572,breakout,freeway,2,0.0,25000
3,period,1625088,23572,breakout,freeway,3,0.0,25000
3,period,1625088,23572,breakout,freeway,4,0.0,25000
3,period,1625088,23572,breakout,freeway,5,0.0,25000
3,period,1625088,23572,breakout,freeway,6,0.0,25000
3,period,1625088,23572,breakout,freeway,7,0.0,25000
3,period,1625088,23572,breakout,freeway,8,0.0,25000
3,period,1625088,23572,breakout,freeway,9,0.0,25000
3,period,1625088,23572,breakout,freeway,10,0.0,25000
3,period,1650176,24003,breakout,breakout,1,6.0,518
3,period,1650176,24003,breakout,breakout,2,5.0,518
3,period,1650176,24003,breakout,breakout,3,5.0,518
3,period,1650176,24003,breakout,breakout,4,1.0,518
3,period,1650176,24003,breakout,breakout,5,6.0,518
3,period,1650176,24003,breakout,breakout,6,5.0,518
3,period,1650176,24003,breakout,breakout,7,5.0,518
3,period,1650176,24003,breakout,breakout,8,2.0,518
3,period,1650176,24003,breakout,breakout,9,2.0,518
3,period,1650176,24003,breakout,breakout,10,6.0,518
3,period,1650176,24003,breakout,space_invaders,1,12.0,701
3,period,1650176,24003,breakout,space_invaders,2,11.0,701
3,period,1650176,24003,breakout,space_invaders,3,10.0,701
3,period,1650176,24003,breakout,space_invaders,4,11.0,701
3,period,1650176,24003,breakout,space_invaders,5,9.0,701
3,period,1650176,24003,breakout,space_invaders,6,9.0,701
3,period,1650176,24003,breakout,space_invaders,7,11.0,701
3,period,1650176,24003,breakout,space_invaders,8,13.0,701
3,period,1650176,24003,breakout,space_invaders,9,11.0,701
3,period,1650176,24003,breakout,space_invaders,10,12.0,701
3,period,1650176,24003,breakout,freeway,1,1.0,25000
3,period,1650176,24003,breakout,freeway,2,0.0,25000
3,period,1650176,24003,breakout,freeway,3,0.0,25000
3,period,1650176,24003,breakout,freeway,4,0.0,25000
3,period,1650176,24003,breakout,freeway,5,0.0,25000
3,period,1650176,24003,breakout,freeway,6,1.0,25000
3,period,1650176,24003,breakout,freeway,7,0.0,25000
3,period,1650176,24003,breakout,freeway,8,0.0,25000
3,period,1650176,24003,breakout,freeway,9,0.0,25000
3,period,1650176,24003,breakout,freeway,10,0.0,25000
3,period,1675008,24412,breakout,breakout,1,5.0,594
3,period,1675008,24412,breakout,breakout,2,5.0,594
3,period,1675008,24412,breakout,breakout,3,6.0,594
3,period,1675008,24412,breakout,breakout,4,6.0,594
3,period,1675008,24412,breakout,breakout,5,6.0,594
3,period,1675008,24412,breakout,breakout,6,6.0,594
3,period,1675008,24412,breakout,breakout,7,5.0,594
3,period,1675008,24412,breakout,breakout,8,5.0,594
3,period,1675008,24412,breakout,breakout,9,5.0,594
3,period,1675008,24412,breakout,breakout,10,1.0,594
3,period,1675008,24412,breakout,space_invaders,1,33.0,1365
3,period,1675008,24412,breakout,space_invaders,2,23.0,1365
3,period,1675008,24412,breakout,space_invaders,3,14.0,1365
3,period,1675008,24412,breakout,space_invaders,4,16.0,1365
3,period,1675008,24412,breakout,space_invaders,5,8.0,1365
3,period,1675008,24412,breakout,space_invaders,6,21.0,1365
3,period,1675008,24412,breakout,space_invaders,7,14.0,1365
3,period,1675008,24412,breakout,space_invaders,8,16.0,1365
3,period,1675008,24412,breakout,space_invaders,9,22.0,1365
3,period,1675008,24412,breakout,space_invaders,10,15.0,1365
3,period,1675008,24412,breakout,freeway,1,0.0,25000
3,period,1675008,24412,breakout,freeway,2,0.0,25000
3,period,1675008,24412,breakout,freeway,3,0.0,25000
3,period,1675008,24412,breakout,freeway,4,0.0,25000
3,period,1675008,24412,breakout,freeway,5,0.0,25000
3,period,1675008,24412,breakout,freeway,6,0.0,25000
3,period,1675008,24412,breakout,freeway,7,0.0,25000
3,period,1675008,24412,breakout,freeway,8,0.0,25000
3,period,1675008,24412,breakout,freeway,9,0.0,25000
3,period,1675008,24412,breakout,freeway,10,0.0,25000
3,period,1700096,24825,breakout,breakout,1,5.0,640
3,period,1700096,24825,breakout,breakout,2,6.0,640
3,period,1700096,24825,breakout,breakout,3,5.0,640
3,period,1700096,24825,breakout,breakout,4,6.0,640
3,period,1700096,24825,breakout,breakout,5,5.0,640
3,period,1700096,24825,breakout,breakout,6,6.0,640
3,period,1700096,24825,breakout,breakout,7,6.0,640
3,period,1700096,24825,breakout,breakout,8,5.0,640
3,period,1700096,24825,breakout,breakout,9,5.0,640
3,period,1700096,24825,breakout,breakout,10,5.0,640
3,period,1700096,24825,breakout,space_invaders,1,21.0,1280
3,period,1700096,24825,breakout,space_invaders,2,20.0,1280
3,period,1700096,24825,breakout,space_invaders,3,6.0,1280
3,period,1700096,24825,breakout,space_invaders,4,14.0,1280
3,period,1700096,24825,breakout,space_invaders,5,16.0,1280
3,period,1700096,24825,breakout,space_invaders,6,23.0,1280
3,period,1700096,24825,breakout,space_invaders,7,19.0,1280
3,period,1700096,24825,breakout,space_invaders,8,17.0,1280
3,period,1700096,24825,breakout,space_invaders,9,14.0,1280
3,period,1700096,24825,breakout,space_invaders,10,14.0,1280
3,period,1700096,24825,breakout,freeway,1,0.0,25000
3,period,1700096,24825,breakout,freeway,2,0.0,25000
3,period,1700096,24825,breakout,freeway,3,0.0,25000
3,period,1700096,24825,breakout,freeway,4,0.0,25000
3,period,1700096,24825,breakout,freeway,5,0.0,25000
3,period,1700096,24825,breakout,freeway,6,0.0,25000
3,period,1700096,24825,breakout,freeway,7,0.0,25000
3,period,1700096,24825,breakout,freeway,8,0.0,25000
3,period,1700096,24825,breakout,freeway,9,0.0,25000
3,period,1700096,24825,breakout,freeway,10,0.0,25000
3,period,1725184,25242,breakout,breakout,1,5.0,642
3,period,1725184,25242,breakout,breakout,2,5.0,642
3,period,1725184,25242,breakout,breakout,3,6.0,642
3,period,1725184,25242,breakout,breakout,4,7.0,642
3,period,1725184,25242,breakout,breakout,5,6.0,642
3,period,1725184,25242,breakout,breakout,6,3.0,642
3,period,1725184,25242,breakout,breakout,7,6.0,642
3,period,1725184,25242,breakout,breakout,8,5.0,642
3,period,1725184,25242,breakout,breakout,9,6.0,642
3,period,1725184,25242,breakout,breakout,10,5.0,642
3,period,1725184,25242,breakout,space_invaders,1,13.0,883
3,period,1725184,25242,breakout,space_invaders,2,18.0,883
3,period,1725184,25242,breakout,space_invaders,3,15.0,883
3,period,1725184,25242,breakout,space_invaders,4,17.0,883
3,period,1725184,25242,breakout,space_invaders,5,10.0,883
3,period,1725184,25242,breakout,space_invaders,6,14.0,883
3,period,1725184,25242,breakout,space_invaders,7,14.0,883
3,period,1725184,25242,breakout,space_invaders,8,13.0,883
3,period,1725184,25242,breakout,space_invaders,9,8.0,883
3,period,1725184,25242,breakout,space_invaders,10,16.0,883
3,period,1725184,25242,breakout,freeway,1,0.0,25000
3,period,1725184,25242,breakout,freeway,2,0.0,25000
3,period,1725184,25242,breakout,freeway,3,0.0,25000
3,period,1725184,25242,breakout,freeway,4,0.0,25000
3,period,1725184,25242,breakout,freeway,5,0.0,25000
3,period,1725184,25242,breakout,freeway,6,0.0,25000
3,period,1725184,25242,breakout,freeway,7,0.0,25000
3,period,1725184,25242,breakout,freeway,8,0.0,25000
3,period,1725184,25242,breakout,freeway,9,0.0,25000
3,period,1725184,25242,breakout,freeway,10,0.0,25000
3,period,1750016,25653,breakout,breakout,1,6.0,662
3,period,1750016,25653,breakout,breakout,2,5.0,662
3,period,1750016,25653,breakout,breakout,3,5.0,662
3,period,1750016,25653,breakout,breakout,4,5.0,662
3,period,1750016,25653,breakout,breakout,5,6.0,662
3,period,1750016,25653,breakout,breakout,6,5.0,662
3,period,1750016,25653,breakout,breakout,7,6.0,662
3,period,1750016,25653,breakout,breakout,8,6.0,662
3,period,1750016,25653,breakout,breakout,9,6.0,662
3,period,1750016,25653,breakout,breakout,10,6.0,662
3,period,1750016,25653,breakout,space_invaders,1,21.0,833
3,period,1750016,25653,breakout,space_invaders,2,7.0,833
3,period,1750016,25653,breakout,space_invaders,3,7.0,833
3,period,1750016,25653,breakout,space_invaders,4,17.0,833
3,period,1750016,25653,breakout,space_invaders,5,14.0,833
3,period,1750016,25653,breakout,space_invaders,6,10.0,833
3,period,1750016,25653,breakout,space_invaders,7,8.0,833
3,period,1750016,25653,breakout,space_invaders,8,10.0,833
3,period,1750016,25653,breakout,space_invaders,9,16.0,833
3,period,1750016,25653,breakout,space_invaders,10,18.0,833
3,period,1750016,25653,breakout,freeway,1,0.0,25000
3,period,1750016,25653,breakout,freeway,2,0.0,25000
3,period,1750016,25653,breakout,freeway,3,0.0,25000
3,period,1750016,25653,breakout,freeway,4,0.0,25000
3,period,1750016,25653,breakout,freeway,5,0.0,25000
3,period,1750016,25653,breakout,freeway,6,0.0,25000
3,period,1750016,25653,breakout,freeway,7,0.0,25000
3,period,1750016,25653,breakout,freeway,8,0.0,25000
3,period,1750016,25653,breakout,freeway,9,0.0,25000
3,period,1750016,25653,breakout,freeway,10,0.0,25000
3,period,1775104,26050,breakout,breakout,1,7.0,670
3,period,1775104,26050,breakout,breakout,2,5.0,670
3,period,1775104,26050,breakout,breakout,3,5.0,670
3,period,1775104,26050,breakout,breakout,4,6.0,670
3,period,1775104,26050,breakout,breakout,5,6.0,670
3,period,1775104,26050,breakout,breakout,6,6.0,670
3,period,1775104,26050,breakout,breakout,7,5.0,670
3,period,1775104,26050,breakout,breakout,8,6.0,670
3,period,1775104,26050,breakout,breakout,9,5.0,670
3,period,1775104,26050,breakout,breakout,10,6.0,670
3,period,1775104,26050,breakout,space_invaders,1,16.0,1317
3,period,1775104,26050,breakout,space_invaders,2,16.0,1317
3,period,1775104,26050,breakout,space_invaders,3,16.0,1317
3,period,1775104,26050,breakout,space_invaders,4,16.0,1317
3,period,1775104,26050,breakout,space_invaders,5,21.0,1317
3,period,1775104,26050,breakout,space_invaders,6,5.0,1317
3,period,1775104,26050,breakout,space_invaders,7,23.0,1317
3,period,1775104,26050,breakout,space_invaders,8,16.0,1317
3,period,1775104,26050,breakout,space_invaders,9,20.0,1317
3,period,1775104,26050,breakout,space_invaders,10,23.0,1317
3,period,1775104,26050,breakout,freeway,1,0.0,25000
3,period,1775104,26050,breakout,freeway,2,0.0,25000
3,period,1775104,26050,breakout,freeway,3,0.0,25000
3,period,1775104,26050,breakout,freeway,4,0.0,25000
3,period,1775104,26050,breakout,freeway,5,0.0,25000
3,period,1775104,26050,breakout,freeway,6,0.0,25000
3,period,1775104,26050,breakout,freeway,7,0.0,25000
3,period,1775104,26050,breakout,freeway,8,0.0,25000
3,period,1775104,26050,breakout,freeway,9,0.0,25000
3,period,1775104,26050,breakout,freeway,10,0.0,25000
3,period,1800192,26445,breakout,breakout,1,6.0,640
3,period,1800192,26445,breakout,breakout,2,5.0,640
3,period,1800192,26445,breakout,breakout,3,5.0,640
3,period,1800192,26445,breakout,breakout,4,5.0,640
3,period,1800192,26445,breakout,breakout,5,5.0,640
3,period,1800192,26445,breakout,breakout,6,5.0,640
3,period,1800192,26445,breakout,breakout,7,5.0,640
3,period,1800192,26445,breakout,breakout,8,6.0,640
3,period,1800192,26445,breakout,breakout,9,5.0,640
3,period,1800192,26445,breakout,breakout,10,7.0,640
3,period,1800192,26445,breakout,space_invaders,1,20.0,1248
3,period,1800192,26445,breakout,space_invaders,2,18.0,1248
3,period,1800192,26445,breakout,space_invaders,3,17.0,1248
3,period,1800192,26445,breakout,space_invaders,4,23.0,1248
3,period,1800192,26445,breakout,space_invaders,5,16.0,1248
3,period,1800192,26445,breakout,space_invaders,6,15.0,1248
3,period,1800192,26445,breakout,space_invaders,7,13.0,1248
3,period,1800192,26445,breakout,space_invaders,8,11.0,1248
3,period,1800192,26445,breakout,space_invaders,9,8.0,1248
3,period,1800192,26445,breakout,space_invaders,10,18.0,1248
3,period,1800192,26445,breakout,freeway,1,0.0,25000
3,period,1800192,26445,breakout,freeway,2,0.0,25000
3,period,1800192,26445,breakout,freeway,3,0.0,25000
3,period,1800192,26445,breakout,freeway,4,0.0,25000
3,period,1800192,26445,breakout,freeway,5,0.0,25000
3,period,1800192,26445,breakout,freeway,6,0.0,25000
3,period,1800192,26445,breakout,freeway,7,0.0,25000
3,period,1800192,26445,breakout,freeway,8,0.0,25000
3,period,1800192,26445,breakout,freeway,9,0.0,25000
3,period,1800192,26445,breakout,freeway,10,0.0,25000
3,period,1825024,26836,breakout,breakout,1,6.0,660
3,period,1825024,26836,breakout,breakout,2,5.0,660
3,period,1825024,26836,breakout,breakout,3,6.0,660
3,period,1825024,26836,breakout,breakout,4,5.0,660
3,period,1825024,26836,breakout,breakout,5,7.0,660
3,period,1825024,26836,breakout,breakout,6,5.0,660
3,period,1825024,26836,breakout,breakout,7,6.0,660
3,period,1825024,26836,breakout,breakout,8,6.0,660
3,period,1825024,26836,breakout,breakout,9,5.0,660
3,period,1825024,26836,breakout,breakout,10,5.0,660
3,period,1825024,26836,breakout,space_invaders,1,10.0,1095
3,period,1825024,26836,breakout,space_invaders,2,14.0,1095
3,period,1825024,26836,breakout,space_invaders,3,14.0,1095
3,period,1825024,26836,breakout,space_invaders,4,12.0,1095
3,period,1825024,26836,breakout,space_invaders,5,16.0,1095
3,period,1825024,26836,breakout,space_invaders,6,21.0,1095
3,period,1825024,26836,breakout,space_invaders,7,20.0,1095
3,period,1825024,26836,breakout,space_invaders,8,15.0,1095
3,period,1825024,26836,breakout,space_invaders,9,16.0,1095
3,period,1825024,26836,breakout,space_invaders,10,21.0,1095
3,period,1825024,26836,breakout,freeway,1,0.0,25000
3,period,1825024,26836,breakout,freeway,2,0.0,25000
3,period,1825024,26836,breakout,freeway,3,0.0,25000
3,period,1825024,26836,breakout,freeway,4,0.0,25000
3,period,1825024,26836,breakout,freeway,5,0.0,25000
3,period,1825024,26836,breakout,freeway,6,0.0,25000
3,period,1825024,26836,breakout,freeway,7,0.0,25000
3,period,1825024,26836,breakout,freeway,8,0.0,25000
3,period,1825024,26836,breakout,freeway,9,0.0,25000
3,period,1825024,26836,breakout,freeway,10,0.0,25000
3,period,1850112,27222,breakout,breakout,1,6.0,692
3,period,1850112,27222,breakout,breakout,2,5.0,692
3,period,1850112,27222,breakout,breakout,3,6.0,692
3,period,1850112,27222,breakout,breakout,4,6.0,692
3,period,1850112,27222,breakout,breakout,5,6.0,692
3,period,1850112,27222,breakout,breakout,6,6.0,692
3,period,1850112,27222,breakout,breakout,7,6.0,692
3,period,1850112,27222,breakout,breakout,8,6.0,692
3,period,1850112,27222,breakout,breakout,9,5.0,692
3,period,1850112,27222,breakout,breakout,10,7.0,692
3,period,1850112,27222,breakout,space_invaders,1,18.0,898
3,period,1850112,27222,breakout,space_invaders,2,13.0,898
3,period,1850112,27222,breakout,space_invaders,3,17.0,898
3,period,1850112,27222,breakout,space_invaders,4,20.0,898
3,period,1850112,27222,breakout,space_invaders,5,13.0,898
3,period,1850112,27222,breakout,space_invaders,6,12.0,898
3,period,1850112,27222,breakout,space_invaders,7,11.0,898
3,period,1850112,27222,breakout,space_invaders,8,12.0,898
3,period,1850112,27222,breakout,space_invaders,9,12.0,898
3,period,1850112,27222,breakout,space_invaders,10,16.0,898
3,period,1850112,27222,breakout,freeway,1,0.0,25000
3,period,1850112,27222,breakout,freeway,2,0.0,25000
3,period,1850112,27222,breakout,freeway,3,0.0,25000
3,period,1850112,27222,breakout,freeway,4,0.0,25000
3,period,1850112,27222,breakout,freeway,5,0.0,25000
3,period,1850112,27222,breakout,freeway,6,0.0,25000
3,period,1850112,27222,breakout,freeway,7,0.0,25000
3,period,1850112,27222,breakout,freeway,8,0.0,25000
3,period,1850112,27222,breakout,freeway,9,0.0,25000
3,period,1850112,27222,breakout,freeway,10,0.0,25000
3,period,1875200,27624,breakout,breakout,1,6.0,626
3,period,1875200,27624,breakout,breakout,2,5.0,626
3,period,1875200,27624,breakout,breakout,3,6.0,626
3,period,1875200,27624,breakout,breakout,4,2.0,626
3,period,1875200,27624,breakout,breakout,5,5.0,626
3,period,1875200,27624,breakout,breakout,6,6.0,626
3,period,1875200,27624,breakout,breakout,7,6.0,626
3,period,1875200,27624,breakout,breakout,8,6.0,626
3,period,1875200,27624,breakout,breakout,9,6.0,626
3,period,1875200,27624,breakout,breakout,10,5.0,626
3,period,1875200,27624,breakout,space_invaders,1,17.0,817
3,period,1875200,27624,breakout,space_invaders,2,16.0,817
3,period,1875200,27624,breakout,space_invaders,3,23.0,817
3,period,1875200,27624,breakout,space_invaders,4,10.0,817
3,period,1875200,27624,breakout,space_invaders,5,16.0,817
3,period,1875200,27624,breakout,space_invaders,6,7.0,817
3,period,1875200,27624,breakout,space_invaders,7,6.0,817
3,period,1875200,27624,breakout,space_invaders,8,14.0,817
3,period,1875200,27624,breakout,space_invaders,9,13.0,817
3,period,1875200,27624,breakout,space_invaders,10,8.0,817
3,period,1875200,27624,breakout,freeway,1,0.0,25000
3,period,1875200,27624,breakout,freeway,2,0.0,25000
3,period,1875200,27624,breakout,freeway,3,0.0,25000
3,period,1875200,27624,breakout,freeway,4,0.0,25000
3,period,1875200,27624,breakout,freeway,5,0.0,25000
3,period,1875200,27624,breakout,freeway,6,0.0,25000
3,period,1875200,27624,breakout,freeway,7,0.0,25000
3,period,1875200,27624,breakout,freeway,8,0.0,25000
3,period,1875200,27624,breakout,freeway,9,0.0,25000
3,period,1875200,27624,breakout,freeway,10,0.0,25000
3,period,1900032,28015,breakout,breakout,1,6.0,662
3,period,1900032,28015,breakout,breakout,2,5.0,662
3,period,1900032,28015,breakout,breakout,3,6.0,662
3,period,1900032,28015,breakout,breakout,4,6.0,662
3,period,1900032,28015,breakout,breakout,5,5.0,662
3,period,1900032,28015,breakout,breakout,6,6.0,662
3,period,1900032,28015,breakout,breakout,7,5.0,662
3,period,1900032,28015,breakout,breakout,8,5.0,662
3,period,1900032,28015,breakout,breakout,9,6.0,662
3,period,1900032,28015,breakout,breakout,10,6.0,662
3,period,1900032,28015,breakout,space_invaders,1,18.0,1286
3,period,1900032,28015,breakout,space_invaders,2,15.0,1286
3,period,1900032,28015,breakout,space_invaders,3,15.0,1286
3,period,1900032,28015,breakout,space_invaders,4,16.0,1286
3,period,1900032,28015,breakout,space_invaders,5,17.0,1286
3,period,1900032,28015,breakout,space_invaders,6,17.0,1286
3,period,1900032,28015,breakout,space_invaders,7,9.0,1286
3,period,1900032,28015,breakout,space_invaders,8,28.0,1286
3,period,1900032,28015,breakout,space_invaders,9,13.0,1286
3,period,1900032,28015,breakout,space_invaders,10,16.0,1286
3,period,1900032,28015,breakout,freeway,1,0.0,25000
3,period,1900032,28015,breakout,freeway,2,0.0,25000
3,period,1900032,28015,breakout,freeway,3,0.0,25000
3,period,1900032,28015,breakout,freeway,4,0.0,25000
3,period,1900032,28015,breakout,freeway,5,0.0,25000
3,period,1900032,28015,breakout,freeway,6,0.0,25000
3,period,1900032,28015,breakout,freeway,7,0.0,25000
3,period,1900032,28015,breakout,freeway,8,0.0,25000
3,period,1900032,28015,breakout,freeway,9,0.0,25000
3,period,1900032,28015,breakout,freeway,10,0.0,25000
3,period,1925120,28407,breakout,breakout,1,6.0,530
3,period,1925120,28407,breakout,breakout,2,1.0,530
3,period,1925120,28407,breakout,breakout,3,6.0,530
3,period,1925120,28407,breakout,breakout,4,3.0,530
3,period,1925120,28407,breakout,breakout,5,6.0,530
3,period,1925120,28407,breakout,breakout,6,3.0,530
3,period,1925120,28407,breakout,breakout,7,5.0,530
3,period,1925120,28407,breakout,breakout,8,6.0,530
3,period,1925120,28407,breakout,breakout,9,2.0,530
3,period,1925120,28407,breakout,breakout,10,6.0,530
3,period,1925120,28407,breakout,space_invaders,1,22.0,1207
3,period,1925120,28407,breakout,space_invaders,2,23.0,1207
3,period,1925120,28407,breakout,space_invaders,3,14.0,1207
3,period,1925120,28407,breakout,space_invaders,4,16.0,1207
3,period,1925120,28407,breakout,space_invaders,5,14.0,1207
3,period,1925120,28407,breakout,space_invaders,6,20.0,1207
3,period,1925120,28407,breakout,space_invaders,7,17.0,1207
3,period,1925120,28407,breakout,space_invaders,8,14.0,1207
3,period,1925120,28407,breakout,space_invaders,9,16.0,1207
3,period,1925120,28407,breakout,space_invaders,10,18.0,1207
3,period,1925120,28407,breakout,freeway,1,0.0,25000
3,period,1925120,28407,breakout,freeway,2,0.0,25000
3,period,1925120,28407,breakout,freeway,3,0.0,25000
3,period,1925120,28407,breakout,freeway,4,0.0,25000
3,period,1925120,28407,breakout,freeway,5,1.0,25000
3,period,1925120,28407,breakout,freeway,6,0.0,25000
3,period,1925120,28407,breakout,freeway,7,0.0,25000
3,period,1925120,28407,breakout,freeway,8,0.0,25000
3,period,1925120,28407,breakout,freeway,9,0.0,25000
3,period,1925120,28407,breakout,freeway,10,0.0,25000
3,period,1950208,28797,breakout,breakout,1,6.0,632
3,period,1950208,28797,breakout,breakout,2,5.0,632
3,period,1950208,28797,breakout,breakout,3,6.0,632
3,period,1950208,28797,breakout,breakout,4,5.0,632
3,period,1950208,28797,breakout,breakout,5,5.0,632
3,period,1950208,28797,breakout,breakout,6,6.0,632
3,period,1950208,28797,breakout,breakout,7,5.0,632
3,period,1950208,28797,breakout,breakout,8,5.0,632
3,period,1950208,28797,breakout,breakout,9,5.0,632
3,period,1950208,28797,breakout,breakout,10,5.0,632
3,period,1950208,28797,breakout,space_invaders,1,20.0,1249
3,period,1950208,28797,breakout,space_invaders,2,22.0,1249
3,period,1950208,28797,breakout,space_invaders,3,13.0,1249
3,period,1950208,28797,breakout,space_invaders,4,21.0,1249
3,period,1950208,28797,breakout,space_invaders,5,14.0,1249
3,period,1950208,28797,breakout,space_invaders,6,18.0,1249
3,period,1950208,28797,breakout,space_invaders,7,21.0,1249
3,period,1950208,28797,breakout,space_invaders,8,23.0,1249
3,period,1950208,28797,breakout,space_invaders,9,13.0,1249
3,period,1950208,28797,breakout,space_invaders,10,14.0,1249
3,period,1950208,28797,breakout,freeway,1,0.0,25000
3,period,1950208,28797,breakout,freeway,2,0.0,25000
3,period,1950208,28797,breakout,freeway,3,0.0,25000
3,period,1950208,28797,breakout,freeway,4,0.0,25000
3,period,1950208,28797,breakout,freeway,5,0.0,25000
3,period,1950208,28797,breakout,freeway,6,0.0,25000
3,period,1950208,28797,breakout,freeway,7,0.0,25000
3,period,1950208,28797,breakout,freeway,8,0.0,25000
3,period,1950208,28797,breakout,freeway,9,0.0,25000
3,period,1950208,28797,breakout,freeway,10,0.0,25000
3,period,1975040,29197,breakout,breakout,1,6.0,690
3,period,1975040,29197,breakout,breakout,2,6.0,690
3,period,1975040,29197,breakout,breakout,3,6.0,690
3,period,1975040,29197,breakout,breakout,4,5.0,690
3,period,1975040,29197,breakout,breakout,5,6.0,690
3,period,1975040,29197,breakout,breakout,6,5.0,690
3,period,1975040,29197,breakout,breakout,7,6.0,690
3,period,1975040,29197,breakout,breakout,8,7.0,690
3,period,1975040,29197,breakout,breakout,9,7.0,690
3,period,1975040,29197,breakout,breakout,10,5.0,690
3,period,1975040,29197,breakout,space_invaders,1,22.0,1030
3,period,1975040,29197,breakout,space_invaders,2,4.0,1030
3,period,1975040,29197,breakout,space_invaders,3,14.0,1030
3,period,1975040,29197,breakout,space_invaders,4,22.0,1030
3,period,1975040,29197,breakout,space_invaders,5,16.0,1030
3,period,1975040,29197,breakout,space_invaders,6,9.0,1030
3,period,1975040,29197,breakout,space_invaders,7,23.0,1030
3,period,1975040,29197,breakout,space_invaders,8,4.0,1030
3,period,1975040,29197,breakout,space_invaders,9,19.0,1030
3,period,1975040,29197,breakout,space_invaders,10,4.0,1030
3,period,1975040,29197,breakout,freeway,1,0.0,25000
3,period,1975040,29197,breakout,freeway,2,0.0,25000
3,period,1975040,29197,breakout,freeway,3,0.0,25000
3,period,1975040,29197,breakout,freeway,4,0.0,25000
3,period,1975040,29197,breakout,freeway,5,0.0,25000
3,period,1975040,29197,breakout,freeway,6,0.0,25000
3,period,1975040,29197,breakout,freeway,7,0.0,25000
3,period,1975040,29197,breakout,freeway,8,0.0,25000
3,period,1975040,29197,breakout,freeway,9,0.0,25000
3,period,1975040,29197,breakout,freeway,10,0.0,25000
4,boundary,2499840,32136,space_invaders,breakout,1,5.0,520
4,boundary,2499840,32136,space_invaders,breakout,2,3.0,520
4,boundary,2499840,32136,space_invaders,breakout,3,3.0,520
4,boundary,2499840,32136,space_invaders,breakout,4,3.0,520
4,boundary,2499840,32136,space_invaders,breakout,5,6.0,520
4,boundary,2499840,32136,space_invaders,breakout,6,3.0,520
4,boundary,2499840,32136,space_invaders,breakout,7,6.0,520
4,boundary,2499840,32136,space_invaders,breakout,8,5.0,520
4,boundary,2499840,32136,space_invaders,breakout,9,3.0,520
4,boundary,2499840,32136,space_invaders,breakout,10,6.0,520
4,boundary,2499840,32136,space_invaders,space_invaders,1,26.0,4437
4,boundary,2499840,32136,space_invaders,space_invaders,2,115.0,4437
4,boundary,2499840,32136,space_invaders,space_invaders,3,34.0,4437
4,boundary,2499840,32136,space_invaders,space_invaders,4,64.0,4437
4,boundary,2499840,32136,space_invaders,space_invaders,5,29.0,4437
4,boundary,2499840,32136,space_invaders,space_invaders,6,40.0,4437
4,boundary,2499840,32136,space_invaders,space_invaders,7,37.0,4437
4,boundary,2499840,32136,space_invaders,space_invaders,8,67.0,4437
4,boundary,2499840,32136,space_invaders,space_invaders,9,47.0,4437
4,boundary,2499840,32136,space_invaders,space_invaders,10,30.0,4437
4,boundary,2499840,32136,space_invaders,freeway,1,0.0,25000
4,boundary,2499840,32136,space_invaders,freeway,2,0.0,25000
4,boundary,2499840,32136,space_invaders,freeway,3,0.0,25000
4,boundary,2499840,32136,space_invaders,freeway,4,0.0,25000
4,boundary,2499840,32136,space_invaders,freeway,5,1.0,25000
4,boundary,2499840,32136,space_invaders,freeway,6,0.0,25000
4,boundary,2499840,32136,space_invaders,freeway,7,0.0,25000
4,boundary,2499840,32136,space_invaders,freeway,8,0.0,25000
4,boundary,2499840,32136,space_invaders,freeway,9,0.0,25000
4,boundary,2499840,32136,space_invaders,freeway,10,0.0,25000
4,period,2000128,29581,space_invaders,breakout,1,5.0,674
4,period,2000128,29581,space_invaders,breakout,2,5.0,674
4,period,2000128,29581,space_invaders,breakout,3,6.0,674
4,period,2000128,29581,space_invaders,breakout,4,6.0,674
4,period,2000128,29581,space_invaders,breakout,5,6.0,674
4,period,2000128,29581,space_invaders,breakout,6,6.0,674
4,period,2000128,29581,space_invaders,breakout,7,6.0,674
4,period,2000128,29581,space_invaders,breakout,8,5.0,674
4,period,2000128,29581,space_invaders,breakout,9,6.0,674
4,period,2000128,29581,space_invaders,breakout,10,6.0,674
4,period,2000128,29581,space_invaders,space_invaders,1,14.0,1283
4,period,2000128,29581,space_invaders,space_invaders,2,14.0,1283
4,period,2000128,29581,space_invaders,space_invaders,3,14.0,1283
4,period,2000128,29581,space_invaders,space_invaders,4,9.0,1283
4,period,2000128,29581,space_invaders,space_invaders,5,14.0,1283
4,period,2000128,29581,space_invaders,space_invaders,6,22.0,1283
4,period,2000128,29581,space_invaders,space_invaders,7,17.0,1283
4,period,2000128,29581,space_invaders,space_invaders,8,28.0,1283
4,period,2000128,29581,space_invaders,space_invaders,9,15.0,1283
4,period,2000128,29581,space_invaders,space_invaders,10,17.0,1283
4,period,2000128,29581,space_invaders,freeway,1,0.0,25000
4,period,2000128,29581,space_invaders,freeway,2,0.0,25000
4,period,2000128,29581,space_invaders,freeway,3,0.0,25000
4,period,2000128,29581,space_invaders,freeway,4,0.0,25000
4,period,2000128,29581,space_invaders,freeway,5,0.0,25000
4,period,2000128,29581,space_invaders,freeway,6,0.0,25000
4,period,2000128,29581,space_invaders,freeway,7,0.0,25000
4,period,2000128,29581,space_invaders,freeway,8,0.0,25000
4,period,2000128,29581,space_invaders,freeway,9,0.0,25000
4,period,2000128,29581,space_invaders,freeway,10,0.0,25000
4,period,2025216,29786,space_invaders,breakout,1,5.0,630
4,period,2025216,29786,space_invaders,breakout,2,6.0,630
4,period,2025216,29786,space_invaders,breakout,3,6.0,630
4,period,2025216,29786,space_invaders,breakout,4,4.0,630
4,period,2025216,29786,space_invaders,breakout,5,5.0,630
4,period,2025216,29786,space_invaders,breakout,6,6.0,630
4,period,2025216,29786,space_invaders,breakout,7,6.0,630
4,period,2025216,29786,space_invaders,breakout,8,7.0,630
4,period,2025216,29786,space_invaders,breakout,9,3.0,630
4,period,2025216,29786,space_invaders,breakout,10,5.0,630
4,period,2025216,29786,space_invaders,space_invaders,1,16.0,1061
4,period,2025216,29786,space_invaders,space_invaders,2,4.0,1061
4,period,2025216,29786,space_invaders,space_invaders,3,13.0,1061
4,period,2025216,29786,space_invaders,space_invaders,4,26.0,1061
4,period,2025216,29786,space_invaders,space_invaders,5,10.0,1061
4,period,2025216,29786,space_invaders,space_invaders,6,13.0,1061
4,period,2025216,29786,space_invaders,space_invaders,7,15.0,1061
4,period,2025216,29786,space_invaders,space_invaders,8,16.0,1061
4,period,2025216,29786,space_invaders,space_invaders,9,13.0,1061
4,period,2025216,29786,space_invaders,space_invaders,10,4.0,1061
4,period,2025216,29786,space_invaders,freeway,1,0.0,25000
4,period,2025216,29786,space_invaders,freeway,2,0.0,25000
4,period,2025216,29786,space_invaders,freeway,3,0.0,25000
4,period,2025216,29786,space_invaders,freeway,4,0.0,25000
4,period,2025216,29786,space_invaders,freeway,5,1.0,25000
4,period,2025216,29786,space_invaders,freeway,6,0.0,25000
4,period,2025216,29786,space_invaders,freeway,7,0.0,25000
4,period,2025216,29786,space_invaders,freeway,8,0.0,25000
4,period,2025216,29786,space_invaders,freeway,9,0.0,25000
4,period,2025216,29786,space_invaders,freeway,10,0.0,25000
4,period,2050048,29953,space_invaders,breakout,1,6.0,680
4,period,2050048,29953,space_invaders,breakout,2,6.0,680
4,period,2050048,29953,space_invaders,breakout,3,6.0,680
4,period,2050048,29953,space_invaders,breakout,4,5.0,680
4,period,2050048,29953,space_invaders,breakout,5,6.0,680
4,period,2050048,29953,space_invaders,breakout,6,6.0,680
4,period,2050048,29953,space_invaders,breakout,7,6.0,680
4,period,2050048,29953,space_invaders,breakout,8,5.0,680
4,period,2050048,29953,space_invaders,breakout,9,6.0,680
4,period,2050048,29953,space_invaders,breakout,10,6.0,680
4,period,2050048,29953,space_invaders,space_invaders,1,31.0,1716
4,period,2050048,29953,space_invaders,space_invaders,2,14.0,1716
4,period,2050048,29953,space_invaders,space_invaders,3,28.0,1716
4,period,2050048,29953,space_invaders,space_invaders,4,13.0,1716
4,period,2050048,29953,space_invaders,space_invaders,5,22.0,1716
4,period,2050048,29953,space_invaders,space_invaders,6,23.0,1716
4,period,2050048,29953,space_invaders,space_invaders,7,25.0,1716
4,period,2050048,29953,space_invaders,space_invaders,8,17.0,1716
4,period,2050048,29953,space_invaders,space_invaders,9,23.0,1716
4,period,2050048,29953,space_invaders,space_invaders,10,11.0,1716
4,period,2050048,29953,space_invaders,freeway,1,0.0,25000
4,period,2050048,29953,space_invaders,freeway,2,0.0,25000
4,period,2050048,29953,space_invaders,freeway,3,0.0,25000
4,period,2050048,29953,space_invaders,freeway,4,0.0,25000
4,period,2050048,29953,space_invaders,freeway,5,0.0,25000
4,period,2050048,29953,space_invaders,freeway,6,0.0,25000
4,period,2050048,29953,space_invaders,freeway,7,0.0,25000
4,period,2050048,29953,space_invaders,freeway,8,0.0,25000
4,period,2050048,29953,space_invaders,freeway,9,0.0,25000
4,period,2050048,29953,space_invaders,freeway,10,0.0,25000
4,period,2075136,30095,space_invaders,breakout,1,6.0,700
4,period,2075136,30095,space_invaders,breakout,2,6.0,700
4,period,2075136,30095,space_invaders,breakout,3,6.0,700
4,period,2075136,30095,space_invaders,breakout,4,6.0,700
4,period,2075136,30095,space_invaders,breakout,5,6.0,700
4,period,2075136,30095,space_invaders,breakout,6,6.0,700
4,period,2075136,30095,space_invaders,breakout,7,6.0,700
4,period,2075136,30095,space_invaders,breakout,8,6.0,700
4,period,2075136,30095,space_invaders,breakout,9,6.0,700
4,period,2075136,30095,space_invaders,breakout,10,6.0,700
4,period,2075136,30095,space_invaders,space_invaders,1,30.0,1609
4,period,2075136,30095,space_invaders,space_invaders,2,25.0,1609
4,period,2075136,30095,space_invaders,space_invaders,3,18.0,1609
4,period,2075136,30095,space_invaders,space_invaders,4,11.0,1609
4,period,2075136,30095,space_invaders,space_invaders,5,17.0,1609
4,period,2075136,30095,space_invaders,space_invaders,6,30.0,1609
4,period,2075136,30095,space_invaders,space_invaders,7,15.0,1609
4,period,2075136,30095,space_invaders,space_invaders,8,20.0,1609
4,period,2075136,30095,space_invaders,space_invaders,9,22.0,1609
4,period,2075136,30095,space_invaders,space_invaders,10,20.0,1609
4,period,2075136,30095,space_invaders,freeway,1,0.0,25000
4,period,2075136,30095,space_invaders,freeway,2,0.0,25000
4,period,2075136,30095,space_invaders,freeway,3,0.0,25000
4,period,2075136,30095,space_invaders,freeway,4,0.0,25000
4,period,2075136,30095,space_invaders,freeway,5,0.0,25000
4,period,2075136,30095,space_invaders,freeway,6,0.0,25000
4,period,2075136,30095,space_invaders,freeway,7,0.0,25000
4,period,2075136,30095,space_invaders,freeway,8,0.0,25000
4,period,2075136,30095,space_invaders,freeway,9,0.0,25000
4,period,2075136,30095,space_invaders,freeway,10,0.0,25000
4,period,2100224,30247,space_invaders,breakout,1,5.0,560
4,period,2100224,30247,space_invaders,breakout,2,6.0,560
4,period,2100224,30247,space_invaders,breakout,3,2.0,560
4,period,2100224,30247,space_invaders,breakout,4,7.0,560
4,period,2100224,30247,space_invaders,breakout,5,6.0,560
4,period,2100224,30247,space_invaders,breakout,6,3.0,560
4,period,2100224,30247,space_invaders,breakout,7,2.0,560
4,period,2100224,30247,space_invaders,breakout,8,6.0,560
4,period,2100224,30247,space_invaders,breakout,9,6.0,560
4,period,2100224,30247,space_invaders,breakout,10,4.0,560
4,period,2100224,30247,space_invaders,space_invaders,1,23.0,1746
4,period,2100224,30247,space_invaders,space_invaders,2,28.0,1746
4,period,2100224,30247,space_invaders,space_invaders,3,23.0,1746
4,period,2100224,30247,space_invaders,space_invaders,4,14.0,1746
4,period,2100224,30247,space_invaders,space_invaders,5,16.0,1746
4,period,2100224,30247,space_invaders,space_invaders,6,19.0,1746
4,period,2100224,30247,space_invaders,space_invaders,7,39.0,1746
4,period,2100224,30247,space_invaders,space_invaders,8,17.0,1746
4,period,2100224,30247,space_invaders,space_invaders,9,20.0,1746
4,period,2100224,30247,space_invaders,space_invaders,10,7.0,1746
4,period,2100224,30247,space_invaders,freeway,1,0.0,25000
4,period,2100224,30247,space_invaders,freeway,2,0.0,25000
4,period,2100224,30247,space_invaders,freeway,3,0.0,25000
4,period,2100224,30247,space_invaders,freeway,4,0.0,25000
4,period,2100224,30247,space_invaders,freeway,5,0.0,25000
4,period,2100224,30247,space_invaders,freeway,6,0.0,25000
4,period,2100224,30247,space_invaders,freeway,7,0.0,25000
4,period,2100224,30247,space_invaders,freeway,8,0.0,25000
4,period,2100224,30247,space_invaders,freeway,9,0.0,25000
4,period,2100224,30247,space_invaders,freeway,10,0.0,25000
4,period,2125056,30378,space_invaders,breakout,1,5.0,680
4,period,2125056,30378,space_invaders,breakout,2,6.0,680
4,period,2125056,30378,space_invaders,breakout,3,6.0,680
4,period,2125056,30378,space_invaders,breakout,4,6.0,680
4,period,2125056,30378,space_invaders,breakout,5,6.0,680
4,period,2125056,30378,space_invaders,breakout,6,5.0,680
4,period,2125056,30378,space_invaders,breakout,7,5.0,680
4,period,2125056,30378,space_invaders,breakout,8,6.0,680
4,period,2125056,30378,space_invaders,breakout,9,6.0,680
4,period,2125056,30378,space_invaders,breakout,10,7.0,680
4,period,2125056,30378,space_invaders,space_invaders,1,31.0,1674
4,period,2125056,30378,space_invaders,space_invaders,2,19.0,1674
4,period,2125056,30378,space_invaders,space_invaders,3,18.0,1674
4,period,2125056,30378,space_invaders,space_invaders,4,23.0,1674
4,period,2125056,30378,space_invaders,space_invaders,5,23.0,1674
4,period,2125056,30378,space_invaders,space_invaders,6,19.0,1674
4,period,2125056,30378,space_invaders,space_invaders,7,10.0,1674
4,period,2125056,30378,space_invaders,space_invaders,8,30.0,1674
4,period,2125056,30378,space_invaders,space_invaders,9,14.0,1674
4,period,2125056,30378,space_invaders,space_invaders,10,10.0,1674
4,period,2125056,30378,space_invaders,freeway,1,0.0,25000
4,period,2125056,30378,space_invaders,freeway,2,1.0,25000
4,period,2125056,30378,space_invaders,freeway,3,0.0,25000
4,period,2125056,30378,space_invaders,freeway,4,0.0,25000
4,period,2125056,30378,space_invaders,freeway,5,0.0,25000
4,period,2125056,30378,space_invaders,freeway,6,0.0,25000
4,period,2125056,30378,space_invaders,freeway,7,0.0,25000
4,period,2125056,30378,space_invaders,freeway,8,0.0,25000
4,period,2125056,30378,space_invaders,freeway,9,0.0,25000
4,period,2125056,30378,space_invaders,freeway,10,0.0,25000
4,period,2150144,30524,space_invaders,breakout,1,4.0,530
4,period,2150144,30524,space_invaders,breakout,2,6.0,530
4,period,2150144,30524,space_invaders,breakout,3,6.0,530
4,period,2150144,30524,space_invaders,breakout,4,6.0,530
4,period,2150144,30524,space_invaders,breakout,5,1.0,530
4,period,2150144,30524,space_invaders,breakout,6,5.0,530
4,period,2150144,30524,space_invaders,breakout,7,5.0,530
4,period,2150144,30524,space_invaders,breakout,8,5.0,530
4,period,2150144,30524,space_invaders,breakout,9,5.0,530
4,period,2150144,30524,space_invaders,breakout,10,1.0,530
4,period,2150144,30524,space_invaders,space_invaders,1,9.0,2203
4,period,2150144,30524,space_invaders,space_invaders,2,26.0,2203
4,period,2150144,30524,space_invaders,space_invaders,3,17.0,2203
4,period,2150144,30524,space_invaders,space_invaders,4,25.0,2203
4,period,2150144,30524,space_invaders,space_invaders,5,35.0,2203
4,period,2150144,30524,space_invaders,space_invaders,6,24.0,2203
4,period,2150144,30524,space_invaders,space_invaders,7,22.0,2203
4,period,2150144,30524,space_invaders,space_invaders,8,23.0,2203
4,period,2150144,30524,space_invaders,space_invaders,9,32.0,2203
4,period,2150144,30524,space_invaders,space_invaders,10,22.0,2203
4,period,2150144,30524,space_invaders,freeway,1,0.0,25000
4,period,2150144,30524,space_invaders,freeway,2,0.0,25000
4,period,2150144,30524,space_invaders,freeway,3,0.0,25000
4,period,2150144,30524,space_invaders,freeway,4,0.0,25000
4,period,2150144,30524,space_invaders,freeway,5,0.0,25000
4,period,2150144,30524,space_invaders,freeway,6,0.0,25000
4,period,2150144,30524,space_invaders,freeway,7,0.0,25000
4,period,2150144,30524,space_invaders,freeway,8,0.0,25000
4,period,2150144,30524,space_invaders,freeway,9,0.0,25000
4,period,2150144,30524,space_invaders,freeway,10,0.0,25000
4,period,2175232,30669,space_invaders,breakout,1,0.0,468
4,period,2175232,30669,space_invaders,breakout,2,3.0,468
4,period,2175232,30669,space_invaders,breakout,3,6.0,468
4,period,2175232,30669,space_invaders,breakout,4,2.0,468
4,period,2175232,30669,space_invaders,breakout,5,2.0,468
4,period,2175232,30669,space_invaders,breakout,6,6.0,468
4,period,2175232,30669,space_invaders,breakout,7,5.0,468
4,period,2175232,30669,space_invaders,breakout,8,5.0,468
4,period,2175232,30669,space_invaders,breakout,9,3.0,468
4,period,2175232,30669,space_invaders,breakout,10,6.0,468
4,period,2175232,30669,space_invaders,space_invaders,1,23.0,1691
4,period,2175232,30669,space_invaders,space_invaders,2,14.0,1691
4,period,2175232,30669,space_invaders,space_invaders,3,14.0,1691
4,period,2175232,30669,space_invaders,space_invaders,4,14.0,1691
4,period,2175232,30669,space_invaders,space_invaders,5,7.0,1691
4,period,2175232,30669,space_invaders,space_invaders,6,30.0,1691
4,period,2175232,30669,space_invaders,space_invaders,7,31.0,1691
4,period,2175232,30669,space_invaders,space_invaders,8,14.0,1691
4,period,2175232,30669,space_invaders,space_invaders,9,23.0,1691
4,period,2175232,30669,space_invaders,space_invaders,10,23.0,1691
4,period,2175232,30669,space_invaders,freeway,1,0.0,25000
4,period,2175232,30669,space_invaders,freeway,2,0.0,25000
4,period,2175232,30669,space_invaders,freeway,3,0.0,25000
4,period,2175232,30669,space_invaders,freeway,4,0.0,25000
4,period,2175232,30669,space_invaders,freeway,5,0.0,25000
4,period,2175232,30669,space_invaders,freeway,6,0.0,25000
4,period,2175232,30669,space_invaders,freeway,7,0.0,25000
4,period,2175232,30669,space_invaders,freeway,8,0.0,25000
4,period,2175232,30669,space_invaders,freeway,9,0.0,25000
4,period,2175232,30669,space_invaders,freeway,10,0.0,25000
4,period,2200064,30815,space_invaders,breakout,1,3.0,568
4,period,2200064,30815,space_invaders,breakout,2,3.0,568
4,period,2200064,30815,space_invaders,breakout,3,6.0,568
4,period,2200064,30815,space_invaders,breakout,4,6.0,568
4,period,2200064,30815,space_invaders,breakout,5,5.0,568
4,period,2200064,30815,space_invaders,breakout,6,3.0,568
4,period,2200064,30815,space_invaders,breakout,7,6.0,568
4,period,2200064,30815,space_invaders,breakout,8,6.0,568
4,period,2200064,30815,space_invaders,breakout,9,6.0,568
4,period,2200064,30815,space_invaders,breakout,10,3.0,568
4,period,2200064,30815,space_invaders,space_invaders,1,17.0,1851
4,period,2200064,30815,space_invaders,space_invaders,2,23.0,1851
4,period,2200064,30815,space_invaders,space_invaders,3,12.0,1851
4,period,2200064,30815,space_invaders,space_invaders,4,37.0,1851
4,period,2200064,30815,space_invaders,space_invaders,5,12.0,1851
4,period,2200064,30815,space_invaders,space_invaders,6,30.0,1851
4,period,2200064,30815,space_invaders,space_invaders,7,23.0,1851
4,period,2200064,30815,space_invaders,space_invaders,8,20.0,1851
4,period,2200064,30815,space_invaders,space_invaders,9,44.0,1851
4,period,2200064,30815,space_invaders,space_invaders,10,14.0,1851
4,period,2200064,30815,space_invaders,freeway,1,0.0,25000
4,period,2200064,30815,space_invaders,freeway,2,0.0,25000
4,period,2200064,30815,space_invaders,freeway,3,0.0,25000
4,period,2200064,30815,space_invaders,freeway,4,0.0,25000
4,period,2200064,30815,space_invaders,freeway,5,0.0,25000
4,period,2200064,30815,space_invaders,freeway,6,0.0,25000
4,period,2200064,30815,space_invaders,freeway,7,0.0,25000
4,period,2200064,30815,space_invaders,freeway,8,0.0,25000
4,period,2200064,30815,space_invaders,freeway,9,0.0,25000
4,period,2200064,30815,space_invaders,freeway,10,0.0,25000
4,period,2225152,30929,space_invaders,breakout,1,5.0,670
4,period,2225152,30929,space_invaders,breakout,2,6.0,670
4,period,2225152,30929,space_invaders,breakout,3,5.0,670
4,period,2225152,30929,space_invaders,breakout,4,6.0,670
4,period,2225152,30929,space_invaders,breakout,5,6.0,670
4,period,2225152,30929,space_invaders,breakout,6,5.0,670
4,period,2225152,30929,space_invaders,breakout,7,7.0,670
4,period,2225152,30929,space_invaders,breakout,8,5.0,670
4,period,2225152,30929,space_invaders,breakout,9,6.0,670
4,period,2225152,30929,space_invaders,breakout,10,6.0,670
4,period,2225152,30929,space_invaders,space_invaders,1,25.0,2545
4,period,2225152,30929,space_invaders,space_invaders,2,46.0,2545
4,period,2225152,30929,space_invaders,space_invaders,3,47.0,2545
4,period,2225152,30929,space_invaders,space_invaders,4,49.0,2545
4,period,2225152,30929,space_invaders,space_invaders,5,9.0,2545
4,period,2225152,30929,space_invaders,space_invaders,6,6.0,2545
4,period,2225152,30929,space_invaders,space_invaders,7,52.0,2545
4,period,2225152,30929,space_invaders,space_invaders,8,6.0,2545
4,period,2225152,30929,space_invaders,space_invaders,9,23.0,2545
4,period,2225152,30929,space_invaders,space_invaders,10,23.0,2545
4,period,2225152,30929,space_invaders,freeway,1,0.0,25000
4,period,2225152,30929,space_invaders,freeway,2,0.0,25000
4,period,2225152,30929,space_invaders,freeway,3,0.0,25000
4,period,2225152,30929,space_invaders,freeway,4,1.0,25000
4,period,2225152,30929,space_invaders,freeway,5,0.0,25000
4,period,2225152,30929,space_invaders,freeway,6,0.0,25000
4,period,2225152,30929,space_invaders,freeway,7,0.0,25000
4,period,2225152,30929,space_invaders,freeway,8,0.0,25000
4,period,2225152,30929,space_invaders,freeway,9,0.0,25000
4,period,2225152,30929,space_invaders,freeway,10,0.0,25000
4,period,2250240,31049,space_invaders,breakout,1,6.0,640
4,period,2250240,31049,space_invaders,breakout,2,6.0,640
4,period,2250240,31049,space_invaders,breakout,3,6.0,640
4,period,2250240,31049,space_invaders,breakout,4,5.0,640
4,period,2250240,31049,space_invaders,breakout,5,6.0,640
4,period,2250240,31049,space_invaders,breakout,6,5.0,640
4,period,2250240,31049,space_invaders,breakout,7,5.0,640
4,period,2250240,31049,space_invaders,breakout,8,5.0,640
4,period,2250240,31049,space_invaders,breakout,9,5.0,640
4,period,2250240,31049,space_invaders,breakout,10,5.0,640
4,period,2250240,31049,space_invaders,space_invaders,1,36.0,1641
4,period,2250240,31049,space_invaders,space_invaders,2,36.0,1641
4,period,2250240,31049,space_invaders,space_invaders,3,14.0,1641
4,period,2250240,31049,space_invaders,space_invaders,4,18.0,1641
4,period,2250240,31049,space_invaders,space_invaders,5,15.0,1641
4,period,2250240,31049,space_invaders,space_invaders,6,8.0,1641
4,period,2250240,31049,space_invaders,space_invaders,7,27.0,1641
4,period,2250240,31049,space_invaders,space_invaders,8,19.0,1641
4,period,2250240,31049,space_invaders,space_invaders,9,14.0,1641
4,period,2250240,31049,space_invaders,space_invaders,10,16.0,1641
4,period,2250240,31049,space_invaders,freeway,1,1.0,25000
4,period,2250240,31049,space_invaders,freeway,2,0.0,25000
4,period,2250240,31049,space_invaders,freeway,3,0.0,25000
4,period,2250240,31049,space_invaders,freeway,4,1.0,25000
4,period,2250240,31049,space_invaders,freeway,5,1.0,25000
4,period,2250240,31049,space_invaders,freeway,6,0.0,25000
4,period,2250240,31049,space_invaders,freeway,7,0.0,25000
4,period,2250240,31049,space_invaders,freeway,8,0.0,25000
4,period,2250240,31049,space_invaders,freeway,9,1.0,25000
4,period,2250240,31049,space_invaders,freeway,10,0.0,25000
4,period,2275072,31154,space_invaders,breakout,1,3.0,504
4,period,2275072,31154,space_invaders,breakout,2,2.0,504
4,period,2275072,31154,space_invaders,breakout,3,3.0,504
4,period,2275072,31154,space_invaders,breakout,4,6.0,504
4,period,2275072,31154,space_invaders,breakout,5,6.0,504
4,period,2275072,31154,space_invaders,breakout,6,6.0,504
4,period,2275072,31154,space_invaders,breakout,7,2.0,504
4,period,2275072,31154,space_invaders,breakout,8,2.0,504
4,period,2275072,31154,space_invaders,breakout,9,6.0,504
4,period,2275072,31154,space_invaders,breakout,10,6.0,504
4,period,2275072,31154,space_invaders,space_invaders,1,50.0,2021
4,period,2275072,31154,space_invaders,space_invaders,2,8.0,2021
4,period,2275072,31154,space_invaders,space_invaders,3,60.0,2021
4,period,2275072,31154,space_invaders,space_invaders,4,6.0,2021
4,period,2275072,31154,space_invaders,space_invaders,5,13.0,2021
4,period,2275072,31154,space_invaders,space_invaders,6,22.0,2021
4,period,2275072,31154,space_invaders,space_invaders,7,8.0,2021
4,period,2275072,31154,space_invaders,space_invaders,8,8.0,2021
4,period,2275072,31154,space_invaders,space_invaders,9,23.0,2021
4,period,2275072,31154,space_invaders,space_invaders,10,42.0,2021
4,period,2275072,31154,space_invaders,freeway,1,0.0,25000
4,period,2275072,31154,space_invaders,freeway,2,0.0,25000
4,period,2275072,31154,space_invaders,freeway,3,0.0,25000
4,period,2275072,31154,space_invaders,freeway,4,0.0,25000
4,period,2275072,31154,space_invaders,freeway,5,0.0,25000
4,period,2275072,31154,space_invaders,freeway,6,0.0,25000
4,period,2275072,31154,space_invaders,freeway,7,0.0,25000
4,period,2275072,31154,space_invaders,freeway,8,0.0,25000
4,period,2275072,31154,space_invaders,freeway,9,0.0,25000
4,period,2275072,31154,space_invaders,freeway,10,0.0,25000
4,period,2300160,31265,space_invaders,breakout,1,6.0,442
4,period,2300160,31265,space_invaders,breakout,2,5.0,442
4,period,2300160,31265,space_invaders,breakout,3,3.0,442
4,period,2300160,31265,space_invaders,breakout,4,0.0,442
4,period,2300160,31265,space_invaders,breakout,5,3.0,442
4,period,2300160,31265,space_invaders,breakout,6,0.0,442
4,period,2300160,31265,space_invaders,breakout,7,6.0,442
4,period,2300160,31265,space_invaders,breakout,8,3.0,442
4,period,2300160,31265,space_invaders,breakout,9,6.0,442
4,period,2300160,31265,space_invaders,breakout,10,3.0,442
4,period,2300160,31265,space_invaders,space_invaders,1,14.0,1244
4,period,2300160,31265,space_invaders,space_invaders,2,13.0,1244
4,period,2300160,31265,space_invaders,space_invaders,3,13.0,1244
4,period,2300160,31265,space_invaders,space_invaders,4,10.0,1244
4,period,2300160,31265,space_invaders,space_invaders,5,13.0,1244
4,period,2300160,31265,space_invaders,space_invaders,6,23.0,1244
4,period,2300160,31265,space_invaders,space_invaders,7,12.0,1244
4,period,2300160,31265,space_invaders,space_invaders,8,47.0,1244
4,period,2300160,31265,space_invaders,space_invaders,9,21.0,1244
4,period,2300160,31265,space_invaders,space_invaders,10,13.0,1244
4,period,2300160,31265,space_invaders,freeway,1,0.0,25000
4,period,2300160,31265,space_invaders,freeway,2,0.0,25000
4,period,2300160,31265,space_invaders,freeway,3,0.0,25000
4,period,2300160,31265,space_invaders,freeway,4,0.0,25000
4,period,2300160,31265,space_invaders,freeway,5,0.0,25000
4,period,2300160,31265,space_invaders,freeway,6,0.0,25000
4,period,2300160,31265,space_invaders,freeway,7,0.0,25000
4,period,2300160,31265,space_invaders,freeway,8,0.0,25000
4,period,2300160,31265,space_invaders,freeway,9,0.0,25000
4,period,2300160,31265,space_invaders,freeway,10,0.0,25000
4,period,2325248,31383,space_invaders,breakout,1,6.0,680
4,period,2325248,31383,space_invaders,breakout,2,7.0,680
4,period,2325248,31383,space_invaders,breakout,3,5.0,680
4,period,2325248,31383,space_invaders,breakout,4,5.0,680
4,period,2325248,31383,space_invaders,breakout,5,5.0,680
4,period,2325248,31383,space_invaders,breakout,6,6.0,680
4,period,2325248,31383,space_invaders,breakout,7,7.0,680
4,period,2325248,31383,space_invaders,breakout,8,5.0,680
4,period,2325248,31383,space_invaders,breakout,9,6.0,680
4,period,2325248,31383,space_invaders,breakout,10,6.0,680
4,period,2325248,31383,space_invaders,space_invaders,1,30.0,2387
4,period,2325248,31383,space_invaders,space_invaders,2,9.0,2387
4,period,2325248,31383,space_invaders,space_invaders,3,53.0,2387
4,period,2325248,31383,space_invaders,space_invaders,4,23.0,2387
4,period,2325248,31383,space_invaders,space_invaders,5,9.0,2387
4,period,2325248,31383,space_invaders,space_invaders,6,23.0,2387
4,period,2325248,31383,space_invaders,space_invaders,7,25.0,2387
4,period,2325248,31383,space_invaders,space_invaders,8,49.0,2387
4,period,2325248,31383,space_invaders,space_invaders,9,15.0,2387
4,period,2325248,31383,space_invaders,space_invaders,10,57.0,2387
4,period,2325248,31383,space_invaders,freeway,1,0.0,25000
4,period,2325248,31383,space_invaders,freeway,2,0.0,25000
4,period,2325248,31383,space_invaders,freeway,3,0.0,25000
4,period,2325248,31383,space_invaders,freeway,4,0.0,25000
4,period,2325248,31383,space_invaders,freeway,5,0.0,25000
4,period,2325248,31383,space_invaders,freeway,6,0.0,25000
4,period,2325248,31383,space_invaders,freeway,7,0.0,25000
4,period,2325248,31383,space_invaders,freeway,8,0.0,25000
4,period,2325248,31383,space_invaders,freeway,9,0.0,25000
4,period,2325248,31383,space_invaders,freeway,10,0.0,25000
4,period,2350080,31497,space_invaders,breakout,1,5.0,562
4,period,2350080,31497,space_invaders,breakout,2,2.0,562
4,period,2350080,31497,space_invaders,breakout,3,6.0,562
4,period,2350080,31497,space_invaders,breakout,4,5.0,562
4,period,2350080,31497,space_invaders,breakout,5,2.0,562
4,period,2350080,31497,space_invaders,breakout,6,6.0,562
4,period,2350080,31497,space_invaders,breakout,7,6.0,562
4,period,2350080,31497,space_invaders,breakout,8,5.0,562
4,period,2350080,31497,space_invaders,breakout,9,5.0,562
4,period,2350080,31497,space_invaders,breakout,10,5.0,562
4,period,2350080,31497,space_invaders,space_invaders,1,23.0,2474
4,period,2350080,31497,space_invaders,space_invaders,2,23.0,2474
4,period,2350080,31497,space_invaders,space_invaders,3,30.0,2474
4,period,2350080,31497,space_invaders,space_invaders,4,29.0,2474
4,period,2350080,31497,space_invaders,space_invaders,5,29.0,2474
4,period,2350080,31497,space_invaders,space_invaders,6,30.0,2474
4,period,2350080,31497,space_invaders,space_invaders,7,35.0,2474
4,period,2350080,31497,space_invaders,space_invaders,8,18.0,2474
4,period,2350080,31497,space_invaders,space_invaders,9,43.0,2474
4,period,2350080,31497,space_invaders,space_invaders,10,23.0,2474
4,period,2350080,31497,space_invaders,freeway,1,0.0,25000
4,period,2350080,31497,space_invaders,freeway,2,0.0,25000
4,period,2350080,31497,space_invaders,freeway,3,1.0,25000
4,period,2350080,31497,space_invaders,freeway,4,0.0,25000
4,period,2350080,31497,space_invaders,freeway,5,0.0,25000
4,period,2350080,31497,space_invaders,freeway,6,0.0,25000
4,period,2350080,31497,space_invaders,freeway,7,0.0,25000
4,period,2350080,31497,space_invaders,freeway,8,0.0,25000
4,period,2350080,31497,space_invaders,freeway,9,0.0,25000
4,period,2350080,31497,space_invaders,freeway,10,0.0,25000
4,period,2375168,31600,space_invaders,breakout,1,3.0,422
4,period,2375168,31600,space_invaders,breakout,2,2.0,422
4,period,2375168,31600,space_invaders,breakout,3,3.0,422
4,period,2375168,31600,space_invaders,breakout,4,6.0,422
4,period,2375168,31600,space_invaders,breakout,5,3.0,422
4,period,2375168,31600,space_invaders,breakout,6,3.0,422
4,period,2375168,31600,space_invaders,breakout,7,5.0,422
4,period,2375168,31600,space_invaders,breakout,8,3.0,422
4,period,2375168,31600,space_invaders,breakout,9,3.0,422
4,period,2375168,31600,space_invaders,breakout,10,3.0,422
4,period,2375168,31600,space_invaders,space_invaders,1,47.0,3846
4,period,2375168,31600,space_invaders,space_invaders,2,33.0,3846
4,period,2375168,31600,space_invaders,space_invaders,3,120.0,3846
4,period,2375168,31600,space_invaders,space_invaders,4,79.0,3846
4,period,2375168,31600,space_invaders,space_invaders,5,23.0,3846
4,period,2375168,31600,space_invaders,space_invaders,6,23.0,3846
4,period,2375168,31600,space_invaders,space_invaders,7,7.0,3846
4,period,2375168,31600,space_invaders,space_invaders,8,40.0,3846
4,period,2375168,31600,space_invaders,space_invaders,9,23.0,3846
4,period,2375168,31600,space_invaders,space_invaders,10,22.0,3846
4,period,2375168,31600,space_invaders,freeway,1,0.0,25000
4,period,2375168,31600,space_invaders,freeway,2,0.0,25000
4,period,2375168,31600,space_invaders,freeway,3,0.0,25000
4,period,2375168,31600,space_invaders,freeway,4,0.0,25000
4,period,2375168,31600,space_invaders,freeway,5,0.0,25000
4,period,2375168,31600,space_invaders,freeway,6,0.0,25000
4,period,2375168,31600,space_invaders,freeway,7,0.0,25000
4,period,2375168,31600,space_invaders,freeway,8,0.0,25000
4,period,2375168,31600,space_invaders,freeway,9,0.0,25000
4,period,2375168,31600,space_invaders,freeway,10,0.0,25000
4,period,2400000,31729,space_invaders,breakout,1,2.0,416
4,period,2400000,31729,space_invaders,breakout,2,4.0,416
4,period,2400000,31729,space_invaders,breakout,3,3.0,416
4,period,2400000,31729,space_invaders,breakout,4,3.0,416
4,period,2400000,31729,space_invaders,breakout,5,3.0,416
4,period,2400000,31729,space_invaders,breakout,6,3.0,416
4,period,2400000,31729,space_invaders,breakout,7,5.0,416
4,period,2400000,31729,space_invaders,breakout,8,3.0,416
4,period,2400000,31729,space_invaders,breakout,9,2.0,416
4,period,2400000,31729,space_invaders,breakout,10,5.0,416
4,period,2400000,31729,space_invaders,space_invaders,1,11.0,2212
4,period,2400000,31729,space_invaders,space_invaders,2,38.0,2212
4,period,2400000,31729,space_invaders,space_invaders,3,28.0,2212
4,period,2400000,31729,space_invaders,space_invaders,4,33.0,2212
4,period,2400000,31729,space_invaders,space_invaders,5,6.0,2212
4,period,2400000,31729,space_invaders,space_invaders,6,23.0,2212
4,period,2400000,31729,space_invaders,space_invaders,7,72.0,2212
4,period,2400000,31729,space_invaders,space_invaders,8,15.0,2212
4,period,2400000,31729,space_invaders,space_invaders,9,28.0,2212
4,period,2400000,31729,space_invaders,space_invaders,10,15.0,2212
4,period,2400000,31729,space_invaders,freeway,1,0.0,25000
4,period,2400000,31729,space_invaders,freeway,2,0.0,25000
4,period,2400000,31729,space_invaders,freeway,3,0.0,25000
4,period,2400000,31729,space_invaders,freeway,4,0.0,25000
4,period,2400000,31729,space_invaders,freeway,5,0.0,25000
4,period,2400000,31729,space_invaders,freeway,6,0.0,25000
4,period,2400000,31729,space_invaders,freeway,7,0.0,25000
4,period,2400000,31729,space_invaders,freeway,8,0.0,25000
4,period,2400000,31729,space_invaders,freeway,9,0.0,25000
4,period,2400000,31729,space_invaders,freeway,10,0.0,25000
4,period,2425088,31859,space_invaders,breakout,1,3.0,498
4,period,2425088,31859,space_invaders,breakout,2,3.0,498
4,period,2425088,31859,space_invaders,breakout,3,5.0,498
4,period,2425088,31859,space_invaders,breakout,4,5.0,498
4,period,2425088,31859,space_invaders,breakout,5,5.0,498
4,period,2425088,31859,space_invaders,breakout,6,6.0,498
4,period,2425088,31859,space_invaders,breakout,7,3.0,498
4,period,2425088,31859,space_invaders,breakout,8,2.0,498
4,period,2425088,31859,space_invaders,breakout,9,3.0,498
4,period,2425088,31859,space_invaders,breakout,10,5.0,498
4,period,2425088,31859,space_invaders,space_invaders,1,20.0,1556
4,period,2425088,31859,space_invaders,space_invaders,2,31.0,1556
4,period,2425088,31859,space_invaders,space_invaders,3,23.0,1556
4,period,2425088,31859,space_invaders,space_invaders,4,36.0,1556
4,period,2425088,31859,space_invaders,space_invaders,5,15.0,1556
4,period,2425088,31859,space_invaders,space_invaders,6,13.0,1556
4,period,2425088,31859,space_invaders,space_invaders,7,34.0,1556
4,period,2425088,31859,space_invaders,space_invaders,8,15.0,1556
4,period,2425088,31859,space_invaders,space_invaders,9,18.0,1556
4,period,2425088,31859,space_invaders,space_invaders,10,23.0,1556
4,period,2425088,31859,space_invaders,freeway,1,0.0,25000
4,period,2425088,31859,space_invaders,freeway,2,0.0,25000
4,period,2425088,31859,space_invaders,freeway,3,0.0,25000
4,period,2425088,31859,space_invaders,freeway,4,0.0,25000
4,period,2425088,31859,space_invaders,freeway,5,0.0,25000
4,period,2425088,31859,space_invaders,freeway,6,0.0,25000
4,period,2425088,31859,space_invaders,freeway,7,0.0,25000
4,period,2425088,31859,space_invaders,freeway,8,0.0,25000
4,period,2425088,31859,space_invaders,freeway,9,0.0,25000
4,period,2425088,31859,space_invaders,freeway,10,0.0,25000
4,period,2450176,31969,space_invaders,breakout,1,5.0,486
4,period,2450176,31969,space_invaders,breakout,2,3.0,486
4,period,2450176,31969,space_invaders,breakout,3,6.0,486
4,period,2450176,31969,space_invaders,breakout,4,1.0,486
4,period,2450176,31969,space_invaders,breakout,5,5.0,486
4,period,2450176,31969,space_invaders,breakout,6,3.0,486
4,period,2450176,31969,space_invaders,breakout,7,5.0,486
4,period,2450176,31969,space_invaders,breakout,8,3.0,486
4,period,2450176,31969,space_invaders,breakout,9,5.0,486
4,period,2450176,31969,space_invaders,breakout,10,3.0,486
4,period,2450176,31969,space_invaders,space_invaders,1,30.0,1794
4,period,2450176,31969,space_invaders,space_invaders,2,55.0,1794
4,period,2450176,31969,space_invaders,space_invaders,3,15.0,1794
4,period,2450176,31969,space_invaders,space_invaders,4,24.0,1794
4,period,2450176,31969,space_invaders,space_invaders,5,26.0,1794
4,period,2450176,31969,space_invaders,space_invaders,6,23.0,1794
4,period,2450176,31969,space_invaders,space_invaders,7,15.0,1794
4,period,2450176,31969,space_invaders,space_invaders,8,32.0,1794
4,period,2450176,31969,space_invaders,space_invaders,9,4.0,1794
4,period,2450176,31969,space_invaders,space_invaders,10,13.0,1794
4,period,2450176,31969,space_invaders,freeway,1,0.0,25000
4,period,2450176,31969,space_invaders,freeway,2,0.0,25000
4,period,2450176,31969,space_invaders,freeway,3,0.0,25000
4,period,2450176,31969,space_invaders,freeway,4,0.0,25000
4,period,2450176,31969,space_invaders,freeway,5,0.0,25000
4,period,2450176,31969,space_invaders,freeway,6,0.0,25000
4,period,2450176,31969,space_invaders,freeway,7,0.0,25000
4,period,2450176,31969,space_invaders,freeway,8,0.0,25000
4,period,2450176,31969,space_invaders,freeway,9,0.0,25000
4,period,2450176,31969,space_invaders,freeway,10,0.0,25000
4,period,2475008,32064,space_invaders,breakout,1,1.0,426
4,period,2475008,32064,space_invaders,breakout,2,5.0,426
4,period,2475008,32064,space_invaders,breakout,3,5.0,426
4,period,2475008,32064,space_invaders,breakout,4,5.0,426
4,period,2475008,32064,space_invaders,breakout,5,3.0,426
4,period,2475008,32064,space_invaders,breakout,6,2.0,426
4,period,2475008,32064,space_invaders,breakout,7,2.0,426
4,period,2475008,32064,space_invaders,breakout,8,0.0,426
4,period,2475008,32064,space_invaders,breakout,9,6.0,426
4,period,2475008,32064,space_invaders,breakout,10,5.0,426
4,period,2475008,32064,space_invaders,space_invaders,1,13.0,3098
4,period,2475008,32064,space_invaders,space_invaders,2,71.0,3098
4,period,2475008,32064,space_invaders,space_invaders,3,23.0,3098
4,period,2475008,32064,space_invaders,space_invaders,4,23.0,3098
4,period,2475008,32064,space_invaders,space_invaders,5,117.0,3098
4,period,2475008,32064,space_invaders,space_invaders,6,22.0,3098
4,period,2475008,32064,space_invaders,space_invaders,7,22.0,3098
4,period,2475008,32064,space_invaders,space_invaders,8,23.0,3098
4,period,2475008,32064,space_invaders,space_invaders,9,30.0,3098
4,period,2475008,32064,space_invaders,space_invaders,10,14.0,3098
4,period,2475008,32064,space_invaders,freeway,1,0.0,25000
4,period,2475008,32064,space_invaders,freeway,2,0.0,25000
4,period,2475008,32064,space_invaders,freeway,3,0.0,25000
4,period,2475008,32064,space_invaders,freeway,4,0.0,25000
4,period,2475008,32064,space_invaders,freeway,5,0.0,25000
4,period,2475008,32064,space_invaders,freeway,6,0.0,25000
4,period,2475008,32064,space_invaders,freeway,7,0.0,25000
4,period,2475008,32064,space_invaders,freeway,8,0.0,25000
4,period,2475008,32064,space_invaders,freeway,9,0.0,25000
4,period,2475008,32064,space_invaders,freeway,10,0.0,25000
5,boundary,2999808,32328,freeway,breakout,1,3.0,378
5,boundary,2999808,32328,freeway,breakout,2,3.0,378
5,boundary,2999808,32328,freeway,breakout,3,1.0,378
5,boundary,2999808,32328,freeway,breakout,4,3.0,378
5,boundary,2999808,32328,freeway,breakout,5,3.0,378
5,boundary,2999808,32328,freeway,breakout,6,6.0,378
5,boundary,2999808,32328,freeway,breakout,7,3.0,378
5,boundary,2999808,32328,freeway,breakout,8,3.0,378
5,boundary,2999808,32328,freeway,breakout,9,3.0,378
5,boundary,2999808,32328,freeway,breakout,10,2.0,378
5,boundary,2999808,32328,freeway,space_invaders,1,35.0,2305
5,boundary,2999808,32328,freeway,space_invaders,2,23.0,2305
5,boundary,2999808,32328,freeway,space_invaders,3,33.0,2305
5,boundary,2999808,32328,freeway,space_invaders,4,21.0,2305
5,boundary,2999808,32328,freeway,space_invaders,5,22.0,2305
5,boundary,2999808,32328,freeway,space_invaders,6,76.0,2305
5,boundary,2999808,32328,freeway,space_invaders,7,20.0,2305
5,boundary,2999808,32328,freeway,space_invaders,8,14.0,2305
5,boundary,2999808,32328,freeway,space_invaders,9,17.0,2305
5,boundary,2999808,32328,freeway,space_invaders,10,19.0,2305
5,boundary,2999808,32328,freeway,freeway,1,0.0,25000
5,boundary,2999808,32328,freeway,freeway,2,0.0,25000
5,boundary,2999808,32328,freeway,freeway,3,0.0,25000
5,boundary,2999808,32328,freeway,freeway,4,0.0,25000
5,boundary,2999808,32328,freeway,freeway,5,0.0,25000
5,boundary,2999808,32328,freeway,freeway,6,0.0,25000
5,boundary,2999808,32328,freeway,freeway,7,0.0,25000
5,boundary,2999808,32328,freeway,freeway,8,1.0,25000
5,boundary,2999808,32328,freeway,freeway,9,0.0,25000
5,boundary,2999808,32328,freeway,freeway,10,0.0,25000
5,period,2500096,32136,freeway,breakout,1,3.0,462
5,period,2500096,32136,freeway,breakout,2,6.0,462
5,period,2500096,32136,freeway,breakout,3,6.0,462
5,period,2500096,32136,freeway,breakout,4,2.0,462
5,period,2500096,32136,freeway,breakout,5,2.0,462
5,period,2500096,32136,freeway,breakout,6,3.0,462
5,period,2500096,32136,freeway,breakout,7,5.0,462
5,period,2500096,32136,freeway,breakout,8,6.0,462
5,period,2500096,32136,freeway,breakout,9,3.0,462
5,period,2500096,32136,freeway,breakout,10,2.0,462
5,period,2500096,32136,freeway,space_invaders,1,22.0,2647
5,period,2500096,32136,freeway,space_invaders,2,30.0,2647
5,period,2500096,32136,freeway,space_invaders,3,23.0,2647
5,period,2500096,32136,freeway,space_invaders,4,56.0,2647
5,period,2500096,32136,freeway,space_invaders,5,47.0,2647
5,period,2500096,32136,freeway,space_invaders,6,7.0,2647
5,period,2500096,32136,freeway,space_invaders,7,27.0,2647
5,period,2500096,32136,freeway,space_invaders,8,16.0,2647
5,period,2500096,32136,freeway,space_invaders,9,23.0,2647
5,period,2500096,32136,freeway,space_invaders,10,49.0,2647
5,period,2500096,32136,freeway,freeway,1,0.0,25000
5,period,2500096,32136,freeway,freeway,2,0.0,25000
5,period,2500096,32136,freeway,freeway,3,0.0,25000
5,period,2500096,32136,freeway,freeway,4,0.0,25000
5,period,2500096,32136,freeway,freeway,5,0.0,25000
5,period,2500096,32136,freeway,freeway,6,0.0,25000
5,period,2500096,32136,freeway,freeway,7,0.0,25000
5,period,2500096,32136,freeway,freeway,8,0.0,25000
5,period,2500096,32136,freeway,freeway,9,0.0,25000
5,period,2500096,32136,freeway,freeway,10,0.0,25000
5,period,2525184,32136,freeway,breakout,1,6.0,506
5,period,2525184,32136,freeway,breakout,2,2.0,506
5,period,2525184,32136,freeway,breakout,3,6.0,506
5,period,2525184,32136,freeway,breakout,4,2.0,506
5,period,2525184,32136,freeway,breakout,5,6.0,506
5,period,2525184,32136,freeway,breakout,6,3.0,506
5,period,2525184,32136,freeway,breakout,7,3.0,506
5,period,2525184,32136,freeway,breakout,8,6.0,506
5,period,2525184,32136,freeway,breakout,9,5.0,506
5,period,2525184,32136,freeway,breakout,10,3.0,506
5,period,2525184,32136,freeway,space_invaders,1,71.0,2467
5,period,2525184,32136,freeway,space_invaders,2,23.0,2467
5,period,2525184,32136,freeway,space_invaders,3,7.0,2467
5,period,2525184,32136,freeway,space_invaders,4,23.0,2467
5,period,2525184,32136,freeway,space_invaders,5,7.0,2467
5,period,2525184,32136,freeway,space_invaders,6,23.0,2467
5,period,2525184,32136,freeway,space_invaders,7,20.0,2467
5,period,2525184,32136,freeway,space_invaders,8,37.0,2467
5,period,2525184,32136,freeway,space_invaders,9,26.0,2467
5,period,2525184,32136,freeway,space_invaders,10,18.0,2467
5,period,2525184,32136,freeway,freeway,1,0.0,25000
5,period,2525184,32136,freeway,freeway,2,0.0,25000
5,period,2525184,32136,freeway,freeway,3,0.0,25000
5,period,2525184,32136,freeway,freeway,4,0.0,25000
5,period,2525184,32136,freeway,freeway,5,0.0,25000
5,period,2525184,32136,freeway,freeway,6,0.0,25000
5,period,2525184,32136,freeway,freeway,7,0.0,25000
5,period,2525184,32136,freeway,freeway,8,0.0,25000
5,period,2525184,32136,freeway,freeway,9,0.0,25000
5,period,2525184,32136,freeway,freeway,10,0.0,25000
5,period,2550016,32152,freeway,breakout,1,3.0,484
5,period,2550016,32152,freeway,breakout,2,6.0,484
5,period,2550016,32152,freeway,breakout,3,3.0,484
5,period,2550016,32152,freeway,breakout,4,5.0,484
5,period,2550016,32152,freeway,breakout,5,3.0,484
5,period,2550016,32152,freeway,breakout,6,3.0,484
5,period,2550016,32152,freeway,breakout,7,5.0,484
5,period,2550016,32152,freeway,breakout,8,5.0,484
5,period,2550016,32152,freeway,breakout,9,3.0,484
5,period,2550016,32152,freeway,breakout,10,3.0,484
5,period,2550016,32152,freeway,space_invaders,1,43.0,3085
5,period,2550016,32152,freeway,space_invaders,2,39.0,3085
5,period,2550016,32152,freeway,space_invaders,3,49.0,3085
5,period,2550016,32152,freeway,space_invaders,4,47.0,3085
5,period,2550016,32152,freeway,space_invaders,5,47.0,3085
5,period,2550016,32152,freeway,space_invaders,6,23.0,3085
5,period,2550016,32152,freeway,space_invaders,7,23.0,3085
5,period,2550016,32152,freeway,space_invaders,8,47.0,3085
5,period,2550016,32152,freeway,space_invaders,9,21.0,3085
5,period,2550016,32152,freeway,space_invaders,10,7.0,3085
5,period,2550016,32152,freeway,freeway,1,0.0,25000
5,period,2550016,32152,freeway,freeway,2,0.0,25000
5,period,2550016,32152,freeway,freeway,3,0.0,25000
5,period,2550016,32152,freeway,freeway,4,0.0,25000
5,period,2550016,32152,freeway,freeway,5,0.0,25000
5,period,2550016,32152,freeway,freeway,6,0.0,25000
5,period,2550016,32152,freeway,freeway,7,0.0,25000
5,period,2550016,32152,freeway,freeway,8,0.0,25000
5,period,2550016,32152,freeway,freeway,9,0.0,25000
5,period,2550016,32152,freeway,freeway,10,0.0,25000
5,period,2575104,32152,freeway,breakout,1,3.0,486
5,period,2575104,32152,freeway,breakout,2,6.0,486
5,period,2575104,32152,freeway,breakout,3,2.0,486
5,period,2575104,32152,freeway,breakout,4,6.0,486
5,period,2575104,32152,freeway,breakout,5,3.0,486
5,period,2575104,32152,freeway,breakout,6,6.0,486
5,period,2575104,32152,freeway,breakout,7,3.0,486
5,period,2575104,32152,freeway,breakout,8,5.0,486
5,period,2575104,32152,freeway,breakout,9,3.0,486
5,period,2575104,32152,freeway,breakout,10,3.0,486
5,period,2575104,32152,freeway,space_invaders,1,36.0,2739
5,period,2575104,32152,freeway,space_invaders,2,23.0,2739
5,period,2575104,32152,freeway,space_invaders,3,24.0,2739
5,period,2575104,32152,freeway,space_invaders,4,47.0,2739
5,period,2575104,32152,freeway,space_invaders,5,78.0,2739
5,period,2575104,32152,freeway,space_invaders,6,21.0,2739
5,period,2575104,32152,freeway,space_invaders,7,30.0,2739
5,period,2575104,32152,freeway,space_invaders,8,23.0,2739
5,period,2575104,32152,freeway,space_invaders,9,15.0,2739
5,period,2575104,32152,freeway,space_invaders,10,34.0,2739
5,period,2575104,32152,freeway,freeway,1,0.0,25000
5,period,2575104,32152,freeway,freeway,2,0.0,25000
5,period,2575104,32152,freeway,freeway,3,0.0,25000
5,period,2575104,32152,freeway,freeway,4,0.0,25000
5,period,2575104,32152,freeway,freeway,5,0.0,25000
5,period,2575104,32152,freeway,freeway,6,0.0,25000
5,period,2575104,32152,freeway,freeway,7,0.0,25000
5,period,2575104,32152,freeway,freeway,8,0.0,25000
5,period,2575104,32152,freeway,freeway,9,0.0,25000
5,period,2575104,32152,freeway,freeway,10,0.0,25000
5,period,2600192,32168,freeway,breakout,1,6.0,444
5,period,2600192,32168,freeway,breakout,2,3.0,444
5,period,2600192,32168,freeway,breakout,3,5.0,444
5,period,2600192,32168,freeway,breakout,4,1.0,444
5,period,2600192,32168,freeway,breakout,5,3.0,444
5,period,2600192,32168,freeway,breakout,6,1.0,444
5,period,2600192,32168,freeway,breakout,7,3.0,444
5,period,2600192,32168,freeway,breakout,8,3.0,444
5,period,2600192,32168,freeway,breakout,9,6.0,444
5,period,2600192,32168,freeway,breakout,10,5.0,444
5,period,2600192,32168,freeway,space_invaders,1,14.0,2638
5,period,2600192,32168,freeway,space_invaders,2,23.0,2638
5,period,2600192,32168,freeway,space_invaders,3,18.0,2638
5,period,2600192,32168,freeway,space_invaders,4,52.0,2638
5,period,2600192,32168,freeway,space_invaders,5,71.0,2638
5,period,2600192,32168,freeway,space_invaders,6,27.0,2638
5,period,2600192,32168,freeway,space_invaders,7,47.0,2638
5,period,2600192,32168,freeway,space_invaders,8,17.0,2638
5,period,2600192,32168,freeway,space_invaders,9,29.0,2638
5,period,2600192,32168,freeway,space_invaders,10,13.0,2638
5,period,2600192,32168,freeway,freeway,1,0.0,25000
5,period,2600192,32168,freeway,freeway,2,0.0,25000
5,period,2600192,32168,freeway,freeway,3,0.0,25000
5,period,2600192,32168,freeway,freeway,4,0.0,25000
5,period,2600192,32168,freeway,freeway,5,0.0,25000
5,period,2600192,32168,freeway,freeway,6,0.0,25000
5,period,2600192,32168,freeway,freeway,7,0.0,25000
5,period,2600192,32168,freeway,freeway,8,0.0,25000
5,period,2600192,32168,freeway,freeway,9,0.0,25000
5,period,2600192,32168,freeway,freeway,10,0.0,25000
5,period,2625024,32184,freeway,breakout,1,2.0,432
5,period,2625024,32184,freeway,breakout,2,3.0,432
5,period,2625024,32184,freeway,breakout,3,3.0,432
5,period,2625024,32184,freeway,breakout,4,2.0,432
5,period,2625024,32184,freeway,breakout,5,5.0,432
5,period,2625024,32184,freeway,breakout,6,5.0,432
5,period,2625024,32184,freeway,breakout,7,3.0,432
5,period,2625024,32184,freeway,breakout,8,6.0,432
5,period,2625024,32184,freeway,breakout,9,3.0,432
5,period,2625024,32184,freeway,breakout,10,3.0,432
5,period,2625024,32184,freeway,space_invaders,1,139.0,3258
5,period,2625024,32184,freeway,space_invaders,2,31.0,3258
5,period,2625024,32184,freeway,space_invaders,3,54.0,3258
5,period,2625024,32184,freeway,space_invaders,4,45.0,3258
5,period,2625024,32184,freeway,space_invaders,5,23.0,3258
5,period,2625024,32184,freeway,space_invaders,6,23.0,3258
5,period,2625024,32184,freeway,space_invaders,7,20.0,3258
5,period,2625024,32184,freeway,space_invaders,8,35.0,3258
5,period,2625024,32184,freeway,space_invaders,9,8.0,3258
5,period,2625024,32184,freeway,space_invaders,10,13.0,3258
5,period,2625024,32184,freeway,freeway,1,0.0,25000
5,period,2625024,32184,freeway,freeway,2,0.0,25000
5,period,2625024,32184,freeway,freeway,3,0.0,25000
5,period,2625024,32184,freeway,freeway,4,0.0,25000
5,period,2625024,32184,freeway,freeway,5,0.0,25000
5,period,2625024,32184,freeway,freeway,6,0.0,25000
5,period,2625024,32184,freeway,freeway,7,0.0,25000
5,period,2625024,32184,freeway,freeway,8,0.0,25000
5,period,2625024,32184,freeway,freeway,9,0.0,25000
5,period,2625024,32184,freeway,freeway,10,0.0,25000
5,period,2650112,32184,freeway,breakout,1,3.0,412
5,period,2650112,32184,freeway,breakout,2,2.0,412
5,period,2650112,32184,freeway,breakout,3,2.0,412
5,period,2650112,32184,freeway,breakout,4,5.0,412
5,period,2650112,32184,freeway,breakout,5,3.0,412
5,period,2650112,32184,freeway,breakout,6,3.0,412
5,period,2650112,32184,freeway,breakout,7,6.0,412
5,period,2650112,32184,freeway,breakout,8,3.0,412
5,period,2650112,32184,freeway,breakout,9,3.0,412
5,period,2650112,32184,freeway,breakout,10,3.0,412
5,period,2650112,32184,freeway,space_invaders,1,33.0,3111
5,period,2650112,32184,freeway,space_invaders,2,18.0,3111
5,period,2650112,32184,freeway,space_invaders,3,27.0,3111
5,period,2650112,32184,freeway,space_invaders,4,45.0,3111
5,period,2650112,32184,freeway,space_invaders,5,47.0,3111
5,period,2650112,32184,freeway,space_invaders,6,23.0,3111
5,period,2650112,32184,freeway,space_invaders,7,27.0,3111
5,period,2650112,32184,freeway,space_invaders,8,59.0,3111
5,period,2650112,32184,freeway,space_invaders,9,23.0,3111
5,period,2650112,32184,freeway,space_invaders,10,59.0,3111
5,period,2650112,32184,freeway,freeway,1,0.0,25000
5,period,2650112,32184,freeway,freeway,2,0.0,25000
5,period,2650112,32184,freeway,freeway,3,0.0,25000
5,period,2650112,32184,freeway,freeway,4,0.0,25000
5,period,2650112,32184,freeway,freeway,5,0.0,25000
5,period,2650112,32184,freeway,freeway,6,0.0,25000
5,period,2650112,32184,freeway,freeway,7,0.0,25000
5,period,2650112,32184,freeway,freeway,8,0.0,25000
5,period,2650112,32184,freeway,freeway,9,0.0,25000
5,period,2650112,32184,freeway,freeway,10,0.0,25000
5,period,2675200,32200,freeway,breakout,1,3.0,310
5,period,2675200,32200,freeway,breakout,2,2.0,310
5,period,2675200,32200,freeway,breakout,3,2.0,310
5,period,2675200,32200,freeway,breakout,4,0.0,310
5,period,2675200,32200,freeway,breakout,5,2.0,310
5,period,2675200,32200,freeway,breakout,6,5.0,310
5,period,2675200,32200,freeway,breakout,7,3.0,310
5,period,2675200,32200,freeway,breakout,8,3.0,310
5,period,2675200,32200,freeway,breakout,9,2.0,310
5,period,2675200,32200,freeway,breakout,10,2.0,310
5,period,2675200,32200,freeway,space_invaders,1,18.0,1927
5,period,2675200,32200,freeway,space_invaders,2,20.0,1927
5,period,2675200,32200,freeway,space_invaders,3,16.0,1927
5,period,2675200,32200,freeway,space_invaders,4,29.0,1927
5,period,2675200,32200,freeway,space_invaders,5,37.0,1927
5,period,2675200,32200,freeway,space_invaders,6,13.0,1927
5,period,2675200,32200,freeway,space_invaders,7,30.0,1927
5,period,2675200,32200,freeway,space_invaders,8,23.0,1927
5,period,2675200,32200,freeway,space_invaders,9,45.0,1927
5,period,2675200,32200,freeway,space_invaders,10,38.0,1927
5,period,2675200,32200,freeway,freeway,1,0.0,25000
5,period,2675200,32200,freeway,freeway,2,0.0,25000
5,period,2675200,32200,freeway,freeway,3,0.0,25000
5,period,2675200,32200,freeway,freeway,4,0.0,25000
5,period,2675200,32200,freeway,freeway,5,0.0,25000
5,period,2675200,32200,freeway,freeway,6,0.0,25000
5,period,2675200,32200,freeway,freeway,7,0.0,25000
5,period,2675200,32200,freeway,freeway,8,0.0,25000
5,period,2675200,32200,freeway,freeway,9,0.0,25000
5,period,2675200,32200,freeway,freeway,10,0.0,25000
5,period,2700032,32216,freeway,breakout,1,3.0,344
5,period,2700032,32216,freeway,breakout,2,3.0,344
5,period,2700032,32216,freeway,breakout,3,2.0,344
5,period,2700032,32216,freeway,breakout,4,3.0,344
5,period,2700032,32216,freeway,breakout,5,3.0,344
5,period,2700032,32216,freeway,breakout,6,3.0,344
5,period,2700032,32216,freeway,breakout,7,2.0,344
5,period,2700032,32216,freeway,breakout,8,2.0,344
5,period,2700032,32216,freeway,breakout,9,3.0,344
5,period,2700032,32216,freeway,breakout,10,3.0,344
5,period,2700032,32216,freeway,space_invaders,1,28.0,2723
5,period,2700032,32216,freeway,space_invaders,2,24.0,2723
5,period,2700032,32216,freeway,space_invaders,3,34.0,2723
5,period,2700032,32216,freeway,space_invaders,4,21.0,2723
5,period,2700032,32216,freeway,space_invaders,5,46.0,2723
5,period,2700032,32216,freeway,space_invaders,6,27.0,2723
5,period,2700032,32216,freeway,space_invaders,7,38.0,2723
5,period,2700032,32216,freeway,space_invaders,8,25.0,2723
5,period,2700032,32216,freeway,space_invaders,9,22.0,2723
5,period,2700032,32216,freeway,space_invaders,10,43.0,2723
5,period,2700032,32216,freeway,freeway,1,0.0,25000
5,period,2700032,32216,freeway,freeway,2,0.0,25000
5,period,2700032,32216,freeway,freeway,3,0.0,25000
5,period,2700032,32216,freeway,freeway,4,0.0,25000
5,period,2700032,32216,freeway,freeway,5,0.0,25000
5,period,2700032,32216,freeway,freeway,6,0.0,25000
5,period,2700032,32216,freeway,freeway,7,0.0,25000
5,period,2700032,32216,freeway,freeway,8,0.0,25000
5,period,2700032,32216,freeway,freeway,9,0.0,25000
5,period,2700032,32216,freeway,freeway,10,0.0,25000
5,period,2725120,32216,freeway,breakout,1,3.0,368
5,period,2725120,32216,freeway,breakout,2,2.0,368
5,period,2725120,32216,freeway,breakout,3,3.0,368
5,period,2725120,32216,freeway,breakout,4,3.0,368
5,period,2725120,32216,freeway,breakout,5,3.0,368
5,period,2725120,32216,freeway,breakout,6,3.0,368
5,period,2725120,32216,freeway,breakout,7,3.0,368
5,period,2725120,32216,freeway,breakout,8,3.0,368
5,period,2725120,32216,freeway,breakout,9,3.0,368
5,period,2725120,32216,freeway,breakout,10,3.0,368
5,period,2725120,32216,freeway,space_invaders,1,23.0,2074
5,period,2725120,32216,freeway,space_invaders,2,15.0,2074
5,period,2725120,32216,freeway,space_invaders,3,7.0,2074
5,period,2725120,32216,freeway,space_invaders,4,55.0,2074
5,period,2725120,32216,freeway,space_invaders,5,23.0,2074
5,period,2725120,32216,freeway,space_invaders,6,40.0,2074
5,period,2725120,32216,freeway,space_invaders,7,13.0,2074
5,period,2725120,32216,freeway,space_invaders,8,5.0,2074
5,period,2725120,32216,freeway,space_invaders,9,23.0,2074
5,period,2725120,32216,freeway,space_invaders,10,40.0,2074
5,period,2725120,32216,freeway,freeway,1,0.0,25000
5,period,2725120,32216,freeway,freeway,2,0.0,25000
5,period,2725120,32216,freeway,freeway,3,0.0,25000
5,period,2725120,32216,freeway,freeway,4,0.0,25000
5,period,2725120,32216,freeway,freeway,5,1.0,25000
5,period,2725120,32216,freeway,freeway,6,0.0,25000
5,period,2725120,32216,freeway,freeway,7,0.0,25000
5,period,2725120,32216,freeway,freeway,8,0.0,25000
5,period,2725120,32216,freeway,freeway,9,0.0,25000
5,period,2725120,32216,freeway,freeway,10,0.0,25000
5,period,2750208,32232,freeway,breakout,1,3.0,376
5,period,2750208,32232,freeway,breakout,2,2.0,376
5,period,2750208,32232,freeway,breakout,3,2.0,376
5,period,2750208,32232,freeway,breakout,4,6.0,376
5,period,2750208,32232,freeway,breakout,5,3.0,376
5,period,2750208,32232,freeway,breakout,6,3.0,376
5,period,2750208,32232,freeway,breakout,7,3.0,376
5,period,2750208,32232,freeway,breakout,8,3.0,376
5,period,2750208,32232,freeway,breakout,9,3.0,376
5,period,2750208,32232,freeway,breakout,10,2.0,376
5,period,2750208,32232,freeway,space_invaders,1,22.0,2441
5,period,2750208,32232,freeway,space_invaders,2,15.0,2441
5,period,2750208,32232,freeway,space_invaders,3,46.0,2441
5,period,2750208,32232,freeway,space_invaders,4,14.0,2441
5,period,2750208,32232,freeway,space_invaders,5,23.0,2441
5,period,2750208,32232,freeway,space_invaders,6,24.0,2441
5,period,2750208,32232,freeway,space_invaders,7,19.0,2441
5,period,2750208,32232,freeway,space_invaders,8,16.0,2441
5,period,2750208,32232,freeway,space_invaders,9,47.0,2441
5,period,2750208,32232,freeway,space_invaders,10,60.0,2441
5,period,2750208,32232,freeway,freeway,1,0.0,25000
5,period,2750208,32232,freeway,freeway,2,0.0,25000
5,period,2750208,32232,freeway,freeway,3,0.0,25000
5,period,2750208,32232,freeway,freeway,4,0.0,25000
5,period,2750208,32232,freeway,freeway,5,0.0,25000
5,period,2750208,32232,freeway,freeway,6,0.0,25000
5,period,2750208,32232,freeway,freeway,7,2.0,25000
5,period,2750208,32232,freeway,freeway,8,0.0,25000
5,period,2750208,32232,freeway,freeway,9,0.0,25000
5,period,2750208,32232,freeway,freeway,10,1.0,25000
5,period,2775040,32232,freeway,breakout,1,2.0,320
5,period,2775040,32232,freeway,breakout,2,2.0,320
5,period,2775040,32232,freeway,breakout,3,3.0,320
5,period,2775040,32232,freeway,breakout,4,3.0,320
5,period,2775040,32232,freeway,breakout,5,3.0,320
5,period,2775040,32232,freeway,breakout,6,2.0,320
5,period,2775040,32232,freeway,breakout,7,3.0,320
5,period,2775040,32232,freeway,breakout,8,2.0,320
5,period,2775040,32232,freeway,breakout,9,3.0,320
5,period,2775040,32232,freeway,breakout,10,2.0,320
5,period,2775040,32232,freeway,space_invaders,1,23.0,1957
5,period,2775040,32232,freeway,space_invaders,2,22.0,1957
5,period,2775040,32232,freeway,space_invaders,3,13.0,1957
5,period,2775040,32232,freeway,space_invaders,4,14.0,1957
5,period,2775040,32232,freeway,space_invaders,5,23.0,1957
5,period,2775040,32232,freeway,space_invaders,6,21.0,1957
5,period,2775040,32232,freeway,space_invaders,7,16.0,1957
5,period,2775040,32232,freeway,space_invaders,8,67.0,1957
5,period,2775040,32232,freeway,space_invaders,9,19.0,1957
5,period,2775040,32232,freeway,space_invaders,10,30.0,1957
5,period,2775040,32232,freeway,freeway,1,1.0,25000
5,period,2775040,32232,freeway,freeway,2,0.0,25000
5,period,2775040,32232,freeway,freeway,3,0.0,25000
5,period,2775040,32232,freeway,freeway,4,3.0,25000
5,period,2775040,32232,freeway,freeway,5,0.0,25000
5,period,2775040,32232,freeway,freeway,6,0.0,25000
5,period,2775040,32232,freeway,freeway,7,0.0,25000
5,period,2775040,32232,freeway,freeway,8,0.0,25000
5,period,2775040,32232,freeway,freeway,9,0.0,25000
5,period,2775040,32232,freeway,freeway,10,0.0,25000
5,period,2800128,32248,freeway,breakout,1,3.0,400
5,period,2800128,32248,freeway,breakout,2,3.0,400
5,period,2800128,32248,freeway,breakout,3,3.0,400
5,period,2800128,32248,freeway,breakout,4,3.0,400
5,period,2800128,32248,freeway,breakout,5,3.0,400
5,period,2800128,32248,freeway,breakout,6,3.0,400
5,period,2800128,32248,freeway,breakout,7,2.0,400
5,period,2800128,32248,freeway,breakout,8,3.0,400
5,period,2800128,32248,freeway,breakout,9,3.0,400
5,period,2800128,32248,freeway,breakout,10,6.0,400
5,period,2800128,32248,freeway,space_invaders,1,16.0,3279
5,period,2800128,32248,freeway,space_invaders,2,57.0,3279
5,period,2800128,32248,freeway,space_invaders,3,23.0,3279
5,period,2800128,32248,freeway,space_invaders,4,23.0,3279
5,period,2800128,32248,freeway,space_invaders,5,67.0,3279
5,period,2800128,32248,freeway,space_invaders,6,14.0,3279
5,period,2800128,32248,freeway,space_invaders,7,38.0,3279
5,period,2800128,32248,freeway,space_invaders,8,23.0,3279
5,period,2800128,32248,freeway,space_invaders,9,56.0,3279
5,period,2800128,32248,freeway,space_invaders,10,57.0,3279
5,period,2800128,32248,freeway,freeway,1,0.0,25000
5,period,2800128,32248,freeway,freeway,2,0.0,25000
5,period,2800128,32248,freeway,freeway,3,0.0,25000
5,period,2800128,32248,freeway,freeway,4,0.0,25000
5,period,2800128,32248,freeway,freeway,5,0.0,25000
5,period,2800128,32248,freeway,freeway,6,0.0,25000
5,period,2800128,32248,freeway,freeway,7,0.0,25000
5,period,2800128,32248,freeway,freeway,8,0.0,25000
5,period,2800128,32248,freeway,freeway,9,0.0,25000
5,period,2800128,32248,freeway,freeway,10,0.0,25000
5,period,2825216,32264,freeway,breakout,1,3.0,464
5,period,2825216,32264,freeway,breakout,2,3.0,464
5,period,2825216,32264,freeway,breakout,3,3.0,464
5,period,2825216,32264,freeway,breakout,4,6.0,464
5,period,2825216,32264,freeway,breakout,5,6.0,464
5,period,2825216,32264,freeway,breakout,6,3.0,464
5,period,2825216,32264,freeway,breakout,7,3.0,464
5,period,2825216,32264,freeway,breakout,8,2.0,464
5,period,2825216,32264,freeway,breakout,9,3.0,464
5,period,2825216,32264,freeway,breakout,10,6.0,464
5,period,2825216,32264,freeway,space_invaders,1,9.0,1826
5,period,2825216,32264,freeway,space_invaders,2,23.0,1826
5,period,2825216,32264,freeway,space_invaders,3,9.0,1826
5,period,2825216,32264,freeway,space_invaders,4,38.0,1826
5,period,2825216,32264,freeway,space_invaders,5,29.0,1826
5,period,2825216,32264,freeway,space_invaders,6,30.0,1826
5,period,2825216,32264,freeway,space_invaders,7,40.0,1826
5,period,2825216,32264,freeway,space_invaders,8,30.0,1826
5,period,2825216,32264,freeway,space_invaders,9,19.0,1826
5,period,2825216,32264,freeway,space_invaders,10,9.0,1826
5,period,2825216,32264,freeway,freeway,1,0.0,25000
5,period,2825216,32264,freeway,freeway,2,0.0,25000
5,period,2825216,32264,freeway,freeway,3,0.0,25000
5,period,2825216,32264,freeway,freeway,4,0.0,25000
5,period,2825216,32264,freeway,freeway,5,0.0,25000
5,period,2825216,32264,freeway,freeway,6,1.0,25000
5,period,2825216,32264,freeway,freeway,7,0.0,25000
5,period,2825216,32264,freeway,freeway,8,0.0,25000
5,period,2825216,32264,freeway,freeway,9,0.0,25000
5,period,2825216,32264,freeway,freeway,10,0.0,25000
5,period,2850048,32264,freeway,breakout,1,1.0,324
5,period,2850048,32264,freeway,breakout,2,3.0,324
5,period,2850048,32264,freeway,breakout,3,1.0,324
5,period,2850048,32264,freeway,breakout,4,3.0,324
5,period,2850048,32264,freeway,breakout,5,3.0,324
5,period,2850048,32264,freeway,breakout,6,2.0,324
5,period,2850048,32264,freeway,breakout,7,3.0,324
5,period,2850048,32264,freeway,breakout,8,3.0,324
5,period,2850048,32264,freeway,breakout,9,3.0,324
5,period,2850048,32264,freeway,breakout,10,3.0,324
5,period,2850048,32264,freeway,space_invaders,1,78.0,3043
5,period,2850048,32264,freeway,space_invaders,2,23.0,3043
5,period,2850048,32264,freeway,space_invaders,3,23.0,3043
5,period,2850048,32264,freeway,space_invaders,4,54.0,3043
5,period,2850048,32264,freeway,space_invaders,5,31.0,3043
5,period,2850048,32264,freeway,space_invaders,6,19.0,3043
5,period,2850048,32264,freeway,space_invaders,7,7.0,3043
5,period,2850048,32264,freeway,space_invaders,8,53.0,3043
5,period,2850048,32264,freeway,space_invaders,9,22.0,3043
5,period,2850048,32264,freeway,space_invaders,10,38.0,3043
5,period,2850048,32264,freeway,freeway,1,0.0,25000
5,period,2850048,32264,freeway,freeway,2,0.0,25000
5,period,2850048,32264,freeway,freeway,3,0.0,25000
5,period,2850048,32264,freeway,freeway,4,0.0,25000
5,period,2850048,32264,freeway,freeway,5,0.0,25000
5,period,2850048,32264,freeway,freeway,6,0.0,25000
5,period,2850048,32264,freeway,freeway,7,0.0,25000
5,period,2850048,32264,freeway,freeway,8,1.0,25000
5,period,2850048,32264,freeway,freeway,9,0.0,25000
5,period,2850048,32264,freeway,freeway,10,1.0,25000
5,period,2875136,32280,freeway,breakout,1,3.0,358
5,period,2875136,32280,freeway,breakout,2,3.0,358
5,period,2875136,32280,freeway,breakout,3,3.0,358
5,period,2875136,32280,freeway,breakout,4,3.0,358
5,period,2875136,32280,freeway,breakout,5,3.0,358
5,period,2875136,32280,freeway,breakout,6,3.0,358
5,period,2875136,32280,freeway,breakout,7,1.0,358
5,period,2875136,32280,freeway,breakout,8,3.0,358
5,period,2875136,32280,freeway,breakout,9,3.0,358
5,period,2875136,32280,freeway,breakout,10,3.0,358
5,period,2875136,32280,freeway,space_invaders,1,21.0,3390
5,period,2875136,32280,freeway,space_invaders,2,19.0,3390
5,period,2875136,32280,freeway,space_invaders,3,37.0,3390
5,period,2875136,32280,freeway,space_invaders,4,31.0,3390
5,period,2875136,32280,freeway,space_invaders,5,47.0,3390
5,period,2875136,32280,freeway,space_invaders,6,46.0,3390
5,period,2875136,32280,freeway,space_invaders,7,115.0,3390
5,period,2875136,32280,freeway,space_invaders,8,22.0,3390
5,period,2875136,32280,freeway,space_invaders,9,23.0,3390
5,period,2875136,32280,freeway,space_invaders,10,17.0,3390
5,period,2875136,32280,freeway,freeway,1,0.0,25000
5,period,2875136,32280,freeway,freeway,2,0.0,25000
5,period,2875136,32280,freeway,freeway,3,0.0,25000
5,period,2875136,32280,freeway,freeway,4,0.0,25000
5,period,2875136,32280,freeway,freeway,5,0.0,25000
5,period,2875136,32280,freeway,freeway,6,0.0,25000
5,period,2875136,32280,freeway,freeway,7,1.0,25000
5,period,2875136,32280,freeway,freeway,8,0.0,25000
5,period,2875136,32280,freeway,freeway,9,1.0,25000
5,period,2875136,32280,freeway,freeway,10,0.0,25000
5,period,2900224,32296,freeway,breakout,1,6.0,462
5,period,2900224,32296,freeway,breakout,2,2.0,462
5,period,2900224,32296,freeway,breakout,3,2.0,462
5,period,2900224,32296,freeway,breakout,4,3.0,462
5,period,2900224,32296,freeway,breakout,5,5.0,462
5,period,2900224,32296,freeway,breakout,6,3.0,462
5,period,2900224,32296,freeway,breakout,7,3.0,462
5,period,2900224,32296,freeway,breakout,8,3.0,462
5,period,2900224,32296,freeway,breakout,9,5.0,462
5,period,2900224,32296,freeway,breakout,10,6.0,462
5,period,2900224,32296,freeway,space_invaders,1,44.0,2718
5,period,2900224,32296,freeway,space_invaders,2,30.0,2718
5,period,2900224,32296,freeway,space_invaders,3,23.0,2718
5,period,2900224,32296,freeway,space_invaders,4,23.0,2718
5,period,2900224,32296,freeway,space_invaders,5,30.0,2718
5,period,2900224,32296,freeway,space_invaders,6,23.0,2718
5,period,2900224,32296,freeway,space_invaders,7,32.0,2718
5,period,2900224,32296,freeway,space_invaders,8,47.0,2718
5,period,2900224,32296,freeway,space_invaders,9,31.0,2718
5,period,2900224,32296,freeway,space_invaders,10,23.0,2718
5,period,2900224,32296,freeway,freeway,1,1.0,25000
5,period,2900224,32296,freeway,freeway,2,0.0,25000
5,period,2900224,32296,freeway,freeway,3,0.0,25000
5,period,2900224,32296,freeway,freeway,4,0.0,25000
5,period,2900224,32296,freeway,freeway,5,0.0,25000
5,period,2900224,32296,freeway,freeway,6,0.0,25000
5,period,2900224,32296,freeway,freeway,7,1.0,25000
5,period,2900224,32296,freeway,freeway,8,0.0,25000
5,period,2900224,32296,freeway,freeway,9,0.0,25000
5,period,2900224,32296,freeway,freeway,10,0.0,25000
5,period,2925056,32296,freeway,breakout,1,6.0,488
5,period,2925056,32296,freeway,breakout,2,3.0,488
5,period,2925056,32296,freeway,breakout,3,5.0,488
5,period,2925056,32296,freeway,breakout,4,3.0,488
5,period,2925056,32296,freeway,breakout,5,6.0,488
5,period,2925056,32296,freeway,breakout,6,3.0,488
5,period,2925056,32296,freeway,breakout,7,2.0,488
5,period,2925056,32296,freeway,breakout,8,3.0,488
5,period,2925056,32296,freeway,breakout,9,5.0,488
5,period,2925056,32296,freeway,breakout,10,4.0,488
5,period,2925056,32296,freeway,space_invaders,1,54.0,2812
5,period,2925056,32296,freeway,space_invaders,2,21.0,2812
5,period,2925056,32296,freeway,space_invaders,3,18.0,2812
5,period,2925056,32296,freeway,space_invaders,4,32.0,2812
5,period,2925056,32296,freeway,space_invaders,5,18.0,2812
5,period,2925056,32296,freeway,space_invaders,6,35.0,2812
5,period,2925056,32296,freeway,space_invaders,7,19.0,2812
5,period,2925056,32296,freeway,space_invaders,8,8.0,2812
5,period,2925056,32296,freeway,space_invaders,9,54.0,2812
5,period,2925056,32296,freeway,space_invaders,10,55.0,2812
5,period,2925056,32296,freeway,freeway,1,0.0,25000
5,period,2925056,32296,freeway,freeway,2,0.0,25000
5,period,2925056,32296,freeway,freeway,3,1.0,25000
5,period,2925056,32296,freeway,freeway,4,0.0,25000
5,period,2925056,32296,freeway,freeway,5,0.0,25000
5,period,2925056,32296,freeway,freeway,6,0.0,25000
5,period,2925056,32296,freeway,freeway,7,0.0,25000
5,period,2925056,32296,freeway,freeway,8,0.0,25000
5,period,2925056,32296,freeway,freeway,9,0.0,25000
5,period,2925056,32296,freeway,freeway,10,0.0,25000
5,period,2950144,32312,freeway,breakout,1,5.0,410
5,period,2950144,32312,freeway,breakout,2,2.0,410
5,period,2950144,32312,freeway,breakout,3,2.0,410
5,period,2950144,32312,freeway,breakout,4,3.0,410
5,period,2950144,32312,freeway,breakout,5,6.0,410
5,period,2950144,32312,freeway,breakout,6,3.0,410
5,period,2950144,32312,freeway,breakout,7,3.0,410
5,period,2950144,32312,freeway,breakout,8,3.0,410
5,period,2950144,32312,freeway,breakout,9,3.0,410
5,period,2950144,32312,freeway,breakout,10,3.0,410
5,period,2950144,32312,freeway,space_invaders,1,13.0,2424
5,period,2950144,32312,freeway,space_invaders,2,29.0,2424
5,period,2950144,32312,freeway,space_invaders,3,23.0,2424
5,period,2950144,32312,freeway,space_invaders,4,23.0,2424
5,period,2950144,32312,freeway,space_invaders,5,34.0,2424
5,period,2950144,32312,freeway,space_invaders,6,69.0,2424
5,period,2950144,32312,freeway,space_invaders,7,37.0,2424
5,period,2950144,32312,freeway,space_invaders,8,15.0,2424
5,period,2950144,32312,freeway,space_invaders,9,41.0,2424
5,period,2950144,32312,freeway,space_invaders,10,23.0,2424
5,period,2950144,32312,freeway,freeway,1,0.0,25000
5,period,2950144,32312,freeway,freeway,2,0.0,25000
5,period,2950144,32312,freeway,freeway,3,0.0,25000
5,period,2950144,32312,freeway,freeway,4,0.0,25000
5,period,2950144,32312,freeway,freeway,5,2.0,25000
5,period,2950144,32312,freeway,freeway,6,1.0,25000
5,period,2950144,32312,freeway,freeway,7,0.0,25000
5,period,2950144,32312,freeway,freeway,8,0.0,25000
5,period,2950144,32312,freeway,freeway,9,0.0,25000
5,period,2950144,32312,freeway,freeway,10,0.0,25000
5,period,2975232,32312,freeway,breakout,1,6.0,604
5,period,2975232,32312,freeway,breakout,2,3.0,604
5,period,2975232,32312,freeway,breakout,3,6.0,604
5,period,2975232,32312,freeway,breakout,4,5.0,604
5,period,2975232,32312,freeway,breakout,5,6.0,604
5,period,2975232,32312,freeway,breakout,6,7.0,604
5,period,2975232,32312,freeway,breakout,7,4.0,604
5,period,2975232,32312,freeway,breakout,8,6.0,604
5,period,2975232,32312,freeway,breakout,9,6.0,604
5,period,2975232,32312,freeway,breakout,10,2.0,604
5,period,2975232,32312,freeway,space_invaders,1,23.0,2404
5,period,2975232,32312,freeway,space_invaders,2,30.0,2404
5,period,2975232,32312,freeway,space_invaders,3,30.0,2404
5,period,2975232,32312,freeway,space_invaders,4,56.0,2404
5,period,2975232,32312,freeway,space_invaders,5,30.0,2404
5,period,2975232,32312,freeway,space_invaders,6,21.0,2404
5,period,2975232,32312,freeway,space_invaders,7,16.0,2404
5,period,2975232,32312,freeway,space_invaders,8,30.0,2404
5,period,2975232,32312,freeway,space_invaders,9,20.0,2404
5,period,2975232,32312,freeway,space_invaders,10,55.0,2404
5,period,2975232,32312,freeway,freeway,1,0.0,25000
5,period,2975232,32312,freeway,freeway,2,0.0,25000
5,period,2975232,32312,freeway,freeway,3,0.0,25000
5,period,2975232,32312,freeway,freeway,4,1.0,25000
5,period,2975232,32312,freeway,freeway,5,0.0,25000
5,period,2975232,32312,freeway,freeway,6,0.0,25000
5,period,2975232,32312,freeway,freeway,7,0.0,25000
5,period,2975232,32312,freeway,freeway,8,0.0,25000
5,period,2975232,32312,freeway,freeway,9,0.0,25000
5,period,2975232,32312,freeway,freeway,10,0.0,25000
6,boundary,3499776,40272,breakout,breakout,1,5.0,586
6,boundary,3499776,40272,breakout,breakout,2,5.0,586
6,boundary,3499776,40272,breakout,breakout,3,6.0,586
6,boundary,3499776,40272,breakout,breakout,4,7.0,586
6,boundary,3499776,40272,breakout,breakout,5,5.0,586
6,boundary,3499776,40272,breakout,breakout,6,3.0,586
6,boundary,3499776,40272,breakout,breakout,7,1.0,586
6,boundary,3499776,40272,breakout,breakout,8,6.0,586
6,boundary,3499776,40272,breakout,breakout,9,5.0,586
6,boundary,3499776,40272,breakout,breakout,10,6.0,586
6,boundary,3499776,40272,breakout,space_invaders,1,30.0,1407
6,boundary,3499776,40272,breakout,space_invaders,2,16.0,1407
6,boundary,3499776,40272,breakout,space_invaders,3,30.0,1407
6,boundary,3499776,40272,breakout,space_invaders,4,9.0,1407
6,boundary,3499776,40272,breakout,space_invaders,5,12.0,1407
6,boundary,3499776,40272,breakout,space_invaders,6,6.0,1407
6,boundary,3499776,40272,breakout,space_invaders,7,17.0,1407
6,boundary,3499776,40272,breakout,space_invaders,8,33.0,1407
6,boundary,3499776,40272,breakout,space_invaders,9,22.0,1407
6,boundary,3499776,40272,breakout,space_invaders,10,12.0,1407
6,boundary,3499776,40272,breakout,freeway,1,0.0,25000
6,boundary,3499776,40272,breakout,freeway,2,0.0,25000
6,boundary,3499776,40272,breakout,freeway,3,1.0,25000
6,boundary,3499776,40272,breakout,freeway,4,0.0,25000
6,boundary,3499776,40272,breakout,freeway,5,0.0,25000
6,boundary,3499776,40272,breakout,freeway,6,0.0,25000
6,boundary,3499776,40272,breakout,freeway,7,0.0,25000
6,boundary,3499776,40272,breakout,freeway,8,0.0,25000
6,boundary,3499776,40272,breakout,freeway,9,0.0,25000
6,boundary,3499776,40272,breakout,freeway,10,0.0,25000
6,period,3000064,32330,breakout,breakout,1,3.0,400
6,period,3000064,32330,breakout,breakout,2,3.0,400
6,period,3000064,32330,breakout,breakout,3,6.0,400
6,period,3000064,32330,breakout,breakout,4,3.0,400
6,period,3000064,32330,breakout,breakout,5,3.0,400
6,period,3000064,32330,breakout,breakout,6,3.0,400
6,period,3000064,32330,breakout,breakout,7,3.0,400
6,period,3000064,32330,breakout,breakout,8,3.0,400
6,period,3000064,32330,breakout,breakout,9,2.0,400
6,period,3000064,32330,breakout,breakout,10,3.0,400
6,period,3000064,32330,breakout,space_invaders,1,31.0,1938
6,period,3000064,32330,breakout,space_invaders,2,22.0,1938
6,period,3000064,32330,breakout,space_invaders,3,14.0,1938
6,period,3000064,32330,breakout,space_invaders,4,58.0,1938
6,period,3000064,32330,breakout,space_invaders,5,21.0,1938
6,period,3000064,32330,breakout,space_invaders,6,24.0,1938
6,period,3000064,32330,breakout,space_invaders,7,30.0,1938
6,period,3000064,32330,breakout,space_invaders,8,14.0,1938
6,period,3000064,32330,breakout,space_invaders,9,15.0,1938
6,period,3000064,32330,breakout,space_invaders,10,24.0,1938
6,period,3000064,32330,breakout,freeway,1,0.0,25000
6,period,3000064,32330,breakout,freeway,2,0.0,25000
6,period,3000064,32330,breakout,freeway,3,0.0,25000
6,period,3000064,32330,breakout,freeway,4,0.0,25000
6,period,3000064,32330,breakout,freeway,5,0.0,25000
6,period,3000064,32330,breakout,freeway,6,1.0,25000
6,period,3000064,32330,breakout,freeway,7,0.0,25000
6,period,3000064,32330,breakout,freeway,8,0.0,25000
6,period,3000064,32330,breakout,freeway,9,0.0,25000
6,period,3000064,32330,breakout,freeway,10,0.0,25000
6,period,3025152,32818,breakout,breakout,1,6.0,584
6,period,3025152,32818,breakout,breakout,2,3.0,584
6,period,3025152,32818,breakout,breakout,3,6.0,584
6,period,3025152,32818,breakout,breakout,4,5.0,584
6,period,3025152,32818,breakout,breakout,5,2.0,584
6,period,3025152,32818,breakout,breakout,6,6.0,584
6,period,3025152,32818,breakout,breakout,7,6.0,584
6,period,3025152,32818,breakout,breakout,8,6.0,584
6,period,3025152,32818,breakout,breakout,9,6.0,584
6,period,3025152,32818,breakout,breakout,10,3.0,584
6,period,3025152,32818,breakout,space_invaders,1,30.0,2213
6,period,3025152,32818,breakout,space_invaders,2,14.0,2213
6,period,3025152,32818,breakout,space_invaders,3,32.0,2213
6,period,3025152,32818,breakout,space_invaders,4,43.0,2213
6,period,3025152,32818,breakout,space_invaders,5,45.0,2213
6,period,3025152,32818,breakout,space_invaders,6,15.0,2213
6,period,3025152,32818,breakout,space_invaders,7,38.0,2213
6,period,3025152,32818,breakout,space_invaders,8,35.0,2213
6,period,3025152,32818,breakout,space_invaders,9,20.0,2213
6,period,3025152,32818,breakout,space_invaders,10,16.0,2213
6,period,3025152,32818,breakout,freeway,1,0.0,25000
6,period,3025152,32818,breakout,freeway,2,0.0,25000
6,period,3025152,32818,breakout,freeway,3,0.0,25000
6,period,3025152,32818,breakout,freeway,4,0.0,25000
6,period,3025152,32818,breakout,freeway,5,0.0,25000
6,period,3025152,32818,breakout,freeway,6,0.0,25000
6,period,3025152,32818,breakout,freeway,7,0.0,25000
6,period,3025152,32818,breakout,freeway,8,0.0,25000
6,period,3025152,32818,breakout,freeway,9,0.0,25000
6,period,3025152,32818,breakout,freeway,10,0.0,25000
6,period,3050240,33217,breakout,breakout,1,5.0,660
6,period,3050240,33217,breakout,breakout,2,5.0,660
6,period,3050240,33217,breakout,breakout,3,6.0,660
6,period,3050240,33217,breakout,breakout,4,6.0,660
6,period,3050240,33217,breakout,breakout,5,6.0,660
6,period,3050240,33217,breakout,breakout,6,6.0,660
6,period,3050240,33217,breakout,breakout,7,6.0,660
6,period,3050240,33217,breakout,breakout,8,5.0,660
6,period,3050240,33217,breakout,breakout,9,5.0,660
6,period,3050240,33217,breakout,breakout,10,6.0,660
6,period,3050240,33217,breakout,space_invaders,1,42.0,2024
6,period,3050240,33217,breakout,space_invaders,2,16.0,2024
6,period,3050240,33217,breakout,space_invaders,3,15.0,2024
6,period,3050240,33217,breakout,space_invaders,4,54.0,2024
6,period,3050240,33217,breakout,space_invaders,5,10.0,2024
6,period,3050240,33217,breakout,space_invaders,6,21.0,2024
6,period,3050240,33217,breakout,space_invaders,7,21.0,2024
6,period,3050240,33217,breakout,space_invaders,8,17.0,2024
6,period,3050240,33217,breakout,space_invaders,9,37.0,2024
6,period,3050240,33217,breakout,space_invaders,10,18.0,2024
6,period,3050240,33217,breakout,freeway,1,1.0,25000
6,period,3050240,33217,breakout,freeway,2,0.0,25000
6,period,3050240,33217,breakout,freeway,3,0.0,25000
6,period,3050240,33217,breakout,freeway,4,0.0,25000
6,period,3050240,33217,breakout,freeway,5,0.0,25000
6,period,3050240,33217,breakout,freeway,6,0.0,25000
6,period,3050240,33217,breakout,freeway,7,0.0,25000
6,period,3050240,33217,breakout,freeway,8,0.0,25000
6,period,3050240,33217,breakout,freeway,9,0.0,25000
6,period,3050240,33217,breakout,freeway,10,0.0,25000
6,period,3075072,33621,breakout,breakout,1,6.0,640
6,period,3075072,33621,breakout,breakout,2,5.0,640
6,period,3075072,33621,breakout,breakout,3,3.0,640
6,period,3075072,33621,breakout,breakout,4,6.0,640
6,period,3075072,33621,breakout,breakout,5,5.0,640
6,period,3075072,33621,breakout,breakout,6,5.0,640
6,period,3075072,33621,breakout,breakout,7,6.0,640
6,period,3075072,33621,breakout,breakout,8,5.0,640
6,period,3075072,33621,breakout,breakout,9,6.0,640
6,period,3075072,33621,breakout,breakout,10,7.0,640
6,period,3075072,33621,breakout,space_invaders,1,27.0,2090
6,period,3075072,33621,breakout,space_invaders,2,26.0,2090
6,period,3075072,33621,breakout,space_invaders,3,26.0,2090
6,period,3075072,33621,breakout,space_invaders,4,34.0,2090
6,period,3075072,33621,breakout,space_invaders,5,17.0,2090
6,period,3075072,33621,breakout,space_invaders,6,7.0,2090
6,period,3075072,33621,breakout,space_invaders,7,19.0,2090
6,period,3075072,33621,breakout,space_invaders,8,22.0,2090
6,period,3075072,33621,breakout,space_invaders,9,37.0,2090
6,period,3075072,33621,breakout,space_invaders,10,21.0,2090
6,period,3075072,33621,breakout,freeway,1,0.0,25000
6,period,3075072,33621,breakout,freeway,2,0.0,25000
6,period,3075072,33621,breakout,freeway,3,0.0,25000
6,period,3075072,33621,breakout,freeway,4,0.0,25000
6,period,3075072,33621,breakout,freeway,5,0.0,25000
6,period,3075072,33621,breakout,freeway,6,0.0,25000
6,period,3075072,33621,breakout,freeway,7,0.0,25000
6,period,3075072,33621,breakout,freeway,8,0.0,25000
6,period,3075072,33621,breakout,freeway,9,0.0,25000
6,period,3075072,33621,breakout,freeway,10,0.0,25000
6,period,3100160,34020,breakout,breakout,1,6.0,660
6,period,3100160,34020,breakout,breakout,2,6.0,660
6,period,3100160,34020,breakout,breakout,3,6.0,660
6,period,3100160,34020,breakout,breakout,4,5.0,660
6,period,3100160,34020,breakout,breakout,5,5.0,660
6,period,3100160,34020,breakout,breakout,6,6.0,660
6,period,3100160,34020,breakout,breakout,7,6.0,660
6,period,3100160,34020,breakout,breakout,8,6.0,660
6,period,3100160,34020,breakout,breakout,9,5.0,660
6,period,3100160,34020,breakout,breakout,10,5.0,660
6,period,3100160,34020,breakout,space_invaders,1,47.0,2780
6,period,3100160,34020,breakout,space_invaders,2,34.0,2780
6,period,3100160,34020,breakout,space_invaders,3,25.0,2780
6,period,3100160,34020,breakout,space_invaders,4,43.0,2780
6,period,3100160,34020,breakout,space_invaders,5,23.0,2780
6,period,3100160,34020,breakout,space_invaders,6,7.0,2780
6,period,3100160,34020,breakout,space_invaders,7,23.0,2780
6,period,3100160,34020,breakout,space_invaders,8,46.0,2780
6,period,3100160,34020,breakout,space_invaders,9,26.0,2780
6,period,3100160,34020,breakout,space_invaders,10,23.0,2780
6,period,3100160,34020,breakout,freeway,1,0.0,25000
6,period,3100160,34020,breakout,freeway,2,0.0,25000
6,period,3100160,34020,breakout,freeway,3,0.0,25000
6,period,3100160,34020,breakout,freeway,4,0.0,25000
6,period,3100160,34020,breakout,freeway,5,0.0,25000
6,period,3100160,34020,breakout,freeway,6,0.0,25000
6,period,3100160,34020,breakout,freeway,7,0.0,25000
6,period,3100160,34020,breakout,freeway,8,0.0,25000
6,period,3100160,34020,breakout,freeway,9,0.0,25000
6,period,3100160,34020,breakout,freeway,10,0.0,25000
6,period,3125248,34414,breakout,breakout,1,1.0,564
6,period,3125248,34414,breakout,breakout,2,5.0,564
6,period,3125248,34414,breakout,breakout,3,5.0,564
6,period,3125248,34414,breakout,breakout,4,5.0,564
6,period,3125248,34414,breakout,breakout,5,5.0,564
6,period,3125248,34414,breakout,breakout,6,5.0,564
6,period,3125248,34414,breakout,breakout,7,6.0,564
6,period,3125248,34414,breakout,breakout,8,6.0,564
6,period,3125248,34414,breakout,breakout,9,5.0,564
6,period,3125248,34414,breakout,breakout,10,4.0,564
6,period,3125248,34414,breakout,space_invaders,1,8.0,2005
6,period,3125248,34414,breakout,space_invaders,2,15.0,2005
6,period,3125248,34414,breakout,space_invaders,3,23.0,2005
6,period,3125248,34414,breakout,space_invaders,4,15.0,2005
6,period,3125248,34414,breakout,space_invaders,5,16.0,2005
6,period,3125248,34414,breakout,space_invaders,6,19.0,2005
6,period,3125248,34414,breakout,space_invaders,7,17.0,2005
6,period,3125248,34414,breakout,space_invaders,8,86.0,2005
6,period,3125248,34414,breakout,space_invaders,9,23.0,2005
6,period,3125248,34414,breakout,space_invaders,10,28.0,2005
6,period,3125248,34414,breakout,freeway,1,0.0,25000
6,period,3125248,34414,breakout,freeway,2,0.0,25000
6,period,3125248,34414,breakout,freeway,3,0.0,25000
6,period,3125248,34414,breakout,freeway,4,0.0,25000
6,period,3125248,34414,breakout,freeway,5,0.0,25000
6,period,3125248,34414,breakout,freeway,6,0.0,25000
6,period,3125248,34414,breakout,freeway,7,0.0,25000
6,period,3125248,34414,breakout,freeway,8,0.0,25000
6,period,3125248,34414,breakout,freeway,9,1.0,25000
6,period,3125248,34414,breakout,freeway,10,0.0,25000
6,period,3150080,34796,breakout,breakout,1,3.0,592
6,period,3150080,34796,breakout,breakout,2,6.0,592
6,period,3150080,34796,breakout,breakout,3,5.0,592
6,period,3150080,34796,breakout,breakout,4,5.0,592
6,period,3150080,34796,breakout,breakout,5,4.0,592
6,period,3150080,34796,breakout,breakout,6,5.0,592
6,period,3150080,34796,breakout,breakout,7,6.0,592
6,period,3150080,34796,breakout,breakout,8,6.0,592
6,period,3150080,34796,breakout,breakout,9,6.0,592
6,period,3150080,34796,breakout,breakout,10,3.0,592
6,period,3150080,34796,breakout,space_invaders,1,35.0,1732
6,period,3150080,34796,breakout,space_invaders,2,20.0,1732
6,period,3150080,34796,breakout,space_invaders,3,14.0,1732
6,period,3150080,34796,breakout,space_invaders,4,28.0,1732
6,period,3150080,34796,breakout,space_invaders,5,16.0,1732
6,period,3150080,34796,breakout,space_invaders,6,32.0,1732
6,period,3150080,34796,breakout,space_invaders,7,13.0,1732
6,period,3150080,34796,breakout,space_invaders,8,23.0,1732
6,period,3150080,34796,breakout,space_invaders,9,27.0,1732
6,period,3150080,34796,breakout,space_invaders,10,15.0,1732
6,period,3150080,34796,breakout,freeway,1,0.0,25000
6,period,3150080,34796,breakout,freeway,2,0.0,25000
6,period,3150080,34796,breakout,freeway,3,0.0,25000
6,period,3150080,34796,breakout,freeway,4,0.0,25000
6,period,3150080,34796,breakout,freeway,5,0.0,25000
6,period,3150080,34796,breakout,freeway,6,0.0,25000
6,period,3150080,34796,breakout,freeway,7,0.0,25000
6,period,3150080,34796,breakout,freeway,8,0.0,25000
6,period,3150080,34796,breakout,freeway,9,0.0,25000
6,period,3150080,34796,breakout,freeway,10,0.0,25000
6,period,3175168,35195,breakout,breakout,1,5.0,596
6,period,3175168,35195,breakout,breakout,2,6.0,596
6,period,3175168,35195,breakout,breakout,3,5.0,596
6,period,3175168,35195,breakout,breakout,4,5.0,596
6,period,3175168,35195,breakout,breakout,5,2.0,596
6,period,3175168,35195,breakout,breakout,6,5.0,596
6,period,3175168,35195,breakout,breakout,7,5.0,596
6,period,3175168,35195,breakout,breakout,8,6.0,596
6,period,3175168,35195,breakout,breakout,9,5.0,596
6,period,3175168,35195,breakout,breakout,10,6.0,596
6,period,3175168,35195,breakout,space_invaders,1,13.0,2443
6,period,3175168,35195,breakout,space_invaders,2,67.0,2443
6,period,3175168,35195,breakout,space_invaders,3,44.0,2443
6,period,3175168,35195,breakout,space_invaders,4,30.0,2443
6,period,3175168,35195,breakout,space_invaders,5,13.0,2443
6,period,3175168,35195,breakout,space_invaders,6,31.0,2443
6,period,3175168,35195,breakout,space_invaders,7,16.0,2443
6,period,3175168,35195,breakout,space_invaders,8,23.0,2443
6,period,3175168,35195,breakout,space_invaders,9,23.0,2443
6,period,3175168,35195,breakout,space_invaders,10,21.0,2443
6,period,3175168,35195,breakout,freeway,1,0.0,25000
6,period,3175168,35195,breakout,freeway,2,0.0,25000
6,period,3175168,35195,breakout,freeway,3,1.0,25000
6,period,3175168,35195,breakout,freeway,4,0.0,25000
6,period,3175168,35195,breakout,freeway,5,0.0,25000
6,period,3175168,35195,breakout,freeway,6,0.0,25000
6,period,3175168,35195,breakout,freeway,7,0.0,25000
6,period,3175168,35195,breakout,freeway,8,0.0,25000
6,period,3175168,35195,breakout,freeway,9,0.0,25000
6,period,3175168,35195,breakout,freeway,10,0.0,25000
6,period,3200000,35583,breakout,breakout,1,6.0,674
6,period,3200000,35583,breakout,breakout,2,6.0,674
6,period,3200000,35583,breakout,breakout,3,6.0,674
6,period,3200000,35583,breakout,breakout,4,5.0,674
6,period,3200000,35583,breakout,breakout,5,7.0,674
6,period,3200000,35583,breakout,breakout,6,6.0,674
6,period,3200000,35583,breakout,breakout,7,5.0,674
6,period,3200000,35583,breakout,breakout,8,5.0,674
6,period,3200000,35583,breakout,breakout,9,5.0,674
6,period,3200000,35583,breakout,breakout,10,6.0,674
6,period,3200000,35583,breakout,space_invaders,1,30.0,2029
6,period,3200000,35583,breakout,space_invaders,2,34.0,2029
6,period,3200000,35583,breakout,space_invaders,3,23.0,2029
6,period,3200000,35583,breakout,space_invaders,4,17.0,2029
6,period,3200000,35583,breakout,space_invaders,5,17.0,2029
6,period,3200000,35583,breakout,space_invaders,6,37.0,2029
6,period,3200000,35583,breakout,space_invaders,7,20.0,2029
6,period,3200000,35583,breakout,space_invaders,8,23.0,2029
6,period,3200000,35583,breakout,space_invaders,9,36.0,2029
6,period,3200000,35583,breakout,space_invaders,10,15.0,2029
6,period,3200000,35583,breakout,freeway,1,0.0,25000
6,period,3200000,35583,breakout,freeway,2,0.0,25000
6,period,3200000,35583,breakout,freeway,3,0.0,25000
6,period,3200000,35583,breakout,freeway,4,0.0,25000
6,period,3200000,35583,breakout,freeway,5,0.0,25000
6,period,3200000,35583,breakout,freeway,6,0.0,25000
6,period,3200000,35583,breakout,freeway,7,0.0,25000
6,period,3200000,35583,breakout,freeway,8,0.0,25000
6,period,3200000,35583,breakout,freeway,9,0.0,25000
6,period,3200000,35583,breakout,freeway,10,0.0,25000
6,period,3225088,35980,breakout,breakout,1,6.0,650
6,period,3225088,35980,breakout,breakout,2,6.0,650
6,period,3225088,35980,breakout,breakout,3,5.0,650
6,period,3225088,35980,breakout,breakout,4,5.0,650
6,period,3225088,35980,breakout,breakout,5,6.0,650
6,period,3225088,35980,breakout,breakout,6,5.0,650
6,period,3225088,35980,breakout,breakout,7,6.0,650
6,period,3225088,35980,breakout,breakout,8,5.0,650
6,period,3225088,35980,breakout,breakout,9,6.0,650
6,period,3225088,35980,breakout,breakout,10,5.0,650
6,period,3225088,35980,breakout,space_invaders,1,27.0,1151
6,period,3225088,35980,breakout,space_invaders,2,5.0,1151
6,period,3225088,35980,breakout,space_invaders,3,5.0,1151
6,period,3225088,35980,breakout,space_invaders,4,6.0,1151
6,period,3225088,35980,breakout,space_invaders,5,5.0,1151
6,period,3225088,35980,breakout,space_invaders,6,32.0,1151
6,period,3225088,35980,breakout,space_invaders,7,22.0,1151
6,period,3225088,35980,breakout,space_invaders,8,5.0,1151
6,period,3225088,35980,breakout,space_invaders,9,4.0,1151
6,period,3225088,35980,breakout,space_invaders,10,27.0,1151
6,period,3225088,35980,breakout,freeway,1,0.0,25000
6,period,3225088,35980,breakout,freeway,2,0.0,25000
6,period,3225088,35980,breakout,freeway,3,1.0,25000
6,period,3225088,35980,breakout,freeway,4,0.0,25000
6,period,3225088,35980,breakout,freeway,5,0.0,25000
6,period,3225088,35980,breakout,freeway,6,0.0,25000
6,period,3225088,35980,breakout,freeway,7,0.0,25000
6,period,3225088,35980,breakout,freeway,8,0.0,25000
6,period,3225088,35980,breakout,freeway,9,0.0,25000
6,period,3225088,35980,breakout,freeway,10,1.0,25000
6,period,3250176,36373,breakout,breakout,1,6.0,662
6,period,3250176,36373,breakout,breakout,2,6.0,662
6,period,3250176,36373,breakout,breakout,3,5.0,662
6,period,3250176,36373,breakout,breakout,4,6.0,662
6,period,3250176,36373,breakout,breakout,5,6.0,662
6,period,3250176,36373,breakout,breakout,6,5.0,662
6,period,3250176,36373,breakout,breakout,7,6.0,662
6,period,3250176,36373,breakout,breakout,8,6.0,662
6,period,3250176,36373,breakout,breakout,9,5.0,662
6,period,3250176,36373,breakout,breakout,10,5.0,662
6,period,3250176,36373,breakout,space_invaders,1,11.0,1119
6,period,3250176,36373,breakout,space_invaders,2,12.0,1119
6,period,3250176,36373,breakout,space_invaders,3,4.0,1119
6,period,3250176,36373,breakout,space_invaders,4,5.0,1119
6,period,3250176,36373,breakout,space_invaders,5,14.0,1119
6,period,3250176,36373,breakout,space_invaders,6,28.0,1119
6,period,3250176,36373,breakout,space_invaders,7,27.0,1119
6,period,3250176,36373,breakout,space_invaders,8,6.0,1119
6,period,3250176,36373,breakout,space_invaders,9,23.0,1119
6,period,3250176,36373,breakout,space_invaders,10,4.0,1119
6,period,3250176,36373,breakout,freeway,1,0.0,25000
6,period,3250176,36373,breakout,freeway,2,0.0,25000
6,period,3250176,36373,breakout,freeway,3,0.0,25000
6,period,3250176,36373,breakout,freeway,4,0.0,25000
6,period,3250176,36373,breakout,freeway,5,0.0,25000
6,period,3250176,36373,breakout,freeway,6,0.0,25000
6,period,3250176,36373,breakout,freeway,7,0.0,25000
6,period,3250176,36373,breakout,freeway,8,0.0,25000
6,period,3250176,36373,breakout,freeway,9,0.0,25000
6,period,3250176,36373,breakout,freeway,10,0.0,25000
6,period,3275008,36754,breakout,breakout,1,5.0,634
6,period,3275008,36754,breakout,breakout,2,6.0,634
6,period,3275008,36754,breakout,breakout,3,5.0,634
6,period,3275008,36754,breakout,breakout,4,6.0,634
6,period,3275008,36754,breakout,breakout,5,5.0,634
6,period,3275008,36754,breakout,breakout,6,5.0,634
6,period,3275008,36754,breakout,breakout,7,5.0,634
6,period,3275008,36754,breakout,breakout,8,6.0,634
6,period,3275008,36754,breakout,breakout,9,5.0,634
6,period,3275008,36754,breakout,breakout,10,5.0,634
6,period,3275008,36754,breakout,space_invaders,1,4.0,470
6,period,3275008,36754,breakout,space_invaders,2,4.0,470
6,period,3275008,36754,breakout,space_invaders,3,13.0,470
6,period,3275008,36754,breakout,space_invaders,4,5.0,470
6,period,3275008,36754,breakout,space_invaders,5,16.0,470
6,period,3275008,36754,breakout,space_invaders,6,1.0,470
6,period,3275008,36754,breakout,space_invaders,7,4.0,470
6,period,3275008,36754,breakout,space_invaders,8,4.0,470
6,period,3275008,36754,breakout,space_invaders,9,4.0,470
6,period,3275008,36754,breakout,space_invaders,10,4.0,470
6,period,3275008,36754,breakout,freeway,1,0.0,25000
6,period,3275008,36754,breakout,freeway,2,0.0,25000
6,period,3275008,36754,breakout,freeway,3,0.0,25000
6,period,3275008,36754,breakout,freeway,4,1.0,25000
6,period,3275008,36754,breakout,freeway,5,0.0,25000
6,period,3275008,36754,breakout,freeway,6,0.0,25000
6,period,3275008,36754,breakout,freeway,7,0.0,25000
6,period,3275008,36754,breakout,freeway,8,0.0,25000
6,period,3275008,36754,breakout,freeway,9,0.0,25000
6,period,3275008,36754,breakout,freeway,10,0.0,25000
6,period,3300096,37144,breakout,breakout,1,6.0,660
6,period,3300096,37144,breakout,breakout,2,5.0,660
6,period,3300096,37144,breakout,breakout,3,6.0,660
6,period,3300096,37144,breakout,breakout,4,6.0,660
6,period,3300096,37144,breakout,breakout,5,5.0,660
6,period,3300096,37144,breakout,breakout,6,5.0,660
6,period,3300096,37144,breakout,breakout,7,5.0,660
6,period,3300096,37144,breakout,breakout,8,5.0,660
6,period,3300096,37144,breakout,breakout,9,7.0,660
6,period,3300096,37144,breakout,breakout,10,6.0,660
6,period,3300096,37144,breakout,space_invaders,1,14.0,1343
6,period,3300096,37144,breakout,space_invaders,2,33.0,1343
6,period,3300096,37144,breakout,space_invaders,3,15.0,1343
6,period,3300096,37144,breakout,space_invaders,4,36.0,1343
6,period,3300096,37144,breakout,space_invaders,5,26.0,1343
6,period,3300096,37144,breakout,space_invaders,6,16.0,1343
6,period,3300096,37144,breakout,space_invaders,7,16.0,1343
6,period,3300096,37144,breakout,space_invaders,8,16.0,1343
6,period,3300096,37144,breakout,space_invaders,9,6.0,1343
6,period,3300096,37144,breakout,space_invaders,10,12.0,1343
6,period,3300096,37144,breakout,freeway,1,0.0,25000
6,period,3300096,37144,breakout,freeway,2,0.0,25000
6,period,3300096,37144,breakout,freeway,3,0.0,25000
6,period,3300096,37144,breakout,freeway,4,0.0,25000
6,period,3300096,37144,breakout,freeway,5,0.0,25000
6,period,3300096,37144,breakout,freeway,6,0.0,25000
6,period,3300096,37144,breakout,freeway,7,0.0,25000
6,period,3300096,37144,breakout,freeway,8,1.0,25000
6,period,3300096,37144,breakout,freeway,9,0.0,25000
6,period,3300096,37144,breakout,freeway,10,0.0,25000
6,period,3325184,37535,breakout,breakout,1,5.0,650
6,period,3325184,37535,breakout,breakout,2,6.0,650
6,period,3325184,37535,breakout,breakout,3,5.0,650
6,period,3325184,37535,breakout,breakout,4,6.0,650
6,period,3325184,37535,breakout,breakout,5,6.0,650
6,period,3325184,37535,breakout,breakout,6,6.0,650
6,period,3325184,37535,breakout,breakout,7,6.0,650
6,period,3325184,37535,breakout,breakout,8,5.0,650
6,period,3325184,37535,breakout,breakout,9,5.0,650
6,period,3325184,37535,breakout,breakout,10,5.0,650
6,period,3325184,37535,breakout,space_invaders,1,14.0,1547
6,period,3325184,37535,breakout,space_invaders,2,18.0,1547
6,period,3325184,37535,breakout,space_invaders,3,32.0,1547
6,period,3325184,37535,breakout,space_invaders,4,14.0,1547
6,period,3325184,37535,breakout,space_invaders,5,43.0,1547
6,period,3325184,37535,breakout,space_invaders,6,16.0,1547
6,period,3325184,37535,breakout,space_invaders,7,23.0,1547
6,period,3325184,37535,breakout,space_invaders,8,7.0,1547
6,period,3325184,37535,breakout,space_invaders,9,18.0,1547
6,period,3325184,37535,breakout,space_invaders,10,17.0,1547
6,period,3325184,37535,breakout,freeway,1,0.0,25000
6,period,3325184,37535,breakout,freeway,2,0.0,25000
6,period,3325184,37535,breakout,freeway,3,0.0,25000
6,period,3325184,37535,breakout,freeway,4,0.0,25000
6,period,3325184,37535,breakout,freeway,5,0.0,25000
6,period,3325184,37535,breakout,freeway,6,0.0,25000
6,period,3325184,37535,breakout,freeway,7,0.0,25000
6,period,3325184,37535,breakout,freeway,8,1.0,25000
6,period,3325184,37535,breakout,freeway,9,1.0,25000
6,period,3325184,37535,breakout,freeway,10,1.0,25000
6,period,3350016,37923,breakout,breakout,1,5.0,660
6,period,3350016,37923,breakout,breakout,2,5.0,660
6,period,3350016,37923,breakout,breakout,3,6.0,660
6,period,3350016,37923,breakout,breakout,4,5.0,660
6,period,3350016,37923,breakout,breakout,5,6.0,660
6,period,3350016,37923,breakout,breakout,6,6.0,660
6,period,3350016,37923,breakout,breakout,7,5.0,660
6,period,3350016,37923,breakout,breakout,8,6.0,660
6,period,3350016,37923,breakout,breakout,9,6.0,660
6,period,3350016,37923,breakout,breakout,10,6.0,660
6,period,3350016,37923,breakout,space_invaders,1,15.0,1924
6,period,3350016,37923,breakout,space_invaders,2,16.0,1924
6,period,3350016,37923,breakout,space_invaders,3,14.0,1924
6,period,3350016,37923,breakout,space_invaders,4,23.0,1924
6,period,3350016,37923,breakout,space_invaders,5,33.0,1924
6,period,3350016,37923,breakout,space_invaders,6,38.0,1924
6,period,3350016,37923,breakout,space_invaders,7,29.0,1924
6,period,3350016,37923,breakout,space_invaders,8,19.0,1924
6,period,3350016,37923,breakout,space_invaders,9,16.0,1924
6,period,3350016,37923,breakout,space_invaders,10,36.0,1924
6,period,3350016,37923,breakout,freeway,1,0.0,25000
6,period,3350016,37923,breakout,freeway,2,0.0,25000
6,period,3350016,37923,breakout,freeway,3,0.0,25000
6,period,3350016,37923,breakout,freeway,4,0.0,25000
6,period,3350016,37923,breakout,freeway,5,0.0,25000
6,period,3350016,37923,breakout,freeway,6,1.0,25000
6,period,3350016,37923,breakout,freeway,7,0.0,25000
6,period,3350016,37923,breakout,freeway,8,0.0,25000
6,period,3350016,37923,breakout,freeway,9,0.0,25000
6,period,3350016,37923,breakout,freeway,10,0.0,25000
6,period,3375104,38312,breakout,breakout,1,5.0,578
6,period,3375104,38312,breakout,breakout,2,6.0,578
6,period,3375104,38312,breakout,breakout,3,0.0,578
6,period,3375104,38312,breakout,breakout,4,6.0,578
6,period,3375104,38312,breakout,breakout,5,6.0,578
6,period,3375104,38312,breakout,breakout,6,5.0,578
6,period,3375104,38312,breakout,breakout,7,6.0,578
6,period,3375104,38312,breakout,breakout,8,2.0,578
6,period,3375104,38312,breakout,breakout,9,6.0,578
6,period,3375104,38312,breakout,breakout,10,6.0,578
6,period,3375104,38312,breakout,space_invaders,1,29.0,1735
6,period,3375104,38312,breakout,space_invaders,2,22.0,1735
6,period,3375104,38312,breakout,space_invaders,3,23.0,1735
6,period,3375104,38312,breakout,space_invaders,4,23.0,1735
6,period,3375104,38312,breakout,space_invaders,5,10.0,1735
6,period,3375104,38312,breakout,space_invaders,6,10.0,1735
6,period,3375104,38312,breakout,space_invaders,7,26.0,1735
6,period,3375104,38312,breakout,space_invaders,8,15.0,1735
6,period,3375104,38312,breakout,space_invaders,9,17.0,1735
6,period,3375104,38312,breakout,space_invaders,10,38.0,1735
6,period,3375104,38312,breakout,freeway,1,0.0,25000
6,period,3375104,38312,breakout,freeway,2,0.0,25000
6,period,3375104,38312,breakout,freeway,3,0.0,25000
6,period,3375104,38312,breakout,freeway,4,0.0,25000
6,period,3375104,38312,breakout,freeway,5,0.0,25000
6,period,3375104,38312,breakout,freeway,6,0.0,25000
6,period,3375104,38312,breakout,freeway,7,0.0,25000
6,period,3375104,38312,breakout,freeway,8,0.0,25000
6,period,3375104,38312,breakout,freeway,9,0.0,25000
6,period,3375104,38312,breakout,freeway,10,0.0,25000
6,period,3400192,38701,breakout,breakout,1,6.0,660
6,period,3400192,38701,breakout,breakout,2,5.0,660
6,period,3400192,38701,breakout,breakout,3,5.0,660
6,period,3400192,38701,breakout,breakout,4,6.0,660
6,period,3400192,38701,breakout,breakout,5,6.0,660
6,period,3400192,38701,breakout,breakout,6,6.0,660
6,period,3400192,38701,breakout,breakout,7,5.0,660
6,period,3400192,38701,breakout,breakout,8,5.0,660
6,period,3400192,38701,breakout,breakout,9,6.0,660
6,period,3400192,38701,breakout,breakout,10,6.0,660
6,period,3400192,38701,breakout,space_invaders,1,17.0,2176
6,period,3400192,38701,breakout,space_invaders,2,35.0,2176
6,period,3400192,38701,breakout,space_invaders,3,38.0,2176
6,period,3400192,38701,breakout,space_invaders,4,18.0,2176
6,period,3400192,38701,breakout,space_invaders,5,35.0,2176
6,period,3400192,38701,breakout,space_invaders,6,28.0,2176
6,period,3400192,38701,breakout,space_invaders,7,23.0,2176
6,period,3400192,38701,breakout,space_invaders,8,21.0,2176
6,period,3400192,38701,breakout,space_invaders,9,22.0,2176
6,period,3400192,38701,breakout,space_invaders,10,29.0,2176
6,period,3400192,38701,breakout,freeway,1,0.0,25000
6,period,3400192,38701,breakout,freeway,2,0.0,25000
6,period,3400192,38701,breakout,freeway,3,0.0,25000
6,period,3400192,38701,breakout,freeway,4,0.0,25000
6,period,3400192,38701,breakout,freeway,5,0.0,25000
6,period,3400192,38701,breakout,freeway,6,0.0,25000
6,period,3400192,38701,breakout,freeway,7,0.0,25000
6,period,3400192,38701,breakout,freeway,8,0.0,25000
6,period,3400192,38701,breakout,freeway,9,0.0,25000
6,period,3400192,38701,breakout,freeway,10,1.0,25000
6,period,3425024,39088,breakout,breakout,1,5.0,640
6,period,3425024,39088,breakout,breakout,2,5.0,640
6,period,3425024,39088,breakout,breakout,3,5.0,640
6,period,3425024,39088,breakout,breakout,4,5.0,640
6,period,3425024,39088,breakout,breakout,5,5.0,640
6,period,3425024,39088,breakout,breakout,6,6.0,640
6,period,3425024,39088,breakout,breakout,7,7.0,640
6,period,3425024,39088,breakout,breakout,8,6.0,640
6,period,3425024,39088,breakout,breakout,9,5.0,640
6,period,3425024,39088,breakout,breakout,10,5.0,640
6,period,3425024,39088,breakout,space_invaders,1,22.0,2386
6,period,3425024,39088,breakout,space_invaders,2,36.0,2386
6,period,3425024,39088,breakout,space_invaders,3,47.0,2386
6,period,3425024,39088,breakout,space_invaders,4,14.0,2386
6,period,3425024,39088,breakout,space_invaders,5,9.0,2386
6,period,3425024,39088,breakout,space_invaders,6,46.0,2386
6,period,3425024,39088,breakout,space_invaders,7,35.0,2386
6,period,3425024,39088,breakout,space_invaders,8,38.0,2386
6,period,3425024,39088,breakout,space_invaders,9,16.0,2386
6,period,3425024,39088,breakout,space_invaders,10,46.0,2386
6,period,3425024,39088,breakout,freeway,1,0.0,25000
6,period,3425024,39088,breakout,freeway,2,0.0,25000
6,period,3425024,39088,breakout,freeway,3,0.0,25000
6,period,3425024,39088,breakout,freeway,4,0.0,25000
6,period,3425024,39088,breakout,freeway,5,0.0,25000
6,period,3425024,39088,breakout,freeway,6,0.0,25000
6,period,3425024,39088,breakout,freeway,7,0.0,25000
6,period,3425024,39088,breakout,freeway,8,0.0,25000
6,period,3425024,39088,breakout,freeway,9,0.0,25000
6,period,3425024,39088,breakout,freeway,10,0.0,25000
6,period,3450112,39481,breakout,breakout,1,6.0,596
6,period,3450112,39481,breakout,breakout,2,5.0,596
6,period,3450112,39481,breakout,breakout,3,6.0,596
6,period,3450112,39481,breakout,breakout,4,6.0,596
6,period,3450112,39481,breakout,breakout,5,5.0,596
6,period,3450112,39481,breakout,breakout,6,6.0,596
6,period,3450112,39481,breakout,breakout,7,6.0,596
6,period,3450112,39481,breakout,breakout,8,5.0,596
6,period,3450112,39481,breakout,breakout,9,5.0,596
6,period,3450112,39481,breakout,breakout,10,0.0,596
6,period,3450112,39481,breakout,space_invaders,1,14.0,1302
6,period,3450112,39481,breakout,space_invaders,2,23.0,1302
6,period,3450112,39481,breakout,space_invaders,3,14.0,1302
6,period,3450112,39481,breakout,space_invaders,4,21.0,1302
6,period,3450112,39481,breakout,space_invaders,5,34.0,1302
6,period,3450112,39481,breakout,space_invaders,6,9.0,1302
6,period,3450112,39481,breakout,space_invaders,7,14.0,1302
6,period,3450112,39481,breakout,space_invaders,8,13.0,1302
6,period,3450112,39481,breakout,space_invaders,9,14.0,1302
6,period,3450112,39481,breakout,space_invaders,10,29.0,1302
6,period,3450112,39481,breakout,freeway,1,0.0,25000
6,period,3450112,39481,breakout,freeway,2,0.0,25000
6,period,3450112,39481,breakout,freeway,3,2.0,25000
6,period,3450112,39481,breakout,freeway,4,0.0,25000
6,period,3450112,39481,breakout,freeway,5,0.0,25000
6,period,3450112,39481,breakout,freeway,6,2.0,25000
6,period,3450112,39481,breakout,freeway,7,0.0,25000
6,period,3450112,39481,breakout,freeway,8,0.0,25000
6,period,3450112,39481,breakout,freeway,9,1.0,25000
6,period,3450112,39481,breakout,freeway,10,0.0,25000
6,period,3475200,39875,breakout,breakout,1,5.0,620
6,period,3475200,39875,breakout,breakout,2,5.0,620
6,period,3475200,39875,breakout,breakout,3,5.0,620
6,period,3475200,39875,breakout,breakout,4,6.0,620
6,period,3475200,39875,breakout,breakout,5,6.0,620
6,period,3475200,39875,breakout,breakout,6,5.0,620
6,period,3475200,39875,breakout,breakout,7,5.0,620
6,period,3475200,39875,breakout,breakout,8,5.0,620
6,period,3475200,39875,breakout,breakout,9,5.0,620
6,period,3475200,39875,breakout,breakout,10,5.0,620
6,period,3475200,39875,breakout,space_invaders,1,29.0,1735
6,period,3475200,39875,breakout,space_invaders,2,22.0,1735
6,period,3475200,39875,breakout,space_invaders,3,12.0,1735
6,period,3475200,39875,breakout,space_invaders,4,6.0,1735
6,period,3475200,39875,breakout,space_invaders,5,23.0,1735
6,period,3475200,39875,breakout,space_invaders,6,11.0,1735
6,period,3475200,39875,breakout,space_invaders,7,43.0,1735
6,period,3475200,39875,breakout,space_invaders,8,26.0,1735
6,period,3475200,39875,breakout,space_invaders,9,10.0,1735
6,period,3475200,39875,breakout,space_invaders,10,13.0,1735
6,period,3475200,39875,breakout,freeway,1,0.0,25000
6,period,3475200,39875,breakout,freeway,2,1.0,25000
6,period,3475200,39875,breakout,freeway,3,0.0,25000
6,period,3475200,39875,breakout,freeway,4,0.0,25000
6,period,3475200,39875,breakout,freeway,5,0.0,25000
6,period,3475200,39875,breakout,freeway,6,0.0,25000
6,period,3475200,39875,breakout,freeway,7,0.0,25000
6,period,3475200,39875,breakout,freeway,8,0.0,25000
6,period,3475200,39875,breakout,freeway,9,1.0,25000
6,period,3475200,39875,breakout,freeway,10,0.0,25000
7,boundary,3999744,42073,space_invaders,breakout,1,5.0,662
7,boundary,3999744,42073,space_invaders,breakout,2,6.0,662
7,boundary,3999744,42073,space_invaders,breakout,3,5.0,662
7,boundary,3999744,42073,space_invaders,breakout,4,6.0,662
7,boundary,3999744,42073,space_invaders,breakout,5,5.0,662
7,boundary,3999744,42073,space_invaders,breakout,6,7.0,662
7,boundary,3999744,42073,space_invaders,breakout,7,5.0,662
7,boundary,3999744,42073,space_invaders,breakout,8,6.0,662
7,boundary,3999744,42073,space_invaders,breakout,9,5.0,662
7,boundary,3999744,42073,space_invaders,breakout,10,6.0,662
7,boundary,3999744,42073,space_invaders,space_invaders,1,55.0,5054
7,boundary,3999744,42073,space_invaders,space_invaders,2,47.0,5054
7,boundary,3999744,42073,space_invaders,space_invaders,3,32.0,5054
7,boundary,3999744,42073,space_invaders,space_invaders,4,103.0,5054
7,boundary,3999744,42073,space_invaders,space_invaders,5,74.0,5054
7,boundary,3999744,42073,space_invaders,space_invaders,6,23.0,5054
7,boundary,3999744,42073,space_invaders,space_invaders,7,26.0,5054
7,boundary,3999744,42073,space_invaders,space_invaders,8,80.0,5054
7,boundary,3999744,42073,space_invaders,space_invaders,9,116.0,5054
7,boundary,3999744,42073,space_invaders,space_invaders,10,22.0,5054
7,boundary,3999744,42073,space_invaders,freeway,1,0.0,25000
7,boundary,3999744,42073,space_invaders,freeway,2,0.0,25000
7,boundary,3999744,42073,space_invaders,freeway,3,1.0,25000
7,boundary,3999744,42073,space_invaders,freeway,4,0.0,25000
7,boundary,3999744,42073,space_invaders,freeway,5,0.0,25000
7,boundary,3999744,42073,space_invaders,freeway,6,0.0,25000
7,boundary,3999744,42073,space_invaders,freeway,7,1.0,25000
7,boundary,3999744,42073,space_invaders,freeway,8,0.0,25000
7,boundary,3999744,42073,space_invaders,freeway,9,0.0,25000
7,boundary,3999744,42073,space_invaders,freeway,10,0.0,25000
7,period,3500032,40272,space_invaders,breakout,1,5.0,650
7,period,3500032,40272,space_invaders,breakout,2,4.0,650
7,period,3500032,40272,space_invaders,breakout,3,6.0,650
7,period,3500032,40272,space_invaders,breakout,4,6.0,650
7,period,3500032,40272,space_invaders,breakout,5,6.0,650
7,period,3500032,40272,space_invaders,breakout,6,5.0,650
7,period,3500032,40272,space_invaders,breakout,7,6.0,650
7,period,3500032,40272,space_invaders,breakout,8,5.0,650
7,period,3500032,40272,space_invaders,breakout,9,6.0,650
7,period,3500032,40272,space_invaders,breakout,10,6.0,650
7,period,3500032,40272,space_invaders,space_invaders,1,4.0,1304
7,period,3500032,40272,space_invaders,space_invaders,2,9.0,1304
7,period,3500032,40272,space_invaders,space_invaders,3,12.0,1304
7,period,3500032,40272,space_invaders,space_invaders,4,9.0,1304
7,period,3500032,40272,space_invaders,space_invaders,5,31.0,1304
7,period,3500032,40272,space_invaders,space_invaders,6,23.0,1304
7,period,3500032,40272,space_invaders,space_invaders,7,31.0,1304
7,period,3500032,40272,space_invaders,space_invaders,8,28.0,1304
7,period,3500032,40272,space_invaders,space_invaders,9,9.0,1304
7,period,3500032,40272,space_invaders,space_invaders,10,15.0,1304
7,period,3500032,40272,space_invaders,freeway,1,0.0,25000
7,period,3500032,40272,space_invaders,freeway,2,0.0,25000
7,period,3500032,40272,space_invaders,freeway,3,0.0,25000
7,period,3500032,40272,space_invaders,freeway,4,0.0,25000
7,period,3500032,40272,space_invaders,freeway,5,0.0,25000
7,period,3500032,40272,space_invaders,freeway,6,0.0,25000
7,period,3500032,40272,space_invaders,freeway,7,0.0,25000
7,period,3500032,40272,space_invaders,freeway,8,1.0,25000
7,period,3500032,40272,space_invaders,freeway,9,1.0,25000
7,period,3500032,40272,space_invaders,freeway,10,0.0,25000
7,period,3525120,40416,space_invaders,breakout,1,5.0,640
7,period,3525120,40416,space_invaders,breakout,2,5.0,640
7,period,3525120,40416,space_invaders,breakout,3,6.0,640
7,period,3525120,40416,space_invaders,breakout,4,5.0,640
7,period,3525120,40416,space_invaders,breakout,5,5.0,640
7,period,3525120,40416,space_invaders,breakout,6,6.0,640
7,period,3525120,40416,space_invaders,breakout,7,6.0,640
7,period,3525120,40416,space_invaders,breakout,8,5.0,640
7,period,3525120,40416,space_invaders,breakout,9,6.0,640
7,period,3525120,40416,space_invaders,breakout,10,5.0,640
7,period,3525120,40416,space_invaders,space_invaders,1,14.0,1575
7,period,3525120,40416,space_invaders,space_invaders,2,21.0,1575
7,period,3525120,40416,space_invaders,space_invaders,3,31.0,1575
7,period,3525120,40416,space_invaders,space_invaders,4,37.0,1575
7,period,3525120,40416,space_invaders,space_invaders,5,8.0,1575
7,period,3525120,40416,space_invaders,space_invaders,6,16.0,1575
7,period,3525120,40416,space_invaders,space_invaders,7,13.0,1575
7,period,3525120,40416,space_invaders,space_invaders,8,13.0,1575
7,period,3525120,40416,space_invaders,space_invaders,9,13.0,1575
7,period,3525120,40416,space_invaders,space_invaders,10,14.0,1575
7,period,3525120,40416,space_invaders,freeway,1,1.0,25000
7,period,3525120,40416,space_invaders,freeway,2,0.0,25000
7,period,3525120,40416,space_invaders,freeway,3,0.0,25000
7,period,3525120,40416,space_invaders,freeway,4,0.0,25000
7,period,3525120,40416,space_invaders,freeway,5,0.0,25000
7,period,3525120,40416,space_invaders,freeway,6,0.0,25000
7,period,3525120,40416,space_invaders,freeway,7,0.0,25000
7,period,3525120,40416,space_invaders,freeway,8,0.0,25000
7,period,3525120,40416,space_invaders,freeway,9,0.0,25000
7,period,3525120,40416,space_invaders,freeway,10,0.0,25000
7,period,3550208,40547,space_invaders,breakout,1,6.0,670
7,period,3550208,40547,space_invaders,breakout,2,6.0,670
7,period,3550208,40547,space_invaders,breakout,3,5.0,670
7,period,3550208,40547,space_invaders,breakout,4,5.0,670
7,period,3550208,40547,space_invaders,breakout,5,6.0,670
7,period,3550208,40547,space_invaders,breakout,6,6.0,670
7,period,3550208,40547,space_invaders,breakout,7,5.0,670
7,period,3550208,40547,space_invaders,breakout,8,6.0,670
7,period,3550208,40547,space_invaders,breakout,9,6.0,670
7,period,3550208,40547,space_invaders,breakout,10,6.0,670
7,period,3550208,40547,space_invaders,space_invaders,1,65.0,3151
7,period,3550208,40547,space_invaders,space_invaders,2,35.0,3151
7,period,3550208,40547,space_invaders,space_invaders,3,44.0,3151
7,period,3550208,40547,space_invaders,space_invaders,4,39.0,3151
7,period,3550208,40547,space_invaders,space_invaders,5,73.0,3151
7,period,3550208,40547,space_invaders,space_invaders,6,25.0,3151
7,period,3550208,40547,space_invaders,space_invaders,7,26.0,3151
7,period,3550208,40547,space_invaders,space_invaders,8,26.0,3151
7,period,3550208,40547,space_invaders,space_invaders,9,34.0,3151
7,period,3550208,40547,space_invaders,space_invaders,10,35.0,3151
7,period,3550208,40547,space_invaders,freeway,1,0.0,25000
7,period,3550208,40547,space_invaders,freeway,2,0.0,25000
7,period,3550208,40547,space_invaders,freeway,3,0.0,25000
7,period,3550208,40547,space_invaders,freeway,4,0.0,25000
7,period,3550208,40547,space_invaders,freeway,5,0.0,25000
7,period,3550208,40547,space_invaders,freeway,6,0.0,25000
7,period,3550208,40547,space_invaders,freeway,7,0.0,25000
7,period,3550208,40547,space_invaders,freeway,8,0.0,25000
7,period,3550208,40547,space_invaders,freeway,9,0.0,25000
7,period,3550208,40547,space_invaders,freeway,10,0.0,25000
7,period,3575040,40659,space_invaders,breakout,1,6.0,660
7,period,3575040,40659,space_invaders,breakout,2,5.0,660
7,period,3575040,40659,space_invaders,breakout,3,5.0,660
7,period,3575040,40659,space_invaders,breakout,4,5.0,660
7,period,3575040,40659,space_invaders,breakout,5,7.0,660
7,period,3575040,40659,space_invaders,breakout,6,5.0,660
7,period,3575040,40659,space_invaders,breakout,7,6.0,660
7,period,3575040,40659,space_invaders,breakout,8,6.0,660
7,period,3575040,40659,space_invaders,breakout,9,5.0,660
7,period,3575040,40659,space_invaders,breakout,10,6.0,660
7,period,3575040,40659,space_invaders,space_invaders,1,23.0,2277
7,period,3575040,40659,space_invaders,space_invaders,2,23.0,2277
7,period,3575040,40659,space_invaders,space_invaders,3,10.0,2277
7,period,3575040,40659,space_invaders,space_invaders,4,9.0,2277
7,period,3575040,40659,space_invaders,space_invaders,5,23.0,2277
7,period,3575040,40659,space_invaders,space_invaders,6,35.0,2277
7,period,3575040,40659,space_invaders,space_invaders,7,47.0,2277
7,period,3575040,40659,space_invaders,space_invaders,8,23.0,2277
7,period,3575040,40659,space_invaders,space_invaders,9,40.0,2277
7,period,3575040,40659,space_invaders,space_invaders,10,17.0,2277
7,period,3575040,40659,space_invaders,freeway,1,0.0,25000
7,period,3575040,40659,space_invaders,freeway,2,0.0,25000
7,period,3575040,40659,space_invaders,freeway,3,0.0,25000
7,period,3575040,40659,space_invaders,freeway,4,0.0,25000
7,period,3575040,40659,space_invaders,freeway,5,0.0,25000
7,period,3575040,40659,space_invaders,freeway,6,0.0,25000
7,period,3575040,40659,space_invaders,freeway,7,0.0,25000
7,period,3575040,40659,space_invaders,freeway,8,1.0,25000
7,period,3575040,40659,space_invaders,freeway,9,2.0,25000
7,period,3575040,40659,space_invaders,freeway,10,0.0,25000
7,period,3600128,40771,space_invaders,breakout,1,6.0,658
7,period,3600128,40771,space_invaders,breakout,2,6.0,658
7,period,3600128,40771,space_invaders,breakout,3,3.0,658
7,period,3600128,40771,space_invaders,breakout,4,6.0,658
7,period,3600128,40771,space_invaders,breakout,5,6.0,658
7,period,3600128,40771,space_invaders,breakout,6,6.0,658
7,period,3600128,40771,space_invaders,breakout,7,6.0,658
7,period,3600128,40771,space_invaders,breakout,8,5.0,658
7,period,3600128,40771,space_invaders,breakout,9,6.0,658
7,period,3600128,40771,space_invaders,breakout,10,6.0,658
7,period,3600128,40771,space_invaders,space_invaders,1,23.0,2718
7,period,3600128,40771,space_invaders,space_invaders,2,27.0,2718
7,period,3600128,40771,space_invaders,space_invaders,3,34.0,2718
7,period,3600128,40771,space_invaders,space_invaders,4,16.0,2718
7,period,3600128,40771,space_invaders,space_invaders,5,8.0,2718
7,period,3600128,40771,space_invaders,space_invaders,6,71.0,2718
7,period,3600128,40771,space_invaders,space_invaders,7,28.0,2718
7,period,3600128,40771,space_invaders,space_invaders,8,55.0,2718
7,period,3600128,40771,space_invaders,space_invaders,9,47.0,2718
7,period,3600128,40771,space_invaders,space_invaders,10,23.0,2718
7,period,3600128,40771,space_invaders,freeway,1,0.0,25000
7,period,3600128,40771,space_invaders,freeway,2,0.0,25000
7,period,3600128,40771,space_invaders,freeway,3,1.0,25000
7,period,3600128,40771,space_invaders,freeway,4,0.0,25000
7,period,3600128,40771,space_invaders,freeway,5,0.0,25000
7,period,3600128,40771,space_invaders,freeway,6,0.0,25000
7,period,3600128,40771,space_invaders,freeway,7,0.0,25000
7,period,3600128,40771,space_invaders,freeway,8,0.0,25000
7,period,3600128,40771,space_invaders,freeway,9,0.0,25000
7,period,3600128,40771,space_invaders,freeway,10,0.0,25000
7,period,3625216,40869,space_invaders,breakout,1,7.0,642
7,period,3625216,40869,space_invaders,breakout,2,5.0,642
7,period,3625216,40869,space_invaders,breakout,3,5.0,642
7,period,3625216,40869,space_invaders,breakout,4,6.0,642
7,period,3625216,40869,space_invaders,breakout,5,7.0,642
7,period,3625216,40869,space_invaders,breakout,6,5.0,642
7,period,3625216,40869,space_invaders,breakout,7,6.0,642
7,period,3625216,40869,space_invaders,breakout,8,3.0,642
7,period,3625216,40869,space_invaders,breakout,9,5.0,642
7,period,3625216,40869,space_invaders,breakout,10,5.0,642
7,period,3625216,40869,space_invaders,space_invaders,1,37.0,2880
7,period,3625216,40869,space_invaders,space_invaders,2,31.0,2880
7,period,3625216,40869,space_invaders,space_invaders,3,31.0,2880
7,period,3625216,40869,space_invaders,space_invaders,4,56.0,2880
7,period,3625216,40869,space_invaders,space_invaders,5,47.0,2880
7,period,3625216,40869,space_invaders,space_invaders,6,71.0,2880
7,period,3625216,40869,space_invaders,space_invaders,7,20.0,2880
7,period,3625216,40869,space_invaders,space_invaders,8,58.0,2880
7,period,3625216,40869,space_invaders,space_invaders,9,21.0,2880
7,period,3625216,40869,space_invaders,space_invaders,10,11.0,2880
7,period,3625216,40869,space_invaders,freeway,1,0.0,25000
7,period,3625216,40869,space_invaders,freeway,2,0.0,25000
7,period,3625216,40869,space_invaders,freeway,3,0.0,25000
7,period,3625216,40869,space_invaders,freeway,4,0.0,25000
7,period,3625216,40869,space_invaders,freeway,5,0.0,25000
7,period,3625216,40869,space_invaders,freeway,6,0.0,25000
7,period,3625216,40869,space_invaders,freeway,7,0.0,25000
7,period,3625216,40869,space_invaders,freeway,8,0.0,25000
7,period,3625216,40869,space_invaders,freeway,9,0.0,25000
7,period,3625216,40869,space_invaders,freeway,10,0.0,25000
7,period,3650048,40975,space_invaders,breakout,1,6.0,688
7,period,3650048,40975,space_invaders,breakout,2,5.0,688
7,period,3650048,40975,space_invaders,breakout,3,6.0,688
7,period,3650048,40975,space_invaders,breakout,4,6.0,688
7,period,3650048,40975,space_invaders,breakout,5,6.0,688
7,period,3650048,40975,space_invaders,breakout,6,6.0,688
7,period,3650048,40975,space_invaders,breakout,7,5.0,688
7,period,3650048,40975,space_invaders,breakout,8,6.0,688
7,period,3650048,40975,space_invaders,breakout,9,6.0,688
7,period,3650048,40975,space_invaders,breakout,10,6.0,688
7,period,3650048,40975,space_invaders,space_invaders,1,39.0,2325
7,period,3650048,40975,space_invaders,space_invaders,2,23.0,2325
7,period,3650048,40975,space_invaders,space_invaders,3,25.0,2325
7,period,3650048,40975,space_invaders,space_invaders,4,36.0,2325
7,period,3650048,40975,space_invaders,space_invaders,5,31.0,2325
7,period,3650048,40975,space_invaders,space_invaders,6,8.0,2325
7,period,3650048,40975,space_invaders,space_invaders,7,23.0,2325
7,period,3650048,40975,space_invaders,space_invaders,8,9.0,2325
7,period,3650048,40975,space_invaders,space_invaders,9,48.0,2325
7,period,3650048,40975,space_invaders,space_invaders,10,39.0,2325
7,period,3650048,40975,space_invaders,freeway,1,0.0,25000
7,period,3650048,40975,space_invaders,freeway,2,1.0,25000
7,period,3650048,40975,space_invaders,freeway,3,0.0,25000
7,period,3650048,40975,space_invaders,freeway,4,0.0,25000
7,period,3650048,40975,space_invaders,freeway,5,0.0,25000
7,period,3650048,40975,space_invaders,freeway,6,0.0,25000
7,period,3650048,40975,space_invaders,freeway,7,0.0,25000
7,period,3650048,40975,space_invaders,freeway,8,1.0,25000
7,period,3650048,40975,space_invaders,freeway,9,0.0,25000
7,period,3650048,40975,space_invaders,freeway,10,0.0,25000
7,period,3675136,41067,space_invaders,breakout,1,6.0,614
7,period,3675136,41067,space_invaders,breakout,2,3.0,614
7,period,3675136,41067,space_invaders,breakout,3,5.0,614
7,period,3675136,41067,space_invaders,breakout,4,5.0,614
7,period,3675136,41067,space_invaders,breakout,5,5.0,614
7,period,3675136,41067,space_invaders,breakout,6,6.0,614
7,period,3675136,41067,space_invaders,breakout,7,5.0,614
7,period,3675136,41067,space_invaders,breakout,8,6.0,614
7,period,3675136,41067,space_invaders,breakout,9,5.0,614
7,period,3675136,41067,space_invaders,breakout,10,5.0,614
7,period,3675136,41067,space_invaders,space_invaders,1,64.0,3935
7,period,3675136,41067,space_invaders,space_invaders,2,69.0,3935
7,period,3675136,41067,space_invaders,space_invaders,3,23.0,3935
7,period,3675136,41067,space_invaders,space_invaders,4,23.0,3935
7,period,3675136,41067,space_invaders,space_invaders,5,6.0,3935
7,period,3675136,41067,space_invaders,space_invaders,6,95.0,3935
7,period,3675136,41067,space_invaders,space_invaders,7,24.0,3935
7,period,3675136,41067,space_invaders,space_invaders,8,70.0,3935
7,period,3675136,41067,space_invaders,space_invaders,9,23.0,3935
7,period,3675136,41067,space_invaders,space_invaders,10,23.0,3935
7,period,3675136,41067,space_invaders,freeway,1,0.0,25000
7,period,3675136,41067,space_invaders,freeway,2,0.0,25000
7,period,3675136,41067,space_invaders,freeway,3,0.0,25000
7,period,3675136,41067,space_invaders,freeway,4,1.0,25000
7,period,3675136,41067,space_invaders,freeway,5,1.0,25000
7,period,3675136,41067,space_invaders,freeway,6,0.0,25000
7,period,3675136,41067,space_invaders,freeway,7,0.0,25000
7,period,3675136,41067,space_invaders,freeway,8,0.0,25000
7,period,3675136,41067,space_invaders,freeway,9,1.0,25000
7,period,3675136,41067,space_invaders,freeway,10,0.0,25000
7,period,3700224,41137,space_invaders,breakout,1,6.0,678
7,period,3700224,41137,space_invaders,breakout,2,6.0,678
7,period,3700224,41137,space_invaders,breakout,3,5.0,678
7,period,3700224,41137,space_invaders,breakout,4,6.0,678
7,period,3700224,41137,space_invaders,breakout,5,6.0,678
7,period,3700224,41137,space_invaders,breakout,6,6.0,678
7,period,3700224,41137,space_invaders,breakout,7,5.0,678
7,period,3700224,41137,space_invaders,breakout,8,6.0,678
7,period,3700224,41137,space_invaders,breakout,9,5.0,678
7,period,3700224,41137,space_invaders,breakout,10,6.0,678
7,period,3700224,41137,space_invaders,space_invaders,1,47.0,3147
7,period,3700224,41137,space_invaders,space_invaders,2,13.0,3147
7,period,3700224,41137,space_invaders,space_invaders,3,83.0,3147
7,period,3700224,41137,space_invaders,space_invaders,4,52.0,3147
7,period,3700224,41137,space_invaders,space_invaders,5,23.0,3147
7,period,3700224,41137,space_invaders,space_invaders,6,49.0,3147
7,period,3700224,41137,space_invaders,space_invaders,7,13.0,3147
7,period,3700224,41137,space_invaders,space_invaders,8,14.0,3147
7,period,3700224,41137,space_invaders,space_invaders,9,23.0,3147
7,period,3700224,41137,space_invaders,space_invaders,10,71.0,3147
7,period,3700224,41137,space_invaders,freeway,1,0.0,25000
7,period,3700224,41137,space_invaders,freeway,2,0.0,25000
7,period,3700224,41137,space_invaders,freeway,3,0.0,25000
7,period,3700224,41137,space_invaders,freeway,4,0.0,25000
7,period,3700224,41137,space_invaders,freeway,5,1.0,25000
7,period,3700224,41137,space_invaders,freeway,6,0.0,25000
7,period,3700224,41137,space_invaders,freeway,7,0.0,25000
7,period,3700224,41137,space_invaders,freeway,8,0.0,25000
7,period,3700224,41137,space_invaders,freeway,9,0.0,25000
7,period,3700224,41137,space_invaders,freeway,10,0.0,25000
7,period,3725056,41221,space_invaders,breakout,1,6.0,640
7,period,3725056,41221,space_invaders,breakout,2,5.0,640
7,period,3725056,41221,space_invaders,breakout,3,5.0,640
7,period,3725056,41221,space_invaders,breakout,4,5.0,640
7,period,3725056,41221,space_invaders,breakout,5,6.0,640
7,period,3725056,41221,space_invaders,breakout,6,5.0,640
7,period,3725056,41221,space_invaders,breakout,7,5.0,640
7,period,3725056,41221,space_invaders,breakout,8,6.0,640
7,period,3725056,41221,space_invaders,breakout,9,6.0,640
7,period,3725056,41221,space_invaders,breakout,10,5.0,640
7,period,3725056,41221,space_invaders,space_invaders,1,9.0,2244
7,period,3725056,41221,space_invaders,space_invaders,2,71.0,2244
7,period,3725056,41221,space_invaders,space_invaders,3,21.0,2244
7,period,3725056,41221,space_invaders,space_invaders,4,23.0,2244
7,period,3725056,41221,space_invaders,space_invaders,5,70.0,2244
7,period,3725056,41221,space_invaders,space_invaders,6,34.0,2244
7,period,3725056,41221,space_invaders,space_invaders,7,8.0,2244
7,period,3725056,41221,space_invaders,space_invaders,8,13.0,2244
7,period,3725056,41221,space_invaders,space_invaders,9,9.0,2244
7,period,3725056,41221,space_invaders,space_invaders,10,21.0,2244
7,period,3725056,41221,space_invaders,freeway,1,0.0,25000
7,period,3725056,41221,space_invaders,freeway,2,0.0,25000
7,period,3725056,41221,space_invaders,freeway,3,0.0,25000
7,period,3725056,41221,space_invaders,freeway,4,0.0,25000
7,period,3725056,41221,space_invaders,freeway,5,1.0,25000
7,period,3725056,41221,space_invaders,freeway,6,0.0,25000
7,period,3725056,41221,space_invaders,freeway,7,0.0,25000
7,period,3725056,41221,space_invaders,freeway,8,0.0,25000
7,period,3725056,41221,space_invaders,freeway,9,0.0,25000
7,period,3725056,41221,space_invaders,freeway,10,0.0,25000
7,period,3750144,41342,space_invaders,breakout,1,6.0,690
7,period,3750144,41342,space_invaders,breakout,2,5.0,690
7,period,3750144,41342,space_invaders,breakout,3,7.0,690
7,period,3750144,41342,space_invaders,breakout,4,5.0,690
7,period,3750144,41342,space_invaders,breakout,5,6.0,690
7,period,3750144,41342,space_invaders,breakout,6,5.0,690
7,period,3750144,41342,space_invaders,breakout,7,7.0,690
7,period,3750144,41342,space_invaders,breakout,8,6.0,690
7,period,3750144,41342,space_invaders,breakout,9,6.0,690
7,period,3750144,41342,space_invaders,breakout,10,6.0,690
7,period,3750144,41342,space_invaders,space_invaders,1,30.0,3254
7,period,3750144,41342,space_invaders,space_invaders,2,6.0,3254
7,period,3750144,41342,space_invaders,space_invaders,3,58.0,3254
7,period,3750144,41342,space_invaders,space_invaders,4,17.0,3254
7,period,3750144,41342,space_invaders,space_invaders,5,90.0,3254
7,period,3750144,41342,space_invaders,space_invaders,6,52.0,3254
7,period,3750144,41342,space_invaders,space_invaders,7,13.0,3254
7,period,3750144,41342,space_invaders,space_invaders,8,53.0,3254
7,period,3750144,41342,space_invaders,space_invaders,9,47.0,3254
7,period,3750144,41342,space_invaders,space_invaders,10,23.0,3254
7,period,3750144,41342,space_invaders,freeway,1,0.0,25000
7,period,3750144,41342,space_invaders,freeway,2,0.0,25000
7,period,3750144,41342,space_invaders,freeway,3,1.0,25000
7,period,3750144,41342,space_invaders,freeway,4,0.0,25000
7,period,3750144,41342,space_invaders,freeway,5,0.0,25000
7,period,3750144,41342,space_invaders,freeway,6,0.0,25000
7,period,3750144,41342,space_invaders,freeway,7,0.0,25000
7,period,3750144,41342,space_invaders,freeway,8,0.0,25000
7,period,3750144,41342,space_invaders,freeway,9,0.0,25000
7,period,3750144,41342,space_invaders,freeway,10,0.0,25000
7,period,3775232,41426,space_invaders,breakout,1,6.0,680
7,period,3775232,41426,space_invaders,breakout,2,6.0,680
7,period,3775232,41426,space_invaders,breakout,3,5.0,680
7,period,3775232,41426,space_invaders,breakout,4,5.0,680
7,period,3775232,41426,space_invaders,breakout,5,6.0,680
7,period,3775232,41426,space_invaders,breakout,6,5.0,680
7,period,3775232,41426,space_invaders,breakout,7,6.0,680
7,period,3775232,41426,space_invaders,breakout,8,6.0,680
7,period,3775232,41426,space_invaders,breakout,9,7.0,680
7,period,3775232,41426,space_invaders,breakout,10,6.0,680
7,period,3775232,41426,space_invaders,space_invaders,1,15.0,2534
7,period,3775232,41426,space_invaders,space_invaders,2,59.0,2534
7,period,3775232,41426,space_invaders,space_invaders,3,9.0,2534
7,period,3775232,41426,space_invaders,space_invaders,4,30.0,2534
7,period,3775232,41426,space_invaders,space_invaders,5,31.0,2534
7,period,3775232,41426,space_invaders,space_invaders,6,14.0,2534
7,period,3775232,41426,space_invaders,space_invaders,7,71.0,2534
7,period,3775232,41426,space_invaders,space_invaders,8,23.0,2534
7,period,3775232,41426,space_invaders,space_invaders,9,37.0,2534
7,period,3775232,41426,space_invaders,space_invaders,10,32.0,2534
7,period,3775232,41426,space_invaders,freeway,1,0.0,25000
7,period,3775232,41426,space_invaders,freeway,2,0.0,25000
7,period,3775232,41426,space_invaders,freeway,3,0.0,25000
7,period,3775232,41426,space_invaders,freeway,4,0.0,25000
7,period,3775232,41426,space_invaders,freeway,5,0.0,25000
7,period,3775232,41426,space_invaders,freeway,6,1.0,25000
7,period,3775232,41426,space_invaders,freeway,7,0.0,25000
7,period,3775232,41426,space_invaders,freeway,8,0.0,25000
7,period,3775232,41426,space_invaders,freeway,9,0.0,25000
7,period,3775232,41426,space_invaders,freeway,10,0.0,25000
7,period,3800064,41502,space_invaders,breakout,1,6.0,618
7,period,3800064,41502,space_invaders,breakout,2,6.0,618
7,period,3800064,41502,space_invaders,breakout,3,5.0,618
7,period,3800064,41502,space_invaders,breakout,4,5.0,618
7,period,3800064,41502,space_invaders,breakout,5,5.0,618
7,period,3800064,41502,space_invaders,breakout,6,6.0,618
7,period,3800064,41502,space_invaders,breakout,7,5.0,618
7,period,3800064,41502,space_invaders,breakout,8,3.0,618
7,period,3800064,41502,space_invaders,breakout,9,6.0,618
7,period,3800064,41502,space_invaders,breakout,10,5.0,618
7,period,3800064,41502,space_invaders,space_invaders,1,54.0,2345
7,period,3800064,41502,space_invaders,space_invaders,2,19.0,2345
7,period,3800064,41502,space_invaders,space_invaders,3,17.0,2345
7,period,3800064,41502,space_invaders,space_invaders,4,31.0,2345
7,period,3800064,41502,space_invaders,space_invaders,5,16.0,2345
7,period,3800064,41502,space_invaders,space_invaders,6,30.0,2345
7,period,3800064,41502,space_invaders,space_invaders,7,19.0,2345
7,period,3800064,41502,space_invaders,space_invaders,8,48.0,2345
7,period,3800064,41502,space_invaders,space_invaders,9,15.0,2345
7,period,3800064,41502,space_invaders,space_invaders,10,34.0,2345
7,period,3800064,41502,space_invaders,freeway,1,0.0,25000
7,period,3800064,41502,space_invaders,freeway,2,0.0,25000
7,period,3800064,41502,space_invaders,freeway,3,0.0,25000
7,period,3800064,41502,space_invaders,freeway,4,0.0,25000
7,period,3800064,41502,space_invaders,freeway,5,0.0,25000
7,period,3800064,41502,space_invaders,freeway,6,0.0,25000
7,period,3800064,41502,space_invaders,freeway,7,1.0,25000
7,period,3800064,41502,space_invaders,freeway,8,1.0,25000
7,period,3800064,41502,space_invaders,freeway,9,0.0,25000
7,period,3800064,41502,space_invaders,freeway,10,0.0,25000
7,period,3825152,41592,space_invaders,breakout,1,6.0,660
7,period,3825152,41592,space_invaders,breakout,2,6.0,660
7,period,3825152,41592,space_invaders,breakout,3,7.0,660
7,period,3825152,41592,space_invaders,breakout,4,6.0,660
7,period,3825152,41592,space_invaders,breakout,5,5.0,660
7,period,3825152,41592,space_invaders,breakout,6,5.0,660
7,period,3825152,41592,space_invaders,breakout,7,5.0,660
7,period,3825152,41592,space_invaders,breakout,8,6.0,660
7,period,3825152,41592,space_invaders,breakout,9,5.0,660
7,period,3825152,41592,space_invaders,breakout,10,5.0,660
7,period,3825152,41592,space_invaders,space_invaders,1,18.0,3326
7,period,3825152,41592,space_invaders,space_invaders,2,71.0,3326
7,period,3825152,41592,space_invaders,space_invaders,3,19.0,3326
7,period,3825152,41592,space_invaders,space_invaders,4,67.0,3326
7,period,3825152,41592,space_invaders,space_invaders,5,37.0,3326
7,period,3825152,41592,space_invaders,space_invaders,6,88.0,3326
7,period,3825152,41592,space_invaders,space_invaders,7,7.0,3326
7,period,3825152,41592,space_invaders,space_invaders,8,40.0,3326
7,period,3825152,41592,space_invaders,space_invaders,9,35.0,3326
7,period,3825152,41592,space_invaders,space_invaders,10,44.0,3326
7,period,3825152,41592,space_invaders,freeway,1,0.0,25000
7,period,3825152,41592,space_invaders,freeway,2,1.0,25000
7,period,3825152,41592,space_invaders,freeway,3,0.0,25000
7,period,3825152,41592,space_invaders,freeway,4,0.0,25000
7,period,3825152,41592,space_invaders,freeway,5,0.0,25000
7,period,3825152,41592,space_invaders,freeway,6,0.0,25000
7,period,3825152,41592,space_invaders,freeway,7,0.0,25000
7,period,3825152,41592,space_invaders,freeway,8,0.0,25000
7,period,3825152,41592,space_invaders,freeway,9,0.0,25000
7,period,3825152,41592,space_invaders,freeway,10,0.0,25000
7,period,3850240,41657,space_invaders,breakout,1,1.0,586
7,period,3850240,41657,space_invaders,breakout,2,5.0,586
7,period,3850240,41657,space_invaders,breakout,3,5.0,586
7,period,3850240,41657,space_invaders,breakout,4,6.0,586
7,period,3850240,41657,space_invaders,breakout,5,6.0,586
7,period,3850240,41657,space_invaders,breakout,6,5.0,586
7,period,3850240,41657,space_invaders,breakout,7,5.0,586
7,period,3850240,41657,space_invaders,breakout,8,5.0,586
7,period,3850240,41657,space_invaders,breakout,9,6.0,586
7,period,3850240,41657,space_invaders,breakout,10,5.0,586
7,period,3850240,41657,space_invaders,space_invaders,1,26.0,2605
7,period,3850240,41657,space_invaders,space_invaders,2,31.0,2605
7,period,3850240,41657,space_invaders,space_invaders,3,23.0,2605
7,period,3850240,41657,space_invaders,space_invaders,4,19.0,2605
7,period,3850240,41657,space_invaders,space_invaders,5,19.0,2605
7,period,3850240,41657,space_invaders,space_invaders,6,38.0,2605
7,period,3850240,41657,space_invaders,space_invaders,7,60.0,2605
7,period,3850240,41657,space_invaders,space_invaders,8,9.0,2605
7,period,3850240,41657,space_invaders,space_invaders,9,75.0,2605
7,period,3850240,41657,space_invaders,space_invaders,10,28.0,2605
7,period,3850240,41657,space_invaders,freeway,1,0.0,25000
7,period,3850240,41657,space_invaders,freeway,2,0.0,25000
7,period,3850240,41657,space_invaders,freeway,3,0.0,25000
7,period,3850240,41657,space_invaders,freeway,4,0.0,25000
7,period,3850240,41657,space_invaders,freeway,5,1.0,25000
7,period,3850240,41657,space_invaders,freeway,6,0.0,25000
7,period,3850240,41657,space_invaders,freeway,7,2.0,25000
7,period,3850240,41657,space_invaders,freeway,8,0.0,25000
7,period,3850240,41657,space_invaders,freeway,9,0.0,25000
7,period,3850240,41657,space_invaders,freeway,10,0.0,25000
7,period,3875072,41741,space_invaders,breakout,1,5.0,590
7,period,3875072,41741,space_invaders,breakout,2,0.0,590
7,period,3875072,41741,space_invaders,breakout,3,6.0,590
7,period,3875072,41741,space_invaders,breakout,4,6.0,590
7,period,3875072,41741,space_invaders,breakout,5,6.0,590
7,period,3875072,41741,space_invaders,breakout,6,5.0,590
7,period,3875072,41741,space_invaders,breakout,7,4.0,590
7,period,3875072,41741,space_invaders,breakout,8,5.0,590
7,period,3875072,41741,space_invaders,breakout,9,5.0,590
7,period,3875072,41741,space_invaders,breakout,10,6.0,590
7,period,3875072,41741,space_invaders,space_invaders,1,20.0,2947
7,period,3875072,41741,space_invaders,space_invaders,2,73.0,2947
7,period,3875072,41741,space_invaders,space_invaders,3,64.0,2947
7,period,3875072,41741,space_invaders,space_invaders,4,35.0,2947
7,period,3875072,41741,space_invaders,space_invaders,5,22.0,2947
7,period,3875072,41741,space_invaders,space_invaders,6,42.0,2947
7,period,3875072,41741,space_invaders,space_invaders,7,21.0,2947
7,period,3875072,41741,space_invaders,space_invaders,8,18.0,2947
7,period,3875072,41741,space_invaders,space_invaders,9,26.0,2947
7,period,3875072,41741,space_invaders,space_invaders,10,57.0,2947
7,period,3875072,41741,space_invaders,freeway,1,0.0,25000
7,period,3875072,41741,space_invaders,freeway,2,1.0,25000
7,period,3875072,41741,space_invaders,freeway,3,0.0,25000
7,period,3875072,41741,space_invaders,freeway,4,1.0,25000
7,period,3875072,41741,space_invaders,freeway,5,0.0,25000
7,period,3875072,41741,space_invaders,freeway,6,0.0,25000
7,period,3875072,41741,space_invaders,freeway,7,0.0,25000
7,period,3875072,41741,space_invaders,freeway,8,0.0,25000
7,period,3875072,41741,space_invaders,freeway,9,0.0,25000
7,period,3875072,41741,space_invaders,freeway,10,0.0,25000
7,period,3900160,41811,space_invaders,breakout,1,5.0,630
7,period,3900160,41811,space_invaders,breakout,2,6.0,630
7,period,3900160,41811,space_invaders,breakout,3,5.0,630
7,period,3900160,41811,space_invaders,breakout,4,5.0,630
7,period,3900160,41811,space_invaders,breakout,5,5.0,630
7,period,3900160,41811,space_invaders,breakout,6,6.0,630
7,period,3900160,41811,space_invaders,breakout,7,5.0,630
7,period,3900160,41811,space_invaders,breakout,8,6.0,630
7,period,3900160,41811,space_invaders,breakout,9,5.0,630
7,period,3900160,41811,space_invaders,breakout,10,5.0,630
7,period,3900160,41811,space_invaders,space_invaders,1,67.0,4955
7,period,3900160,41811,space_invaders,space_invaders,2,23.0,4955
7,period,3900160,41811,space_invaders,space_invaders,3,34.0,4955
7,period,3900160,41811,space_invaders,space_invaders,4,8.0,4955
7,period,3900160,41811,space_invaders,space_invaders,5,9.0,4955
7,period,3900160,41811,space_invaders,space_invaders,6,23.0,4955
7,period,3900160,41811,space_invaders,space_invaders,7,47.0,4955
7,period,3900160,41811,space_invaders,space_invaders,8,166.0,4955
7,period,3900160,41811,space_invaders,space_invaders,9,65.0,4955
7,period,3900160,41811,space_invaders,space_invaders,10,135.0,4955
7,period,3900160,41811,space_invaders,freeway,1,0.0,25000
7,period,3900160,41811,space_invaders,freeway,2,0.0,25000
7,period,3900160,41811,space_invaders,freeway,3,0.0,25000
7,period,3900160,41811,space_invaders,freeway,4,1.0,25000
7,period,3900160,41811,space_invaders,freeway,5,0.0,25000
7,period,3900160,41811,space_invaders,freeway,6,1.0,25000
7,period,3900160,41811,space_invaders,freeway,7,1.0,25000
7,period,3900160,41811,space_invaders,freeway,8,0.0,25000
7,period,3900160,41811,space_invaders,freeway,9,0.0,25000
7,period,3900160,41811,space_invaders,freeway,10,0.0,25000
7,period,3925248,41882,space_invaders,breakout,1,6.0,640
7,period,3925248,41882,space_invaders,breakout,2,5.0,640
7,period,3925248,41882,space_invaders,breakout,3,5.0,640
7,period,3925248,41882,space_invaders,breakout,4,5.0,640
7,period,3925248,41882,space_invaders,breakout,5,5.0,640
7,period,3925248,41882,space_invaders,breakout,6,6.0,640
7,period,3925248,41882,space_invaders,breakout,7,5.0,640
7,period,3925248,41882,space_invaders,breakout,8,6.0,640
7,period,3925248,41882,space_invaders,breakout,9,6.0,640
7,period,3925248,41882,space_invaders,breakout,10,5.0,640
7,period,3925248,41882,space_invaders,space_invaders,1,54.0,2531
7,period,3925248,41882,space_invaders,space_invaders,2,23.0,2531
7,period,3925248,41882,space_invaders,space_invaders,3,30.0,2531
7,period,3925248,41882,space_invaders,space_invaders,4,37.0,2531
7,period,3925248,41882,space_invaders,space_invaders,5,31.0,2531
7,period,3925248,41882,space_invaders,space_invaders,6,22.0,2531
7,period,3925248,41882,space_invaders,space_invaders,7,28.0,2531
7,period,3925248,41882,space_invaders,space_invaders,8,23.0,2531
7,period,3925248,41882,space_invaders,space_invaders,9,23.0,2531
7,period,3925248,41882,space_invaders,space_invaders,10,23.0,2531
7,period,3925248,41882,space_invaders,freeway,1,0.0,25000
7,period,3925248,41882,space_invaders,freeway,2,0.0,25000
7,period,3925248,41882,space_invaders,freeway,3,2.0,25000
7,period,3925248,41882,space_invaders,freeway,4,0.0,25000
7,period,3925248,41882,space_invaders,freeway,5,1.0,25000
7,period,3925248,41882,space_invaders,freeway,6,3.0,25000
7,period,3925248,41882,space_invaders,freeway,7,0.0,25000
7,period,3925248,41882,space_invaders,freeway,8,0.0,25000
7,period,3925248,41882,space_invaders,freeway,9,4.0,25000
7,period,3925248,41882,space_invaders,freeway,10,0.0,25000
7,period,3950080,41971,space_invaders,breakout,1,6.0,670
7,period,3950080,41971,space_invaders,breakout,2,6.0,670
7,period,3950080,41971,space_invaders,breakout,3,5.0,670
7,period,3950080,41971,space_invaders,breakout,4,5.0,670
7,period,3950080,41971,space_invaders,breakout,5,7.0,670
7,period,3950080,41971,space_invaders,breakout,6,6.0,670
7,period,3950080,41971,space_invaders,breakout,7,6.0,670
7,period,3950080,41971,space_invaders,breakout,8,5.0,670
7,period,3950080,41971,space_invaders,breakout,9,6.0,670
7,period,3950080,41971,space_invaders,breakout,10,5.0,670
7,period,3950080,41971,space_invaders,space_invaders,1,9.0,3864
7,period,3950080,41971,space_invaders,space_invaders,2,99.0,3864
7,period,3950080,41971,space_invaders,space_invaders,3,29.0,3864
7,period,3950080,41971,space_invaders,space_invaders,4,17.0,3864
7,period,3950080,41971,space_invaders,space_invaders,5,47.0,3864
7,period,3950080,41971,space_invaders,space_invaders,6,40.0,3864
7,period,3950080,41971,space_invaders,space_invaders,7,35.0,3864
7,period,3950080,41971,space_invaders,space_invaders,8,119.0,3864
7,period,3950080,41971,space_invaders,space_invaders,9,25.0,3864
7,period,3950080,41971,space_invaders,space_invaders,10,47.0,3864
7,period,3950080,41971,space_invaders,freeway,1,0.0,25000
7,period,3950080,41971,space_invaders,freeway,2,0.0,25000
7,period,3950080,41971,space_invaders,freeway,3,1.0,25000
7,period,3950080,41971,space_invaders,freeway,4,0.0,25000
7,period,3950080,41971,space_invaders,freeway,5,0.0,25000
7,period,3950080,41971,space_invaders,freeway,6,2.0,25000
7,period,3950080,41971,space_invaders,freeway,7,0.0,25000
7,period,3950080,41971,space_invaders,freeway,8,1.0,25000
7,period,3950080,41971,space_invaders,freeway,9,0.0,25000
7,period,3950080,41971,space_invaders,freeway,10,0.0,25000
7,period,3975168,42024,space_invaders,breakout,1,6.0,650
7,period,3975168,42024,space_invaders,breakout,2,6.0,650
7,period,3975168,42024,space_invaders,breakout,3,5.0,650
7,period,3975168,42024,space_invaders,breakout,4,5.0,650
7,period,3975168,42024,space_invaders,breakout,5,6.0,650
7,period,3975168,42024,space_invaders,breakout,6,6.0,650
7,period,3975168,42024,space_invaders,breakout,7,5.0,650
7,period,3975168,42024,space_invaders,breakout,8,5.0,650
7,period,3975168,42024,space_invaders,breakout,9,6.0,650
7,period,3975168,42024,space_invaders,breakout,10,5.0,650
7,period,3975168,42024,space_invaders,space_invaders,1,23.0,4102
7,period,3975168,42024,space_invaders,space_invaders,2,71.0,4102
7,period,3975168,42024,space_invaders,space_invaders,3,138.0,4102
7,period,3975168,42024,space_invaders,space_invaders,4,25.0,4102
7,period,3975168,42024,space_invaders,space_invaders,5,12.0,4102
7,period,3975168,42024,space_invaders,space_invaders,6,9.0,4102
7,period,3975168,42024,space_invaders,space_invaders,7,23.0,4102
7,period,3975168,42024,space_invaders,space_invaders,8,90.0,4102
7,period,3975168,42024,space_invaders,space_invaders,9,38.0,4102
7,period,3975168,42024,space_invaders,space_invaders,10,46.0,4102
7,period,3975168,42024,space_invaders,freeway,1,1.0,25000
7,period,3975168,42024,space_invaders,freeway,2,0.0,25000
7,period,3975168,42024,space_invaders,freeway,3,0.0,25000
7,period,3975168,42024,space_invaders,freeway,4,0.0,25000
7,period,3975168,42024,space_invaders,freeway,5,1.0,25000
7,period,3975168,42024,space_invaders,freeway,6,0.0,25000
7,period,3975168,42024,space_invaders,freeway,7,0.0,25000
7,period,3975168,42024,space_invaders,freeway,8,0.0,25000
7,period,3975168,42024,space_invaders,freeway,9,0.0,25000
7,period,3975168,42024,space_invaders,freeway,10,0.0,25000
8,boundary,4499712,42265,freeway,breakout,1,5.0,650
8,boundary,4499712,42265,freeway,breakout,2,6.0,650
8,boundary,4499712,42265,freeway,breakout,3,5.0,650
8,boundary,4499712,42265,freeway,breakout,4,5.0,650
8,boundary,4499712,42265,freeway,breakout,5,5.0,650
8,boundary,4499712,42265,freeway,breakout,6,6.0,650
8,boundary,4499712,42265,freeway,breakout,7,6.0,650
8,boundary,4499712,42265,freeway,breakout,8,6.0,650
8,boundary,4499712,42265,freeway,breakout,9,5.0,650
8,boundary,4499712,42265,freeway,breakout,10,6.0,650
8,boundary,4499712,42265,freeway,space_invaders,1,41.0,3045
8,boundary,4499712,42265,freeway,space_invaders,2,23.0,3045
8,boundary,4499712,42265,freeway,space_invaders,3,15.0,3045
8,boundary,4499712,42265,freeway,space_invaders,4,80.0,3045
8,boundary,4499712,42265,freeway,space_invaders,5,26.0,3045
8,boundary,4499712,42265,freeway,space_invaders,6,7.0,3045
8,boundary,4499712,42265,freeway,space_invaders,7,27.0,3045
8,boundary,4499712,42265,freeway,space_invaders,8,47.0,3045
8,boundary,4499712,42265,freeway,space_invaders,9,81.0,3045
8,boundary,4499712,42265,freeway,space_invaders,10,31.0,3045
8,boundary,4499712,42265,freeway,freeway,1,9.0,25000
8,boundary,4499712,42265,freeway,freeway,2,4.0,25000
8,boundary,4499712,42265,freeway,freeway,3,7.0,25000
8,boundary,4499712,42265,freeway,freeway,4,9.0,25000
8,boundary,4499712,42265,freeway,freeway,5,13.0,25000
8,boundary,4499712,42265,freeway,freeway,6,11.0,25000
8,boundary,4499712,42265,freeway,freeway,7,10.0,25000
8,boundary,4499712,42265,freeway,freeway,8,12.0,25000
8,boundary,4499712,42265,freeway,freeway,9,7.0,25000
8,boundary,4499712,42265,freeway,freeway,10,9.0,25000
8,period,4000000,42073,freeway,breakout,1,5.0,650
8,period,4000000,42073,freeway,breakout,2,6.0,650
8,period,4000000,42073,freeway,breakout,3,6.0,650
8,period,4000000,42073,freeway,breakout,4,5.0,650
8,period,4000000,42073,freeway,breakout,5,6.0,650
8,period,4000000,42073,freeway,breakout,6,5.0,650
8,period,4000000,42073,freeway,breakout,7,5.0,650
8,period,4000000,42073,freeway,breakout,8,6.0,650
8,period,4000000,42073,freeway,breakout,9,6.0,650
8,period,4000000,42073,freeway,breakout,10,5.0,650
8,period,4000000,42073,freeway,space_invaders,1,54.0,2746
8,period,4000000,42073,freeway,space_invaders,2,13.0,2746
8,period,4000000,42073,freeway,space_invaders,3,32.0,2746
8,period,4000000,42073,freeway,space_invaders,4,23.0,2746
8,period,4000000,42073,freeway,space_invaders,5,83.0,2746
8,period,4000000,42073,freeway,space_invaders,6,23.0,2746
8,period,4000000,42073,freeway,space_invaders,7,36.0,2746
8,period,4000000,42073,freeway,space_invaders,8,21.0,2746
8,period,4000000,42073,freeway,space_invaders,9,32.0,2746
8,period,4000000,42073,freeway,space_invaders,10,32.0,2746
8,period,4000000,42073,freeway,freeway,1,0.0,25000
8,period,4000000,42073,freeway,freeway,2,0.0,25000
8,period,4000000,42073,freeway,freeway,3,1.0,25000
8,period,4000000,42073,freeway,freeway,4,1.0,25000
8,period,4000000,42073,freeway,freeway,5,0.0,25000
8,period,4000000,42073,freeway,freeway,6,0.0,25000
8,period,4000000,42073,freeway,freeway,7,0.0,25000
8,period,4000000,42073,freeway,freeway,8,0.0,25000
8,period,4000000,42073,freeway,freeway,9,0.0,25000
8,period,4000000,42073,freeway,freeway,10,0.0,25000
8,period,4025088,42073,freeway,breakout,1,2.0,554
8,period,4025088,42073,freeway,breakout,2,5.0,554
8,period,4025088,42073,freeway,breakout,3,5.0,554
8,period,4025088,42073,freeway,breakout,4,5.0,554
8,period,4025088,42073,freeway,breakout,5,1.0,554
8,period,4025088,42073,freeway,breakout,6,6.0,554
8,period,4025088,42073,freeway,breakout,7,5.0,554
8,period,4025088,42073,freeway,breakout,8,6.0,554
8,period,4025088,42073,freeway,breakout,9,5.0,554
8,period,4025088,42073,freeway,breakout,10,6.0,554
8,period,4025088,42073,freeway,space_invaders,1,26.0,3525
8,period,4025088,42073,freeway,space_invaders,2,28.0,3525
8,period,4025088,42073,freeway,space_invaders,3,23.0,3525
8,period,4025088,42073,freeway,space_invaders,4,47.0,3525
8,period,4025088,42073,freeway,space_invaders,5,47.0,3525
8,period,4025088,42073,freeway,space_invaders,6,14.0,3525
8,period,4025088,42073,freeway,space_invaders,7,72.0,3525
8,period,4025088,42073,freeway,space_invaders,8,74.0,3525
8,period,4025088,42073,freeway,space_invaders,9,26.0,3525
8,period,4025088,42073,freeway,space_invaders,10,23.0,3525
8,period,4025088,42073,freeway,freeway,1,0.0,25000
8,period,4025088,42073,freeway,freeway,2,0.0,25000
8,period,4025088,42073,freeway,freeway,3,0.0,25000
8,period,4025088,42073,freeway,freeway,4,0.0,25000
8,period,4025088,42073,freeway,freeway,5,0.0,25000
8,period,4025088,42073,freeway,freeway,6,0.0,25000
8,period,4025088,42073,freeway,freeway,7,0.0,25000
8,period,4025088,42073,freeway,freeway,8,0.0,25000
8,period,4025088,42073,freeway,freeway,9,0.0,25000
8,period,4025088,42073,freeway,freeway,10,0.0,25000
8,period,4050176,42089,freeway,breakout,1,6.0,648
8,period,4050176,42089,freeway,breakout,2,5.0,648
8,period,4050176,42089,freeway,breakout,3,6.0,648
8,period,4050176,42089,freeway,breakout,4,5.0,648
8,period,4050176,42089,freeway,breakout,5,5.0,648
8,period,4050176,42089,freeway,breakout,6,5.0,648
8,period,4050176,42089,freeway,breakout,7,6.0,648
8,period,4050176,42089,freeway,breakout,8,5.0,648
8,period,4050176,42089,freeway,breakout,9,6.0,648
8,period,4050176,42089,freeway,breakout,10,6.0,648
8,period,4050176,42089,freeway,space_invaders,1,61.0,3418
8,period,4050176,42089,freeway,space_invaders,2,59.0,3418
8,period,4050176,42089,freeway,space_invaders,3,13.0,3418
8,period,4050176,42089,freeway,space_invaders,4,29.0,3418
8,period,4050176,42089,freeway,space_invaders,5,35.0,3418
8,period,4050176,42089,freeway,space_invaders,6,34.0,3418
8,period,4050176,42089,freeway,space_invaders,7,77.0,3418
8,period,4050176,42089,freeway,space_invaders,8,23.0,3418
8,period,4050176,42089,freeway,space_invaders,9,61.0,3418
8,period,4050176,42089,freeway,space_invaders,10,31.0,3418
8,period,4050176,42089,freeway,freeway,1,1.0,25000
8,period,4050176,42089,freeway,freeway,2,0.0,25000
8,period,4050176,42089,freeway,freeway,3,0.0,25000
8,period,4050176,42089,freeway,freeway,4,0.0,25000
8,period,4050176,42089,freeway,freeway,5,0.0,25000
8,period,4050176,42089,freeway,freeway,6,0.0,25000
8,period,4050176,42089,freeway,freeway,7,0.0,25000
8,period,4050176,42089,freeway,freeway,8,0.0,25000
8,period,4050176,42089,freeway,freeway,9,0.0,25000
8,period,4050176,42089,freeway,freeway,10,0.0,25000
8,period,4075008,42089,freeway,breakout,1,6.0,700
8,period,4075008,42089,freeway,breakout,2,6.0,700
8,period,4075008,42089,freeway,breakout,3,7.0,700
8,period,4075008,42089,freeway,breakout,4,5.0,700
8,period,4075008,42089,freeway,breakout,5,6.0,700
8,period,4075008,42089,freeway,breakout,6,6.0,700
8,period,4075008,42089,freeway,breakout,7,5.0,700
8,period,4075008,42089,freeway,breakout,8,6.0,700
8,period,4075008,42089,freeway,breakout,9,6.0,700
8,period,4075008,42089,freeway,breakout,10,7.0,700
8,period,4075008,42089,freeway,space_invaders,1,58.0,4503
8,period,4075008,42089,freeway,space_invaders,2,82.0,4503
8,period,4075008,42089,freeway,space_invaders,3,30.0,4503
8,period,4075008,42089,freeway,space_invaders,4,81.0,4503
8,period,4075008,42089,freeway,space_invaders,5,34.0,4503
8,period,4075008,42089,freeway,space_invaders,6,126.0,4503
8,period,4075008,42089,freeway,space_invaders,7,49.0,4503
8,period,4075008,42089,freeway,space_invaders,8,23.0,4503
8,period,4075008,42089,freeway,space_invaders,9,22.0,4503
8,period,4075008,42089,freeway,space_invaders,10,57.0,4503
8,period,4075008,42089,freeway,freeway,1,0.0,25000
8,period,4075008,42089,freeway,freeway,2,1.0,25000
8,period,4075008,42089,freeway,freeway,3,0.0,25000
8,period,4075008,42089,freeway,freeway,4,0.0,25000
8,period,4075008,42089,freeway,freeway,5,3.0,25000
8,period,4075008,42089,freeway,freeway,6,0.0,25000
8,period,4075008,42089,freeway,freeway,7,0.0,25000
8,period,4075008,42089,freeway,freeway,8,0.0,25000
8,period,4075008,42089,freeway,freeway,9,1.0,25000
8,period,4075008,42089,freeway,freeway,10,1.0,25000
8,period,4100096,42105,freeway,breakout,1,5.0,650
8,period,4100096,42105,freeway,breakout,2,5.0,650
8,period,4100096,42105,freeway,breakout,3,6.0,650
8,period,4100096,42105,freeway,breakout,4,6.0,650
8,period,4100096,42105,freeway,breakout,5,6.0,650
8,period,4100096,42105,freeway,breakout,6,6.0,650
8,period,4100096,42105,freeway,breakout,7,5.0,650
8,period,4100096,42105,freeway,breakout,8,6.0,650
8,period,4100096,42105,freeway,breakout,9,5.0,650
8,period,4100096,42105,freeway,breakout,10,5.0,650
8,period,4100096,42105,freeway,space_invaders,1,110.0,4982
8,period,4100096,42105,freeway,space_invaders,2,6.0,4982
8,period,4100096,42105,freeway,space_invaders,3,70.0,4982
8,period,4100096,42105,freeway,space_invaders,4,22.0,4982
8,period,4100096,42105,freeway,space_invaders,5,36.0,4982
8,period,4100096,42105,freeway,space_invaders,6,22.0,4982
8,period,4100096,42105,freeway,space_invaders,7,47.0,4982
8,period,4100096,42105,freeway,space_invaders,8,82.0,4982
8,period,4100096,42105,freeway,space_invaders,9,81.0,4982
8,period,4100096,42105,freeway,space_invaders,10,101.0,4982
8,period,4100096,42105,freeway,freeway,1,0.0,25000
8,period,4100096,42105,freeway,freeway,2,1.0,25000
8,period,4100096,42105,freeway,freeway,3,1.0,25000
8,period,4100096,42105,freeway,freeway,4,0.0,25000
8,period,4100096,42105,freeway,freeway,5,0.0,25000
8,period,4100096,42105,freeway,freeway,6,0.0,25000
8,period,4100096,42105,freeway,freeway,7,0.0,25000
8,period,4100096,42105,freeway,freeway,8,0.0,25000
8,period,4100096,42105,freeway,freeway,9,0.0,25000
8,period,4100096,42105,freeway,freeway,10,1.0,25000
8,period,4125184,42121,freeway,breakout,1,7.0,658
8,period,4125184,42121,freeway,breakout,2,4.0,658
8,period,4125184,42121,freeway,breakout,3,5.0,658
8,period,4125184,42121,freeway,breakout,4,6.0,658
8,period,4125184,42121,freeway,breakout,5,6.0,658
8,period,4125184,42121,freeway,breakout,6,5.0,658
8,period,4125184,42121,freeway,breakout,7,6.0,658
8,period,4125184,42121,freeway,breakout,8,6.0,658
8,period,4125184,42121,freeway,breakout,9,5.0,658
8,period,4125184,42121,freeway,breakout,10,6.0,658
8,period,4125184,42121,freeway,space_invaders,1,61.0,3253
8,period,4125184,42121,freeway,space_invaders,2,18.0,3253
8,period,4125184,42121,freeway,space_invaders,3,20.0,3253
8,period,4125184,42121,freeway,space_invaders,4,14.0,3253
8,period,4125184,42121,freeway,space_invaders,5,97.0,3253
8,period,4125184,42121,freeway,space_invaders,6,58.0,3253
8,period,4125184,42121,freeway,space_invaders,7,24.0,3253
8,period,4125184,42121,freeway,space_invaders,8,80.0,3253
8,period,4125184,42121,freeway,space_invaders,9,35.0,3253
8,period,4125184,42121,freeway,space_invaders,10,14.0,3253
8,period,4125184,42121,freeway,freeway,1,1.0,25000
8,period,4125184,42121,freeway,freeway,2,0.0,25000
8,period,4125184,42121,freeway,freeway,3,0.0,25000
8,period,4125184,42121,freeway,freeway,4,2.0,25000
8,period,4125184,42121,freeway,freeway,5,0.0,25000
8,period,4125184,42121,freeway,freeway,6,0.0,25000
8,period,4125184,42121,freeway,freeway,7,0.0,25000
8,period,4125184,42121,freeway,freeway,8,0.0,25000
8,period,4125184,42121,freeway,freeway,9,0.0,25000
8,period,4125184,42121,freeway,freeway,10,0.0,25000
8,period,4150016,42121,freeway,breakout,1,5.0,650
8,period,4150016,42121,freeway,breakout,2,5.0,650
8,period,4150016,42121,freeway,breakout,3,5.0,650
8,period,4150016,42121,freeway,breakout,4,5.0,650
8,period,4150016,42121,freeway,breakout,5,6.0,650
8,period,4150016,42121,freeway,breakout,6,6.0,650
8,period,4150016,42121,freeway,breakout,7,6.0,650
8,period,4150016,42121,freeway,breakout,8,6.0,650
8,period,4150016,42121,freeway,breakout,9,6.0,650
8,period,4150016,42121,freeway,breakout,10,5.0,650
8,period,4150016,42121,freeway,space_invaders,1,31.0,3739
8,period,4150016,42121,freeway,space_invaders,2,47.0,3739
8,period,4150016,42121,freeway,space_invaders,3,132.0,3739
8,period,4150016,42121,freeway,space_invaders,4,17.0,3739
8,period,4150016,42121,freeway,space_invaders,5,14.0,3739
8,period,4150016,42121,freeway,space_invaders,6,23.0,3739
8,period,4150016,42121,freeway,space_invaders,7,47.0,3739
8,period,4150016,42121,freeway,space_invaders,8,58.0,3739
8,period,4150016,42121,freeway,space_invaders,9,35.0,3739
8,period,4150016,42121,freeway,space_invaders,10,47.0,3739
8,period,4150016,42121,freeway,freeway,1,0.0,25000
8,period,4150016,42121,freeway,freeway,2,1.0,25000
8,period,4150016,42121,freeway,freeway,3,0.0,25000
8,period,4150016,42121,freeway,freeway,4,0.0,25000
8,period,4150016,42121,freeway,freeway,5,1.0,25000
8,period,4150016,42121,freeway,freeway,6,0.0,25000
8,period,4150016,42121,freeway,freeway,7,0.0,25000
8,period,4150016,42121,freeway,freeway,8,0.0,25000
8,period,4150016,42121,freeway,freeway,9,0.0,25000
8,period,4150016,42121,freeway,freeway,10,0.0,25000
8,period,4175104,42137,freeway,breakout,1,6.0,628
8,period,4175104,42137,freeway,breakout,2,6.0,628
8,period,4175104,42137,freeway,breakout,3,4.0,628
8,period,4175104,42137,freeway,breakout,4,5.0,628
8,period,4175104,42137,freeway,breakout,5,5.0,628
8,period,4175104,42137,freeway,breakout,6,6.0,628
8,period,4175104,42137,freeway,breakout,7,5.0,628
8,period,4175104,42137,freeway,breakout,8,5.0,628
8,period,4175104,42137,freeway,breakout,9,5.0,628
8,period,4175104,42137,freeway,breakout,10,6.0,628
8,period,4175104,42137,freeway,space_invaders,1,17.0,2687
8,period,4175104,42137,freeway,space_invaders,2,31.0,2687
8,period,4175104,42137,freeway,space_invaders,3,51.0,2687
8,period,4175104,42137,freeway,space_invaders,4,83.0,2687
8,period,4175104,42137,freeway,space_invaders,5,23.0,2687
8,period,4175104,42137,freeway,space_invaders,6,81.0,2687
8,period,4175104,42137,freeway,space_invaders,7,16.0,2687
8,period,4175104,42137,freeway,space_invaders,8,16.0,2687
8,period,4175104,42137,freeway,space_invaders,9,16.0,2687
8,period,4175104,42137,freeway,space_invaders,10,6.0,2687
8,period,4175104,42137,freeway,freeway,1,0.0,25000
8,period,4175104,42137,freeway,freeway,2,0.0,25000
8,period,4175104,42137,freeway,freeway,3,1.0,25000
8,period,4175104,42137,freeway,freeway,4,0.0,25000
8,period,4175104,42137,freeway,freeway,5,0.0,25000
8,period,4175104,42137,freeway,freeway,6,0.0,25000
8,period,4175104,42137,freeway,freeway,7,0.0,25000
8,period,4175104,42137,freeway,freeway,8,0.0,25000
8,period,4175104,42137,freeway,freeway,9,0.0,25000
8,period,4175104,42137,freeway,freeway,10,0.0,25000
8,period,4200192,42153,freeway,breakout,1,6.0,608
8,period,4200192,42153,freeway,breakout,2,5.0,608
8,period,4200192,42153,freeway,breakout,3,6.0,608
8,period,4200192,42153,freeway,breakout,4,3.0,608
8,period,4200192,42153,freeway,breakout,5,5.0,608
8,period,4200192,42153,freeway,breakout,6,6.0,608
8,period,4200192,42153,freeway,breakout,7,6.0,608
8,period,4200192,42153,freeway,breakout,8,4.0,608
8,period,4200192,42153,freeway,breakout,9,5.0,608
8,period,4200192,42153,freeway,breakout,10,5.0,608
8,period,4200192,42153,freeway,space_invaders,1,16.0,2818
8,period,4200192,42153,freeway,space_invaders,2,15.0,2818
8,period,4200192,42153,freeway,space_invaders,3,17.0,2818
8,period,4200192,42153,freeway,space_invaders,4,58.0,2818
8,period,4200192,42153,freeway,space_invaders,5,18.0,2818
8,period,4200192,42153,freeway,space_invaders,6,17.0,2818
8,period,4200192,42153,freeway,space_invaders,7,58.0,2818
8,period,4200192,42153,freeway,space_invaders,8,39.0,2818
8,period,4200192,42153,freeway,space_invaders,9,75.0,2818
8,period,4200192,42153,freeway,space_invaders,10,46.0,2818
8,period,4200192,42153,freeway,freeway,1,0.0,25000
8,period,4200192,42153,freeway,freeway,2,0.0,25000
8,period,4200192,42153,freeway,freeway,3,0.0,25000
8,period,4200192,42153,freeway,freeway,4,1.0,25000
8,period,4200192,42153,freeway,freeway,5,0.0,25000
8,period,4200192,42153,freeway,freeway,6,1.0,25000
8,period,4200192,42153,freeway,freeway,7,0.0,25000
8,period,4200192,42153,freeway,freeway,8,0.0,25000
8,period,4200192,42153,freeway,freeway,9,0.0,25000
8,period,4200192,42153,freeway,freeway,10,0.0,25000
8,period,4225024,42153,freeway,breakout,1,5.0,662
8,period,4225024,42153,freeway,breakout,2,6.0,662
8,period,4225024,42153,freeway,breakout,3,5.0,662
8,period,4225024,42153,freeway,breakout,4,6.0,662
8,period,4225024,42153,freeway,breakout,5,6.0,662
8,period,4225024,42153,freeway,breakout,6,6.0,662
8,period,4225024,42153,freeway,breakout,7,5.0,662
8,period,4225024,42153,freeway,breakout,8,5.0,662
8,period,4225024,42153,freeway,breakout,9,6.0,662
8,period,4225024,42153,freeway,breakout,10,6.0,662
8,period,4225024,42153,freeway,space_invaders,1,13.0,2823
8,period,4225024,42153,freeway,space_invaders,2,30.0,2823
8,period,4225024,42153,freeway,space_invaders,3,44.0,2823
8,period,4225024,42153,freeway,space_invaders,4,34.0,2823
8,period,4225024,42153,freeway,space_invaders,5,16.0,2823
8,period,4225024,42153,freeway,space_invaders,6,19.0,2823
8,period,4225024,42153,freeway,space_invaders,7,53.0,2823
8,period,4225024,42153,freeway,space_invaders,8,77.0,2823
8,period,4225024,42153,freeway,space_invaders,9,24.0,2823
8,period,4225024,42153,freeway,space_invaders,10,60.0,2823
8,period,4225024,42153,freeway,freeway,1,0.0,25000
8,period,4225024,42153,freeway,freeway,2,1.0,25000
8,period,4225024,42153,freeway,freeway,3,0.0,25000
8,period,4225024,42153,freeway,freeway,4,1.0,25000
8,period,4225024,42153,freeway,freeway,5,0.0,25000
8,period,4225024,42153,freeway,freeway,6,0.0,25000
8,period,4225024,42153,freeway,freeway,7,0.0,25000
8,period,4225024,42153,freeway,freeway,8,1.0,25000
8,period,4225024,42153,freeway,freeway,9,0.0,25000
8,period,4225024,42153,freeway,freeway,10,0.0,25000
8,period,4250112,42169,freeway,breakout,1,6.0,640
8,period,4250112,42169,freeway,breakout,2,5.0,640
8,period,4250112,42169,freeway,breakout,3,6.0,640
8,period,4250112,42169,freeway,breakout,4,5.0,640
8,period,4250112,42169,freeway,breakout,5,5.0,640
8,period,4250112,42169,freeway,breakout,6,6.0,640
8,period,4250112,42169,freeway,breakout,7,5.0,640
8,period,4250112,42169,freeway,breakout,8,6.0,640
8,period,4250112,42169,freeway,breakout,9,5.0,640
8,period,4250112,42169,freeway,breakout,10,5.0,640
8,period,4250112,42169,freeway,space_invaders,1,14.0,2865
8,period,4250112,42169,freeway,space_invaders,2,30.0,2865
8,period,4250112,42169,freeway,space_invaders,3,31.0,2865
8,period,4250112,42169,freeway,space_invaders,4,102.0,2865
8,period,4250112,42169,freeway,space_invaders,5,11.0,2865
8,period,4250112,42169,freeway,space_invaders,6,55.0,2865
8,period,4250112,42169,freeway,space_invaders,7,36.0,2865
8,period,4250112,42169,freeway,space_invaders,8,23.0,2865
8,period,4250112,42169,freeway,space_invaders,9,32.0,2865
8,period,4250112,42169,freeway,space_invaders,10,23.0,2865
8,period,4250112,42169,freeway,freeway,1,1.0,25000
8,period,4250112,42169,freeway,freeway,2,0.0,25000
8,period,4250112,42169,freeway,freeway,3,1.0,25000
8,period,4250112,42169,freeway,freeway,4,1.0,25000
8,period,4250112,42169,freeway,freeway,5,0.0,25000
8,period,4250112,42169,freeway,freeway,6,0.0,25000
8,period,4250112,42169,freeway,freeway,7,0.0,25000
8,period,4250112,42169,freeway,freeway,8,0.0,25000
8,period,4250112,42169,freeway,freeway,9,0.0,25000
8,period,4250112,42169,freeway,freeway,10,0.0,25000
8,period,4275200,42169,freeway,breakout,1,5.0,640
8,period,4275200,42169,freeway,breakout,2,6.0,640
8,period,4275200,42169,freeway,breakout,3,6.0,640
8,period,4275200,42169,freeway,breakout,4,5.0,640
8,period,4275200,42169,freeway,breakout,5,6.0,640
8,period,4275200,42169,freeway,breakout,6,5.0,640
8,period,4275200,42169,freeway,breakout,7,5.0,640
8,period,4275200,42169,freeway,breakout,8,5.0,640
8,period,4275200,42169,freeway,breakout,9,5.0,640
8,period,4275200,42169,freeway,breakout,10,6.0,640
8,period,4275200,42169,freeway,space_invaders,1,47.0,2649
8,period,4275200,42169,freeway,space_invaders,2,30.0,2649
8,period,4275200,42169,freeway,space_invaders,3,14.0,2649
8,period,4275200,42169,freeway,space_invaders,4,60.0,2649
8,period,4275200,42169,freeway,space_invaders,5,83.0,2649
8,period,4275200,42169,freeway,space_invaders,6,34.0,2649
8,period,4275200,42169,freeway,space_invaders,7,10.0,2649
8,period,4275200,42169,freeway,space_invaders,8,37.0,2649
8,period,4275200,42169,freeway,space_invaders,9,23.0,2649
8,period,4275200,42169,freeway,space_invaders,10,14.0,2649
8,period,4275200,42169,freeway,freeway,1,1.0,25000
8,period,4275200,42169,freeway,freeway,2,0.0,25000
8,period,4275200,42169,freeway,freeway,3,1.0,25000
8,period,4275200,42169,freeway,freeway,4,0.0,25000
8,period,4275200,42169,freeway,freeway,5,0.0,25000
8,period,4275200,42169,freeway,freeway,6,0.0,25000
8,period,4275200,42169,freeway,freeway,7,0.0,25000
8,period,4275200,42169,freeway,freeway,8,0.0,25000
8,period,4275200,42169,freeway,freeway,9,0.0,25000
8,period,4275200,42169,freeway,freeway,10,0.0,25000
8,period,4300032,42185,freeway,breakout,1,5.0,576
8,period,4300032,42185,freeway,breakout,2,2.0,576
8,period,4300032,42185,freeway,breakout,3,5.0,576
8,period,4300032,42185,freeway,breakout,4,2.0,576
8,period,4300032,42185,freeway,breakout,5,5.0,576
8,period,4300032,42185,freeway,breakout,6,6.0,576
8,period,4300032,42185,freeway,breakout,7,6.0,576
8,period,4300032,42185,freeway,breakout,8,5.0,576
8,period,4300032,42185,freeway,breakout,9,6.0,576
8,period,4300032,42185,freeway,breakout,10,6.0,576
8,period,4300032,42185,freeway,space_invaders,1,15.0,2001
8,period,4300032,42185,freeway,space_invaders,2,13.0,2001
8,period,4300032,42185,freeway,space_invaders,3,23.0,2001
8,period,4300032,42185,freeway,space_invaders,4,14.0,2001
8,period,4300032,42185,freeway,space_invaders,5,36.0,2001
8,period,4300032,42185,freeway,space_invaders,6,22.0,2001
8,period,4300032,42185,freeway,space_invaders,7,29.0,2001
8,period,4300032,42185,freeway,space_invaders,8,48.0,2001
8,period,4300032,42185,freeway,space_invaders,9,29.0,2001
8,period,4300032,42185,freeway,space_invaders,10,37.0,2001
8,period,4300032,42185,freeway,freeway,1,1.0,25000
8,period,4300032,42185,freeway,freeway,2,1.0,25000
8,period,4300032,42185,freeway,freeway,3,1.0,25000
8,period,4300032,42185,freeway,freeway,4,0.0,25000
8,period,4300032,42185,freeway,freeway,5,0.0,25000
8,period,4300032,42185,freeway,freeway,6,0.0,25000
8,period,4300032,42185,freeway,freeway,7,0.0,25000
8,period,4300032,42185,freeway,freeway,8,0.0,25000
8,period,4300032,42185,freeway,freeway,9,1.0,25000
8,period,4300032,42185,freeway,freeway,10,0.0,25000
8,period,4325120,42201,freeway,breakout,1,5.0,648
8,period,4325120,42201,freeway,breakout,2,2.0,648
8,period,4325120,42201,freeway,breakout,3,7.0,648
8,period,4325120,42201,freeway,breakout,4,6.0,648
8,period,4325120,42201,freeway,breakout,5,5.0,648
8,period,4325120,42201,freeway,breakout,6,6.0,648
8,period,4325120,42201,freeway,breakout,7,6.0,648
8,period,4325120,42201,freeway,breakout,8,6.0,648
8,period,4325120,42201,freeway,breakout,9,6.0,648
8,period,4325120,42201,freeway,breakout,10,6.0,648
8,period,4325120,42201,freeway,space_invaders,1,16.0,1393
8,period,4325120,42201,freeway,space_invaders,2,14.0,1393
8,period,4325120,42201,freeway,space_invaders,3,7.0,1393
8,period,4325120,42201,freeway,space_invaders,4,12.0,1393
8,period,4325120,42201,freeway,space_invaders,5,23.0,1393
8,period,4325120,42201,freeway,space_invaders,6,13.0,1393
8,period,4325120,42201,freeway,space_invaders,7,33.0,1393
8,period,4325120,42201,freeway,space_invaders,8,22.0,1393
8,period,4325120,42201,freeway,space_invaders,9,30.0,1393
8,period,4325120,42201,freeway,space_invaders,10,16.0,1393
8,period,4325120,42201,freeway,freeway,1,0.0,25000
8,period,4325120,42201,freeway,freeway,2,1.0,25000
8,period,4325120,42201,freeway,freeway,3,1.0,25000
8,period,4325120,42201,freeway,freeway,4,0.0,25000
8,period,4325120,42201,freeway,freeway,5,0.0,25000
8,period,4325120,42201,freeway,freeway,6,0.0,25000
8,period,4325120,42201,freeway,freeway,7,0.0,25000
8,period,4325120,42201,freeway,freeway,8,0.0,25000
8,period,4325120,42201,freeway,freeway,9,0.0,25000
8,period,4325120,42201,freeway,freeway,10,1.0,25000
8,period,4350208,42201,freeway,breakout,1,6.0,722
8,period,4350208,42201,freeway,breakout,2,6.0,722
8,period,4350208,42201,freeway,breakout,3,6.0,722
8,period,4350208,42201,freeway,breakout,4,6.0,722
8,period,4350208,42201,freeway,breakout,5,6.0,722
8,period,4350208,42201,freeway,breakout,6,7.0,722
8,period,4350208,42201,freeway,breakout,7,6.0,722
8,period,4350208,42201,freeway,breakout,8,6.0,722
8,period,4350208,42201,freeway,breakout,9,6.0,722
8,period,4350208,42201,freeway,breakout,10,7.0,722
8,period,4350208,42201,freeway,space_invaders,1,23.0,2528
8,period,4350208,42201,freeway,space_invaders,2,34.0,2528
8,period,4350208,42201,freeway,space_invaders,3,25.0,2528
8,period,4350208,42201,freeway,space_invaders,4,25.0,2528
8,period,4350208,42201,freeway,space_invaders,5,36.0,2528
8,period,4350208,42201,freeway,space_invaders,6,61.0,2528
8,period,4350208,42201,freeway,space_invaders,7,12.0,2528
8,period,4350208,42201,freeway,space_invaders,8,15.0,2528
8,period,4350208,42201,freeway,space_invaders,9,36.0,2528
8,period,4350208,42201,freeway,space_invaders,10,60.0,2528
8,period,4350208,42201,freeway,freeway,1,0.0,25000
8,period,4350208,42201,freeway,freeway,2,0.0,25000
8,period,4350208,42201,freeway,freeway,3,0.0,25000
8,period,4350208,42201,freeway,freeway,4,0.0,25000
8,period,4350208,42201,freeway,freeway,5,0.0,25000
8,period,4350208,42201,freeway,freeway,6,0.0,25000
8,period,4350208,42201,freeway,freeway,7,0.0,25000
8,period,4350208,42201,freeway,freeway,8,0.0,25000
8,period,4350208,42201,freeway,freeway,9,0.0,25000
8,period,4350208,42201,freeway,freeway,10,0.0,25000
8,period,4375040,42217,freeway,breakout,1,4.0,508
8,period,4375040,42217,freeway,breakout,2,5.0,508
8,period,4375040,42217,freeway,breakout,3,4.0,508
8,period,4375040,42217,freeway,breakout,4,0.0,508
8,period,4375040,42217,freeway,breakout,5,4.0,508
8,period,4375040,42217,freeway,breakout,6,5.0,508
8,period,4375040,42217,freeway,breakout,7,6.0,508
8,period,4375040,42217,freeway,breakout,8,3.0,508
8,period,4375040,42217,freeway,breakout,9,5.0,508
8,period,4375040,42217,freeway,breakout,10,6.0,508
8,period,4375040,42217,freeway,space_invaders,1,44.0,2054
8,period,4375040,42217,freeway,space_invaders,2,16.0,2054
8,period,4375040,42217,freeway,space_invaders,3,15.0,2054
8,period,4375040,42217,freeway,space_invaders,4,47.0,2054
8,period,4375040,42217,freeway,space_invaders,5,18.0,2054
8,period,4375040,42217,freeway,space_invaders,6,34.0,2054
8,period,4375040,42217,freeway,space_invaders,7,34.0,2054
8,period,4375040,42217,freeway,space_invaders,8,15.0,2054
8,period,4375040,42217,freeway,space_invaders,9,36.0,2054
8,period,4375040,42217,freeway,space_invaders,10,36.0,2054
8,period,4375040,42217,freeway,freeway,1,1.0,25000
8,period,4375040,42217,freeway,freeway,2,0.0,25000
8,period,4375040,42217,freeway,freeway,3,2.0,25000
8,period,4375040,42217,freeway,freeway,4,0.0,25000
8,period,4375040,42217,freeway,freeway,5,2.0,25000
8,period,4375040,42217,freeway,freeway,6,1.0,25000
8,period,4375040,42217,freeway,freeway,7,0.0,25000
8,period,4375040,42217,freeway,freeway,8,1.0,25000
8,period,4375040,42217,freeway,freeway,9,0.0,25000
8,period,4375040,42217,freeway,freeway,10,0.0,25000
8,period,4400128,42233,freeway,breakout,1,5.0,620
8,period,4400128,42233,freeway,breakout,2,5.0,620
8,period,4400128,42233,freeway,breakout,3,4.0,620
8,period,4400128,42233,freeway,breakout,4,5.0,620
8,period,4400128,42233,freeway,breakout,5,5.0,620
8,period,4400128,42233,freeway,breakout,6,5.0,620
8,period,4400128,42233,freeway,breakout,7,5.0,620
8,period,4400128,42233,freeway,breakout,8,6.0,620
8,period,4400128,42233,freeway,breakout,9,6.0,620
8,period,4400128,42233,freeway,breakout,10,6.0,620
8,period,4400128,42233,freeway,space_invaders,1,47.0,2533
8,period,4400128,42233,freeway,space_invaders,2,24.0,2533
8,period,4400128,42233,freeway,space_invaders,3,14.0,2533
8,period,4400128,42233,freeway,space_invaders,4,23.0,2533
8,period,4400128,42233,freeway,space_invaders,5,23.0,2533
8,period,4400128,42233,freeway,space_invaders,6,58.0,2533
8,period,4400128,42233,freeway,space_invaders,7,53.0,2533
8,period,4400128,42233,freeway,space_invaders,8,38.0,2533
8,period,4400128,42233,freeway,space_invaders,9,40.0,2533
8,period,4400128,42233,freeway,space_invaders,10,19.0,2533
8,period,4400128,42233,freeway,freeway,1,2.0,25000
8,period,4400128,42233,freeway,freeway,2,1.0,25000
8,period,4400128,42233,freeway,freeway,3,1.0,25000
8,period,4400128,42233,freeway,freeway,4,2.0,25000
8,period,4400128,42233,freeway,freeway,5,0.0,25000
8,period,4400128,42233,freeway,freeway,6,1.0,25000
8,period,4400128,42233,freeway,freeway,7,2.0,25000
8,period,4400128,42233,freeway,freeway,8,1.0,25000
8,period,4400128,42233,freeway,freeway,9,0.0,25000
8,period,4400128,42233,freeway,freeway,10,0.0,25000
8,period,4425216,42233,freeway,breakout,1,4.0,574
8,period,4425216,42233,freeway,breakout,2,6.0,574
8,period,4425216,42233,freeway,breakout,3,5.0,574
8,period,4425216,42233,freeway,breakout,4,5.0,574
8,period,4425216,42233,freeway,breakout,5,3.0,574
8,period,4425216,42233,freeway,breakout,6,5.0,574
8,period,4425216,42233,freeway,breakout,7,6.0,574
8,period,4425216,42233,freeway,breakout,8,6.0,574
8,period,4425216,42233,freeway,breakout,9,5.0,574
8,period,4425216,42233,freeway,breakout,10,3.0,574
8,period,4425216,42233,freeway,space_invaders,1,46.0,2466
8,period,4425216,42233,freeway,space_invaders,2,14.0,2466
8,period,4425216,42233,freeway,space_invaders,3,13.0,2466
8,period,4425216,42233,freeway,space_invaders,4,44.0,2466
8,period,4425216,42233,freeway,space_invaders,5,23.0,2466
8,period,4425216,42233,freeway,space_invaders,6,56.0,2466
8,period,4425216,42233,freeway,space_invaders,7,14.0,2466
8,period,4425216,42233,freeway,space_invaders,8,92.0,2466
8,period,4425216,42233,freeway,space_invaders,9,14.0,2466
8,period,4425216,42233,freeway,space_invaders,10,16.0,2466
8,period,4425216,42233,freeway,freeway,1,2.0,25000
8,period,4425216,42233,freeway,freeway,2,0.0,25000
8,period,4425216,42233,freeway,freeway,3,0.0,25000
8,period,4425216,42233,freeway,freeway,4,0.0,25000
8,period,4425216,42233,freeway,freeway,5,3.0,25000
8,period,4425216,42233,freeway,freeway,6,0.0,25000
8,period,4425216,42233,freeway,freeway,7,3.0,25000
8,period,4425216,42233,freeway,freeway,8,2.0,25000
8,period,4425216,42233,freeway,freeway,9,1.0,25000
8,period,4425216,42233,freeway,freeway,10,1.0,25000
8,period,4450048,42249,freeway,breakout,1,6.0,650
8,period,4450048,42249,freeway,breakout,2,5.0,650
8,period,4450048,42249,freeway,breakout,3,5.0,650
8,period,4450048,42249,freeway,breakout,4,5.0,650
8,period,4450048,42249,freeway,breakout,5,6.0,650
8,period,4450048,42249,freeway,breakout,6,6.0,650
8,period,4450048,42249,freeway,breakout,7,6.0,650
8,period,4450048,42249,freeway,breakout,8,6.0,650
8,period,4450048,42249,freeway,breakout,9,5.0,650
8,period,4450048,42249,freeway,breakout,10,5.0,650
8,period,4450048,42249,freeway,space_invaders,1,102.0,2296
8,period,4450048,42249,freeway,space_invaders,2,32.0,2296
8,period,4450048,42249,freeway,space_invaders,3,31.0,2296
8,period,4450048,42249,freeway,space_invaders,4,11.0,2296
8,period,4450048,42249,freeway,space_invaders,5,14.0,2296
8,period,4450048,42249,freeway,space_invaders,6,18.0,2296
8,period,4450048,42249,freeway,space_invaders,7,25.0,2296
8,period,4450048,42249,freeway,space_invaders,8,59.0,2296
8,period,4450048,42249,freeway,space_invaders,9,12.0,2296
8,period,4450048,42249,freeway,space_invaders,10,7.0,2296
8,period,4450048,42249,freeway,freeway,1,3.0,25000
8,period,4450048,42249,freeway,freeway,2,5.0,25000
8,period,4450048,42249,freeway,freeway,3,3.0,25000
8,period,4450048,42249,freeway,freeway,4,5.0,25000
8,period,4450048,42249,freeway,freeway,5,1.0,25000
8,period,4450048,42249,freeway,freeway,6,2.0,25000
8,period,4450048,42249,freeway,freeway,7,2.0,25000
8,period,4450048,42249,freeway,freeway,8,13.0,25000
8,period,4450048,42249,freeway,freeway,9,2.0,25000
8,period,4450048,42249,freeway,freeway,10,6.0,25000
8,period,4475136,42249,freeway,breakout,1,6.0,640
8,period,4475136,42249,freeway,breakout,2,5.0,640
8,period,4475136,42249,freeway,breakout,3,5.0,640
8,period,4475136,42249,freeway,breakout,4,6.0,640
8,period,4475136,42249,freeway,breakout,5,5.0,640
8,period,4475136,42249,freeway,breakout,6,5.0,640
8,period,4475136,42249,freeway,breakout,7,5.0,640
8,period,4475136,42249,freeway,breakout,8,6.0,640
8,period,4475136,42249,freeway,breakout,9,6.0,640
8,period,4475136,42249,freeway,breakout,10,5.0,640
8,period,4475136,42249,freeway,space_invaders,1,22.0,3547
8,period,4475136,42249,freeway,space_invaders,2,23.0,3547
8,period,4475136,42249,freeway,space_invaders,3,36.0,3547
8,period,4475136,42249,freeway,space_invaders,4,50.0,3547
8,period,4475136,42249,freeway,space_invaders,5,105.0,3547
8,period,4475136,42249,freeway,space_invaders,6,62.0,3547
8,period,4475136,42249,freeway,space_invaders,7,18.0,3547
8,period,4475136,42249,freeway,space_invaders,8,35.0,3547
8,period,4475136,42249,freeway,space_invaders,9,33.0,3547
8,period,4475136,42249,freeway,space_invaders,10,60.0,3547
8,period,4475136,42249,freeway,freeway,1,6.0,25000
8,period,4475136,42249,freeway,freeway,2,6.0,25000
8,period,4475136,42249,freeway,freeway,3,8.0,25000
8,period,4475136,42249,freeway,freeway,4,9.0,25000
8,period,4475136,42249,freeway,freeway,5,12.0,25000
8,period,4475136,42249,freeway,freeway,6,5.0,25000
8,period,4475136,42249,freeway,freeway,7,9.0,25000
8,period,4475136,42249,freeway,freeway,8,10.0,25000
8,period,4475136,42249,freeway,freeway,9,5.0,25000
8,period,4475136,42249,freeway,freeway,10,7.0,25000
9,boundary,4999680,50050,breakout,breakout,1,5.0,660
9,boundary,4999680,50050,breakout,breakout,2,6.0,660
9,boundary,4999680,50050,breakout,breakout,3,6.0,660
9,boundary,4999680,50050,breakout,breakout,4,6.0,660
9,boundary,4999680,50050,breakout,breakout,5,5.0,660
9,boundary,4999680,50050,breakout,breakout,6,6.0,660
9,boundary,4999680,50050,breakout,breakout,7,5.0,660
9,boundary,4999680,50050,breakout,breakout,8,5.0,660
9,boundary,4999680,50050,breakout,breakout,9,6.0,660
9,boundary,4999680,50050,breakout,breakout,10,6.0,660
9,boundary,4999680,50050,breakout,space_invaders,1,8.0,1286
9,boundary,4999680,50050,breakout,space_invaders,2,35.0,1286
9,boundary,4999680,50050,breakout,space_invaders,3,14.0,1286
9,boundary,4999680,50050,breakout,space_invaders,4,13.0,1286
9,boundary,4999680,50050,breakout,space_invaders,5,17.0,1286
9,boundary,4999680,50050,breakout,space_invaders,6,22.0,1286
9,boundary,4999680,50050,breakout,space_invaders,7,23.0,1286
9,boundary,4999680,50050,breakout,space_invaders,8,14.0,1286
9,boundary,4999680,50050,breakout,space_invaders,9,15.0,1286
9,boundary,4999680,50050,breakout,space_invaders,10,7.0,1286
9,boundary,4999680,50050,breakout,freeway,1,0.0,25000
9,boundary,4999680,50050,breakout,freeway,2,1.0,25000
9,boundary,4999680,50050,breakout,freeway,3,0.0,25000
9,boundary,4999680,50050,breakout,freeway,4,1.0,25000
9,boundary,4999680,50050,breakout,freeway,5,0.0,25000
9,boundary,4999680,50050,breakout,freeway,6,0.0,25000
9,boundary,4999680,50050,breakout,freeway,7,0.0,25000
9,boundary,4999680,50050,breakout,freeway,8,2.0,25000
9,boundary,4999680,50050,breakout,freeway,9,1.0,25000
9,boundary,4999680,50050,breakout,freeway,10,1.0,25000
9,period,4500224,42265,breakout,breakout,1,6.0,652
9,period,4500224,42265,breakout,breakout,2,5.0,652
9,period,4500224,42265,breakout,breakout,3,6.0,652
9,period,4500224,42265,breakout,breakout,4,6.0,652
9,period,4500224,42265,breakout,breakout,5,5.0,652
9,period,4500224,42265,breakout,breakout,6,5.0,652
9,period,4500224,42265,breakout,breakout,7,6.0,652
9,period,4500224,42265,breakout,breakout,8,5.0,652
9,period,4500224,42265,breakout,breakout,9,6.0,652
9,period,4500224,42265,breakout,breakout,10,5.0,652
9,period,4500224,42265,breakout,space_invaders,1,58.0,3410
9,period,4500224,42265,breakout,space_invaders,2,15.0,3410
9,period,4500224,42265,breakout,space_invaders,3,118.0,3410
9,period,4500224,42265,breakout,space_invaders,4,15.0,3410
9,period,4500224,42265,breakout,space_invaders,5,22.0,3410
9,period,4500224,42265,breakout,space_invaders,6,16.0,3410
9,period,4500224,42265,breakout,space_invaders,7,18.0,3410
9,period,4500224,42265,breakout,space_invaders,8,57.0,3410
9,period,4500224,42265,breakout,space_invaders,9,70.0,3410
9,period,4500224,42265,breakout,space_invaders,10,33.0,3410
9,period,4500224,42265,breakout,freeway,1,7.0,25000
9,period,4500224,42265,breakout,freeway,2,11.0,25000
9,period,4500224,42265,breakout,freeway,3,11.0,25000
9,period,4500224,42265,breakout,freeway,4,5.0,25000
9,period,4500224,42265,breakout,freeway,5,12.0,25000
9,period,4500224,42265,breakout,freeway,6,9.0,25000
9,period,4500224,42265,breakout,freeway,7,10.0,25000
9,period,4500224,42265,breakout,freeway,8,8.0,25000
9,period,4500224,42265,breakout,freeway,9,9.0,25000
9,period,4500224,42265,breakout,freeway,10,7.0,25000
9,period,4525056,42662,breakout,breakout,1,5.0,640
9,period,4525056,42662,breakout,breakout,2,6.0,640
9,period,4525056,42662,breakout,breakout,3,5.0,640
9,period,4525056,42662,breakout,breakout,4,5.0,640
9,period,4525056,42662,breakout,breakout,5,6.0,640
9,period,4525056,42662,breakout,breakout,6,6.0,640
9,period,4525056,42662,breakout,breakout,7,5.0,640
9,period,4525056,42662,breakout,breakout,8,6.0,640
9,period,4525056,42662,breakout,breakout,9,5.0,640
9,period,4525056,42662,breakout,breakout,10,5.0,640
9,period,4525056,42662,breakout,space_invaders,1,15.0,1859
9,period,4525056,42662,breakout,space_invaders,2,16.0,1859
9,period,4525056,42662,breakout,space_invaders,3,52.0,1859
9,period,4525056,42662,breakout,space_invaders,4,12.0,1859
9,period,4525056,42662,breakout,space_invaders,5,32.0,1859
9,period,4525056,42662,breakout,space_invaders,6,47.0,1859
9,period,4525056,42662,breakout,space_invaders,7,35.0,1859
9,period,4525056,42662,breakout,space_invaders,8,11.0,1859
9,period,4525056,42662,breakout,space_invaders,9,34.0,1859
9,period,4525056,42662,breakout,space_invaders,10,12.0,1859
9,period,4525056,42662,breakout,freeway,1,8.0,25000
9,period,4525056,42662,breakout,freeway,2,0.0,25000
9,period,4525056,42662,breakout,freeway,3,4.0,25000
9,period,4525056,42662,breakout,freeway,4,4.0,25000
9,period,4525056,42662,breakout,freeway,5,8.0,25000
9,period,4525056,42662,breakout,freeway,6,7.0,25000
9,period,4525056,42662,breakout,freeway,7,5.0,25000
9,period,4525056,42662,breakout,freeway,8,6.0,25000
9,period,4525056,42662,breakout,freeway,9,4.0,25000
9,period,4525056,42662,breakout,freeway,10,10.0,25000
9,period,4550144,43086,breakout,breakout,1,6.0,666
9,period,4550144,43086,breakout,breakout,2,6.0,666
9,period,4550144,43086,breakout,breakout,3,6.0,666
9,period,4550144,43086,breakout,breakout,4,5.0,666
9,period,4550144,43086,breakout,breakout,5,6.0,666
9,period,4550144,43086,breakout,breakout,6,5.0,666
9,period,4550144,43086,breakout,breakout,7,5.0,666
9,period,4550144,43086,breakout,breakout,8,6.0,666
9,period,4550144,43086,breakout,breakout,9,5.0,666
9,period,4550144,43086,breakout,breakout,10,6.0,666
9,period,4550144,43086,breakout,space_invaders,1,17.0,2821
9,period,4550144,43086,breakout,space_invaders,2,15.0,2821
9,period,4550144,43086,breakout,space_invaders,3,32.0,2821
9,period,4550144,43086,breakout,space_invaders,4,56.0,2821
9,period,4550144,43086,breakout,space_invaders,5,42.0,2821
9,period,4550144,43086,breakout,space_invaders,6,35.0,2821
9,period,4550144,43086,breakout,space_invaders,7,33.0,2821
9,period,4550144,43086,breakout,space_invaders,8,79.0,2821
9,period,4550144,43086,breakout,space_invaders,9,23.0,2821
9,period,4550144,43086,breakout,space_invaders,10,33.0,2821
9,period,4550144,43086,breakout,freeway,1,8.0,25000
9,period,4550144,43086,breakout,freeway,2,6.0,25000
9,period,4550144,43086,breakout,freeway,3,2.0,25000
9,period,4550144,43086,breakout,freeway,4,6.0,25000
9,period,4550144,43086,breakout,freeway,5,3.0,25000
9,period,4550144,43086,breakout,freeway,6,4.0,25000
9,period,4550144,43086,breakout,freeway,7,5.0,25000
9,period,4550144,43086,breakout,freeway,8,3.0,25000
9,period,4550144,43086,breakout,freeway,9,4.0,25000
9,period,4550144,43086,breakout,freeway,10,6.0,25000
9,period,4575232,43469,breakout,breakout,1,6.0,644
9,period,4575232,43469,breakout,breakout,2,6.0,644
9,period,4575232,43469,breakout,breakout,3,5.0,644
9,period,4575232,43469,breakout,breakout,4,6.0,644
9,period,4575232,43469,breakout,breakout,5,5.0,644
9,period,4575232,43469,breakout,breakout,6,6.0,644
9,period,4575232,43469,breakout,breakout,7,5.0,644
9,period,4575232,43469,breakout,breakout,8,5.0,644
9,period,4575232,43469,breakout,breakout,9,5.0,644
9,period,4575232,43469,breakout,breakout,10,5.0,644
9,period,4575232,43469,breakout,space_invaders,1,36.0,2394
9,period,4575232,43469,breakout,space_invaders,2,47.0,2394
9,period,4575232,43469,breakout,space_invaders,3,60.0,2394
9,period,4575232,43469,breakout,space_invaders,4,25.0,2394
9,period,4575232,43469,breakout,space_invaders,5,16.0,2394
9,period,4575232,43469,breakout,space_invaders,6,22.0,2394
9,period,4575232,43469,breakout,space_invaders,7,16.0,2394
9,period,4575232,43469,breakout,space_invaders,8,32.0,2394
9,period,4575232,43469,breakout,space_invaders,9,15.0,2394
9,period,4575232,43469,breakout,space_invaders,10,52.0,2394
9,period,4575232,43469,breakout,freeway,1,8.0,25000
9,period,4575232,43469,breakout,freeway,2,11.0,25000
9,period,4575232,43469,breakout,freeway,3,4.0,25000
9,period,4575232,43469,breakout,freeway,4,3.0,25000
9,period,4575232,43469,breakout,freeway,5,9.0,25000
9,period,4575232,43469,breakout,freeway,6,7.0,25000
9,period,4575232,43469,breakout,freeway,7,5.0,25000
9,period,4575232,43469,breakout,freeway,8,9.0,25000
9,period,4575232,43469,breakout,freeway,9,4.0,25000
9,period,4575232,43469,breakout,freeway,10,4.0,25000
9,period,4600064,43854,breakout,breakout,1,5.0,640
9,period,4600064,43854,breakout,breakout,2,5.0,640
9,period,4600064,43854,breakout,breakout,3,5.0,640
9,period,4600064,43854,breakout,breakout,4,7.0,640
9,period,4600064,43854,breakout,breakout,5,5.0,640
9,period,4600064,43854,breakout,breakout,6,5.0,640
9,period,4600064,43854,breakout,breakout,7,5.0,640
9,period,4600064,43854,breakout,breakout,8,6.0,640
9,period,4600064,43854,breakout,breakout,9,6.0,640
9,period,4600064,43854,breakout,breakout,10,5.0,640
9,period,4600064,43854,breakout,space_invaders,1,44.0,2998
9,period,4600064,43854,breakout,space_invaders,2,70.0,2998
9,period,4600064,43854,breakout,space_invaders,3,56.0,2998
9,period,4600064,43854,breakout,space_invaders,4,34.0,2998
9,period,4600064,43854,breakout,space_invaders,5,36.0,2998
9,period,4600064,43854,breakout,space_invaders,6,35.0,2998
9,period,4600064,43854,breakout,space_invaders,7,43.0,2998
9,period,4600064,43854,breakout,space_invaders,8,39.0,2998
9,period,4600064,43854,breakout,space_invaders,9,24.0,2998
9,period,4600064,43854,breakout,space_invaders,10,8.0,2998
9,period,4600064,43854,breakout,freeway,1,3.0,25000
9,period,4600064,43854,breakout,freeway,2,7.0,25000
9,period,4600064,43854,breakout,freeway,3,2.0,25000
9,period,4600064,43854,breakout,freeway,4,3.0,25000
9,period,4600064,43854,breakout,freeway,5,3.0,25000
9,period,4600064,43854,breakout,freeway,6,4.0,25000
9,period,4600064,43854,breakout,freeway,7,3.0,25000
9,period,4600064,43854,breakout,freeway,8,11.0,25000
9,period,4600064,43854,breakout,freeway,9,4.0,25000
9,period,4600064,43854,breakout,freeway,10,4.0,25000
9,period,4625152,44243,breakout,breakout,1,5.0,490
9,period,4625152,44243,breakout,breakout,2,5.0,490
9,period,4625152,44243,breakout,breakout,3,5.0,490
9,period,4625152,44243,breakout,breakout,4,1.0,490
9,period,4625152,44243,breakout,breakout,5,0.0,490
9,period,4625152,44243,breakout,breakout,6,5.0,490
9,period,4625152,44243,breakout,breakout,7,5.0,490
9,period,4625152,44243,breakout,breakout,8,5.0,490
9,period,4625152,44243,breakout,breakout,9,3.0,490
9,period,4625152,44243,breakout,breakout,10,6.0,490
9,period,4625152,44243,breakout,space_invaders,1,67.0,2865
9,period,4625152,44243,breakout,space_invaders,2,35.0,2865
9,period,4625152,44243,breakout,space_invaders,3,68.0,2865
9,period,4625152,44243,breakout,space_invaders,4,26.0,2865
9,period,4625152,44243,breakout,space_invaders,5,22.0,2865
9,period,4625152,44243,breakout,space_invaders,6,39.0,2865
9,period,4625152,44243,breakout,space_invaders,7,16.0,2865
9,period,4625152,44243,breakout,space_invaders,8,57.0,2865
9,period,4625152,44243,breakout,space_invaders,9,22.0,2865
9,period,4625152,44243,breakout,space_invaders,10,29.0,2865
9,period,4625152,44243,breakout,freeway,1,5.0,25000
9,period,4625152,44243,breakout,freeway,2,5.0,25000
9,period,4625152,44243,breakout,freeway,3,5.0,25000
9,period,4625152,44243,breakout,freeway,4,4.0,25000
9,period,4625152,44243,breakout,freeway,5,3.0,25000
9,period,4625152,44243,breakout,freeway,6,5.0,25000
9,period,4625152,44243,breakout,freeway,7,3.0,25000
9,period,4625152,44243,breakout,freeway,8,4.0,25000
9,period,4625152,44243,breakout,freeway,9,4.0,25000
9,period,4625152,44243,breakout,freeway,10,5.0,25000
9,period,4650240,44634,breakout,breakout,1,6.0,640
9,period,4650240,44634,breakout,breakout,2,5.0,640
9,period,4650240,44634,breakout,breakout,3,6.0,640
9,period,4650240,44634,breakout,breakout,4,5.0,640
9,period,4650240,44634,breakout,breakout,5,5.0,640
9,period,4650240,44634,breakout,breakout,6,5.0,640
9,period,4650240,44634,breakout,breakout,7,6.0,640
9,period,4650240,44634,breakout,breakout,8,6.0,640
9,period,4650240,44634,breakout,breakout,9,5.0,640
9,period,4650240,44634,breakout,breakout,10,5.0,640
9,period,4650240,44634,breakout,space_invaders,1,160.0,3378
9,period,4650240,44634,breakout,space_invaders,2,40.0,3378
9,period,4650240,44634,breakout,space_invaders,3,71.0,3378
9,period,4650240,44634,breakout,space_invaders,4,15.0,3378
9,period,4650240,44634,breakout,space_invaders,5,32.0,3378
9,period,4650240,44634,breakout,space_invaders,6,15.0,3378
9,period,4650240,44634,breakout,space_invaders,7,37.0,3378
9,period,4650240,44634,breakout,space_invaders,8,16.0,3378
9,period,4650240,44634,breakout,space_invaders,9,14.0,3378
9,period,4650240,44634,breakout,space_invaders,10,23.0,3378
9,period,4650240,44634,breakout,freeway,1,2.0,25000
9,period,4650240,44634,breakout,freeway,2,3.0,25000
9,period,4650240,44634,breakout,freeway,3,4.0,25000
9,period,4650240,44634,breakout,freeway,4,2.0,25000
9,period,4650240,44634,breakout,freeway,5,4.0,25000
9,period,4650240,44634,breakout,freeway,6,4.0,25000
9,period,4650240,44634,breakout,freeway,7,3.0,25000
9,period,4650240,44634,breakout,freeway,8,4.0,25000
9,period,4650240,44634,breakout,freeway,9,8.0,25000
9,period,4650240,44634,breakout,freeway,10,1.0,25000
9,period,4675072,45028,breakout,breakout,1,6.0,634
9,period,4675072,45028,breakout,breakout,2,5.0,634
9,period,4675072,45028,breakout,breakout,3,5.0,634
9,period,4675072,45028,breakout,breakout,4,6.0,634
9,period,4675072,45028,breakout,breakout,5,5.0,634
9,period,4675072,45028,breakout,breakout,6,5.0,634
9,period,4675072,45028,breakout,breakout,7,5.0,634
9,period,4675072,45028,breakout,breakout,8,5.0,634
9,period,4675072,45028,breakout,breakout,9,5.0,634
9,period,4675072,45028,breakout,breakout,10,6.0,634
9,period,4675072,45028,breakout,space_invaders,1,18.0,1591
9,period,4675072,45028,breakout,space_invaders,2,13.0,1591
9,period,4675072,45028,breakout,space_invaders,3,25.0,1591
9,period,4675072,45028,breakout,space_invaders,4,34.0,1591
9,period,4675072,45028,breakout,space_invaders,5,22.0,1591
9,period,4675072,45028,breakout,space_invaders,6,15.0,1591
9,period,4675072,45028,breakout,space_invaders,7,20.0,1591
9,period,4675072,45028,breakout,space_invaders,8,13.0,1591
9,period,4675072,45028,breakout,space_invaders,9,36.0,1591
9,period,4675072,45028,breakout,space_invaders,10,12.0,1591
9,period,4675072,45028,breakout,freeway,1,3.0,25000
9,period,4675072,45028,breakout,freeway,2,3.0,25000
9,period,4675072,45028,breakout,freeway,3,3.0,25000
9,period,4675072,45028,breakout,freeway,4,4.0,25000
9,period,4675072,45028,breakout,freeway,5,5.0,25000
9,period,4675072,45028,breakout,freeway,6,2.0,25000
9,period,4675072,45028,breakout,freeway,7,4.0,25000
9,period,4675072,45028,breakout,freeway,8,1.0,25000
9,period,4675072,45028,breakout,freeway,9,4.0,25000
9,period,4675072,45028,breakout,freeway,10,0.0,25000
9,period,4700160,45416,breakout,breakout,1,6.0,664
9,period,4700160,45416,breakout,breakout,2,6.0,664
9,period,4700160,45416,breakout,breakout,3,6.0,664
9,period,4700160,45416,breakout,breakout,4,5.0,664
9,period,4700160,45416,breakout,breakout,5,6.0,664
9,period,4700160,45416,breakout,breakout,6,5.0,664
9,period,4700160,45416,breakout,breakout,7,5.0,664
9,period,4700160,45416,breakout,breakout,8,6.0,664
9,period,4700160,45416,breakout,breakout,9,5.0,664
9,period,4700160,45416,breakout,breakout,10,6.0,664
9,period,4700160,45416,breakout,space_invaders,1,14.0,2084
9,period,4700160,45416,breakout,space_invaders,2,62.0,2084
9,period,4700160,45416,breakout,space_invaders,3,23.0,2084
9,period,4700160,45416,breakout,space_invaders,4,13.0,2084
9,period,4700160,45416,breakout,space_invaders,5,49.0,2084
9,period,4700160,45416,breakout,space_invaders,6,15.0,2084
9,period,4700160,45416,breakout,space_invaders,7,16.0,2084
9,period,4700160,45416,breakout,space_invaders,8,23.0,2084
9,period,4700160,45416,breakout,space_invaders,9,14.0,2084
9,period,4700160,45416,breakout,space_invaders,10,43.0,2084
9,period,4700160,45416,breakout,freeway,1,1.0,25000
9,period,4700160,45416,breakout,freeway,2,1.0,25000
9,period,4700160,45416,breakout,freeway,3,0.0,25000
9,period,4700160,45416,breakout,freeway,4,5.0,25000
9,period,4700160,45416,breakout,freeway,5,1.0,25000
9,period,4700160,45416,breakout,freeway,6,2.0,25000
9,period,4700160,45416,breakout,freeway,7,6.0,25000
9,period,4700160,45416,breakout,freeway,8,1.0,25000
9,period,4700160,45416,breakout,freeway,9,1.0,25000
9,period,4700160,45416,breakout,freeway,10,1.0,25000
9,period,4725248,45800,breakout,breakout,1,5.0,630
9,period,4725248,45800,breakout,breakout,2,5.0,630
9,period,4725248,45800,breakout,breakout,3,6.0,630
9,period,4725248,45800,breakout,breakout,4,5.0,630
9,period,4725248,45800,breakout,breakout,5,5.0,630
9,period,4725248,45800,breakout,breakout,6,5.0,630
9,period,4725248,45800,breakout,breakout,7,5.0,630
9,period,4725248,45800,breakout,breakout,8,6.0,630
9,period,4725248,45800,breakout,breakout,9,6.0,630
9,period,4725248,45800,breakout,breakout,10,5.0,630
9,period,4725248,45800,breakout,space_invaders,1,7.0,2314
9,period,4725248,45800,breakout,space_invaders,2,58.0,2314
9,period,4725248,45800,breakout,space_invaders,3,34.0,2314
9,period,4725248,45800,breakout,space_invaders,4,81.0,2314
9,period,4725248,45800,breakout,space_invaders,5,13.0,2314
9,period,4725248,45800,breakout,space_invaders,6,51.0,2314
9,period,4725248,45800,breakout,space_invaders,7,23.0,2314
9,period,4725248,45800,breakout,space_invaders,8,17.0,2314
9,period,4725248,45800,breakout,space_invaders,9,16.0,2314
9,period,4725248,45800,breakout,space_invaders,10,13.0,2314
9,period,4725248,45800,breakout,freeway,1,5.0,25000
9,period,4725248,45800,breakout,freeway,2,1.0,25000
9,period,4725248,45800,breakout,freeway,3,1.0,25000
9,period,4725248,45800,breakout,freeway,4,5.0,25000
9,period,4725248,45800,breakout,freeway,5,2.0,25000
9,period,4725248,45800,breakout,freeway,6,6.0,25000
9,period,4725248,45800,breakout,freeway,7,3.0,25000
9,period,4725248,45800,breakout,freeway,8,3.0,25000
9,period,4725248,45800,breakout,freeway,9,7.0,25000
9,period,4725248,45800,breakout,freeway,10,5.0,25000
9,period,4750080,46188,breakout,breakout,1,5.0,598
9,period,4750080,46188,breakout,breakout,2,5.0,598
9,period,4750080,46188,breakout,breakout,3,5.0,598
9,period,4750080,46188,breakout,breakout,4,5.0,598
9,period,4750080,46188,breakout,breakout,5,6.0,598
9,period,4750080,46188,breakout,breakout,6,6.0,598
9,period,4750080,46188,breakout,breakout,7,6.0,598
9,period,4750080,46188,breakout,breakout,8,5.0,598
9,period,4750080,46188,breakout,breakout,9,5.0,598
9,period,4750080,46188,breakout,breakout,10,2.0,598
9,period,4750080,46188,breakout,space_invaders,1,23.0,1381
9,period,4750080,46188,breakout,space_invaders,2,16.0,1381
9,period,4750080,46188,breakout,space_invaders,3,15.0,1381
9,period,4750080,46188,breakout,space_invaders,4,16.0,1381
9,period,4750080,46188,breakout,space_invaders,5,19.0,1381
9,period,4750080,46188,breakout,space_invaders,6,12.0,1381
9,period,4750080,46188,breakout,space_invaders,7,31.0,1381
9,period,4750080,46188,breakout,space_invaders,8,33.0,1381
9,period,4750080,46188,breakout,space_invaders,9,23.0,1381
9,period,4750080,46188,breakout,space_invaders,10,14.0,1381
9,period,4750080,46188,breakout,freeway,1,4.0,25000
9,period,4750080,46188,breakout,freeway,2,1.0,25000
9,period,4750080,46188,breakout,freeway,3,3.0,25000
9,period,4750080,46188,breakout,freeway,4,2.0,25000
9,period,4750080,46188,breakout,freeway,5,0.0,25000
9,period,4750080,46188,breakout,freeway,6,4.0,25000
9,period,4750080,46188,breakout,freeway,7,2.0,25000
9,period,4750080,46188,breakout,freeway,8,1.0,25000
9,period,4750080,46188,breakout,freeway,9,0.0,25000
9,period,4750080,46188,breakout,freeway,10,3.0,25000
9,period,4775168,46576,breakout,breakout,1,6.0,670
9,period,4775168,46576,breakout,breakout,2,5.0,670
9,period,4775168,46576,breakout,breakout,3,6.0,670
9,period,4775168,46576,breakout,breakout,4,6.0,670
9,period,4775168,46576,breakout,breakout,5,6.0,670
9,period,4775168,46576,breakout,breakout,6,5.0,670
9,period,4775168,46576,breakout,breakout,7,6.0,670
9,period,4775168,46576,breakout,breakout,8,6.0,670
9,period,4775168,46576,breakout,breakout,9,5.0,670
9,period,4775168,46576,breakout,breakout,10,6.0,670
9,period,4775168,46576,breakout,space_invaders,1,15.0,1587
9,period,4775168,46576,breakout,space_invaders,2,17.0,1587
9,period,4775168,46576,breakout,space_invaders,3,16.0,1587
9,period,4775168,46576,breakout,space_invaders,4,14.0,1587
9,period,4775168,46576,breakout,space_invaders,5,15.0,1587
9,period,4775168,46576,breakout,space_invaders,6,16.0,1587
9,period,4775168,46576,breakout,space_invaders,7,38.0,1587
9,period,4775168,46576,breakout,space_invaders,8,37.0,1587
9,period,4775168,46576,breakout,space_invaders,9,23.0,1587
9,period,4775168,46576,breakout,space_invaders,10,28.0,1587
9,period,4775168,46576,breakout,freeway,1,1.0,25000
9,period,4775168,46576,breakout,freeway,2,4.0,25000
9,period,4775168,46576,breakout,freeway,3,2.0,25000
9,period,4775168,46576,breakout,freeway,4,0.0,25000
9,period,4775168,46576,breakout,freeway,5,3.0,25000
9,period,4775168,46576,breakout,freeway,6,2.0,25000
9,period,4775168,46576,breakout,freeway,7,3.0,25000
9,period,4775168,46576,breakout,freeway,8,2.0,25000
9,period,4775168,46576,breakout,freeway,9,0.0,25000
9,period,4775168,46576,breakout,freeway,10,1.0,25000
9,period,4800000,46960,breakout,breakout,1,6.0,652
9,period,4800000,46960,breakout,breakout,2,5.0,652
9,period,4800000,46960,breakout,breakout,3,6.0,652
9,period,4800000,46960,breakout,breakout,4,5.0,652
9,period,4800000,46960,breakout,breakout,5,6.0,652
9,period,4800000,46960,breakout,breakout,6,5.0,652
9,period,4800000,46960,breakout,breakout,7,5.0,652
9,period,4800000,46960,breakout,breakout,8,6.0,652
9,period,4800000,46960,breakout,breakout,9,5.0,652
9,period,4800000,46960,breakout,breakout,10,6.0,652
9,period,4800000,46960,breakout,space_invaders,1,6.0,1788
9,period,4800000,46960,breakout,space_invaders,2,22.0,1788
9,period,4800000,46960,breakout,space_invaders,3,37.0,1788
9,period,4800000,46960,breakout,space_invaders,4,15.0,1788
9,period,4800000,46960,breakout,space_invaders,5,14.0,1788
9,period,4800000,46960,breakout,space_invaders,6,39.0,1788
9,period,4800000,46960,breakout,space_invaders,7,47.0,1788
9,period,4800000,46960,breakout,space_invaders,8,17.0,1788
9,period,4800000,46960,breakout,space_invaders,9,26.0,1788
9,period,4800000,46960,breakout,space_invaders,10,14.0,1788
9,period,4800000,46960,breakout,freeway,1,1.0,25000
9,period,4800000,46960,breakout,freeway,2,4.0,25000
9,period,4800000,46960,breakout,freeway,3,3.0,25000
9,period,4800000,46960,breakout,freeway,4,4.0,25000
9,period,4800000,46960,breakout,freeway,5,3.0,25000
9,period,4800000,46960,breakout,freeway,6,2.0,25000
9,period,4800000,46960,breakout,freeway,7,0.0,25000
9,period,4800000,46960,breakout,freeway,8,3.0,25000
9,period,4800000,46960,breakout,freeway,9,1.0,25000
9,period,4800000,46960,breakout,freeway,10,3.0,25000
9,period,4825088,47350,breakout,breakout,1,6.0,670
9,period,4825088,47350,breakout,breakout,2,5.0,670
9,period,4825088,47350,breakout,breakout,3,5.0,670
9,period,4825088,47350,breakout,breakout,4,7.0,670
9,period,4825088,47350,breakout,breakout,5,5.0,670
9,period,4825088,47350,breakout,breakout,6,5.0,670
9,period,4825088,47350,breakout,breakout,7,7.0,670
9,period,4825088,47350,breakout,breakout,8,6.0,670
9,period,4825088,47350,breakout,breakout,9,5.0,670
9,period,4825088,47350,breakout,breakout,10,6.0,670
9,period,4825088,47350,breakout,space_invaders,1,14.0,1706
9,period,4825088,47350,breakout,space_invaders,2,5.0,1706
9,period,4825088,47350,breakout,space_invaders,3,22.0,1706
9,period,4825088,47350,breakout,space_invaders,4,33.0,1706
9,period,4825088,47350,breakout,space_invaders,5,60.0,1706
9,period,4825088,47350,breakout,space_invaders,6,12.0,1706
9,period,4825088,47350,breakout,space_invaders,7,10.0,1706
9,period,4825088,47350,breakout,space_invaders,8,3.0,1706
9,period,4825088,47350,breakout,space_invaders,9,22.0,1706
9,period,4825088,47350,breakout,space_invaders,10,23.0,1706
9,period,4825088,47350,breakout,freeway,1,3.0,25000
9,period,4825088,47350,breakout,freeway,2,1.0,25000
9,period,4825088,47350,breakout,freeway,3,1.0,25000
9,period,4825088,47350,breakout,freeway,4,3.0,25000
9,period,4825088,47350,breakout,freeway,5,2.0,25000
9,period,4825088,47350,breakout,freeway,6,0.0,25000
9,period,4825088,47350,breakout,freeway,7,1.0,25000
9,period,4825088,47350,breakout,freeway,8,0.0,25000
9,period,4825088,47350,breakout,freeway,9,2.0,25000
9,period,4825088,47350,breakout,freeway,10,1.0,25000
9,period,4850176,47742,breakout,breakout,1,5.0,660
9,period,4850176,47742,breakout,breakout,2,5.0,660
9,period,4850176,47742,breakout,breakout,3,6.0,660
9,period,4850176,47742,breakout,breakout,4,5.0,660
9,period,4850176,47742,breakout,breakout,5,5.0,660
9,period,4850176,47742,breakout,breakout,6,6.0,660
9,period,4850176,47742,breakout,breakout,7,5.0,660
9,period,4850176,47742,breakout,breakout,8,5.0,660
9,period,4850176,47742,breakout,breakout,9,6.0,660
9,period,4850176,47742,breakout,breakout,10,6.0,660
9,period,4850176,47742,breakout,space_invaders,1,12.0,1579
9,period,4850176,47742,breakout,space_invaders,2,30.0,1579
9,period,4850176,47742,breakout,space_invaders,3,23.0,1579
9,period,4850176,47742,breakout,space_invaders,4,20.0,1579
9,period,4850176,47742,breakout,space_invaders,5,14.0,1579
9,period,4850176,47742,breakout,space_invaders,6,33.0,1579
9,period,4850176,47742,breakout,space_invaders,7,6.0,1579
9,period,4850176,47742,breakout,space_invaders,8,14.0,1579
9,period,4850176,47742,breakout,space_invaders,9,18.0,1579
9,period,4850176,47742,breakout,space_invaders,10,12.0,1579
9,period,4850176,47742,breakout,freeway,1,2.0,25000
9,period,4850176,47742,breakout,freeway,2,4.0,25000
9,period,4850176,47742,breakout,freeway,3,3.0,25000
9,period,4850176,47742,breakout,freeway,4,0.0,25000
9,period,4850176,47742,breakout,freeway,5,0.0,25000
9,period,4850176,47742,breakout,freeway,6,0.0,25000
9,period,4850176,47742,breakout,freeway,7,2.0,25000
9,period,4850176,47742,breakout,freeway,8,2.0,25000
9,period,4850176,47742,breakout,freeway,9,1.0,25000
9,period,4850176,47742,breakout,freeway,10,1.0,25000
9,period,4875008,48133,breakout,breakout,1,6.0,690
9,period,4875008,48133,breakout,breakout,2,5.0,690
9,period,4875008,48133,breakout,breakout,3,6.0,690
9,period,4875008,48133,breakout,breakout,4,6.0,690
9,period,4875008,48133,breakout,breakout,5,5.0,690
9,period,4875008,48133,breakout,breakout,6,6.0,690
9,period,4875008,48133,breakout,breakout,7,6.0,690
9,period,4875008,48133,breakout,breakout,8,6.0,690
9,period,4875008,48133,breakout,breakout,9,6.0,690
9,period,4875008,48133,breakout,breakout,10,6.0,690
9,period,4875008,48133,breakout,space_invaders,1,34.0,1511
9,period,4875008,48133,breakout,space_invaders,2,14.0,1511
9,period,4875008,48133,breakout,space_invaders,3,23.0,1511
9,period,4875008,48133,breakout,space_invaders,4,16.0,1511
9,period,4875008,48133,breakout,space_invaders,5,7.0,1511
9,period,4875008,48133,breakout,space_invaders,6,15.0,1511
9,period,4875008,48133,breakout,space_invaders,7,35.0,1511
9,period,4875008,48133,breakout,space_invaders,8,38.0,1511
9,period,4875008,48133,breakout,space_invaders,9,14.0,1511
9,period,4875008,48133,breakout,space_invaders,10,23.0,1511
9,period,4875008,48133,breakout,freeway,1,1.0,25000
9,period,4875008,48133,breakout,freeway,2,1.0,25000
9,period,4875008,48133,breakout,freeway,3,1.0,25000
9,period,4875008,48133,breakout,freeway,4,1.0,25000
9,period,4875008,48133,breakout,freeway,5,2.0,25000
9,period,4875008,48133,breakout,freeway,6,0.0,25000
9,period,4875008,48133,breakout,freeway,7,2.0,25000
9,period,4875008,48133,breakout,freeway,8,0.0,25000
9,period,4875008,48133,breakout,freeway,9,0.0,25000
9,period,4875008,48133,breakout,freeway,10,1.0,25000
9,period,4900096,48521,breakout,breakout,1,5.0,606
9,period,4900096,48521,breakout,breakout,2,7.0,606
9,period,4900096,48521,breakout,breakout,3,1.0,606
9,period,4900096,48521,breakout,breakout,4,6.0,606
9,period,4900096,48521,breakout,breakout,5,6.0,606
9,period,4900096,48521,breakout,breakout,6,5.0,606
9,period,4900096,48521,breakout,breakout,7,6.0,606
9,period,4900096,48521,breakout,breakout,8,5.0,606
9,period,4900096,48521,breakout,breakout,9,5.0,606
9,period,4900096,48521,breakout,breakout,10,5.0,606
9,period,4900096,48521,breakout,space_invaders,1,12.0,2051
9,period,4900096,48521,breakout,space_invaders,2,14.0,2051
9,period,4900096,48521,breakout,space_invaders,3,17.0,2051
9,period,4900096,48521,breakout,space_invaders,4,23.0,2051
9,period,4900096,48521,breakout,space_invaders,5,16.0,2051
9,period,4900096,48521,breakout,space_invaders,6,60.0,2051
9,period,4900096,48521,breakout,space_invaders,7,19.0,2051
9,period,4900096,48521,breakout,space_invaders,8,37.0,2051
9,period,4900096,48521,breakout,space_invaders,9,39.0,2051
9,period,4900096,48521,breakout,space_invaders,10,41.0,2051
9,period,4900096,48521,breakout,freeway,1,3.0,25000
9,period,4900096,48521,breakout,freeway,2,0.0,25000
9,period,4900096,48521,breakout,freeway,3,2.0,25000
9,period,4900096,48521,breakout,freeway,4,0.0,25000
9,period,4900096,48521,breakout,freeway,5,4.0,25000
9,period,4900096,48521,breakout,freeway,6,0.0,25000
9,period,4900096,48521,breakout,freeway,7,1.0,25000
9,period,4900096,48521,breakout,freeway,8,1.0,25000
9,period,4900096,48521,breakout,freeway,9,3.0,25000
9,period,4900096,48521,breakout,freeway,10,3.0,25000
9,period,4925184,48910,breakout,breakout,1,6.0,660
9,period,4925184,48910,breakout,breakout,2,5.0,660
9,period,4925184,48910,breakout,breakout,3,6.0,660
9,period,4925184,48910,breakout,breakout,4,6.0,660
9,period,4925184,48910,breakout,breakout,5,5.0,660
9,period,4925184,48910,breakout,breakout,6,6.0,660
9,period,4925184,48910,breakout,breakout,7,6.0,660
9,period,4925184,48910,breakout,breakout,8,5.0,660
9,period,4925184,48910,breakout,breakout,9,5.0,660
9,period,4925184,48910,breakout,breakout,10,6.0,660
9,period,4925184,48910,breakout,space_invaders,1,6.0,821
9,period,4925184,48910,breakout,space_invaders,2,6.0,821
9,period,4925184,48910,breakout,space_invaders,3,11.0,821
9,period,4925184,48910,breakout,space_invaders,4,7.0,821
9,period,4925184,48910,breakout,space_invaders,5,26.0,821
9,period,4925184,48910,breakout,space_invaders,6,5.0,821
9,period,4925184,48910,breakout,space_invaders,7,12.0,821
9,period,4925184,48910,breakout,space_invaders,8,13.0,821
9,period,4925184,48910,breakout,space_invaders,9,7.0,821
9,period,4925184,48910,breakout,space_invaders,10,13.0,821
9,period,4925184,48910,breakout,freeway,1,1.0,25000
9,period,4925184,48910,breakout,freeway,2,1.0,25000
9,period,4925184,48910,breakout,freeway,3,1.0,25000
9,period,4925184,48910,breakout,freeway,4,1.0,25000
9,period,4925184,48910,breakout,freeway,5,1.0,25000
9,period,4925184,48910,breakout,freeway,6,0.0,25000
9,period,4925184,48910,breakout,freeway,7,1.0,25000
9,period,4925184,48910,breakout,freeway,8,0.0,25000
9,period,4925184,48910,breakout,freeway,9,0.0,25000
9,period,4925184,48910,breakout,freeway,10,0.0,25000
9,period,4950016,49289,breakout,breakout,1,6.0,616
9,period,4950016,49289,breakout,breakout,2,6.0,616
9,period,4950016,49289,breakout,breakout,3,6.0,616
9,period,4950016,49289,breakout,breakout,4,5.0,616
9,period,4950016,49289,breakout,breakout,5,5.0,616
9,period,4950016,49289,breakout,breakout,6,6.0,616
9,period,4950016,49289,breakout,breakout,7,5.0,616
9,period,4950016,49289,breakout,breakout,8,6.0,616
9,period,4950016,49289,breakout,breakout,9,6.0,616
9,period,4950016,49289,breakout,breakout,10,1.0,616
9,period,4950016,49289,breakout,space_invaders,1,21.0,1491
9,period,4950016,49289,breakout,space_invaders,2,12.0,1491
9,period,4950016,49289,breakout,space_invaders,3,12.0,1491
9,period,4950016,49289,breakout,space_invaders,4,13.0,1491
9,period,4950016,49289,breakout,space_invaders,5,23.0,1491
9,period,4950016,49289,breakout,space_invaders,6,4.0,1491
9,period,4950016,49289,breakout,space_invaders,7,8.0,1491
9,period,4950016,49289,breakout,space_invaders,8,53.0,1491
9,period,4950016,49289,breakout,space_invaders,9,12.0,1491
9,period,4950016,49289,breakout,space_invaders,10,23.0,1491
9,period,4950016,49289,breakout,freeway,1,0.0,25000
9,period,4950016,49289,breakout,freeway,2,1.0,25000
9,period,4950016,49289,breakout,freeway,3,0.0,25000
9,period,4950016,49289,breakout,freeway,4,1.0,25000
9,period,4950016,49289,breakout,freeway,5,1.0,25000
9,period,4950016,49289,breakout,freeway,6,2.0,25000
9,period,4950016,49289,breakout,freeway,7,0.0,25000
9,period,4950016,49289,breakout,freeway,8,1.0,25000
9,period,4950016,49289,breakout,freeway,9,0.0,25000
9,period,4950016,49289,breakout,freeway,10,0.0,25000
9,period,4975104,49676,breakout,breakout,1,6.0,650
9,period,4975104,49676,breakout,breakout,2,6.0,650
9,period,4975104,49676,breakout,breakout,3,5.0,650
9,period,4975104,49676,breakout,breakout,4,6.0,650
9,period,4975104,49676,breakout,breakout,5,5.0,650
9,period,4975104,49676,breakout,breakout,6,6.0,650
9,period,4975104,49676,breakout,breakout,7,5.0,650
9,period,4975104,49676,breakout,breakout,8,6.0,650
9,period,4975104,49676,breakout,breakout,9,5.0,650
9,period,4975104,49676,breakout,breakout,10,5.0,650
9,period,4975104,49676,breakout,space_invaders,1,3.0,399
9,period,4975104,49676,breakout,space_invaders,2,3.0,399
9,period,4975104,49676,breakout,space_invaders,3,3.0,399
9,period,4975104,49676,breakout,space_invaders,4,20.0,399
9,period,4975104,49676,breakout,space_invaders,5,3.0,399
9,period,4975104,49676,breakout,space_invaders,6,3.0,399
9,period,4975104,49676,breakout,space_invaders,7,3.0,399
9,period,4975104,49676,breakout,space_invaders,8,3.0,399
9,period,4975104,49676,breakout,space_invaders,9,3.0,399
9,period,4975104,49676,breakout,space_invaders,10,2.0,399
9,period,4975104,49676,breakout,freeway,1,1.0,25000
9,period,4975104,49676,breakout,freeway,2,2.0,25000
9,period,4975104,49676,breakout,freeway,3,0.0,25000
9,period,4975104,49676,breakout,freeway,4,0.0,25000
9,period,4975104,49676,breakout,freeway,5,2.0,25000
9,period,4975104,49676,breakout,freeway,6,1.0,25000
9,period,4975104,49676,breakout,freeway,7,0.0,25000
9,period,4975104,49676,breakout,freeway,8,0.0,25000
9,period,4975104,49676,breakout,freeway,9,4.0,25000
9,period,4975104,49676,breakout,freeway,10,1.0,25000
10,boundary,5499648,51913,space_invaders,breakout,1,6.0,660
10,boundary,5499648,51913,space_invaders,breakout,2,6.0,660
10,boundary,5499648,51913,space_invaders,breakout,3,6.0,660
10,boundary,5499648,51913,space_invaders,breakout,4,6.0,660
10,boundary,5499648,51913,space_invaders,breakout,5,6.0,660
10,boundary,5499648,51913,space_invaders,breakout,6,5.0,660
10,boundary,5499648,51913,space_invaders,breakout,7,5.0,660
10,boundary,5499648,51913,space_invaders,breakout,8,6.0,660
10,boundary,5499648,51913,space_invaders,breakout,9,5.0,660
10,boundary,5499648,51913,space_invaders,breakout,10,5.0,660
10,boundary,5499648,51913,space_invaders,space_invaders,1,26.0,2757
10,boundary,5499648,51913,space_invaders,space_invaders,2,59.0,2757
10,boundary,5499648,51913,space_invaders,space_invaders,3,17.0,2757
10,boundary,5499648,51913,space_invaders,space_invaders,4,53.0,2757
10,boundary,5499648,51913,space_invaders,space_invaders,5,70.0,2757
10,boundary,5499648,51913,space_invaders,space_invaders,6,36.0,2757
10,boundary,5499648,51913,space_invaders,space_invaders,7,37.0,2757
10,boundary,5499648,51913,space_invaders,space_invaders,8,23.0,2757
10,boundary,5499648,51913,space_invaders,space_invaders,9,45.0,2757
10,boundary,5499648,51913,space_invaders,space_invaders,10,13.0,2757
10,boundary,5499648,51913,space_invaders,freeway,1,0.0,25000
10,boundary,5499648,51913,space_invaders,freeway,2,0.0,25000
10,boundary,5499648,51913,space_invaders,freeway,3,0.0,25000
10,boundary,5499648,51913,space_invaders,freeway,4,1.0,25000
10,boundary,5499648,51913,space_invaders,freeway,5,0.0,25000
10,boundary,5499648,51913,space_invaders,freeway,6,0.0,25000
10,boundary,5499648,51913,space_invaders,freeway,7,0.0,25000
10,boundary,5499648,51913,space_invaders,freeway,8,0.0,25000
10,boundary,5499648,51913,space_invaders,freeway,9,0.0,25000
10,boundary,5499648,51913,space_invaders,freeway,10,0.0,25000
10,period,5000192,50051,space_invaders,breakout,1,6.0,648
10,period,5000192,50051,space_invaders,breakout,2,6.0,648
10,period,5000192,50051,space_invaders,breakout,3,6.0,648
10,period,5000192,50051,space_invaders,breakout,4,6.0,648
10,period,5000192,50051,space_invaders,breakout,5,3.0,648
10,period,5000192,50051,space_invaders,breakout,6,6.0,648
10,period,5000192,50051,space_invaders,breakout,7,6.0,648
10,period,5000192,50051,space_invaders,breakout,8,5.0,648
10,period,5000192,50051,space_invaders,breakout,9,5.0,648
10,period,5000192,50051,space_invaders,breakout,10,6.0,648
10,period,5000192,50051,space_invaders,space_invaders,1,10.0,1270
10,period,5000192,50051,space_invaders,space_invaders,2,34.0,1270
10,period,5000192,50051,space_invaders,space_invaders,3,10.0,1270
10,period,5000192,50051,space_invaders,space_invaders,4,11.0,1270
10,period,5000192,50051,space_invaders,space_invaders,5,13.0,1270
10,period,5000192,50051,space_invaders,space_invaders,6,14.0,1270
10,period,5000192,50051,space_invaders,space_invaders,7,9.0,1270
10,period,5000192,50051,space_invaders,space_invaders,8,33.0,1270
10,period,5000192,50051,space_invaders,space_invaders,9,4.0,1270
10,period,5000192,50051,space_invaders,space_invaders,10,23.0,1270
10,period,5000192,50051,space_invaders,freeway,1,2.0,25000
10,period,5000192,50051,space_invaders,freeway,2,1.0,25000
10,period,5000192,50051,space_invaders,freeway,3,2.0,25000
10,period,5000192,50051,space_invaders,freeway,4,0.0,25000
10,period,5000192,50051,space_invaders,freeway,5,1.0,25000
10,period,5000192,50051,space_invaders,freeway,6,0.0,25000
10,period,5000192,50051,space_invaders,freeway,7,2.0,25000
10,period,5000192,50051,space_invaders,freeway,8,0.0,25000
10,period,5000192,50051,space_invaders,freeway,9,2.0,25000
10,period,5000192,50051,space_invaders,freeway,10,0.0,25000
10,period,5025024,50227,space_invaders,breakout,1,5.0,668
10,period,5025024,50227,space_invaders,breakout,2,5.0,668
10,period,5025024,50227,space_invaders,breakout,3,5.0,668
10,period,5025024,50227,space_invaders,breakout,4,6.0,668
10,period,5025024,50227,space_invaders,breakout,5,6.0,668
10,period,5025024,50227,space_invaders,breakout,6,6.0,668
10,period,5025024,50227,space_invaders,breakout,7,6.0,668
10,period,5025024,50227,space_invaders,breakout,8,5.0,668
10,period,5025024,50227,space_invaders,breakout,9,6.0,668
10,period,5025024,50227,space_invaders,breakout,10,6.0,668
10,period,5025024,50227,space_invaders,space_invaders,1,11.0,1081
10,period,5025024,50227,space_invaders,space_invaders,2,33.0,1081
10,period,5025024,50227,space_invaders,space_invaders,3,11.0,1081
10,period,5025024,50227,space_invaders,space_invaders,4,4.0,1081
10,period,5025024,50227,space_invaders,space_invaders,5,10.0,1081
10,period,5025024,50227,space_invaders,space_invaders,6,16.0,1081
10,period,5025024,50227,space_invaders,space_invaders,7,28.0,1081
10,period,5025024,50227,space_invaders,space_invaders,8,13.0,1081
10,period,5025024,50227,space_invaders,space_invaders,9,12.0,1081
10,period,5025024,50227,space_invaders,space_invaders,10,11.0,1081
10,period,5025024,50227,space_invaders,freeway,1,1.0,25000
10,period,5025024,50227,space_invaders,freeway,2,3.0,25000
10,period,5025024,50227,space_invaders,freeway,3,1.0,25000
10,period,5025024,50227,space_invaders,freeway,4,1.0,25000
10,period,5025024,50227,space_invaders,freeway,5,1.0,25000
10,period,5025024,50227,space_invaders,freeway,6,0.0,25000
10,period,5025024,50227,space_invaders,freeway,7,1.0,25000
10,period,5025024,50227,space_invaders,freeway,8,1.0,25000
10,period,5025024,50227,space_invaders,freeway,9,0.0,25000
10,period,5025024,50227,space_invaders,freeway,10,4.0,25000
10,period,5050112,50351,space_invaders,breakout,1,6.0,648
10,period,5050112,50351,space_invaders,breakout,2,5.0,648
10,period,5050112,50351,space_invaders,breakout,3,7.0,648
10,period,5050112,50351,space_invaders,breakout,4,7.0,648
10,period,5050112,50351,space_invaders,breakout,5,5.0,648
10,period,5050112,50351,space_invaders,breakout,6,6.0,648
10,period,5050112,50351,space_invaders,breakout,7,3.0,648
10,period,5050112,50351,space_invaders,breakout,8,5.0,648
10,period,5050112,50351,space_invaders,breakout,9,6.0,648
10,period,5050112,50351,space_invaders,breakout,10,5.0,648
10,period,5050112,50351,space_invaders,space_invaders,1,23.0,2121
10,period,5050112,50351,space_invaders,space_invaders,2,12.0,2121
10,period,5050112,50351,space_invaders,space_invaders,3,15.0,2121
10,period,5050112,50351,space_invaders,space_invaders,4,35.0,2121
10,period,5050112,50351,space_invaders,space_invaders,5,45.0,2121
10,period,5050112,50351,space_invaders,space_invaders,6,17.0,2121
10,period,5050112,50351,space_invaders,space_invaders,7,14.0,2121
10,period,5050112,50351,space_invaders,space_invaders,8,47.0,2121
10,period,5050112,50351,space_invaders,space_invaders,9,38.0,2121
10,period,5050112,50351,space_invaders,space_invaders,10,36.0,2121
10,period,5050112,50351,space_invaders,freeway,1,0.0,25000
10,period,5050112,50351,space_invaders,freeway,2,0.0,25000
10,period,5050112,50351,space_invaders,freeway,3,0.0,25000
10,period,5050112,50351,space_invaders,freeway,4,0.0,25000
10,period,5050112,50351,space_invaders,freeway,5,1.0,25000
10,period,5050112,50351,space_invaders,freeway,6,1.0,25000
10,period,5050112,50351,space_invaders,freeway,7,1.0,25000
10,period,5050112,50351,space_invaders,freeway,8,0.0,25000
10,period,5050112,50351,space_invaders,freeway,9,1.0,25000
10,period,5050112,50351,space_invaders,freeway,10,1.0,25000
10,period,5075200,50449,space_invaders,breakout,1,5.0,650
10,period,5075200,50449,space_invaders,breakout,2,6.0,650
10,period,5075200,50449,space_invaders,breakout,3,5.0,650
10,period,5075200,50449,space_invaders,breakout,4,6.0,650
10,period,5075200,50449,space_invaders,breakout,5,6.0,650
10,period,5075200,50449,space_invaders,breakout,6,6.0,650
10,period,5075200,50449,space_invaders,breakout,7,5.0,650
10,period,5075200,50449,space_invaders,breakout,8,5.0,650
10,period,5075200,50449,space_invaders,breakout,9,6.0,650
10,period,5075200,50449,space_invaders,breakout,10,5.0,650
10,period,5075200,50449,space_invaders,space_invaders,1,71.0,3320
10,period,5075200,50449,space_invaders,space_invaders,2,7.0,3320
10,period,5075200,50449,space_invaders,space_invaders,3,50.0,3320
10,period,5075200,50449,space_invaders,space_invaders,4,21.0,3320
10,period,5075200,50449,space_invaders,space_invaders,5,43.0,3320
10,period,5075200,50449,space_invaders,space_invaders,6,26.0,3320
10,period,5075200,50449,space_invaders,space_invaders,7,47.0,3320
10,period,5075200,50449,space_invaders,space_invaders,8,37.0,3320
10,period,5075200,50449,space_invaders,space_invaders,9,58.0,3320
10,period,5075200,50449,space_invaders,space_invaders,10,27.0,3320
10,period,5075200,50449,space_invaders,freeway,1,0.0,25000
10,period,5075200,50449,space_invaders,freeway,2,1.0,25000
10,period,5075200,50449,space_invaders,freeway,3,0.0,25000
10,period,5075200,50449,space_invaders,freeway,4,2.0,25000
10,period,5075200,50449,space_invaders,freeway,5,0.0,25000
10,period,5075200,50449,space_invaders,freeway,6,0.0,25000
10,period,5075200,50449,space_invaders,freeway,7,0.0,25000
10,period,5075200,50449,space_invaders,freeway,8,0.0,25000
10,period,5075200,50449,space_invaders,freeway,9,0.0,25000
10,period,5075200,50449,space_invaders,freeway,10,1.0,25000
10,period,5100032,50534,space_invaders,breakout,1,6.0,628
10,period,5100032,50534,space_invaders,breakout,2,6.0,628
10,period,5100032,50534,space_invaders,breakout,3,5.0,628
10,period,5100032,50534,space_invaders,breakout,4,5.0,628
10,period,5100032,50534,space_invaders,breakout,5,6.0,628
10,period,5100032,50534,space_invaders,breakout,6,5.0,628
10,period,5100032,50534,space_invaders,breakout,7,3.0,628
10,period,5100032,50534,space_invaders,breakout,8,6.0,628
10,period,5100032,50534,space_invaders,breakout,9,6.0,628
10,period,5100032,50534,space_invaders,breakout,10,5.0,628
10,period,5100032,50534,space_invaders,space_invaders,1,71.0,3955
10,period,5100032,50534,space_invaders,space_invaders,2,31.0,3955
10,period,5100032,50534,space_invaders,space_invaders,3,66.0,3955
10,period,5100032,50534,space_invaders,space_invaders,4,35.0,3955
10,period,5100032,50534,space_invaders,space_invaders,5,37.0,3955
10,period,5100032,50534,space_invaders,space_invaders,6,67.0,3955
10,period,5100032,50534,space_invaders,space_invaders,7,62.0,3955
10,period,5100032,50534,space_invaders,space_invaders,8,70.0,3955
10,period,5100032,50534,space_invaders,space_invaders,9,12.0,3955
10,period,5100032,50534,space_invaders,space_invaders,10,23.0,3955
10,period,5100032,50534,space_invaders,freeway,1,0.0,25000
10,period,5100032,50534,space_invaders,freeway,2,1.0,25000
10,period,5100032,50534,space_invaders,freeway,3,0.0,25000
10,period,5100032,50534,space_invaders,freeway,4,0.0,25000
10,period,5100032,50534,space_invaders,freeway,5,0.0,25000
10,period,5100032,50534,space_invaders,freeway,6,0.0,25000
10,period,5100032,50534,space_invaders,freeway,7,2.0,25000
10,period,5100032,50534,space_invaders,freeway,8,1.0,25000
10,period,5100032,50534,space_invaders,freeway,9,1.0,25000
10,period,5100032,50534,space_invaders,freeway,10,1.0,25000
10,period,5125120,50607,space_invaders,breakout,1,5.0,646
10,period,5125120,50607,space_invaders,breakout,2,5.0,646
10,period,5125120,50607,space_invaders,breakout,3,5.0,646
10,period,5125120,50607,space_invaders,breakout,4,5.0,646
10,period,5125120,50607,space_invaders,breakout,5,5.0,646
10,period,5125120,50607,space_invaders,breakout,6,6.0,646
10,period,5125120,50607,space_invaders,breakout,7,5.0,646
10,period,5125120,50607,space_invaders,breakout,8,6.0,646
10,period,5125120,50607,space_invaders,breakout,9,6.0,646
10,period,5125120,50607,space_invaders,breakout,10,6.0,646
10,period,5125120,50607,space_invaders,space_invaders,1,23.0,2899
10,period,5125120,50607,space_invaders,space_invaders,2,25.0,2899
10,period,5125120,50607,space_invaders,space_invaders,3,47.0,2899
10,period,5125120,50607,space_invaders,space_invaders,4,32.0,2899
10,period,5125120,50607,space_invaders,space_invaders,5,26.0,2899
10,period,5125120,50607,space_invaders,space_invaders,6,46.0,2899
10,period,5125120,50607,space_invaders,space_invaders,7,55.0,2899
10,period,5125120,50607,space_invaders,space_invaders,8,24.0,2899
10,period,5125120,50607,space_invaders,space_invaders,9,46.0,2899
10,period,5125120,50607,space_invaders,space_invaders,10,32.0,2899
10,period,5125120,50607,space_invaders,freeway,1,0.0,25000
10,period,5125120,50607,space_invaders,freeway,2,1.0,25000
10,period,5125120,50607,space_invaders,freeway,3,0.0,25000
10,period,5125120,50607,space_invaders,freeway,4,0.0,25000
10,period,5125120,50607,space_invaders,freeway,5,0.0,25000
10,period,5125120,50607,space_invaders,freeway,6,0.0,25000
10,period,5125120,50607,space_invaders,freeway,7,1.0,25000
10,period,5125120,50607,space_invaders,freeway,8,0.0,25000
10,period,5125120,50607,space_invaders,freeway,9,1.0,25000
10,period,5125120,50607,space_invaders,freeway,10,0.0,25000
10,period,5150208,50701,space_invaders,breakout,1,6.0,662
10,period,5150208,50701,space_invaders,breakout,2,5.0,662
10,period,5150208,50701,space_invaders,breakout,3,6.0,662
10,period,5150208,50701,space_invaders,breakout,4,6.0,662
10,period,5150208,50701,space_invaders,breakout,5,5.0,662
10,period,5150208,50701,space_invaders,breakout,6,5.0,662
10,period,5150208,50701,space_invaders,breakout,7,6.0,662
10,period,5150208,50701,space_invaders,breakout,8,6.0,662
10,period,5150208,50701,space_invaders,breakout,9,5.0,662
10,period,5150208,50701,space_invaders,breakout,10,5.0,662
10,period,5150208,50701,space_invaders,space_invaders,1,17.0,4125
10,period,5150208,50701,space_invaders,space_invaders,2,39.0,4125
10,period,5150208,50701,space_invaders,space_invaders,3,9.0,4125
10,period,5150208,50701,space_invaders,space_invaders,4,149.0,4125
10,period,5150208,50701,space_invaders,space_invaders,5,130.0,4125
10,period,5150208,50701,space_invaders,space_invaders,6,58.0,4125
10,period,5150208,50701,space_invaders,space_invaders,7,34.0,4125
10,period,5150208,50701,space_invaders,space_invaders,8,19.0,4125
10,period,5150208,50701,space_invaders,space_invaders,9,44.0,4125
10,period,5150208,50701,space_invaders,space_invaders,10,12.0,4125
10,period,5150208,50701,space_invaders,freeway,1,0.0,25000
10,period,5150208,50701,space_invaders,freeway,2,2.0,25000
10,period,5150208,50701,space_invaders,freeway,3,0.0,25000
10,period,5150208,50701,space_invaders,freeway,4,2.0,25000
10,period,5150208,50701,space_invaders,freeway,5,0.0,25000
10,period,5150208,50701,space_invaders,freeway,6,0.0,25000
10,period,5150208,50701,space_invaders,freeway,7,0.0,25000
10,period,5150208,50701,space_invaders,freeway,8,0.0,25000
10,period,5150208,50701,space_invaders,freeway,9,0.0,25000
10,period,5150208,50701,space_invaders,freeway,10,0.0,25000
10,period,5175040,50771,space_invaders,breakout,1,7.0,626
10,period,5175040,50771,space_invaders,breakout,2,6.0,626
10,period,5175040,50771,space_invaders,breakout,3,6.0,626
10,period,5175040,50771,space_invaders,breakout,4,6.0,626
10,period,5175040,50771,space_invaders,breakout,5,6.0,626
10,period,5175040,50771,space_invaders,breakout,6,5.0,626
10,period,5175040,50771,space_invaders,breakout,7,1.0,626
10,period,5175040,50771,space_invaders,breakout,8,6.0,626
10,period,5175040,50771,space_invaders,breakout,9,5.0,626
10,period,5175040,50771,space_invaders,breakout,10,5.0,626
10,period,5175040,50771,space_invaders,space_invaders,1,36.0,3166
10,period,5175040,50771,space_invaders,space_invaders,2,53.0,3166
10,period,5175040,50771,space_invaders,space_invaders,3,59.0,3166
10,period,5175040,50771,space_invaders,space_invaders,4,83.0,3166
10,period,5175040,50771,space_invaders,space_invaders,5,38.0,3166
10,period,5175040,50771,space_invaders,space_invaders,6,24.0,3166
10,period,5175040,50771,space_invaders,space_invaders,7,17.0,3166
10,period,5175040,50771,space_invaders,space_invaders,8,24.0,3166
10,period,5175040,50771,space_invaders,space_invaders,9,83.0,3166
10,period,5175040,50771,space_invaders,space_invaders,10,15.0,3166
10,period,5175040,50771,space_invaders,freeway,1,0.0,25000
10,period,5175040,50771,space_invaders,freeway,2,1.0,25000
10,period,5175040,50771,space_invaders,freeway,3,0.0,25000
10,period,5175040,50771,space_invaders,freeway,4,0.0,25000
10,period,5175040,50771,space_invaders,freeway,5,0.0,25000
10,period,5175040,50771,space_invaders,freeway,6,0.0,25000
10,period,5175040,50771,space_invaders,freeway,7,0.0,25000
10,period,5175040,50771,space_invaders,freeway,8,0.0,25000
10,period,5175040,50771,space_invaders,freeway,9,0.0,25000
10,period,5175040,50771,space_invaders,freeway,10,0.0,25000
10,period,5200128,50851,space_invaders,breakout,1,6.0,650
10,period,5200128,50851,space_invaders,breakout,2,5.0,650
10,period,5200128,50851,space_invaders,breakout,3,5.0,650
10,period,5200128,50851,space_invaders,breakout,4,6.0,650
10,period,5200128,50851,space_invaders,breakout,5,5.0,650
10,period,5200128,50851,space_invaders,breakout,6,5.0,650
10,period,5200128,50851,space_invaders,breakout,7,5.0,650
10,period,5200128,50851,space_invaders,breakout,8,6.0,650
10,period,5200128,50851,space_invaders,breakout,9,6.0,650
10,period,5200128,50851,space_invaders,breakout,10,5.0,650
10,period,5200128,50851,space_invaders,space_invaders,1,13.0,1783
10,period,5200128,50851,space_invaders,space_invaders,2,19.0,1783
10,period,5200128,50851,space_invaders,space_invaders,3,51.0,1783
10,period,5200128,50851,space_invaders,space_invaders,4,32.0,1783
10,period,5200128,50851,space_invaders,space_invaders,5,47.0,1783
10,period,5200128,50851,space_invaders,space_invaders,6,8.0,1783
10,period,5200128,50851,space_invaders,space_invaders,7,18.0,1783
10,period,5200128,50851,space_invaders,space_invaders,8,14.0,1783
10,period,5200128,50851,space_invaders,space_invaders,9,21.0,1783
10,period,5200128,50851,space_invaders,space_invaders,10,23.0,1783
10,period,5200128,50851,space_invaders,freeway,1,0.0,25000
10,period,5200128,50851,space_invaders,freeway,2,0.0,25000
10,period,5200128,50851,space_invaders,freeway,3,0.0,25000
10,period,5200128,50851,space_invaders,freeway,4,0.0,25000
10,period,5200128,50851,space_invaders,freeway,5,0.0,25000
10,period,5200128,50851,space_invaders,freeway,6,0.0,25000
10,period,5200128,50851,space_invaders,freeway,7,1.0,25000
10,period,5200128,50851,space_invaders,freeway,8,1.0,25000
10,period,5200128,50851,space_invaders,freeway,9,0.0,25000
10,period,5200128,50851,space_invaders,freeway,10,0.0,25000
10,period,5225216,50964,space_invaders,breakout,1,6.0,660
10,period,5225216,50964,space_invaders,breakout,2,6.0,660
10,period,5225216,50964,space_invaders,breakout,3,5.0,660
10,period,5225216,50964,space_invaders,breakout,4,5.0,660
10,period,5225216,50964,space_invaders,breakout,5,6.0,660
10,period,5225216,50964,space_invaders,breakout,6,5.0,660
10,period,5225216,50964,space_invaders,breakout,7,5.0,660
10,period,5225216,50964,space_invaders,breakout,8,6.0,660
10,period,5225216,50964,space_invaders,breakout,9,6.0,660
10,period,5225216,50964,space_invaders,breakout,10,6.0,660
10,period,5225216,50964,space_invaders,space_invaders,1,15.0,1981
10,period,5225216,50964,space_invaders,space_invaders,2,25.0,1981
10,period,5225216,50964,space_invaders,space_invaders,3,14.0,1981
10,period,5225216,50964,space_invaders,space_invaders,4,83.0,1981
10,period,5225216,50964,space_invaders,space_invaders,5,21.0,1981
10,period,5225216,50964,space_invaders,space_invaders,6,33.0,1981
10,period,5225216,50964,space_invaders,space_invaders,7,15.0,1981
10,period,5225216,50964,space_invaders,space_invaders,8,23.0,1981
10,period,5225216,50964,space_invaders,space_invaders,9,33.0,1981
10,period,5225216,50964,space_invaders,space_invaders,10,16.0,1981
10,period,5225216,50964,space_invaders,freeway,1,0.0,25000
10,period,5225216,50964,space_invaders,freeway,2,3.0,25000
10,period,5225216,50964,space_invaders,freeway,3,0.0,25000
10,period,5225216,50964,space_invaders,freeway,4,0.0,25000
10,period,5225216,50964,space_invaders,freeway,5,0.0,25000
10,period,5225216,50964,space_invaders,freeway,6,0.0,25000
10,period,5225216,50964,space_invaders,freeway,7,1.0,25000
10,period,5225216,50964,space_invaders,freeway,8,2.0,25000
10,period,5225216,50964,space_invaders,freeway,9,0.0,25000
10,period,5225216,50964,space_invaders,freeway,10,1.0,25000
10,period,5250048,51052,space_invaders,breakout,1,6.0,650
10,period,5250048,51052,space_invaders,breakout,2,5.0,650
10,period,5250048,51052,space_invaders,breakout,3,5.0,650
10,period,5250048,51052,space_invaders,breakout,4,5.0,650
10,period,5250048,51052,space_invaders,breakout,5,6.0,650
10,period,5250048,51052,space_invaders,breakout,6,5.0,650
10,period,5250048,51052,space_invaders,breakout,7,6.0,650
10,period,5250048,51052,space_invaders,breakout,8,6.0,650
10,period,5250048,51052,space_invaders,breakout,9,5.0,650
10,period,5250048,51052,space_invaders,breakout,10,6.0,650
10,period,5250048,51052,space_invaders,space_invaders,1,17.0,2148
10,period,5250048,51052,space_invaders,space_invaders,2,32.0,2148
10,period,5250048,51052,space_invaders,space_invaders,3,33.0,2148
10,period,5250048,51052,space_invaders,space_invaders,4,31.0,2148
10,period,5250048,51052,space_invaders,space_invaders,5,34.0,2148
10,period,5250048,51052,space_invaders,space_invaders,6,34.0,2148
10,period,5250048,51052,space_invaders,space_invaders,7,38.0,2148
10,period,5250048,51052,space_invaders,space_invaders,8,34.0,2148
10,period,5250048,51052,space_invaders,space_invaders,9,35.0,2148
10,period,5250048,51052,space_invaders,space_invaders,10,13.0,2148
10,period,5250048,51052,space_invaders,freeway,1,1.0,25000
10,period,5250048,51052,space_invaders,freeway,2,0.0,25000
10,period,5250048,51052,space_invaders,freeway,3,1.0,25000
10,period,5250048,51052,space_invaders,freeway,4,1.0,25000
10,period,5250048,51052,space_invaders,freeway,5,1.0,25000
10,period,5250048,51052,space_invaders,freeway,6,0.0,25000
10,period,5250048,51052,space_invaders,freeway,7,0.0,25000
10,period,5250048,51052,space_invaders,freeway,8,0.0,25000
10,period,5250048,51052,space_invaders,freeway,9,0.0,25000
10,period,5250048,51052,space_invaders,freeway,10,2.0,25000
10,period,5275136,51137,space_invaders,breakout,1,5.0,660
10,period,5275136,51137,space_invaders,breakout,2,6.0,660
10,period,5275136,51137,space_invaders,breakout,3,6.0,660
10,period,5275136,51137,space_invaders,breakout,4,5.0,660
10,period,5275136,51137,space_invaders,breakout,5,5.0,660
10,period,5275136,51137,space_invaders,breakout,6,6.0,660
10,period,5275136,51137,space_invaders,breakout,7,6.0,660
10,period,5275136,51137,space_invaders,breakout,8,6.0,660
10,period,5275136,51137,space_invaders,breakout,9,5.0,660
10,period,5275136,51137,space_invaders,breakout,10,6.0,660
10,period,5275136,51137,space_invaders,space_invaders,1,163.0,3764
10,period,5275136,51137,space_invaders,space_invaders,2,34.0,3764
10,period,5275136,51137,space_invaders,space_invaders,3,32.0,3764
10,period,5275136,51137,space_invaders,space_invaders,4,26.0,3764
10,period,5275136,51137,space_invaders,space_invaders,5,18.0,3764
10,period,5275136,51137,space_invaders,space_invaders,6,16.0,3764
10,period,5275136,51137,space_invaders,space_invaders,7,37.0,3764
10,period,5275136,51137,space_invaders,space_invaders,8,27.0,3764
10,period,5275136,51137,space_invaders,space_invaders,9,80.0,3764
10,period,5275136,51137,space_invaders,space_invaders,10,47.0,3764
10,period,5275136,51137,space_invaders,freeway,1,0.0,25000
10,period,5275136,51137,space_invaders,freeway,2,2.0,25000
10,period,5275136,51137,space_invaders,freeway,3,2.0,25000
10,period,5275136,51137,space_invaders,freeway,4,0.0,25000
10,period,5275136,51137,space_invaders,freeway,5,0.0,25000
10,period,5275136,51137,space_invaders,freeway,6,0.0,25000
10,period,5275136,51137,space_invaders,freeway,7,1.0,25000
10,period,5275136,51137,space_invaders,freeway,8,0.0,25000
10,period,5275136,51137,space_invaders,freeway,9,1.0,25000
10,period,5275136,51137,space_invaders,freeway,10,1.0,25000
10,period,5300224,51216,space_invaders,breakout,1,6.0,626
10,period,5300224,51216,space_invaders,breakout,2,6.0,626
10,period,5300224,51216,space_invaders,breakout,3,6.0,626
10,period,5300224,51216,space_invaders,breakout,4,5.0,626
10,period,5300224,51216,space_invaders,breakout,5,1.0,626
10,period,5300224,51216,space_invaders,breakout,6,6.0,626
10,period,5300224,51216,space_invaders,breakout,7,5.0,626
10,period,5300224,51216,space_invaders,breakout,8,6.0,626
10,period,5300224,51216,space_invaders,breakout,9,5.0,626
10,period,5300224,51216,space_invaders,breakout,10,7.0,626
10,period,5300224,51216,space_invaders,space_invaders,1,11.0,1720
10,period,5300224,51216,space_invaders,space_invaders,2,15.0,1720
10,period,5300224,51216,space_invaders,space_invaders,3,21.0,1720
10,period,5300224,51216,space_invaders,space_invaders,4,29.0,1720
10,period,5300224,51216,space_invaders,space_invaders,5,57.0,1720
10,period,5300224,51216,space_invaders,space_invaders,6,17.0,1720
10,period,5300224,51216,space_invaders,space_invaders,7,34.0,1720
10,period,5300224,51216,space_invaders,space_invaders,8,22.0,1720
10,period,5300224,51216,space_invaders,space_invaders,9,22.0,1720
10,period,5300224,51216,space_invaders,space_invaders,10,16.0,1720
10,period,5300224,51216,space_invaders,freeway,1,0.0,25000
10,period,5300224,51216,space_invaders,freeway,2,0.0,25000
10,period,5300224,51216,space_invaders,freeway,3,0.0,25000
10,period,5300224,51216,space_invaders,freeway,4,0.0,25000
10,period,5300224,51216,space_invaders,freeway,5,0.0,25000
10,period,5300224,51216,space_invaders,freeway,6,0.0,25000
10,period,5300224,51216,space_invaders,freeway,7,0.0,25000
10,period,5300224,51216,space_invaders,freeway,8,0.0,25000
10,period,5300224,51216,space_invaders,freeway,9,0.0,25000
10,period,5300224,51216,space_invaders,freeway,10,0.0,25000
10,period,5325056,51327,space_invaders,breakout,1,7.0,614
10,period,5325056,51327,space_invaders,breakout,2,6.0,614
10,period,5325056,51327,space_invaders,breakout,3,6.0,614
10,period,5325056,51327,space_invaders,breakout,4,6.0,614
10,period,5325056,51327,space_invaders,breakout,5,5.0,614
10,period,5325056,51327,space_invaders,breakout,6,4.0,614
10,period,5325056,51327,space_invaders,breakout,7,5.0,614
10,period,5325056,51327,space_invaders,breakout,8,7.0,614
10,period,5325056,51327,space_invaders,breakout,9,6.0,614
10,period,5325056,51327,space_invaders,breakout,10,0.0,614
10,period,5325056,51327,space_invaders,space_invaders,1,19.0,2162
10,period,5325056,51327,space_invaders,space_invaders,2,36.0,2162
10,period,5325056,51327,space_invaders,space_invaders,3,24.0,2162
10,period,5325056,51327,space_invaders,space_invaders,4,56.0,2162
10,period,5325056,51327,space_invaders,space_invaders,5,12.0,2162
10,period,5325056,51327,space_invaders,space_invaders,6,14.0,2162
10,period,5325056,51327,space_invaders,space_invaders,7,69.0,2162
10,period,5325056,51327,space_invaders,space_invaders,8,31.0,2162
10,period,5325056,51327,space_invaders,space_invaders,9,22.0,2162
10,period,5325056,51327,space_invaders,space_invaders,10,15.0,2162
10,period,5325056,51327,space_invaders,freeway,1,0.0,25000
10,period,5325056,51327,space_invaders,freeway,2,0.0,25000
10,period,5325056,51327,space_invaders,freeway,3,2.0,25000
10,period,5325056,51327,space_invaders,freeway,4,0.0,25000
10,period,5325056,51327,space_invaders,freeway,5,1.0,25000
10,period,5325056,51327,space_invaders,freeway,6,0.0,25000
10,period,5325056,51327,space_invaders,freeway,7,2.0,25000
10,period,5325056,51327,space_invaders,freeway,8,0.0,25000
10,period,5325056,51327,space_invaders,freeway,9,1.0,25000
10,period,5325056,51327,space_invaders,freeway,10,0.0,25000
10,period,5350144,51419,space_invaders,breakout,1,5.0,660
10,period,5350144,51419,space_invaders,breakout,2,6.0,660
10,period,5350144,51419,space_invaders,breakout,3,5.0,660
10,period,5350144,51419,space_invaders,breakout,4,6.0,660
10,period,5350144,51419,space_invaders,breakout,5,6.0,660
10,period,5350144,51419,space_invaders,breakout,6,6.0,660
10,period,5350144,51419,space_invaders,breakout,7,5.0,660
10,period,5350144,51419,space_invaders,breakout,8,5.0,660
10,period,5350144,51419,space_invaders,breakout,9,6.0,660
10,period,5350144,51419,space_invaders,breakout,10,6.0,660
10,period,5350144,51419,space_invaders,space_invaders,1,15.0,2450
10,period,5350144,51419,space_invaders,space_invaders,2,29.0,2450
10,period,5350144,51419,space_invaders,space_invaders,3,15.0,2450
10,period,5350144,51419,space_invaders,space_invaders,4,12.0,2450
10,period,5350144,51419,space_invaders,space_invaders,5,46.0,2450
10,period,5350144,51419,space_invaders,space_invaders,6,58.0,2450
10,period,5350144,51419,space_invaders,space_invaders,7,61.0,2450
10,period,5350144,51419,space_invaders,space_invaders,8,15.0,2450
10,period,5350144,51419,space_invaders,space_invaders,9,65.0,2450
10,period,5350144,51419,space_invaders,space_invaders,10,39.0,2450
10,period,5350144,51419,space_invaders,freeway,1,1.0,25000
10,period,5350144,51419,space_invaders,freeway,2,2.0,25000
10,period,5350144,51419,space_invaders,freeway,3,3.0,25000
10,period,5350144,51419,space_invaders,freeway,4,0.0,25000
10,period,5350144,51419,space_invaders,freeway,5,1.0,25000
10,period,5350144,51419,space_invaders,freeway,6,0.0,25000
10,period,5350144,51419,space_invaders,freeway,7,1.0,25000
10,period,5350144,51419,space_invaders,freeway,8,0.0,25000
10,period,5350144,51419,space_invaders,freeway,9,0.0,25000
10,period,5350144,51419,space_invaders,freeway,10,0.0,25000
10,period,5375232,51503,space_invaders,breakout,1,5.0,668
10,period,5375232,51503,space_invaders,breakout,2,6.0,668
10,period,5375232,51503,space_invaders,breakout,3,6.0,668
10,period,5375232,51503,space_invaders,breakout,4,5.0,668
10,period,5375232,51503,space_invaders,breakout,5,5.0,668
10,period,5375232,51503,space_invaders,breakout,6,6.0,668
10,period,5375232,51503,space_invaders,breakout,7,6.0,668
10,period,5375232,51503,space_invaders,breakout,8,6.0,668
10,period,5375232,51503,space_invaders,breakout,9,6.0,668
10,period,5375232,51503,space_invaders,breakout,10,6.0,668
10,period,5375232,51503,space_invaders,space_invaders,1,20.0,2832
10,period,5375232,51503,space_invaders,space_invaders,2,39.0,2832
10,period,5375232,51503,space_invaders,space_invaders,3,27.0,2832
10,period,5375232,51503,space_invaders,space_invaders,4,80.0,2832
10,period,5375232,51503,space_invaders,space_invaders,5,32.0,2832
10,period,5375232,51503,space_invaders,space_invaders,6,70.0,2832
10,period,5375232,51503,space_invaders,space_invaders,7,23.0,2832
10,period,5375232,51503,space_invaders,space_invaders,8,19.0,2832
10,period,5375232,51503,space_invaders,space_invaders,9,67.0,2832
10,period,5375232,51503,space_invaders,space_invaders,10,30.0,2832
10,period,5375232,51503,space_invaders,freeway,1,1.0,25000
10,period,5375232,51503,space_invaders,freeway,2,0.0,25000
10,period,5375232,51503,space_invaders,freeway,3,0.0,25000
10,period,5375232,51503,space_invaders,freeway,4,0.0,25000
10,period,5375232,51503,space_invaders,freeway,5,0.0,25000
10,period,5375232,51503,space_invaders,freeway,6,0.0,25000
10,period,5375232,51503,space_invaders,freeway,7,1.0,25000
10,period,5375232,51503,space_invaders,freeway,8,1.0,25000
10,period,5375232,51503,space_invaders,freeway,9,0.0,25000
10,period,5375232,51503,space_invaders,freeway,10,0.0,25000
10,period,5400064,51580,space_invaders,breakout,1,5.0,638
10,period,5400064,51580,space_invaders,breakout,2,5.0,638
10,period,5400064,51580,space_invaders,breakout,3,3.0,638
10,period,5400064,51580,space_invaders,breakout,4,6.0,638
10,period,5400064,51580,space_invaders,breakout,5,5.0,638
10,period,5400064,51580,space_invaders,breakout,6,6.0,638
10,period,5400064,51580,space_invaders,breakout,7,6.0,638
10,period,5400064,51580,space_invaders,breakout,8,6.0,638
10,period,5400064,51580,space_invaders,breakout,9,6.0,638
10,period,5400064,51580,space_invaders,breakout,10,6.0,638
10,period,5400064,51580,space_invaders,space_invaders,1,35.0,3709
10,period,5400064,51580,space_invaders,space_invaders,2,17.0,3709
10,period,5400064,51580,space_invaders,space_invaders,3,39.0,3709
10,period,5400064,51580,space_invaders,space_invaders,4,19.0,3709
10,period,5400064,51580,space_invaders,space_invaders,5,97.0,3709
10,period,5400064,51580,space_invaders,space_invaders,6,49.0,3709
10,period,5400064,51580,space_invaders,space_invaders,7,87.0,3709
10,period,5400064,51580,space_invaders,space_invaders,8,37.0,3709
10,period,5400064,51580,space_invaders,space_invaders,9,74.0,3709
10,period,5400064,51580,space_invaders,space_invaders,10,51.0,3709
10,period,5400064,51580,space_invaders,freeway,1,0.0,25000
10,period,5400064,51580,space_invaders,freeway,2,0.0,25000
10,period,5400064,51580,space_invaders,freeway,3,1.0,25000
10,period,5400064,51580,space_invaders,freeway,4,0.0,25000
10,period,5400064,51580,space_invaders,freeway,5,1.0,25000
10,period,5400064,51580,space_invaders,freeway,6,1.0,25000
10,period,5400064,51580,space_invaders,freeway,7,0.0,25000
10,period,5400064,51580,space_invaders,freeway,8,0.0,25000
10,period,5400064,51580,space_invaders,freeway,9,0.0,25000
10,period,5400064,51580,space_invaders,freeway,10,0.0,25000
10,period,5425152,51654,space_invaders,breakout,1,5.0,640
10,period,5425152,51654,space_invaders,breakout,2,6.0,640
10,period,5425152,51654,space_invaders,breakout,3,5.0,640
10,period,5425152,51654,space_invaders,breakout,4,5.0,640
10,period,5425152,51654,space_invaders,breakout,5,6.0,640
10,period,5425152,51654,space_invaders,breakout,6,5.0,640
10,period,5425152,51654,space_invaders,breakout,7,6.0,640
10,period,5425152,51654,space_invaders,breakout,8,5.0,640
10,period,5425152,51654,space_invaders,breakout,9,5.0,640
10,period,5425152,51654,space_invaders,breakout,10,6.0,640
10,period,5425152,51654,space_invaders,space_invaders,1,57.0,3164
10,period,5425152,51654,space_invaders,space_invaders,2,45.0,3164
10,period,5425152,51654,space_invaders,space_invaders,3,46.0,3164
10,period,5425152,51654,space_invaders,space_invaders,4,71.0,3164
10,period,5425152,51654,space_invaders,space_invaders,5,30.0,3164
10,period,5425152,51654,space_invaders,space_invaders,6,23.0,3164
10,period,5425152,51654,space_invaders,space_invaders,7,37.0,3164
10,period,5425152,51654,space_invaders,space_invaders,8,34.0,3164
10,period,5425152,51654,space_invaders,space_invaders,9,47.0,3164
10,period,5425152,51654,space_invaders,space_invaders,10,23.0,3164
10,period,5425152,51654,space_invaders,freeway,1,0.0,25000
10,period,5425152,51654,space_invaders,freeway,2,1.0,25000
10,period,5425152,51654,space_invaders,freeway,3,1.0,25000
10,period,5425152,51654,space_invaders,freeway,4,0.0,25000
10,period,5425152,51654,space_invaders,freeway,5,0.0,25000
10,period,5425152,51654,space_invaders,freeway,6,1.0,25000
10,period,5425152,51654,space_invaders,freeway,7,1.0,25000
10,period,5425152,51654,space_invaders,freeway,8,0.0,25000
10,period,5425152,51654,space_invaders,freeway,9,1.0,25000
10,period,5425152,51654,space_invaders,freeway,10,0.0,25000
10,period,5450240,51732,space_invaders,breakout,1,6.0,630
10,period,5450240,51732,space_invaders,breakout,2,6.0,630
10,period,5450240,51732,space_invaders,breakout,3,5.0,630
10,period,5450240,51732,space_invaders,breakout,4,5.0,630
10,period,5450240,51732,space_invaders,breakout,5,5.0,630
10,period,5450240,51732,space_invaders,breakout,6,5.0,630
10,period,5450240,51732,space_invaders,breakout,7,5.0,630
10,period,5450240,51732,space_invaders,breakout,8,6.0,630
10,period,5450240,51732,space_invaders,breakout,9,5.0,630
10,period,5450240,51732,space_invaders,breakout,10,5.0,630
10,period,5450240,51732,space_invaders,space_invaders,1,29.0,2350
10,period,5450240,51732,space_invaders,space_invaders,2,35.0,2350
10,period,5450240,51732,space_invaders,space_invaders,3,22.0,2350
10,period,5450240,51732,space_invaders,space_invaders,4,14.0,2350
10,period,5450240,51732,space_invaders,space_invaders,5,17.0,2350
10,period,5450240,51732,space_invaders,space_invaders,6,49.0,2350
10,period,5450240,51732,space_invaders,space_invaders,7,53.0,2350
10,period,5450240,51732,space_invaders,space_invaders,8,39.0,2350
10,period,5450240,51732,space_invaders,space_invaders,9,62.0,2350
10,period,5450240,51732,space_invaders,space_invaders,10,15.0,2350
10,period,5450240,51732,space_invaders,freeway,1,0.0,25000
10,period,5450240,51732,space_invaders,freeway,2,0.0,25000
10,period,5450240,51732,space_invaders,freeway,3,0.0,25000
10,period,5450240,51732,space_invaders,freeway,4,0.0,25000
10,period,5450240,51732,space_invaders,freeway,5,1.0,25000
10,period,5450240,51732,space_invaders,freeway,6,1.0,25000
10,period,5450240,51732,space_invaders,freeway,7,0.0,25000
10,period,5450240,51732,space_invaders,freeway,8,0.0,25000
10,period,5450240,51732,space_invaders,freeway,9,0.0,25000
10,period,5450240,51732,space_invaders,freeway,10,0.0,25000
10,period,5475072,51812,space_invaders,breakout,1,5.0,660
10,period,5475072,51812,space_invaders,breakout,2,6.0,660
10,period,5475072,51812,space_invaders,breakout,3,5.0,660
10,period,5475072,51812,space_invaders,breakout,4,6.0,660
10,period,5475072,51812,space_invaders,breakout,5,6.0,660
10,period,5475072,51812,space_invaders,breakout,6,6.0,660
10,period,5475072,51812,space_invaders,breakout,7,5.0,660
10,period,5475072,51812,space_invaders,breakout,8,6.0,660
10,period,5475072,51812,space_invaders,breakout,9,5.0,660
10,period,5475072,51812,space_invaders,breakout,10,6.0,660
10,period,5475072,51812,space_invaders,space_invaders,1,58.0,2945
10,period,5475072,51812,space_invaders,space_invaders,2,46.0,2945
10,period,5475072,51812,space_invaders,space_invaders,3,33.0,2945
10,period,5475072,51812,space_invaders,space_invaders,4,30.0,2945
10,period,5475072,51812,space_invaders,space_invaders,5,42.0,2945
10,period,5475072,51812,space_invaders,space_invaders,6,46.0,2945
10,period,5475072,51812,space_invaders,space_invaders,7,40.0,2945
10,period,5475072,51812,space_invaders,space_invaders,8,37.0,2945
10,period,5475072,51812,space_invaders,space_invaders,9,32.0,2945
10,period,5475072,51812,space_invaders,space_invaders,10,61.0,2945
10,period,5475072,51812,space_invaders,freeway,1,0.0,25000
10,period,5475072,51812,space_invaders,freeway,2,0.0,25000
10,period,5475072,51812,space_invaders,freeway,3,0.0,25000
10,period,5475072,51812,space_invaders,freeway,4,0.0,25000
10,period,5475072,51812,space_invaders,freeway,5,0.0,25000
10,period,5475072,51812,space_invaders,freeway,6,0.0,25000
10,period,5475072,51812,space_invaders,freeway,7,1.0,25000
10,period,5475072,51812,space_invaders,freeway,8,0.0,25000
10,period,5475072,51812,space_invaders,freeway,9,0.0,25000
10,period,5475072,51812,space_invaders,freeway,10,0.0,25000
11,boundary,5999616,52105,freeway,breakout,1,3.0,622
11,boundary,5999616,52105,freeway,breakout,2,5.0,622
11,boundary,5999616,52105,freeway,breakout,3,5.0,622
11,boundary,5999616,52105,freeway,breakout,4,6.0,622
11,boundary,5999616,52105,freeway,breakout,5,5.0,622
11,boundary,5999616,52105,freeway,breakout,6,5.0,622
11,boundary,5999616,52105,freeway,breakout,7,5.0,622
11,boundary,5999616,52105,freeway,breakout,8,5.0,622
11,boundary,5999616,52105,freeway,breakout,9,6.0,622
11,boundary,5999616,52105,freeway,breakout,10,6.0,622
11,boundary,5999616,52105,freeway,space_invaders,1,52.0,2939
11,boundary,5999616,52105,freeway,space_invaders,2,20.0,2939
11,boundary,5999616,52105,freeway,space_invaders,3,33.0,2939
11,boundary,5999616,52105,freeway,space_invaders,4,71.0,2939
11,boundary,5999616,52105,freeway,space_invaders,5,6.0,2939
11,boundary,5999616,52105,freeway,space_invaders,6,29.0,2939
11,boundary,5999616,52105,freeway,space_invaders,7,69.0,2939
11,boundary,5999616,52105,freeway,space_invaders,8,41.0,2939
11,boundary,5999616,52105,freeway,space_invaders,9,22.0,2939
11,boundary,5999616,52105,freeway,space_invaders,10,32.0,2939
11,boundary,5999616,52105,freeway,freeway,1,24.0,25000
11,boundary,5999616,52105,freeway,freeway,2,20.0,25000
11,boundary,5999616,52105,freeway,freeway,3,20.0,25000
11,boundary,5999616,52105,freeway,freeway,4,31.0,25000
11,boundary,5999616,52105,freeway,freeway,5,21.0,25000
11,boundary,5999616,52105,freeway,freeway,6,30.0,25000
11,boundary,5999616,52105,freeway,freeway,7,25.0,25000
11,boundary,5999616,52105,freeway,freeway,8,15.0,25000
11,boundary,5999616,52105,freeway,freeway,9,25.0,25000
11,boundary,5999616,52105,freeway,freeway,10,23.0,25000
11,period,5500160,51913,freeway,breakout,1,7.0,640
11,period,5500160,51913,freeway,breakout,2,5.0,640
11,period,5500160,51913,freeway,breakout,3,5.0,640
11,period,5500160,51913,freeway,breakout,4,6.0,640
11,period,5500160,51913,freeway,breakout,5,5.0,640
11,period,5500160,51913,freeway,breakout,6,5.0,640
11,period,5500160,51913,freeway,breakout,7,6.0,640
11,period,5500160,51913,freeway,breakout,8,5.0,640
11,period,5500160,51913,freeway,breakout,9,5.0,640
11,period,5500160,51913,freeway,breakout,10,5.0,640
11,period,5500160,51913,freeway,space_invaders,1,57.0,3747
11,period,5500160,51913,freeway,space_invaders,2,33.0,3747
11,period,5500160,51913,freeway,space_invaders,3,73.0,3747
11,period,5500160,51913,freeway,space_invaders,4,60.0,3747
11,period,5500160,51913,freeway,space_invaders,5,76.0,3747
11,period,5500160,51913,freeway,space_invaders,6,44.0,3747
11,period,5500160,51913,freeway,space_invaders,7,46.0,3747
11,period,5500160,51913,freeway,space_invaders,8,36.0,3747
11,period,5500160,51913,freeway,space_invaders,9,98.0,3747
11,period,5500160,51913,freeway,space_invaders,10,15.0,3747
11,period,5500160,51913,freeway,freeway,1,0.0,25000
11,period,5500160,51913,freeway,freeway,2,0.0,25000
11,period,5500160,51913,freeway,freeway,3,2.0,25000
11,period,5500160,51913,freeway,freeway,4,1.0,25000
11,period,5500160,51913,freeway,freeway,5,0.0,25000
11,period,5500160,51913,freeway,freeway,6,0.0,25000
11,period,5500160,51913,freeway,freeway,7,0.0,25000
11,period,5500160,51913,freeway,freeway,8,0.0,25000
11,period,5500160,51913,freeway,freeway,9,0.0,25000
11,period,5500160,51913,freeway,freeway,10,0.0,25000
11,period,5525248,51913,freeway,breakout,1,6.0,650
11,period,5525248,51913,freeway,breakout,2,6.0,650
11,period,5525248,51913,freeway,breakout,3,6.0,650
11,period,5525248,51913,freeway,breakout,4,5.0,650
11,period,5525248,51913,freeway,breakout,5,5.0,650
11,period,5525248,51913,freeway,breakout,6,5.0,650
11,period,5525248,51913,freeway,breakout,7,5.0,650
11,period,5525248,51913,freeway,breakout,8,5.0,650
11,period,5525248,51913,freeway,breakout,9,6.0,650
11,period,5525248,51913,freeway,breakout,10,6.0,650
11,period,5525248,51913,freeway,space_invaders,1,23.0,2980
11,period,5525248,51913,freeway,space_invaders,2,13.0,2980
11,period,5525248,51913,freeway,space_invaders,3,26.0,2980
11,period,5525248,51913,freeway,space_invaders,4,46.0,2980
11,period,5525248,51913,freeway,space_invaders,5,55.0,2980
11,period,5525248,51913,freeway,space_invaders,6,14.0,2980
11,period,5525248,51913,freeway,space_invaders,7,61.0,2980
11,period,5525248,51913,freeway,space_invaders,8,34.0,2980
11,period,5525248,51913,freeway,space_invaders,9,46.0,2980
11,period,5525248,51913,freeway,space_invaders,10,75.0,2980
11,period,5525248,51913,freeway,freeway,1,0.0,25000
11,period,5525248,51913,freeway,freeway,2,0.0,25000
11,period,5525248,51913,freeway,freeway,3,0.0,25000
11,period,5525248,51913,freeway,freeway,4,0.0,25000
11,period,5525248,51913,freeway,freeway,5,0.0,25000
11,period,5525248,51913,freeway,freeway,6,0.0,25000
11,period,5525248,51913,freeway,freeway,7,0.0,25000
11,period,5525248,51913,freeway,freeway,8,0.0,25000
11,period,5525248,51913,freeway,freeway,9,2.0,25000
11,period,5525248,51913,freeway,freeway,10,1.0,25000
11,period,5550080,51929,freeway,breakout,1,7.0,650
11,period,5550080,51929,freeway,breakout,2,5.0,650
11,period,5550080,51929,freeway,breakout,3,5.0,650
11,period,5550080,51929,freeway,breakout,4,5.0,650
11,period,5550080,51929,freeway,breakout,5,5.0,650
11,period,5550080,51929,freeway,breakout,6,5.0,650
11,period,5550080,51929,freeway,breakout,7,6.0,650
11,period,5550080,51929,freeway,breakout,8,5.0,650
11,period,5550080,51929,freeway,breakout,9,6.0,650
11,period,5550080,51929,freeway,breakout,10,6.0,650
11,period,5550080,51929,freeway,space_invaders,1,46.0,2421
11,period,5550080,51929,freeway,space_invaders,2,22.0,2421
11,period,5550080,51929,freeway,space_invaders,3,64.0,2421
11,period,5550080,51929,freeway,space_invaders,4,20.0,2421
11,period,5550080,51929,freeway,space_invaders,5,17.0,2421
11,period,5550080,51929,freeway,space_invaders,6,23.0,2421
11,period,5550080,51929,freeway,space_invaders,7,18.0,2421
11,period,5550080,51929,freeway,space_invaders,8,32.0,2421
11,period,5550080,51929,freeway,space_invaders,9,20.0,2421
11,period,5550080,51929,freeway,space_invaders,10,70.0,2421
11,period,5550080,51929,freeway,freeway,1,1.0,25000
11,period,5550080,51929,freeway,freeway,2,0.0,25000
11,period,5550080,51929,freeway,freeway,3,1.0,25000
11,period,5550080,51929,freeway,freeway,4,0.0,25000
11,period,5550080,51929,freeway,freeway,5,2.0,25000
11,period,5550080,51929,freeway,freeway,6,0.0,25000
11,period,5550080,51929,freeway,freeway,7,1.0,25000
11,period,5550080,51929,freeway,freeway,8,0.0,25000
11,period,5550080,51929,freeway,freeway,9,0.0,25000
11,period,5550080,51929,freeway,freeway,10,0.0,25000
11,period,5575168,51929,freeway,breakout,1,5.0,650
11,period,5575168,51929,freeway,breakout,2,6.0,650
11,period,5575168,51929,freeway,breakout,3,6.0,650
11,period,5575168,51929,freeway,breakout,4,6.0,650
11,period,5575168,51929,freeway,breakout,5,5.0,650
11,period,5575168,51929,freeway,breakout,6,5.0,650
11,period,5575168,51929,freeway,breakout,7,5.0,650
11,period,5575168,51929,freeway,breakout,8,5.0,650
11,period,5575168,51929,freeway,breakout,9,6.0,650
11,period,5575168,51929,freeway,breakout,10,6.0,650
11,period,5575168,51929,freeway,space_invaders,1,22.0,3898
11,period,5575168,51929,freeway,space_invaders,2,30.0,3898
11,period,5575168,51929,freeway,space_invaders,3,22.0,3898
11,period,5575168,51929,freeway,space_invaders,4,157.0,3898
11,period,5575168,51929,freeway,space_invaders,5,29.0,3898
11,period,5575168,51929,freeway,space_invaders,6,47.0,3898
11,period,5575168,51929,freeway,space_invaders,7,76.0,3898
11,period,5575168,51929,freeway,space_invaders,8,37.0,3898
11,period,5575168,51929,freeway,space_invaders,9,35.0,3898
11,period,5575168,51929,freeway,space_invaders,10,70.0,3898
11,period,5575168,51929,freeway,freeway,1,0.0,25000
11,period,5575168,51929,freeway,freeway,2,4.0,25000
11,period,5575168,51929,freeway,freeway,3,2.0,25000
11,period,5575168,51929,freeway,freeway,4,2.0,25000
11,period,5575168,51929,freeway,freeway,5,1.0,25000
11,period,5575168,51929,freeway,freeway,6,3.0,25000
11,period,5575168,51929,freeway,freeway,7,1.0,25000
11,period,5575168,51929,freeway,freeway,8,5.0,25000
11,period,5575168,51929,freeway,freeway,9,3.0,25000
11,period,5575168,51929,freeway,freeway,10,4.0,25000
11,period,5600000,51945,freeway,breakout,1,7.0,640
11,period,5600000,51945,freeway,breakout,2,5.0,640
11,period,5600000,51945,freeway,breakout,3,5.0,640
11,period,5600000,51945,freeway,breakout,4,6.0,640
11,period,5600000,51945,freeway,breakout,5,5.0,640
11,period,5600000,51945,freeway,breakout,6,5.0,640
11,period,5600000,51945,freeway,breakout,7,5.0,640
11,period,5600000,51945,freeway,breakout,8,5.0,640
11,period,5600000,51945,freeway,breakout,9,5.0,640
11,period,5600000,51945,freeway,breakout,10,6.0,640
11,period,5600000,51945,freeway,space_invaders,1,57.0,2457
11,period,5600000,51945,freeway,space_invaders,2,15.0,2457
11,period,5600000,51945,freeway,space_invaders,3,40.0,2457
11,period,5600000,51945,freeway,space_invaders,4,31.0,2457
11,period,5600000,51945,freeway,space_invaders,5,9.0,2457
11,period,5600000,51945,freeway,space_invaders,6,34.0,2457
11,period,5600000,51945,freeway,space_invaders,7,43.0,2457
11,period,5600000,51945,freeway,space_invaders,8,45.0,2457
11,period,5600000,51945,freeway,space_invaders,9,60.0,2457
11,period,5600000,51945,freeway,space_invaders,10,29.0,2457
11,period,5600000,51945,freeway,freeway,1,3.0,25000
11,period,5600000,51945,freeway,freeway,2,4.0,25000
11,period,5600000,51945,freeway,freeway,3,6.0,25000
11,period,5600000,51945,freeway,freeway,4,8.0,25000
11,period,5600000,51945,freeway,freeway,5,2.0,25000
11,period,5600000,51945,freeway,freeway,6,2.0,25000
11,period,5600000,51945,freeway,freeway,7,8.0,25000
11,period,5600000,51945,freeway,freeway,8,3.0,25000
11,period,5600000,51945,freeway,freeway,9,3.0,25000
11,period,5600000,51945,freeway,freeway,10,4.0,25000
11,period,5625088,51961,freeway,breakout,1,6.0,660
11,period,5625088,51961,freeway,breakout,2,7.0,660
11,period,5625088,51961,freeway,breakout,3,6.0,660
11,period,5625088,51961,freeway,breakout,4,5.0,660
11,period,5625088,51961,freeway,breakout,5,5.0,660
11,period,5625088,51961,freeway,breakout,6,4.0,660
11,period,5625088,51961,freeway,breakout,7,6.0,660
11,period,5625088,51961,freeway,breakout,8,6.0,660
11,period,5625088,51961,freeway,breakout,9,6.0,660
11,period,5625088,51961,freeway,breakout,10,5.0,660
11,period,5625088,51961,freeway,space_invaders,1,26.0,2089
11,period,5625088,51961,freeway,space_invaders,2,19.0,2089
11,period,5625088,51961,freeway,space_invaders,3,32.0,2089
11,period,5625088,51961,freeway,space_invaders,4,38.0,2089
11,period,5625088,51961,freeway,space_invaders,5,8.0,2089
11,period,5625088,51961,freeway,space_invaders,6,47.0,2089
11,period,5625088,51961,freeway,space_invaders,7,13.0,2089
11,period,5625088,51961,freeway,space_invaders,8,79.0,2089
11,period,5625088,51961,freeway,space_invaders,9,11.0,2089
11,period,5625088,51961,freeway,space_invaders,10,23.0,2089
11,period,5625088,51961,freeway,freeway,1,0.0,25000
11,period,5625088,51961,freeway,freeway,2,8.0,25000
11,period,5625088,51961,freeway,freeway,3,2.0,25000
11,period,5625088,51961,freeway,freeway,4,11.0,25000
11,period,5625088,51961,freeway,freeway,5,4.0,25000
11,period,5625088,51961,freeway,freeway,6,9.0,25000
11,period,5625088,51961,freeway,freeway,7,14.0,25000
11,period,5625088,51961,freeway,freeway,8,6.0,25000
11,period,5625088,51961,freeway,freeway,9,2.0,25000
11,period,5625088,51961,freeway,freeway,10,4.0,25000
11,period,5650176,51961,freeway,breakout,1,3.0,564
11,period,5650176,51961,freeway,breakout,2,5.0,564
11,period,5650176,51961,freeway,breakout,3,2.0,564
11,period,5650176,51961,freeway,breakout,4,6.0,564
11,period,5650176,51961,freeway,breakout,5,5.0,564
11,period,5650176,51961,freeway,breakout,6,6.0,564
11,period,5650176,51961,freeway,breakout,7,5.0,564
11,period,5650176,51961,freeway,breakout,8,5.0,564
11,period,5650176,51961,freeway,breakout,9,5.0,564
11,period,5650176,51961,freeway,breakout,10,5.0,564
11,period,5650176,51961,freeway,space_invaders,1,67.0,3622
11,period,5650176,51961,freeway,space_invaders,2,95.0,3622
11,period,5650176,51961,freeway,space_invaders,3,38.0,3622
11,period,5650176,51961,freeway,space_invaders,4,44.0,3622
11,period,5650176,51961,freeway,space_invaders,5,15.0,3622
11,period,5650176,51961,freeway,space_invaders,6,33.0,3622
11,period,5650176,51961,freeway,space_invaders,7,16.0,3622
11,period,5650176,51961,freeway,space_invaders,8,56.0,3622
11,period,5650176,51961,freeway,space_invaders,9,15.0,3622
11,period,5650176,51961,freeway,space_invaders,10,119.0,3622
11,period,5650176,51961,freeway,freeway,1,19.0,25000
11,period,5650176,51961,freeway,freeway,2,19.0,25000
11,period,5650176,51961,freeway,freeway,3,18.0,25000
11,period,5650176,51961,freeway,freeway,4,23.0,25000
11,period,5650176,51961,freeway,freeway,5,19.0,25000
11,period,5650176,51961,freeway,freeway,6,18.0,25000
11,period,5650176,51961,freeway,freeway,7,25.0,25000
11,period,5650176,51961,freeway,freeway,8,18.0,25000
11,period,5650176,51961,freeway,freeway,9,26.0,25000
11,period,5650176,51961,freeway,freeway,10,15.0,25000
11,period,5675008,51977,freeway,breakout,1,5.0,628
11,period,5675008,51977,freeway,breakout,2,6.0,628
11,period,5675008,51977,freeway,breakout,3,5.0,628
11,period,5675008,51977,freeway,breakout,4,5.0,628
11,period,5675008,51977,freeway,breakout,5,6.0,628
11,period,5675008,51977,freeway,breakout,6,5.0,628
11,period,5675008,51977,freeway,breakout,7,5.0,628
11,period,5675008,51977,freeway,breakout,8,6.0,628
11,period,5675008,51977,freeway,breakout,9,6.0,628
11,period,5675008,51977,freeway,breakout,10,4.0,628
11,period,5675008,51977,freeway,space_invaders,1,47.0,3924
11,period,5675008,51977,freeway,space_invaders,2,39.0,3924
11,period,5675008,51977,freeway,space_invaders,3,45.0,3924
11,period,5675008,51977,freeway,space_invaders,4,61.0,3924
11,period,5675008,51977,freeway,space_invaders,5,129.0,3924
11,period,5675008,51977,freeway,space_invaders,6,35.0,3924
11,period,5675008,51977,freeway,space_invaders,7,79.0,3924
11,period,5675008,51977,freeway,space_invaders,8,23.0,3924
11,period,5675008,51977,freeway,space_invaders,9,68.0,3924
11,period,5675008,51977,freeway,space_invaders,10,16.0,3924
11,period,5675008,51977,freeway,freeway,1,23.0,25000
11,period,5675008,51977,freeway,freeway,2,20.0,25000
11,period,5675008,51977,freeway,freeway,3,23.0,25000
11,period,5675008,51977,freeway,freeway,4,20.0,25000
11,period,5675008,51977,freeway,freeway,5,17.0,25000
11,period,5675008,51977,freeway,freeway,6,22.0,25000
11,period,5675008,51977,freeway,freeway,7,22.0,25000
11,period,5675008,51977,freeway,freeway,8,18.0,25000
11,period,5675008,51977,freeway,freeway,9,29.0,25000
11,period,5675008,51977,freeway,freeway,10,29.0,25000
11,period,5700096,51993,freeway,breakout,1,5.0,660
11,period,5700096,51993,freeway,breakout,2,5.0,660
11,period,5700096,51993,freeway,breakout,3,5.0,660
11,period,5700096,51993,freeway,breakout,4,6.0,660
11,period,5700096,51993,freeway,breakout,5,7.0,660
11,period,5700096,51993,freeway,breakout,6,6.0,660
11,period,5700096,51993,freeway,breakout,7,5.0,660
11,period,5700096,51993,freeway,breakout,8,7.0,660
11,period,5700096,51993,freeway,breakout,9,5.0,660
11,period,5700096,51993,freeway,breakout,10,5.0,660
11,period,5700096,51993,freeway,space_invaders,1,104.0,2936
11,period,5700096,51993,freeway,space_invaders,2,71.0,2936
11,period,5700096,51993,freeway,space_invaders,3,42.0,2936
11,period,5700096,51993,freeway,space_invaders,4,17.0,2936
11,period,5700096,51993,freeway,space_invaders,5,25.0,2936
11,period,5700096,51993,freeway,space_invaders,6,31.0,2936
11,period,5700096,51993,freeway,space_invaders,7,39.0,2936
11,period,5700096,51993,freeway,space_invaders,8,13.0,2936
11,period,5700096,51993,freeway,space_invaders,9,22.0,2936
11,period,5700096,51993,freeway,space_invaders,10,43.0,2936
11,period,5700096,51993,freeway,freeway,1,27.0,25000
11,period,5700096,51993,freeway,freeway,2,22.0,25000
11,period,5700096,51993,freeway,freeway,3,17.0,25000
11,period,5700096,51993,freeway,freeway,4,22.0,25000
11,period,5700096,51993,freeway,freeway,5,27.0,25000
11,period,5700096,51993,freeway,freeway,6,22.0,25000
11,period,5700096,51993,freeway,freeway,7,28.0,25000
11,period,5700096,51993,freeway,freeway,8,25.0,25000
11,period,5700096,51993,freeway,freeway,9,23.0,25000
11,period,5700096,51993,freeway,freeway,10,20.0,25000
11,period,5725184,51993,freeway,breakout,1,3.0,478
11,period,5725184,51993,freeway,breakout,2,3.0,478
11,period,5725184,51993,freeway,breakout,3,5.0,478
11,period,5725184,51993,freeway,breakout,4,5.0,478
11,period,5725184,51993,freeway,breakout,5,3.0,478
11,period,5725184,51993,freeway,breakout,6,5.0,478
11,period,5725184,51993,freeway,breakout,7,3.0,478
11,period,5725184,51993,freeway,breakout,8,3.0,478
11,period,5725184,51993,freeway,breakout,9,6.0,478
11,period,5725184,51993,freeway,breakout,10,3.0,478
11,period,5725184,51993,freeway,space_invaders,1,30.0,2992
11,period,5725184,51993,freeway,space_invaders,2,31.0,2992
11,period,5725184,51993,freeway,space_invaders,3,34.0,2992
11,period,5725184,51993,freeway,space_invaders,4,108.0,2992
11,period,5725184,51993,freeway,space_invaders,5,32.0,2992
11,period,5725184,51993,freeway,space_invaders,6,34.0,2992
11,period,5725184,51993,freeway,space_invaders,7,13.0,2992
11,period,5725184,51993,freeway,space_invaders,8,81.0,2992
11,period,5725184,51993,freeway,space_invaders,9,54.0,2992
11,period,5725184,51993,freeway,space_invaders,10,15.0,2992
11,period,5725184,51993,freeway,freeway,1,22.0,25000
11,period,5725184,51993,freeway,freeway,2,21.0,25000
11,period,5725184,51993,freeway,freeway,3,17.0,25000
11,period,5725184,51993,freeway,freeway,4,13.0,25000
11,period,5725184,51993,freeway,freeway,5,18.0,25000
11,period,5725184,51993,freeway,freeway,6,23.0,25000
11,period,5725184,51993,freeway,freeway,7,16.0,25000
11,period,5725184,51993,freeway,freeway,8,10.0,25000
11,period,5725184,51993,freeway,freeway,9,20.0,25000
11,period,5725184,51993,freeway,freeway,10,19.0,25000
11,period,5750016,52009,freeway,breakout,1,6.0,680
11,period,5750016,52009,freeway,breakout,2,5.0,680
11,period,5750016,52009,freeway,breakout,3,6.0,680
11,period,5750016,52009,freeway,breakout,4,6.0,680
11,period,5750016,52009,freeway,breakout,5,6.0,680
11,period,5750016,52009,freeway,breakout,6,5.0,680
11,period,5750016,52009,freeway,breakout,7,7.0,680
11,period,5750016,52009,freeway,breakout,8,6.0,680
11,period,5750016,52009,freeway,breakout,9,6.0,680
11,period,5750016,52009,freeway,breakout,10,5.0,680
11,period,5750016,52009,freeway,space_invaders,1,36.0,3440
11,period,5750016,52009,freeway,space_invaders,2,24.0,3440
11,period,5750016,52009,freeway,space_invaders,3,71.0,3440
11,period,5750016,52009,freeway,space_invaders,4,27.0,3440
11,period,5750016,52009,freeway,space_invaders,5,29.0,3440
11,period,5750016,52009,freeway,space_invaders,6,16.0,3440
11,period,5750016,52009,freeway,space_invaders,7,34.0,3440
11,period,5750016,52009,freeway,space_invaders,8,57.0,3440
11,period,5750016,52009,freeway,space_invaders,9,140.0,3440
11,period,5750016,52009,freeway,space_invaders,10,36.0,3440
11,period,5750016,52009,freeway,freeway,1,25.0,25000
11,period,5750016,52009,freeway,freeway,2,21.0,25000
11,period,5750016,52009,freeway,freeway,3,18.0,25000
11,period,5750016,52009,freeway,freeway,4,14.0,25000
11,period,5750016,52009,freeway,freeway,5,27.0,25000
11,period,5750016,52009,freeway,freeway,6,26.0,25000
11,period,5750016,52009,freeway,freeway,7,22.0,25000
11,period,5750016,52009,freeway,freeway,8,22.0,25000
11,period,5750016,52009,freeway,freeway,9,21.0,25000
11,period,5750016,52009,freeway,freeway,10,29.0,25000
11,period,5775104,52009,freeway,breakout,1,6.0,606
11,period,5775104,52009,freeway,breakout,2,6.0,606
11,period,5775104,52009,freeway,breakout,3,3.0,606
11,period,5775104,52009,freeway,breakout,4,6.0,606
11,period,5775104,52009,freeway,breakout,5,6.0,606
11,period,5775104,52009,freeway,breakout,6,5.0,606
11,period,5775104,52009,freeway,breakout,7,3.0,606
11,period,5775104,52009,freeway,breakout,8,6.0,606
11,period,5775104,52009,freeway,breakout,9,5.0,606
11,period,5775104,52009,freeway,breakout,10,5.0,606
11,period,5775104,52009,freeway,space_invaders,1,47.0,4892
11,period,5775104,52009,freeway,space_invaders,2,80.0,4892
11,period,5775104,52009,freeway,space_invaders,3,50.0,4892
11,period,5775104,52009,freeway,space_invaders,4,100.0,4892
11,period,5775104,52009,freeway,space_invaders,5,64.0,4892
11,period,5775104,52009,freeway,space_invaders,6,70.0,4892
11,period,5775104,52009,freeway,space_invaders,7,95.0,4892
11,period,5775104,52009,freeway,space_invaders,8,12.0,4892
11,period,5775104,52009,freeway,space_invaders,9,65.0,4892
11,period,5775104,52009,freeway,space_invaders,10,23.0,4892
11,period,5775104,52009,freeway,freeway,1,19.0,25000
11,period,5775104,52009,freeway,freeway,2,19.0,25000
11,period,5775104,52009,freeway,freeway,3,18.0,25000
11,period,5775104,52009,freeway,freeway,4,28.0,25000
11,period,5775104,52009,freeway,freeway,5,24.0,25000
11,period,5775104,52009,freeway,freeway,6,27.0,25000
11,period,5775104,52009,freeway,freeway,7,27.0,25000
11,period,5775104,52009,freeway,freeway,8,25.0,25000
11,period,5775104,52009,freeway,freeway,9,24.0,25000
11,period,5775104,52009,freeway,freeway,10,21.0,25000
11,period,5800192,52025,freeway,breakout,1,6.0,586
11,period,5800192,52025,freeway,breakout,2,5.0,586
11,period,5800192,52025,freeway,breakout,3,5.0,586
11,period,5800192,52025,freeway,breakout,4,6.0,586
11,period,5800192,52025,freeway,breakout,5,5.0,586
11,period,5800192,52025,freeway,breakout,6,6.0,586
11,period,5800192,52025,freeway,breakout,7,5.0,586
11,period,5800192,52025,freeway,breakout,8,1.0,586
11,period,5800192,52025,freeway,breakout,9,5.0,586
11,period,5800192,52025,freeway,breakout,10,5.0,586
11,period,5800192,52025,freeway,space_invaders,1,23.0,3194
11,period,5800192,52025,freeway,space_invaders,2,27.0,3194
11,period,5800192,52025,freeway,space_invaders,3,45.0,3194
11,period,5800192,52025,freeway,space_invaders,4,103.0,3194
11,period,5800192,52025,freeway,space_invaders,5,3.0,3194
11,period,5800192,52025,freeway,space_invaders,6,60.0,3194
11,period,5800192,52025,freeway,space_invaders,7,33.0,3194
11,period,5800192,52025,freeway,space_invaders,8,26.0,3194
11,period,5800192,52025,freeway,space_invaders,9,47.0,3194
11,period,5800192,52025,freeway,space_invaders,10,47.0,3194
11,period,5800192,52025,freeway,freeway,1,24.0,25000
11,period,5800192,52025,freeway,freeway,2,32.0,25000
11,period,5800192,52025,freeway,freeway,3,29.0,25000
11,period,5800192,52025,freeway,freeway,4,31.0,25000
11,period,5800192,52025,freeway,freeway,5,23.0,25000
11,period,5800192,52025,freeway,freeway,6,20.0,25000
11,period,5800192,52025,freeway,freeway,7,23.0,25000
11,period,5800192,52025,freeway,freeway,8,30.0,25000
11,period,5800192,52025,freeway,freeway,9,32.0,25000
11,period,5800192,52025,freeway,freeway,10,30.0,25000
11,period,5825024,52041,freeway,breakout,1,5.0,650
11,period,5825024,52041,freeway,breakout,2,6.0,650
11,period,5825024,52041,freeway,breakout,3,5.0,650
11,period,5825024,52041,freeway,breakout,4,6.0,650
11,period,5825024,52041,freeway,breakout,5,5.0,650
11,period,5825024,52041,freeway,breakout,6,5.0,650
11,period,5825024,52041,freeway,breakout,7,5.0,650
11,period,5825024,52041,freeway,breakout,8,6.0,650
11,period,5825024,52041,freeway,breakout,9,6.0,650
11,period,5825024,52041,freeway,breakout,10,6.0,650
11,period,5825024,52041,freeway,space_invaders,1,71.0,3205
11,period,5825024,52041,freeway,space_invaders,2,82.0,3205
11,period,5825024,52041,freeway,space_invaders,3,63.0,3205
11,period,5825024,52041,freeway,space_invaders,4,34.0,3205
11,period,5825024,52041,freeway,space_invaders,5,16.0,3205
11,period,5825024,52041,freeway,space_invaders,6,6.0,3205
11,period,5825024,52041,freeway,space_invaders,7,32.0,3205
11,period,5825024,52041,freeway,space_invaders,8,23.0,3205
11,period,5825024,52041,freeway,space_invaders,9,50.0,3205
11,period,5825024,52041,freeway,space_invaders,10,57.0,3205
11,period,5825024,52041,freeway,freeway,1,28.0,25000
11,period,5825024,52041,freeway,freeway,2,25.0,25000
11,period,5825024,52041,freeway,freeway,3,33.0,25000
11,period,5825024,52041,freeway,freeway,4,37.0,25000
11,period,5825024,52041,freeway,freeway,5,20.0,25000
11,period,5825024,52041,freeway,freeway,6,15.0,25000
11,period,5825024,52041,freeway,freeway,7,29.0,25000
11,period,5825024,52041,freeway,freeway,8,25.0,25000
11,period,5825024,52041,freeway,freeway,9,23.0,25000
11,period,5825024,52041,freeway,freeway,10,29.0,25000
11,period,5850112,52041,freeway,breakout,1,5.0,630
11,period,5850112,52041,freeway,breakout,2,5.0,630
11,period,5850112,52041,freeway,breakout,3,4.0,630
11,period,5850112,52041,freeway,breakout,4,5.0,630
11,period,5850112,52041,freeway,breakout,5,6.0,630
11,period,5850112,52041,freeway,breakout,6,5.0,630
11,period,5850112,52041,freeway,breakout,7,5.0,630
11,period,5850112,52041,freeway,breakout,8,6.0,630
11,period,5850112,52041,freeway,breakout,9,6.0,630
11,period,5850112,52041,freeway,breakout,10,6.0,630
11,period,5850112,52041,freeway,space_invaders,1,7.0,2166
11,period,5850112,52041,freeway,space_invaders,2,34.0,2166
11,period,5850112,52041,freeway,space_invaders,3,17.0,2166
11,period,5850112,52041,freeway,space_invaders,4,40.0,2166
11,period,5850112,52041,freeway,space_invaders,5,24.0,2166
11,period,5850112,52041,freeway,space_invaders,6,34.0,2166
11,period,5850112,52041,freeway,space_invaders,7,29.0,2166
11,period,5850112,52041,freeway,space_invaders,8,24.0,2166
11,period,5850112,52041,freeway,space_invaders,9,23.0,2166
11,period,5850112,52041,freeway,space_invaders,10,58.0,2166
11,period,5850112,52041,freeway,freeway,1,28.0,25000
11,period,5850112,52041,freeway,freeway,2,24.0,25000
11,period,5850112,52041,freeway,freeway,3,19.0,25000
11,period,5850112,52041,freeway,freeway,4,30.0,25000
11,period,5850112,52041,freeway,freeway,5,28.0,25000
11,period,5850112,52041,freeway,freeway,6,30.0,25000
11,period,5850112,52041,freeway,freeway,7,20.0,25000
11,period,5850112,52041,freeway,freeway,8,19.0,25000
11,period,5850112,52041,freeway,freeway,9,26.0,25000
11,period,5850112,52041,freeway,freeway,10,19.0,25000
11,period,5875200,52057,freeway,breakout,1,6.0,660
11,period,5875200,52057,freeway,breakout,2,7.0,660
11,period,5875200,52057,freeway,breakout,3,6.0,660
11,period,5875200,52057,freeway,breakout,4,5.0,660
11,period,5875200,52057,freeway,breakout,5,5.0,660
11,period,5875200,52057,freeway,breakout,6,5.0,660
11,period,5875200,52057,freeway,breakout,7,5.0,660
11,period,5875200,52057,freeway,breakout,8,6.0,660
11,period,5875200,52057,freeway,breakout,9,6.0,660
11,period,5875200,52057,freeway,breakout,10,5.0,660
11,period,5875200,52057,freeway,space_invaders,1,7.0,1506
11,period,5875200,52057,freeway,space_invaders,2,7.0,1506
11,period,5875200,52057,freeway,space_invaders,3,54.0,1506
11,period,5875200,52057,freeway,space_invaders,4,17.0,1506
11,period,5875200,52057,freeway,space_invaders,5,15.0,1506
11,period,5875200,52057,freeway,space_invaders,6,8.0,1506
11,period,5875200,52057,freeway,space_invaders,7,38.0,1506
11,period,5875200,52057,freeway,space_invaders,8,8.0,1506
11,period,5875200,52057,freeway,space_invaders,9,17.0,1506
11,period,5875200,52057,freeway,space_invaders,10,47.0,1506
11,period,5875200,52057,freeway,freeway,1,24.0,25000
11,period,5875200,52057,freeway,freeway,2,30.0,25000
11,period,5875200,52057,freeway,freeway,3,25.0,25000
11,period,5875200,52057,freeway,freeway,4,29.0,25000
11,period,5875200,52057,freeway,freeway,5,22.0,25000
11,period,5875200,52057,freeway,freeway,6,30.0,25000
11,period,5875200,52057,freeway,freeway,7,25.0,25000
11,period,5875200,52057,freeway,freeway,8,19.0,25000
11,period,5875200,52057,freeway,freeway,9,29.0,25000
11,period,5875200,52057,freeway,freeway,10,27.0,25000
11,period,5900032,52073,freeway,breakout,1,5.0,546
11,period,5900032,52073,freeway,breakout,2,5.0,546
11,period,5900032,52073,freeway,breakout,3,5.0,546
11,period,5900032,52073,freeway,breakout,4,5.0,546
11,period,5900032,52073,freeway,breakout,5,5.0,546
11,period,5900032,52073,freeway,breakout,6,5.0,546
11,period,5900032,52073,freeway,breakout,7,5.0,546
11,period,5900032,52073,freeway,breakout,8,0.0,546
11,period,5900032,52073,freeway,breakout,9,5.0,546
11,period,5900032,52073,freeway,breakout,10,5.0,546
11,period,5900032,52073,freeway,space_invaders,1,38.0,940
11,period,5900032,52073,freeway,space_invaders,2,18.0,940
11,period,5900032,52073,freeway,space_invaders,3,4.0,940
11,period,5900032,52073,freeway,space_invaders,4,5.0,940
11,period,5900032,52073,freeway,space_invaders,5,4.0,940
11,period,5900032,52073,freeway,space_invaders,6,3.0,940
11,period,5900032,52073,freeway,space_invaders,7,3.0,940
11,period,5900032,52073,freeway,space_invaders,8,5.0,940
11,period,5900032,52073,freeway,space_invaders,9,3.0,940
11,period,5900032,52073,freeway,space_invaders,10,45.0,940
11,period,5900032,52073,freeway,freeway,1,26.0,25000
11,period,5900032,52073,freeway,freeway,2,31.0,25000
11,period,5900032,52073,freeway,freeway,3,28.0,25000
11,period,5900032,52073,freeway,freeway,4,21.0,25000
11,period,5900032,52073,freeway,freeway,5,25.0,25000
11,period,5900032,52073,freeway,freeway,6,31.0,25000
11,period,5900032,52073,freeway,freeway,7,31.0,25000
11,period,5900032,52073,freeway,freeway,8,33.0,25000
11,period,5900032,52073,freeway,freeway,9,27.0,25000
11,period,5900032,52073,freeway,freeway,10,23.0,25000
11,period,5925120,52073,freeway,breakout,1,5.0,660
11,period,5925120,52073,freeway,breakout,2,6.0,660
11,period,5925120,52073,freeway,breakout,3,6.0,660
11,period,5925120,52073,freeway,breakout,4,6.0,660
11,period,5925120,52073,freeway,breakout,5,5.0,660
11,period,5925120,52073,freeway,breakout,6,6.0,660
11,period,5925120,52073,freeway,breakout,7,6.0,660
11,period,5925120,52073,freeway,breakout,8,5.0,660
11,period,5925120,52073,freeway,breakout,9,5.0,660
11,period,5925120,52073,freeway,breakout,10,6.0,660
11,period,5925120,52073,freeway,space_invaders,1,33.0,1659
11,period,5925120,52073,freeway,space_invaders,2,5.0,1659
11,period,5925120,52073,freeway,space_invaders,3,26.0,1659
11,period,5925120,52073,freeway,space_invaders,4,6.0,1659
11,period,5925120,52073,freeway,space_invaders,5,58.0,1659
11,period,5925120,52073,freeway,space_invaders,6,6.0,1659
11,period,5925120,52073,freeway,space_invaders,7,8.0,1659
11,period,5925120,52073,freeway,space_invaders,8,46.0,1659
11,period,5925120,52073,freeway,space_invaders,9,5.0,1659
11,period,5925120,52073,freeway,space_invaders,10,28.0,1659
11,period,5925120,52073,freeway,freeway,1,17.0,25000
11,period,5925120,52073,freeway,freeway,2,23.0,25000
11,period,5925120,52073,freeway,freeway,3,23.0,25000
11,period,5925120,52073,freeway,freeway,4,22.0,25000
11,period,5925120,52073,freeway,freeway,5,18.0,25000
11,period,5925120,52073,freeway,freeway,6,14.0,25000
11,period,5925120,52073,freeway,freeway,7,24.0,25000
11,period,5925120,52073,freeway,freeway,8,28.0,25000
11,period,5925120,52073,freeway,freeway,9,31.0,25000
11,period,5925120,52073,freeway,freeway,10,34.0,25000
11,period,5950208,52089,freeway,breakout,1,0.0,120
11,period,5950208,52089,freeway,breakout,2,0.0,120
11,period,5950208,52089,freeway,breakout,3,1.0,120
11,period,5950208,52089,freeway,breakout,4,1.0,120
11,period,5950208,52089,freeway,breakout,5,1.0,120
11,period,5950208,52089,freeway,breakout,6,1.0,120
11,period,5950208,52089,freeway,breakout,7,1.0,120
11,period,5950208,52089,freeway,breakout,8,0.0,120
11,period,5950208,52089,freeway,breakout,9,1.0,120
11,period,5950208,52089,freeway,breakout,10,0.0,120
11,period,5950208,52089,freeway,space_invaders,1,10.0,2515
11,period,5950208,52089,freeway,space_invaders,2,21.0,2515
11,period,5950208,52089,freeway,space_invaders,3,34.0,2515
11,period,5950208,52089,freeway,space_invaders,4,46.0,2515
11,period,5950208,52089,freeway,space_invaders,5,14.0,2515
11,period,5950208,52089,freeway,space_invaders,6,15.0,2515
11,period,5950208,52089,freeway,space_invaders,7,11.0,2515
11,period,5950208,52089,freeway,space_invaders,8,73.0,2515
11,period,5950208,52089,freeway,space_invaders,9,23.0,2515
11,period,5950208,52089,freeway,space_invaders,10,52.0,2515
11,period,5950208,52089,freeway,freeway,1,25.0,25000
11,period,5950208,52089,freeway,freeway,2,27.0,25000
11,period,5950208,52089,freeway,freeway,3,14.0,25000
11,period,5950208,52089,freeway,freeway,4,16.0,25000
11,period,5950208,52089,freeway,freeway,5,24.0,25000
11,period,5950208,52089,freeway,freeway,6,34.0,25000
11,period,5950208,52089,freeway,freeway,7,25.0,25000
11,period,5950208,52089,freeway,freeway,8,23.0,25000
11,period,5950208,52089,freeway,freeway,9,21.0,25000
11,period,5950208,52089,freeway,freeway,10,20.0,25000
11,period,5975040,52089,freeway,breakout,1,3.0,444
11,period,5975040,52089,freeway,breakout,2,1.0,444
11,period,5975040,52089,freeway,breakout,3,5.0,444
11,period,5975040,52089,freeway,breakout,4,3.0,444
11,period,5975040,52089,freeway,breakout,5,3.0,444
11,period,5975040,52089,freeway,breakout,6,5.0,444
11,period,5975040,52089,freeway,breakout,7,2.0,444
11,period,5975040,52089,freeway,breakout,8,2.0,444
11,period,5975040,52089,freeway,breakout,9,6.0,444
11,period,5975040,52089,freeway,breakout,10,5.0,444
11,period,5975040,52089,freeway,space_invaders,1,5.0,1687
11,period,5975040,52089,freeway,space_invaders,2,4.0,1687
11,period,5975040,52089,freeway,space_invaders,3,31.0,1687
11,period,5975040,52089,freeway,space_invaders,4,7.0,1687
11,period,5975040,52089,freeway,space_invaders,5,10.0,1687
11,period,5975040,52089,freeway,space_invaders,6,22.0,1687
11,period,5975040,52089,freeway,space_invaders,7,4.0,1687
11,period,5975040,52089,freeway,space_invaders,8,4.0,1687
11,period,5975040,52089,freeway,space_invaders,9,99.0,1687
11,period,5975040,52089,freeway,space_invaders,10,11.0,1687
11,period,5975040,52089,freeway,freeway,1,18.0,25000
11,period,5975040,52089,freeway,freeway,2,28.0,25000
11,period,5975040,52089,freeway,freeway,3,27.0,25000
11,period,5975040,52089,freeway,freeway,4,18.0,25000
11,period,5975040,52089,freeway,freeway,5,25.0,25000
11,period,5975040,52089,freeway,freeway,6,13.0,25000
11,period,5975040,52089,freeway,freeway,7,25.0,25000
11,period,5975040,52089,freeway,freeway,8,16.0,25000
11,period,5975040,52089,freeway,freeway,9,22.0,25000
11,period,5975040,52089,freeway,freeway,10,24.0,25000
12,boundary,6499584,60204,breakout,breakout,1,5.0,650
12,boundary,6499584,60204,breakout,breakout,2,6.0,650
12,boundary,6499584,60204,breakout,breakout,3,6.0,650
12,boundary,6499584,60204,breakout,breakout,4,5.0,650
12,boundary,6499584,60204,breakout,breakout,5,6.0,650
12,boundary,6499584,60204,breakout,breakout,6,6.0,650
12,boundary,6499584,60204,breakout,breakout,7,5.0,650
12,boundary,6499584,60204,breakout,breakout,8,5.0,650
12,boundary,6499584,60204,breakout,breakout,9,6.0,650
12,boundary,6499584,60204,breakout,breakout,10,5.0,650
12,boundary,6499584,60204,breakout,space_invaders,1,4.0,838
12,boundary,6499584,60204,breakout,space_invaders,2,12.0,838
12,boundary,6499584,60204,breakout,space_invaders,3,3.0,838
12,boundary,6499584,60204,breakout,space_invaders,4,4.0,838
12,boundary,6499584,60204,breakout,space_invaders,5,5.0,838
12,boundary,6499584,60204,breakout,space_invaders,6,4.0,838
12,boundary,6499584,60204,breakout,space_invaders,7,40.0,838
12,boundary,6499584,60204,breakout,space_invaders,8,12.0,838
12,boundary,6499584,60204,breakout,space_invaders,9,5.0,838
12,boundary,6499584,60204,breakout,space_invaders,10,5.0,838
12,boundary,6499584,60204,breakout,freeway,1,19.0,25000
12,boundary,6499584,60204,breakout,freeway,2,19.0,25000
12,boundary,6499584,60204,breakout,freeway,3,27.0,25000
12,boundary,6499584,60204,breakout,freeway,4,20.0,25000
12,boundary,6499584,60204,breakout,freeway,5,25.0,25000
12,boundary,6499584,60204,breakout,freeway,6,28.0,25000
12,boundary,6499584,60204,breakout,freeway,7,20.0,25000
12,boundary,6499584,60204,breakout,freeway,8,28.0,25000
12,boundary,6499584,60204,breakout,freeway,9,26.0,25000
12,boundary,6499584,60204,breakout,freeway,10,28.0,25000
12,period,6000128,52105,breakout,breakout,1,6.0,672
12,period,6000128,52105,breakout,breakout,2,5.0,672
12,period,6000128,52105,breakout,breakout,3,5.0,672
12,period,6000128,52105,breakout,breakout,4,6.0,672
12,period,6000128,52105,breakout,breakout,5,6.0,672
12,period,6000128,52105,breakout,breakout,6,5.0,672
12,period,6000128,52105,breakout,breakout,7,5.0,672
12,period,6000128,52105,breakout,breakout,8,5.0,672
12,period,6000128,52105,breakout,breakout,9,6.0,672
12,period,6000128,52105,breakout,breakout,10,6.0,672
12,period,6000128,52105,breakout,space_invaders,1,13.0,1667
12,period,6000128,52105,breakout,space_invaders,2,41.0,1667
12,period,6000128,52105,breakout,space_invaders,3,37.0,1667
12,period,6000128,52105,breakout,space_invaders,4,6.0,1667
12,period,6000128,52105,breakout,space_invaders,5,33.0,1667
12,period,6000128,52105,breakout,space_invaders,6,7.0,1667
12,period,6000128,52105,breakout,space_invaders,7,24.0,1667
12,period,6000128,52105,breakout,space_invaders,8,33.0,1667
12,period,6000128,52105,breakout,space_invaders,9,15.0,1667
12,period,6000128,52105,breakout,space_invaders,10,20.0,1667
12,period,6000128,52105,breakout,freeway,1,30.0,25000
12,period,6000128,52105,breakout,freeway,2,25.0,25000
12,period,6000128,52105,breakout,freeway,3,21.0,25000
12,period,6000128,52105,breakout,freeway,4,16.0,25000
12,period,6000128,52105,breakout,freeway,5,26.0,25000
12,period,6000128,52105,breakout,freeway,6,26.0,25000
12,period,6000128,52105,breakout,freeway,7,23.0,25000
12,period,6000128,52105,breakout,freeway,8,22.0,25000
12,period,6000128,52105,breakout,freeway,9,37.0,25000
12,period,6000128,52105,breakout,freeway,10,19.0,25000
12,period,6025216,52800,breakout,breakout,1,5.0,654
12,period,6025216,52800,breakout,breakout,2,6.0,654
12,period,6025216,52800,breakout,breakout,3,5.0,654
12,period,6025216,52800,breakout,breakout,4,6.0,654
12,period,6025216,52800,breakout,breakout,5,6.0,654
12,period,6025216,52800,breakout,breakout,6,5.0,654
12,period,6025216,52800,breakout,breakout,7,6.0,654
12,period,6025216,52800,breakout,breakout,8,6.0,654
12,period,6025216,52800,breakout,breakout,9,5.0,654
12,period,6025216,52800,breakout,breakout,10,5.0,654
12,period,6025216,52800,breakout,space_invaders,1,23.0,2213
12,period,6025216,52800,breakout,space_invaders,2,74.0,2213
12,period,6025216,52800,breakout,space_invaders,3,45.0,2213
12,period,6025216,52800,breakout,space_invaders,4,12.0,2213
12,period,6025216,52800,breakout,space_invaders,5,34.0,2213
12,period,6025216,52800,breakout,space_invaders,6,10.0,2213
12,period,6025216,52800,breakout,space_invaders,7,4.0,2213
12,period,6025216,52800,breakout,space_invaders,8,11.0,2213
12,period,6025216,52800,breakout,space_invaders,9,22.0,2213
12,period,6025216,52800,breakout,space_invaders,10,23.0,2213
12,period,6025216,52800,breakout,freeway,1,20.0,25000
12,period,6025216,52800,breakout,freeway,2,33.0,25000
12,period,6025216,52800,breakout,freeway,3,30.0,25000
12,period,6025216,52800,breakout,freeway,4,29.0,25000
12,period,6025216,52800,breakout,freeway,5,21.0,25000
12,period,6025216,52800,breakout,freeway,6,17.0,25000
12,period,6025216,52800,breakout,freeway,7,21.0,25000
12,period,6025216,52800,breakout,freeway,8,20.0,25000
12,period,6025216,52800,breakout,freeway,9,22.0,25000
12,period,6025216,52800,breakout,freeway,10,25.0,25000
12,period,6050048,53224,breakout,breakout,1,6.0,552
12,period,6050048,53224,breakout,breakout,2,5.0,552
12,period,6050048,53224,breakout,breakout,3,5.0,552
12,period,6050048,53224,breakout,breakout,4,6.0,552
12,period,6050048,53224,breakout,breakout,5,5.0,552
12,period,6050048,53224,breakout,breakout,6,6.0,552
12,period,6050048,53224,breakout,breakout,7,1.0,552
12,period,6050048,53224,breakout,breakout,8,6.0,552
12,period,6050048,53224,breakout,breakout,9,3.0,552
12,period,6050048,53224,breakout,breakout,10,3.0,552
12,period,6050048,53224,breakout,space_invaders,1,5.0,1113
12,period,6050048,53224,breakout,space_invaders,2,3.0,1113
12,period,6050048,53224,breakout,space_invaders,3,13.0,1113
12,period,6050048,53224,breakout,space_invaders,4,13.0,1113
12,period,6050048,53224,breakout,space_invaders,5,3.0,1113
12,period,6050048,53224,breakout,space_invaders,6,6.0,1113
12,period,6050048,53224,breakout,space_invaders,7,21.0,1113
12,period,6050048,53224,breakout,space_invaders,8,32.0,1113
12,period,6050048,53224,breakout,space_invaders,9,10.0,1113
12,period,6050048,53224,breakout,space_invaders,10,28.0,1113
12,period,6050048,53224,breakout,freeway,1,26.0,25000
12,period,6050048,53224,breakout,freeway,2,29.0,25000
12,period,6050048,53224,breakout,freeway,3,30.0,25000
12,period,6050048,53224,breakout,freeway,4,30.0,25000
12,period,6050048,53224,breakout,freeway,5,29.0,25000
12,period,6050048,53224,breakout,freeway,6,26.0,25000
12,period,6050048,53224,breakout,freeway,7,20.0,25000
12,period,6050048,53224,breakout,freeway,8,26.0,25000
12,period,6050048,53224,breakout,freeway,9,18.0,25000
12,period,6050048,53224,breakout,freeway,10,22.0,25000
12,period,6075136,53614,breakout,breakout,1,6.0,660
12,period,6075136,53614,breakout,breakout,2,5.0,660
12,period,6075136,53614,breakout,breakout,3,6.0,660
12,period,6075136,53614,breakout,breakout,4,7.0,660
12,period,6075136,53614,breakout,breakout,5,5.0,660
12,period,6075136,53614,breakout,breakout,6,5.0,660
12,period,6075136,53614,breakout,breakout,7,5.0,660
12,period,6075136,53614,breakout,breakout,8,5.0,660
12,period,6075136,53614,breakout,breakout,9,6.0,660
12,period,6075136,53614,breakout,breakout,10,6.0,660
12,period,6075136,53614,breakout,space_invaders,1,23.0,2486
12,period,6075136,53614,breakout,space_invaders,2,34.0,2486
12,period,6075136,53614,breakout,space_invaders,3,7.0,2486
12,period,6075136,53614,breakout,space_invaders,4,16.0,2486
12,period,6075136,53614,breakout,space_invaders,5,18.0,2486
12,period,6075136,53614,breakout,space_invaders,6,70.0,2486
12,period,6075136,53614,breakout,space_invaders,7,40.0,2486
12,period,6075136,53614,breakout,space_invaders,8,46.0,2486
12,period,6075136,53614,breakout,space_invaders,9,59.0,2486
12,period,6075136,53614,breakout,space_invaders,10,4.0,2486
12,period,6075136,53614,breakout,freeway,1,25.0,25000
12,period,6075136,53614,breakout,freeway,2,18.0,25000
12,period,6075136,53614,breakout,freeway,3,28.0,25000
12,period,6075136,53614,breakout,freeway,4,24.0,25000
12,period,6075136,53614,breakout,freeway,5,30.0,25000
12,period,6075136,53614,breakout,freeway,6,13.0,25000
12,period,6075136,53614,breakout,freeway,7,23.0,25000
12,period,6075136,53614,breakout,freeway,8,17.0,25000
12,period,6075136,53614,breakout,freeway,9,26.0,25000
12,period,6075136,53614,breakout,freeway,10,28.0,25000
12,period,6100224,54001,breakout,breakout,1,6.0,648
12,period,6100224,54001,breakout,breakout,2,5.0,648
12,period,6100224,54001,breakout,breakout,3,5.0,648
12,period,6100224,54001,breakout,breakout,4,6.0,648
12,period,6100224,54001,breakout,breakout,5,5.0,648
12,period,6100224,54001,breakout,breakout,6,5.0,648
12,period,6100224,54001,breakout,breakout,7,5.0,648
12,period,6100224,54001,breakout,breakout,8,5.0,648
12,period,6100224,54001,breakout,breakout,9,6.0,648
12,period,6100224,54001,breakout,breakout,10,6.0,648
12,period,6100224,54001,breakout,space_invaders,1,3.0,354
12,period,6100224,54001,breakout,space_invaders,2,7.0,354
12,period,6100224,54001,breakout,space_invaders,3,4.0,354
12,period,6100224,54001,breakout,space_invaders,4,3.0,354
12,period,6100224,54001,breakout,space_invaders,5,3.0,354
12,period,6100224,54001,breakout,space_invaders,6,7.0,354
12,period,6100224,54001,breakout,space_invaders,7,5.0,354
12,period,6100224,54001,breakout,space_invaders,8,4.0,354
12,period,6100224,54001,breakout,space_invaders,9,3.0,354
12,period,6100224,54001,breakout,space_invaders,10,3.0,354
12,period,6100224,54001,breakout,freeway,1,16.0,25000
12,period,6100224,54001,breakout,freeway,2,22.0,25000
12,period,6100224,54001,breakout,freeway,3,26.0,25000
12,period,6100224,54001,breakout,freeway,4,23.0,25000
12,period,6100224,54001,breakout,freeway,5,24.0,25000
12,period,6100224,54001,breakout,freeway,6,27.0,25000
12,period,6100224,54001,breakout,freeway,7,25.0,25000
12,period,6100224,54001,breakout,freeway,8,24.0,25000
12,period,6100224,54001,breakout,freeway,9,25.0,25000
12,period,6100224,54001,breakout,freeway,10,20.0,25000
12,period,6125056,54383,breakout,breakout,1,6.0,608
12,period,6125056,54383,breakout,breakout,2,4.0,608
12,period,6125056,54383,breakout,breakout,3,6.0,608
12,period,6125056,54383,breakout,breakout,4,0.0,608
12,period,6125056,54383,breakout,breakout,5,6.0,608
12,period,6125056,54383,breakout,breakout,6,5.0,608
12,period,6125056,54383,breakout,breakout,7,6.0,608
12,period,6125056,54383,breakout,breakout,8,5.0,608
12,period,6125056,54383,breakout,breakout,9,5.0,608
12,period,6125056,54383,breakout,breakout,10,7.0,608
12,period,6125056,54383,breakout,space_invaders,1,9.0,392
12,period,6125056,54383,breakout,space_invaders,2,4.0,392
12,period,6125056,54383,breakout,space_invaders,3,3.0,392
12,period,6125056,54383,breakout,space_invaders,4,5.0,392
12,period,6125056,54383,breakout,space_invaders,5,4.0,392
12,period,6125056,54383,breakout,space_invaders,6,4.0,392
12,period,6125056,54383,breakout,space_invaders,7,5.0,392
12,period,6125056,54383,breakout,space_invaders,8,3.0,392
12,period,6125056,54383,breakout,space_invaders,9,4.0,392
12,period,6125056,54383,breakout,space_invaders,10,3.0,392
12,period,6125056,54383,breakout,freeway,1,28.0,25000
12,period,6125056,54383,breakout,freeway,2,26.0,25000
12,period,6125056,54383,breakout,freeway,3,28.0,25000
12,period,6125056,54383,breakout,freeway,4,27.0,25000
12,period,6125056,54383,breakout,freeway,5,21.0,25000
12,period,6125056,54383,breakout,freeway,6,26.0,25000
12,period,6125056,54383,breakout,freeway,7,23.0,25000
12,period,6125056,54383,breakout,freeway,8,29.0,25000
12,period,6125056,54383,breakout,freeway,9,28.0,25000
12,period,6125056,54383,breakout,freeway,10,21.0,25000
12,period,6150144,54779,breakout,breakout,1,6.0,660
12,period,6150144,54779,breakout,breakout,2,5.0,660
12,period,6150144,54779,breakout,breakout,3,5.0,660
12,period,6150144,54779,breakout,breakout,4,6.0,660
12,period,6150144,54779,breakout,breakout,5,6.0,660
12,period,6150144,54779,breakout,breakout,6,6.0,660
12,period,6150144,54779,breakout,breakout,7,6.0,660
12,period,6150144,54779,breakout,breakout,8,5.0,660
12,period,6150144,54779,breakout,breakout,9,5.0,660
12,period,6150144,54779,breakout,breakout,10,6.0,660
12,period,6150144,54779,breakout,space_invaders,1,5.0,739
12,period,6150144,54779,breakout,space_invaders,2,3.0,739
12,period,6150144,54779,breakout,space_invaders,3,21.0,739
12,period,6150144,54779,breakout,space_invaders,4,4.0,739
12,period,6150144,54779,breakout,space_invaders,5,4.0,739
12,period,6150144,54779,breakout,space_invaders,6,3.0,739
12,period,6150144,54779,breakout,space_invaders,7,6.0,739
12,period,6150144,54779,breakout,space_invaders,8,4.0,739
12,period,6150144,54779,breakout,space_invaders,9,3.0,739
12,period,6150144,54779,breakout,space_invaders,10,34.0,739
12,period,6150144,54779,breakout,freeway,1,25.0,25000
12,period,6150144,54779,breakout,freeway,2,31.0,25000
12,period,6150144,54779,breakout,freeway,3,25.0,25000
12,period,6150144,54779,breakout,freeway,4,26.0,25000
12,period,6150144,54779,breakout,freeway,5,28.0,25000
12,period,6150144,54779,breakout,freeway,6,23.0,25000
12,period,6150144,54779,breakout,freeway,7,22.0,25000
12,period,6150144,54779,breakout,freeway,8,17.0,25000
12,period,6150144,54779,breakout,freeway,9,35.0,25000
12,period,6150144,54779,breakout,freeway,10,22.0,25000
12,period,6175232,55169,breakout,breakout,1,5.0,672
12,period,6175232,55169,breakout,breakout,2,5.0,672
12,period,6175232,55169,breakout,breakout,3,5.0,672
12,period,6175232,55169,breakout,breakout,4,6.0,672
12,period,6175232,55169,breakout,breakout,5,7.0,672
12,period,6175232,55169,breakout,breakout,6,7.0,672
12,period,6175232,55169,breakout,breakout,7,6.0,672
12,period,6175232,55169,breakout,breakout,8,6.0,672
12,period,6175232,55169,breakout,breakout,9,5.0,672
12,period,6175232,55169,breakout,breakout,10,5.0,672
12,period,6175232,55169,breakout,space_invaders,1,3.0,525
12,period,6175232,55169,breakout,space_invaders,2,3.0,525
12,period,6175232,55169,breakout,space_invaders,3,4.0,525
12,period,6175232,55169,breakout,space_invaders,4,23.0,525
12,period,6175232,55169,breakout,space_invaders,5,4.0,525
12,period,6175232,55169,breakout,space_invaders,6,3.0,525
12,period,6175232,55169,breakout,space_invaders,7,3.0,525
12,period,6175232,55169,breakout,space_invaders,8,3.0,525
12,period,6175232,55169,breakout,space_invaders,9,3.0,525
12,period,6175232,55169,breakout,space_invaders,10,3.0,525
12,period,6175232,55169,breakout,freeway,1,15.0,25000
12,period,6175232,55169,breakout,freeway,2,20.0,25000
12,period,6175232,55169,breakout,freeway,3,28.0,25000
12,period,6175232,55169,breakout,freeway,4,16.0,25000
12,period,6175232,55169,breakout,freeway,5,26.0,25000
12,period,6175232,55169,breakout,freeway,6,25.0,25000
12,period,6175232,55169,breakout,freeway,7,15.0,25000
12,period,6175232,55169,breakout,freeway,8,23.0,25000
12,period,6175232,55169,breakout,freeway,9,23.0,25000
12,period,6175232,55169,breakout,freeway,10,24.0,25000
12,period,6200064,55551,breakout,breakout,1,5.0,630
12,period,6200064,55551,breakout,breakout,2,6.0,630
12,period,6200064,55551,breakout,breakout,3,5.0,630
12,period,6200064,55551,breakout,breakout,4,3.0,630
12,period,6200064,55551,breakout,breakout,5,7.0,630
12,period,6200064,55551,breakout,breakout,6,5.0,630
12,period,6200064,55551,breakout,breakout,7,6.0,630
12,period,6200064,55551,breakout,breakout,8,5.0,630
12,period,6200064,55551,breakout,breakout,9,5.0,630
12,period,6200064,55551,breakout,breakout,10,6.0,630
12,period,6200064,55551,breakout,space_invaders,1,4.0,641
12,period,6200064,55551,breakout,space_invaders,2,3.0,641
12,period,6200064,55551,breakout,space_invaders,3,3.0,641
12,period,6200064,55551,breakout,space_invaders,4,20.0,641
12,period,6200064,55551,breakout,space_invaders,5,3.0,641
12,period,6200064,55551,breakout,space_invaders,6,3.0,641
12,period,6200064,55551,breakout,space_invaders,7,4.0,641
12,period,6200064,55551,breakout,space_invaders,8,23.0,641
12,period,6200064,55551,breakout,space_invaders,9,4.0,641
12,period,6200064,55551,breakout,space_invaders,10,3.0,641
12,period,6200064,55551,breakout,freeway,1,25.0,25000
12,period,6200064,55551,breakout,freeway,2,26.0,25000
12,period,6200064,55551,breakout,freeway,3,19.0,25000
12,period,6200064,55551,breakout,freeway,4,15.0,25000
12,period,6200064,55551,breakout,freeway,5,20.0,25000
12,period,6200064,55551,breakout,freeway,6,19.0,25000
12,period,6200064,55551,breakout,freeway,7,19.0,25000
12,period,6200064,55551,breakout,freeway,8,22.0,25000
12,period,6200064,55551,breakout,freeway,9,22.0,25000
12,period,6200064,55551,breakout,freeway,10,21.0,25000
12,period,6225152,55938,breakout,breakout,1,6.0,662
12,period,6225152,55938,breakout,breakout,2,6.0,662
12,period,6225152,55938,breakout,breakout,3,6.0,662
12,period,6225152,55938,breakout,breakout,4,5.0,662
12,period,6225152,55938,breakout,breakout,5,6.0,662
12,period,6225152,55938,breakout,breakout,6,5.0,662
12,period,6225152,55938,breakout,breakout,7,5.0,662
12,period,6225152,55938,breakout,breakout,8,6.0,662
12,period,6225152,55938,breakout,breakout,9,6.0,662
12,period,6225152,55938,breakout,breakout,10,5.0,662
12,period,6225152,55938,breakout,space_invaders,1,4.0,574
12,period,6225152,55938,breakout,space_invaders,2,3.0,574
12,period,6225152,55938,breakout,space_invaders,3,4.0,574
12,period,6225152,55938,breakout,space_invaders,4,4.0,574
12,period,6225152,55938,breakout,space_invaders,5,4.0,574
12,period,6225152,55938,breakout,space_invaders,6,5.0,574
12,period,6225152,55938,breakout,space_invaders,7,4.0,574
12,period,6225152,55938,breakout,space_invaders,8,5.0,574
12,period,6225152,55938,breakout,space_invaders,9,24.0,574
12,period,6225152,55938,breakout,space_invaders,10,4.0,574
12,period,6225152,55938,breakout,freeway,1,17.0,25000
12,period,6225152,55938,breakout,freeway,2,22.0,25000
12,period,6225152,55938,breakout,freeway,3,21.0,25000
12,period,6225152,55938,breakout,freeway,4,22.0,25000
12,period,6225152,55938,breakout,freeway,5,15.0,25000
12,period,6225152,55938,breakout,freeway,6,23.0,25000
12,period,6225152,55938,breakout,freeway,7,27.0,25000
12,period,6225152,55938,breakout,freeway,8,25.0,25000
12,period,6225152,55938,breakout,freeway,9,16.0,25000
12,period,6225152,55938,breakout,freeway,10,15.0,25000
12,period,6250240,56327,breakout,breakout,1,5.0,640
12,period,6250240,56327,breakout,breakout,2,5.0,640
12,period,6250240,56327,breakout,breakout,3,6.0,640
12,period,6250240,56327,breakout,breakout,4,6.0,640
12,period,6250240,56327,breakout,breakout,5,6.0,640
12,period,6250240,56327,breakout,breakout,6,5.0,640
12,period,6250240,56327,breakout,breakout,7,5.0,640
12,period,6250240,56327,breakout,breakout,8,5.0,640
12,period,6250240,56327,breakout,breakout,9,6.0,640
12,period,6250240,56327,breakout,breakout,10,5.0,640
12,period,6250240,56327,breakout,space_invaders,1,3.0,309
12,period,6250240,56327,breakout,space_invaders,2,5.0,309
12,period,6250240,56327,breakout,space_invaders,3,3.0,309
12,period,6250240,56327,breakout,space_invaders,4,3.0,309
12,period,6250240,56327,breakout,space_invaders,5,3.0,309
12,period,6250240,56327,breakout,space_invaders,6,4.0,309
12,period,6250240,56327,breakout,space_invaders,7,3.0,309
12,period,6250240,56327,breakout,space_invaders,8,4.0,309
12,period,6250240,56327,breakout,space_invaders,9,3.0,309
12,period,6250240,56327,breakout,space_invaders,10,5.0,309
12,period,6250240,56327,breakout,freeway,1,25.0,25000
12,period,6250240,56327,breakout,freeway,2,32.0,25000
12,period,6250240,56327,breakout,freeway,3,19.0,25000
12,period,6250240,56327,breakout,freeway,4,21.0,25000
12,period,6250240,56327,breakout,freeway,5,21.0,25000
12,period,6250240,56327,breakout,freeway,6,21.0,25000
12,period,6250240,56327,breakout,freeway,7,24.0,25000
12,period,6250240,56327,breakout,freeway,8,27.0,25000
12,period,6250240,56327,breakout,freeway,9,17.0,25000
12,period,6250240,56327,breakout,freeway,10,25.0,25000
12,period,6275072,56711,breakout,breakout,1,6.0,670
12,period,6275072,56711,breakout,breakout,2,5.0,670
12,period,6275072,56711,breakout,breakout,3,6.0,670
12,period,6275072,56711,breakout,breakout,4,4.0,670
12,period,6275072,56711,breakout,breakout,5,7.0,670
12,period,6275072,56711,breakout,breakout,6,6.0,670
12,period,6275072,56711,breakout,breakout,7,6.0,670
12,period,6275072,56711,breakout,breakout,8,6.0,670
12,period,6275072,56711,breakout,breakout,9,6.0,670
12,period,6275072,56711,breakout,breakout,10,5.0,670
12,period,6275072,56711,breakout,space_invaders,1,3.0,244
12,period,6275072,56711,breakout,space_invaders,2,3.0,244
12,period,6275072,56711,breakout,space_invaders,3,3.0,244
12,period,6275072,56711,breakout,space_invaders,4,3.0,244
12,period,6275072,56711,breakout,space_invaders,5,3.0,244
12,period,6275072,56711,breakout,space_invaders,6,4.0,244
12,period,6275072,56711,breakout,space_invaders,7,2.0,244
12,period,6275072,56711,breakout,space_invaders,8,3.0,244
12,period,6275072,56711,breakout,space_invaders,9,3.0,244
12,period,6275072,56711,breakout,space_invaders,10,3.0,244
12,period,6275072,56711,breakout,freeway,1,30.0,25000
12,period,6275072,56711,breakout,freeway,2,33.0,25000
12,period,6275072,56711,breakout,freeway,3,24.0,25000
12,period,6275072,56711,breakout,freeway,4,24.0,25000
12,period,6275072,56711,breakout,freeway,5,26.0,25000
12,period,6275072,56711,breakout,freeway,6,22.0,25000
12,period,6275072,56711,breakout,freeway,7,21.0,25000
12,period,6275072,56711,breakout,freeway,8,25.0,25000
12,period,6275072,56711,breakout,freeway,9,19.0,25000
12,period,6275072,56711,breakout,freeway,10,25.0,25000
12,period,6300160,57106,breakout,breakout,1,5.0,600
12,period,6300160,57106,breakout,breakout,2,5.0,600
12,period,6300160,57106,breakout,breakout,3,6.0,600
12,period,6300160,57106,breakout,breakout,4,7.0,600
12,period,6300160,57106,breakout,breakout,5,5.0,600
12,period,6300160,57106,breakout,breakout,6,5.0,600
12,period,6300160,57106,breakout,breakout,7,5.0,600
12,period,6300160,57106,breakout,breakout,8,5.0,600
12,period,6300160,57106,breakout,breakout,9,6.0,600
12,period,6300160,57106,breakout,breakout,10,1.0,600
12,period,6300160,57106,breakout,space_invaders,1,21.0,881
12,period,6300160,57106,breakout,space_invaders,2,4.0,881
12,period,6300160,57106,breakout,space_invaders,3,9.0,881
12,period,6300160,57106,breakout,space_invaders,4,3.0,881
12,period,6300160,57106,breakout,space_invaders,5,25.0,881
12,period,6300160,57106,breakout,space_invaders,6,3.0,881
12,period,6300160,57106,breakout,space_invaders,7,11.0,881
12,period,6300160,57106,breakout,space_invaders,8,3.0,881
12,period,6300160,57106,breakout,space_invaders,9,4.0,881
12,period,6300160,57106,breakout,space_invaders,10,3.0,881
12,period,6300160,57106,breakout,freeway,1,25.0,25000
12,period,6300160,57106,breakout,freeway,2,17.0,25000
12,period,6300160,57106,breakout,freeway,3,17.0,25000
12,period,6300160,57106,breakout,freeway,4,19.0,25000
12,period,6300160,57106,breakout,freeway,5,26.0,25000
12,period,6300160,57106,breakout,freeway,6,24.0,25000
12,period,6300160,57106,breakout,freeway,7,25.0,25000
12,period,6300160,57106,breakout,freeway,8,20.0,25000
12,period,6300160,57106,breakout,freeway,9,22.0,25000
12,period,6300160,57106,breakout,freeway,10,23.0,25000
12,period,6325248,57494,breakout,breakout,1,5.0,640
12,period,6325248,57494,breakout,breakout,2,5.0,640
12,period,6325248,57494,breakout,breakout,3,6.0,640
12,period,6325248,57494,breakout,breakout,4,6.0,640
12,period,6325248,57494,breakout,breakout,5,5.0,640
12,period,6325248,57494,breakout,breakout,6,5.0,640
12,period,6325248,57494,breakout,breakout,7,5.0,640
12,period,6325248,57494,breakout,breakout,8,6.0,640
12,period,6325248,57494,breakout,breakout,9,5.0,640
12,period,6325248,57494,breakout,breakout,10,6.0,640
12,period,6325248,57494,breakout,space_invaders,1,4.0,1214
12,period,6325248,57494,breakout,space_invaders,2,10.0,1214
12,period,6325248,57494,breakout,space_invaders,3,22.0,1214
12,period,6325248,57494,breakout,space_invaders,4,10.0,1214
12,period,6325248,57494,breakout,space_invaders,5,8.0,1214
12,period,6325248,57494,breakout,space_invaders,6,23.0,1214
12,period,6325248,57494,breakout,space_invaders,7,3.0,1214
12,period,6325248,57494,breakout,space_invaders,8,33.0,1214
12,period,6325248,57494,breakout,space_invaders,9,3.0,1214
12,period,6325248,57494,breakout,space_invaders,10,5.0,1214
12,period,6325248,57494,breakout,freeway,1,17.0,25000
12,period,6325248,57494,breakout,freeway,2,27.0,25000
12,period,6325248,57494,breakout,freeway,3,23.0,25000
12,period,6325248,57494,breakout,freeway,4,30.0,25000
12,period,6325248,57494,breakout,freeway,5,18.0,25000
12,period,6325248,57494,breakout,freeway,6,24.0,25000
12,period,6325248,57494,breakout,freeway,7,17.0,25000
12,period,6325248,57494,breakout,freeway,8,28.0,25000
12,period,6325248,57494,breakout,freeway,9,12.0,25000
12,period,6325248,57494,breakout,freeway,10,19.0,25000
12,period,6350080,57880,breakout,breakout,1,6.0,640
12,period,6350080,57880,breakout,breakout,2,5.0,640
12,period,6350080,57880,breakout,breakout,3,5.0,640
12,period,6350080,57880,breakout,breakout,4,5.0,640
12,period,6350080,57880,breakout,breakout,5,6.0,640
12,period,6350080,57880,breakout,breakout,6,5.0,640
12,period,6350080,57880,breakout,breakout,7,5.0,640
12,period,6350080,57880,breakout,breakout,8,6.0,640
12,period,6350080,57880,breakout,breakout,9,6.0,640
12,period,6350080,57880,breakout,breakout,10,5.0,640
12,period,6350080,57880,breakout,space_invaders,1,21.0,1173
12,period,6350080,57880,breakout,space_invaders,2,26.0,1173
12,period,6350080,57880,breakout,space_invaders,3,20.0,1173
12,period,6350080,57880,breakout,space_invaders,4,9.0,1173
12,period,6350080,57880,breakout,space_invaders,5,4.0,1173
12,period,6350080,57880,breakout,space_invaders,6,6.0,1173
12,period,6350080,57880,breakout,space_invaders,7,4.0,1173
12,period,6350080,57880,breakout,space_invaders,8,18.0,1173
12,period,6350080,57880,breakout,space_invaders,9,6.0,1173
12,period,6350080,57880,breakout,space_invaders,10,10.0,1173
12,period,6350080,57880,breakout,freeway,1,22.0,25000
12,period,6350080,57880,breakout,freeway,2,22.0,25000
12,period,6350080,57880,breakout,freeway,3,26.0,25000
12,period,6350080,57880,breakout,freeway,4,18.0,25000
12,period,6350080,57880,breakout,freeway,5,26.0,25000
12,period,6350080,57880,breakout,freeway,6,26.0,25000
12,period,6350080,57880,breakout,freeway,7,25.0,25000
12,period,6350080,57880,breakout,freeway,8,21.0,25000
12,period,6350080,57880,breakout,freeway,9,16.0,25000
12,period,6350080,57880,breakout,freeway,10,17.0,25000
12,period,6375168,58264,breakout,breakout,1,6.0,654
12,period,6375168,58264,breakout,breakout,2,5.0,654
12,period,6375168,58264,breakout,breakout,3,6.0,654
12,period,6375168,58264,breakout,breakout,4,5.0,654
12,period,6375168,58264,breakout,breakout,5,5.0,654
12,period,6375168,58264,breakout,breakout,6,6.0,654
12,period,6375168,58264,breakout,breakout,7,5.0,654
12,period,6375168,58264,breakout,breakout,8,6.0,654
12,period,6375168,58264,breakout,breakout,9,6.0,654
12,period,6375168,58264,breakout,breakout,10,5.0,654
12,period,6375168,58264,breakout,space_invaders,1,7.0,671
12,period,6375168,58264,breakout,space_invaders,2,8.0,671
12,period,6375168,58264,breakout,space_invaders,3,8.0,671
12,period,6375168,58264,breakout,space_invaders,4,4.0,671
12,period,6375168,58264,breakout,space_invaders,5,8.0,671
12,period,6375168,58264,breakout,space_invaders,6,10.0,671
12,period,6375168,58264,breakout,space_invaders,7,9.0,671
12,period,6375168,58264,breakout,space_invaders,8,3.0,671
12,period,6375168,58264,breakout,space_invaders,9,6.0,671
12,period,6375168,58264,breakout,space_invaders,10,3.0,671
12,period,6375168,58264,breakout,freeway,1,18.0,25000
12,period,6375168,58264,breakout,freeway,2,25.0,25000
12,period,6375168,58264,breakout,freeway,3,14.0,25000
12,period,6375168,58264,breakout,freeway,4,21.0,25000
12,period,6375168,58264,breakout,freeway,5,20.0,25000
12,period,6375168,58264,breakout,freeway,6,16.0,25000
12,period,6375168,58264,breakout,freeway,7,24.0,25000
12,period,6375168,58264,breakout,freeway,8,22.0,25000
12,period,6375168,58264,breakout,freeway,9,23.0,25000
12,period,6375168,58264,breakout,freeway,10,16.0,25000
12,period,6400000,58649,breakout,breakout,1,6.0,680
12,period,6400000,58649,breakout,breakout,2,6.0,680
12,period,6400000,58649,breakout,breakout,3,6.0,680
12,period,6400000,58649,breakout,breakout,4,5.0,680
12,period,6400000,58649,breakout,breakout,5,6.0,680
12,period,6400000,58649,breakout,breakout,6,6.0,680
12,period,6400000,58649,breakout,breakout,7,5.0,680
12,period,6400000,58649,breakout,breakout,8,6.0,680
12,period,6400000,58649,breakout,breakout,9,6.0,680
12,period,6400000,58649,breakout,breakout,10,6.0,680
12,period,6400000,58649,breakout,space_invaders,1,8.0,724
12,period,6400000,58649,breakout,space_invaders,2,21.0,724
12,period,6400000,58649,breakout,space_invaders,3,8.0,724
12,period,6400000,58649,breakout,space_invaders,4,3.0,724
12,period,6400000,58649,breakout,space_invaders,5,3.0,724
12,period,6400000,58649,breakout,space_invaders,6,3.0,724
12,period,6400000,58649,breakout,space_invaders,7,2.0,724
12,period,6400000,58649,breakout,space_invaders,8,3.0,724
12,period,6400000,58649,breakout,space_invaders,9,2.0,724
12,period,6400000,58649,breakout,space_invaders,10,6.0,724
12,period,6400000,58649,breakout,freeway,1,27.0,25000
12,period,6400000,58649,breakout,freeway,2,22.0,25000
12,period,6400000,58649,breakout,freeway,3,17.0,25000
12,period,6400000,58649,breakout,freeway,4,14.0,25000
12,period,6400000,58649,breakout,freeway,5,20.0,25000
12,period,6400000,58649,breakout,freeway,6,17.0,25000
12,period,6400000,58649,breakout,freeway,7,19.0,25000
12,period,6400000,58649,breakout,freeway,8,20.0,25000
12,period,6400000,58649,breakout,freeway,9,29.0,25000
12,period,6400000,58649,breakout,freeway,10,31.0,25000
12,period,6425088,59045,breakout,breakout,1,6.0,618
12,period,6425088,59045,breakout,breakout,2,5.0,618
12,period,6425088,59045,breakout,breakout,3,5.0,618
12,period,6425088,59045,breakout,breakout,4,3.0,618
12,period,6425088,59045,breakout,breakout,5,5.0,618
12,period,6425088,59045,breakout,breakout,6,6.0,618
12,period,6425088,59045,breakout,breakout,7,6.0,618
12,period,6425088,59045,breakout,breakout,8,6.0,618
12,period,6425088,59045,breakout,breakout,9,5.0,618
12,period,6425088,59045,breakout,breakout,10,5.0,618
12,period,6425088,59045,breakout,space_invaders,1,4.0,400
12,period,6425088,59045,breakout,space_invaders,2,2.0,400
12,period,6425088,59045,breakout,space_invaders,3,2.0,400
12,period,6425088,59045,breakout,space_invaders,4,1.0,400
12,period,6425088,59045,breakout,space_invaders,5,1.0,400
12,period,6425088,59045,breakout,space_invaders,6,3.0,400
12,period,6425088,59045,breakout,space_invaders,7,2.0,400
12,period,6425088,59045,breakout,space_invaders,8,4.0,400
12,period,6425088,59045,breakout,space_invaders,9,3.0,400
12,period,6425088,59045,breakout,space_invaders,10,2.0,400
12,period,6425088,59045,breakout,freeway,1,28.0,25000
12,period,6425088,59045,breakout,freeway,2,15.0,25000
12,period,6425088,59045,breakout,freeway,3,22.0,25000
12,period,6425088,59045,breakout,freeway,4,30.0,25000
12,period,6425088,59045,breakout,freeway,5,18.0,25000
12,period,6425088,59045,breakout,freeway,6,23.0,25000
12,period,6425088,59045,breakout,freeway,7,29.0,25000
12,period,6425088,59045,breakout,freeway,8,18.0,25000
12,period,6425088,59045,breakout,freeway,9,20.0,25000
12,period,6425088,59045,breakout,freeway,10,18.0,25000
12,period,6450176,59436,breakout,breakout,1,6.0,640
12,period,6450176,59436,breakout,breakout,2,6.0,640
12,period,6450176,59436,breakout,breakout,3,7.0,640
12,period,6450176,59436,breakout,breakout,4,5.0,640
12,period,6450176,59436,breakout,breakout,5,5.0,640
12,period,6450176,59436,breakout,breakout,6,5.0,640
12,period,6450176,59436,breakout,breakout,7,5.0,640
12,period,6450176,59436,breakout,breakout,8,5.0,640
12,period,6450176,59436,breakout,breakout,9,5.0,640
12,period,6450176,59436,breakout,breakout,10,5.0,640
12,period,6450176,59436,breakout,space_invaders,1,6.0,884
12,period,6450176,59436,breakout,space_invaders,2,3.0,884
12,period,6450176,59436,breakout,space_invaders,3,3.0,884
12,period,6450176,59436,breakout,space_invaders,4,9.0,884
12,period,6450176,59436,breakout,space_invaders,5,3.0,884
12,period,6450176,59436,breakout,space_invaders,6,4.0,884
12,period,6450176,59436,breakout,space_invaders,7,3.0,884
12,period,6450176,59436,breakout,space_invaders,8,4.0,884
12,period,6450176,59436,breakout,space_invaders,9,23.0,884
12,period,6450176,59436,breakout,space_invaders,10,22.0,884
12,period,6450176,59436,breakout,freeway,1,27.0,25000
12,period,6450176,59436,breakout,freeway,2,24.0,25000
12,period,6450176,59436,breakout,freeway,3,23.0,25000
12,period,6450176,59436,breakout,freeway,4,22.0,25000
12,period,6450176,59436,breakout,freeway,5,25.0,25000
12,period,6450176,59436,breakout,freeway,6,20.0,25000
12,period,6450176,59436,breakout,freeway,7,22.0,25000
12,period,6450176,59436,breakout,freeway,8,25.0,25000
12,period,6450176,59436,breakout,freeway,9,14.0,25000
12,period,6450176,59436,breakout,freeway,10,27.0,25000
12,period,6475008,59821,breakout,breakout,1,5.0,608
12,period,6475008,59821,breakout,breakout,2,5.0,608
12,period,6475008,59821,breakout,breakout,3,6.0,608
12,period,6475008,59821,breakout,breakout,4,3.0,608
12,period,6475008,59821,breakout,breakout,5,6.0,608
12,period,6475008,59821,breakout,breakout,6,5.0,608
12,period,6475008,59821,breakout,breakout,7,5.0,608
12,period,6475008,59821,breakout,breakout,8,5.0,608
12,period,6475008,59821,breakout,breakout,9,5.0,608
12,period,6475008,59821,breakout,breakout,10,6.0,608
12,period,6475008,59821,breakout,space_invaders,1,4.0,307
12,period,6475008,59821,breakout,space_invaders,2,3.0,307
12,period,6475008,59821,breakout,space_invaders,3,4.0,307
12,period,6475008,59821,breakout,space_invaders,4,3.0,307
12,period,6475008,59821,breakout,space_invaders,5,3.0,307
12,period,6475008,59821,breakout,space_invaders,6,3.0,307
12,period,6475008,59821,breakout,space_invaders,7,3.0,307
12,period,6475008,59821,breakout,space_invaders,8,3.0,307
12,period,6475008,59821,breakout,space_invaders,9,4.0,307
12,period,6475008,59821,breakout,space_invaders,10,10.0,307
12,period,6475008,59821,breakout,freeway,1,23.0,25000
12,period,6475008,59821,breakout,freeway,2,30.0,25000
12,period,6475008,59821,breakout,freeway,3,21.0,25000
12,period,6475008,59821,breakout,freeway,4,19.0,25000
12,period,6475008,59821,breakout,freeway,5,27.0,25000
12,period,6475008,59821,breakout,freeway,6,18.0,25000
12,period,6475008,59821,breakout,freeway,7,20.0,25000
12,period,6475008,59821,breakout,freeway,8,24.0,25000
12,period,6475008,59821,breakout,freeway,9,20.0,25000
12,period,6475008,59821,breakout,freeway,10,20.0,25000
13,boundary,6999552,62089,space_invaders,breakout,1,6.0,546
13,boundary,6999552,62089,space_invaders,breakout,2,0.0,546
13,boundary,6999552,62089,space_invaders,breakout,3,5.0,546
13,boundary,6999552,62089,space_invaders,breakout,4,5.0,546
13,boundary,6999552,62089,space_invaders,breakout,5,6.0,546
13,boundary,6999552,62089,space_invaders,breakout,6,6.0,546
13,boundary,6999552,62089,space_invaders,breakout,7,0.0,546
13,boundary,6999552,62089,space_invaders,breakout,8,5.0,546
13,boundary,6999552,62089,space_invaders,breakout,9,6.0,546
13,boundary,6999552,62089,space_invaders,breakout,10,5.0,546
13,boundary,6999552,62089,space_invaders,space_invaders,1,69.0,5705
13,boundary,6999552,62089,space_invaders,space_invaders,2,80.0,5705
13,boundary,6999552,62089,space_invaders,space_invaders,3,67.0,5705
13,boundary,6999552,62089,space_invaders,space_invaders,4,93.0,5705
13,boundary,6999552,62089,space_invaders,space_invaders,5,7.0,5705
13,boundary,6999552,62089,space_invaders,space_invaders,6,22.0,5705
13,boundary,6999552,62089,space_invaders,space_invaders,7,118.0,5705
13,boundary,6999552,62089,space_invaders,space_invaders,8,94.0,5705
13,boundary,6999552,62089,space_invaders,space_invaders,9,109.0,5705
13,boundary,6999552,62089,space_invaders,space_invaders,10,93.0,5705
13,boundary,6999552,62089,space_invaders,freeway,1,18.0,25000
13,boundary,6999552,62089,space_invaders,freeway,2,18.0,25000
13,boundary,6999552,62089,space_invaders,freeway,3,21.0,25000
13,boundary,6999552,62089,space_invaders,freeway,4,18.0,25000
13,boundary,6999552,62089,space_invaders,freeway,5,22.0,25000
13,boundary,6999552,62089,space_invaders,freeway,6,15.0,25000
13,boundary,6999552,62089,space_invaders,freeway,7,17.0,25000
13,boundary,6999552,62089,space_invaders,freeway,8,16.0,25000
13,boundary,6999552,62089,space_invaders,freeway,9,16.0,25000
13,boundary,6999552,62089,space_invaders,freeway,10,5.0,25000
13,period,6500096,60204,space_invaders,breakout,1,5.0,628
13,period,6500096,60204,space_invaders,breakout,2,5.0,628
13,period,6500096,60204,space_invaders,breakout,3,5.0,628
13,period,6500096,60204,space_invaders,breakout,4,6.0,628
13,period,6500096,60204,space_invaders,breakout,5,6.0,628
13,period,6500096,60204,space_invaders,breakout,6,3.0,628
13,period,6500096,60204,space_invaders,breakout,7,5.0,628
13,period,6500096,60204,space_invaders,breakout,8,6.0,628
13,period,6500096,60204,space_invaders,breakout,9,6.0,628
13,period,6500096,60204,space_invaders,breakout,10,6.0,628
13,period,6500096,60204,space_invaders,space_invaders,1,4.0,1390
13,period,6500096,60204,space_invaders,space_invaders,2,71.0,1390
13,period,6500096,60204,space_invaders,space_invaders,3,6.0,1390
13,period,6500096,60204,space_invaders,space_invaders,4,8.0,1390
13,period,6500096,60204,space_invaders,space_invaders,5,5.0,1390
13,period,6500096,60204,space_invaders,space_invaders,6,4.0,1390
13,period,6500096,60204,space_invaders,space_invaders,7,4.0,1390
13,period,6500096,60204,space_invaders,space_invaders,8,27.0,1390
13,period,6500096,60204,space_invaders,space_invaders,9,15.0,1390
13,period,6500096,60204,space_invaders,space_invaders,10,4.0,1390
13,period,6500096,60204,space_invaders,freeway,1,27.0,25000
13,period,6500096,60204,space_invaders,freeway,2,17.0,25000
13,period,6500096,60204,space_invaders,freeway,3,24.0,25000
13,period,6500096,60204,space_invaders,freeway,4,21.0,25000
13,period,6500096,60204,space_invaders,freeway,5,18.0,25000
13,period,6500096,60204,space_invaders,freeway,6,24.0,25000
13,period,6500096,60204,space_invaders,freeway,7,28.0,25000
13,period,6500096,60204,space_invaders,freeway,8,20.0,25000
13,period,6500096,60204,space_invaders,freeway,9,31.0,25000
13,period,6500096,60204,space_invaders,freeway,10,22.0,25000
13,period,6525184,60366,space_invaders,breakout,1,6.0,700
13,period,6525184,60366,space_invaders,breakout,2,6.0,700
13,period,6525184,60366,space_invaders,breakout,3,6.0,700
13,period,6525184,60366,space_invaders,breakout,4,6.0,700
13,period,6525184,60366,space_invaders,breakout,5,6.0,700
13,period,6525184,60366,space_invaders,breakout,6,6.0,700
13,period,6525184,60366,space_invaders,breakout,7,6.0,700
13,period,6525184,60366,space_invaders,breakout,8,6.0,700
13,period,6525184,60366,space_invaders,breakout,9,6.0,700
13,period,6525184,60366,space_invaders,breakout,10,6.0,700
13,period,6525184,60366,space_invaders,space_invaders,1,17.0,2576
13,period,6525184,60366,space_invaders,space_invaders,2,32.0,2576
13,period,6525184,60366,space_invaders,space_invaders,3,64.0,2576
13,period,6525184,60366,space_invaders,space_invaders,4,77.0,2576
13,period,6525184,60366,space_invaders,space_invaders,5,31.0,2576
13,period,6525184,60366,space_invaders,space_invaders,6,23.0,2576
13,period,6525184,60366,space_invaders,space_invaders,7,17.0,2576
13,period,6525184,60366,space_invaders,space_invaders,8,19.0,2576
13,period,6525184,60366,space_invaders,space_invaders,9,35.0,2576
13,period,6525184,60366,space_invaders,space_invaders,10,31.0,2576
13,period,6525184,60366,space_invaders,freeway,1,21.0,25000
13,period,6525184,60366,space_invaders,freeway,2,19.0,25000
13,period,6525184,60366,space_invaders,freeway,3,27.0,25000
13,period,6525184,60366,space_invaders,freeway,4,21.0,25000
13,period,6525184,60366,space_invaders,freeway,5,18.0,25000
13,period,6525184,60366,space_invaders,freeway,6,23.0,25000
13,period,6525184,60366,space_invaders,freeway,7,25.0,25000
13,period,6525184,60366,space_invaders,freeway,8,17.0,25000
13,period,6525184,60366,space_invaders,freeway,9,19.0,25000
13,period,6525184,60366,space_invaders,freeway,10,19.0,25000
13,period,6550016,60466,space_invaders,breakout,1,6.0,628
13,period,6550016,60466,space_invaders,breakout,2,5.0,628
13,period,6550016,60466,space_invaders,breakout,3,6.0,628
13,period,6550016,60466,space_invaders,breakout,4,6.0,628
13,period,6550016,60466,space_invaders,breakout,5,6.0,628
13,period,6550016,60466,space_invaders,breakout,6,5.0,628
13,period,6550016,60466,space_invaders,breakout,7,7.0,628
13,period,6550016,60466,space_invaders,breakout,8,6.0,628
13,period,6550016,60466,space_invaders,breakout,9,5.0,628
13,period,6550016,60466,space_invaders,breakout,10,1.0,628
13,period,6550016,60466,space_invaders,space_invaders,1,82.0,2342
13,period,6550016,60466,space_invaders,space_invaders,2,7.0,2342
13,period,6550016,60466,space_invaders,space_invaders,3,14.0,2342
13,period,6550016,60466,space_invaders,space_invaders,4,61.0,2342
13,period,6550016,60466,space_invaders,space_invaders,5,32.0,2342
13,period,6550016,60466,space_invaders,space_invaders,6,28.0,2342
13,period,6550016,60466,space_invaders,space_invaders,7,27.0,2342
13,period,6550016,60466,space_invaders,space_invaders,8,23.0,2342
13,period,6550016,60466,space_invaders,space_invaders,9,3.0,2342
13,period,6550016,60466,space_invaders,space_invaders,10,28.0,2342
13,period,6550016,60466,space_invaders,freeway,1,30.0,25000
13,period,6550016,60466,space_invaders,freeway,2,27.0,25000
13,period,6550016,60466,space_invaders,freeway,3,14.0,25000
13,period,6550016,60466,space_invaders,freeway,4,21.0,25000
13,period,6550016,60466,space_invaders,freeway,5,24.0,25000
13,period,6550016,60466,space_invaders,freeway,6,26.0,25000
13,period,6550016,60466,space_invaders,freeway,7,24.0,25000
13,period,6550016,60466,space_invaders,freeway,8,24.0,25000
13,period,6550016,60466,space_invaders,freeway,9,21.0,25000
13,period,6550016,60466,space_invaders,freeway,10,28.0,25000
13,period,6575104,60576,space_invaders,breakout,1,5.0,650
13,period,6575104,60576,space_invaders,breakout,2,5.0,650
13,period,6575104,60576,space_invaders,breakout,3,5.0,650
13,period,6575104,60576,space_invaders,breakout,4,5.0,650
13,period,6575104,60576,space_invaders,breakout,5,6.0,650
13,period,6575104,60576,space_invaders,breakout,6,5.0,650
13,period,6575104,60576,space_invaders,breakout,7,5.0,650
13,period,6575104,60576,space_invaders,breakout,8,6.0,650
13,period,6575104,60576,space_invaders,breakout,9,6.0,650
13,period,6575104,60576,space_invaders,breakout,10,7.0,650
13,period,6575104,60576,space_invaders,space_invaders,1,21.0,2033
13,period,6575104,60576,space_invaders,space_invaders,2,37.0,2033
13,period,6575104,60576,space_invaders,space_invaders,3,29.0,2033
13,period,6575104,60576,space_invaders,space_invaders,4,28.0,2033
13,period,6575104,60576,space_invaders,space_invaders,5,27.0,2033
13,period,6575104,60576,space_invaders,space_invaders,6,7.0,2033
13,period,6575104,60576,space_invaders,space_invaders,7,7.0,2033
13,period,6575104,60576,space_invaders,space_invaders,8,36.0,2033
13,period,6575104,60576,space_invaders,space_invaders,9,47.0,2033
13,period,6575104,60576,space_invaders,space_invaders,10,27.0,2033
13,period,6575104,60576,space_invaders,freeway,1,17.0,25000
13,period,6575104,60576,space_invaders,freeway,2,33.0,25000
13,period,6575104,60576,space_invaders,freeway,3,20.0,25000
13,period,6575104,60576,space_invaders,freeway,4,22.0,25000
13,period,6575104,60576,space_invaders,freeway,5,21.0,25000
13,period,6575104,60576,space_invaders,freeway,6,22.0,25000
13,period,6575104,60576,space_invaders,freeway,7,27.0,25000
13,period,6575104,60576,space_invaders,freeway,8,29.0,25000
13,period,6575104,60576,space_invaders,freeway,9,23.0,25000
13,period,6575104,60576,space_invaders,freeway,10,25.0,25000
13,period,6600192,60701,space_invaders,breakout,1,6.0,640
13,period,6600192,60701,space_invaders,breakout,2,5.0,640
13,period,6600192,60701,space_invaders,breakout,3,5.0,640
13,period,6600192,60701,space_invaders,breakout,4,6.0,640
13,period,6600192,60701,space_invaders,breakout,5,5.0,640
13,period,6600192,60701,space_invaders,breakout,6,5.0,640
13,period,6600192,60701,space_invaders,breakout,7,5.0,640
13,period,6600192,60701,space_invaders,breakout,8,6.0,640
13,period,6600192,60701,space_invaders,breakout,9,6.0,640
13,period,6600192,60701,space_invaders,breakout,10,5.0,640
13,period,6600192,60701,space_invaders,space_invaders,1,15.0,982
13,period,6600192,60701,space_invaders,space_invaders,2,11.0,982
13,period,6600192,60701,space_invaders,space_invaders,3,18.0,982
13,period,6600192,60701,space_invaders,space_invaders,4,23.0,982
13,period,6600192,60701,space_invaders,space_invaders,5,12.0,982
13,period,6600192,60701,space_invaders,space_invaders,6,22.0,982
13,period,6600192,60701,space_invaders,space_invaders,7,7.0,982
13,period,6600192,60701,space_invaders,space_invaders,8,7.0,982
13,period,6600192,60701,space_invaders,space_invaders,9,14.0,982
13,period,6600192,60701,space_invaders,space_invaders,10,16.0,982
13,period,6600192,60701,space_invaders,freeway,1,31.0,25000
13,period,6600192,60701,space_invaders,freeway,2,4.0,25000
13,period,6600192,60701,space_invaders,freeway,3,31.0,25000
13,period,6600192,60701,space_invaders,freeway,4,31.0,25000
13,period,6600192,60701,space_invaders,freeway,5,33.0,25000
13,period,6600192,60701,space_invaders,freeway,6,23.0,25000
13,period,6600192,60701,space_invaders,freeway,7,20.0,25000
13,period,6600192,60701,space_invaders,freeway,8,27.0,25000
13,period,6600192,60701,space_invaders,freeway,9,28.0,25000
13,period,6600192,60701,space_invaders,freeway,10,23.0,25000
13,period,6625024,60841,space_invaders,breakout,1,6.0,690
13,period,6625024,60841,space_invaders,breakout,2,5.0,690
13,period,6625024,60841,space_invaders,breakout,3,5.0,690
13,period,6625024,60841,space_invaders,breakout,4,7.0,690
13,period,6625024,60841,space_invaders,breakout,5,5.0,690
13,period,6625024,60841,space_invaders,breakout,6,6.0,690
13,period,6625024,60841,space_invaders,breakout,7,7.0,690
13,period,6625024,60841,space_invaders,breakout,8,6.0,690
13,period,6625024,60841,space_invaders,breakout,9,6.0,690
13,period,6625024,60841,space_invaders,breakout,10,6.0,690
13,period,6625024,60841,space_invaders,space_invaders,1,29.0,1833
13,period,6625024,60841,space_invaders,space_invaders,2,12.0,1833
13,period,6625024,60841,space_invaders,space_invaders,3,27.0,1833
13,period,6625024,60841,space_invaders,space_invaders,4,37.0,1833
13,period,6625024,60841,space_invaders,space_invaders,5,24.0,1833
13,period,6625024,60841,space_invaders,space_invaders,6,26.0,1833
13,period,6625024,60841,space_invaders,space_invaders,7,27.0,1833
13,period,6625024,60841,space_invaders,space_invaders,8,19.0,1833
13,period,6625024,60841,space_invaders,space_invaders,9,29.0,1833
13,period,6625024,60841,space_invaders,space_invaders,10,26.0,1833
13,period,6625024,60841,space_invaders,freeway,1,21.0,25000
13,period,6625024,60841,space_invaders,freeway,2,27.0,25000
13,period,6625024,60841,space_invaders,freeway,3,30.0,25000
13,period,6625024,60841,space_invaders,freeway,4,25.0,25000
13,period,6625024,60841,space_invaders,freeway,5,7.0,25000
13,period,6625024,60841,space_invaders,freeway,6,26.0,25000
13,period,6625024,60841,space_invaders,freeway,7,28.0,25000
13,period,6625024,60841,space_invaders,freeway,8,27.0,25000
13,period,6625024,60841,space_invaders,freeway,9,31.0,25000
13,period,6625024,60841,space_invaders,freeway,10,19.0,25000
13,period,6650112,60964,space_invaders,breakout,1,5.0,640
13,period,6650112,60964,space_invaders,breakout,2,6.0,640
13,period,6650112,60964,space_invaders,breakout,3,5.0,640
13,period,6650112,60964,space_invaders,breakout,4,5.0,640
13,period,6650112,60964,space_invaders,breakout,5,6.0,640
13,period,6650112,60964,space_invaders,breakout,6,5.0,640
13,period,6650112,60964,space_invaders,breakout,7,6.0,640
13,period,6650112,60964,space_invaders,breakout,8,5.0,640
13,period,6650112,60964,space_invaders,breakout,9,6.0,640
13,period,6650112,60964,space_invaders,breakout,10,5.0,640
13,period,6650112,60964,space_invaders,space_invaders,1,51.0,2852
13,period,6650112,60964,space_invaders,space_invaders,2,26.0,2852
13,period,6650112,60964,space_invaders,space_invaders,3,18.0,2852
13,period,6650112,60964,space_invaders,space_invaders,4,25.0,2852
13,period,6650112,60964,space_invaders,space_invaders,5,37.0,2852
13,period,6650112,60964,space_invaders,space_invaders,6,21.0,2852
13,period,6650112,60964,space_invaders,space_invaders,7,122.0,2852
13,period,6650112,60964,space_invaders,space_invaders,8,13.0,2852
13,period,6650112,60964,space_invaders,space_invaders,9,32.0,2852
13,period,6650112,60964,space_invaders,space_invaders,10,51.0,2852
13,period,6650112,60964,space_invaders,freeway,1,19.0,25000
13,period,6650112,60964,space_invaders,freeway,2,23.0,25000
13,period,6650112,60964,space_invaders,freeway,3,25.0,25000
13,period,6650112,60964,space_invaders,freeway,4,24.0,25000
13,period,6650112,60964,space_invaders,freeway,5,17.0,25000
13,period,6650112,60964,space_invaders,freeway,6,9.0,25000
13,period,6650112,60964,space_invaders,freeway,7,21.0,25000
13,period,6650112,60964,space_invaders,freeway,8,20.0,25000
13,period,6650112,60964,space_invaders,freeway,9,28.0,25000
13,period,6650112,60964,space_invaders,freeway,10,25.0,25000
13,period,6675200,61090,space_invaders,breakout,1,5.0,610
13,period,6675200,61090,space_invaders,breakout,2,5.0,610
13,period,6675200,61090,space_invaders,breakout,3,5.0,610
13,period,6675200,61090,space_invaders,breakout,4,5.0,610
13,period,6675200,61090,space_invaders,breakout,5,5.0,610
13,period,6675200,61090,space_invaders,breakout,6,6.0,610
13,period,6675200,61090,space_invaders,breakout,7,5.0,610
13,period,6675200,61090,space_invaders,breakout,8,5.0,610
13,period,6675200,61090,space_invaders,breakout,9,5.0,610
13,period,6675200,61090,space_invaders,breakout,10,5.0,610
13,period,6675200,61090,space_invaders,space_invaders,1,88.0,2559
13,period,6675200,61090,space_invaders,space_invaders,2,74.0,2559
13,period,6675200,61090,space_invaders,space_invaders,3,27.0,2559
13,period,6675200,61090,space_invaders,space_invaders,4,23.0,2559
13,period,6675200,61090,space_invaders,space_invaders,5,23.0,2559
13,period,6675200,61090,space_invaders,space_invaders,6,39.0,2559
13,period,6675200,61090,space_invaders,space_invaders,7,27.0,2559
13,period,6675200,61090,space_invaders,space_invaders,8,6.0,2559
13,period,6675200,61090,space_invaders,space_invaders,9,7.0,2559
13,period,6675200,61090,space_invaders,space_invaders,10,23.0,2559
13,period,6675200,61090,space_invaders,freeway,1,19.0,25000
13,period,6675200,61090,space_invaders,freeway,2,17.0,25000
13,period,6675200,61090,space_invaders,freeway,3,20.0,25000
13,period,6675200,61090,space_invaders,freeway,4,19.0,25000
13,period,6675200,61090,space_invaders,freeway,5,18.0,25000
13,period,6675200,61090,space_invaders,freeway,6,18.0,25000
13,period,6675200,61090,space_invaders,freeway,7,17.0,25000
13,period,6675200,61090,space_invaders,freeway,8,14.0,25000
13,period,6675200,61090,space_invaders,freeway,9,14.0,25000
13,period,6675200,61090,space_invaders,freeway,10,11.0,25000
13,period,6700032,61201,space_invaders,breakout,1,6.0,664
13,period,6700032,61201,space_invaders,breakout,2,5.0,664
13,period,6700032,61201,space_invaders,breakout,3,6.0,664
13,period,6700032,61201,space_invaders,breakout,4,5.0,664
13,period,6700032,61201,space_invaders,breakout,5,5.0,664
13,period,6700032,61201,space_invaders,breakout,6,5.0,664
13,period,6700032,61201,space_invaders,breakout,7,5.0,664
13,period,6700032,61201,space_invaders,breakout,8,6.0,664
13,period,6700032,61201,space_invaders,breakout,9,6.0,664
13,period,6700032,61201,space_invaders,breakout,10,6.0,664
13,period,6700032,61201,space_invaders,space_invaders,1,21.0,2285
13,period,6700032,61201,space_invaders,space_invaders,2,23.0,2285
13,period,6700032,61201,space_invaders,space_invaders,3,12.0,2285
13,period,6700032,61201,space_invaders,space_invaders,4,28.0,2285
13,period,6700032,61201,space_invaders,space_invaders,5,27.0,2285
13,period,6700032,61201,space_invaders,space_invaders,6,22.0,2285
13,period,6700032,61201,space_invaders,space_invaders,7,25.0,2285
13,period,6700032,61201,space_invaders,space_invaders,8,26.0,2285
13,period,6700032,61201,space_invaders,space_invaders,9,31.0,2285
13,period,6700032,61201,space_invaders,space_invaders,10,93.0,2285
13,period,6700032,61201,space_invaders,freeway,1,28.0,25000
13,period,6700032,61201,space_invaders,freeway,2,16.0,25000
13,period,6700032,61201,space_invaders,freeway,3,13.0,25000
13,period,6700032,61201,space_invaders,freeway,4,29.0,25000
13,period,6700032,61201,space_invaders,freeway,5,20.0,25000
13,period,6700032,61201,space_invaders,freeway,6,27.0,25000
13,period,6700032,61201,space_invaders,freeway,7,21.0,25000
13,period,6700032,61201,space_invaders,freeway,8,17.0,25000
13,period,6700032,61201,space_invaders,freeway,9,23.0,25000
13,period,6700032,61201,space_invaders,freeway,10,24.0,25000
13,period,6725120,61303,space_invaders,breakout,1,6.0,680
13,period,6725120,61303,space_invaders,breakout,2,7.0,680
13,period,6725120,61303,space_invaders,breakout,3,6.0,680
13,period,6725120,61303,space_invaders,breakout,4,5.0,680
13,period,6725120,61303,space_invaders,breakout,5,5.0,680
13,period,6725120,61303,space_invaders,breakout,6,5.0,680
13,period,6725120,61303,space_invaders,breakout,7,7.0,680
13,period,6725120,61303,space_invaders,breakout,8,6.0,680
13,period,6725120,61303,space_invaders,breakout,9,6.0,680
13,period,6725120,61303,space_invaders,breakout,10,5.0,680
13,period,6725120,61303,space_invaders,space_invaders,1,71.0,2158
13,period,6725120,61303,space_invaders,space_invaders,2,27.0,2158
13,period,6725120,61303,space_invaders,space_invaders,3,22.0,2158
13,period,6725120,61303,space_invaders,space_invaders,4,17.0,2158
13,period,6725120,61303,space_invaders,space_invaders,5,4.0,2158
13,period,6725120,61303,space_invaders,space_invaders,6,17.0,2158
13,period,6725120,61303,space_invaders,space_invaders,7,27.0,2158
13,period,6725120,61303,space_invaders,space_invaders,8,22.0,2158
13,period,6725120,61303,space_invaders,space_invaders,9,56.0,2158
13,period,6725120,61303,space_invaders,space_invaders,10,26.0,2158
13,period,6725120,61303,space_invaders,freeway,1,21.0,25000
13,period,6725120,61303,space_invaders,freeway,2,21.0,25000
13,period,6725120,61303,space_invaders,freeway,3,18.0,25000
13,period,6725120,61303,space_invaders,freeway,4,24.0,25000
13,period,6725120,61303,space_invaders,freeway,5,20.0,25000
13,period,6725120,61303,space_invaders,freeway,6,15.0,25000
13,period,6725120,61303,space_invaders,freeway,7,23.0,25000
13,period,6725120,61303,space_invaders,freeway,8,19.0,25000
13,period,6725120,61303,space_invaders,freeway,9,25.0,25000
13,period,6725120,61303,space_invaders,freeway,10,19.0,25000
13,period,6750208,61373,space_invaders,breakout,1,6.0,650
13,period,6750208,61373,space_invaders,breakout,2,5.0,650
13,period,6750208,61373,space_invaders,breakout,3,5.0,650
13,period,6750208,61373,space_invaders,breakout,4,6.0,650
13,period,6750208,61373,space_invaders,breakout,5,6.0,650
13,period,6750208,61373,space_invaders,breakout,6,5.0,650
13,period,6750208,61373,space_invaders,breakout,7,5.0,650
13,period,6750208,61373,space_invaders,breakout,8,5.0,650
13,period,6750208,61373,space_invaders,breakout,9,6.0,650
13,period,6750208,61373,space_invaders,breakout,10,6.0,650
13,period,6750208,61373,space_invaders,space_invaders,1,8.0,2200
13,period,6750208,61373,space_invaders,space_invaders,2,30.0,2200
13,period,6750208,61373,space_invaders,space_invaders,3,23.0,2200
13,period,6750208,61373,space_invaders,space_invaders,4,20.0,2200
13,period,6750208,61373,space_invaders,space_invaders,5,43.0,2200
13,period,6750208,61373,space_invaders,space_invaders,6,49.0,2200
13,period,6750208,61373,space_invaders,space_invaders,7,24.0,2200
13,period,6750208,61373,space_invaders,space_invaders,8,28.0,2200
13,period,6750208,61373,space_invaders,space_invaders,9,22.0,2200
13,period,6750208,61373,space_invaders,space_invaders,10,50.0,2200
13,period,6750208,61373,space_invaders,freeway,1,19.0,25000
13,period,6750208,61373,space_invaders,freeway,2,20.0,25000
13,period,6750208,61373,space_invaders,freeway,3,15.0,25000
13,period,6750208,61373,space_invaders,freeway,4,20.0,25000
13,period,6750208,61373,space_invaders,freeway,5,9.0,25000
13,period,6750208,61373,space_invaders,freeway,6,23.0,25000
13,period,6750208,61373,space_invaders,freeway,7,24.0,25000
13,period,6750208,61373,space_invaders,freeway,8,20.0,25000
13,period,6750208,61373,space_invaders,freeway,9,22.0,25000
13,period,6750208,61373,space_invaders,freeway,10,28.0,25000
13,period,6775040,61446,space_invaders,breakout,1,5.0,620
13,period,6775040,61446,space_invaders,breakout,2,5.0,620
13,period,6775040,61446,space_invaders,breakout,3,5.0,620
13,period,6775040,61446,space_invaders,breakout,4,5.0,620
13,period,6775040,61446,space_invaders,breakout,5,6.0,620
13,period,6775040,61446,space_invaders,breakout,6,5.0,620
13,period,6775040,61446,space_invaders,breakout,7,5.0,620
13,period,6775040,61446,space_invaders,breakout,8,5.0,620
13,period,6775040,61446,space_invaders,breakout,9,5.0,620
13,period,6775040,61446,space_invaders,breakout,10,6.0,620
13,period,6775040,61446,space_invaders,space_invaders,1,36.0,3999
13,period,6775040,61446,space_invaders,space_invaders,2,22.0,3999
13,period,6775040,61446,space_invaders,space_invaders,3,61.0,3999
13,period,6775040,61446,space_invaders,space_invaders,4,11.0,3999
13,period,6775040,61446,space_invaders,space_invaders,5,85.0,3999
13,period,6775040,61446,space_invaders,space_invaders,6,71.0,3999
13,period,6775040,61446,space_invaders,space_invaders,7,23.0,3999
13,period,6775040,61446,space_invaders,space_invaders,8,95.0,3999
13,period,6775040,61446,space_invaders,space_invaders,9,43.0,3999
13,period,6775040,61446,space_invaders,space_invaders,10,100.0,3999
13,period,6775040,61446,space_invaders,freeway,1,9.0,25000
13,period,6775040,61446,space_invaders,freeway,2,22.0,25000
13,period,6775040,61446,space_invaders,freeway,3,14.0,25000
13,period,6775040,61446,space_invaders,freeway,4,28.0,25000
13,period,6775040,61446,space_invaders,freeway,5,22.0,25000
13,period,6775040,61446,space_invaders,freeway,6,18.0,25000
13,period,6775040,61446,space_invaders,freeway,7,24.0,25000
13,period,6775040,61446,space_invaders,freeway,8,18.0,25000
13,period,6775040,61446,space_invaders,freeway,9,14.0,25000
13,period,6775040,61446,space_invaders,freeway,10,24.0,25000
13,period,6800128,61503,space_invaders,breakout,1,5.0,640
13,period,6800128,61503,space_invaders,breakout,2,6.0,640
13,period,6800128,61503,space_invaders,breakout,3,5.0,640
13,period,6800128,61503,space_invaders,breakout,4,6.0,640
13,period,6800128,61503,space_invaders,breakout,5,6.0,640
13,period,6800128,61503,space_invaders,breakout,6,5.0,640
13,period,6800128,61503,space_invaders,breakout,7,5.0,640
13,period,6800128,61503,space_invaders,breakout,8,5.0,640
13,period,6800128,61503,space_invaders,breakout,9,6.0,640
13,period,6800128,61503,space_invaders,breakout,10,5.0,640
13,period,6800128,61503,space_invaders,space_invaders,1,18.0,3286
13,period,6800128,61503,space_invaders,space_invaders,2,115.0,3286
13,period,6800128,61503,space_invaders,space_invaders,3,5.0,3286
13,period,6800128,61503,space_invaders,space_invaders,4,79.0,3286
13,period,6800128,61503,space_invaders,space_invaders,5,60.0,3286
13,period,6800128,61503,space_invaders,space_invaders,6,47.0,3286
13,period,6800128,61503,space_invaders,space_invaders,7,55.0,3286
13,period,6800128,61503,space_invaders,space_invaders,8,19.0,3286
13,period,6800128,61503,space_invaders,space_invaders,9,36.0,3286
13,period,6800128,61503,space_invaders,space_invaders,10,24.0,3286
13,period,6800128,61503,space_invaders,freeway,1,7.0,25000
13,period,6800128,61503,space_invaders,freeway,2,15.0,25000
13,period,6800128,61503,space_invaders,freeway,3,8.0,25000
13,period,6800128,61503,space_invaders,freeway,4,15.0,25000
13,period,6800128,61503,space_invaders,freeway,5,19.0,25000
13,period,6800128,61503,space_invaders,freeway,6,28.0,25000
13,period,6800128,61503,space_invaders,freeway,7,14.0,25000
13,period,6800128,61503,space_invaders,freeway,8,19.0,25000
13,period,6800128,61503,space_invaders,freeway,9,16.0,25000
13,period,6800128,61503,space_invaders,freeway,10,19.0,25000
13,period,6825216,61587,space_invaders,breakout,1,5.0,640
13,period,6825216,61587,space_invaders,breakout,2,5.0,640
13,period,6825216,61587,space_invaders,breakout,3,6.0,640
13,period,6825216,61587,space_invaders,breakout,4,6.0,640
13,period,6825216,61587,space_invaders,breakout,5,5.0,640
13,period,6825216,61587,space_invaders,breakout,6,5.0,640
13,period,6825216,61587,space_invaders,breakout,7,5.0,640
13,period,6825216,61587,space_invaders,breakout,8,6.0,640
13,period,6825216,61587,space_invaders,breakout,9,6.0,640
13,period,6825216,61587,space_invaders,breakout,10,5.0,640
13,period,6825216,61587,space_invaders,space_invaders,1,50.0,2521
13,period,6825216,61587,space_invaders,space_invaders,2,32.0,2521
13,period,6825216,61587,space_invaders,space_invaders,3,32.0,2521
13,period,6825216,61587,space_invaders,space_invaders,4,9.0,2521
13,period,6825216,61587,space_invaders,space_invaders,5,21.0,2521
13,period,6825216,61587,space_invaders,space_invaders,6,25.0,2521
13,period,6825216,61587,space_invaders,space_invaders,7,70.0,2521
13,period,6825216,61587,space_invaders,space_invaders,8,40.0,2521
13,period,6825216,61587,space_invaders,space_invaders,9,47.0,2521
13,period,6825216,61587,space_invaders,space_invaders,10,33.0,2521
13,period,6825216,61587,space_invaders,freeway,1,15.0,25000
13,period,6825216,61587,space_invaders,freeway,2,20.0,25000
13,period,6825216,61587,space_invaders,freeway,3,17.0,25000
13,period,6825216,61587,space_invaders,freeway,4,17.0,25000
13,period,6825216,61587,space_invaders,freeway,5,20.0,25000
13,period,6825216,61587,space_invaders,freeway,6,17.0,25000
13,period,6825216,61587,space_invaders,freeway,7,6.0,25000
13,period,6825216,61587,space_invaders,freeway,8,17.0,25000
13,period,6825216,61587,space_invaders,freeway,9,20.0,25000
13,period,6825216,61587,space_invaders,freeway,10,22.0,25000
13,period,6850048,61672,space_invaders,breakout,1,6.0,650
13,period,6850048,61672,space_invaders,breakout,2,5.0,650
13,period,6850048,61672,space_invaders,breakout,3,6.0,650
13,period,6850048,61672,space_invaders,breakout,4,6.0,650
13,period,6850048,61672,space_invaders,breakout,5,5.0,650
13,period,6850048,61672,space_invaders,breakout,6,6.0,650
13,period,6850048,61672,space_invaders,breakout,7,5.0,650
13,period,6850048,61672,space_invaders,breakout,8,6.0,650
13,period,6850048,61672,space_invaders,breakout,9,5.0,650
13,period,6850048,61672,space_invaders,breakout,10,5.0,650
13,period,6850048,61672,space_invaders,space_invaders,1,65.0,3572
13,period,6850048,61672,space_invaders,space_invaders,2,65.0,3572
13,period,6850048,61672,space_invaders,space_invaders,3,27.0,3572
13,period,6850048,61672,space_invaders,space_invaders,4,35.0,3572
13,period,6850048,61672,space_invaders,space_invaders,5,26.0,3572
13,period,6850048,61672,space_invaders,space_invaders,6,50.0,3572
13,period,6850048,61672,space_invaders,space_invaders,7,37.0,3572
13,period,6850048,61672,space_invaders,space_invaders,8,27.0,3572
13,period,6850048,61672,space_invaders,space_invaders,9,56.0,3572
13,period,6850048,61672,space_invaders,space_invaders,10,83.0,3572
13,period,6850048,61672,space_invaders,freeway,1,10.0,25000
13,period,6850048,61672,space_invaders,freeway,2,19.0,25000
13,period,6850048,61672,space_invaders,freeway,3,12.0,25000
13,period,6850048,61672,space_invaders,freeway,4,19.0,25000
13,period,6850048,61672,space_invaders,freeway,5,12.0,25000
13,period,6850048,61672,space_invaders,freeway,6,17.0,25000
13,period,6850048,61672,space_invaders,freeway,7,11.0,25000
13,period,6850048,61672,space_invaders,freeway,8,21.0,25000
13,period,6850048,61672,space_invaders,freeway,9,21.0,25000
13,period,6850048,61672,space_invaders,freeway,10,4.0,25000
13,period,6875136,61742,space_invaders,breakout,1,5.0,670
13,period,6875136,61742,space_invaders,breakout,2,6.0,670
13,period,6875136,61742,space_invaders,breakout,3,6.0,670
13,period,6875136,61742,space_invaders,breakout,4,6.0,670
13,period,6875136,61742,space_invaders,breakout,5,5.0,670
13,period,6875136,61742,space_invaders,breakout,6,6.0,670
13,period,6875136,61742,space_invaders,breakout,7,6.0,670
13,period,6875136,61742,space_invaders,breakout,8,6.0,670
13,period,6875136,61742,space_invaders,breakout,9,5.0,670
13,period,6875136,61742,space_invaders,breakout,10,6.0,670
13,period,6875136,61742,space_invaders,space_invaders,1,14.0,3539
13,period,6875136,61742,space_invaders,space_invaders,2,26.0,3539
13,period,6875136,61742,space_invaders,space_invaders,3,48.0,3539
13,period,6875136,61742,space_invaders,space_invaders,4,34.0,3539
13,period,6875136,61742,space_invaders,space_invaders,5,14.0,3539
13,period,6875136,61742,space_invaders,space_invaders,6,95.0,3539
13,period,6875136,61742,space_invaders,space_invaders,7,40.0,3539
13,period,6875136,61742,space_invaders,space_invaders,8,23.0,3539
13,period,6875136,61742,space_invaders,space_invaders,9,118.0,3539
13,period,6875136,61742,space_invaders,space_invaders,10,26.0,3539
13,period,6875136,61742,space_invaders,freeway,1,24.0,25000
13,period,6875136,61742,space_invaders,freeway,2,13.0,25000
13,period,6875136,61742,space_invaders,freeway,3,16.0,25000
13,period,6875136,61742,space_invaders,freeway,4,21.0,25000
13,period,6875136,61742,space_invaders,freeway,5,6.0,25000
13,period,6875136,61742,space_invaders,freeway,6,20.0,25000
13,period,6875136,61742,space_invaders,freeway,7,13.0,25000
13,period,6875136,61742,space_invaders,freeway,8,10.0,25000
13,period,6875136,61742,space_invaders,freeway,9,18.0,25000
13,period,6875136,61742,space_invaders,freeway,10,28.0,25000
13,period,6900224,61819,space_invaders,breakout,1,5.0,640
13,period,6900224,61819,space_invaders,breakout,2,6.0,640
13,period,6900224,61819,space_invaders,breakout,3,6.0,640
13,period,6900224,61819,space_invaders,breakout,4,5.0,640
13,period,6900224,61819,space_invaders,breakout,5,5.0,640
13,period,6900224,61819,space_invaders,breakout,6,6.0,640
13,period,6900224,61819,space_invaders,breakout,7,5.0,640
13,period,6900224,61819,space_invaders,breakout,8,5.0,640
13,period,6900224,61819,space_invaders,breakout,9,5.0,640
13,period,6900224,61819,space_invaders,breakout,10,6.0,640
13,period,6900224,61819,space_invaders,space_invaders,1,128.0,3713
13,period,6900224,61819,space_invaders,space_invaders,2,95.0,3713
13,period,6900224,61819,space_invaders,space_invaders,3,60.0,3713
13,period,6900224,61819,space_invaders,space_invaders,4,47.0,3713
13,period,6900224,61819,space_invaders,space_invaders,5,23.0,3713
13,period,6900224,61819,space_invaders,space_invaders,6,23.0,3713
13,period,6900224,61819,space_invaders,space_invaders,7,21.0,3713
13,period,6900224,61819,space_invaders,space_invaders,8,45.0,3713
13,period,6900224,61819,space_invaders,space_invaders,9,33.0,3713
13,period,6900224,61819,space_invaders,space_invaders,10,18.0,3713
13,period,6900224,61819,space_invaders,freeway,1,22.0,25000
13,period,6900224,61819,space_invaders,freeway,2,25.0,25000
13,period,6900224,61819,space_invaders,freeway,3,20.0,25000
13,period,6900224,61819,space_invaders,freeway,4,22.0,25000
13,period,6900224,61819,space_invaders,freeway,5,20.0,25000
13,period,6900224,61819,space_invaders,freeway,6,29.0,25000
13,period,6900224,61819,space_invaders,freeway,7,21.0,25000
13,period,6900224,61819,space_invaders,freeway,8,20.0,25000
13,period,6900224,61819,space_invaders,freeway,9,22.0,25000
13,period,6900224,61819,space_invaders,freeway,10,29.0,25000
13,period,6925056,61887,space_invaders,breakout,1,6.0,628
13,period,6925056,61887,space_invaders,breakout,2,6.0,628
13,period,6925056,61887,space_invaders,breakout,3,5.0,628
13,period,6925056,61887,space_invaders,breakout,4,5.0,628
13,period,6925056,61887,space_invaders,breakout,5,7.0,628
13,period,6925056,61887,space_invaders,breakout,6,5.0,628
13,period,6925056,61887,space_invaders,breakout,7,6.0,628
13,period,6925056,61887,space_invaders,breakout,8,1.0,628
13,period,6925056,61887,space_invaders,breakout,9,6.0,628
13,period,6925056,61887,space_invaders,breakout,10,6.0,628
13,period,6925056,61887,space_invaders,space_invaders,1,45.0,4370
13,period,6925056,61887,space_invaders,space_invaders,2,35.0,4370
13,period,6925056,61887,space_invaders,space_invaders,3,49.0,4370
13,period,6925056,61887,space_invaders,space_invaders,4,27.0,4370
13,period,6925056,61887,space_invaders,space_invaders,5,77.0,4370
13,period,6925056,61887,space_invaders,space_invaders,6,53.0,4370
13,period,6925056,61887,space_invaders,space_invaders,7,69.0,4370
13,period,6925056,61887,space_invaders,space_invaders,8,18.0,4370
13,period,6925056,61887,space_invaders,space_invaders,9,95.0,4370
13,period,6925056,61887,space_invaders,space_invaders,10,118.0,4370
13,period,6925056,61887,space_invaders,freeway,1,23.0,25000
13,period,6925056,61887,space_invaders,freeway,2,13.0,25000
13,period,6925056,61887,space_invaders,freeway,3,17.0,25000
13,period,6925056,61887,space_invaders,freeway,4,15.0,25000
13,period,6925056,61887,space_invaders,freeway,5,21.0,25000
13,period,6925056,61887,space_invaders,freeway,6,26.0,25000
13,period,6925056,61887,space_invaders,freeway,7,25.0,25000
13,period,6925056,61887,space_invaders,freeway,8,29.0,25000
13,period,6925056,61887,space_invaders,freeway,9,17.0,25000
13,period,6925056,61887,space_invaders,freeway,10,25.0,25000
13,period,6950144,61956,space_invaders,breakout,1,6.0,660
13,period,6950144,61956,space_invaders,breakout,2,6.0,660
13,period,6950144,61956,space_invaders,breakout,3,6.0,660
13,period,6950144,61956,space_invaders,breakout,4,5.0,660
13,period,6950144,61956,space_invaders,breakout,5,6.0,660
13,period,6950144,61956,space_invaders,breakout,6,4.0,660
13,period,6950144,61956,space_invaders,breakout,7,6.0,660
13,period,6950144,61956,space_invaders,breakout,8,6.0,660
13,period,6950144,61956,space_invaders,breakout,9,5.0,660
13,period,6950144,61956,space_invaders,breakout,10,6.0,660
13,period,6950144,61956,space_invaders,space_invaders,1,83.0,3928
13,period,6950144,61956,space_invaders,space_invaders,2,62.0,3928
13,period,6950144,61956,space_invaders,space_invaders,3,15.0,3928
13,period,6950144,61956,space_invaders,space_invaders,4,37.0,3928
13,period,6950144,61956,space_invaders,space_invaders,5,53.0,3928
13,period,6950144,61956,space_invaders,space_invaders,6,117.0,3928
13,period,6950144,61956,space_invaders,space_invaders,7,82.0,3928
13,period,6950144,61956,space_invaders,space_invaders,8,18.0,3928
13,period,6950144,61956,space_invaders,space_invaders,9,46.0,3928
13,period,6950144,61956,space_invaders,space_invaders,10,38.0,3928
13,period,6950144,61956,space_invaders,freeway,1,16.0,25000
13,period,6950144,61956,space_invaders,freeway,2,9.0,25000
13,period,6950144,61956,space_invaders,freeway,3,20.0,25000
13,period,6950144,61956,space_invaders,freeway,4,20.0,25000
13,period,6950144,61956,space_invaders,freeway,5,25.0,25000
13,period,6950144,61956,space_invaders,freeway,6,21.0,25000
13,period,6950144,61956,space_invaders,freeway,7,4.0,25000
13,period,6950144,61956,space_invaders,freeway,8,3.0,25000
13,period,6950144,61956,space_invaders,freeway,9,21.0,25000
13,period,6950144,61956,space_invaders,freeway,10,16.0,25000
13,period,6975232,62037,space_invaders,breakout,1,5.0,626
13,period,6975232,62037,space_invaders,breakout,2,5.0,626
13,period,6975232,62037,space_invaders,breakout,3,5.0,626
13,period,6975232,62037,space_invaders,breakout,4,6.0,626
13,period,6975232,62037,space_invaders,breakout,5,6.0,626
13,period,6975232,62037,space_invaders,breakout,6,5.0,626
13,period,6975232,62037,space_invaders,breakout,7,5.0,626
13,period,6975232,62037,space_invaders,breakout,8,5.0,626
13,period,6975232,62037,space_invaders,breakout,9,5.0,626
13,period,6975232,62037,space_invaders,breakout,10,5.0,626
13,period,6975232,62037,space_invaders,space_invaders,1,61.0,3429
13,period,6975232,62037,space_invaders,space_invaders,2,43.0,3429
13,period,6975232,62037,space_invaders,space_invaders,3,24.0,3429
13,period,6975232,62037,space_invaders,space_invaders,4,47.0,3429
13,period,6975232,62037,space_invaders,space_invaders,5,28.0,3429
13,period,6975232,62037,space_invaders,space_invaders,6,84.0,3429
13,period,6975232,62037,space_invaders,space_invaders,7,60.0,3429
13,period,6975232,62037,space_invaders,space_invaders,8,46.0,3429
13,period,6975232,62037,space_invaders,space_invaders,9,23.0,3429
13,period,6975232,62037,space_invaders,space_invaders,10,48.0,3429
13,period,6975232,62037,space_invaders,freeway,1,20.0,25000
13,period,6975232,62037,space_invaders,freeway,2,19.0,25000
13,period,6975232,62037,space_invaders,freeway,3,25.0,25000
13,period,6975232,62037,space_invaders,freeway,4,11.0,25000
13,period,6975232,62037,space_invaders,freeway,5,20.0,25000
13,period,6975232,62037,space_invaders,freeway,6,22.0,25000
13,period,6975232,62037,space_invaders,freeway,7,21.0,25000
13,period,6975232,62037,space_invaders,freeway,8,15.0,25000
13,period,6975232,62037,space_invaders,freeway,9,14.0,25000
13,period,6975232,62037,space_invaders,freeway,10,16.0,25000
14,boundary,7499520,62281,freeway,breakout,1,5.0,672
14,boundary,7499520,62281,freeway,breakout,2,6.0,672
14,boundary,7499520,62281,freeway,breakout,3,6.0,672
14,boundary,7499520,62281,freeway,breakout,4,6.0,672
14,boundary,7499520,62281,freeway,breakout,5,6.0,672
14,boundary,7499520,62281,freeway,breakout,6,6.0,672
14,boundary,7499520,62281,freeway,breakout,7,6.0,672
14,boundary,7499520,62281,freeway,breakout,8,6.0,672
14,boundary,7499520,62281,freeway,breakout,9,5.0,672
14,boundary,7499520,62281,freeway,breakout,10,5.0,672
14,boundary,7499520,62281,freeway,space_invaders,1,37.0,3632
14,boundary,7499520,62281,freeway,space_invaders,2,80.0,3632
14,boundary,7499520,62281,freeway,space_invaders,3,20.0,3632
14,boundary,7499520,62281,freeway,space_invaders,4,23.0,3632
14,boundary,7499520,62281,freeway,space_invaders,5,56.0,3632
14,boundary,7499520,62281,freeway,space_invaders,6,47.0,3632
14,boundary,7499520,62281,freeway,space_invaders,7,59.0,3632
14,boundary,7499520,62281,freeway,space_invaders,8,56.0,3632
14,boundary,7499520,62281,freeway,space_invaders,9,78.0,3632
14,boundary,7499520,62281,freeway,space_invaders,10,14.0,3632
14,boundary,7499520,62281,freeway,freeway,1,27.0,25000
14,boundary,7499520,62281,freeway,freeway,2,17.0,25000
14,boundary,7499520,62281,freeway,freeway,3,29.0,25000
14,boundary,7499520,62281,freeway,freeway,4,34.0,25000
14,boundary,7499520,62281,freeway,freeway,5,28.0,25000
14,boundary,7499520,62281,freeway,freeway,6,12.0,25000
14,boundary,7499520,62281,freeway,freeway,7,22.0,25000
14,boundary,7499520,62281,freeway,freeway,8,28.0,25000
14,boundary,7499520,62281,freeway,freeway,9,20.0,25000
14,boundary,7499520,62281,freeway,freeway,10,21.0,25000
14,period,7000064,62089,freeway,breakout,1,4.0,396
14,period,7000064,62089,freeway,breakout,2,5.0,396
14,period,7000064,62089,freeway,breakout,3,3.0,396
14,period,7000064,62089,freeway,breakout,4,5.0,396
14,period,7000064,62089,freeway,breakout,5,3.0,396
14,period,7000064,62089,freeway,breakout,6,3.0,396
14,period,7000064,62089,freeway,breakout,7,0.0,396
14,period,7000064,62089,freeway,breakout,8,3.0,396
14,period,7000064,62089,freeway,breakout,9,5.0,396
14,period,7000064,62089,freeway,breakout,10,0.0,396
14,period,7000064,62089,freeway,space_invaders,1,59.0,3926
14,period,7000064,62089,freeway,space_invaders,2,19.0,3926
14,period,7000064,62089,freeway,space_invaders,3,78.0,3926
14,period,7000064,62089,freeway,space_invaders,4,64.0,3926
14,period,7000064,62089,freeway,space_invaders,5,23.0,3926
14,period,7000064,62089,freeway,space_invaders,6,81.0,3926
14,period,7000064,62089,freeway,space_invaders,7,47.0,3926
14,period,7000064,62089,freeway,space_invaders,8,29.0,3926
14,period,7000064,62089,freeway,space_invaders,9,81.0,3926
14,period,7000064,62089,freeway,space_invaders,10,43.0,3926
14,period,7000064,62089,freeway,freeway,1,18.0,25000
14,period,7000064,62089,freeway,freeway,2,18.0,25000
14,period,7000064,62089,freeway,freeway,3,15.0,25000
14,period,7000064,62089,freeway,freeway,4,26.0,25000
14,period,7000064,62089,freeway,freeway,5,23.0,25000
14,period,7000064,62089,freeway,freeway,6,26.0,25000
14,period,7000064,62089,freeway,freeway,7,18.0,25000
14,period,7000064,62089,freeway,freeway,8,19.0,25000
14,period,7000064,62089,freeway,freeway,9,26.0,25000
14,period,7000064,62089,freeway,freeway,10,21.0,25000
14,period,7025152,62089,freeway,breakout,1,6.0,564
14,period,7025152,62089,freeway,breakout,2,3.0,564
14,period,7025152,62089,freeway,breakout,3,5.0,564
14,period,7025152,62089,freeway,breakout,4,6.0,564
14,period,7025152,62089,freeway,breakout,5,5.0,564
14,period,7025152,62089,freeway,breakout,6,5.0,564
14,period,7025152,62089,freeway,breakout,7,5.0,564
14,period,7025152,62089,freeway,breakout,8,6.0,564
14,period,7025152,62089,freeway,breakout,9,6.0,564
14,period,7025152,62089,freeway,breakout,10,0.0,564
14,period,7025152,62089,freeway,space_invaders,1,71.0,4198
14,period,7025152,62089,freeway,space_invaders,2,67.0,4198
14,period,7025152,62089,freeway,space_invaders,3,29.0,4198
14,period,7025152,62089,freeway,space_invaders,4,63.0,4198
14,period,7025152,62089,freeway,space_invaders,5,16.0,4198
14,period,7025152,62089,freeway,space_invaders,6,156.0,4198
14,period,7025152,62089,freeway,space_invaders,7,53.0,4198
14,period,7025152,62089,freeway,space_invaders,8,31.0,4198
14,period,7025152,62089,freeway,space_invaders,9,46.0,4198
14,period,7025152,62089,freeway,space_invaders,10,49.0,4198
14,period,7025152,62089,freeway,freeway,1,23.0,25000
14,period,7025152,62089,freeway,freeway,2,29.0,25000
14,period,7025152,62089,freeway,freeway,3,24.0,25000
14,period,7025152,62089,freeway,freeway,4,22.0,25000
14,period,7025152,62089,freeway,freeway,5,18.0,25000
14,period,7025152,62089,freeway,freeway,6,14.0,25000
14,period,7025152,62089,freeway,freeway,7,23.0,25000
14,period,7025152,62089,freeway,freeway,8,23.0,25000
14,period,7025152,62089,freeway,freeway,9,16.0,25000
14,period,7025152,62089,freeway,freeway,10,16.0,25000
14,period,7050240,62105,freeway,breakout,1,6.0,630
14,period,7050240,62105,freeway,breakout,2,6.0,630
14,period,7050240,62105,freeway,breakout,3,5.0,630
14,period,7050240,62105,freeway,breakout,4,5.0,630
14,period,7050240,62105,freeway,breakout,5,5.0,630
14,period,7050240,62105,freeway,breakout,6,5.0,630
14,period,7050240,62105,freeway,breakout,7,5.0,630
14,period,7050240,62105,freeway,breakout,8,5.0,630
14,period,7050240,62105,freeway,breakout,9,6.0,630
14,period,7050240,62105,freeway,breakout,10,5.0,630
14,period,7050240,62105,freeway,space_invaders,1,64.0,4922
14,period,7050240,62105,freeway,space_invaders,2,39.0,4922
14,period,7050240,62105,freeway,space_invaders,3,39.0,4922
14,period,7050240,62105,freeway,space_invaders,4,118.0,4922
14,period,7050240,62105,freeway,space_invaders,5,61.0,4922
14,period,7050240,62105,freeway,space_invaders,6,161.0,4922
14,period,7050240,62105,freeway,space_invaders,7,30.0,4922
14,period,7050240,62105,freeway,space_invaders,8,37.0,4922
14,period,7050240,62105,freeway,space_invaders,9,39.0,4922
14,period,7050240,62105,freeway,space_invaders,10,108.0,4922
14,period,7050240,62105,freeway,freeway,1,27.0,25000
14,period,7050240,62105,freeway,freeway,2,25.0,25000
14,period,7050240,62105,freeway,freeway,3,17.0,25000
14,period,7050240,62105,freeway,freeway,4,21.0,25000
14,period,7050240,62105,freeway,freeway,5,21.0,25000
14,period,7050240,62105,freeway,freeway,6,20.0,25000
14,period,7050240,62105,freeway,freeway,7,15.0,25000
14,period,7050240,62105,freeway,freeway,8,23.0,25000
14,period,7050240,62105,freeway,freeway,9,32.0,25000
14,period,7050240,62105,freeway,freeway,10,26.0,25000
14,period,7075072,62105,freeway,breakout,1,6.0,670
14,period,7075072,62105,freeway,breakout,2,6.0,670
14,period,7075072,62105,freeway,breakout,3,6.0,670
14,period,7075072,62105,freeway,breakout,4,7.0,670
14,period,7075072,62105,freeway,breakout,5,6.0,670
14,period,7075072,62105,freeway,breakout,6,6.0,670
14,period,7075072,62105,freeway,breakout,7,5.0,670
14,period,7075072,62105,freeway,breakout,8,5.0,670
14,period,7075072,62105,freeway,breakout,9,5.0,670
14,period,7075072,62105,freeway,breakout,10,5.0,670
14,period,7075072,62105,freeway,space_invaders,1,38.0,3596
14,period,7075072,62105,freeway,space_invaders,2,67.0,3596
14,period,7075072,62105,freeway,space_invaders,3,23.0,3596
14,period,7075072,62105,freeway,space_invaders,4,47.0,3596
14,period,7075072,62105,freeway,space_invaders,5,60.0,3596
14,period,7075072,62105,freeway,space_invaders,6,23.0,3596
14,period,7075072,62105,freeway,space_invaders,7,38.0,3596
14,period,7075072,62105,freeway,space_invaders,8,95.0,3596
14,period,7075072,62105,freeway,space_invaders,9,22.0,3596
14,period,7075072,62105,freeway,space_invaders,10,47.0,3596
14,period,7075072,62105,freeway,freeway,1,27.0,25000
14,period,7075072,62105,freeway,freeway,2,26.0,25000
14,period,7075072,62105,freeway,freeway,3,21.0,25000
14,period,7075072,62105,freeway,freeway,4,31.0,25000
14,period,7075072,62105,freeway,freeway,5,24.0,25000
14,period,7075072,62105,freeway,freeway,6,36.0,25000
14,period,7075072,62105,freeway,freeway,7,20.0,25000
14,period,7075072,62105,freeway,freeway,8,19.0,25000
14,period,7075072,62105,freeway,freeway,9,24.0,25000
14,period,7075072,62105,freeway,freeway,10,19.0,25000
14,period,7100160,62121,freeway,breakout,1,6.0,562
14,period,7100160,62121,freeway,breakout,2,6.0,562
14,period,7100160,62121,freeway,breakout,3,6.0,562
14,period,7100160,62121,freeway,breakout,4,3.0,562
14,period,7100160,62121,freeway,breakout,5,1.0,562
14,period,7100160,62121,freeway,breakout,6,6.0,562
14,period,7100160,62121,freeway,breakout,7,3.0,562
14,period,7100160,62121,freeway,breakout,8,5.0,562
14,period,7100160,62121,freeway,breakout,9,6.0,562
14,period,7100160,62121,freeway,breakout,10,5.0,562
14,period,7100160,62121,freeway,space_invaders,1,99.0,3231
14,period,7100160,62121,freeway,space_invaders,2,38.0,3231
14,period,7100160,62121,freeway,space_invaders,3,45.0,3231
14,period,7100160,62121,freeway,space_invaders,4,41.0,3231
14,period,7100160,62121,freeway,space_invaders,5,119.0,3231
14,period,7100160,62121,freeway,space_invaders,6,25.0,3231
14,period,7100160,62121,freeway,space_invaders,7,14.0,3231
14,period,7100160,62121,freeway,space_invaders,8,32.0,3231
14,period,7100160,62121,freeway,space_invaders,9,12.0,3231
14,period,7100160,62121,freeway,space_invaders,10,11.0,3231
14,period,7100160,62121,freeway,freeway,1,26.0,25000
14,period,7100160,62121,freeway,freeway,2,19.0,25000
14,period,7100160,62121,freeway,freeway,3,23.0,25000
14,period,7100160,62121,freeway,freeway,4,24.0,25000
14,period,7100160,62121,freeway,freeway,5,21.0,25000
14,period,7100160,62121,freeway,freeway,6,27.0,25000
14,period,7100160,62121,freeway,freeway,7,16.0,25000
14,period,7100160,62121,freeway,freeway,8,30.0,25000
14,period,7100160,62121,freeway,freeway,9,26.0,25000
14,period,7100160,62121,freeway,freeway,10,15.0,25000
14,period,7125248,62137,freeway,breakout,1,5.0,680
14,period,7125248,62137,freeway,breakout,2,6.0,680
14,period,7125248,62137,freeway,breakout,3,5.0,680
14,period,7125248,62137,freeway,breakout,4,6.0,680
14,period,7125248,62137,freeway,breakout,5,6.0,680
14,period,7125248,62137,freeway,breakout,6,6.0,680
14,period,7125248,62137,freeway,breakout,7,6.0,680
14,period,7125248,62137,freeway,breakout,8,6.0,680
14,period,7125248,62137,freeway,breakout,9,6.0,680
14,period,7125248,62137,freeway,breakout,10,6.0,680
14,period,7125248,62137,freeway,space_invaders,1,31.0,4097
14,period,7125248,62137,freeway,space_invaders,2,40.0,4097
14,period,7125248,62137,freeway,space_invaders,3,58.0,4097
14,period,7125248,62137,freeway,space_invaders,4,84.0,4097
14,period,7125248,62137,freeway,space_invaders,5,91.0,4097
14,period,7125248,62137,freeway,space_invaders,6,44.0,4097
14,period,7125248,62137,freeway,space_invaders,7,36.0,4097
14,period,7125248,62137,freeway,space_invaders,8,93.0,4097
14,period,7125248,62137,freeway,space_invaders,9,70.0,4097
14,period,7125248,62137,freeway,space_invaders,10,22.0,4097
14,period,7125248,62137,freeway,freeway,1,33.0,25000
14,period,7125248,62137,freeway,freeway,2,37.0,25000
14,period,7125248,62137,freeway,freeway,3,12.0,25000
14,period,7125248,62137,freeway,freeway,4,22.0,25000
14,period,7125248,62137,freeway,freeway,5,31.0,25000
14,period,7125248,62137,freeway,freeway,6,28.0,25000
14,period,7125248,62137,freeway,freeway,7,29.0,25000
14,period,7125248,62137,freeway,freeway,8,30.0,25000
14,period,7125248,62137,freeway,freeway,9,17.0,25000
14,period,7125248,62137,freeway,freeway,10,32.0,25000
14,period,7150080,62137,freeway,breakout,1,5.0,680
14,period,7150080,62137,freeway,breakout,2,6.0,680
14,period,7150080,62137,freeway,breakout,3,6.0,680
14,period,7150080,62137,freeway,breakout,4,6.0,680
14,period,7150080,62137,freeway,breakout,5,6.0,680
14,period,7150080,62137,freeway,breakout,6,6.0,680
14,period,7150080,62137,freeway,breakout,7,6.0,680
14,period,7150080,62137,freeway,breakout,8,5.0,680
14,period,7150080,62137,freeway,breakout,9,6.0,680
14,period,7150080,62137,freeway,breakout,10,6.0,680
14,period,7150080,62137,freeway,space_invaders,1,46.0,4355
14,period,7150080,62137,freeway,space_invaders,2,71.0,4355
14,period,7150080,62137,freeway,space_invaders,3,60.0,4355
14,period,7150080,62137,freeway,space_invaders,4,12.0,4355
14,period,7150080,62137,freeway,space_invaders,5,23.0,4355
14,period,7150080,62137,freeway,space_invaders,6,139.0,4355
14,period,7150080,62137,freeway,space_invaders,7,54.0,4355
14,period,7150080,62137,freeway,space_invaders,8,22.0,4355
14,period,7150080,62137,freeway,space_invaders,9,94.0,4355
14,period,7150080,62137,freeway,space_invaders,10,23.0,4355
14,period,7150080,62137,freeway,freeway,1,34.0,25000
14,period,7150080,62137,freeway,freeway,2,26.0,25000
14,period,7150080,62137,freeway,freeway,3,24.0,25000
14,period,7150080,62137,freeway,freeway,4,23.0,25000
14,period,7150080,62137,freeway,freeway,5,22.0,25000
14,period,7150080,62137,freeway,freeway,6,24.0,25000
14,period,7150080,62137,freeway,freeway,7,19.0,25000
14,period,7150080,62137,freeway,freeway,8,26.0,25000
14,period,7150080,62137,freeway,freeway,9,16.0,25000
14,period,7150080,62137,freeway,freeway,10,30.0,25000
14,period,7175168,62153,freeway,breakout,1,5.0,554
14,period,7175168,62153,freeway,breakout,2,5.0,554
14,period,7175168,62153,freeway,breakout,3,5.0,554
14,period,7175168,62153,freeway,breakout,4,6.0,554
14,period,7175168,62153,freeway,breakout,5,0.0,554
14,period,7175168,62153,freeway,breakout,6,6.0,554
14,period,7175168,62153,freeway,breakout,7,5.0,554
14,period,7175168,62153,freeway,breakout,8,6.0,554
14,period,7175168,62153,freeway,breakout,9,6.0,554
14,period,7175168,62153,freeway,breakout,10,2.0,554
14,period,7175168,62153,freeway,space_invaders,1,14.0,3477
14,period,7175168,62153,freeway,space_invaders,2,47.0,3477
14,period,7175168,62153,freeway,space_invaders,3,17.0,3477
14,period,7175168,62153,freeway,space_invaders,4,15.0,3477
14,period,7175168,62153,freeway,space_invaders,5,69.0,3477
14,period,7175168,62153,freeway,space_invaders,6,38.0,3477
14,period,7175168,62153,freeway,space_invaders,7,95.0,3477
14,period,7175168,62153,freeway,space_invaders,8,47.0,3477
14,period,7175168,62153,freeway,space_invaders,9,36.0,3477
14,period,7175168,62153,freeway,space_invaders,10,79.0,3477
14,period,7175168,62153,freeway,freeway,1,21.0,25000
14,period,7175168,62153,freeway,freeway,2,21.0,25000
14,period,7175168,62153,freeway,freeway,3,27.0,25000
14,period,7175168,62153,freeway,freeway,4,29.0,25000
14,period,7175168,62153,freeway,freeway,5,27.0,25000
14,period,7175168,62153,freeway,freeway,6,31.0,25000
14,period,7175168,62153,freeway,freeway,7,31.0,25000
14,period,7175168,62153,freeway,freeway,8,29.0,25000
14,period,7175168,62153,freeway,freeway,9,18.0,25000
14,period,7175168,62153,freeway,freeway,10,23.0,25000
14,period,7200000,62169,freeway,breakout,1,3.0,526
14,period,7200000,62169,freeway,breakout,2,6.0,526
14,period,7200000,62169,freeway,breakout,3,3.0,526
14,period,7200000,62169,freeway,breakout,4,6.0,526
14,period,7200000,62169,freeway,breakout,5,0.0,526
14,period,7200000,62169,freeway,breakout,6,6.0,526
14,period,7200000,62169,freeway,breakout,7,5.0,526
14,period,7200000,62169,freeway,breakout,8,1.0,526
14,period,7200000,62169,freeway,breakout,9,6.0,526
14,period,7200000,62169,freeway,breakout,10,7.0,526
14,period,7200000,62169,freeway,space_invaders,1,65.0,2811
14,period,7200000,62169,freeway,space_invaders,2,18.0,2811
14,period,7200000,62169,freeway,space_invaders,3,67.0,2811
14,period,7200000,62169,freeway,space_invaders,4,23.0,2811
14,period,7200000,62169,freeway,space_invaders,5,45.0,2811
14,period,7200000,62169,freeway,space_invaders,6,32.0,2811
14,period,7200000,62169,freeway,space_invaders,7,18.0,2811
14,period,7200000,62169,freeway,space_invaders,8,47.0,2811
14,period,7200000,62169,freeway,space_invaders,9,35.0,2811
14,period,7200000,62169,freeway,space_invaders,10,26.0,2811
14,period,7200000,62169,freeway,freeway,1,24.0,25000
14,period,7200000,62169,freeway,freeway,2,33.0,25000
14,period,7200000,62169,freeway,freeway,3,26.0,25000
14,period,7200000,62169,freeway,freeway,4,18.0,25000
14,period,7200000,62169,freeway,freeway,5,32.0,25000
14,period,7200000,62169,freeway,freeway,6,33.0,25000
14,period,7200000,62169,freeway,freeway,7,29.0,25000
14,period,7200000,62169,freeway,freeway,8,23.0,25000
14,period,7200000,62169,freeway,freeway,9,20.0,25000
14,period,7200000,62169,freeway,freeway,10,20.0,25000
14,period,7225088,62169,freeway,breakout,1,6.0,660
14,period,7225088,62169,freeway,breakout,2,5.0,660
14,period,7225088,62169,freeway,breakout,3,5.0,660
14,period,7225088,62169,freeway,breakout,4,6.0,660
14,period,7225088,62169,freeway,breakout,5,6.0,660
14,period,7225088,62169,freeway,breakout,6,5.0,660
14,period,7225088,62169,freeway,breakout,7,6.0,660
14,period,7225088,62169,freeway,breakout,8,6.0,660
14,period,7225088,62169,freeway,breakout,9,6.0,660
14,period,7225088,62169,freeway,breakout,10,5.0,660
14,period,7225088,62169,freeway,space_invaders,1,23.0,1709
14,period,7225088,62169,freeway,space_invaders,2,16.0,1709
14,period,7225088,62169,freeway,space_invaders,3,25.0,1709
14,period,7225088,62169,freeway,space_invaders,4,7.0,1709
14,period,7225088,62169,freeway,space_invaders,5,49.0,1709
14,period,7225088,62169,freeway,space_invaders,6,3.0,1709
14,period,7225088,62169,freeway,space_invaders,7,15.0,1709
14,period,7225088,62169,freeway,space_invaders,8,66.0,1709
14,period,7225088,62169,freeway,space_invaders,9,15.0,1709
14,period,7225088,62169,freeway,space_invaders,10,31.0,1709
14,period,7225088,62169,freeway,freeway,1,18.0,25000
14,period,7225088,62169,freeway,freeway,2,35.0,25000
14,period,7225088,62169,freeway,freeway,3,26.0,25000
14,period,7225088,62169,freeway,freeway,4,22.0,25000
14,period,7225088,62169,freeway,freeway,5,19.0,25000
14,period,7225088,62169,freeway,freeway,6,30.0,25000
14,period,7225088,62169,freeway,freeway,7,36.0,25000
14,period,7225088,62169,freeway,freeway,8,28.0,25000
14,period,7225088,62169,freeway,freeway,9,25.0,25000
14,period,7225088,62169,freeway,freeway,10,35.0,25000
14,period,7250176,62185,freeway,breakout,1,6.0,630
14,period,7250176,62185,freeway,breakout,2,5.0,630
14,period,7250176,62185,freeway,breakout,3,5.0,630
14,period,7250176,62185,freeway,breakout,4,5.0,630
14,period,7250176,62185,freeway,breakout,5,5.0,630
14,period,7250176,62185,freeway,breakout,6,6.0,630
14,period,7250176,62185,freeway,breakout,7,5.0,630
14,period,7250176,62185,freeway,breakout,8,5.0,630
14,period,7250176,62185,freeway,breakout,9,5.0,630
14,period,7250176,62185,freeway,breakout,10,6.0,630
14,period,7250176,62185,freeway,space_invaders,1,51.0,624
14,period,7250176,62185,freeway,space_invaders,2,3.0,624
14,period,7250176,62185,freeway,space_invaders,3,4.0,624
14,period,7250176,62185,freeway,space_invaders,4,7.0,624
14,period,7250176,62185,freeway,space_invaders,5,3.0,624
14,period,7250176,62185,freeway,space_invaders,6,3.0,624
14,period,7250176,62185,freeway,space_invaders,7,4.0,624
14,period,7250176,62185,freeway,space_invaders,8,4.0,624
14,period,7250176,62185,freeway,space_invaders,9,4.0,624
14,period,7250176,62185,freeway,space_invaders,10,3.0,624
14,period,7250176,62185,freeway,freeway,1,26.0,25000
14,period,7250176,62185,freeway,freeway,2,21.0,25000
14,period,7250176,62185,freeway,freeway,3,35.0,25000
14,period,7250176,62185,freeway,freeway,4,28.0,25000
14,period,7250176,62185,freeway,freeway,5,31.0,25000
14,period,7250176,62185,freeway,freeway,6,37.0,25000
14,period,7250176,62185,freeway,freeway,7,23.0,25000
14,period,7250176,62185,freeway,freeway,8,27.0,25000
14,period,7250176,62185,freeway,freeway,9,30.0,25000
14,period,7250176,62185,freeway,freeway,10,31.0,25000
14,period,7275008,62185,freeway,breakout,1,5.0,660
14,period,7275008,62185,freeway,breakout,2,5.0,660
14,period,7275008,62185,freeway,breakout,3,7.0,660
14,period,7275008,62185,freeway,breakout,4,5.0,660
14,period,7275008,62185,freeway,breakout,5,5.0,660
14,period,7275008,62185,freeway,breakout,6,6.0,660
14,period,7275008,62185,freeway,breakout,7,7.0,660
14,period,7275008,62185,freeway,breakout,8,5.0,660
14,period,7275008,62185,freeway,breakout,9,5.0,660
14,period,7275008,62185,freeway,breakout,10,6.0,660
14,period,7275008,62185,freeway,space_invaders,1,88.0,2776
14,period,7275008,62185,freeway,space_invaders,2,5.0,2776
14,period,7275008,62185,freeway,space_invaders,3,27.0,2776
14,period,7275008,62185,freeway,space_invaders,4,31.0,2776
14,period,7275008,62185,freeway,space_invaders,5,53.0,2776
14,period,7275008,62185,freeway,space_invaders,6,52.0,2776
14,period,7275008,62185,freeway,space_invaders,7,67.0,2776
14,period,7275008,62185,freeway,space_invaders,8,6.0,2776
14,period,7275008,62185,freeway,space_invaders,9,4.0,2776
14,period,7275008,62185,freeway,space_invaders,10,55.0,2776
14,period,7275008,62185,freeway,freeway,1,24.0,25000
14,period,7275008,62185,freeway,freeway,2,31.0,25000
14,period,7275008,62185,freeway,freeway,3,22.0,25000
14,period,7275008,62185,freeway,freeway,4,24.0,25000
14,period,7275008,62185,freeway,freeway,5,23.0,25000
14,period,7275008,62185,freeway,freeway,6,29.0,25000
14,period,7275008,62185,freeway,freeway,7,26.0,25000
14,period,7275008,62185,freeway,freeway,8,20.0,25000
14,period,7275008,62185,freeway,freeway,9,28.0,25000
14,period,7275008,62185,freeway,freeway,10,24.0,25000
14,period,7300096,62201,freeway,breakout,1,5.0,640
14,period,7300096,62201,freeway,breakout,2,6.0,640
14,period,7300096,62201,freeway,breakout,3,6.0,640
14,period,7300096,62201,freeway,breakout,4,5.0,640
14,period,7300096,62201,freeway,breakout,5,6.0,640
14,period,7300096,62201,freeway,breakout,6,5.0,640
14,period,7300096,62201,freeway,breakout,7,4.0,640
14,period,7300096,62201,freeway,breakout,8,5.0,640
14,period,7300096,62201,freeway,breakout,9,6.0,640
14,period,7300096,62201,freeway,breakout,10,6.0,640
14,period,7300096,62201,freeway,space_invaders,1,27.0,1429
14,period,7300096,62201,freeway,space_invaders,2,21.0,1429
14,period,7300096,62201,freeway,space_invaders,3,64.0,1429
14,period,7300096,62201,freeway,space_invaders,4,9.0,1429
14,period,7300096,62201,freeway,space_invaders,5,4.0,1429
14,period,7300096,62201,freeway,space_invaders,6,4.0,1429
14,period,7300096,62201,freeway,space_invaders,7,7.0,1429
14,period,7300096,62201,freeway,space_invaders,8,27.0,1429
14,period,7300096,62201,freeway,space_invaders,9,7.0,1429
14,period,7300096,62201,freeway,space_invaders,10,41.0,1429
14,period,7300096,62201,freeway,freeway,1,25.0,25000
14,period,7300096,62201,freeway,freeway,2,29.0,25000
14,period,7300096,62201,freeway,freeway,3,8.0,25000
14,period,7300096,62201,freeway,freeway,4,19.0,25000
14,period,7300096,62201,freeway,freeway,5,21.0,25000
14,period,7300096,62201,freeway,freeway,6,22.0,25000
14,period,7300096,62201,freeway,freeway,7,17.0,25000
14,period,7300096,62201,freeway,freeway,8,27.0,25000
14,period,7300096,62201,freeway,freeway,9,27.0,25000
14,period,7300096,62201,freeway,freeway,10,31.0,25000
14,period,7325184,62217,freeway,breakout,1,6.0,662
14,period,7325184,62217,freeway,breakout,2,6.0,662
14,period,7325184,62217,freeway,breakout,3,5.0,662
14,period,7325184,62217,freeway,breakout,4,6.0,662
14,period,7325184,62217,freeway,breakout,5,5.0,662
14,period,7325184,62217,freeway,breakout,6,5.0,662
14,period,7325184,62217,freeway,breakout,7,6.0,662
14,period,7325184,62217,freeway,breakout,8,6.0,662
14,period,7325184,62217,freeway,breakout,9,5.0,662
14,period,7325184,62217,freeway,breakout,10,6.0,662
14,period,7325184,62217,freeway,space_invaders,1,37.0,3675
14,period,7325184,62217,freeway,space_invaders,2,39.0,3675
14,period,7325184,62217,freeway,space_invaders,3,50.0,3675
14,period,7325184,62217,freeway,space_invaders,4,58.0,3675
14,period,7325184,62217,freeway,space_invaders,5,23.0,3675
14,period,7325184,62217,freeway,space_invaders,6,46.0,3675
14,period,7325184,62217,freeway,space_invaders,7,47.0,3675
14,period,7325184,62217,freeway,space_invaders,8,104.0,3675
14,period,7325184,62217,freeway,space_invaders,9,70.0,3675
14,period,7325184,62217,freeway,space_invaders,10,25.0,3675
14,period,7325184,62217,freeway,freeway,1,21.0,25000
14,period,7325184,62217,freeway,freeway,2,26.0,25000
14,period,7325184,62217,freeway,freeway,3,31.0,25000
14,period,7325184,62217,freeway,freeway,4,20.0,25000
14,period,7325184,62217,freeway,freeway,5,24.0,25000
14,period,7325184,62217,freeway,freeway,6,25.0,25000
14,period,7325184,62217,freeway,freeway,7,23.0,25000
14,period,7325184,62217,freeway,freeway,8,31.0,25000
14,period,7325184,62217,freeway,freeway,9,31.0,25000
14,period,7325184,62217,freeway,freeway,10,26.0,25000
14,period,7350016,62217,freeway,breakout,1,6.0,680
14,period,7350016,62217,freeway,breakout,2,6.0,680
14,period,7350016,62217,freeway,breakout,3,7.0,680
14,period,7350016,62217,freeway,breakout,4,6.0,680
14,period,7350016,62217,freeway,breakout,5,6.0,680
14,period,7350016,62217,freeway,breakout,6,5.0,680
14,period,7350016,62217,freeway,breakout,7,5.0,680
14,period,7350016,62217,freeway,breakout,8,6.0,680
14,period,7350016,62217,freeway,breakout,9,5.0,680
14,period,7350016,62217,freeway,breakout,10,6.0,680
14,period,7350016,62217,freeway,space_invaders,1,63.0,2590
14,period,7350016,62217,freeway,space_invaders,2,16.0,2590
14,period,7350016,62217,freeway,space_invaders,3,56.0,2590
14,period,7350016,62217,freeway,space_invaders,4,22.0,2590
14,period,7350016,62217,freeway,space_invaders,5,45.0,2590
14,period,7350016,62217,freeway,space_invaders,6,43.0,2590
14,period,7350016,62217,freeway,space_invaders,7,27.0,2590
14,period,7350016,62217,freeway,space_invaders,8,62.0,2590
14,period,7350016,62217,freeway,space_invaders,9,32.0,2590
14,period,7350016,62217,freeway,space_invaders,10,16.0,2590
14,period,7350016,62217,freeway,freeway,1,23.0,25000
14,period,7350016,62217,freeway,freeway,2,25.0,25000
14,period,7350016,62217,freeway,freeway,3,24.0,25000
14,period,7350016,62217,freeway,freeway,4,32.0,25000
14,period,7350016,62217,freeway,freeway,5,20.0,25000
14,period,7350016,62217,freeway,freeway,6,31.0,25000
14,period,7350016,62217,freeway,freeway,7,24.0,25000
14,period,7350016,62217,freeway,freeway,8,22.0,25000
14,period,7350016,62217,freeway,freeway,9,24.0,25000
14,period,7350016,62217,freeway,freeway,10,23.0,25000
14,period,7375104,62233,freeway,breakout,1,5.0,662
14,period,7375104,62233,freeway,breakout,2,6.0,662
14,period,7375104,62233,freeway,breakout,3,6.0,662
14,period,7375104,62233,freeway,breakout,4,6.0,662
14,period,7375104,62233,freeway,breakout,5,5.0,662
14,period,7375104,62233,freeway,breakout,6,6.0,662
14,period,7375104,62233,freeway,breakout,7,5.0,662
14,period,7375104,62233,freeway,breakout,8,5.0,662
14,period,7375104,62233,freeway,breakout,9,6.0,662
14,period,7375104,62233,freeway,breakout,10,6.0,662
14,period,7375104,62233,freeway,space_invaders,1,47.0,2742
14,period,7375104,62233,freeway,space_invaders,2,17.0,2742
14,period,7375104,62233,freeway,space_invaders,3,9.0,2742
14,period,7375104,62233,freeway,space_invaders,4,55.0,2742
14,period,7375104,62233,freeway,space_invaders,5,30.0,2742
14,period,7375104,62233,freeway,space_invaders,6,9.0,2742
14,period,7375104,62233,freeway,space_invaders,7,16.0,2742
14,period,7375104,62233,freeway,space_invaders,8,60.0,2742
14,period,7375104,62233,freeway,space_invaders,9,63.0,2742
14,period,7375104,62233,freeway,space_invaders,10,83.0,2742
14,period,7375104,62233,freeway,freeway,1,10.0,25000
14,period,7375104,62233,freeway,freeway,2,24.0,25000
14,period,7375104,62233,freeway,freeway,3,21.0,25000
14,period,7375104,62233,freeway,freeway,4,27.0,25000
14,period,7375104,62233,freeway,freeway,5,26.0,25000
14,period,7375104,62233,freeway,freeway,6,26.0,25000
14,period,7375104,62233,freeway,freeway,7,27.0,25000
14,period,7375104,62233,freeway,freeway,8,32.0,25000
14,period,7375104,62233,freeway,freeway,9,24.0,25000
14,period,7375104,62233,freeway,freeway,10,28.0,25000
14,period,7400192,62249,freeway,breakout,1,5.0,660
14,period,7400192,62249,freeway,breakout,2,5.0,660
14,period,7400192,62249,freeway,breakout,3,6.0,660
14,period,7400192,62249,freeway,breakout,4,5.0,660
14,period,7400192,62249,freeway,breakout,5,5.0,660
14,period,7400192,62249,freeway,breakout,6,6.0,660
14,period,7400192,62249,freeway,breakout,7,5.0,660
14,period,7400192,62249,freeway,breakout,8,6.0,660
14,period,7400192,62249,freeway,breakout,9,6.0,660
14,period,7400192,62249,freeway,breakout,10,7.0,660
14,period,7400192,62249,freeway,space_invaders,1,4.0,582
14,period,7400192,62249,freeway,space_invaders,2,4.0,582
14,period,7400192,62249,freeway,space_invaders,3,5.0,582
14,period,7400192,62249,freeway,space_invaders,4,3.0,582
14,period,7400192,62249,freeway,space_invaders,5,4.0,582
14,period,7400192,62249,freeway,space_invaders,6,26.0,582
14,period,7400192,62249,freeway,space_invaders,7,3.0,582
14,period,7400192,62249,freeway,space_invaders,8,4.0,582
14,period,7400192,62249,freeway,space_invaders,9,26.0,582
14,period,7400192,62249,freeway,space_invaders,10,4.0,582
14,period,7400192,62249,freeway,freeway,1,32.0,25000
14,period,7400192,62249,freeway,freeway,2,23.0,25000
14,period,7400192,62249,freeway,freeway,3,21.0,25000
14,period,7400192,62249,freeway,freeway,4,32.0,25000
14,period,7400192,62249,freeway,freeway,5,21.0,25000
14,period,7400192,62249,freeway,freeway,6,30.0,25000
14,period,7400192,62249,freeway,freeway,7,24.0,25000
14,period,7400192,62249,freeway,freeway,8,19.0,25000
14,period,7400192,62249,freeway,freeway,9,26.0,25000
14,period,7400192,62249,freeway,freeway,10,30.0,25000
14,period,7425024,62249,freeway,breakout,1,6.0,614
14,period,7425024,62249,freeway,breakout,2,6.0,614
14,period,7425024,62249,freeway,breakout,3,5.0,614
14,period,7425024,62249,freeway,breakout,4,5.0,614
14,period,7425024,62249,freeway,breakout,5,6.0,614
14,period,7425024,62249,freeway,breakout,6,1.0,614
14,period,7425024,62249,freeway,breakout,7,5.0,614
14,period,7425024,62249,freeway,breakout,8,5.0,614
14,period,7425024,62249,freeway,breakout,9,6.0,614
14,period,7425024,62249,freeway,breakout,10,6.0,614
14,period,7425024,62249,freeway,space_invaders,1,75.0,3548
14,period,7425024,62249,freeway,space_invaders,2,52.0,3548
14,period,7425024,62249,freeway,space_invaders,3,47.0,3548
14,period,7425024,62249,freeway,space_invaders,4,32.0,3548
14,period,7425024,62249,freeway,space_invaders,5,34.0,3548
14,period,7425024,62249,freeway,space_invaders,6,57.0,3548
14,period,7425024,62249,freeway,space_invaders,7,39.0,3548
14,period,7425024,62249,freeway,space_invaders,8,27.0,3548
14,period,7425024,62249,freeway,space_invaders,9,66.0,3548
14,period,7425024,62249,freeway,space_invaders,10,51.0,3548
14,period,7425024,62249,freeway,freeway,1,27.0,25000
14,period,7425024,62249,freeway,freeway,2,33.0,25000
14,period,7425024,62249,freeway,freeway,3,37.0,25000
14,period,7425024,62249,freeway,freeway,4,28.0,25000
14,period,7425024,62249,freeway,freeway,5,21.0,25000
14,period,7425024,62249,freeway,freeway,6,31.0,25000
14,period,7425024,62249,freeway,freeway,7,25.0,25000
14,period,7425024,62249,freeway,freeway,8,36.0,25000
14,period,7425024,62249,freeway,freeway,9,25.0,25000
14,period,7425024,62249,freeway,freeway,10,37.0,25000
14,period,7450112,62265,freeway,breakout,1,5.0,630
14,period,7450112,62265,freeway,breakout,2,5.0,630
14,period,7450112,62265,freeway,breakout,3,6.0,630
14,period,7450112,62265,freeway,breakout,4,5.0,630
14,period,7450112,62265,freeway,breakout,5,6.0,630
14,period,7450112,62265,freeway,breakout,6,6.0,630
14,period,7450112,62265,freeway,breakout,7,5.0,630
14,period,7450112,62265,freeway,breakout,8,5.0,630
14,period,7450112,62265,freeway,breakout,9,5.0,630
14,period,7450112,62265,freeway,breakout,10,5.0,630
14,period,7450112,62265,freeway,space_invaders,1,35.0,2053
14,period,7450112,62265,freeway,space_invaders,2,6.0,2053
14,period,7450112,62265,freeway,space_invaders,3,14.0,2053
14,period,7450112,62265,freeway,space_invaders,4,65.0,2053
14,period,7450112,62265,freeway,space_invaders,5,27.0,2053
14,period,7450112,62265,freeway,space_invaders,6,21.0,2053
14,period,7450112,62265,freeway,space_invaders,7,23.0,2053
14,period,7450112,62265,freeway,space_invaders,8,34.0,2053
14,period,7450112,62265,freeway,space_invaders,9,28.0,2053
14,period,7450112,62265,freeway,space_invaders,10,38.0,2053
14,period,7450112,62265,freeway,freeway,1,27.0,25000
14,period,7450112,62265,freeway,freeway,2,22.0,25000
14,period,7450112,62265,freeway,freeway,3,31.0,25000
14,period,7450112,62265,freeway,freeway,4,32.0,25000
14,period,7450112,62265,freeway,freeway,5,22.0,25000
14,period,7450112,62265,freeway,freeway,6,32.0,25000
14,period,7450112,62265,freeway,freeway,7,25.0,25000
14,period,7450112,62265,freeway,freeway,8,30.0,25000
14,period,7450112,62265,freeway,freeway,9,21.0,25000
14,period,7450112,62265,freeway,freeway,10,26.0,25000
14,period,7475200,62265,freeway,breakout,1,6.0,682
14,period,7475200,62265,freeway,breakout,2,6.0,682
14,period,7475200,62265,freeway,breakout,3,6.0,682
14,period,7475200,62265,freeway,breakout,4,6.0,682
14,period,7475200,62265,freeway,breakout,5,6.0,682
14,period,7475200,62265,freeway,breakout,6,5.0,682
14,period,7475200,62265,freeway,breakout,7,5.0,682
14,period,7475200,62265,freeway,breakout,8,7.0,682
14,period,7475200,62265,freeway,breakout,9,6.0,682
14,period,7475200,62265,freeway,breakout,10,5.0,682
14,period,7475200,62265,freeway,space_invaders,1,37.0,3656
14,period,7475200,62265,freeway,space_invaders,2,51.0,3656
14,period,7475200,62265,freeway,space_invaders,3,41.0,3656
14,period,7475200,62265,freeway,space_invaders,4,34.0,3656
14,period,7475200,62265,freeway,space_invaders,5,41.0,3656
14,period,7475200,62265,freeway,space_invaders,6,30.0,3656
14,period,7475200,62265,freeway,space_invaders,7,36.0,3656
14,period,7475200,62265,freeway,space_invaders,8,116.0,3656
14,period,7475200,62265,freeway,space_invaders,9,47.0,3656
14,period,7475200,62265,freeway,space_invaders,10,76.0,3656
14,period,7475200,62265,freeway,freeway,1,20.0,25000
14,period,7475200,62265,freeway,freeway,2,30.0,25000
14,period,7475200,62265,freeway,freeway,3,21.0,25000
14,period,7475200,62265,freeway,freeway,4,31.0,25000
14,period,7475200,62265,freeway,freeway,5,23.0,25000
14,period,7475200,62265,freeway,freeway,6,28.0,25000
14,period,7475200,62265,freeway,freeway,7,29.0,25000
14,period,7475200,62265,freeway,freeway,8,27.0,25000
14,period,7475200,62265,freeway,freeway,9,14.0,25000
14,period,7475200,62265,freeway,freeway,10,28.0,25000
