block,scope,env_steps,train_episodes,block_task,task,episode,return,eval_steps
-1,boundary,0,0,,breakout,1,0.0,100
-1,boundary,0,0,,breakout,2,1.0,100
-1,boundary,0,0,,breakout,3,0.0,100
-1,boundary,0,0,,breakout,4,0.0,100
-1,boundary,0,0,,breakout,5,0.0,100
-1,boundary,0,0,,breakout,6,1.0,100
-1,boundary,0,0,,breakout,7,0.0,100
-1,boundary,0,0,,breakout,8,1.0,100
-1,boundary,0,0,,breakout,9,1.0,100
-1,boundary,0,0,,breakout,10,0.0,100
-1,boundary,0,0,,space_invaders,1,0.0,389
-1,boundary,0,0,,space_invaders,2,2.0,389
-1,boundary,0,0,,space_invaders,3,3.0,389
-1,boundary,0,0,,space_invaders,4,1.0,389
-1,boundary,0,0,,space_invaders,5,1.0,389
-1,boundary,0,0,,space_invaders,6,0.0,389
-1,boundary,0,0,,space_invaders,7,1.0,389
-1,boundary,0,0,,space_invaders,8,1.0,389
-1,boundary,0,0,,space_invaders,9,2.0,389
-1,boundary,0,0,,space_invaders,10,2.0,389
-1,boundary,0,0,,freeway,1,0.0,25000
-1,boundary,0,0,,freeway,2,0.0,25000
-1,boundary,0,0,,freeway,3,1.0,25000
-1,boundary,0,0,,freeway,4,0.0,25000
-1,boundary,0,0,,freeway,5,0.0,25000
-1,boundary,0,0,,freeway,6,0.0,25000
-1,boundary,0,0,,freeway,7,0.0,25000
-1,boundary,0,0,,freeway,8,0.0,25000
-1,boundary,0,0,,freeway,9,0.0,25000
-1,boundary,0,0,,freeway,10,0.0,25000
0,boundary,499968,192,freeway,breakout,1,0.0,134
0,boundary,499968,192,freeway,breakout,2,1.0,134
0,boundary,499968,192,freeway,breakout,3,0.0,134
0,boundary,499968,192,freeway,breakout,4,2.0,134
0,boundary,499968,192,freeway,breakout,5,0.0,134
0,boundary,499968,192,freeway,breakout,6,1.0,134
0,boundary,499968,192,freeway,breakout,7,1.0,134
0,boundary,499968,192,freeway,breakout,8,2.0,134
0,boundary,499968,192,freeway,breakout,9,0.0,134
0,boundary,499968,192,freeway,breakout,10,0.0,134
0,boundary,499968,192,freeway,space_invaders,1,3.0,497
0,boundary,499968,192,freeway,space_invaders,2,4.0,497
0,boundary,499968,192,freeway,space_invaders,3,0.0,497
0,boundary,499968,192,freeway,space_invaders,4,2.0,497
0,boundary,499968,192,freeway,space_invaders,5,1.0,497
0,boundary,499968,192,freeway,space_invaders,6,1.0,497
0,boundary,499968,192,freeway,space_invaders,7,0.0,497
0,boundary,499968,192,freeway,space_invaders,8,0.0,497
0,boundary,499968,192,freeway,space_invaders,9,2.0,497
0,boundary,499968,192,freeway,space_invaders,10,3.0,497
0,boundary,499968,192,freeway,freeway,1,23.0,25000
0,boundary,499968,192,freeway,freeway,2,19.0,25000
0,boundary,499968,192,freeway,freeway,3,27.0,25000
0,boundary,499968,192,freeway,freeway,4,25.0,25000
0,boundary,499968,192,freeway,freeway,5,25.0,25000
0,boundary,499968,192,freeway,freeway,6,25.0,25000
0,boundary,499968,192,freeway,freeway,7,29.0,25000
0,boundary,499968,192,freeway,freeway,8,33.0,25000
0,boundary,499968,192,freeway,freeway,9,28.0,25000
0,boundary,499968,192,freeway,freeway,10,27.0,25000
0,period,25088,0,freeway,breakout,1,3.0,176
0,period,25088,0,freeway,breakout,2,0.0,176
0,period,25088,0,freeway,breakout,3,0.0,176
0,period,25088,0,freeway,breakout,4,0.0,176
0,period,25088,0,freeway,breakout,5,4.0,176
0,period,25088,0,freeway,breakout,6,1.0,176
0,period,25088,0,freeway,breakout,7,1.0,176
0,period,25088,0,freeway,breakout,8,1.0,176
0,period,25088,0,freeway,breakout,9,1.0,176
0,period,25088,0,freeway,breakout,10,0.0,176
0,period,25088,0,freeway,space_invaders,1,4.0,387
0,period,25088,0,freeway,space_invaders,2,4.0,387
0,period,25088,0,freeway,space_invaders,3,0.0,387
0,period,25088,0,freeway,space_invaders,4,0.0,387
0,period,25088,0,freeway,space_invaders,5,1.0,387
0,period,25088,0,freeway,space_invaders,6,1.0,387
0,period,25088,0,freeway,space_invaders,7,2.0,387
0,period,25088,0,freeway,space_invaders,8,1.0,387
0,period,25088,0,freeway,space_invaders,9,0.0,387
0,period,25088,0,freeway,space_invaders,10,1.0,387
0,period,25088,0,freeway,freeway,1,0.0,25000
0,period,25088,0,freeway,freeway,2,0.0,25000
0,period,25088,0,freeway,freeway,3,0.0,25000
0,period,25088,0,freeway,freeway,4,0.0,25000
0,period,25088,0,freeway,freeway,5,0.0,25000
0,period,25088,0,freeway,freeway,6,0.0,25000
0,period,25088,0,freeway,freeway,7,0.0,25000
0,period,25088,0,freeway,freeway,8,0.0,25000
0,period,25088,0,freeway,freeway,9,2.0,25000
0,period,25088,0,freeway,freeway,10,0.0,25000
0,period,50176,16,freeway,breakout,1,2.0,142
0,period,50176,16,freeway,breakout,2,0.0,142
0,period,50176,16,freeway,breakout,3,2.0,142
0,period,50176,16,freeway,breakout,4,0.0,142
0,period,50176,16,freeway,breakout,5,1.0,142
0,period,50176,16,freeway,breakout,6,0.0,142
0,period,50176,16,freeway,breakout,7,1.0,142
0,period,50176,16,freeway,breakout,8,0.0,142
0,period,50176,16,freeway,breakout,9,1.0,142
0,period,50176,16,freeway,breakout,10,1.0,142
0,period,50176,16,freeway,space_invaders,1,1.0,506
0,period,50176,16,freeway,space_invaders,2,2.0,506
0,period,50176,16,freeway,space_invaders,3,1.0,506
0,period,50176,16,freeway,space_invaders,4,2.0,506
0,period,50176,16,freeway,space_invaders,5,1.0,506
0,period,50176,16,freeway,space_invaders,6,1.0,506
0,period,50176,16,freeway,space_invaders,7,5.0,506
0,period,50176,16,freeway,space_invaders,8,2.0,506
0,period,50176,16,freeway,space_invaders,9,3.0,506
0,period,50176,16,freeway,space_invaders,10,7.0,506
0,period,50176,16,freeway,freeway,1,0.0,25000
0,period,50176,16,freeway,freeway,2,2.0,25000
0,period,50176,16,freeway,freeway,3,2.0,25000
0,period,50176,16,freeway,freeway,4,0.0,25000
0,period,50176,16,freeway,freeway,5,0.0,25000
0,period,50176,16,freeway,freeway,6,0.0,25000
0,period,50176,16,freeway,freeway,7,0.0,25000
0,period,50176,16,freeway,freeway,8,0.0,25000
0,period,50176,16,freeway,freeway,9,0.0,25000
0,period,50176,16,freeway,freeway,10,1.0,25000
0,period,75008,16,freeway,breakout,1,1.0,120
0,period,75008,16,freeway,breakout,2,1.0,120
0,period,75008,16,freeway,breakout,3,1.0,120
0,period,75008,16,freeway,breakout,4,0.0,120
0,period,75008,16,freeway,breakout,5,1.0,120
0,period,75008,16,freeway,breakout,6,0.0,120
0,period,75008,16,freeway,breakout,7,0.0,120
0,period,75008,16,freeway,breakout,8,1.0,120
0,period,75008,16,freeway,breakout,9,1.0,120
0,period,75008,16,freeway,breakout,10,0.0,120
0,period,75008,16,freeway,space_invaders,1,5.0,576
0,period,75008,16,freeway,space_invaders,2,1.0,576
0,period,75008,16,freeway,space_invaders,3,2.0,576
0,period,75008,16,freeway,space_invaders,4,3.0,576
0,period,75008,16,freeway,space_invaders,5,7.0,576
0,period,75008,16,freeway,space_invaders,6,2.0,576
0,period,75008,16,freeway,space_invaders,7,1.0,576
0,period,75008,16,freeway,space_invaders,8,2.0,576
0,period,75008,16,freeway,space_invaders,9,1.0,576
0,period,75008,16,freeway,space_invaders,10,1.0,576
0,period,75008,16,freeway,freeway,1,0.0,25000
0,period,75008,16,freeway,freeway,2,0.0,25000
0,period,75008,16,freeway,freeway,3,0.0,25000
0,period,75008,16,freeway,freeway,4,0.0,25000
0,period,75008,16,freeway,freeway,5,0.0,25000
0,period,75008,16,freeway,freeway,6,0.0,25000
0,period,75008,16,freeway,freeway,7,0.0,25000
0,period,75008,16,freeway,freeway,8,0.0,25000
0,period,75008,16,freeway,freeway,9,1.0,25000
0,period,75008,16,freeway,freeway,10,0.0,25000
0,period,100096,32,freeway,breakout,1,0.0,90
0,period,100096,32,freeway,breakout,2,0.0,90
0,period,100096,32,freeway,breakout,3,1.0,90
0,period,100096,32,freeway,breakout,4,0.0,90
0,period,100096,32,freeway,breakout,5,0.0,90
0,period,100096,32,freeway,breakout,6,0.0,90
0,period,100096,32,freeway,breakout,7,0.0,90
0,period,100096,32,freeway,breakout,8,1.0,90
0,period,100096,32,freeway,breakout,9,0.0,90
0,period,100096,32,freeway,breakout,10,1.0,90
0,period,100096,32,freeway,space_invaders,1,3.0,456
0,period,100096,32,freeway,space_invaders,2,1.0,456
0,period,100096,32,freeway,space_invaders,3,4.0,456
0,period,100096,32,freeway,space_invaders,4,2.0,456
0,period,100096,32,freeway,space_invaders,5,0.0,456
0,period,100096,32,freeway,space_invaders,6,2.0,456
0,period,100096,32,freeway,space_invaders,7,1.0,456
0,period,100096,32,freeway,space_invaders,8,2.0,456
0,period,100096,32,freeway,space_invaders,9,6.0,456
0,period,100096,32,freeway,space_invaders,10,2.0,456
0,period,100096,32,freeway,freeway,1,1.0,25000
0,period,100096,32,freeway,freeway,2,0.0,25000
0,period,100096,32,freeway,freeway,3,0.0,25000
0,period,100096,32,freeway,freeway,4,0.0,25000
0,period,100096,32,freeway,freeway,5,0.0,25000
0,period,100096,32,freeway,freeway,6,1.0,25000
0,period,100096,32,freeway,freeway,7,0.0,25000
0,period,100096,32,freeway,freeway,8,0.0,25000
0,period,100096,32,freeway,freeway,9,0.0,25000
0,period,100096,32,freeway,freeway,10,0.0,25000
0,period,125184,48,freeway,breakout,1,0.0,70
0,period,125184,48,freeway,breakout,2,0.0,70
0,period,125184,48,freeway,breakout,3,0.0,70
0,period,125184,48,freeway,breakout,4,0.0,70
0,period,125184,48,freeway,breakout,5,0.0,70
0,period,125184,48,freeway,breakout,6,0.0,70
0,period,125184,48,freeway,breakout,7,1.0,70
0,period,125184,48,freeway,breakout,8,0.0,70
0,period,125184,48,freeway,breakout,9,0.0,70
0,period,125184,48,freeway,breakout,10,0.0,70
0,period,125184,48,freeway,space_invaders,1,6.0,538
0,period,125184,48,freeway,space_invaders,2,3.0,538
0,period,125184,48,freeway,space_invaders,3,3.0,538
0,period,125184,48,freeway,space_invaders,4,2.0,538
0,period,125184,48,freeway,space_invaders,5,3.0,538
0,period,125184,48,freeway,space_invaders,6,1.0,538
0,period,125184,48,freeway,space_invaders,7,2.0,538
0,period,125184,48,freeway,space_invaders,8,1.0,538
0,period,125184,48,freeway,space_invaders,9,0.0,538
0,period,125184,48,freeway,space_invaders,10,3.0,538
0,period,125184,48,freeway,freeway,1,0.0,25000
0,period,125184,48,freeway,freeway,2,0.0,25000
0,period,125184,48,freeway,freeway,3,0.0,25000
0,period,125184,48,freeway,freeway,4,1.0,25000
0,period,125184,48,freeway,freeway,5,0.0,25000
0,period,125184,48,freeway,freeway,6,1.0,25000
0,period,125184,48,freeway,freeway,7,0.0,25000
0,period,125184,48,freeway,freeway,8,0.0,25000
0,period,125184,48,freeway,freeway,9,0.0,25000
0,period,125184,48,freeway,freeway,10,0.0,25000
0,period,150016,48,freeway,breakout,1,1.0,80
0,period,150016,48,freeway,breakout,2,0.0,80
0,period,150016,48,freeway,breakout,3,0.0,80
0,period,150016,48,freeway,breakout,4,0.0,80
0,period,150016,48,freeway,breakout,5,0.0,80
0,period,150016,48,freeway,breakout,6,0.0,80
0,period,150016,48,freeway,breakout,7,0.0,80
0,period,150016,48,freeway,breakout,8,0.0,80
0,period,150016,48,freeway,breakout,9,1.0,80
0,period,150016,48,freeway,breakout,10,0.0,80
0,period,150016,48,freeway,space_invaders,1,5.0,627
0,period,150016,48,freeway,space_invaders,2,4.0,627
0,period,150016,48,freeway,space_invaders,3,7.0,627
0,period,150016,48,freeway,space_invaders,4,4.0,627
0,period,150016,48,freeway,space_invaders,5,0.0,627
0,period,150016,48,freeway,space_invaders,6,7.0,627
0,period,150016,48,freeway,space_invaders,7,3.0,627
0,period,150016,48,freeway,space_invaders,8,6.0,627
0,period,150016,48,freeway,space_invaders,9,0.0,627
0,period,150016,48,freeway,space_invaders,10,3.0,627
0,period,150016,48,freeway,freeway,1,0.0,25000
0,period,150016,48,freeway,freeway,2,0.0,25000
0,period,150016,48,freeway,freeway,3,1.0,25000
0,period,150016,48,freeway,freeway,4,1.0,25000
0,period,150016,48,freeway,freeway,5,0.0,25000
0,period,150016,48,freeway,freeway,6,0.0,25000
0,period,150016,48,freeway,freeway,7,0.0,25000
0,period,150016,48,freeway,freeway,8,1.0,25000
0,period,150016,48,freeway,freeway,9,0.0,25000
0,period,150016,48,freeway,freeway,10,0.0,25000
0,period,175104,64,freeway,breakout,1,0.0,112
0,period,175104,64,freeway,breakout,2,0.0,112
0,period,175104,64,freeway,breakout,3,0.0,112
0,period,175104,64,freeway,breakout,4,1.0,112
0,period,175104,64,freeway,breakout,5,1.0,112
0,period,175104,64,freeway,breakout,6,0.0,112
0,period,175104,64,freeway,breakout,7,0.0,112
0,period,175104,64,freeway,breakout,8,0.0,112
0,period,175104,64,freeway,breakout,9,3.0,112
0,period,175104,64,freeway,breakout,10,0.0,112
0,period,175104,64,freeway,space_invaders,1,7.0,676
0,period,175104,64,freeway,space_invaders,2,4.0,676
0,period,175104,64,freeway,space_invaders,3,5.0,676
0,period,175104,64,freeway,space_invaders,4,1.0,676
0,period,175104,64,freeway,space_invaders,5,0.0,676
0,period,175104,64,freeway,space_invaders,6,0.0,676
0,period,175104,64,freeway,space_invaders,7,2.0,676
0,period,175104,64,freeway,space_invaders,8,6.0,676
0,period,175104,64,freeway,space_invaders,9,2.0,676
0,period,175104,64,freeway,space_invaders,10,3.0,676
0,period,175104,64,freeway,freeway,1,1.0,25000
0,period,175104,64,freeway,freeway,2,0.0,25000
0,period,175104,64,freeway,freeway,3,0.0,25000
0,period,175104,64,freeway,freeway,4,0.0,25000
0,period,175104,64,freeway,freeway,5,1.0,25000
0,period,175104,64,freeway,freeway,6,0.0,25000
0,period,175104,64,freeway,freeway,7,1.0,25000
0,period,175104,64,freeway,freeway,8,0.0,25000
0,period,175104,64,freeway,freeway,9,0.0,25000
0,period,175104,64,freeway,freeway,10,0.0,25000
0,period,200192,80,freeway,breakout,1,0.0,136
0,period,200192,80,freeway,breakout,2,0.0,136
0,period,200192,80,freeway,breakout,3,2.0,136
0,period,200192,80,freeway,breakout,4,0.0,136
0,period,200192,80,freeway,breakout,5,1.0,136
0,period,200192,80,freeway,breakout,6,0.0,136
0,period,200192,80,freeway,breakout,7,2.0,136
0,period,200192,80,freeway,breakout,8,0.0,136
0,period,200192,80,freeway,breakout,9,2.0,136
0,period,200192,80,freeway,breakout,10,0.0,136
0,period,200192,80,freeway,space_invaders,1,0.0,663
0,period,200192,80,freeway,space_invaders,2,3.0,663
0,period,200192,80,freeway,space_invaders,3,1.0,663
0,period,200192,80,freeway,space_invaders,4,1.0,663
0,period,200192,80,freeway,space_invaders,5,4.0,663
0,period,200192,80,freeway,space_invaders,6,2.0,663
0,period,200192,80,freeway,space_invaders,7,3.0,663
0,period,200192,80,freeway,space_invaders,8,5.0,663
0,period,200192,80,freeway,space_invaders,9,4.0,663
0,period,200192,80,freeway,space_invaders,10,0.0,663
0,period,200192,80,freeway,freeway,1,0.0,25000
0,period,200192,80,freeway,freeway,2,0.0,25000
0,period,200192,80,freeway,freeway,3,0.0,25000
0,period,200192,80,freeway,freeway,4,0.0,25000
0,period,200192,80,freeway,freeway,5,0.0,25000
0,period,200192,80,freeway,freeway,6,0.0,25000
0,period,200192,80,freeway,freeway,7,0.0,25000
0,period,200192,80,freeway,freeway,8,0.0,25000
0,period,200192,80,freeway,freeway,9,1.0,25000
0,period,200192,80,freeway,freeway,10,0.0,25000
0,period,225024,80,freeway,breakout,1,4.0,152
0,period,225024,80,freeway,breakout,2,1.0,152
0,period,225024,80,freeway,breakout,3,1.0,152
0,period,225024,80,freeway,breakout,4,0.0,152
0,period,225024,80,freeway,breakout,5,0.0,152
0,period,225024,80,freeway,breakout,6,0.0,152
0,period,225024,80,freeway,breakout,7,0.0,152
0,period,225024,80,freeway,breakout,8,0.0,152
0,period,225024,80,freeway,breakout,9,2.0,152
0,period,225024,80,freeway,breakout,10,1.0,152
0,period,225024,80,freeway,space_invaders,1,2.0,700
0,period,225024,80,freeway,space_invaders,2,5.0,700
0,period,225024,80,freeway,space_invaders,3,3.0,700
0,period,225024,80,freeway,space_invaders,4,2.0,700
0,period,225024,80,freeway,space_invaders,5,2.0,700
0,period,225024,80,freeway,space_invaders,6,0.0,700
0,period,225024,80,freeway,space_invaders,7,1.0,700
0,period,225024,80,freeway,space_invaders,8,7.0,700
0,period,225024,80,freeway,space_invaders,9,0.0,700
0,period,225024,80,freeway,space_invaders,10,4.0,700
0,period,225024,80,freeway,freeway,1,0.0,25000
0,period,225024,80,freeway,freeway,2,2.0,25000
0,period,225024,80,freeway,freeway,3,0.0,25000
0,period,225024,80,freeway,freeway,4,0.0,25000
0,period,225024,80,freeway,freeway,5,0.0,25000
0,period,225024,80,freeway,freeway,6,0.0,25000
0,period,225024,80,freeway,freeway,7,1.0,25000
0,period,225024,80,freeway,freeway,8,0.0,25000
0,period,225024,80,freeway,freeway,9,0.0,25000
0,period,225024,80,freeway,freeway,10,0.0,25000
0,period,250112,96,freeway,breakout,1,0.0,144
0,period,250112,96,freeway,breakout,2,0.0,144
0,period,250112,96,freeway,breakout,3,2.0,144
0,period,250112,96,freeway,breakout,4,1.0,144
0,period,250112,96,freeway,breakout,5,0.0,144
0,period,250112,96,freeway,breakout,6,1.0,144
0,period,250112,96,freeway,breakout,7,2.0,144
0,period,250112,96,freeway,breakout,8,2.0,144
0,period,250112,96,freeway,breakout,9,0.0,144
0,period,250112,96,freeway,breakout,10,0.0,144
0,period,250112,96,freeway,space_invaders,1,1.0,479
0,period,250112,96,freeway,space_invaders,2,6.0,479
0,period,250112,96,freeway,space_invaders,3,2.0,479
0,period,250112,96,freeway,space_invaders,4,2.0,479
0,period,250112,96,freeway,space_invaders,5,5.0,479
0,period,250112,96,freeway,space_invaders,6,0.0,479
0,period,250112,96,freeway,space_invaders,7,0.0,479
0,period,250112,96,freeway,space_invaders,8,1.0,479
0,period,250112,96,freeway,space_invaders,9,2.0,479
0,period,250112,96,freeway,space_invaders,10,1.0,479
0,period,250112,96,freeway,freeway,1,3.0,25000
0,period,250112,96,freeway,freeway,2,0.0,25000
0,period,250112,96,freeway,freeway,3,0.0,25000
0,period,250112,96,freeway,freeway,4,0.0,25000
0,period,250112,96,freeway,freeway,5,0.0,25000
0,period,250112,96,freeway,freeway,6,1.0,25000
0,period,250112,96,freeway,freeway,7,0.0,25000
0,period,250112,96,freeway,freeway,8,0.0,25000
0,period,250112,96,freeway,freeway,9,0.0,25000
0,period,250112,96,freeway,freeway,10,0.0,25000
0,period,275200,96,freeway,breakout,1,0.0,80
0,period,275200,96,freeway,breakout,2,0.0,80
0,period,275200,96,freeway,breakout,3,0.0,80
0,period,275200,96,freeway,breakout,4,0.0,80
0,period,275200,96,freeway,breakout,5,0.0,80
0,period,275200,96,freeway,breakout,6,0.0,80
0,period,275200,96,freeway,breakout,7,1.0,80
0,period,275200,96,freeway,breakout,8,1.0,80
0,period,275200,96,freeway,breakout,9,0.0,80
0,period,275200,96,freeway,breakout,10,0.0,80
0,period,275200,96,freeway,space_invaders,1,8.0,577
0,period,275200,96,freeway,space_invaders,2,2.0,577
0,period,275200,96,freeway,space_invaders,3,0.0,577
0,period,275200,96,freeway,space_invaders,4,3.0,577
0,period,275200,96,freeway,space_invaders,5,1.0,577
0,period,275200,96,freeway,space_invaders,6,4.0,577
0,period,275200,96,freeway,space_invaders,7,5.0,577
0,period,275200,96,freeway,space_invaders,8,2.0,577
0,period,275200,96,freeway,space_invaders,9,2.0,577
0,period,275200,96,freeway,space_invaders,10,1.0,577
0,period,275200,96,freeway,freeway,1,0.0,25000
0,period,275200,96,freeway,freeway,2,0.0,25000
0,period,275200,96,freeway,freeway,3,1.0,25000
0,period,275200,96,freeway,freeway,4,0.0,25000
0,period,275200,96,freeway,freeway,5,0.0,25000
0,period,275200,96,freeway,freeway,6,1.0,25000
0,period,275200,96,freeway,freeway,7,2.0,25000
0,period,275200,96,freeway,freeway,8,0.0,25000
0,period,275200,96,freeway,freeway,9,0.0,25000
0,period,275200,96,freeway,freeway,10,2.0,25000
0,period,300032,112,freeway,breakout,1,0.0,80
0,period,300032,112,freeway,breakout,2,0.0,80
0,period,300032,112,freeway,breakout,3,0.0,80
0,period,300032,112,freeway,breakout,4,1.0,80
0,period,300032,112,freeway,breakout,5,0.0,80
0,period,300032,112,freeway,breakout,6,0.0,80
0,period,300032,112,freeway,breakout,7,0.0,80
0,period,300032,112,freeway,breakout,8,0.0,80
0,period,300032,112,freeway,breakout,9,0.0,80
0,period,300032,112,freeway,breakout,10,1.0,80
0,period,300032,112,freeway,space_invaders,1,1.0,548
0,period,300032,112,freeway,space_invaders,2,3.0,548
0,period,300032,112,freeway,space_invaders,3,4.0,548
0,period,300032,112,freeway,space_invaders,4,4.0,548
0,period,300032,112,freeway,space_invaders,5,2.0,548
0,period,300032,112,freeway,space_invaders,6,4.0,548
0,period,300032,112,freeway,space_invaders,7,2.0,548
0,period,300032,112,freeway,space_invaders,8,1.0,548
0,period,300032,112,freeway,space_invaders,9,3.0,548
0,period,300032,112,freeway,space_invaders,10,5.0,548
0,period,300032,112,freeway,freeway,1,3.0,25000
0,period,300032,112,freeway,freeway,2,3.0,25000
0,period,300032,112,freeway,freeway,3,7.0,25000
0,period,300032,112,freeway,freeway,4,1.0,25000
0,period,300032,112,freeway,freeway,5,4.0,25000
0,period,300032,112,freeway,freeway,6,4.0,25000
0,period,300032,112,freeway,freeway,7,6.0,25000
0,period,300032,112,freeway,freeway,8,4.0,25000
0,period,300032,112,freeway,freeway,9,2.0,25000
0,period,300032,112,freeway,freeway,10,2.0,25000
0,period,325120,128,freeway,breakout,1,0.0,100
0,period,325120,128,freeway,breakout,2,0.0,100
0,period,325120,128,freeway,breakout,3,0.0,100
0,period,325120,128,freeway,breakout,4,1.0,100
0,period,325120,128,freeway,breakout,5,0.0,100
0,period,325120,128,freeway,breakout,6,0.0,100
0,period,325120,128,freeway,breakout,7,1.0,100
0,period,325120,128,freeway,breakout,8,1.0,100
0,period,325120,128,freeway,breakout,9,1.0,100
0,period,325120,128,freeway,breakout,10,0.0,100
0,period,325120,128,freeway,space_invaders,1,0.0,308
0,period,325120,128,freeway,space_invaders,2,0.0,308
0,period,325120,128,freeway,space_invaders,3,0.0,308
0,period,325120,128,freeway,space_invaders,4,0.0,308
0,period,325120,128,freeway,space_invaders,5,0.0,308
0,period,325120,128,freeway,space_invaders,6,0.0,308
0,period,325120,128,freeway,space_invaders,7,0.0,308
0,period,325120,128,freeway,space_invaders,8,0.0,308
0,period,325120,128,freeway,space_invaders,9,0.0,308
0,period,325120,128,freeway,space_invaders,10,0.0,308
0,period,325120,128,freeway,freeway,1,28.0,25000
0,period,325120,128,freeway,freeway,2,33.0,25000
0,period,325120,128,freeway,freeway,3,23.0,25000
0,period,325120,128,freeway,freeway,4,23.0,25000
0,period,325120,128,freeway,freeway,5,23.0,25000
0,period,325120,128,freeway,freeway,6,26.0,25000
0,period,325120,128,freeway,freeway,7,19.0,25000
0,period,325120,128,freeway,freeway,8,33.0,25000
0,period,325120,128,freeway,freeway,9,25.0,25000
0,period,325120,128,freeway,freeway,10,32.0,25000
0,period,350208,128,freeway,breakout,1,1.0,130
0,period,350208,128,freeway,breakout,2,2.0,130
0,period,350208,128,freeway,breakout,3,0.0,130
0,period,350208,128,freeway,breakout,4,1.0,130
0,period,350208,128,freeway,breakout,5,0.0,130
0,period,350208,128,freeway,breakout,6,1.0,130
0,period,350208,128,freeway,breakout,7,1.0,130
0,period,350208,128,freeway,breakout,8,0.0,130
0,period,350208,128,freeway,breakout,9,0.0,130
0,period,350208,128,freeway,breakout,10,1.0,130
0,period,350208,128,freeway,space_invaders,1,1.0,377
0,period,350208,128,freeway,space_invaders,2,2.0,377
0,period,350208,128,freeway,space_invaders,3,0.0,377
0,period,350208,128,freeway,space_invaders,4,0.0,377
0,period,350208,128,freeway,space_invaders,5,0.0,377
0,period,350208,128,freeway,space_invaders,6,0.0,377
0,period,350208,128,freeway,space_invaders,7,0.0,377
0,period,350208,128,freeway,space_invaders,8,0.0,377
0,period,350208,128,freeway,space_invaders,9,1.0,377
0,period,350208,128,freeway,space_invaders,10,0.0,377
0,period,350208,128,freeway,freeway,1,15.0,25000
0,period,350208,128,freeway,freeway,2,30.0,25000
0,period,350208,128,freeway,freeway,3,20.0,25000
0,period,350208,128,freeway,freeway,4,16.0,25000
0,period,350208,128,freeway,freeway,5,16.0,25000
0,period,350208,128,freeway,freeway,6,20.0,25000
0,period,350208,128,freeway,freeway,7,19.0,25000
0,period,350208,128,freeway,freeway,8,23.0,25000
0,period,350208,128,freeway,freeway,9,28.0,25000
0,period,350208,128,freeway,freeway,10,24.0,25000
0,period,375040,144,freeway,breakout,1,2.0,102
0,period,375040,144,freeway,breakout,2,0.0,102
0,period,375040,144,freeway,breakout,3,1.0,102
0,period,375040,144,freeway,breakout,4,0.0,102
0,period,375040,144,freeway,breakout,5,0.0,102
0,period,375040,144,freeway,breakout,6,0.0,102
0,period,375040,144,freeway,breakout,7,0.0,102
0,period,375040,144,freeway,breakout,8,0.0,102
0,period,375040,144,freeway,breakout,9,0.0,102
0,period,375040,144,freeway,breakout,10,1.0,102
0,period,375040,144,freeway,space_invaders,1,0.0,190
0,period,375040,144,freeway,space_invaders,2,0.0,190
0,period,375040,144,freeway,space_invaders,3,0.0,190
0,period,375040,144,freeway,space_invaders,4,0.0,190
0,period,375040,144,freeway,space_invaders,5,0.0,190
0,period,375040,144,freeway,space_invaders,6,0.0,190
0,period,375040,144,freeway,space_invaders,7,1.0,190
0,period,375040,144,freeway,space_invaders,8,0.0,190
0,period,375040,144,freeway,space_invaders,9,1.0,190
0,period,375040,144,freeway,space_invaders,10,0.0,190
0,period,375040,144,freeway,freeway,1,34.0,25000
0,period,375040,144,freeway,freeway,2,28.0,25000
0,period,375040,144,freeway,freeway,3,34.0,25000
0,period,375040,144,freeway,freeway,4,30.0,25000
0,period,375040,144,freeway,freeway,5,23.0,25000
0,period,375040,144,freeway,freeway,6,25.0,25000
0,period,375040,144,freeway,freeway,7,36.0,25000
0,period,375040,144,freeway,freeway,8,11.0,25000
0,period,375040,144,freeway,freeway,9,33.0,25000
0,period,375040,144,freeway,freeway,10,29.0,25000
0,period,400128,160,freeway,breakout,1,0.0,80
0,period,400128,160,freeway,breakout,2,1.0,80
0,period,400128,160,freeway,breakout,3,1.0,80
0,period,400128,160,freeway,breakout,4,0.0,80
0,period,400128,160,freeway,breakout,5,0.0,80
0,period,400128,160,freeway,breakout,6,0.0,80
0,period,400128,160,freeway,breakout,7,0.0,80
0,period,400128,160,freeway,breakout,8,0.0,80
0,period,400128,160,freeway,breakout,9,0.0,80
0,period,400128,160,freeway,breakout,10,0.0,80
0,period,400128,160,freeway,space_invaders,1,1.0,427
0,period,400128,160,freeway,space_invaders,2,1.0,427
0,period,400128,160,freeway,space_invaders,3,0.0,427
0,period,400128,160,freeway,space_invaders,4,0.0,427
0,period,400128,160,freeway,space_invaders,5,0.0,427
0,period,400128,160,freeway,space_invaders,6,0.0,427
0,period,400128,160,freeway,space_invaders,7,0.0,427
0,period,400128,160,freeway,space_invaders,8,1.0,427
0,period,400128,160,freeway,space_invaders,9,1.0,427
0,period,400128,160,freeway,space_invaders,10,0.0,427
0,period,400128,160,freeway,freeway,1,25.0,25000
0,period,400128,160,freeway,freeway,2,18.0,25000
0,period,400128,160,freeway,freeway,3,20.0,25000
0,period,400128,160,freeway,freeway,4,22.0,25000
0,period,400128,160,freeway,freeway,5,31.0,25000
0,period,400128,160,freeway,freeway,6,20.0,25000
0,period,400128,160,freeway,freeway,7,20.0,25000
0,period,400128,160,freeway,freeway,8,25.0,25000
0,period,400128,160,freeway,freeway,9,33.0,25000
0,period,400128,160,freeway,freeway,10,26.0,25000
0,period,425216,160,freeway,breakout,1,0.0,100
0,period,425216,160,freeway,breakout,2,1.0,100
0,period,425216,160,freeway,breakout,3,1.0,100
0,period,425216,160,freeway,breakout,4,0.0,100
0,period,425216,160,freeway,breakout,5,0.0,100
0,period,425216,160,freeway,breakout,6,0.0,100
0,period,425216,160,freeway,breakout,7,1.0,100
0,period,425216,160,freeway,breakout,8,1.0,100
0,period,425216,160,freeway,breakout,9,0.0,100
0,period,425216,160,freeway,breakout,10,0.0,100
0,period,425216,160,freeway,space_invaders,1,0.0,259
0,period,425216,160,freeway,space_invaders,2,1.0,259
0,period,425216,160,freeway,space_invaders,3,1.0,259
0,period,425216,160,freeway,space_invaders,4,0.0,259
0,period,425216,160,freeway,space_invaders,5,0.0,259
0,period,425216,160,freeway,space_invaders,6,0.0,259
0,period,425216,160,freeway,space_invaders,7,0.0,259
0,period,425216,160,freeway,space_invaders,8,1.0,259
0,period,425216,160,freeway,space_invaders,9,1.0,259
0,period,425216,160,freeway,space_invaders,10,1.0,259
0,period,425216,160,freeway,freeway,1,31.0,25000
0,period,425216,160,freeway,freeway,2,27.0,25000
0,period,425216,160,freeway,freeway,3,27.0,25000
0,period,425216,160,freeway,freeway,4,27.0,25000
0,period,425216,160,freeway,freeway,5,19.0,25000
0,period,425216,160,freeway,freeway,6,26.0,25000
0,period,425216,160,freeway,freeway,7,22.0,25000
0,period,425216,160,freeway,freeway,8,31.0,25000
0,period,425216,160,freeway,freeway,9,31.0,25000
0,period,425216,160,freeway,freeway,10,30.0,25000
0,period,450048,176,freeway,breakout,1,0.0,134
0,period,450048,176,freeway,breakout,2,0.0,134
0,period,450048,176,freeway,breakout,3,2.0,134
0,period,450048,176,freeway,breakout,4,0.0,134
0,period,450048,176,freeway,breakout,5,0.0,134
0,period,450048,176,freeway,breakout,6,1.0,134
0,period,450048,176,freeway,breakout,7,1.0,134
0,period,450048,176,freeway,breakout,8,0.0,134
0,period,450048,176,freeway,breakout,9,1.0,134
0,period,450048,176,freeway,breakout,10,2.0,134
0,period,450048,176,freeway,space_invaders,1,0.0,406
0,period,450048,176,freeway,space_invaders,2,0.0,406
0,period,450048,176,freeway,space_invaders,3,1.0,406
0,period,450048,176,freeway,space_invaders,4,1.0,406
0,period,450048,176,freeway,space_invaders,5,1.0,406
0,period,450048,176,freeway,space_invaders,6,0.0,406
0,period,450048,176,freeway,space_invaders,7,0.0,406
0,period,450048,176,freeway,space_invaders,8,1.0,406
0,period,450048,176,freeway,space_invaders,9,0.0,406
0,period,450048,176,freeway,space_invaders,10,0.0,406
0,period,450048,176,freeway,freeway,1,29.0,25000
0,period,450048,176,freeway,freeway,2,23.0,25000
0,period,450048,176,freeway,freeway,3,27.0,25000
0,period,450048,176,freeway,freeway,4,28.0,25000
0,period,450048,176,freeway,freeway,5,24.0,25000
0,period,450048,176,freeway,freeway,6,29.0,25000
0,period,450048,176,freeway,freeway,7,28.0,25000
0,period,450048,176,freeway,freeway,8,32.0,25000
0,period,450048,176,freeway,freeway,9,18.0,25000
0,period,450048,176,freeway,freeway,10,24.0,25000
0,period,475136,176,freeway,breakout,1,0.0,102
0,period,475136,176,freeway,breakout,2,0.0,102
0,period,475136,176,freeway,breakout,3,0.0,102
0,period,475136,176,freeway,breakout,4,0.0,102
0,period,475136,176,freeway,breakout,5,0.0,102
0,period,475136,176,freeway,breakout,6,0.0,102
0,period,475136,176,freeway,breakout,7,0.0,102
0,period,475136,176,freeway,breakout,8,2.0,102
0,period,475136,176,freeway,breakout,9,1.0,102
0,period,475136,176,freeway,breakout,10,1.0,102
0,period,475136,176,freeway,space_invaders,1,0.0,300
0,period,475136,176,freeway,space_invaders,2,1.0,300
0,period,475136,176,freeway,space_invaders,3,0.0,300
0,period,475136,176,freeway,space_invaders,4,0.0,300
0,period,475136,176,freeway,space_invaders,5,0.0,300
0,period,475136,176,freeway,space_invaders,6,1.0,300
0,period,475136,176,freeway,space_invaders,7,1.0,300
0,period,475136,176,freeway,space_invaders,8,1.0,300
0,period,475136,176,freeway,space_invaders,9,0.0,300
0,period,475136,176,freeway,space_invaders,10,0.0,300
0,period,475136,176,freeway,freeway,1,22.0,25000
0,period,475136,176,freeway,freeway,2,24.0,25000
0,period,475136,176,freeway,freeway,3,26.0,25000
0,period,475136,176,freeway,freeway,4,24.0,25000
0,period,475136,176,freeway,freeway,5,31.0,25000
0,period,475136,176,freeway,freeway,6,33.0,25000
0,period,475136,176,freeway,freeway,7,19.0,25000
0,period,475136,176,freeway,freeway,8,21.0,25000
0,period,475136,176,freeway,freeway,9,23.0,25000
0,period,475136,176,freeway,freeway,10,17.0,25000
1,boundary,999936,384,freeway,breakout,1,1.0,166
1,boundary,999936,384,freeway,breakout,2,0.0,166
1,boundary,999936,384,freeway,breakout,3,1.0,166
1,boundary,999936,384,freeway,breakout,4,0.0,166
1,boundary,999936,384,freeway,breakout,5,1.0,166
1,boundary,999936,384,freeway,breakout,6,0.0,166
1,boundary,999936,384,freeway,breakout,7,5.0,166
1,boundary,999936,384,freeway,breakout,8,0.0,166
1,boundary,999936,384,freeway,breakout,9,1.0,166
1,boundary,999936,384,freeway,breakout,10,1.0,166
1,boundary,999936,384,freeway,space_invaders,1,1.0,231
1,boundary,999936,384,freeway,space_invaders,2,0.0,231
1,boundary,999936,384,freeway,space_invaders,3,0.0,231
1,boundary,999936,384,freeway,space_invaders,4,0.0,231
1,boundary,999936,384,freeway,space_invaders,5,0.0,231
1,boundary,999936,384,freeway,space_invaders,6,1.0,231
1,boundary,999936,384,freeway,space_invaders,7,1.0,231
1,boundary,999936,384,freeway,space_invaders,8,1.0,231
1,boundary,999936,384,freeway,space_invaders,9,0.0,231
1,boundary,999936,384,freeway,space_invaders,10,0.0,231
1,boundary,999936,384,freeway,freeway,1,26.0,25000
1,boundary,999936,384,freeway,freeway,2,21.0,25000
1,boundary,999936,384,freeway,freeway,3,21.0,25000
1,boundary,999936,384,freeway,freeway,4,31.0,25000
1,boundary,999936,384,freeway,freeway,5,35.0,25000
1,boundary,999936,384,freeway,freeway,6,33.0,25000
1,boundary,999936,384,freeway,freeway,7,27.0,25000
1,boundary,999936,384,freeway,freeway,8,26.0,25000
1,boundary,999936,384,freeway,freeway,9,27.0,25000
1,boundary,999936,384,freeway,freeway,10,26.0,25000
1,period,500224,192,freeway,breakout,1,0.0,60
1,period,500224,192,freeway,breakout,2,0.0,60
1,period,500224,192,freeway,breakout,3,0.0,60
1,period,500224,192,freeway,breakout,4,0.0,60
1,period,500224,192,freeway,breakout,5,0.0,60
1,period,500224,192,freeway,breakout,6,0.0,60
1,period,500224,192,freeway,breakout,7,0.0,60
1,period,500224,192,freeway,breakout,8,0.0,60
1,period,500224,192,freeway,breakout,9,0.0,60
1,period,500224,192,freeway,breakout,10,0.0,60
1,period,500224,192,freeway,space_invaders,1,1.0,318
1,period,500224,192,freeway,space_invaders,2,1.0,318
1,period,500224,192,freeway,space_invaders,3,2.0,318
1,period,500224,192,freeway,space_invaders,4,1.0,318
1,period,500224,192,freeway,space_invaders,5,1.0,318
1,period,500224,192,freeway,space_invaders,6,1.0,318
1,period,500224,192,freeway,space_invaders,7,1.0,318
1,period,500224,192,freeway,space_invaders,8,0.0,318
1,period,500224,192,freeway,space_invaders,9,2.0,318
1,period,500224,192,freeway,space_invaders,10,0.0,318
1,period,500224,192,freeway,freeway,1,15.0,25000
1,period,500224,192,freeway,freeway,2,23.0,25000
1,period,500224,192,freeway,freeway,3,28.0,25000
1,period,500224,192,freeway,freeway,4,18.0,25000
1,period,500224,192,freeway,freeway,5,22.0,25000
1,period,500224,192,freeway,freeway,6,22.0,25000
1,period,500224,192,freeway,freeway,7,32.0,25000
1,period,500224,192,freeway,freeway,8,23.0,25000
1,period,500224,192,freeway,freeway,9,33.0,25000
1,period,500224,192,freeway,freeway,10,25.0,25000
1,period,525056,192,freeway,breakout,1,1.0,80
1,period,525056,192,freeway,breakout,2,0.0,80
1,period,525056,192,freeway,breakout,3,0.0,80
1,period,525056,192,freeway,breakout,4,0.0,80
1,period,525056,192,freeway,breakout,5,0.0,80
1,period,525056,192,freeway,breakout,6,0.0,80
1,period,525056,192,freeway,breakout,7,0.0,80
1,period,525056,192,freeway,breakout,8,1.0,80
1,period,525056,192,freeway,breakout,9,0.0,80
1,period,525056,192,freeway,breakout,10,0.0,80
1,period,525056,192,freeway,space_invaders,1,0.0,348
1,period,525056,192,freeway,space_invaders,2,0.0,348
1,period,525056,192,freeway,space_invaders,3,1.0,348
1,period,525056,192,freeway,space_invaders,4,1.0,348
1,period,525056,192,freeway,space_invaders,5,0.0,348
1,period,525056,192,freeway,space_invaders,6,1.0,348
1,period,525056,192,freeway,space_invaders,7,1.0,348
1,period,525056,192,freeway,space_invaders,8,1.0,348
1,period,525056,192,freeway,space_invaders,9,0.0,348
1,period,525056,192,freeway,space_invaders,10,0.0,348
1,period,525056,192,freeway,freeway,1,22.0,25000
1,period,525056,192,freeway,freeway,2,24.0,25000
1,period,525056,192,freeway,freeway,3,29.0,25000
1,period,525056,192,freeway,freeway,4,22.0,25000
1,period,525056,192,freeway,freeway,5,33.0,25000
1,period,525056,192,freeway,freeway,6,18.0,25000
1,period,525056,192,freeway,freeway,7,27.0,25000
1,period,525056,192,freeway,freeway,8,26.0,25000
1,period,525056,192,freeway,freeway,9,24.0,25000
1,period,525056,192,freeway,freeway,10,25.0,25000
1,period,550144,208,freeway,breakout,1,1.0,162
1,period,550144,208,freeway,breakout,2,1.0,162
1,period,550144,208,freeway,breakout,3,1.0,162
1,period,550144,208,freeway,breakout,4,0.0,162
1,period,550144,208,freeway,breakout,5,1.0,162
1,period,550144,208,freeway,breakout,6,0.0,162
1,period,550144,208,freeway,breakout,7,1.0,162
1,period,550144,208,freeway,breakout,8,0.0,162
1,period,550144,208,freeway,breakout,9,4.0,162
1,period,550144,208,freeway,breakout,10,1.0,162
1,period,550144,208,freeway,space_invaders,1,0.0,191
1,period,550144,208,freeway,space_invaders,2,1.0,191
1,period,550144,208,freeway,space_invaders,3,1.0,191
1,period,550144,208,freeway,space_invaders,4,0.0,191
1,period,550144,208,freeway,space_invaders,5,2.0,191
1,period,550144,208,freeway,space_invaders,6,0.0,191
1,period,550144,208,freeway,space_invaders,7,0.0,191
1,period,550144,208,freeway,space_invaders,8,1.0,191
1,period,550144,208,freeway,space_invaders,9,0.0,191
1,period,550144,208,freeway,space_invaders,10,0.0,191
1,period,550144,208,freeway,freeway,1,30.0,25000
1,period,550144,208,freeway,freeway,2,30.0,25000
1,period,550144,208,freeway,freeway,3,32.0,25000
1,period,550144,208,freeway,freeway,4,27.0,25000
1,period,550144,208,freeway,freeway,5,33.0,25000
1,period,550144,208,freeway,freeway,6,19.0,25000
1,period,550144,208,freeway,freeway,7,33.0,25000
1,period,550144,208,freeway,freeway,8,32.0,25000
1,period,550144,208,freeway,freeway,9,26.0,25000
1,period,550144,208,freeway,freeway,10,33.0,25000
1,period,575232,208,freeway,breakout,1,0.0,100
1,period,575232,208,freeway,breakout,2,0.0,100
1,period,575232,208,freeway,breakout,3,0.0,100
1,period,575232,208,freeway,breakout,4,1.0,100
1,period,575232,208,freeway,breakout,5,1.0,100
1,period,575232,208,freeway,breakout,6,0.0,100
1,period,575232,208,freeway,breakout,7,0.0,100
1,period,575232,208,freeway,breakout,8,0.0,100
1,period,575232,208,freeway,breakout,9,1.0,100
1,period,575232,208,freeway,breakout,10,1.0,100
1,period,575232,208,freeway,space_invaders,1,0.0,309
1,period,575232,208,freeway,space_invaders,2,3.0,309
1,period,575232,208,freeway,space_invaders,3,0.0,309
1,period,575232,208,freeway,space_invaders,4,1.0,309
1,period,575232,208,freeway,space_invaders,5,2.0,309
1,period,575232,208,freeway,space_invaders,6,1.0,309
1,period,575232,208,freeway,space_invaders,7,0.0,309
1,period,575232,208,freeway,space_invaders,8,0.0,309
1,period,575232,208,freeway,space_invaders,9,0.0,309
1,period,575232,208,freeway,space_invaders,10,1.0,309
1,period,575232,208,freeway,freeway,1,18.0,25000
1,period,575232,208,freeway,freeway,2,23.0,25000
1,period,575232,208,freeway,freeway,3,25.0,25000
1,period,575232,208,freeway,freeway,4,18.0,25000
1,period,575232,208,freeway,freeway,5,37.0,25000
1,period,575232,208,freeway,freeway,6,31.0,25000
1,period,575232,208,freeway,freeway,7,22.0,25000
1,period,575232,208,freeway,freeway,8,33.0,25000
1,period,575232,208,freeway,freeway,9,23.0,25000
1,period,575232,208,freeway,freeway,10,20.0,25000
1,period,600064,224,freeway,breakout,1,1.0,120
1,period,600064,224,freeway,breakout,2,0.0,120
1,period,600064,224,freeway,breakout,3,1.0,120
1,period,600064,224,freeway,breakout,4,1.0,120
1,period,600064,224,freeway,breakout,5,1.0,120
1,period,600064,224,freeway,breakout,6,1.0,120
1,period,600064,224,freeway,breakout,7,1.0,120
1,period,600064,224,freeway,breakout,8,0.0,120
1,period,600064,224,freeway,breakout,9,0.0,120
1,period,600064,224,freeway,breakout,10,0.0,120
1,period,600064,224,freeway,space_invaders,1,1.0,201
1,period,600064,224,freeway,space_invaders,2,2.0,201
1,period,600064,224,freeway,space_invaders,3,0.0,201
1,period,600064,224,freeway,space_invaders,4,1.0,201
1,period,600064,224,freeway,space_invaders,5,1.0,201
1,period,600064,224,freeway,space_invaders,6,1.0,201
1,period,600064,224,freeway,space_invaders,7,1.0,201
1,period,600064,224,freeway,space_invaders,8,1.0,201
1,period,600064,224,freeway,space_invaders,9,0.0,201
1,period,600064,224,freeway,space_invaders,10,1.0,201
1,period,600064,224,freeway,freeway,1,25.0,25000
1,period,600064,224,freeway,freeway,2,29.0,25000
1,period,600064,224,freeway,freeway,3,33.0,25000
1,period,600064,224,freeway,freeway,4,32.0,25000
1,period,600064,224,freeway,freeway,5,28.0,25000
1,period,600064,224,freeway,freeway,6,24.0,25000
1,period,600064,224,freeway,freeway,7,27.0,25000
1,period,600064,224,freeway,freeway,8,28.0,25000
1,period,600064,224,freeway,freeway,9,27.0,25000
1,period,600064,224,freeway,freeway,10,19.0,25000
1,period,625152,240,freeway,breakout,1,0.0,100
1,period,625152,240,freeway,breakout,2,1.0,100
1,period,625152,240,freeway,breakout,3,1.0,100
1,period,625152,240,freeway,breakout,4,0.0,100
1,period,625152,240,freeway,breakout,5,1.0,100
1,period,625152,240,freeway,breakout,6,0.0,100
1,period,625152,240,freeway,breakout,7,0.0,100
1,period,625152,240,freeway,breakout,8,1.0,100
1,period,625152,240,freeway,breakout,9,0.0,100
1,period,625152,240,freeway,breakout,10,0.0,100
1,period,625152,240,freeway,space_invaders,1,1.0,232
1,period,625152,240,freeway,space_invaders,2,1.0,232
1,period,625152,240,freeway,space_invaders,3,2.0,232
1,period,625152,240,freeway,space_invaders,4,0.0,232
1,period,625152,240,freeway,space_invaders,5,1.0,232
1,period,625152,240,freeway,space_invaders,6,2.0,232
1,period,625152,240,freeway,space_invaders,7,1.0,232
1,period,625152,240,freeway,space_invaders,8,1.0,232
1,period,625152,240,freeway,space_invaders,9,0.0,232
1,period,625152,240,freeway,space_invaders,10,0.0,232
1,period,625152,240,freeway,freeway,1,37.0,25000
1,period,625152,240,freeway,freeway,2,27.0,25000
1,period,625152,240,freeway,freeway,3,25.0,25000
1,period,625152,240,freeway,freeway,4,26.0,25000
1,period,625152,240,freeway,freeway,5,32.0,25000
1,period,625152,240,freeway,freeway,6,30.0,25000
1,period,625152,240,freeway,freeway,7,21.0,25000
1,period,625152,240,freeway,freeway,8,34.0,25000
1,period,625152,240,freeway,freeway,9,34.0,25000
1,period,625152,240,freeway,freeway,10,36.0,25000
1,period,650240,240,freeway,breakout,1,1.0,142
1,period,650240,240,freeway,breakout,2,2.0,142
1,period,650240,240,freeway,breakout,3,0.0,142
1,period,650240,240,freeway,breakout,4,1.0,142
1,period,650240,240,freeway,breakout,5,0.0,142
1,period,650240,240,freeway,breakout,6,0.0,142
1,period,650240,240,freeway,breakout,7,0.0,142
1,period,650240,240,freeway,breakout,8,1.0,142
1,period,650240,240,freeway,breakout,9,3.0,142
1,period,650240,240,freeway,breakout,10,0.0,142
1,period,650240,240,freeway,space_invaders,1,0.0,200
1,period,650240,240,freeway,space_invaders,2,0.0,200
1,period,650240,240,freeway,space_invaders,3,0.0,200
1,period,650240,240,freeway,space_invaders,4,3.0,200
1,period,650240,240,freeway,space_invaders,5,1.0,200
1,period,650240,240,freeway,space_invaders,6,0.0,200
1,period,650240,240,freeway,space_invaders,7,0.0,200
1,period,650240,240,freeway,space_invaders,8,1.0,200
1,period,650240,240,freeway,space_invaders,9,0.0,200
1,period,650240,240,freeway,space_invaders,10,0.0,200
1,period,650240,240,freeway,freeway,1,30.0,25000
1,period,650240,240,freeway,freeway,2,30.0,25000
1,period,650240,240,freeway,freeway,3,29.0,25000
1,period,650240,240,freeway,freeway,4,24.0,25000
1,period,650240,240,freeway,freeway,5,38.0,25000
1,period,650240,240,freeway,freeway,6,21.0,25000
1,period,650240,240,freeway,freeway,7,30.0,25000
1,period,650240,240,freeway,freeway,8,27.0,25000
1,period,650240,240,freeway,freeway,9,19.0,25000
1,period,650240,240,freeway,freeway,10,22.0,25000
1,period,675072,256,freeway,breakout,1,1.0,130
1,period,675072,256,freeway,breakout,2,1.0,130
1,period,675072,256,freeway,breakout,3,1.0,130
1,period,675072,256,freeway,breakout,4,0.0,130
1,period,675072,256,freeway,breakout,5,1.0,130
1,period,675072,256,freeway,breakout,6,1.0,130
1,period,675072,256,freeway,breakout,7,0.0,130
1,period,675072,256,freeway,breakout,8,1.0,130
1,period,675072,256,freeway,breakout,9,0.0,130
1,period,675072,256,freeway,breakout,10,1.0,130
1,period,675072,256,freeway,space_invaders,1,0.0,259
1,period,675072,256,freeway,space_invaders,2,1.0,259
1,period,675072,256,freeway,space_invaders,3,0.0,259
1,period,675072,256,freeway,space_invaders,4,1.0,259
1,period,675072,256,freeway,space_invaders,5,0.0,259
1,period,675072,256,freeway,space_invaders,6,0.0,259
1,period,675072,256,freeway,space_invaders,7,0.0,259
1,period,675072,256,freeway,space_invaders,8,0.0,259
1,period,675072,256,freeway,space_invaders,9,1.0,259
1,period,675072,256,freeway,space_invaders,10,1.0,259
1,period,675072,256,freeway,freeway,1,34.0,25000
1,period,675072,256,freeway,freeway,2,33.0,25000
1,period,675072,256,freeway,freeway,3,23.0,25000
1,period,675072,256,freeway,freeway,4,26.0,25000
1,period,675072,256,freeway,freeway,5,30.0,25000
1,period,675072,256,freeway,freeway,6,39.0,25000
1,period,675072,256,freeway,freeway,7,28.0,25000
1,period,675072,256,freeway,freeway,8,26.0,25000
1,period,675072,256,freeway,freeway,9,44.0,25000
1,period,675072,256,freeway,freeway,10,33.0,25000
1,period,700160,272,freeway,breakout,1,0.0,112
1,period,700160,272,freeway,breakout,2,0.0,112
1,period,700160,272,freeway,breakout,3,2.0,112
1,period,700160,272,freeway,breakout,4,0.0,112
1,period,700160,272,freeway,breakout,5,1.0,112
1,period,700160,272,freeway,breakout,6,0.0,112
1,period,700160,272,freeway,breakout,7,0.0,112
1,period,700160,272,freeway,breakout,8,1.0,112
1,period,700160,272,freeway,breakout,9,0.0,112
1,period,700160,272,freeway,breakout,10,1.0,112
1,period,700160,272,freeway,space_invaders,1,1.0,239
1,period,700160,272,freeway,space_invaders,2,0.0,239
1,period,700160,272,freeway,space_invaders,3,0.0,239
1,period,700160,272,freeway,space_invaders,4,0.0,239
1,period,700160,272,freeway,space_invaders,5,0.0,239
1,period,700160,272,freeway,space_invaders,6,1.0,239
1,period,700160,272,freeway,space_invaders,7,0.0,239
1,period,700160,272,freeway,space_invaders,8,0.0,239
1,period,700160,272,freeway,space_invaders,9,0.0,239
1,period,700160,272,freeway,space_invaders,10,1.0,239
1,period,700160,272,freeway,freeway,1,30.0,25000
1,period,700160,272,freeway,freeway,2,33.0,25000
1,period,700160,272,freeway,freeway,3,17.0,25000
1,period,700160,272,freeway,freeway,4,28.0,25000
1,period,700160,272,freeway,freeway,5,23.0,25000
1,period,700160,272,freeway,freeway,6,34.0,25000
1,period,700160,272,freeway,freeway,7,23.0,25000
1,period,700160,272,freeway,freeway,8,24.0,25000
1,period,700160,272,freeway,freeway,9,20.0,25000
1,period,700160,272,freeway,freeway,10,33.0,25000
1,period,725248,272,freeway,breakout,1,0.0,90
1,period,725248,272,freeway,breakout,2,0.0,90
1,period,725248,272,freeway,breakout,3,0.0,90
1,period,725248,272,freeway,breakout,4,0.0,90
1,period,725248,272,freeway,breakout,5,1.0,90
1,period,725248,272,freeway,breakout,6,0.0,90
1,period,725248,272,freeway,breakout,7,1.0,90
1,period,725248,272,freeway,breakout,8,1.0,90
1,period,725248,272,freeway,breakout,9,0.0,90
1,period,725248,272,freeway,breakout,10,0.0,90
1,period,725248,272,freeway,space_invaders,1,0.0,299
1,period,725248,272,freeway,space_invaders,2,0.0,299
1,period,725248,272,freeway,space_invaders,3,1.0,299
1,period,725248,272,freeway,space_invaders,4,1.0,299
1,period,725248,272,freeway,space_invaders,5,2.0,299
1,period,725248,272,freeway,space_invaders,6,2.0,299
1,period,725248,272,freeway,space_invaders,7,0.0,299
1,period,725248,272,freeway,space_invaders,8,0.0,299
1,period,725248,272,freeway,space_invaders,9,0.0,299
1,period,725248,272,freeway,space_invaders,10,0.0,299
1,period,725248,272,freeway,freeway,1,28.0,25000
1,period,725248,272,freeway,freeway,2,9.0,25000
1,period,725248,272,freeway,freeway,3,27.0,25000
1,period,725248,272,freeway,freeway,4,38.0,25000
1,period,725248,272,freeway,freeway,5,22.0,25000
1,period,725248,272,freeway,freeway,6,21.0,25000
1,period,725248,272,freeway,freeway,7,27.0,25000
1,period,725248,272,freeway,freeway,8,28.0,25000
1,period,725248,272,freeway,freeway,9,33.0,25000
1,period,725248,272,freeway,freeway,10,23.0,25000
1,period,750080,288,freeway,breakout,1,0.0,110
1,period,750080,288,freeway,breakout,2,0.0,110
1,period,750080,288,freeway,breakout,3,0.0,110
1,period,750080,288,freeway,breakout,4,1.0,110
1,period,750080,288,freeway,breakout,5,1.0,110
1,period,750080,288,freeway,breakout,6,0.0,110
1,period,750080,288,freeway,breakout,7,2.0,110
1,period,750080,288,freeway,breakout,8,0.0,110
1,period,750080,288,freeway,breakout,9,0.0,110
1,period,750080,288,freeway,breakout,10,1.0,110
1,period,750080,288,freeway,space_invaders,1,1.0,302
1,period,750080,288,freeway,space_invaders,2,0.0,302
1,period,750080,288,freeway,space_invaders,3,4.0,302
1,period,750080,288,freeway,space_invaders,4,1.0,302
1,period,750080,288,freeway,space_invaders,5,1.0,302
1,period,750080,288,freeway,space_invaders,6,3.0,302
1,period,750080,288,freeway,space_invaders,7,0.0,302
1,period,750080,288,freeway,space_invaders,8,2.0,302
1,period,750080,288,freeway,space_invaders,9,1.0,302
1,period,750080,288,freeway,space_invaders,10,1.0,302
1,period,750080,288,freeway,freeway,1,28.0,25000
1,period,750080,288,freeway,freeway,2,32.0,25000
1,period,750080,288,freeway,freeway,3,24.0,25000
1,period,750080,288,freeway,freeway,4,22.0,25000
1,period,750080,288,freeway,freeway,5,26.0,25000
1,period,750080,288,freeway,freeway,6,25.0,25000
1,period,750080,288,freeway,freeway,7,27.0,25000
1,period,750080,288,freeway,freeway,8,25.0,25000
1,period,750080,288,freeway,freeway,9,29.0,25000
1,period,750080,288,freeway,freeway,10,26.0,25000
1,period,775168,288,freeway,breakout,1,3.0,122
1,period,775168,288,freeway,breakout,2,0.0,122
1,period,775168,288,freeway,breakout,3,1.0,122
1,period,775168,288,freeway,breakout,4,0.0,122
1,period,775168,288,freeway,breakout,5,0.0,122
1,period,775168,288,freeway,breakout,6,0.0,122
1,period,775168,288,freeway,breakout,7,0.0,122
1,period,775168,288,freeway,breakout,8,0.0,122
1,period,775168,288,freeway,breakout,9,1.0,122
1,period,775168,288,freeway,breakout,10,1.0,122
1,period,775168,288,freeway,space_invaders,1,0.0,220
1,period,775168,288,freeway,space_invaders,2,0.0,220
1,period,775168,288,freeway,space_invaders,3,0.0,220
1,period,775168,288,freeway,space_invaders,4,0.0,220
1,period,775168,288,freeway,space_invaders,5,1.0,220
1,period,775168,288,freeway,space_invaders,6,1.0,220
1,period,775168,288,freeway,space_invaders,7,0.0,220
1,period,775168,288,freeway,space_invaders,8,0.0,220
1,period,775168,288,freeway,space_invaders,9,0.0,220
1,period,775168,288,freeway,space_invaders,10,0.0,220
1,period,775168,288,freeway,freeway,1,29.0,25000
1,period,775168,288,freeway,freeway,2,25.0,25000
1,period,775168,288,freeway,freeway,3,26.0,25000
1,period,775168,288,freeway,freeway,4,16.0,25000
1,period,775168,288,freeway,freeway,5,26.0,25000
1,period,775168,288,freeway,freeway,6,28.0,25000
1,period,775168,288,freeway,freeway,7,28.0,25000
1,period,775168,288,freeway,freeway,8,26.0,25000
1,period,775168,288,freeway,freeway,9,26.0,25000
1,period,775168,288,freeway,freeway,10,19.0,25000
1,period,800000,304,freeway,breakout,1,1.0,130
1,period,800000,304,freeway,breakout,2,0.0,130
1,period,800000,304,freeway,breakout,3,1.0,130
1,period,800000,304,freeway,breakout,4,1.0,130
1,period,800000,304,freeway,breakout,5,1.0,130
1,period,800000,304,freeway,breakout,6,0.0,130
1,period,800000,304,freeway,breakout,7,0.0,130
1,period,800000,304,freeway,breakout,8,0.0,130
1,period,800000,304,freeway,breakout,9,2.0,130
1,period,800000,304,freeway,breakout,10,1.0,130
1,period,800000,304,freeway,space_invaders,1,0.0,191
1,period,800000,304,freeway,space_invaders,2,0.0,191
1,period,800000,304,freeway,space_invaders,3,0.0,191
1,period,800000,304,freeway,space_invaders,4,0.0,191
1,period,800000,304,freeway,space_invaders,5,0.0,191
1,period,800000,304,freeway,space_invaders,6,0.0,191
1,period,800000,304,freeway,space_invaders,7,0.0,191
1,period,800000,304,freeway,space_invaders,8,0.0,191
1,period,800000,304,freeway,space_invaders,9,1.0,191
1,period,800000,304,freeway,space_invaders,10,0.0,191
1,period,800000,304,freeway,freeway,1,24.0,25000
1,period,800000,304,freeway,freeway,2,36.0,25000
1,period,800000,304,freeway,freeway,3,29.0,25000
1,period,800000,304,freeway,freeway,4,34.0,25000
1,period,800000,304,freeway,freeway,5,17.0,25000
1,period,800000,304,freeway,freeway,6,33.0,25000
1,period,800000,304,freeway,freeway,7,29.0,25000
1,period,800000,304,freeway,freeway,8,26.0,25000
1,period,800000,304,freeway,freeway,9,31.0,25000
1,period,800000,304,freeway,freeway,10,31.0,25000
1,period,825088,320,freeway,breakout,1,2.0,122
1,period,825088,320,freeway,breakout,2,2.0,122
1,period,825088,320,freeway,breakout,3,1.0,122
1,period,825088,320,freeway,breakout,4,0.0,122
1,period,825088,320,freeway,breakout,5,0.0,122
1,period,825088,320,freeway,breakout,6,1.0,122
1,period,825088,320,freeway,breakout,7,0.0,122
1,period,825088,320,freeway,breakout,8,0.0,122
1,period,825088,320,freeway,breakout,9,0.0,122
1,period,825088,320,freeway,breakout,10,0.0,122
1,period,825088,320,freeway,space_invaders,1,1.0,259
1,period,825088,320,freeway,space_invaders,2,0.0,259
1,period,825088,320,freeway,space_invaders,3,0.0,259
1,period,825088,320,freeway,space_invaders,4,0.0,259
1,period,825088,320,freeway,space_invaders,5,0.0,259
1,period,825088,320,freeway,space_invaders,6,0.0,259
1,period,825088,320,freeway,space_invaders,7,1.0,259
1,period,825088,320,freeway,space_invaders,8,0.0,259
1,period,825088,320,freeway,space_invaders,9,1.0,259
1,period,825088,320,freeway,space_invaders,10,1.0,259
1,period,825088,320,freeway,freeway,1,38.0,25000
1,period,825088,320,freeway,freeway,2,32.0,25000
1,period,825088,320,freeway,freeway,3,31.0,25000
1,period,825088,320,freeway,freeway,4,35.0,25000
1,period,825088,320,freeway,freeway,5,26.0,25000
1,period,825088,320,freeway,freeway,6,20.0,25000
1,period,825088,320,freeway,freeway,7,24.0,25000
1,period,825088,320,freeway,freeway,8,31.0,25000
1,period,825088,320,freeway,freeway,9,29.0,25000
1,period,825088,320,freeway,freeway,10,24.0,25000
1,period,850176,320,freeway,breakout,1,1.0,110
1,period,850176,320,freeway,breakout,2,1.0,110
1,period,850176,320,freeway,breakout,3,0.0,110
1,period,850176,320,freeway,breakout,4,0.0,110
1,period,850176,320,freeway,breakout,5,1.0,110
1,period,850176,320,freeway,breakout,6,0.0,110
1,period,850176,320,freeway,breakout,7,1.0,110
1,period,850176,320,freeway,breakout,8,1.0,110
1,period,850176,320,freeway,breakout,9,0.0,110
1,period,850176,320,freeway,breakout,10,0.0,110
1,period,850176,320,freeway,space_invaders,1,2.0,243
1,period,850176,320,freeway,space_invaders,2,1.0,243
1,period,850176,320,freeway,space_invaders,3,0.0,243
1,period,850176,320,freeway,space_invaders,4,1.0,243
1,period,850176,320,freeway,space_invaders,5,0.0,243
1,period,850176,320,freeway,space_invaders,6,0.0,243
1,period,850176,320,freeway,space_invaders,7,0.0,243
1,period,850176,320,freeway,space_invaders,8,1.0,243
1,period,850176,320,freeway,space_invaders,9,1.0,243
1,period,850176,320,freeway,space_invaders,10,3.0,243
1,period,850176,320,freeway,freeway,1,24.0,25000
1,period,850176,320,freeway,freeway,2,22.0,25000
1,period,850176,320,freeway,freeway,3,30.0,25000
1,period,850176,320,freeway,freeway,4,38.0,25000
1,period,850176,320,freeway,freeway,5,24.0,25000
1,period,850176,320,freeway,freeway,6,31.0,25000
1,period,850176,320,freeway,freeway,7,33.0,25000
1,period,850176,320,freeway,freeway,8,39.0,25000
1,period,850176,320,freeway,freeway,9,31.0,25000
1,period,850176,320,freeway,freeway,10,26.0,25000
1,period,875008,336,freeway,breakout,1,0.0,130
1,period,875008,336,freeway,breakout,2,1.0,130
1,period,875008,336,freeway,breakout,3,1.0,130
1,period,875008,336,freeway,breakout,4,1.0,130
1,period,875008,336,freeway,breakout,5,1.0,130
1,period,875008,336,freeway,breakout,6,0.0,130
1,period,875008,336,freeway,breakout,7,0.0,130
1,period,875008,336,freeway,breakout,8,0.0,130
1,period,875008,336,freeway,breakout,9,1.0,130
1,period,875008,336,freeway,breakout,10,2.0,130
1,period,875008,336,freeway,space_invaders,1,1.0,400
1,period,875008,336,freeway,space_invaders,2,1.0,400
1,period,875008,336,freeway,space_invaders,3,4.0,400
1,period,875008,336,freeway,space_invaders,4,4.0,400
1,period,875008,336,freeway,space_invaders,5,2.0,400
1,period,875008,336,freeway,space_invaders,6,1.0,400
1,period,875008,336,freeway,space_invaders,7,4.0,400
1,period,875008,336,freeway,space_invaders,8,2.0,400
1,period,875008,336,freeway,space_invaders,9,2.0,400
1,period,875008,336,freeway,space_invaders,10,2.0,400
1,period,875008,336,freeway,freeway,1,26.0,25000
1,period,875008,336,freeway,freeway,2,21.0,25000
1,period,875008,336,freeway,freeway,3,22.0,25000
1,period,875008,336,freeway,freeway,4,16.0,25000
1,period,875008,336,freeway,freeway,5,25.0,25000
1,period,875008,336,freeway,freeway,6,25.0,25000
1,period,875008,336,freeway,freeway,7,21.0,25000
1,period,875008,336,freeway,freeway,8,24.0,25000
1,period,875008,336,freeway,freeway,9,21.0,25000
1,period,875008,336,freeway,freeway,10,23.0,25000
1,period,900096,352,freeway,breakout,1,1.0,142
1,period,900096,352,freeway,breakout,2,1.0,142
1,period,900096,352,freeway,breakout,3,0.0,142
1,period,900096,352,freeway,breakout,4,3.0,142
1,period,900096,352,freeway,breakout,5,1.0,142
1,period,900096,352,freeway,breakout,6,1.0,142
1,period,900096,352,freeway,breakout,7,1.0,142
1,period,900096,352,freeway,breakout,8,0.0,142
1,period,900096,352,freeway,breakout,9,0.0,142
1,period,900096,352,freeway,breakout,10,0.0,142
1,period,900096,352,freeway,space_invaders,1,0.0,260
1,period,900096,352,freeway,space_invaders,2,4.0,260
1,period,900096,352,freeway,space_invaders,3,3.0,260
1,period,900096,352,freeway,space_invaders,4,1.0,260
1,period,900096,352,freeway,space_invaders,5,2.0,260
1,period,900096,352,freeway,space_invaders,6,2.0,260
1,period,900096,352,freeway,space_invaders,7,3.0,260
1,period,900096,352,freeway,space_invaders,8,1.0,260
1,period,900096,352,freeway,space_invaders,9,2.0,260
1,period,900096,352,freeway,space_invaders,10,1.0,260
1,period,900096,352,freeway,freeway,1,23.0,25000
1,period,900096,352,freeway,freeway,2,27.0,25000
1,period,900096,352,freeway,freeway,3,30.0,25000
1,period,900096,352,freeway,freeway,4,18.0,25000
1,period,900096,352,freeway,freeway,5,30.0,25000
1,period,900096,352,freeway,freeway,6,20.0,25000
1,period,900096,352,freeway,freeway,7,23.0,25000
1,period,900096,352,freeway,freeway,8,27.0,25000
1,period,900096,352,freeway,freeway,9,33.0,25000
1,period,900096,352,freeway,freeway,10,26.0,25000
1,period,925184,352,freeway,breakout,1,1.0,110
1,period,925184,352,freeway,breakout,2,1.0,110
1,period,925184,352,freeway,breakout,3,0.0,110
1,period,925184,352,freeway,breakout,4,0.0,110
1,period,925184,352,freeway,breakout,5,0.0,110
1,period,925184,352,freeway,breakout,6,0.0,110
1,period,925184,352,freeway,breakout,7,1.0,110
1,period,925184,352,freeway,breakout,8,1.0,110
1,period,925184,352,freeway,breakout,9,0.0,110
1,period,925184,352,freeway,breakout,10,1.0,110
1,period,925184,352,freeway,space_invaders,1,0.0,202
1,period,925184,352,freeway,space_invaders,2,1.0,202
1,period,925184,352,freeway,space_invaders,3,1.0,202
1,period,925184,352,freeway,space_invaders,4,0.0,202
1,period,925184,352,freeway,space_invaders,5,1.0,202
1,period,925184,352,freeway,space_invaders,6,1.0,202
1,period,925184,352,freeway,space_invaders,7,0.0,202
1,period,925184,352,freeway,space_invaders,8,2.0,202
1,period,925184,352,freeway,space_invaders,9,1.0,202
1,period,925184,352,freeway,space_invaders,10,1.0,202
1,period,925184,352,freeway,freeway,1,28.0,25000
1,period,925184,352,freeway,freeway,2,24.0,25000
1,period,925184,352,freeway,freeway,3,25.0,25000
1,period,925184,352,freeway,freeway,4,30.0,25000
1,period,925184,352,freeway,freeway,5,30.0,25000
1,period,925184,352,freeway,freeway,6,33.0,25000
1,period,925184,352,freeway,freeway,7,25.0,25000
1,period,925184,352,freeway,freeway,8,27.0,25000
1,period,925184,352,freeway,freeway,9,26.0,25000
1,period,925184,352,freeway,freeway,10,30.0,25000
1,period,950016,368,freeway,breakout,1,0.0,100
1,period,950016,368,freeway,breakout,2,1.0,100
1,period,950016,368,freeway,breakout,3,0.0,100
1,period,950016,368,freeway,breakout,4,0.0,100
1,period,950016,368,freeway,breakout,5,1.0,100
1,period,950016,368,freeway,breakout,6,0.0,100
1,period,950016,368,freeway,breakout,7,0.0,100
1,period,950016,368,freeway,breakout,8,0.0,100
1,period,950016,368,freeway,breakout,9,1.0,100
1,period,950016,368,freeway,breakout,10,1.0,100
1,period,950016,368,freeway,space_invaders,1,1.0,269
1,period,950016,368,freeway,space_invaders,2,1.0,269
1,period,950016,368,freeway,space_invaders,3,0.0,269
1,period,950016,368,freeway,space_invaders,4,0.0,269
1,period,950016,368,freeway,space_invaders,5,0.0,269
1,period,950016,368,freeway,space_invaders,6,0.0,269
1,period,950016,368,freeway,space_invaders,7,0.0,269
1,period,950016,368,freeway,space_invaders,8,0.0,269
1,period,950016,368,freeway,space_invaders,9,0.0,269
1,period,950016,368,freeway,space_invaders,10,2.0,269
1,period,950016,368,freeway,freeway,1,28.0,25000
1,period,950016,368,freeway,freeway,2,29.0,25000
1,period,950016,368,freeway,freeway,3,29.0,25000
1,period,950016,368,freeway,freeway,4,30.0,25000
1,period,950016,368,freeway,freeway,5,21.0,25000
1,period,950016,368,freeway,freeway,6,33.0,25000
1,period,950016,368,freeway,freeway,7,28.0,25000
1,period,950016,368,freeway,freeway,8,25.0,25000
1,period,950016,368,freeway,freeway,9,19.0,25000
1,period,950016,368,freeway,freeway,10,27.0,25000
1,period,975104,368,freeway,breakout,1,0.0,90
1,period,975104,368,freeway,breakout,2,0.0,90
1,period,975104,368,freeway,breakout,3,0.0,90
1,period,975104,368,freeway,breakout,4,0.0,90
1,period,975104,368,freeway,breakout,5,1.0,90
1,period,975104,368,freeway,breakout,6,0.0,90
1,period,975104,368,freeway,breakout,7,0.0,90
1,period,975104,368,freeway,breakout,8,1.0,90
1,period,975104,368,freeway,breakout,9,0.0,90
1,period,975104,368,freeway,breakout,10,1.0,90
1,period,975104,368,freeway,space_invaders,1,2.0,271
1,period,975104,368,freeway,space_invaders,2,3.0,271
1,period,975104,368,freeway,space_invaders,3,0.0,271
1,period,975104,368,freeway,space_invaders,4,0.0,271
1,period,975104,368,freeway,space_invaders,5,1.0,271
1,period,975104,368,freeway,space_invaders,6,1.0,271
1,period,975104,368,freeway,space_invaders,7,1.0,271
1,period,975104,368,freeway,space_invaders,8,3.0,271
1,period,975104,368,freeway,space_invaders,9,1.0,271
1,period,975104,368,freeway,space_invaders,10,1.0,271
1,period,975104,368,freeway,freeway,1,27.0,25000
1,period,975104,368,freeway,freeway,2,19.0,25000
1,period,975104,368,freeway,freeway,3,25.0,25000
1,period,975104,368,freeway,freeway,4,23.0,25000
1,period,975104,368,freeway,freeway,5,21.0,25000
1,period,975104,368,freeway,freeway,6,27.0,25000
1,period,975104,368,freeway,freeway,7,23.0,25000
1,period,975104,368,freeway,freeway,8,23.0,25000
1,period,975104,368,freeway,freeway,9,18.0,25000
1,period,975104,368,freeway,freeway,10,25.0,25000
2,boundary,1499904,576,freeway,breakout,1,0.0,110
2,boundary,1499904,576,freeway,breakout,2,0.0,110
2,boundary,1499904,576,freeway,breakout,3,0.0,110
2,boundary,1499904,576,freeway,breakout,4,1.0,110
2,boundary,1499904,576,freeway,breakout,5,0.0,110
2,boundary,1499904,576,freeway,breakout,6,1.0,110
2,boundary,1499904,576,freeway,breakout,7,1.0,110
2,boundary,1499904,576,freeway,breakout,8,0.0,110
2,boundary,1499904,576,freeway,breakout,9,1.0,110
2,boundary,1499904,576,freeway,breakout,10,1.0,110
2,boundary,1499904,576,freeway,space_invaders,1,1.0,369
2,boundary,1499904,576,freeway,space_invaders,2,1.0,369
2,boundary,1499904,576,freeway,space_invaders,3,3.0,369
2,boundary,1499904,576,freeway,space_invaders,4,1.0,369
2,boundary,1499904,576,freeway,space_invaders,5,1.0,369
2,boundary,1499904,576,freeway,space_invaders,6,2.0,369
2,boundary,1499904,576,freeway,space_invaders,7,1.0,369
2,boundary,1499904,576,freeway,space_invaders,8,1.0,369
2,boundary,1499904,576,freeway,space_invaders,9,1.0,369
2,boundary,1499904,576,freeway,space_invaders,10,2.0,369
2,boundary,1499904,576,freeway,freeway,1,36.0,25000
2,boundary,1499904,576,freeway,freeway,2,28.0,25000
2,boundary,1499904,576,freeway,freeway,3,35.0,25000
2,boundary,1499904,576,freeway,freeway,4,35.0,25000
2,boundary,1499904,576,freeway,freeway,5,38.0,25000
2,boundary,1499904,576,freeway,freeway,6,35.0,25000
2,boundary,1499904,576,freeway,freeway,7,29.0,25000
2,boundary,1499904,576,freeway,freeway,8,32.0,25000
2,boundary,1499904,576,freeway,freeway,9,27.0,25000
2,boundary,1499904,576,freeway,freeway,10,40.0,25000
2,period,1000192,384,freeway,breakout,1,0.0,110
2,period,1000192,384,freeway,breakout,2,0.0,110
2,period,1000192,384,freeway,breakout,3,1.0,110
2,period,1000192,384,freeway,breakout,4,1.0,110
2,period,1000192,384,freeway,breakout,5,2.0,110
2,period,1000192,384,freeway,breakout,6,0.0,110
2,period,1000192,384,freeway,breakout,7,0.0,110
2,period,1000192,384,freeway,breakout,8,0.0,110
2,period,1000192,384,freeway,breakout,9,1.0,110
2,period,1000192,384,freeway,breakout,10,0.0,110
2,period,1000192,384,freeway,space_invaders,1,0.0,339
2,period,1000192,384,freeway,space_invaders,2,1.0,339
2,period,1000192,384,freeway,space_invaders,3,1.0,339
2,period,1000192,384,freeway,space_invaders,4,0.0,339
2,period,1000192,384,freeway,space_invaders,5,0.0,339
2,period,1000192,384,freeway,space_invaders,6,1.0,339
2,period,1000192,384,freeway,space_invaders,7,0.0,339
2,period,1000192,384,freeway,space_invaders,8,3.0,339
2,period,1000192,384,freeway,space_invaders,9,0.0,339
2,period,1000192,384,freeway,space_invaders,10,0.0,339
2,period,1000192,384,freeway,freeway,1,29.0,25000
2,period,1000192,384,freeway,freeway,2,24.0,25000
2,period,1000192,384,freeway,freeway,3,27.0,25000
2,period,1000192,384,freeway,freeway,4,26.0,25000
2,period,1000192,384,freeway,freeway,5,30.0,25000
2,period,1000192,384,freeway,freeway,6,30.0,25000
2,period,1000192,384,freeway,freeway,7,28.0,25000
2,period,1000192,384,freeway,freeway,8,22.0,25000
2,period,1000192,384,freeway,freeway,9,31.0,25000
2,period,1000192,384,freeway,freeway,10,23.0,25000
2,period,1025024,384,freeway,breakout,1,0.0,110
2,period,1025024,384,freeway,breakout,2,0.0,110
2,period,1025024,384,freeway,breakout,3,1.0,110
2,period,1025024,384,freeway,breakout,4,0.0,110
2,period,1025024,384,freeway,breakout,5,0.0,110
2,period,1025024,384,freeway,breakout,6,0.0,110
2,period,1025024,384,freeway,breakout,7,0.0,110
2,period,1025024,384,freeway,breakout,8,1.0,110
2,period,1025024,384,freeway,breakout,9,1.0,110
2,period,1025024,384,freeway,breakout,10,2.0,110
2,period,1025024,384,freeway,space_invaders,1,1.0,417
2,period,1025024,384,freeway,space_invaders,2,2.0,417
2,period,1025024,384,freeway,space_invaders,3,3.0,417
2,period,1025024,384,freeway,space_invaders,4,1.0,417
2,period,1025024,384,freeway,space_invaders,5,1.0,417
2,period,1025024,384,freeway,space_invaders,6,1.0,417
2,period,1025024,384,freeway,space_invaders,7,4.0,417
2,period,1025024,384,freeway,space_invaders,8,1.0,417
2,period,1025024,384,freeway,space_invaders,9,2.0,417
2,period,1025024,384,freeway,space_invaders,10,2.0,417
2,period,1025024,384,freeway,freeway,1,19.0,25000
2,period,1025024,384,freeway,freeway,2,20.0,25000
2,period,1025024,384,freeway,freeway,3,26.0,25000
2,period,1025024,384,freeway,freeway,4,26.0,25000
2,period,1025024,384,freeway,freeway,5,23.0,25000
2,period,1025024,384,freeway,freeway,6,20.0,25000
2,period,1025024,384,freeway,freeway,7,27.0,25000
2,period,1025024,384,freeway,freeway,8,32.0,25000
2,period,1025024,384,freeway,freeway,9,26.0,25000
2,period,1025024,384,freeway,freeway,10,26.0,25000
2,period,1050112,400,freeway,breakout,1,0.0,154
2,period,1050112,400,freeway,breakout,2,0.0,154
2,period,1050112,400,freeway,breakout,3,1.0,154
2,period,1050112,400,freeway,breakout,4,1.0,154
2,period,1050112,400,freeway,breakout,5,4.0,154
2,period,1050112,400,freeway,breakout,6,0.0,154
2,period,1050112,400,freeway,breakout,7,1.0,154
2,period,1050112,400,freeway,breakout,8,0.0,154
2,period,1050112,400,freeway,breakout,9,2.0,154
2,period,1050112,400,freeway,breakout,10,0.0,154
2,period,1050112,400,freeway,space_invaders,1,0.0,260
2,period,1050112,400,freeway,space_invaders,2,0.0,260
2,period,1050112,400,freeway,space_invaders,3,2.0,260
2,period,1050112,400,freeway,space_invaders,4,1.0,260
2,period,1050112,400,freeway,space_invaders,5,0.0,260
2,period,1050112,400,freeway,space_invaders,6,1.0,260
2,period,1050112,400,freeway,space_invaders,7,1.0,260
2,period,1050112,400,freeway,space_invaders,8,1.0,260
2,period,1050112,400,freeway,space_invaders,9,1.0,260
2,period,1050112,400,freeway,space_invaders,10,1.0,260
2,period,1050112,400,freeway,freeway,1,31.0,25000
2,period,1050112,400,freeway,freeway,2,25.0,25000
2,period,1050112,400,freeway,freeway,3,28.0,25000
2,period,1050112,400,freeway,freeway,4,21.0,25000
2,period,1050112,400,freeway,freeway,5,32.0,25000
2,period,1050112,400,freeway,freeway,6,26.0,25000
2,period,1050112,400,freeway,freeway,7,28.0,25000
2,period,1050112,400,freeway,freeway,8,23.0,25000
2,period,1050112,400,freeway,freeway,9,22.0,25000
2,period,1050112,400,freeway,freeway,10,28.0,25000
2,period,1075200,400,freeway,breakout,1,0.0,120
2,period,1075200,400,freeway,breakout,2,0.0,120
2,period,1075200,400,freeway,breakout,3,1.0,120
2,period,1075200,400,freeway,breakout,4,0.0,120
2,period,1075200,400,freeway,breakout,5,1.0,120
2,period,1075200,400,freeway,breakout,6,1.0,120
2,period,1075200,400,freeway,breakout,7,1.0,120
2,period,1075200,400,freeway,breakout,8,1.0,120
2,period,1075200,400,freeway,breakout,9,0.0,120
2,period,1075200,400,freeway,breakout,10,1.0,120
2,period,1075200,400,freeway,space_invaders,1,0.0,328
2,period,1075200,400,freeway,space_invaders,2,0.0,328
2,period,1075200,400,freeway,space_invaders,3,2.0,328
2,period,1075200,400,freeway,space_invaders,4,4.0,328
2,period,1075200,400,freeway,space_invaders,5,0.0,328
2,period,1075200,400,freeway,space_invaders,6,2.0,328
2,period,1075200,400,freeway,space_invaders,7,1.0,328
2,period,1075200,400,freeway,space_invaders,8,1.0,328
2,period,1075200,400,freeway,space_invaders,9,1.0,328
2,period,1075200,400,freeway,space_invaders,10,0.0,328
2,period,1075200,400,freeway,freeway,1,18.0,25000
2,period,1075200,400,freeway,freeway,2,20.0,25000
2,period,1075200,400,freeway,freeway,3,26.0,25000
2,period,1075200,400,freeway,freeway,4,23.0,25000
2,period,1075200,400,freeway,freeway,5,26.0,25000
2,period,1075200,400,freeway,freeway,6,24.0,25000
2,period,1075200,400,freeway,freeway,7,30.0,25000
2,period,1075200,400,freeway,freeway,8,13.0,25000
2,period,1075200,400,freeway,freeway,9,31.0,25000
2,period,1075200,400,freeway,freeway,10,22.0,25000
2,period,1100032,416,freeway,breakout,1,1.0,120
2,period,1100032,416,freeway,breakout,2,0.0,120
2,period,1100032,416,freeway,breakout,3,1.0,120
2,period,1100032,416,freeway,breakout,4,1.0,120
2,period,1100032,416,freeway,breakout,5,1.0,120
2,period,1100032,416,freeway,breakout,6,0.0,120
2,period,1100032,416,freeway,breakout,7,0.0,120
2,period,1100032,416,freeway,breakout,8,1.0,120
2,period,1100032,416,freeway,breakout,9,1.0,120
2,period,1100032,416,freeway,breakout,10,0.0,120
2,period,1100032,416,freeway,space_invaders,1,1.0,329
2,period,1100032,416,freeway,space_invaders,2,0.0,329
2,period,1100032,416,freeway,space_invaders,3,0.0,329
2,period,1100032,416,freeway,space_invaders,4,0.0,329
2,period,1100032,416,freeway,space_invaders,5,0.0,329
2,period,1100032,416,freeway,space_invaders,6,1.0,329
2,period,1100032,416,freeway,space_invaders,7,0.0,329
2,period,1100032,416,freeway,space_invaders,8,0.0,329
2,period,1100032,416,freeway,space_invaders,9,0.0,329
2,period,1100032,416,freeway,space_invaders,10,0.0,329
2,period,1100032,416,freeway,freeway,1,19.0,25000
2,period,1100032,416,freeway,freeway,2,30.0,25000
2,period,1100032,416,freeway,freeway,3,30.0,25000
2,period,1100032,416,freeway,freeway,4,23.0,25000
2,period,1100032,416,freeway,freeway,5,33.0,25000
2,period,1100032,416,freeway,freeway,6,36.0,25000
2,period,1100032,416,freeway,freeway,7,30.0,25000
2,period,1100032,416,freeway,freeway,8,28.0,25000
2,period,1100032,416,freeway,freeway,9,32.0,25000
2,period,1100032,416,freeway,freeway,10,34.0,25000
2,period,1125120,432,freeway,breakout,1,1.0,122
2,period,1125120,432,freeway,breakout,2,0.0,122
2,period,1125120,432,freeway,breakout,3,1.0,122
2,period,1125120,432,freeway,breakout,4,0.0,122
2,period,1125120,432,freeway,breakout,5,2.0,122
2,period,1125120,432,freeway,breakout,6,0.0,122
2,period,1125120,432,freeway,breakout,7,2.0,122
2,period,1125120,432,freeway,breakout,8,0.0,122
2,period,1125120,432,freeway,breakout,9,0.0,122
2,period,1125120,432,freeway,breakout,10,0.0,122
2,period,1125120,432,freeway,space_invaders,1,0.0,278
2,period,1125120,432,freeway,space_invaders,2,1.0,278
2,period,1125120,432,freeway,space_invaders,3,0.0,278
2,period,1125120,432,freeway,space_invaders,4,1.0,278
2,period,1125120,432,freeway,space_invaders,5,1.0,278
2,period,1125120,432,freeway,space_invaders,6,2.0,278
2,period,1125120,432,freeway,space_invaders,7,1.0,278
2,period,1125120,432,freeway,space_invaders,8,1.0,278
2,period,1125120,432,freeway,space_invaders,9,0.0,278
2,period,1125120,432,freeway,space_invaders,10,1.0,278
2,period,1125120,432,freeway,freeway,1,30.0,25000
2,period,1125120,432,freeway,freeway,2,28.0,25000
2,period,1125120,432,freeway,freeway,3,23.0,25000
2,period,1125120,432,freeway,freeway,4,25.0,25000
2,period,1125120,432,freeway,freeway,5,27.0,25000
2,period,1125120,432,freeway,freeway,6,27.0,25000
2,period,1125120,432,freeway,freeway,7,26.0,25000
2,period,1125120,432,freeway,freeway,8,32.0,25000
2,period,1125120,432,freeway,freeway,9,21.0,25000
2,period,1125120,432,freeway,freeway,10,27.0,25000
2,period,1150208,432,freeway,breakout,1,3.0,112
2,period,1150208,432,freeway,breakout,2,1.0,112
2,period,1150208,432,freeway,breakout,3,0.0,112
2,period,1150208,432,freeway,breakout,4,0.0,112
2,period,1150208,432,freeway,breakout,5,0.0,112
2,period,1150208,432,freeway,breakout,6,0.0,112
2,period,1150208,432,freeway,breakout,7,0.0,112
2,period,1150208,432,freeway,breakout,8,0.0,112
2,period,1150208,432,freeway,breakout,9,0.0,112
2,period,1150208,432,freeway,breakout,10,1.0,112
2,period,1150208,432,freeway,space_invaders,1,0.0,331
2,period,1150208,432,freeway,space_invaders,2,5.0,331
2,period,1150208,432,freeway,space_invaders,3,2.0,331
2,period,1150208,432,freeway,space_invaders,4,1.0,331
2,period,1150208,432,freeway,space_invaders,5,3.0,331
2,period,1150208,432,freeway,space_invaders,6,1.0,331
2,period,1150208,432,freeway,space_invaders,7,4.0,331
2,period,1150208,432,freeway,space_invaders,8,2.0,331
2,period,1150208,432,freeway,space_invaders,9,1.0,331
2,period,1150208,432,freeway,space_invaders,10,2.0,331
2,period,1150208,432,freeway,freeway,1,26.0,25000
2,period,1150208,432,freeway,freeway,2,32.0,25000
2,period,1150208,432,freeway,freeway,3,39.0,25000
2,period,1150208,432,freeway,freeway,4,27.0,25000
2,period,1150208,432,freeway,freeway,5,29.0,25000
2,period,1150208,432,freeway,freeway,6,29.0,25000
2,period,1150208,432,freeway,freeway,7,25.0,25000
2,period,1150208,432,freeway,freeway,8,26.0,25000
2,period,1150208,432,freeway,freeway,9,27.0,25000
2,period,1150208,432,freeway,freeway,10,31.0,25000
2,period,1175040,448,freeway,breakout,1,1.0,100
2,period,1175040,448,freeway,breakout,2,1.0,100
2,period,1175040,448,freeway,breakout,3,0.0,100
2,period,1175040,448,freeway,breakout,4,0.0,100
2,period,1175040,448,freeway,breakout,5,0.0,100
2,period,1175040,448,freeway,breakout,6,0.0,100
2,period,1175040,448,freeway,breakout,7,0.0,100
2,period,1175040,448,freeway,breakout,8,1.0,100
2,period,1175040,448,freeway,breakout,9,0.0,100
2,period,1175040,448,freeway,breakout,10,1.0,100
2,period,1175040,448,freeway,space_invaders,1,1.0,354
2,period,1175040,448,freeway,space_invaders,2,1.0,354
2,period,1175040,448,freeway,space_invaders,3,1.0,354
2,period,1175040,448,freeway,space_invaders,4,3.0,354
2,period,1175040,448,freeway,space_invaders,5,2.0,354
2,period,1175040,448,freeway,space_invaders,6,2.0,354
2,period,1175040,448,freeway,space_invaders,7,4.0,354
2,period,1175040,448,freeway,space_invaders,8,2.0,354
2,period,1175040,448,freeway,space_invaders,9,0.0,354
2,period,1175040,448,freeway,space_invaders,10,3.0,354
2,period,1175040,448,freeway,freeway,1,24.0,25000
2,period,1175040,448,freeway,freeway,2,16.0,25000
2,period,1175040,448,freeway,freeway,3,28.0,25000
2,period,1175040,448,freeway,freeway,4,28.0,25000
2,period,1175040,448,freeway,freeway,5,25.0,25000
2,period,1175040,448,freeway,freeway,6,28.0,25000
2,period,1175040,448,freeway,freeway,7,25.0,25000
2,period,1175040,448,freeway,freeway,8,26.0,25000
2,period,1175040,448,freeway,freeway,9,25.0,25000
2,period,1175040,448,freeway,freeway,10,34.0,25000
2,period,1200128,464,freeway,breakout,1,0.0,164
2,period,1200128,464,freeway,breakout,2,1.0,164
2,period,1200128,464,freeway,breakout,3,0.0,164
2,period,1200128,464,freeway,breakout,4,0.0,164
2,period,1200128,464,freeway,breakout,5,0.0,164
2,period,1200128,464,freeway,breakout,6,2.0,164
2,period,1200128,464,freeway,breakout,7,2.0,164
2,period,1200128,464,freeway,breakout,8,4.0,164
2,period,1200128,464,freeway,breakout,9,0.0,164
2,period,1200128,464,freeway,breakout,10,1.0,164
2,period,1200128,464,freeway,space_invaders,1,1.0,519
2,period,1200128,464,freeway,space_invaders,2,1.0,519
2,period,1200128,464,freeway,space_invaders,3,9.0,519
2,period,1200128,464,freeway,space_invaders,4,3.0,519
2,period,1200128,464,freeway,space_invaders,5,4.0,519
2,period,1200128,464,freeway,space_invaders,6,1.0,519
2,period,1200128,464,freeway,space_invaders,7,3.0,519
2,period,1200128,464,freeway,space_invaders,8,7.0,519
2,period,1200128,464,freeway,space_invaders,9,4.0,519
2,period,1200128,464,freeway,space_invaders,10,1.0,519
2,period,1200128,464,freeway,freeway,1,26.0,25000
2,period,1200128,464,freeway,freeway,2,21.0,25000
2,period,1200128,464,freeway,freeway,3,20.0,25000
2,period,1200128,464,freeway,freeway,4,23.0,25000
2,period,1200128,464,freeway,freeway,5,23.0,25000
2,period,1200128,464,freeway,freeway,6,21.0,25000
2,period,1200128,464,freeway,freeway,7,20.0,25000
2,period,1200128,464,freeway,freeway,8,24.0,25000
2,period,1200128,464,freeway,freeway,9,23.0,25000
2,period,1200128,464,freeway,freeway,10,22.0,25000
2,period,1225216,464,freeway,breakout,1,1.0,100
2,period,1225216,464,freeway,breakout,2,1.0,100
2,period,1225216,464,freeway,breakout,3,0.0,100
2,period,1225216,464,freeway,breakout,4,0.0,100
2,period,1225216,464,freeway,breakout,5,0.0,100
2,period,1225216,464,freeway,breakout,6,0.0,100
2,period,1225216,464,freeway,breakout,7,1.0,100
2,period,1225216,464,freeway,breakout,8,0.0,100
2,period,1225216,464,freeway,breakout,9,0.0,100
2,period,1225216,464,freeway,breakout,10,1.0,100
2,period,1225216,464,freeway,space_invaders,1,1.0,234
2,period,1225216,464,freeway,space_invaders,2,1.0,234
2,period,1225216,464,freeway,space_invaders,3,1.0,234
2,period,1225216,464,freeway,space_invaders,4,2.0,234
2,period,1225216,464,freeway,space_invaders,5,1.0,234
2,period,1225216,464,freeway,space_invaders,6,0.0,234
2,period,1225216,464,freeway,space_invaders,7,2.0,234
2,period,1225216,464,freeway,space_invaders,8,3.0,234
2,period,1225216,464,freeway,space_invaders,9,0.0,234
2,period,1225216,464,freeway,space_invaders,10,3.0,234
2,period,1225216,464,freeway,freeway,1,27.0,25000
2,period,1225216,464,freeway,freeway,2,27.0,25000
2,period,1225216,464,freeway,freeway,3,35.0,25000
2,period,1225216,464,freeway,freeway,4,30.0,25000
2,period,1225216,464,freeway,freeway,5,33.0,25000
2,period,1225216,464,freeway,freeway,6,35.0,25000
2,period,1225216,464,freeway,freeway,7,30.0,25000
2,period,1225216,464,freeway,freeway,8,38.0,25000
2,period,1225216,464,freeway,freeway,9,27.0,25000
2,period,1225216,464,freeway,freeway,10,30.0,25000
2,period,1250048,480,freeway,breakout,1,0.0,110
2,period,1250048,480,freeway,breakout,2,1.0,110
2,period,1250048,480,freeway,breakout,3,1.0,110
2,period,1250048,480,freeway,breakout,4,0.0,110
2,period,1250048,480,freeway,breakout,5,1.0,110
2,period,1250048,480,freeway,breakout,6,0.0,110
2,period,1250048,480,freeway,breakout,7,0.0,110
2,period,1250048,480,freeway,breakout,8,0.0,110
2,period,1250048,480,freeway,breakout,9,1.0,110
2,period,1250048,480,freeway,breakout,10,1.0,110
2,period,1250048,480,freeway,space_invaders,1,1.0,338
2,period,1250048,480,freeway,space_invaders,2,2.0,338
2,period,1250048,480,freeway,space_invaders,3,0.0,338
2,period,1250048,480,freeway,space_invaders,4,0.0,338
2,period,1250048,480,freeway,space_invaders,5,3.0,338
2,period,1250048,480,freeway,space_invaders,6,1.0,338
2,period,1250048,480,freeway,space_invaders,7,1.0,338
2,period,1250048,480,freeway,space_invaders,8,1.0,338
2,period,1250048,480,freeway,space_invaders,9,1.0,338
2,period,1250048,480,freeway,space_invaders,10,0.0,338
2,period,1250048,480,freeway,freeway,1,27.0,25000
2,period,1250048,480,freeway,freeway,2,36.0,25000
2,period,1250048,480,freeway,freeway,3,35.0,25000
2,period,1250048,480,freeway,freeway,4,35.0,25000
2,period,1250048,480,freeway,freeway,5,34.0,25000
2,period,1250048,480,freeway,freeway,6,33.0,25000
2,period,1250048,480,freeway,freeway,7,26.0,25000
2,period,1250048,480,freeway,freeway,8,25.0,25000
2,period,1250048,480,freeway,freeway,9,27.0,25000
2,period,1250048,480,freeway,freeway,10,23.0,25000
2,period,1275136,480,freeway,breakout,1,1.0,100
2,period,1275136,480,freeway,breakout,2,0.0,100
2,period,1275136,480,freeway,breakout,3,1.0,100
2,period,1275136,480,freeway,breakout,4,1.0,100
2,period,1275136,480,freeway,breakout,5,0.0,100
2,period,1275136,480,freeway,breakout,6,0.0,100
2,period,1275136,480,freeway,breakout,7,0.0,100
2,period,1275136,480,freeway,breakout,8,0.0,100
2,period,1275136,480,freeway,breakout,9,1.0,100
2,period,1275136,480,freeway,breakout,10,0.0,100
2,period,1275136,480,freeway,space_invaders,1,2.0,241
2,period,1275136,480,freeway,space_invaders,2,0.0,241
2,period,1275136,480,freeway,space_invaders,3,2.0,241
2,period,1275136,480,freeway,space_invaders,4,1.0,241
2,period,1275136,480,freeway,space_invaders,5,1.0,241
2,period,1275136,480,freeway,space_invaders,6,2.0,241
2,period,1275136,480,freeway,space_invaders,7,1.0,241
2,period,1275136,480,freeway,space_invaders,8,0.0,241
2,period,1275136,480,freeway,space_invaders,9,2.0,241
2,period,1275136,480,freeway,space_invaders,10,1.0,241
2,period,1275136,480,freeway,freeway,1,26.0,25000
2,period,1275136,480,freeway,freeway,2,23.0,25000
2,period,1275136,480,freeway,freeway,3,31.0,25000
2,period,1275136,480,freeway,freeway,4,30.0,25000
2,period,1275136,480,freeway,freeway,5,33.0,25000
2,period,1275136,480,freeway,freeway,6,25.0,25000
2,period,1275136,480,freeway,freeway,7,29.0,25000
2,period,1275136,480,freeway,freeway,8,35.0,25000
2,period,1275136,480,freeway,freeway,9,33.0,25000
2,period,1275136,480,freeway,freeway,10,27.0,25000
2,period,1300224,496,freeway,breakout,1,1.0,90
2,period,1300224,496,freeway,breakout,2,1.0,90
2,period,1300224,496,freeway,breakout,3,0.0,90
2,period,1300224,496,freeway,breakout,4,0.0,90
2,period,1300224,496,freeway,breakout,5,0.0,90
2,period,1300224,496,freeway,breakout,6,0.0,90
2,period,1300224,496,freeway,breakout,7,0.0,90
2,period,1300224,496,freeway,breakout,8,0.0,90
2,period,1300224,496,freeway,breakout,9,0.0,90
2,period,1300224,496,freeway,breakout,10,1.0,90
2,period,1300224,496,freeway,space_invaders,1,1.0,221
2,period,1300224,496,freeway,space_invaders,2,1.0,221
2,period,1300224,496,freeway,space_invaders,3,0.0,221
2,period,1300224,496,freeway,space_invaders,4,0.0,221
2,period,1300224,496,freeway,space_invaders,5,0.0,221
2,period,1300224,496,freeway,space_invaders,6,1.0,221
2,period,1300224,496,freeway,space_invaders,7,1.0,221
2,period,1300224,496,freeway,space_invaders,8,1.0,221
2,period,1300224,496,freeway,space_invaders,9,0.0,221
2,period,1300224,496,freeway,space_invaders,10,0.0,221
2,period,1300224,496,freeway,freeway,1,30.0,25000
2,period,1300224,496,freeway,freeway,2,24.0,25000
2,period,1300224,496,freeway,freeway,3,32.0,25000
2,period,1300224,496,freeway,freeway,4,31.0,25000
2,period,1300224,496,freeway,freeway,5,39.0,25000
2,period,1300224,496,freeway,freeway,6,19.0,25000
2,period,1300224,496,freeway,freeway,7,29.0,25000
2,period,1300224,496,freeway,freeway,8,25.0,25000
2,period,1300224,496,freeway,freeway,9,21.0,25000
2,period,1300224,496,freeway,freeway,10,29.0,25000
2,period,1325056,512,freeway,breakout,1,1.0,120
2,period,1325056,512,freeway,breakout,2,1.0,120
2,period,1325056,512,freeway,breakout,3,0.0,120
2,period,1325056,512,freeway,breakout,4,0.0,120
2,period,1325056,512,freeway,breakout,5,0.0,120
2,period,1325056,512,freeway,breakout,6,1.0,120
2,period,1325056,512,freeway,breakout,7,1.0,120
2,period,1325056,512,freeway,breakout,8,0.0,120
2,period,1325056,512,freeway,breakout,9,2.0,120
2,period,1325056,512,freeway,breakout,10,0.0,120
2,period,1325056,512,freeway,space_invaders,1,2.0,271
2,period,1325056,512,freeway,space_invaders,2,1.0,271
2,period,1325056,512,freeway,space_invaders,3,1.0,271
2,period,1325056,512,freeway,space_invaders,4,0.0,271
2,period,1325056,512,freeway,space_invaders,5,1.0,271
2,period,1325056,512,freeway,space_invaders,6,1.0,271
2,period,1325056,512,freeway,space_invaders,7,1.0,271
2,period,1325056,512,freeway,space_invaders,8,0.0,271
2,period,1325056,512,freeway,space_invaders,9,1.0,271
2,period,1325056,512,freeway,space_invaders,10,2.0,271
2,period,1325056,512,freeway,freeway,1,27.0,25000
2,period,1325056,512,freeway,freeway,2,29.0,25000
2,period,1325056,512,freeway,freeway,3,29.0,25000
2,period,1325056,512,freeway,freeway,4,32.0,25000
2,period,1325056,512,freeway,freeway,5,37.0,25000
2,period,1325056,512,freeway,freeway,6,30.0,25000
2,period,1325056,512,freeway,freeway,7,37.0,25000
2,period,1325056,512,freeway,freeway,8,26.0,25000
2,period,1325056,512,freeway,freeway,9,26.0,25000
2,period,1325056,512,freeway,freeway,10,32.0,25000
2,period,1350144,512,freeway,breakout,1,0.0,110
2,period,1350144,512,freeway,breakout,2,1.0,110
2,period,1350144,512,freeway,breakout,3,1.0,110
2,period,1350144,512,freeway,breakout,4,0.0,110
2,period,1350144,512,freeway,breakout,5,1.0,110
2,period,1350144,512,freeway,breakout,6,0.0,110
2,period,1350144,512,freeway,breakout,7,1.0,110
2,period,1350144,512,freeway,breakout,8,0.0,110
2,period,1350144,512,freeway,breakout,9,0.0,110
2,period,1350144,512,freeway,breakout,10,1.0,110
2,period,1350144,512,freeway,space_invaders,1,2.0,261
2,period,1350144,512,freeway,space_invaders,2,1.0,261
2,period,1350144,512,freeway,space_invaders,3,2.0,261
2,period,1350144,512,freeway,space_invaders,4,1.0,261
2,period,1350144,512,freeway,space_invaders,5,0.0,261
2,period,1350144,512,freeway,space_invaders,6,2.0,261
2,period,1350144,512,freeway,space_invaders,7,5.0,261
2,period,1350144,512,freeway,space_invaders,8,1.0,261
2,period,1350144,512,freeway,space_invaders,9,1.0,261
2,period,1350144,512,freeway,space_invaders,10,3.0,261
2,period,1350144,512,freeway,freeway,1,24.0,25000
2,period,1350144,512,freeway,freeway,2,32.0,25000
2,period,1350144,512,freeway,freeway,3,33.0,25000
2,period,1350144,512,freeway,freeway,4,27.0,25000
2,period,1350144,512,freeway,freeway,5,22.0,25000
2,period,1350144,512,freeway,freeway,6,26.0,25000
2,period,1350144,512,freeway,freeway,7,27.0,25000
2,period,1350144,512,freeway,freeway,8,27.0,25000
2,period,1350144,512,freeway,freeway,9,27.0,25000
2,period,1350144,512,freeway,freeway,10,23.0,25000
2,period,1375232,528,freeway,breakout,1,0.0,100
2,period,1375232,528,freeway,breakout,2,0.0,100
2,period,1375232,528,freeway,breakout,3,2.0,100
2,period,1375232,528,freeway,breakout,4,0.0,100
2,period,1375232,528,freeway,breakout,5,0.0,100
2,period,1375232,528,freeway,breakout,6,0.0,100
2,period,1375232,528,freeway,breakout,7,1.0,100
2,period,1375232,528,freeway,breakout,8,0.0,100
2,period,1375232,528,freeway,breakout,9,0.0,100
2,period,1375232,528,freeway,breakout,10,1.0,100
2,period,1375232,528,freeway,space_invaders,1,1.0,320
2,period,1375232,528,freeway,space_invaders,2,0.0,320
2,period,1375232,528,freeway,space_invaders,3,2.0,320
2,period,1375232,528,freeway,space_invaders,4,0.0,320
2,period,1375232,528,freeway,space_invaders,5,2.0,320
2,period,1375232,528,freeway,space_invaders,6,1.0,320
2,period,1375232,528,freeway,space_invaders,7,0.0,320
2,period,1375232,528,freeway,space_invaders,8,2.0,320
2,period,1375232,528,freeway,space_invaders,9,0.0,320
2,period,1375232,528,freeway,space_invaders,10,0.0,320
2,period,1375232,528,freeway,freeway,1,34.0,25000
2,period,1375232,528,freeway,freeway,2,34.0,25000
2,period,1375232,528,freeway,freeway,3,29.0,25000
2,period,1375232,528,freeway,freeway,4,38.0,25000
2,period,1375232,528,freeway,freeway,5,34.0,25000
2,period,1375232,528,freeway,freeway,6,28.0,25000
2,period,1375232,528,freeway,freeway,7,24.0,25000
2,period,1375232,528,freeway,freeway,8,37.0,25000
2,period,1375232,528,freeway,freeway,9,35.0,25000
2,period,1375232,528,freeway,freeway,10,31.0,25000
2,period,1400064,544,freeway,breakout,1,0.0,100
2,period,1400064,544,freeway,breakout,2,1.0,100
2,period,1400064,544,freeway,breakout,3,1.0,100
2,period,1400064,544,freeway,breakout,4,0.0,100
2,period,1400064,544,freeway,breakout,5,0.0,100
2,period,1400064,544,freeway,breakout,6,0.0,100
2,period,1400064,544,freeway,breakout,7,0.0,100
2,period,1400064,544,freeway,breakout,8,1.0,100
2,period,1400064,544,freeway,breakout,9,0.0,100
2,period,1400064,544,freeway,breakout,10,1.0,100
2,period,1400064,544,freeway,space_invaders,1,0.0,420
2,period,1400064,544,freeway,space_invaders,2,2.0,420
2,period,1400064,544,freeway,space_invaders,3,3.0,420
2,period,1400064,544,freeway,space_invaders,4,1.0,420
2,period,1400064,544,freeway,space_invaders,5,1.0,420
2,period,1400064,544,freeway,space_invaders,6,1.0,420
2,period,1400064,544,freeway,space_invaders,7,1.0,420
2,period,1400064,544,freeway,space_invaders,8,2.0,420
2,period,1400064,544,freeway,space_invaders,9,1.0,420
2,period,1400064,544,freeway,space_invaders,10,1.0,420
2,period,1400064,544,freeway,freeway,1,30.0,25000
2,period,1400064,544,freeway,freeway,2,30.0,25000
2,period,1400064,544,freeway,freeway,3,33.0,25000
2,period,1400064,544,freeway,freeway,4,33.0,25000
2,period,1400064,544,freeway,freeway,5,27.0,25000
2,period,1400064,544,freeway,freeway,6,28.0,25000
2,period,1400064,544,freeway,freeway,7,28.0,25000
2,period,1400064,544,freeway,freeway,8,35.0,25000
2,period,1400064,544,freeway,freeway,9,31.0,25000
2,period,1400064,544,freeway,freeway,10,24.0,25000
2,period,1425152,544,freeway,breakout,1,0.0,100
2,period,1425152,544,freeway,breakout,2,1.0,100
2,period,1425152,544,freeway,breakout,3,0.0,100
2,period,1425152,544,freeway,breakout,4,1.0,100
2,period,1425152,544,freeway,breakout,5,0.0,100
2,period,1425152,544,freeway,breakout,6,0.0,100
2,period,1425152,544,freeway,breakout,7,1.0,100
2,period,1425152,544,freeway,breakout,8,0.0,100
2,period,1425152,544,freeway,breakout,9,1.0,100
2,period,1425152,544,freeway,breakout,10,0.0,100
2,period,1425152,544,freeway,space_invaders,1,2.0,441
2,period,1425152,544,freeway,space_invaders,2,2.0,441
2,period,1425152,544,freeway,space_invaders,3,2.0,441
2,period,1425152,544,freeway,space_invaders,4,2.0,441
2,period,1425152,544,freeway,space_invaders,5,1.0,441
2,period,1425152,544,freeway,space_invaders,6,1.0,441
2,period,1425152,544,freeway,space_invaders,7,5.0,441
2,period,1425152,544,freeway,space_invaders,8,2.0,441
2,period,1425152,544,freeway,space_invaders,9,1.0,441
2,period,1425152,544,freeway,space_invaders,10,2.0,441
2,period,1425152,544,freeway,freeway,1,30.0,25000
2,period,1425152,544,freeway,freeway,2,33.0,25000
2,period,1425152,544,freeway,freeway,3,29.0,25000
2,period,1425152,544,freeway,freeway,4,32.0,25000
2,period,1425152,544,freeway,freeway,5,28.0,25000
2,period,1425152,544,freeway,freeway,6,32.0,25000
2,period,1425152,544,freeway,freeway,7,31.0,25000
2,period,1425152,544,freeway,freeway,8,36.0,25000
2,period,1425152,544,freeway,freeway,9,30.0,25000
2,period,1425152,544,freeway,freeway,10,33.0,25000
2,period,1450240,560,freeway,breakout,1,1.0,132
2,period,1450240,560,freeway,breakout,2,0.0,132
2,period,1450240,560,freeway,breakout,3,0.0,132
2,period,1450240,560,freeway,breakout,4,1.0,132
2,period,1450240,560,freeway,breakout,5,0.0,132
2,period,1450240,560,freeway,breakout,6,0.0,132
2,period,1450240,560,freeway,breakout,7,3.0,132
2,period,1450240,560,freeway,breakout,8,0.0,132
2,period,1450240,560,freeway,breakout,9,1.0,132
2,period,1450240,560,freeway,breakout,10,1.0,132
2,period,1450240,560,freeway,space_invaders,1,1.0,559
2,period,1450240,560,freeway,space_invaders,2,1.0,559
2,period,1450240,560,freeway,space_invaders,3,2.0,559
2,period,1450240,560,freeway,space_invaders,4,2.0,559
2,period,1450240,560,freeway,space_invaders,5,5.0,559
2,period,1450240,560,freeway,space_invaders,6,3.0,559
2,period,1450240,560,freeway,space_invaders,7,1.0,559
2,period,1450240,560,freeway,space_invaders,8,4.0,559
2,period,1450240,560,freeway,space_invaders,9,3.0,559
2,period,1450240,560,freeway,space_invaders,10,5.0,559
2,period,1450240,560,freeway,freeway,1,33.0,25000
2,period,1450240,560,freeway,freeway,2,24.0,25000
2,period,1450240,560,freeway,freeway,3,33.0,25000
2,period,1450240,560,freeway,freeway,4,28.0,25000
2,period,1450240,560,freeway,freeway,5,32.0,25000
2,period,1450240,560,freeway,freeway,6,24.0,25000
2,period,1450240,560,freeway,freeway,7,31.0,25000
2,period,1450240,560,freeway,freeway,8,26.0,25000
2,period,1450240,560,freeway,freeway,9,35.0,25000
2,period,1450240,560,freeway,freeway,10,28.0,25000
2,period,1475072,560,freeway,breakout,1,0.0,102
2,period,1475072,560,freeway,breakout,2,0.0,102
2,period,1475072,560,freeway,breakout,3,0.0,102
2,period,1475072,560,freeway,breakout,4,2.0,102
2,period,1475072,560,freeway,breakout,5,0.0,102
2,period,1475072,560,freeway,breakout,6,0.0,102
2,period,1475072,560,freeway,breakout,7,0.0,102
2,period,1475072,560,freeway,breakout,8,0.0,102
2,period,1475072,560,freeway,breakout,9,1.0,102
2,period,1475072,560,freeway,breakout,10,1.0,102
2,period,1475072,560,freeway,space_invaders,1,3.0,541
2,period,1475072,560,freeway,space_invaders,2,1.0,541
2,period,1475072,560,freeway,space_invaders,3,1.0,541
2,period,1475072,560,freeway,space_invaders,4,1.0,541
2,period,1475072,560,freeway,space_invaders,5,3.0,541
2,period,1475072,560,freeway,space_invaders,6,4.0,541
2,period,1475072,560,freeway,space_invaders,7,6.0,541
2,period,1475072,560,freeway,space_invaders,8,1.0,541
2,period,1475072,560,freeway,space_invaders,9,1.0,541
2,period,1475072,560,freeway,space_invaders,10,1.0,541
2,period,1475072,560,freeway,freeway,1,27.0,25000
2,period,1475072,560,freeway,freeway,2,37.0,25000
2,period,1475072,560,freeway,freeway,3,40.0,25000
2,period,1475072,560,freeway,freeway,4,28.0,25000
2,period,1475072,560,freeway,freeway,5,29.0,25000
2,period,1475072,560,freeway,freeway,6,25.0,25000
2,period,1475072,560,freeway,freeway,7,27.0,25000
2,period,1475072,560,freeway,freeway,8,23.0,25000
2,period,1475072,560,freeway,freeway,9,30.0,25000
2,period,1475072,560,freeway,freeway,10,41.0,25000
3,boundary,1999872,768,freeway,breakout,1,1.0,100
3,boundary,1999872,768,freeway,breakout,2,0.0,100
3,boundary,1999872,768,freeway,breakout,3,0.0,100
3,boundary,1999872,768,freeway,breakout,4,1.0,100
3,boundary,1999872,768,freeway,breakout,5,0.0,100
3,boundary,1999872,768,freeway,breakout,6,0.0,100
3,boundary,1999872,768,freeway,breakout,7,1.0,100
3,boundary,1999872,768,freeway,breakout,8,1.0,100
3,boundary,1999872,768,freeway,breakout,9,0.0,100
3,boundary,1999872,768,freeway,breakout,10,0.0,100
3,boundary,1999872,768,freeway,space_invaders,1,1.0,289
3,boundary,1999872,768,freeway,space_invaders,2,1.0,289
3,boundary,1999872,768,freeway,space_invaders,3,1.0,289
3,boundary,1999872,768,freeway,space_invaders,4,3.0,289
3,boundary,1999872,768,freeway,space_invaders,5,0.0,289
3,boundary,1999872,768,freeway,space_invaders,6,1.0,289
3,boundary,1999872,768,freeway,space_invaders,7,2.0,289
3,boundary,1999872,768,freeway,space_invaders,8,0.0,289
3,boundary,1999872,768,freeway,space_invaders,9,3.0,289
3,boundary,1999872,768,freeway,space_invaders,10,0.0,289
3,boundary,1999872,768,freeway,freeway,1,31.0,25000
3,boundary,1999872,768,freeway,freeway,2,38.0,25000
3,boundary,1999872,768,freeway,freeway,3,29.0,25000
3,boundary,1999872,768,freeway,freeway,4,33.0,25000
3,boundary,1999872,768,freeway,freeway,5,27.0,25000
3,boundary,1999872,768,freeway,freeway,6,29.0,25000
3,boundary,1999872,768,freeway,freeway,7,30.0,25000
3,boundary,1999872,768,freeway,freeway,8,37.0,25000
3,boundary,1999872,768,freeway,freeway,9,35.0,25000
3,boundary,1999872,768,freeway,freeway,10,35.0,25000
3,period,1500160,576,freeway,breakout,1,0.0,90
3,period,1500160,576,freeway,breakout,2,1.0,90
3,period,1500160,576,freeway,breakout,3,0.0,90
3,period,1500160,576,freeway,breakout,4,1.0,90
3,period,1500160,576,freeway,breakout,5,0.0,90
3,period,1500160,576,freeway,breakout,6,1.0,90
3,period,1500160,576,freeway,breakout,7,0.0,90
3,period,1500160,576,freeway,breakout,8,0.0,90
3,period,1500160,576,freeway,breakout,9,0.0,90
3,period,1500160,576,freeway,breakout,10,0.0,90
3,period,1500160,576,freeway,space_invaders,1,2.0,363
3,period,1500160,576,freeway,space_invaders,2,1.0,363
3,period,1500160,576,freeway,space_invaders,3,1.0,363
3,period,1500160,576,freeway,space_invaders,4,2.0,363
3,period,1500160,576,freeway,space_invaders,5,5.0,363
3,period,1500160,576,freeway,space_invaders,6,1.0,363
3,period,1500160,576,freeway,space_invaders,7,1.0,363
3,period,1500160,576,freeway,space_invaders,8,1.0,363
3,period,1500160,576,freeway,space_invaders,9,8.0,363
3,period,1500160,576,freeway,space_invaders,10,1.0,363
3,period,1500160,576,freeway,freeway,1,26.0,25000
3,period,1500160,576,freeway,freeway,2,32.0,25000
3,period,1500160,576,freeway,freeway,3,31.0,25000
3,period,1500160,576,freeway,freeway,4,38.0,25000
3,period,1500160,576,freeway,freeway,5,35.0,25000
3,period,1500160,576,freeway,freeway,6,27.0,25000
3,period,1500160,576,freeway,freeway,7,16.0,25000
3,period,1500160,576,freeway,freeway,8,29.0,25000
3,period,1500160,576,freeway,freeway,9,30.0,25000
3,period,1500160,576,freeway,freeway,10,35.0,25000
3,period,1525248,576,freeway,breakout,1,1.0,80
3,period,1525248,576,freeway,breakout,2,1.0,80
3,period,1525248,576,freeway,breakout,3,0.0,80
3,period,1525248,576,freeway,breakout,4,0.0,80
3,period,1525248,576,freeway,breakout,5,0.0,80
3,period,1525248,576,freeway,breakout,6,0.0,80
3,period,1525248,576,freeway,breakout,7,0.0,80
3,period,1525248,576,freeway,breakout,8,0.0,80
3,period,1525248,576,freeway,breakout,9,0.0,80
3,period,1525248,576,freeway,breakout,10,0.0,80
3,period,1525248,576,freeway,space_invaders,1,1.0,322
3,period,1525248,576,freeway,space_invaders,2,1.0,322
3,period,1525248,576,freeway,space_invaders,3,2.0,322
3,period,1525248,576,freeway,space_invaders,4,1.0,322
3,period,1525248,576,freeway,space_invaders,5,1.0,322
3,period,1525248,576,freeway,space_invaders,6,2.0,322
3,period,1525248,576,freeway,space_invaders,7,2.0,322
3,period,1525248,576,freeway,space_invaders,8,2.0,322
3,period,1525248,576,freeway,space_invaders,9,2.0,322
3,period,1525248,576,freeway,space_invaders,10,1.0,322
3,period,1525248,576,freeway,freeway,1,38.0,25000
3,period,1525248,576,freeway,freeway,2,31.0,25000
3,period,1525248,576,freeway,freeway,3,34.0,25000
3,period,1525248,576,freeway,freeway,4,42.0,25000
3,period,1525248,576,freeway,freeway,5,28.0,25000
3,period,1525248,576,freeway,freeway,6,35.0,25000
3,period,1525248,576,freeway,freeway,7,34.0,25000
3,period,1525248,576,freeway,freeway,8,34.0,25000
3,period,1525248,576,freeway,freeway,9,25.0,25000
3,period,1525248,576,freeway,freeway,10,35.0,25000
3,period,1550080,592,freeway,breakout,1,1.0,80
3,period,1550080,592,freeway,breakout,2,0.0,80
3,period,1550080,592,freeway,breakout,3,0.0,80
3,period,1550080,592,freeway,breakout,4,0.0,80
3,period,1550080,592,freeway,breakout,5,0.0,80
3,period,1550080,592,freeway,breakout,6,0.0,80
3,period,1550080,592,freeway,breakout,7,0.0,80
3,period,1550080,592,freeway,breakout,8,0.0,80
3,period,1550080,592,freeway,breakout,9,1.0,80
3,period,1550080,592,freeway,breakout,10,0.0,80
3,period,1550080,592,freeway,space_invaders,1,0.0,260
3,period,1550080,592,freeway,space_invaders,2,1.0,260
3,period,1550080,592,freeway,space_invaders,3,1.0,260
3,period,1550080,592,freeway,space_invaders,4,1.0,260
3,period,1550080,592,freeway,space_invaders,5,0.0,260
3,period,1550080,592,freeway,space_invaders,6,1.0,260
3,period,1550080,592,freeway,space_invaders,7,0.0,260
3,period,1550080,592,freeway,space_invaders,8,1.0,260
3,period,1550080,592,freeway,space_invaders,9,3.0,260
3,period,1550080,592,freeway,space_invaders,10,0.0,260
3,period,1550080,592,freeway,freeway,1,38.0,25000
3,period,1550080,592,freeway,freeway,2,36.0,25000
3,period,1550080,592,freeway,freeway,3,39.0,25000
3,period,1550080,592,freeway,freeway,4,38.0,25000
3,period,1550080,592,freeway,freeway,5,28.0,25000
3,period,1550080,592,freeway,freeway,6,33.0,25000
3,period,1550080,592,freeway,freeway,7,37.0,25000
3,period,1550080,592,freeway,freeway,8,32.0,25000
3,period,1550080,592,freeway,freeway,9,16.0,25000
3,period,1550080,592,freeway,freeway,10,28.0,25000
3,period,1575168,592,freeway,breakout,1,2.0,120
3,period,1575168,592,freeway,breakout,2,1.0,120
3,period,1575168,592,freeway,breakout,3,0.0,120
3,period,1575168,592,freeway,breakout,4,0.0,120
3,period,1575168,592,freeway,breakout,5,2.0,120
3,period,1575168,592,freeway,breakout,6,0.0,120
3,period,1575168,592,freeway,breakout,7,0.0,120
3,period,1575168,592,freeway,breakout,8,0.0,120
3,period,1575168,592,freeway,breakout,9,1.0,120
3,period,1575168,592,freeway,breakout,10,0.0,120
3,period,1575168,592,freeway,space_invaders,1,0.0,271
3,period,1575168,592,freeway,space_invaders,2,1.0,271
3,period,1575168,592,freeway,space_invaders,3,0.0,271
3,period,1575168,592,freeway,space_invaders,4,0.0,271
3,period,1575168,592,freeway,space_invaders,5,1.0,271
3,period,1575168,592,freeway,space_invaders,6,0.0,271
3,period,1575168,592,freeway,space_invaders,7,2.0,271
3,period,1575168,592,freeway,space_invaders,8,3.0,271
3,period,1575168,592,freeway,space_invaders,9,2.0,271
3,period,1575168,592,freeway,space_invaders,10,2.0,271
3,period,1575168,592,freeway,freeway,1,30.0,25000
3,period,1575168,592,freeway,freeway,2,38.0,25000
3,period,1575168,592,freeway,freeway,3,42.0,25000
3,period,1575168,592,freeway,freeway,4,40.0,25000
3,period,1575168,592,freeway,freeway,5,40.0,25000
3,period,1575168,592,freeway,freeway,6,38.0,25000
3,period,1575168,592,freeway,freeway,7,33.0,25000
3,period,1575168,592,freeway,freeway,8,40.0,25000
3,period,1575168,592,freeway,freeway,9,31.0,25000
3,period,1575168,592,freeway,freeway,10,39.0,25000
3,period,1600000,608,freeway,breakout,1,0.0,130
3,period,1600000,608,freeway,breakout,2,0.0,130
3,period,1600000,608,freeway,breakout,3,1.0,130
3,period,1600000,608,freeway,breakout,4,0.0,130
3,period,1600000,608,freeway,breakout,5,1.0,130
3,period,1600000,608,freeway,breakout,6,0.0,130
3,period,1600000,608,freeway,breakout,7,1.0,130
3,period,1600000,608,freeway,breakout,8,2.0,130
3,period,1600000,608,freeway,breakout,9,1.0,130
3,period,1600000,608,freeway,breakout,10,1.0,130
3,period,1600000,608,freeway,space_invaders,1,0.0,180
3,period,1600000,608,freeway,space_invaders,2,0.0,180
3,period,1600000,608,freeway,space_invaders,3,0.0,180
3,period,1600000,608,freeway,space_invaders,4,0.0,180
3,period,1600000,608,freeway,space_invaders,5,0.0,180
3,period,1600000,608,freeway,space_invaders,6,1.0,180
3,period,1600000,608,freeway,space_invaders,7,0.0,180
3,period,1600000,608,freeway,space_invaders,8,0.0,180
3,period,1600000,608,freeway,space_invaders,9,1.0,180
3,period,1600000,608,freeway,space_invaders,10,1.0,180
3,period,1600000,608,freeway,freeway,1,32.0,25000
3,period,1600000,608,freeway,freeway,2,36.0,25000
3,period,1600000,608,freeway,freeway,3,32.0,25000
3,period,1600000,608,freeway,freeway,4,43.0,25000
3,period,1600000,608,freeway,freeway,5,33.0,25000
3,period,1600000,608,freeway,freeway,6,45.0,25000
3,period,1600000,608,freeway,freeway,7,27.0,25000
3,period,1600000,608,freeway,freeway,8,37.0,25000
3,period,1600000,608,freeway,freeway,9,39.0,25000
3,period,1600000,608,freeway,freeway,10,34.0,25000
3,period,1625088,624,freeway,breakout,1,0.0,90
3,period,1625088,624,freeway,breakout,2,0.0,90
3,period,1625088,624,freeway,breakout,3,1.0,90
3,period,1625088,624,freeway,breakout,4,0.0,90
3,period,1625088,624,freeway,breakout,5,0.0,90
3,period,1625088,624,freeway,breakout,6,1.0,90
3,period,1625088,624,freeway,breakout,7,0.0,90
3,period,1625088,624,freeway,breakout,8,1.0,90
3,period,1625088,624,freeway,breakout,9,0.0,90
3,period,1625088,624,freeway,breakout,10,0.0,90
3,period,1625088,624,freeway,space_invaders,1,1.0,308
3,period,1625088,624,freeway,space_invaders,2,2.0,308
3,period,1625088,624,freeway,space_invaders,3,0.0,308
3,period,1625088,624,freeway,space_invaders,4,1.0,308
3,period,1625088,624,freeway,space_invaders,5,2.0,308
3,period,1625088,624,freeway,space_invaders,6,2.0,308
3,period,1625088,624,freeway,space_invaders,7,2.0,308
3,period,1625088,624,freeway,space_invaders,8,1.0,308
3,period,1625088,624,freeway,space_invaders,9,1.0,308
3,period,1625088,624,freeway,space_invaders,10,1.0,308
3,period,1625088,624,freeway,freeway,1,42.0,25000
3,period,1625088,624,freeway,freeway,2,34.0,25000
3,period,1625088,624,freeway,freeway,3,37.0,25000
3,period,1625088,624,freeway,freeway,4,24.0,25000
3,period,1625088,624,freeway,freeway,5,38.0,25000
3,period,1625088,624,freeway,freeway,6,35.0,25000
3,period,1625088,624,freeway,freeway,7,32.0,25000
3,period,1625088,624,freeway,freeway,8,32.0,25000
3,period,1625088,624,freeway,freeway,9,36.0,25000
3,period,1625088,624,freeway,freeway,10,34.0,25000
3,period,1650176,624,freeway,breakout,1,1.0,100
3,period,1650176,624,freeway,breakout,2,0.0,100
3,period,1650176,624,freeway,breakout,3,0.0,100
3,period,1650176,624,freeway,breakout,4,0.0,100
3,period,1650176,624,freeway,breakout,5,1.0,100
3,period,1650176,624,freeway,breakout,6,0.0,100
3,period,1650176,624,freeway,breakout,7,0.0,100
3,period,1650176,624,freeway,breakout,8,0.0,100
3,period,1650176,624,freeway,breakout,9,1.0,100
3,period,1650176,624,freeway,breakout,10,1.0,100
3,period,1650176,624,freeway,space_invaders,1,2.0,242
3,period,1650176,624,freeway,space_invaders,2,1.0,242
3,period,1650176,624,freeway,space_invaders,3,0.0,242
3,period,1650176,624,freeway,space_invaders,4,0.0,242
3,period,1650176,624,freeway,space_invaders,5,1.0,242
3,period,1650176,624,freeway,space_invaders,6,0.0,242
3,period,1650176,624,freeway,space_invaders,7,1.0,242
3,period,1650176,624,freeway,space_invaders,8,1.0,242
3,period,1650176,624,freeway,space_invaders,9,0.0,242
3,period,1650176,624,freeway,space_invaders,10,0.0,242
3,period,1650176,624,freeway,freeway,1,26.0,25000
3,period,1650176,624,freeway,freeway,2,16.0,25000
3,period,1650176,624,freeway,freeway,3,32.0,25000
3,period,1650176,624,freeway,freeway,4,37.0,25000
3,period,1650176,624,freeway,freeway,5,44.0,25000
3,period,1650176,624,freeway,freeway,6,36.0,25000
3,period,1650176,624,freeway,freeway,7,37.0,25000
3,period,1650176,624,freeway,freeway,8,30.0,25000
3,period,1650176,624,freeway,freeway,9,27.0,25000
3,period,1650176,624,freeway,freeway,10,34.0,25000
3,period,1675008,640,freeway,breakout,1,0.0,90
3,period,1675008,640,freeway,breakout,2,1.0,90
3,period,1675008,640,freeway,breakout,3,1.0,90
3,period,1675008,640,freeway,breakout,4,1.0,90
3,period,1675008,640,freeway,breakout,5,0.0,90
3,period,1675008,640,freeway,breakout,6,0.0,90
3,period,1675008,640,freeway,breakout,7,0.0,90
3,period,1675008,640,freeway,breakout,8,0.0,90
3,period,1675008,640,freeway,breakout,9,0.0,90
3,period,1675008,640,freeway,breakout,10,0.0,90
3,period,1675008,640,freeway,space_invaders,1,1.0,190
3,period,1675008,640,freeway,space_invaders,2,2.0,190
3,period,1675008,640,freeway,space_invaders,3,1.0,190
3,period,1675008,640,freeway,space_invaders,4,0.0,190
3,period,1675008,640,freeway,space_invaders,5,0.0,190
3,period,1675008,640,freeway,space_invaders,6,0.0,190
3,period,1675008,640,freeway,space_invaders,7,0.0,190
3,period,1675008,640,freeway,space_invaders,8,1.0,190
3,period,1675008,640,freeway,space_invaders,9,0.0,190
3,period,1675008,640,freeway,space_invaders,10,1.0,190
3,period,1675008,640,freeway,freeway,1,37.0,25000
3,period,1675008,640,freeway,freeway,2,33.0,25000
3,period,1675008,640,freeway,freeway,3,35.0,25000
3,period,1675008,640,freeway,freeway,4,39.0,25000
3,period,1675008,640,freeway,freeway,5,45.0,25000
3,period,1675008,640,freeway,freeway,6,34.0,25000
3,period,1675008,640,freeway,freeway,7,39.0,25000
3,period,1675008,640,freeway,freeway,8,32.0,25000
3,period,1675008,640,freeway,freeway,9,38.0,25000
3,period,1675008,640,freeway,freeway,10,34.0,25000
3,period,1700096,656,freeway,breakout,1,2.0,110
3,period,1700096,656,freeway,breakout,2,1.0,110
3,period,1700096,656,freeway,breakout,3,0.0,110
3,period,1700096,656,freeway,breakout,4,0.0,110
3,period,1700096,656,freeway,breakout,5,1.0,110
3,period,1700096,656,freeway,breakout,6,0.0,110
3,period,1700096,656,freeway,breakout,7,1.0,110
3,period,1700096,656,freeway,breakout,8,0.0,110
3,period,1700096,656,freeway,breakout,9,0.0,110
3,period,1700096,656,freeway,breakout,10,0.0,110
3,period,1700096,656,freeway,space_invaders,1,1.0,201
3,period,1700096,656,freeway,space_invaders,2,1.0,201
3,period,1700096,656,freeway,space_invaders,3,1.0,201
3,period,1700096,656,freeway,space_invaders,4,2.0,201
3,period,1700096,656,freeway,space_invaders,5,1.0,201
3,period,1700096,656,freeway,space_invaders,6,0.0,201
3,period,1700096,656,freeway,space_invaders,7,1.0,201
3,period,1700096,656,freeway,space_invaders,8,1.0,201
3,period,1700096,656,freeway,space_invaders,9,2.0,201
3,period,1700096,656,freeway,space_invaders,10,1.0,201
3,period,1700096,656,freeway,freeway,1,36.0,25000
3,period,1700096,656,freeway,freeway,2,28.0,25000
3,period,1700096,656,freeway,freeway,3,37.0,25000
3,period,1700096,656,freeway,freeway,4,32.0,25000
3,period,1700096,656,freeway,freeway,5,25.0,25000
3,period,1700096,656,freeway,freeway,6,20.0,25000
3,period,1700096,656,freeway,freeway,7,42.0,25000
3,period,1700096,656,freeway,freeway,8,38.0,25000
3,period,1700096,656,freeway,freeway,9,31.0,25000
3,period,1700096,656,freeway,freeway,10,37.0,25000
3,period,1725184,656,freeway,breakout,1,2.0,142
3,period,1725184,656,freeway,breakout,2,0.0,142
3,period,1725184,656,freeway,breakout,3,3.0,142
3,period,1725184,656,freeway,breakout,4,1.0,142
3,period,1725184,656,freeway,breakout,5,0.0,142
3,period,1725184,656,freeway,breakout,6,0.0,142
3,period,1725184,656,freeway,breakout,7,0.0,142
3,period,1725184,656,freeway,breakout,8,1.0,142
3,period,1725184,656,freeway,breakout,9,1.0,142
3,period,1725184,656,freeway,breakout,10,0.0,142
3,period,1725184,656,freeway,space_invaders,1,1.0,170
3,period,1725184,656,freeway,space_invaders,2,0.0,170
3,period,1725184,656,freeway,space_invaders,3,0.0,170
3,period,1725184,656,freeway,space_invaders,4,0.0,170
3,period,1725184,656,freeway,space_invaders,5,0.0,170
3,period,1725184,656,freeway,space_invaders,6,1.0,170
3,period,1725184,656,freeway,space_invaders,7,0.0,170
3,period,1725184,656,freeway,space_invaders,8,0.0,170
3,period,1725184,656,freeway,space_invaders,9,0.0,170
3,period,1725184,656,freeway,space_invaders,10,0.0,170
3,period,1725184,656,freeway,freeway,1,46.0,25000
3,period,1725184,656,freeway,freeway,2,33.0,25000
3,period,1725184,656,freeway,freeway,3,28.0,25000
3,period,1725184,656,freeway,freeway,4,40.0,25000
3,period,1725184,656,freeway,freeway,5,37.0,25000
3,period,1725184,656,freeway,freeway,6,35.0,25000
3,period,1725184,656,freeway,freeway,7,40.0,25000
3,period,1725184,656,freeway,freeway,8,31.0,25000
3,period,1725184,656,freeway,freeway,9,35.0,25000
3,period,1725184,656,freeway,freeway,10,38.0,25000
3,period,1750016,672,freeway,breakout,1,2.0,110
3,period,1750016,672,freeway,breakout,2,0.0,110
3,period,1750016,672,freeway,breakout,3,0.0,110
3,period,1750016,672,freeway,breakout,4,0.0,110
3,period,1750016,672,freeway,breakout,5,2.0,110
3,period,1750016,672,freeway,breakout,6,0.0,110
3,period,1750016,672,freeway,breakout,7,0.0,110
3,period,1750016,672,freeway,breakout,8,0.0,110
3,period,1750016,672,freeway,breakout,9,0.0,110
3,period,1750016,672,freeway,breakout,10,1.0,110
3,period,1750016,672,freeway,space_invaders,1,0.0,180
3,period,1750016,672,freeway,space_invaders,2,1.0,180
3,period,1750016,672,freeway,space_invaders,3,0.0,180
3,period,1750016,672,freeway,space_invaders,4,1.0,180
3,period,1750016,672,freeway,space_invaders,5,0.0,180
3,period,1750016,672,freeway,space_invaders,6,0.0,180
3,period,1750016,672,freeway,space_invaders,7,0.0,180
3,period,1750016,672,freeway,space_invaders,8,0.0,180
3,period,1750016,672,freeway,space_invaders,9,0.0,180
3,period,1750016,672,freeway,space_invaders,10,0.0,180
3,period,1750016,672,freeway,freeway,1,38.0,25000
3,period,1750016,672,freeway,freeway,2,46.0,25000
3,period,1750016,672,freeway,freeway,3,24.0,25000
3,period,1750016,672,freeway,freeway,4,38.0,25000
3,period,1750016,672,freeway,freeway,5,44.0,25000
3,period,1750016,672,freeway,freeway,6,38.0,25000
3,period,1750016,672,freeway,freeway,7,33.0,25000
3,period,1750016,672,freeway,freeway,8,39.0,25000
3,period,1750016,672,freeway,freeway,9,39.0,25000
3,period,1750016,672,freeway,freeway,10,36.0,25000
3,period,1775104,672,freeway,breakout,1,0.0,92
3,period,1775104,672,freeway,breakout,2,0.0,92
3,period,1775104,672,freeway,breakout,3,0.0,92
3,period,1775104,672,freeway,breakout,4,1.0,92
3,period,1775104,672,freeway,breakout,5,0.0,92
3,period,1775104,672,freeway,breakout,6,0.0,92
3,period,1775104,672,freeway,breakout,7,0.0,92
3,period,1775104,672,freeway,breakout,8,2.0,92
3,period,1775104,672,freeway,breakout,9,0.0,92
3,period,1775104,672,freeway,breakout,10,0.0,92
3,period,1775104,672,freeway,space_invaders,1,0.0,232
3,period,1775104,672,freeway,space_invaders,2,1.0,232
3,period,1775104,672,freeway,space_invaders,3,1.0,232
3,period,1775104,672,freeway,space_invaders,4,0.0,232
3,period,1775104,672,freeway,space_invaders,5,1.0,232
3,period,1775104,672,freeway,space_invaders,6,1.0,232
3,period,1775104,672,freeway,space_invaders,7,1.0,232
3,period,1775104,672,freeway,space_invaders,8,1.0,232
3,period,1775104,672,freeway,space_invaders,9,1.0,232
3,period,1775104,672,freeway,space_invaders,10,0.0,232
3,period,1775104,672,freeway,freeway,1,37.0,25000
3,period,1775104,672,freeway,freeway,2,37.0,25000
3,period,1775104,672,freeway,freeway,3,29.0,25000
3,period,1775104,672,freeway,freeway,4,40.0,25000
3,period,1775104,672,freeway,freeway,5,25.0,25000
3,period,1775104,672,freeway,freeway,6,44.0,25000
3,period,1775104,672,freeway,freeway,7,39.0,25000
3,period,1775104,672,freeway,freeway,8,32.0,25000
3,period,1775104,672,freeway,freeway,9,39.0,25000
3,period,1775104,672,freeway,freeway,10,39.0,25000
3,period,1800192,688,freeway,breakout,1,2.0,134
3,period,1800192,688,freeway,breakout,2,1.0,134
3,period,1800192,688,freeway,breakout,3,0.0,134
3,period,1800192,688,freeway,breakout,4,0.0,134
3,period,1800192,688,freeway,breakout,5,1.0,134
3,period,1800192,688,freeway,breakout,6,0.0,134
3,period,1800192,688,freeway,breakout,7,0.0,134
3,period,1800192,688,freeway,breakout,8,0.0,134
3,period,1800192,688,freeway,breakout,9,0.0,134
3,period,1800192,688,freeway,breakout,10,3.0,134
3,period,1800192,688,freeway,space_invaders,1,1.0,210
3,period,1800192,688,freeway,space_invaders,2,2.0,210
3,period,1800192,688,freeway,space_invaders,3,1.0,210
3,period,1800192,688,freeway,space_invaders,4,0.0,210
3,period,1800192,688,freeway,space_invaders,5,0.0,210
3,period,1800192,688,freeway,space_invaders,6,0.0,210
3,period,1800192,688,freeway,space_invaders,7,1.0,210
3,period,1800192,688,freeway,space_invaders,8,2.0,210
3,period,1800192,688,freeway,space_invaders,9,1.0,210
3,period,1800192,688,freeway,space_invaders,10,2.0,210
3,period,1800192,688,freeway,freeway,1,43.0,25000
3,period,1800192,688,freeway,freeway,2,33.0,25000
3,period,1800192,688,freeway,freeway,3,40.0,25000
3,period,1800192,688,freeway,freeway,4,27.0,25000
3,period,1800192,688,freeway,freeway,5,32.0,25000
3,period,1800192,688,freeway,freeway,6,40.0,25000
3,period,1800192,688,freeway,freeway,7,42.0,25000
3,period,1800192,688,freeway,freeway,8,40.0,25000
3,period,1800192,688,freeway,freeway,9,44.0,25000
3,period,1800192,688,freeway,freeway,10,37.0,25000
3,period,1825024,704,freeway,breakout,1,1.0,120
3,period,1825024,704,freeway,breakout,2,1.0,120
3,period,1825024,704,freeway,breakout,3,1.0,120
3,period,1825024,704,freeway,breakout,4,0.0,120
3,period,1825024,704,freeway,breakout,5,1.0,120
3,period,1825024,704,freeway,breakout,6,1.0,120
3,period,1825024,704,freeway,breakout,7,0.0,120
3,period,1825024,704,freeway,breakout,8,0.0,120
3,period,1825024,704,freeway,breakout,9,0.0,120
3,period,1825024,704,freeway,breakout,10,1.0,120
3,period,1825024,704,freeway,space_invaders,1,2.0,665
3,period,1825024,704,freeway,space_invaders,2,2.0,665
3,period,1825024,704,freeway,space_invaders,3,7.0,665
3,period,1825024,704,freeway,space_invaders,4,2.0,665
3,period,1825024,704,freeway,space_invaders,5,1.0,665
3,period,1825024,704,freeway,space_invaders,6,3.0,665
3,period,1825024,704,freeway,space_invaders,7,1.0,665
3,period,1825024,704,freeway,space_invaders,8,1.0,665
3,period,1825024,704,freeway,space_invaders,9,0.0,665
3,period,1825024,704,freeway,space_invaders,10,0.0,665
3,period,1825024,704,freeway,freeway,1,35.0,25000
3,period,1825024,704,freeway,freeway,2,38.0,25000
3,period,1825024,704,freeway,freeway,3,37.0,25000
3,period,1825024,704,freeway,freeway,4,37.0,25000
3,period,1825024,704,freeway,freeway,5,37.0,25000
3,period,1825024,704,freeway,freeway,6,34.0,25000
3,period,1825024,704,freeway,freeway,7,31.0,25000
3,period,1825024,704,freeway,freeway,8,30.0,25000
3,period,1825024,704,freeway,freeway,9,34.0,25000
3,period,1825024,704,freeway,freeway,10,34.0,25000
3,period,1850112,704,freeway,breakout,1,2.0,150
3,period,1850112,704,freeway,breakout,2,2.0,150
3,period,1850112,704,freeway,breakout,3,0.0,150
3,period,1850112,704,freeway,breakout,4,1.0,150
3,period,1850112,704,freeway,breakout,5,0.0,150
3,period,1850112,704,freeway,breakout,6,0.0,150
3,period,1850112,704,freeway,breakout,7,2.0,150
3,period,1850112,704,freeway,breakout,8,1.0,150
3,period,1850112,704,freeway,breakout,9,1.0,150
3,period,1850112,704,freeway,breakout,10,0.0,150
3,period,1850112,704,freeway,space_invaders,1,4.0,368
3,period,1850112,704,freeway,space_invaders,2,1.0,368
3,period,1850112,704,freeway,space_invaders,3,1.0,368
3,period,1850112,704,freeway,space_invaders,4,1.0,368
3,period,1850112,704,freeway,space_invaders,5,0.0,368
3,period,1850112,704,freeway,space_invaders,6,2.0,368
3,period,1850112,704,freeway,space_invaders,7,0.0,368
3,period,1850112,704,freeway,space_invaders,8,4.0,368
3,period,1850112,704,freeway,space_invaders,9,1.0,368
3,period,1850112,704,freeway,space_invaders,10,2.0,368
3,period,1850112,704,freeway,freeway,1,35.0,25000
3,period,1850112,704,freeway,freeway,2,39.0,25000
3,period,1850112,704,freeway,freeway,3,33.0,25000
3,period,1850112,704,freeway,freeway,4,33.0,25000
3,period,1850112,704,freeway,freeway,5,37.0,25000
3,period,1850112,704,freeway,freeway,6,42.0,25000
3,period,1850112,704,freeway,freeway,7,41.0,25000
3,period,1850112,704,freeway,freeway,8,38.0,25000
3,period,1850112,704,freeway,freeway,9,37.0,25000
3,period,1850112,704,freeway,freeway,10,37.0,25000
3,period,1875200,720,freeway,breakout,1,0.0,122
3,period,1875200,720,freeway,breakout,2,0.0,122
3,period,1875200,720,freeway,breakout,3,1.0,122
3,period,1875200,720,freeway,breakout,4,0.0,122
3,period,1875200,720,freeway,breakout,5,0.0,122
3,period,1875200,720,freeway,breakout,6,2.0,122
3,period,1875200,720,freeway,breakout,7,3.0,122
3,period,1875200,720,freeway,breakout,8,0.0,122
3,period,1875200,720,freeway,breakout,9,0.0,122
3,period,1875200,720,freeway,breakout,10,0.0,122
3,period,1875200,720,freeway,space_invaders,1,0.0,280
3,period,1875200,720,freeway,space_invaders,2,1.0,280
3,period,1875200,720,freeway,space_invaders,3,2.0,280
3,period,1875200,720,freeway,space_invaders,4,0.0,280
3,period,1875200,720,freeway,space_invaders,5,0.0,280
3,period,1875200,720,freeway,space_invaders,6,1.0,280
3,period,1875200,720,freeway,space_invaders,7,0.0,280
3,period,1875200,720,freeway,space_invaders,8,1.0,280
3,period,1875200,720,freeway,space_invaders,9,2.0,280
3,period,1875200,720,freeway,space_invaders,10,0.0,280
3,period,1875200,720,freeway,freeway,1,36.0,25000
3,period,1875200,720,freeway,freeway,2,35.0,25000
3,period,1875200,720,freeway,freeway,3,43.0,25000
3,period,1875200,720,freeway,freeway,4,37.0,25000
3,period,1875200,720,freeway,freeway,5,34.0,25000
3,period,1875200,720,freeway,freeway,6,34.0,25000
3,period,1875200,720,freeway,freeway,7,36.0,25000
3,period,1875200,720,freeway,freeway,8,37.0,25000
3,period,1875200,720,freeway,freeway,9,35.0,25000
3,period,1875200,720,freeway,freeway,10,43.0,25000
3,period,1900032,736,freeway,breakout,1,1.0,132
3,period,1900032,736,freeway,breakout,2,1.0,132
3,period,1900032,736,freeway,breakout,3,0.0,132
3,period,1900032,736,freeway,breakout,4,0.0,132
3,period,1900032,736,freeway,breakout,5,0.0,132
3,period,1900032,736,freeway,breakout,6,1.0,132
3,period,1900032,736,freeway,breakout,7,0.0,132
3,period,1900032,736,freeway,breakout,8,0.0,132
3,period,1900032,736,freeway,breakout,9,1.0,132
3,period,1900032,736,freeway,breakout,10,3.0,132
3,period,1900032,736,freeway,space_invaders,1,0.0,288
3,period,1900032,736,freeway,space_invaders,2,2.0,288
3,period,1900032,736,freeway,space_invaders,3,1.0,288
3,period,1900032,736,freeway,space_invaders,4,0.0,288
3,period,1900032,736,freeway,space_invaders,5,1.0,288
3,period,1900032,736,freeway,space_invaders,6,0.0,288
3,period,1900032,736,freeway,space_invaders,7,1.0,288
3,period,1900032,736,freeway,space_invaders,8,1.0,288
3,period,1900032,736,freeway,space_invaders,9,0.0,288
3,period,1900032,736,freeway,space_invaders,10,1.0,288
3,period,1900032,736,freeway,freeway,1,42.0,25000
3,period,1900032,736,freeway,freeway,2,35.0,25000
3,period,1900032,736,freeway,freeway,3,39.0,25000
3,period,1900032,736,freeway,freeway,4,41.0,25000
3,period,1900032,736,freeway,freeway,5,37.0,25000
3,period,1900032,736,freeway,freeway,6,43.0,25000
3,period,1900032,736,freeway,freeway,7,44.0,25000
3,period,1900032,736,freeway,freeway,8,40.0,25000
3,period,1900032,736,freeway,freeway,9,26.0,25000
3,period,1900032,736,freeway,freeway,10,41.0,25000
3,period,1925120,736,freeway,breakout,1,1.0,140
3,period,1925120,736,freeway,breakout,2,0.0,140
3,period,1925120,736,freeway,breakout,3,2.0,140
3,period,1925120,736,freeway,breakout,4,1.0,140
3,period,1925120,736,freeway,breakout,5,0.0,140
3,period,1925120,736,freeway,breakout,6,0.0,140
3,period,1925120,736,freeway,breakout,7,1.0,140
3,period,1925120,736,freeway,breakout,8,1.0,140
3,period,1925120,736,freeway,breakout,9,1.0,140
3,period,1925120,736,freeway,breakout,10,1.0,140
3,period,1925120,736,freeway,space_invaders,1,1.0,348
3,period,1925120,736,freeway,space_invaders,2,1.0,348
3,period,1925120,736,freeway,space_invaders,3,1.0,348
3,period,1925120,736,freeway,space_invaders,4,2.0,348
3,period,1925120,736,freeway,space_invaders,5,1.0,348
3,period,1925120,736,freeway,space_invaders,6,1.0,348
3,period,1925120,736,freeway,space_invaders,7,0.0,348
3,period,1925120,736,freeway,space_invaders,8,5.0,348
3,period,1925120,736,freeway,space_invaders,9,0.0,348
3,period,1925120,736,freeway,space_invaders,10,0.0,348
3,period,1925120,736,freeway,freeway,1,31.0,25000
3,period,1925120,736,freeway,freeway,2,39.0,25000
3,period,1925120,736,freeway,freeway,3,36.0,25000
3,period,1925120,736,freeway,freeway,4,36.0,25000
3,period,1925120,736,freeway,freeway,5,38.0,25000
3,period,1925120,736,freeway,freeway,6,30.0,25000
3,period,1925120,736,freeway,freeway,7,42.0,25000
3,period,1925120,736,freeway,freeway,8,46.0,25000
3,period,1925120,736,freeway,freeway,9,40.0,25000
3,period,1925120,736,freeway,freeway,10,24.0,25000
3,period,1950208,752,freeway,breakout,1,3.0,122
3,period,1950208,752,freeway,breakout,2,0.0,122
3,period,1950208,752,freeway,breakout,3,1.0,122
3,period,1950208,752,freeway,breakout,4,0.0,122
3,period,1950208,752,freeway,breakout,5,0.0,122
3,period,1950208,752,freeway,breakout,6,0.0,122
3,period,1950208,752,freeway,breakout,7,0.0,122
3,period,1950208,752,freeway,breakout,8,2.0,122
3,period,1950208,752,freeway,breakout,9,0.0,122
3,period,1950208,752,freeway,breakout,10,0.0,122
3,period,1950208,752,freeway,space_invaders,1,1.0,319
3,period,1950208,752,freeway,space_invaders,2,1.0,319
3,period,1950208,752,freeway,space_invaders,3,0.0,319
3,period,1950208,752,freeway,space_invaders,4,2.0,319
3,period,1950208,752,freeway,space_invaders,5,0.0,319
3,period,1950208,752,freeway,space_invaders,6,3.0,319
3,period,1950208,752,freeway,space_invaders,7,1.0,319
3,period,1950208,752,freeway,space_invaders,8,0.0,319
3,period,1950208,752,freeway,space_invaders,9,1.0,319
3,period,1950208,752,freeway,space_invaders,10,1.0,319
3,period,1950208,752,freeway,freeway,1,33.0,25000
3,period,1950208,752,freeway,freeway,2,28.0,25000
3,period,1950208,752,freeway,freeway,3,32.0,25000
3,period,1950208,752,freeway,freeway,4,34.0,25000
3,period,1950208,752,freeway,freeway,5,36.0,25000
3,period,1950208,752,freeway,freeway,6,35.0,25000
3,period,1950208,752,freeway,freeway,7,32.0,25000
3,period,1950208,752,freeway,freeway,8,34.0,25000
3,period,1950208,752,freeway,freeway,9,33.0,25000
3,period,1950208,752,freeway,freeway,10,31.0,25000
3,period,1975040,752,freeway,breakout,1,0.0,176
3,period,1975040,752,freeway,breakout,2,3.0,176
3,period,1975040,752,freeway,breakout,3,1.0,176
3,period,1975040,752,freeway,breakout,4,1.0,176
3,period,1975040,752,freeway,breakout,5,0.0,176
3,period,1975040,752,freeway,breakout,6,2.0,176
3,period,1975040,752,freeway,breakout,7,2.0,176
3,period,1975040,752,freeway,breakout,8,2.0,176
3,period,1975040,752,freeway,breakout,9,0.0,176
3,period,1975040,752,freeway,breakout,10,0.0,176
3,period,1975040,752,freeway,space_invaders,1,1.0,290
3,period,1975040,752,freeway,space_invaders,2,0.0,290
3,period,1975040,752,freeway,space_invaders,3,0.0,290
3,period,1975040,752,freeway,space_invaders,4,1.0,290
3,period,1975040,752,freeway,space_invaders,5,0.0,290
3,period,1975040,752,freeway,space_invaders,6,0.0,290
3,period,1975040,752,freeway,space_invaders,7,0.0,290
3,period,1975040,752,freeway,space_invaders,8,1.0,290
3,period,1975040,752,freeway,space_invaders,9,1.0,290
3,period,1975040,752,freeway,space_invaders,10,2.0,290
3,period,1975040,752,freeway,freeway,1,35.0,25000
3,period,1975040,752,freeway,freeway,2,31.0,25000
3,period,1975040,752,freeway,freeway,3,33.0,25000
3,period,1975040,752,freeway,freeway,4,44.0,25000
3,period,1975040,752,freeway,freeway,5,40.0,25000
3,period,1975040,752,freeway,freeway,6,35.0,25000
3,period,1975040,752,freeway,freeway,7,34.0,25000
3,period,1975040,752,freeway,freeway,8,31.0,25000
3,period,1975040,752,freeway,freeway,9,25.0,25000
3,period,1975040,752,freeway,freeway,10,35.0,25000
4,boundary,2499840,960,freeway,breakout,1,0.0,100
4,boundary,2499840,960,freeway,breakout,2,0.0,100
4,boundary,2499840,960,freeway,breakout,3,0.0,100
4,boundary,2499840,960,freeway,breakout,4,1.0,100
4,boundary,2499840,960,freeway,breakout,5,1.0,100
4,boundary,2499840,960,freeway,breakout,6,1.0,100
4,boundary,2499840,960,freeway,breakout,7,1.0,100
4,boundary,2499840,960,freeway,breakout,8,0.0,100
4,boundary,2499840,960,freeway,breakout,9,0.0,100
4,boundary,2499840,960,freeway,breakout,10,0.0,100
4,boundary,2499840,960,freeway,space_invaders,1,1.0,441
4,boundary,2499840,960,freeway,space_invaders,2,0.0,441
4,boundary,2499840,960,freeway,space_invaders,3,2.0,441
4,boundary,2499840,960,freeway,space_invaders,4,2.0,441
4,boundary,2499840,960,freeway,space_invaders,5,2.0,441
4,boundary,2499840,960,freeway,space_invaders,6,2.0,441
4,boundary,2499840,960,freeway,space_invaders,7,5.0,441
4,boundary,2499840,960,freeway,space_invaders,8,2.0,441
4,boundary,2499840,960,freeway,space_invaders,9,2.0,441
4,boundary,2499840,960,freeway,space_invaders,10,5.0,441
4,boundary,2499840,960,freeway,freeway,1,48.0,25000
4,boundary,2499840,960,freeway,freeway,2,47.0,25000
4,boundary,2499840,960,freeway,freeway,3,47.0,25000
4,boundary,2499840,960,freeway,freeway,4,39.0,25000
4,boundary,2499840,960,freeway,freeway,5,47.0,25000
4,boundary,2499840,960,freeway,freeway,6,50.0,25000
4,boundary,2499840,960,freeway,freeway,7,47.0,25000
4,boundary,2499840,960,freeway,freeway,8,48.0,25000
4,boundary,2499840,960,freeway,freeway,9,47.0,25000
4,boundary,2499840,960,freeway,freeway,10,37.0,25000
4,period,2000128,768,freeway,breakout,1,0.0,150
4,period,2000128,768,freeway,breakout,2,2.0,150
4,period,2000128,768,freeway,breakout,3,0.0,150
4,period,2000128,768,freeway,breakout,4,1.0,150
4,period,2000128,768,freeway,breakout,5,1.0,150
4,period,2000128,768,freeway,breakout,6,0.0,150
4,period,2000128,768,freeway,breakout,7,2.0,150
4,period,2000128,768,freeway,breakout,8,1.0,150
4,period,2000128,768,freeway,breakout,9,2.0,150
4,period,2000128,768,freeway,breakout,10,0.0,150
4,period,2000128,768,freeway,space_invaders,1,2.0,281
4,period,2000128,768,freeway,space_invaders,2,1.0,281
4,period,2000128,768,freeway,space_invaders,3,0.0,281
4,period,2000128,768,freeway,space_invaders,4,1.0,281
4,period,2000128,768,freeway,space_invaders,5,1.0,281
4,period,2000128,768,freeway,space_invaders,6,3.0,281
4,period,2000128,768,freeway,space_invaders,7,1.0,281
4,period,2000128,768,freeway,space_invaders,8,2.0,281
4,period,2000128,768,freeway,space_invaders,9,3.0,281
4,period,2000128,768,freeway,space_invaders,10,0.0,281
4,period,2000128,768,freeway,freeway,1,35.0,25000
4,period,2000128,768,freeway,freeway,2,33.0,25000
4,period,2000128,768,freeway,freeway,3,30.0,25000
4,period,2000128,768,freeway,freeway,4,31.0,25000
4,period,2000128,768,freeway,freeway,5,33.0,25000
4,period,2000128,768,freeway,freeway,6,38.0,25000
4,period,2000128,768,freeway,freeway,7,38.0,25000
4,period,2000128,768,freeway,freeway,8,34.0,25000
4,period,2000128,768,freeway,freeway,9,32.0,25000
4,period,2000128,768,freeway,freeway,10,39.0,25000
4,period,2025216,768,freeway,breakout,1,0.0,144
4,period,2025216,768,freeway,breakout,2,0.0,144
4,period,2025216,768,freeway,breakout,3,1.0,144
4,period,2025216,768,freeway,breakout,4,0.0,144
4,period,2025216,768,freeway,breakout,5,0.0,144
4,period,2025216,768,freeway,breakout,6,1.0,144
4,period,2025216,768,freeway,breakout,7,1.0,144
4,period,2025216,768,freeway,breakout,8,1.0,144
4,period,2025216,768,freeway,breakout,9,4.0,144
4,period,2025216,768,freeway,breakout,10,0.0,144
4,period,2025216,768,freeway,space_invaders,1,1.0,239
4,period,2025216,768,freeway,space_invaders,2,1.0,239
4,period,2025216,768,freeway,space_invaders,3,1.0,239
4,period,2025216,768,freeway,space_invaders,4,0.0,239
4,period,2025216,768,freeway,space_invaders,5,0.0,239
4,period,2025216,768,freeway,space_invaders,6,0.0,239
4,period,2025216,768,freeway,space_invaders,7,1.0,239
4,period,2025216,768,freeway,space_invaders,8,0.0,239
4,period,2025216,768,freeway,space_invaders,9,0.0,239
4,period,2025216,768,freeway,space_invaders,10,1.0,239
4,period,2025216,768,freeway,freeway,1,50.0,25000
4,period,2025216,768,freeway,freeway,2,36.0,25000
4,period,2025216,768,freeway,freeway,3,36.0,25000
4,period,2025216,768,freeway,freeway,4,37.0,25000
4,period,2025216,768,freeway,freeway,5,28.0,25000
4,period,2025216,768,freeway,freeway,6,39.0,25000
4,period,2025216,768,freeway,freeway,7,41.0,25000
4,period,2025216,768,freeway,freeway,8,35.0,25000
4,period,2025216,768,freeway,freeway,9,39.0,25000
4,period,2025216,768,freeway,freeway,10,36.0,25000
4,period,2050048,784,freeway,breakout,1,0.0,132
4,period,2050048,784,freeway,breakout,2,2.0,132
4,period,2050048,784,freeway,breakout,3,1.0,132
4,period,2050048,784,freeway,breakout,4,0.0,132
4,period,2050048,784,freeway,breakout,5,2.0,132
4,period,2050048,784,freeway,breakout,6,1.0,132
4,period,2050048,784,freeway,breakout,7,1.0,132
4,period,2050048,784,freeway,breakout,8,0.0,132
4,period,2050048,784,freeway,breakout,9,0.0,132
4,period,2050048,784,freeway,breakout,10,0.0,132
4,period,2050048,784,freeway,space_invaders,1,1.0,372
4,period,2050048,784,freeway,space_invaders,2,1.0,372
4,period,2050048,784,freeway,space_invaders,3,3.0,372
4,period,2050048,784,freeway,space_invaders,4,0.0,372
4,period,2050048,784,freeway,space_invaders,5,1.0,372
4,period,2050048,784,freeway,space_invaders,6,1.0,372
4,period,2050048,784,freeway,space_invaders,7,1.0,372
4,period,2050048,784,freeway,space_invaders,8,1.0,372
4,period,2050048,784,freeway,space_invaders,9,3.0,372
4,period,2050048,784,freeway,space_invaders,10,1.0,372
4,period,2050048,784,freeway,freeway,1,40.0,25000
4,period,2050048,784,freeway,freeway,2,38.0,25000
4,period,2050048,784,freeway,freeway,3,39.0,25000
4,period,2050048,784,freeway,freeway,4,34.0,25000
4,period,2050048,784,freeway,freeway,5,23.0,25000
4,period,2050048,784,freeway,freeway,6,42.0,25000
4,period,2050048,784,freeway,freeway,7,39.0,25000
4,period,2050048,784,freeway,freeway,8,23.0,25000
4,period,2050048,784,freeway,freeway,9,37.0,25000
4,period,2050048,784,freeway,freeway,10,38.0,25000
4,period,2075136,784,freeway,breakout,1,0.0,80
4,period,2075136,784,freeway,breakout,2,0.0,80
4,period,2075136,784,freeway,breakout,3,0.0,80
4,period,2075136,784,freeway,breakout,4,0.0,80
4,period,2075136,784,freeway,breakout,5,0.0,80
4,period,2075136,784,freeway,breakout,6,0.0,80
4,period,2075136,784,freeway,breakout,7,0.0,80
4,period,2075136,784,freeway,breakout,8,0.0,80
4,period,2075136,784,freeway,breakout,9,1.0,80
4,period,2075136,784,freeway,breakout,10,1.0,80
4,period,2075136,784,freeway,space_invaders,1,0.0,282
4,period,2075136,784,freeway,space_invaders,2,1.0,282
4,period,2075136,784,freeway,space_invaders,3,1.0,282
4,period,2075136,784,freeway,space_invaders,4,3.0,282
4,period,2075136,784,freeway,space_invaders,5,2.0,282
4,period,2075136,784,freeway,space_invaders,6,2.0,282
4,period,2075136,784,freeway,space_invaders,7,0.0,282
4,period,2075136,784,freeway,space_invaders,8,2.0,282
4,period,2075136,784,freeway,space_invaders,9,2.0,282
4,period,2075136,784,freeway,space_invaders,10,0.0,282
4,period,2075136,784,freeway,freeway,1,44.0,25000
4,period,2075136,784,freeway,freeway,2,40.0,25000
4,period,2075136,784,freeway,freeway,3,38.0,25000
4,period,2075136,784,freeway,freeway,4,35.0,25000
4,period,2075136,784,freeway,freeway,5,39.0,25000
4,period,2075136,784,freeway,freeway,6,36.0,25000
4,period,2075136,784,freeway,freeway,7,43.0,25000
4,period,2075136,784,freeway,freeway,8,35.0,25000
4,period,2075136,784,freeway,freeway,9,32.0,25000
4,period,2075136,784,freeway,freeway,10,40.0,25000
4,period,2100224,800,freeway,breakout,1,0.0,100
4,period,2100224,800,freeway,breakout,2,0.0,100
4,period,2100224,800,freeway,breakout,3,0.0,100
4,period,2100224,800,freeway,breakout,4,0.0,100
4,period,2100224,800,freeway,breakout,5,1.0,100
4,period,2100224,800,freeway,breakout,6,2.0,100
4,period,2100224,800,freeway,breakout,7,1.0,100
4,period,2100224,800,freeway,breakout,8,0.0,100
4,period,2100224,800,freeway,breakout,9,0.0,100
4,period,2100224,800,freeway,breakout,10,0.0,100
4,period,2100224,800,freeway,space_invaders,1,4.0,568
4,period,2100224,800,freeway,space_invaders,2,1.0,568
4,period,2100224,800,freeway,space_invaders,3,2.0,568
4,period,2100224,800,freeway,space_invaders,4,1.0,568
4,period,2100224,800,freeway,space_invaders,5,7.0,568
4,period,2100224,800,freeway,space_invaders,6,2.0,568
4,period,2100224,800,freeway,space_invaders,7,2.0,568
4,period,2100224,800,freeway,space_invaders,8,0.0,568
4,period,2100224,800,freeway,space_invaders,9,1.0,568
4,period,2100224,800,freeway,space_invaders,10,1.0,568
4,period,2100224,800,freeway,freeway,1,42.0,25000
4,period,2100224,800,freeway,freeway,2,41.0,25000
4,period,2100224,800,freeway,freeway,3,34.0,25000
4,period,2100224,800,freeway,freeway,4,33.0,25000
4,period,2100224,800,freeway,freeway,5,33.0,25000
4,period,2100224,800,freeway,freeway,6,41.0,25000
4,period,2100224,800,freeway,freeway,7,38.0,25000
4,period,2100224,800,freeway,freeway,8,36.0,25000
4,period,2100224,800,freeway,freeway,9,35.0,25000
4,period,2100224,800,freeway,freeway,10,35.0,25000
4,period,2125056,816,freeway,breakout,1,0.0,152
4,period,2125056,816,freeway,breakout,2,0.0,152
4,period,2125056,816,freeway,breakout,3,3.0,152
4,period,2125056,816,freeway,breakout,4,1.0,152
4,period,2125056,816,freeway,breakout,5,0.0,152
4,period,2125056,816,freeway,breakout,6,0.0,152
4,period,2125056,816,freeway,breakout,7,1.0,152
4,period,2125056,816,freeway,breakout,8,0.0,152
4,period,2125056,816,freeway,breakout,9,2.0,152
4,period,2125056,816,freeway,breakout,10,2.0,152
4,period,2125056,816,freeway,space_invaders,1,2.0,558
4,period,2125056,816,freeway,space_invaders,2,1.0,558
4,period,2125056,816,freeway,space_invaders,3,1.0,558
4,period,2125056,816,freeway,space_invaders,4,1.0,558
4,period,2125056,816,freeway,space_invaders,5,4.0,558
4,period,2125056,816,freeway,space_invaders,6,3.0,558
4,period,2125056,816,freeway,space_invaders,7,1.0,558
4,period,2125056,816,freeway,space_invaders,8,3.0,558
4,period,2125056,816,freeway,space_invaders,9,8.0,558
4,period,2125056,816,freeway,space_invaders,10,0.0,558
4,period,2125056,816,freeway,freeway,1,38.0,25000
4,period,2125056,816,freeway,freeway,2,31.0,25000
4,period,2125056,816,freeway,freeway,3,36.0,25000
4,period,2125056,816,freeway,freeway,4,37.0,25000
4,period,2125056,816,freeway,freeway,5,37.0,25000
4,period,2125056,816,freeway,freeway,6,35.0,25000
4,period,2125056,816,freeway,freeway,7,37.0,25000
4,period,2125056,816,freeway,freeway,8,38.0,25000
4,period,2125056,816,freeway,freeway,9,41.0,25000
4,period,2125056,816,freeway,freeway,10,34.0,25000
4,period,2150144,816,freeway,breakout,1,1.0,100
4,period,2150144,816,freeway,breakout,2,0.0,100
4,period,2150144,816,freeway,breakout,3,0.0,100
4,period,2150144,816,freeway,breakout,4,1.0,100
4,period,2150144,816,freeway,breakout,5,0.0,100
4,period,2150144,816,freeway,breakout,6,1.0,100
4,period,2150144,816,freeway,breakout,7,0.0,100
4,period,2150144,816,freeway,breakout,8,0.0,100
4,period,2150144,816,freeway,breakout,9,1.0,100
4,period,2150144,816,freeway,breakout,10,0.0,100
4,period,2150144,816,freeway,space_invaders,1,0.0,329
4,period,2150144,816,freeway,space_invaders,2,1.0,329
4,period,2150144,816,freeway,space_invaders,3,2.0,329
4,period,2150144,816,freeway,space_invaders,4,1.0,329
4,period,2150144,816,freeway,space_invaders,5,0.0,329
4,period,2150144,816,freeway,space_invaders,6,3.0,329
4,period,2150144,816,freeway,space_invaders,7,2.0,329
4,period,2150144,816,freeway,space_invaders,8,3.0,329
4,period,2150144,816,freeway,space_invaders,9,0.0,329
4,period,2150144,816,freeway,space_invaders,10,2.0,329
4,period,2150144,816,freeway,freeway,1,38.0,25000
4,period,2150144,816,freeway,freeway,2,43.0,25000
4,period,2150144,816,freeway,freeway,3,35.0,25000
4,period,2150144,816,freeway,freeway,4,39.0,25000
4,period,2150144,816,freeway,freeway,5,38.0,25000
4,period,2150144,816,freeway,freeway,6,31.0,25000
4,period,2150144,816,freeway,freeway,7,36.0,25000
4,period,2150144,816,freeway,freeway,8,26.0,25000
4,period,2150144,816,freeway,freeway,9,39.0,25000
4,period,2150144,816,freeway,freeway,10,37.0,25000
4,period,2175232,832,freeway,breakout,1,0.0,100
4,period,2175232,832,freeway,breakout,2,1.0,100
4,period,2175232,832,freeway,breakout,3,1.0,100
4,period,2175232,832,freeway,breakout,4,0.0,100
4,period,2175232,832,freeway,breakout,5,0.0,100
4,period,2175232,832,freeway,breakout,6,1.0,100
4,period,2175232,832,freeway,breakout,7,0.0,100
4,period,2175232,832,freeway,breakout,8,0.0,100
4,period,2175232,832,freeway,breakout,9,0.0,100
4,period,2175232,832,freeway,breakout,10,1.0,100
4,period,2175232,832,freeway,space_invaders,1,1.0,251
4,period,2175232,832,freeway,space_invaders,2,0.0,251
4,period,2175232,832,freeway,space_invaders,3,0.0,251
4,period,2175232,832,freeway,space_invaders,4,1.0,251
4,period,2175232,832,freeway,space_invaders,5,0.0,251
4,period,2175232,832,freeway,space_invaders,6,1.0,251
4,period,2175232,832,freeway,space_invaders,7,2.0,251
4,period,2175232,832,freeway,space_invaders,8,2.0,251
4,period,2175232,832,freeway,space_invaders,9,2.0,251
4,period,2175232,832,freeway,space_invaders,10,1.0,251
4,period,2175232,832,freeway,freeway,1,50.0,25000
4,period,2175232,832,freeway,freeway,2,46.0,25000
4,period,2175232,832,freeway,freeway,3,44.0,25000
4,period,2175232,832,freeway,freeway,4,41.0,25000
4,period,2175232,832,freeway,freeway,5,42.0,25000
4,period,2175232,832,freeway,freeway,6,44.0,25000
4,period,2175232,832,freeway,freeway,7,36.0,25000
4,period,2175232,832,freeway,freeway,8,42.0,25000
4,period,2175232,832,freeway,freeway,9,41.0,25000
4,period,2175232,832,freeway,freeway,10,33.0,25000
4,period,2200064,848,freeway,breakout,1,0.0,80
4,period,2200064,848,freeway,breakout,2,0.0,80
4,period,2200064,848,freeway,breakout,3,0.0,80
4,period,2200064,848,freeway,breakout,4,0.0,80
4,period,2200064,848,freeway,breakout,5,0.0,80
4,period,2200064,848,freeway,breakout,6,0.0,80
4,period,2200064,848,freeway,breakout,7,0.0,80
4,period,2200064,848,freeway,breakout,8,1.0,80
4,period,2200064,848,freeway,breakout,9,0.0,80
4,period,2200064,848,freeway,breakout,10,1.0,80
4,period,2200064,848,freeway,space_invaders,1,1.0,181
4,period,2200064,848,freeway,space_invaders,2,0.0,181
4,period,2200064,848,freeway,space_invaders,3,1.0,181
4,period,2200064,848,freeway,space_invaders,4,1.0,181
4,period,2200064,848,freeway,space_invaders,5,0.0,181
4,period,2200064,848,freeway,space_invaders,6,0.0,181
4,period,2200064,848,freeway,space_invaders,7,1.0,181
4,period,2200064,848,freeway,space_invaders,8,1.0,181
4,period,2200064,848,freeway,space_invaders,9,1.0,181
4,period,2200064,848,freeway,space_invaders,10,1.0,181
4,period,2200064,848,freeway,freeway,1,31.0,25000
4,period,2200064,848,freeway,freeway,2,38.0,25000
4,period,2200064,848,freeway,freeway,3,33.0,25000
4,period,2200064,848,freeway,freeway,4,39.0,25000
4,period,2200064,848,freeway,freeway,5,27.0,25000
4,period,2200064,848,freeway,freeway,6,32.0,25000
4,period,2200064,848,freeway,freeway,7,35.0,25000
4,period,2200064,848,freeway,freeway,8,44.0,25000
4,period,2200064,848,freeway,freeway,9,23.0,25000
4,period,2200064,848,freeway,freeway,10,47.0,25000
4,period,2225152,848,freeway,breakout,1,0.0,90
4,period,2225152,848,freeway,breakout,2,0.0,90
4,period,2225152,848,freeway,breakout,3,0.0,90
4,period,2225152,848,freeway,breakout,4,0.0,90
4,period,2225152,848,freeway,breakout,5,0.0,90
4,period,2225152,848,freeway,breakout,6,0.0,90
4,period,2225152,848,freeway,breakout,7,1.0,90
4,period,2225152,848,freeway,breakout,8,0.0,90
4,period,2225152,848,freeway,breakout,9,1.0,90
4,period,2225152,848,freeway,breakout,10,1.0,90
4,period,2225152,848,freeway,space_invaders,1,2.0,283
4,period,2225152,848,freeway,space_invaders,2,2.0,283
4,period,2225152,848,freeway,space_invaders,3,3.0,283
4,period,2225152,848,freeway,space_invaders,4,2.0,283
4,period,2225152,848,freeway,space_invaders,5,3.0,283
4,period,2225152,848,freeway,space_invaders,6,0.0,283
4,period,2225152,848,freeway,space_invaders,7,0.0,283
4,period,2225152,848,freeway,space_invaders,8,1.0,283
4,period,2225152,848,freeway,space_invaders,9,2.0,283
4,period,2225152,848,freeway,space_invaders,10,1.0,283
4,period,2225152,848,freeway,freeway,1,44.0,25000
4,period,2225152,848,freeway,freeway,2,36.0,25000
4,period,2225152,848,freeway,freeway,3,33.0,25000
4,period,2225152,848,freeway,freeway,4,37.0,25000
4,period,2225152,848,freeway,freeway,5,43.0,25000
4,period,2225152,848,freeway,freeway,6,24.0,25000
4,period,2225152,848,freeway,freeway,7,41.0,25000
4,period,2225152,848,freeway,freeway,8,35.0,25000
4,period,2225152,848,freeway,freeway,9,35.0,25000
4,period,2225152,848,freeway,freeway,10,32.0,25000
4,period,2250240,864,freeway,breakout,1,0.0,70
4,period,2250240,864,freeway,breakout,2,0.0,70
4,period,2250240,864,freeway,breakout,3,1.0,70
4,period,2250240,864,freeway,breakout,4,0.0,70
4,period,2250240,864,freeway,breakout,5,0.0,70
4,period,2250240,864,freeway,breakout,6,0.0,70
4,period,2250240,864,freeway,breakout,7,0.0,70
4,period,2250240,864,freeway,breakout,8,0.0,70
4,period,2250240,864,freeway,breakout,9,0.0,70
4,period,2250240,864,freeway,breakout,10,0.0,70
4,period,2250240,864,freeway,space_invaders,1,1.0,241
4,period,2250240,864,freeway,space_invaders,2,1.0,241
4,period,2250240,864,freeway,space_invaders,3,2.0,241
4,period,2250240,864,freeway,space_invaders,4,2.0,241
4,period,2250240,864,freeway,space_invaders,5,1.0,241
4,period,2250240,864,freeway,space_invaders,6,1.0,241
4,period,2250240,864,freeway,space_invaders,7,1.0,241
4,period,2250240,864,freeway,space_invaders,8,1.0,241
4,period,2250240,864,freeway,space_invaders,9,1.0,241
4,period,2250240,864,freeway,space_invaders,10,1.0,241
4,period,2250240,864,freeway,freeway,1,45.0,25000
4,period,2250240,864,freeway,freeway,2,43.0,25000
4,period,2250240,864,freeway,freeway,3,33.0,25000
4,period,2250240,864,freeway,freeway,4,46.0,25000
4,period,2250240,864,freeway,freeway,5,33.0,25000
4,period,2250240,864,freeway,freeway,6,41.0,25000
4,period,2250240,864,freeway,freeway,7,40.0,25000
4,period,2250240,864,freeway,freeway,8,44.0,25000
4,period,2250240,864,freeway,freeway,9,37.0,25000
4,period,2250240,864,freeway,freeway,10,39.0,25000
4,period,2275072,864,freeway,breakout,1,0.0,100
4,period,2275072,864,freeway,breakout,2,0.0,100
4,period,2275072,864,freeway,breakout,3,0.0,100
4,period,2275072,864,freeway,breakout,4,0.0,100
4,period,2275072,864,freeway,breakout,5,1.0,100
4,period,2275072,864,freeway,breakout,6,1.0,100
4,period,2275072,864,freeway,breakout,7,0.0,100
4,period,2275072,864,freeway,breakout,8,0.0,100
4,period,2275072,864,freeway,breakout,9,1.0,100
4,period,2275072,864,freeway,breakout,10,1.0,100
4,period,2275072,864,freeway,space_invaders,1,1.0,376
4,period,2275072,864,freeway,space_invaders,2,3.0,376
4,period,2275072,864,freeway,space_invaders,3,1.0,376
4,period,2275072,864,freeway,space_invaders,4,1.0,376
4,period,2275072,864,freeway,space_invaders,5,1.0,376
4,period,2275072,864,freeway,space_invaders,6,0.0,376
4,period,2275072,864,freeway,space_invaders,7,1.0,376
4,period,2275072,864,freeway,space_invaders,8,1.0,376
4,period,2275072,864,freeway,space_invaders,9,1.0,376
4,period,2275072,864,freeway,space_invaders,10,3.0,376
4,period,2275072,864,freeway,freeway,1,46.0,25000
4,period,2275072,864,freeway,freeway,2,46.0,25000
4,period,2275072,864,freeway,freeway,3,38.0,25000
4,period,2275072,864,freeway,freeway,4,41.0,25000
4,period,2275072,864,freeway,freeway,5,42.0,25000
4,period,2275072,864,freeway,freeway,6,35.0,25000
4,period,2275072,864,freeway,freeway,7,28.0,25000
4,period,2275072,864,freeway,freeway,8,40.0,25000
4,period,2275072,864,freeway,freeway,9,35.0,25000
4,period,2275072,864,freeway,freeway,10,40.0,25000
4,period,2300160,880,freeway,breakout,1,2.0,144
4,period,2300160,880,freeway,breakout,2,0.0,144
4,period,2300160,880,freeway,breakout,3,0.0,144
4,period,2300160,880,freeway,breakout,4,2.0,144
4,period,2300160,880,freeway,breakout,5,0.0,144
4,period,2300160,880,freeway,breakout,6,0.0,144
4,period,2300160,880,freeway,breakout,7,1.0,144
4,period,2300160,880,freeway,breakout,8,1.0,144
4,period,2300160,880,freeway,breakout,9,1.0,144
4,period,2300160,880,freeway,breakout,10,1.0,144
4,period,2300160,880,freeway,space_invaders,1,0.0,230
4,period,2300160,880,freeway,space_invaders,2,5.0,230
4,period,2300160,880,freeway,space_invaders,3,0.0,230
4,period,2300160,880,freeway,space_invaders,4,1.0,230
4,period,2300160,880,freeway,space_invaders,5,0.0,230
4,period,2300160,880,freeway,space_invaders,6,0.0,230
4,period,2300160,880,freeway,space_invaders,7,1.0,230
4,period,2300160,880,freeway,space_invaders,8,0.0,230
4,period,2300160,880,freeway,space_invaders,9,0.0,230
4,period,2300160,880,freeway,space_invaders,10,0.0,230
4,period,2300160,880,freeway,freeway,1,39.0,25000
4,period,2300160,880,freeway,freeway,2,39.0,25000
4,period,2300160,880,freeway,freeway,3,45.0,25000
4,period,2300160,880,freeway,freeway,4,38.0,25000
4,period,2300160,880,freeway,freeway,5,45.0,25000
4,period,2300160,880,freeway,freeway,6,39.0,25000
4,period,2300160,880,freeway,freeway,7,42.0,25000
4,period,2300160,880,freeway,freeway,8,44.0,25000
4,period,2300160,880,freeway,freeway,9,35.0,25000
4,period,2300160,880,freeway,freeway,10,49.0,25000
4,period,2325248,896,freeway,breakout,1,0.0,112
4,period,2325248,896,freeway,breakout,2,1.0,112
4,period,2325248,896,freeway,breakout,3,0.0,112
4,period,2325248,896,freeway,breakout,4,0.0,112
4,period,2325248,896,freeway,breakout,5,0.0,112
4,period,2325248,896,freeway,breakout,6,0.0,112
4,period,2325248,896,freeway,breakout,7,2.0,112
4,period,2325248,896,freeway,breakout,8,0.0,112
4,period,2325248,896,freeway,breakout,9,1.0,112
4,period,2325248,896,freeway,breakout,10,1.0,112
4,period,2325248,896,freeway,space_invaders,1,1.0,250
4,period,2325248,896,freeway,space_invaders,2,2.0,250
4,period,2325248,896,freeway,space_invaders,3,0.0,250
4,period,2325248,896,freeway,space_invaders,4,0.0,250
4,period,2325248,896,freeway,space_invaders,5,0.0,250
4,period,2325248,896,freeway,space_invaders,6,0.0,250
4,period,2325248,896,freeway,space_invaders,7,0.0,250
4,period,2325248,896,freeway,space_invaders,8,0.0,250
4,period,2325248,896,freeway,space_invaders,9,1.0,250
4,period,2325248,896,freeway,space_invaders,10,0.0,250
4,period,2325248,896,freeway,freeway,1,43.0,25000
4,period,2325248,896,freeway,freeway,2,34.0,25000
4,period,2325248,896,freeway,freeway,3,46.0,25000
4,period,2325248,896,freeway,freeway,4,40.0,25000
4,period,2325248,896,freeway,freeway,5,30.0,25000
4,period,2325248,896,freeway,freeway,6,39.0,25000
4,period,2325248,896,freeway,freeway,7,44.0,25000
4,period,2325248,896,freeway,freeway,8,42.0,25000
4,period,2325248,896,freeway,freeway,9,40.0,25000
4,period,2325248,896,freeway,freeway,10,30.0,25000
4,period,2350080,896,freeway,breakout,1,0.0,112
4,period,2350080,896,freeway,breakout,2,1.0,112
4,period,2350080,896,freeway,breakout,3,3.0,112
4,period,2350080,896,freeway,breakout,4,0.0,112
4,period,2350080,896,freeway,breakout,5,0.0,112
4,period,2350080,896,freeway,breakout,6,0.0,112
4,period,2350080,896,freeway,breakout,7,1.0,112
4,period,2350080,896,freeway,breakout,8,0.0,112
4,period,2350080,896,freeway,breakout,9,0.0,112
4,period,2350080,896,freeway,breakout,10,0.0,112
4,period,2350080,896,freeway,space_invaders,1,0.0,251
4,period,2350080,896,freeway,space_invaders,2,1.0,251
4,period,2350080,896,freeway,space_invaders,3,0.0,251
4,period,2350080,896,freeway,space_invaders,4,0.0,251
4,period,2350080,896,freeway,space_invaders,5,0.0,251
4,period,2350080,896,freeway,space_invaders,6,0.0,251
4,period,2350080,896,freeway,space_invaders,7,1.0,251
4,period,2350080,896,freeway,space_invaders,8,1.0,251
4,period,2350080,896,freeway,space_invaders,9,0.0,251
4,period,2350080,896,freeway,space_invaders,10,2.0,251
4,period,2350080,896,freeway,freeway,1,40.0,25000
4,period,2350080,896,freeway,freeway,2,34.0,25000
4,period,2350080,896,freeway,freeway,3,39.0,25000
4,period,2350080,896,freeway,freeway,4,39.0,25000
4,period,2350080,896,freeway,freeway,5,45.0,25000
4,period,2350080,896,freeway,freeway,6,37.0,25000
4,period,2350080,896,freeway,freeway,7,42.0,25000
4,period,2350080,896,freeway,freeway,8,38.0,25000
4,period,2350080,896,freeway,freeway,9,43.0,25000
4,period,2350080,896,freeway,freeway,10,38.0,25000
4,period,2375168,912,freeway,breakout,1,1.0,152
4,period,2375168,912,freeway,breakout,2,0.0,152
4,period,2375168,912,freeway,breakout,3,1.0,152
4,period,2375168,912,freeway,breakout,4,1.0,152
4,period,2375168,912,freeway,breakout,5,0.0,152
4,period,2375168,912,freeway,breakout,6,1.0,152
4,period,2375168,912,freeway,breakout,7,0.0,152
4,period,2375168,912,freeway,breakout,8,3.0,152
4,period,2375168,912,freeway,breakout,9,1.0,152
4,period,2375168,912,freeway,breakout,10,1.0,152
4,period,2375168,912,freeway,space_invaders,1,0.0,192
4,period,2375168,912,freeway,space_invaders,2,1.0,192
4,period,2375168,912,freeway,space_invaders,3,1.0,192
4,period,2375168,912,freeway,space_invaders,4,3.0,192
4,period,2375168,912,freeway,space_invaders,5,0.0,192
4,period,2375168,912,freeway,space_invaders,6,2.0,192
4,period,2375168,912,freeway,space_invaders,7,0.0,192
4,period,2375168,912,freeway,space_invaders,8,0.0,192
4,period,2375168,912,freeway,space_invaders,9,2.0,192
4,period,2375168,912,freeway,space_invaders,10,0.0,192
4,period,2375168,912,freeway,freeway,1,37.0,25000
4,period,2375168,912,freeway,freeway,2,40.0,25000
4,period,2375168,912,freeway,freeway,3,41.0,25000
4,period,2375168,912,freeway,freeway,4,39.0,25000
4,period,2375168,912,freeway,freeway,5,42.0,25000
4,period,2375168,912,freeway,freeway,6,22.0,25000
4,period,2375168,912,freeway,freeway,7,50.0,25000
4,period,2375168,912,freeway,freeway,8,39.0,25000
4,period,2375168,912,freeway,freeway,9,49.0,25000
4,period,2375168,912,freeway,freeway,10,40.0,25000
4,period,2400000,928,freeway,breakout,1,1.0,80
4,period,2400000,928,freeway,breakout,2,1.0,80
4,period,2400000,928,freeway,breakout,3,0.0,80
4,period,2400000,928,freeway,breakout,4,0.0,80
4,period,2400000,928,freeway,breakout,5,0.0,80
4,period,2400000,928,freeway,breakout,6,0.0,80
4,period,2400000,928,freeway,breakout,7,0.0,80
4,period,2400000,928,freeway,breakout,8,0.0,80
4,period,2400000,928,freeway,breakout,9,0.0,80
4,period,2400000,928,freeway,breakout,10,0.0,80
4,period,2400000,928,freeway,space_invaders,1,0.0,330
4,period,2400000,928,freeway,space_invaders,2,2.0,330
4,period,2400000,928,freeway,space_invaders,3,1.0,330
4,period,2400000,928,freeway,space_invaders,4,1.0,330
4,period,2400000,928,freeway,space_invaders,5,3.0,330
4,period,2400000,928,freeway,space_invaders,6,1.0,330
4,period,2400000,928,freeway,space_invaders,7,1.0,330
4,period,2400000,928,freeway,space_invaders,8,0.0,330
4,period,2400000,928,freeway,space_invaders,9,0.0,330
4,period,2400000,928,freeway,space_invaders,10,1.0,330
4,period,2400000,928,freeway,freeway,1,36.0,25000
4,period,2400000,928,freeway,freeway,2,40.0,25000
4,period,2400000,928,freeway,freeway,3,47.0,25000
4,period,2400000,928,freeway,freeway,4,45.0,25000
4,period,2400000,928,freeway,freeway,5,47.0,25000
4,period,2400000,928,freeway,freeway,6,44.0,25000
4,period,2400000,928,freeway,freeway,7,44.0,25000
4,period,2400000,928,freeway,freeway,8,42.0,25000
4,period,2400000,928,freeway,freeway,9,36.0,25000
4,period,2400000,928,freeway,freeway,10,34.0,25000
4,period,2425088,928,freeway,breakout,1,0.0,90
4,period,2425088,928,freeway,breakout,2,0.0,90
4,period,2425088,928,freeway,breakout,3,0.0,90
4,period,2425088,928,freeway,breakout,4,0.0,90
4,period,2425088,928,freeway,breakout,5,0.0,90
4,period,2425088,928,freeway,breakout,6,1.0,90
4,period,2425088,928,freeway,breakout,7,0.0,90
4,period,2425088,928,freeway,breakout,8,0.0,90
4,period,2425088,928,freeway,breakout,9,1.0,90
4,period,2425088,928,freeway,breakout,10,1.0,90
4,period,2425088,928,freeway,space_invaders,1,0.0,220
4,period,2425088,928,freeway,space_invaders,2,0.0,220
4,period,2425088,928,freeway,space_invaders,3,0.0,220
4,period,2425088,928,freeway,space_invaders,4,1.0,220
4,period,2425088,928,freeway,space_invaders,5,3.0,220
4,period,2425088,928,freeway,space_invaders,6,1.0,220
4,period,2425088,928,freeway,space_invaders,7,1.0,220
4,period,2425088,928,freeway,space_invaders,8,1.0,220
4,period,2425088,928,freeway,space_invaders,9,0.0,220
4,period,2425088,928,freeway,space_invaders,10,2.0,220
4,period,2425088,928,freeway,freeway,1,40.0,25000
4,period,2425088,928,freeway,freeway,2,42.0,25000
4,period,2425088,928,freeway,freeway,3,38.0,25000
4,period,2425088,928,freeway,freeway,4,47.0,25000
4,period,2425088,928,freeway,freeway,5,40.0,25000
4,period,2425088,928,freeway,freeway,6,47.0,25000
4,period,2425088,928,freeway,freeway,7,47.0,25000
4,period,2425088,928,freeway,freeway,8,28.0,25000
4,period,2425088,928,freeway,freeway,9,40.0,25000
4,period,2425088,928,freeway,freeway,10,40.0,25000
4,period,2450176,944,freeway,breakout,1,0.0,90
4,period,2450176,944,freeway,breakout,2,0.0,90
4,period,2450176,944,freeway,breakout,3,0.0,90
4,period,2450176,944,freeway,breakout,4,0.0,90
4,period,2450176,944,freeway,breakout,5,1.0,90
4,period,2450176,944,freeway,breakout,6,1.0,90
4,period,2450176,944,freeway,breakout,7,0.0,90
4,period,2450176,944,freeway,breakout,8,0.0,90
4,period,2450176,944,freeway,breakout,9,0.0,90
4,period,2450176,944,freeway,breakout,10,1.0,90
4,period,2450176,944,freeway,space_invaders,1,2.0,212
4,period,2450176,944,freeway,space_invaders,2,0.0,212
4,period,2450176,944,freeway,space_invaders,3,0.0,212
4,period,2450176,944,freeway,space_invaders,4,2.0,212
4,period,2450176,944,freeway,space_invaders,5,0.0,212
4,period,2450176,944,freeway,space_invaders,6,2.0,212
4,period,2450176,944,freeway,space_invaders,7,2.0,212
4,period,2450176,944,freeway,space_invaders,8,2.0,212
4,period,2450176,944,freeway,space_invaders,9,0.0,212
4,period,2450176,944,freeway,space_invaders,10,0.0,212
4,period,2450176,944,freeway,freeway,1,45.0,25000
4,period,2450176,944,freeway,freeway,2,49.0,25000
4,period,2450176,944,freeway,freeway,3,42.0,25000
4,period,2450176,944,freeway,freeway,4,48.0,25000
4,period,2450176,944,freeway,freeway,5,39.0,25000
4,period,2450176,944,freeway,freeway,6,39.0,25000
4,period,2450176,944,freeway,freeway,7,39.0,25000
4,period,2450176,944,freeway,freeway,8,36.0,25000
4,period,2450176,944,freeway,freeway,9,44.0,25000
4,period,2450176,944,freeway,freeway,10,36.0,25000
4,period,2475008,944,freeway,breakout,1,0.0,110
4,period,2475008,944,freeway,breakout,2,0.0,110
4,period,2475008,944,freeway,breakout,3,1.0,110
4,period,2475008,944,freeway,breakout,4,0.0,110
4,period,2475008,944,freeway,breakout,5,1.0,110
4,period,2475008,944,freeway,breakout,6,0.0,110
4,period,2475008,944,freeway,breakout,7,1.0,110
4,period,2475008,944,freeway,breakout,8,0.0,110
4,period,2475008,944,freeway,breakout,9,1.0,110
4,period,2475008,944,freeway,breakout,10,1.0,110
4,period,2475008,944,freeway,space_invaders,1,4.0,623
4,period,2475008,944,freeway,space_invaders,2,1.0,623
4,period,2475008,944,freeway,space_invaders,3,0.0,623
4,period,2475008,944,freeway,space_invaders,4,1.0,623
4,period,2475008,944,freeway,space_invaders,5,4.0,623
4,period,2475008,944,freeway,space_invaders,6,3.0,623
4,period,2475008,944,freeway,space_invaders,7,1.0,623
4,period,2475008,944,freeway,space_invaders,8,4.0,623
4,period,2475008,944,freeway,space_invaders,9,4.0,623
4,period,2475008,944,freeway,space_invaders,10,3.0,623
4,period,2475008,944,freeway,freeway,1,38.0,25000
4,period,2475008,944,freeway,freeway,2,49.0,25000
4,period,2475008,944,freeway,freeway,3,37.0,25000
4,period,2475008,944,freeway,freeway,4,34.0,25000
4,period,2475008,944,freeway,freeway,5,43.0,25000
4,period,2475008,944,freeway,freeway,6,39.0,25000
4,period,2475008,944,freeway,freeway,7,38.0,25000
4,period,2475008,944,freeway,freeway,8,48.0,25000
4,period,2475008,944,freeway,freeway,9,35.0,25000
4,period,2475008,944,freeway,freeway,10,46.0,25000
