block,scope,env_steps,train_episodes,block_task,task,episode,return,eval_steps
-1,boundary,0,0,,breakout,1,0.0,100
-1,boundary,0,0,,breakout,2,1.0,100
-1,boundary,0,0,,breakout,3,0.0,100
-1,boundary,0,0,,breakout,4,0.0,100
-1,boundary,0,0,,breakout,5,0.0,100
-1,boundary,0,0,,breakout,6,1.0,100
-1,boundary,0,0,,breakout,7,0.0,100
-1,boundary,0,0,,breakout,8,1.0,100
-1,boundary,0,0,,breakout,9,1.0,100
-1,boundary,0,0,,breakout,10,0.0,100
-1,boundary,0,0,,space_invaders,1,0.0,389
-1,boundary,0,0,,space_invaders,2,2.0,389
-1,boundary,0,0,,space_invaders,3,3.0,389
-1,boundary,0,0,,space_invaders,4,1.0,389
-1,boundary,0,0,,space_invaders,5,1.0,389
-1,boundary,0,0,,space_invaders,6,0.0,389
-1,boundary,0,0,,space_invaders,7,1.0,389
-1,boundary,0,0,,space_invaders,8,1.0,389
-1,boundary,0,0,,space_invaders,9,2.0,389
-1,boundary,0,0,,space_invaders,10,2.0,389
-1,boundary,0,0,,freeway,1,0.0,25000
-1,boundary,0,0,,freeway,2,0.0,25000
-1,boundary,0,0,,freeway,3,1.0,25000
-1,boundary,0,0,,freeway,4,0.0,25000
-1,boundary,0,0,,freeway,5,0.0,25000
-1,boundary,0,0,,freeway,6,0.0,25000
-1,boundary,0,0,,freeway,7,0.0,25000
-1,boundary,0,0,,freeway,8,0.0,25000
-1,boundary,0,0,,freeway,9,0.0,25000
-1,boundary,0,0,,freeway,10,0.0,25000
0,boundary,499968,15930,breakout,breakout,1,5.0,600
0,boundary,499968,15930,breakout,breakout,2,5.0,600
0,boundary,499968,15930,breakout,breakout,3,6.0,600
0,boundary,499968,15930,breakout,breakout,4,6.0,600
0,boundary,499968,15930,breakout,breakout,5,5.0,600
0,boundary,499968,15930,breakout,breakout,6,2.0,600
0,boundary,499968,15930,breakout,breakout,7,6.0,600
0,boundary,499968,15930,breakout,breakout,8,5.0,600
0,boundary,499968,15930,breakout,breakout,9,5.0,600
0,boundary,499968,15930,breakout,breakout,10,5.0,600
0,boundary,499968,15930,breakout,space_invaders,1,1.0,265
0,boundary,499968,15930,breakout,space_invaders,2,1.0,265
0,boundary,499968,15930,breakout,space_invaders,3,3.0,265
0,boundary,499968,15930,breakout,space_invaders,4,3.0,265
0,boundary,499968,15930,breakout,space_invaders,5,1.0,265
0,boundary,499968,15930,breakout,space_invaders,6,1.0,265
0,boundary,499968,15930,breakout,space_invaders,7,0.0,265
0,boundary,499968,15930,breakout,space_invaders,8,5.0,265
0,boundary,499968,15930,breakout,space_invaders,9,1.0,265
0,boundary,499968,15930,breakout,space_invaders,10,2.0,265
0,boundary,499968,15930,breakout,freeway,1,0.0,25000
0,boundary,499968,15930,breakout,freeway,2,0.0,25000
0,boundary,499968,15930,breakout,freeway,3,0.0,25000
0,boundary,499968,15930,breakout,freeway,4,0.0,25000
0,boundary,499968,15930,breakout,freeway,5,0.0,25000
0,boundary,499968,15930,breakout,freeway,6,0.0,25000
0,boundary,499968,15930,breakout,freeway,7,0.0,25000
0,boundary,499968,15930,breakout,freeway,8,0.0,25000
0,boundary,499968,15930,breakout,freeway,9,0.0,25000
0,boundary,499968,15930,breakout,freeway,10,0.0,25000
0,period,25088,2197,breakout,breakout,1,1.0,122
0,period,25088,2197,breakout,breakout,2,0.0,122
0,period,25088,2197,breakout,breakout,3,1.0,122
0,period,25088,2197,breakout,breakout,4,0.0,122
0,period,25088,2197,breakout,breakout,5,2.0,122
0,period,25088,2197,breakout,breakout,6,1.0,122
0,period,25088,2197,breakout,breakout,7,0.0,122
0,period,25088,2197,breakout,breakout,8,0.0,122
0,period,25088,2197,breakout,breakout,9,1.0,122
0,period,25088,2197,breakout,breakout,10,0.0,122
0,period,25088,2197,breakout,space_invaders,1,2.0,627
0,period,25088,2197,breakout,space_invaders,2,4.0,627
0,period,25088,2197,breakout,space_invaders,3,0.0,627
0,period,25088,2197,breakout,space_invaders,4,0.0,627
0,period,25088,2197,breakout,space_invaders,5,1.0,627
0,period,25088,2197,breakout,space_invaders,6,1.0,627
0,period,25088,2197,breakout,space_invaders,7,2.0,627
0,period,25088,2197,breakout,space_invaders,8,1.0,627
0,period,25088,2197,breakout,space_invaders,9,6.0,627
0,period,25088,2197,breakout,space_invaders,10,1.0,627
0,period,25088,2197,breakout,freeway,1,0.0,25000
0,period,25088,2197,breakout,freeway,2,0.0,25000
0,period,25088,2197,breakout,freeway,3,0.0,25000
0,period,25088,2197,breakout,freeway,4,0.0,25000
0,period,25088,2197,breakout,freeway,5,0.0,25000
0,period,25088,2197,breakout,freeway,6,0.0,25000
0,period,25088,2197,breakout,freeway,7,0.0,25000
0,period,25088,2197,breakout,freeway,8,0.0,25000
0,period,25088,2197,breakout,freeway,9,1.0,25000
0,period,25088,2197,breakout,freeway,10,0.0,25000
0,period,50176,4109,breakout,breakout,1,1.0,142
0,period,50176,4109,breakout,breakout,2,1.0,142
0,period,50176,4109,breakout,breakout,3,1.0,142
0,period,50176,4109,breakout,breakout,4,0.0,142
0,period,50176,4109,breakout,breakout,5,1.0,142
0,period,50176,4109,breakout,breakout,6,1.0,142
0,period,50176,4109,breakout,breakout,7,2.0,142
0,period,50176,4109,breakout,breakout,8,0.0,142
0,period,50176,4109,breakout,breakout,9,1.0,142
0,period,50176,4109,breakout,breakout,10,0.0,142
0,period,50176,4109,breakout,space_invaders,1,1.0,400
0,period,50176,4109,breakout,space_invaders,2,1.0,400
0,period,50176,4109,breakout,space_invaders,3,1.0,400
0,period,50176,4109,breakout,space_invaders,4,2.0,400
0,period,50176,4109,breakout,space_invaders,5,1.0,400
0,period,50176,4109,breakout,space_invaders,6,2.0,400
0,period,50176,4109,breakout,space_invaders,7,4.0,400
0,period,50176,4109,breakout,space_invaders,8,2.0,400
0,period,50176,4109,breakout,space_invaders,9,1.0,400
0,period,50176,4109,breakout,space_invaders,10,1.0,400
0,period,50176,4109,breakout,freeway,1,0.0,25000
0,period,50176,4109,breakout,freeway,2,0.0,25000
0,period,50176,4109,breakout,freeway,3,0.0,25000
0,period,50176,4109,breakout,freeway,4,0.0,25000
0,period,50176,4109,breakout,freeway,5,0.0,25000
0,period,50176,4109,breakout,freeway,6,0.0,25000
0,period,50176,4109,breakout,freeway,7,0.0,25000
0,period,50176,4109,breakout,freeway,8,0.0,25000
0,period,50176,4109,breakout,freeway,9,0.0,25000
0,period,50176,4109,breakout,freeway,10,1.0,25000
0,period,75008,5502,breakout,breakout,1,1.0,248
0,period,75008,5502,breakout,breakout,2,1.0,248
0,period,75008,5502,breakout,breakout,3,2.0,248
0,period,75008,5502,breakout,breakout,4,3.0,248
0,period,75008,5502,breakout,breakout,5,3.0,248
0,period,75008,5502,breakout,breakout,6,0.0,248
0,period,75008,5502,breakout,breakout,7,3.0,248
0,period,75008,5502,breakout,breakout,8,1.0,248
0,period,75008,5502,breakout,breakout,9,1.0,248
0,period,75008,5502,breakout,breakout,10,3.0,248
0,period,75008,5502,breakout,space_invaders,1,4.0,568
0,period,75008,5502,breakout,space_invaders,2,3.0,568
0,period,75008,5502,breakout,space_invaders,3,1.0,568
0,period,75008,5502,breakout,space_invaders,4,4.0,568
0,period,75008,5502,breakout,space_invaders,5,1.0,568
0,period,75008,5502,breakout,space_invaders,6,3.0,568
0,period,75008,5502,breakout,space_invaders,7,2.0,568
0,period,75008,5502,breakout,space_invaders,8,1.0,568
0,period,75008,5502,breakout,space_invaders,9,2.0,568
0,period,75008,5502,breakout,space_invaders,10,1.0,568
0,period,75008,5502,breakout,freeway,1,0.0,25000
0,period,75008,5502,breakout,freeway,2,0.0,25000
0,period,75008,5502,breakout,freeway,3,0.0,25000
0,period,75008,5502,breakout,freeway,4,0.0,25000
0,period,75008,5502,breakout,freeway,5,0.0,25000
0,period,75008,5502,breakout,freeway,6,0.0,25000
0,period,75008,5502,breakout,freeway,7,0.0,25000
0,period,75008,5502,breakout,freeway,8,0.0,25000
0,period,75008,5502,breakout,freeway,9,0.0,25000
0,period,75008,5502,breakout,freeway,10,0.0,25000
0,period,100096,6336,breakout,breakout,1,5.0,370
0,period,100096,6336,breakout,breakout,2,3.0,370
0,period,100096,6336,breakout,breakout,3,3.0,370
0,period,100096,6336,breakout,breakout,4,1.0,370
0,period,100096,6336,breakout,breakout,5,1.0,370
0,period,100096,6336,breakout,breakout,6,4.0,370
0,period,100096,6336,breakout,breakout,7,3.0,370
0,period,100096,6336,breakout,breakout,8,3.0,370
0,period,100096,6336,breakout,breakout,9,1.0,370
0,period,100096,6336,breakout,breakout,10,5.0,370
0,period,100096,6336,breakout,space_invaders,1,0.0,363
0,period,100096,6336,breakout,space_invaders,2,3.0,363
0,period,100096,6336,breakout,space_invaders,3,3.0,363
0,period,100096,6336,breakout,space_invaders,4,2.0,363
0,period,100096,6336,breakout,space_invaders,5,4.0,363
0,period,100096,6336,breakout,space_invaders,6,3.0,363
0,period,100096,6336,breakout,space_invaders,7,1.0,363
0,period,100096,6336,breakout,space_invaders,8,2.0,363
0,period,100096,6336,breakout,space_invaders,9,2.0,363
0,period,100096,6336,breakout,space_invaders,10,1.0,363
0,period,100096,6336,breakout,freeway,1,1.0,25000
0,period,100096,6336,breakout,freeway,2,0.0,25000
0,period,100096,6336,breakout,freeway,3,0.0,25000
0,period,100096,6336,breakout,freeway,4,0.0,25000
0,period,100096,6336,breakout,freeway,5,0.0,25000
0,period,100096,6336,breakout,freeway,6,0.0,25000
0,period,100096,6336,breakout,freeway,7,0.0,25000
0,period,100096,6336,breakout,freeway,8,0.0,25000
0,period,100096,6336,breakout,freeway,9,0.0,25000
0,period,100096,6336,breakout,freeway,10,0.0,25000
0,period,125184,7008,breakout,breakout,1,0.0,448
0,period,125184,7008,breakout,breakout,2,3.0,448
0,period,125184,7008,breakout,breakout,3,6.0,448
0,period,125184,7008,breakout,breakout,4,3.0,448
0,period,125184,7008,breakout,breakout,5,5.0,448
0,period,125184,7008,breakout,breakout,6,3.0,448
0,period,125184,7008,breakout,breakout,7,5.0,448
0,period,125184,7008,breakout,breakout,8,5.0,448
0,period,125184,7008,breakout,breakout,9,3.0,448
0,period,125184,7008,breakout,breakout,10,3.0,448
0,period,125184,7008,breakout,space_invaders,1,1.0,212
0,period,125184,7008,breakout,space_invaders,2,0.0,212
0,period,125184,7008,breakout,space_invaders,3,0.0,212
0,period,125184,7008,breakout,space_invaders,4,1.0,212
0,period,125184,7008,breakout,space_invaders,5,1.0,212
0,period,125184,7008,breakout,space_invaders,6,1.0,212
0,period,125184,7008,breakout,space_invaders,7,0.0,212
0,period,125184,7008,breakout,space_invaders,8,2.0,212
0,period,125184,7008,breakout,space_invaders,9,0.0,212
0,period,125184,7008,breakout,space_invaders,10,1.0,212
0,period,125184,7008,breakout,freeway,1,0.0,25000
0,period,125184,7008,breakout,freeway,2,0.0,25000
0,period,125184,7008,breakout,freeway,3,0.0,25000
0,period,125184,7008,breakout,freeway,4,0.0,25000
0,period,125184,7008,breakout,freeway,5,0.0,25000
0,period,125184,7008,breakout,freeway,6,0.0,25000
0,period,125184,7008,breakout,freeway,7,0.0,25000
0,period,125184,7008,breakout,freeway,8,0.0,25000
0,period,125184,7008,breakout,freeway,9,0.0,25000
0,period,125184,7008,breakout,freeway,10,0.0,25000
0,period,150016,7644,breakout,breakout,1,4.0,326
0,period,150016,7644,breakout,breakout,2,3.0,326
0,period,150016,7644,breakout,breakout,3,3.0,326
0,period,150016,7644,breakout,breakout,4,2.0,326
0,period,150016,7644,breakout,breakout,5,3.0,326
0,period,150016,7644,breakout,breakout,6,3.0,326
0,period,150016,7644,breakout,breakout,7,0.0,326
0,period,150016,7644,breakout,breakout,8,3.0,326
0,period,150016,7644,breakout,breakout,9,3.0,326
0,period,150016,7644,breakout,breakout,10,1.0,326
0,period,150016,7644,breakout,space_invaders,1,3.0,609
0,period,150016,7644,breakout,space_invaders,2,2.0,609
0,period,150016,7644,breakout,space_invaders,3,2.0,609
0,period,150016,7644,breakout,space_invaders,4,1.0,609
0,period,150016,7644,breakout,space_invaders,5,4.0,609
0,period,150016,7644,breakout,space_invaders,6,5.0,609
0,period,150016,7644,breakout,space_invaders,7,1.0,609
0,period,150016,7644,breakout,space_invaders,8,11.0,609
0,period,150016,7644,breakout,space_invaders,9,3.0,609
0,period,150016,7644,breakout,space_invaders,10,1.0,609
0,period,150016,7644,breakout,freeway,1,0.0,25000
0,period,150016,7644,breakout,freeway,2,1.0,25000
0,period,150016,7644,breakout,freeway,3,0.0,25000
0,period,150016,7644,breakout,freeway,4,0.0,25000
0,period,150016,7644,breakout,freeway,5,0.0,25000
0,period,150016,7644,breakout,freeway,6,0.0,25000
0,period,150016,7644,breakout,freeway,7,0.0,25000
0,period,150016,7644,breakout,freeway,8,0.0,25000
0,period,150016,7644,breakout,freeway,9,0.0,25000
0,period,150016,7644,breakout,freeway,10,0.0,25000
0,period,175104,8316,breakout,breakout,1,1.0,336
0,period,175104,8316,breakout,breakout,2,5.0,336
0,period,175104,8316,breakout,breakout,3,1.0,336
0,period,175104,8316,breakout,breakout,4,1.0,336
0,period,175104,8316,breakout,breakout,5,1.0,336
0,period,175104,8316,breakout,breakout,6,5.0,336
0,period,175104,8316,breakout,breakout,7,0.0,336
0,period,175104,8316,breakout,breakout,8,3.0,336
0,period,175104,8316,breakout,breakout,9,6.0,336
0,period,175104,8316,breakout,breakout,10,3.0,336
0,period,175104,8316,breakout,space_invaders,1,2.0,352
0,period,175104,8316,breakout,space_invaders,2,3.0,352
0,period,175104,8316,breakout,space_invaders,3,1.0,352
0,period,175104,8316,breakout,space_invaders,4,1.0,352
0,period,175104,8316,breakout,space_invaders,5,2.0,352
0,period,175104,8316,breakout,space_invaders,6,0.0,352
0,period,175104,8316,breakout,space_invaders,7,1.0,352
0,period,175104,8316,breakout,space_invaders,8,1.0,352
0,period,175104,8316,breakout,space_invaders,9,2.0,352
0,period,175104,8316,breakout,space_invaders,10,1.0,352
0,period,175104,8316,breakout,freeway,1,0.0,25000
0,period,175104,8316,breakout,freeway,2,0.0,25000
0,period,175104,8316,breakout,freeway,3,0.0,25000
0,period,175104,8316,breakout,freeway,4,0.0,25000
0,period,175104,8316,breakout,freeway,5,0.0,25000
0,period,175104,8316,breakout,freeway,6,0.0,25000
0,period,175104,8316,breakout,freeway,7,0.0,25000
0,period,175104,8316,breakout,freeway,8,1.0,25000
0,period,175104,8316,breakout,freeway,9,0.0,25000
0,period,175104,8316,breakout,freeway,10,0.0,25000
0,period,200192,8945,breakout,breakout,1,3.0,412
0,period,200192,8945,breakout,breakout,2,6.0,412
0,period,200192,8945,breakout,breakout,3,3.0,412
0,period,200192,8945,breakout,breakout,4,1.0,412
0,period,200192,8945,breakout,breakout,5,3.0,412
0,period,200192,8945,breakout,breakout,6,3.0,412
0,period,200192,8945,breakout,breakout,7,5.0,412
0,period,200192,8945,breakout,breakout,8,3.0,412
0,period,200192,8945,breakout,breakout,9,3.0,412
0,period,200192,8945,breakout,breakout,10,3.0,412
0,period,200192,8945,breakout,space_invaders,1,0.0,334
0,period,200192,8945,breakout,space_invaders,2,1.0,334
0,period,200192,8945,breakout,space_invaders,3,1.0,334
0,period,200192,8945,breakout,space_invaders,4,6.0,334
0,period,200192,8945,breakout,space_invaders,5,3.0,334
0,period,200192,8945,breakout,space_invaders,6,2.0,334
0,period,200192,8945,breakout,space_invaders,7,1.0,334
0,period,200192,8945,breakout,space_invaders,8,3.0,334
0,period,200192,8945,breakout,space_invaders,9,4.0,334
0,period,200192,8945,breakout,space_invaders,10,2.0,334
0,period,200192,8945,breakout,freeway,1,0.0,25000
0,period,200192,8945,breakout,freeway,2,0.0,25000
0,period,200192,8945,breakout,freeway,3,0.0,25000
0,period,200192,8945,breakout,freeway,4,0.0,25000
0,period,200192,8945,breakout,freeway,5,0.0,25000
0,period,200192,8945,breakout,freeway,6,0.0,25000
0,period,200192,8945,breakout,freeway,7,0.0,25000
0,period,200192,8945,breakout,freeway,8,0.0,25000
0,period,200192,8945,breakout,freeway,9,0.0,25000
0,period,200192,8945,breakout,freeway,10,0.0,25000
0,period,225024,9563,breakout,breakout,1,4.0,470
0,period,225024,9563,breakout,breakout,2,5.0,470
0,period,225024,9563,breakout,breakout,3,3.0,470
0,period,225024,9563,breakout,breakout,4,5.0,470
0,period,225024,9563,breakout,breakout,5,6.0,470
0,period,225024,9563,breakout,breakout,6,3.0,470
0,period,225024,9563,breakout,breakout,7,5.0,470
0,period,225024,9563,breakout,breakout,8,3.0,470
0,period,225024,9563,breakout,breakout,9,1.0,470
0,period,225024,9563,breakout,breakout,10,3.0,470
0,period,225024,9563,breakout,space_invaders,1,3.0,363
0,period,225024,9563,breakout,space_invaders,2,3.0,363
0,period,225024,9563,breakout,space_invaders,3,3.0,363
0,period,225024,9563,breakout,space_invaders,4,2.0,363
0,period,225024,9563,breakout,space_invaders,5,4.0,363
0,period,225024,9563,breakout,space_invaders,6,1.0,363
0,period,225024,9563,breakout,space_invaders,7,1.0,363
0,period,225024,9563,breakout,space_invaders,8,3.0,363
0,period,225024,9563,breakout,space_invaders,9,0.0,363
0,period,225024,9563,breakout,space_invaders,10,1.0,363
0,period,225024,9563,breakout,freeway,1,0.0,25000
0,period,225024,9563,breakout,freeway,2,0.0,25000
0,period,225024,9563,breakout,freeway,3,0.0,25000
0,period,225024,9563,breakout,freeway,4,0.0,25000
0,period,225024,9563,breakout,freeway,5,0.0,25000
0,period,225024,9563,breakout,freeway,6,0.0,25000
0,period,225024,9563,breakout,freeway,7,0.0,25000
0,period,225024,9563,breakout,freeway,8,0.0,25000
0,period,225024,9563,breakout,freeway,9,0.0,25000
0,period,225024,9563,breakout,freeway,10,0.0,25000
0,period,250112,10188,breakout,breakout,1,3.0,394
0,period,250112,10188,breakout,breakout,2,3.0,394
0,period,250112,10188,breakout,breakout,3,3.0,394
0,period,250112,10188,breakout,breakout,4,3.0,394
0,period,250112,10188,breakout,breakout,5,2.0,394
0,period,250112,10188,breakout,breakout,6,5.0,394
0,period,250112,10188,breakout,breakout,7,3.0,394
0,period,250112,10188,breakout,breakout,8,3.0,394
0,period,250112,10188,breakout,breakout,9,3.0,394
0,period,250112,10188,breakout,breakout,10,3.0,394
0,period,250112,10188,breakout,space_invaders,1,2.0,498
0,period,250112,10188,breakout,space_invaders,2,1.0,498
0,period,250112,10188,breakout,space_invaders,3,2.0,498
0,period,250112,10188,breakout,space_invaders,4,2.0,498
0,period,250112,10188,breakout,space_invaders,5,4.0,498
0,period,250112,10188,breakout,space_invaders,6,2.0,498
0,period,250112,10188,breakout,space_invaders,7,2.0,498
0,period,250112,10188,breakout,space_invaders,8,1.0,498
0,period,250112,10188,breakout,space_invaders,9,3.0,498
0,period,250112,10188,breakout,space_invaders,10,4.0,498
0,period,250112,10188,breakout,freeway,1,0.0,25000
0,period,250112,10188,breakout,freeway,2,0.0,25000
0,period,250112,10188,breakout,freeway,3,0.0,25000
0,period,250112,10188,breakout,freeway,4,0.0,25000
0,period,250112,10188,breakout,freeway,5,0.0,25000
0,period,250112,10188,breakout,freeway,6,0.0,25000
0,period,250112,10188,breakout,freeway,7,0.0,25000
0,period,250112,10188,breakout,freeway,8,0.0,25000
0,period,250112,10188,breakout,freeway,9,0.0,25000
0,period,250112,10188,breakout,freeway,10,0.0,25000
0,period,275200,10795,breakout,breakout,1,3.0,540
0,period,275200,10795,breakout,breakout,2,4.0,540
0,period,275200,10795,breakout,breakout,3,6.0,540
0,period,275200,10795,breakout,breakout,4,6.0,540
0,period,275200,10795,breakout,breakout,5,5.0,540
0,period,275200,10795,breakout,breakout,6,1.0,540
0,period,275200,10795,breakout,breakout,7,6.0,540
0,period,275200,10795,breakout,breakout,8,6.0,540
0,period,275200,10795,breakout,breakout,9,5.0,540
0,period,275200,10795,breakout,breakout,10,3.0,540
0,period,275200,10795,breakout,space_invaders,1,1.0,254
0,period,275200,10795,breakout,space_invaders,2,2.0,254
0,period,275200,10795,breakout,space_invaders,3,2.0,254
0,period,275200,10795,breakout,space_invaders,4,1.0,254
0,period,275200,10795,breakout,space_invaders,5,2.0,254
0,period,275200,10795,breakout,space_invaders,6,2.0,254
0,period,275200,10795,breakout,space_invaders,7,3.0,254
0,period,275200,10795,breakout,space_invaders,8,3.0,254
0,period,275200,10795,breakout,space_invaders,9,2.0,254
0,period,275200,10795,breakout,space_invaders,10,2.0,254
0,period,275200,10795,breakout,freeway,1,0.0,25000
0,period,275200,10795,breakout,freeway,2,0.0,25000
0,period,275200,10795,breakout,freeway,3,0.0,25000
0,period,275200,10795,breakout,freeway,4,0.0,25000
0,period,275200,10795,breakout,freeway,5,0.0,25000
0,period,275200,10795,breakout,freeway,6,0.0,25000
0,period,275200,10795,breakout,freeway,7,0.0,25000
0,period,275200,10795,breakout,freeway,8,0.0,25000
0,period,275200,10795,breakout,freeway,9,0.0,25000
0,period,275200,10795,breakout,freeway,10,0.0,25000
0,period,300032,11410,breakout,breakout,1,5.0,424
0,period,300032,11410,breakout,breakout,2,1.0,424
0,period,300032,11410,breakout,breakout,3,6.0,424
0,period,300032,11410,breakout,breakout,4,3.0,424
0,period,300032,11410,breakout,breakout,5,3.0,424
0,period,300032,11410,breakout,breakout,6,5.0,424
0,period,300032,11410,breakout,breakout,7,3.0,424
0,period,300032,11410,breakout,breakout,8,2.0,424
0,period,300032,11410,breakout,breakout,9,3.0,424
0,period,300032,11410,breakout,breakout,10,3.0,424
0,period,300032,11410,breakout,space_invaders,1,1.0,260
0,period,300032,11410,breakout,space_invaders,2,2.0,260
0,period,300032,11410,breakout,space_invaders,3,1.0,260
0,period,300032,11410,breakout,space_invaders,4,2.0,260
0,period,300032,11410,breakout,space_invaders,5,4.0,260
0,period,300032,11410,breakout,space_invaders,6,2.0,260
0,period,300032,11410,breakout,space_invaders,7,1.0,260
0,period,300032,11410,breakout,space_invaders,8,2.0,260
0,period,300032,11410,breakout,space_invaders,9,3.0,260
0,period,300032,11410,breakout,space_invaders,10,1.0,260
0,period,300032,11410,breakout,freeway,1,0.0,25000
0,period,300032,11410,breakout,freeway,2,0.0,25000
0,period,300032,11410,breakout,freeway,3,0.0,25000
0,period,300032,11410,breakout,freeway,4,0.0,25000
0,period,300032,11410,breakout,freeway,5,0.0,25000
0,period,300032,11410,breakout,freeway,6,0.0,25000
0,period,300032,11410,breakout,freeway,7,0.0,25000
0,period,300032,11410,breakout,freeway,8,0.0,25000
0,period,300032,11410,breakout,freeway,9,0.0,25000
0,period,300032,11410,breakout,freeway,10,0.0,25000
0,period,325120,12031,breakout,breakout,1,1.0,336
0,period,325120,12031,breakout,breakout,2,3.0,336
0,period,325120,12031,breakout,breakout,3,3.0,336
0,period,325120,12031,breakout,breakout,4,3.0,336
0,period,325120,12031,breakout,breakout,5,3.0,336
0,period,325120,12031,breakout,breakout,6,3.0,336
0,period,325120,12031,breakout,breakout,7,3.0,336
0,period,325120,12031,breakout,breakout,8,3.0,336
0,period,325120,12031,breakout,breakout,9,1.0,336
0,period,325120,12031,breakout,breakout,10,3.0,336
0,period,325120,12031,breakout,space_invaders,1,3.0,251
0,period,325120,12031,breakout,space_invaders,2,0.0,251
0,period,325120,12031,breakout,space_invaders,3,1.0,251
0,period,325120,12031,breakout,space_invaders,4,1.0,251
0,period,325120,12031,breakout,space_invaders,5,1.0,251
0,period,325120,12031,breakout,space_invaders,6,0.0,251
0,period,325120,12031,breakout,space_invaders,7,4.0,251
0,period,325120,12031,breakout,space_invaders,8,1.0,251
0,period,325120,12031,breakout,space_invaders,9,1.0,251
0,period,325120,12031,breakout,space_invaders,10,1.0,251
0,period,325120,12031,breakout,freeway,1,0.0,25000
0,period,325120,12031,breakout,freeway,2,0.0,25000
0,period,325120,12031,breakout,freeway,3,0.0,25000
0,period,325120,12031,breakout,freeway,4,0.0,25000
0,period,325120,12031,breakout,freeway,5,0.0,25000
0,period,325120,12031,breakout,freeway,6,0.0,25000
0,period,325120,12031,breakout,freeway,7,0.0,25000
0,period,325120,12031,breakout,freeway,8,0.0,25000
0,period,325120,12031,breakout,freeway,9,0.0,25000
0,period,325120,12031,breakout,freeway,10,0.0,25000
0,period,350208,12646,breakout,breakout,1,3.0,348
0,period,350208,12646,breakout,breakout,2,1.0,348
0,period,350208,12646,breakout,breakout,3,3.0,348
0,period,350208,12646,breakout,breakout,4,5.0,348
0,period,350208,12646,breakout,breakout,5,4.0,348
0,period,350208,12646,breakout,breakout,6,3.0,348
0,period,350208,12646,breakout,breakout,7,1.0,348
0,period,350208,12646,breakout,breakout,8,2.0,348
0,period,350208,12646,breakout,breakout,9,3.0,348
0,period,350208,12646,breakout,breakout,10,2.0,348
0,period,350208,12646,breakout,space_invaders,1,2.0,281
0,period,350208,12646,breakout,space_invaders,2,1.0,281
0,period,350208,12646,breakout,space_invaders,3,2.0,281
0,period,350208,12646,breakout,space_invaders,4,1.0,281
0,period,350208,12646,breakout,space_invaders,5,1.0,281
0,period,350208,12646,breakout,space_invaders,6,4.0,281
0,period,350208,12646,breakout,space_invaders,7,0.0,281
0,period,350208,12646,breakout,space_invaders,8,0.0,281
0,period,350208,12646,breakout,space_invaders,9,2.0,281
0,period,350208,12646,breakout,space_invaders,10,3.0,281
0,period,350208,12646,breakout,freeway,1,0.0,25000
0,period,350208,12646,breakout,freeway,2,0.0,25000
0,period,350208,12646,breakout,freeway,3,0.0,25000
0,period,350208,12646,breakout,freeway,4,0.0,25000
0,period,350208,12646,breakout,freeway,5,0.0,25000
0,period,350208,12646,breakout,freeway,6,0.0,25000
0,period,350208,12646,breakout,freeway,7,0.0,25000
0,period,350208,12646,breakout,freeway,8,0.0,25000
0,period,350208,12646,breakout,freeway,9,0.0,25000
0,period,350208,12646,breakout,freeway,10,0.0,25000
0,period,375040,13227,breakout,breakout,1,1.0,336
0,period,375040,13227,breakout,breakout,2,3.0,336
0,period,375040,13227,breakout,breakout,3,3.0,336
0,period,375040,13227,breakout,breakout,4,1.0,336
0,period,375040,13227,breakout,breakout,5,5.0,336
0,period,375040,13227,breakout,breakout,6,5.0,336
0,period,375040,13227,breakout,breakout,7,3.0,336
0,period,375040,13227,breakout,breakout,8,1.0,336
0,period,375040,13227,breakout,breakout,9,1.0,336
0,period,375040,13227,breakout,breakout,10,3.0,336
0,period,375040,13227,breakout,space_invaders,1,1.0,202
0,period,375040,13227,breakout,space_invaders,2,0.0,202
0,period,375040,13227,breakout,space_invaders,3,0.0,202
0,period,375040,13227,breakout,space_invaders,4,1.0,202
0,period,375040,13227,breakout,space_invaders,5,0.0,202
0,period,375040,13227,breakout,space_invaders,6,0.0,202
0,period,375040,13227,breakout,space_invaders,7,1.0,202
0,period,375040,13227,breakout,space_invaders,8,1.0,202
0,period,375040,13227,breakout,space_invaders,9,0.0,202
0,period,375040,13227,breakout,space_invaders,10,3.0,202
0,period,375040,13227,breakout,freeway,1,0.0,25000
0,period,375040,13227,breakout,freeway,2,0.0,25000
0,period,375040,13227,breakout,freeway,3,0.0,25000
0,period,375040,13227,breakout,freeway,4,0.0,25000
0,period,375040,13227,breakout,freeway,5,0.0,25000
0,period,375040,13227,breakout,freeway,6,0.0,25000
0,period,375040,13227,breakout,freeway,7,0.0,25000
0,period,375040,13227,breakout,freeway,8,0.0,25000
0,period,375040,13227,breakout,freeway,9,0.0,25000
0,period,375040,13227,breakout,freeway,10,0.0,25000
0,period,400128,13810,breakout,breakout,1,2.0,380
0,period,400128,13810,breakout,breakout,2,3.0,380
0,period,400128,13810,breakout,breakout,3,5.0,380
0,period,400128,13810,breakout,breakout,4,3.0,380
0,period,400128,13810,breakout,breakout,5,3.0,380
0,period,400128,13810,breakout,breakout,6,1.0,380
0,period,400128,13810,breakout,breakout,7,1.0,380
0,period,400128,13810,breakout,breakout,8,1.0,380
0,period,400128,13810,breakout,breakout,9,5.0,380
0,period,400128,13810,breakout,breakout,10,6.0,380
0,period,400128,13810,breakout,space_invaders,1,2.0,261
0,period,400128,13810,breakout,space_invaders,2,1.0,261
0,period,400128,13810,breakout,space_invaders,3,1.0,261
0,period,400128,13810,breakout,space_invaders,4,5.0,261
0,period,400128,13810,breakout,space_invaders,5,2.0,261
0,period,400128,13810,breakout,space_invaders,6,2.0,261
0,period,400128,13810,breakout,space_invaders,7,0.0,261
0,period,400128,13810,breakout,space_invaders,8,2.0,261
0,period,400128,13810,breakout,space_invaders,9,2.0,261
0,period,400128,13810,breakout,space_invaders,10,0.0,261
0,period,400128,13810,breakout,freeway,1,0.0,25000
0,period,400128,13810,breakout,freeway,2,0.0,25000
0,period,400128,13810,breakout,freeway,3,0.0,25000
0,period,400128,13810,breakout,freeway,4,0.0,25000
0,period,400128,13810,breakout,freeway,5,0.0,25000
0,period,400128,13810,breakout,freeway,6,0.0,25000
0,period,400128,13810,breakout,freeway,7,0.0,25000
0,period,400128,13810,breakout,freeway,8,0.0,25000
0,period,400128,13810,breakout,freeway,9,0.0,25000
0,period,400128,13810,breakout,freeway,10,0.0,25000
0,period,425216,14392,breakout,breakout,1,3.0,414
0,period,425216,14392,breakout,breakout,2,5.0,414
0,period,425216,14392,breakout,breakout,3,1.0,414
0,period,425216,14392,breakout,breakout,4,2.0,414
0,period,425216,14392,breakout,breakout,5,4.0,414
0,period,425216,14392,breakout,breakout,6,5.0,414
0,period,425216,14392,breakout,breakout,7,2.0,414
0,period,425216,14392,breakout,breakout,8,2.0,414
0,period,425216,14392,breakout,breakout,9,3.0,414
0,period,425216,14392,breakout,breakout,10,6.0,414
0,period,425216,14392,breakout,space_invaders,1,1.0,212
0,period,425216,14392,breakout,space_invaders,2,2.0,212
0,period,425216,14392,breakout,space_invaders,3,3.0,212
0,period,425216,14392,breakout,space_invaders,4,0.0,212
0,period,425216,14392,breakout,space_invaders,5,2.0,212
0,period,425216,14392,breakout,space_invaders,6,0.0,212
0,period,425216,14392,breakout,space_invaders,7,0.0,212
0,period,425216,14392,breakout,space_invaders,8,1.0,212
0,period,425216,14392,breakout,space_invaders,9,2.0,212
0,period,425216,14392,breakout,space_invaders,10,1.0,212
0,period,425216,14392,breakout,freeway,1,0.0,25000
0,period,425216,14392,breakout,freeway,2,0.0,25000
0,period,425216,14392,breakout,freeway,3,0.0,25000
0,period,425216,14392,breakout,freeway,4,0.0,25000
0,period,425216,14392,breakout,freeway,5,0.0,25000
0,period,425216,14392,breakout,freeway,6,0.0,25000
0,period,425216,14392,breakout,freeway,7,0.0,25000
0,period,425216,14392,breakout,freeway,8,1.0,25000
0,period,425216,14392,breakout,freeway,9,0.0,25000
0,period,425216,14392,breakout,freeway,10,0.0,25000
0,period,450048,14944,breakout,breakout,1,1.0,292
0,period,450048,14944,breakout,breakout,2,1.0,292
0,period,450048,14944,breakout,breakout,3,3.0,292
0,period,450048,14944,breakout,breakout,4,3.0,292
0,period,450048,14944,breakout,breakout,5,3.0,292
0,period,450048,14944,breakout,breakout,6,1.0,292
0,period,450048,14944,breakout,breakout,7,3.0,292
0,period,450048,14944,breakout,breakout,8,1.0,292
0,period,450048,14944,breakout,breakout,9,3.0,292
0,period,450048,14944,breakout,breakout,10,3.0,292
0,period,450048,14944,breakout,space_invaders,1,4.0,265
0,period,450048,14944,breakout,space_invaders,2,2.0,265
0,period,450048,14944,breakout,space_invaders,3,2.0,265
0,period,450048,14944,breakout,space_invaders,4,2.0,265
0,period,450048,14944,breakout,space_invaders,5,3.0,265
0,period,450048,14944,breakout,space_invaders,6,2.0,265
0,period,450048,14944,breakout,space_invaders,7,1.0,265
0,period,450048,14944,breakout,space_invaders,8,1.0,265
0,period,450048,14944,breakout,space_invaders,9,1.0,265
0,period,450048,14944,breakout,space_invaders,10,2.0,265
0,period,450048,14944,breakout,freeway,1,0.0,25000
0,period,450048,14944,breakout,freeway,2,0.0,25000
0,period,450048,14944,breakout,freeway,3,0.0,25000
0,period,450048,14944,breakout,freeway,4,0.0,25000
0,period,450048,14944,breakout,freeway,5,0.0,25000
0,period,450048,14944,breakout,freeway,6,1.0,25000
0,period,450048,14944,breakout,freeway,7,0.0,25000
0,period,450048,14944,breakout,freeway,8,0.0,25000
0,period,450048,14944,breakout,freeway,9,0.0,25000
0,period,450048,14944,breakout,freeway,10,0.0,25000
0,period,475136,15447,breakout,breakout,1,3.0,380
0,period,475136,15447,breakout,breakout,2,1.0,380
0,period,475136,15447,breakout,breakout,3,1.0,380
0,period,475136,15447,breakout,breakout,4,3.0,380
0,period,475136,15447,breakout,breakout,5,5.0,380
0,period,475136,15447,breakout,breakout,6,3.0,380
0,period,475136,15447,breakout,breakout,7,1.0,380
0,period,475136,15447,breakout,breakout,8,5.0,380
0,period,475136,15447,breakout,breakout,9,5.0,380
0,period,475136,15447,breakout,breakout,10,3.0,380
0,period,475136,15447,breakout,space_invaders,1,1.0,233
0,period,475136,15447,breakout,space_invaders,2,1.0,233
0,period,475136,15447,breakout,space_invaders,3,1.0,233
0,period,475136,15447,breakout,space_invaders,4,2.0,233
0,period,475136,15447,breakout,space_invaders,5,1.0,233
0,period,475136,15447,breakout,space_invaders,6,2.0,233
0,period,475136,15447,breakout,space_invaders,7,3.0,233
0,period,475136,15447,breakout,space_invaders,8,2.0,233
0,period,475136,15447,breakout,space_invaders,9,1.0,233
0,period,475136,15447,breakout,space_invaders,10,1.0,233
0,period,475136,15447,breakout,freeway,1,0.0,25000
0,period,475136,15447,breakout,freeway,2,1.0,25000
0,period,475136,15447,breakout,freeway,3,0.0,25000
0,period,475136,15447,breakout,freeway,4,0.0,25000
0,period,475136,15447,breakout,freeway,5,0.0,25000
0,period,475136,15447,breakout,freeway,6,0.0,25000
0,period,475136,15447,breakout,freeway,7,0.0,25000
0,period,475136,15447,breakout,freeway,8,0.0,25000
0,period,475136,15447,breakout,freeway,9,0.0,25000
0,period,475136,15447,breakout,freeway,10,0.0,25000
1,boundary,999936,20218,space_invaders,breakout,1,6.0,642
1,boundary,999936,20218,space_invaders,breakout,2,5.0,642
1,boundary,999936,20218,space_invaders,breakout,3,6.0,642
1,boundary,999936,20218,space_invaders,breakout,4,5.0,642
1,boundary,999936,20218,space_invaders,breakout,5,6.0,642
1,boundary,999936,20218,space_invaders,breakout,6,3.0,642
1,boundary,999936,20218,space_invaders,breakout,7,6.0,642
1,boundary,999936,20218,space_invaders,breakout,8,5.0,642
1,boundary,999936,20218,space_invaders,breakout,9,6.0,642
1,boundary,999936,20218,space_invaders,breakout,10,6.0,642
1,boundary,999936,20218,space_invaders,space_invaders,1,7.0,1645
1,boundary,999936,20218,space_invaders,space_invaders,2,8.0,1645
1,boundary,999936,20218,space_invaders,space_invaders,3,12.0,1645
1,boundary,999936,20218,space_invaders,space_invaders,4,16.0,1645
1,boundary,999936,20218,space_invaders,space_invaders,5,12.0,1645
1,boundary,999936,20218,space_invaders,space_invaders,6,7.0,1645
1,boundary,999936,20218,space_invaders,space_invaders,7,9.0,1645
1,boundary,999936,20218,space_invaders,space_invaders,8,14.0,1645
1,boundary,999936,20218,space_invaders,space_invaders,9,14.0,1645
1,boundary,999936,20218,space_invaders,space_invaders,10,19.0,1645
1,boundary,999936,20218,space_invaders,freeway,1,0.0,25000
1,boundary,999936,20218,space_invaders,freeway,2,0.0,25000
1,boundary,999936,20218,space_invaders,freeway,3,0.0,25000
1,boundary,999936,20218,space_invaders,freeway,4,0.0,25000
1,boundary,999936,20218,space_invaders,freeway,5,0.0,25000
1,boundary,999936,20218,space_invaders,freeway,6,0.0,25000
1,boundary,999936,20218,space_invaders,freeway,7,0.0,25000
1,boundary,999936,20218,space_invaders,freeway,8,0.0,25000
1,boundary,999936,20218,space_invaders,freeway,9,0.0,25000
1,boundary,999936,20218,space_invaders,freeway,10,0.0,25000
1,period,500224,15930,space_invaders,breakout,1,6.0,558
1,period,500224,15930,space_invaders,breakout,2,1.0,558
1,period,500224,15930,space_invaders,breakout,3,5.0,558
1,period,500224,15930,space_invaders,breakout,4,6.0,558
1,period,500224,15930,space_invaders,breakout,5,5.0,558
1,period,500224,15930,space_invaders,breakout,6,3.0,558
1,period,500224,15930,space_invaders,breakout,7,3.0,558
1,period,500224,15930,space_invaders,breakout,8,6.0,558
1,period,500224,15930,space_invaders,breakout,9,6.0,558
1,period,500224,15930,space_invaders,breakout,10,5.0,558
1,period,500224,15930,space_invaders,space_invaders,1,1.0,235
1,period,500224,15930,space_invaders,space_invaders,2,1.0,235
1,period,500224,15930,space_invaders,space_invaders,3,1.0,235
1,period,500224,15930,space_invaders,space_invaders,4,2.0,235
1,period,500224,15930,space_invaders,space_invaders,5,1.0,235
1,period,500224,15930,space_invaders,space_invaders,6,1.0,235
1,period,500224,15930,space_invaders,space_invaders,7,1.0,235
1,period,500224,15930,space_invaders,space_invaders,8,1.0,235
1,period,500224,15930,space_invaders,space_invaders,9,3.0,235
1,period,500224,15930,space_invaders,space_invaders,10,0.0,235
1,period,500224,15930,space_invaders,freeway,1,0.0,25000
1,period,500224,15930,space_invaders,freeway,2,0.0,25000
1,period,500224,15930,space_invaders,freeway,3,0.0,25000
1,period,500224,15930,space_invaders,freeway,4,0.0,25000
1,period,500224,15930,space_invaders,freeway,5,0.0,25000
1,period,500224,15930,space_invaders,freeway,6,0.0,25000
1,period,500224,15930,space_invaders,freeway,7,0.0,25000
1,period,500224,15930,space_invaders,freeway,8,0.0,25000
1,period,500224,15930,space_invaders,freeway,9,0.0,25000
1,period,500224,15930,space_invaders,freeway,10,0.0,25000
1,period,525056,16237,space_invaders,breakout,1,6.0,588
1,period,525056,16237,space_invaders,breakout,2,1.0,588
1,period,525056,16237,space_invaders,breakout,3,5.0,588
1,period,525056,16237,space_invaders,breakout,4,5.0,588
1,period,525056,16237,space_invaders,breakout,5,5.0,588
1,period,525056,16237,space_invaders,breakout,6,4.0,588
1,period,525056,16237,space_invaders,breakout,7,6.0,588
1,period,525056,16237,space_invaders,breakout,8,6.0,588
1,period,525056,16237,space_invaders,breakout,9,5.0,588
1,period,525056,16237,space_invaders,breakout,10,6.0,588
1,period,525056,16237,space_invaders,space_invaders,1,6.0,976
1,period,525056,16237,space_invaders,space_invaders,2,7.0,976
1,period,525056,16237,space_invaders,space_invaders,3,5.0,976
1,period,525056,16237,space_invaders,space_invaders,4,7.0,976
1,period,525056,16237,space_invaders,space_invaders,5,6.0,976
1,period,525056,16237,space_invaders,space_invaders,6,8.0,976
1,period,525056,16237,space_invaders,space_invaders,7,7.0,976
1,period,525056,16237,space_invaders,space_invaders,8,5.0,976
1,period,525056,16237,space_invaders,space_invaders,9,8.0,976
1,period,525056,16237,space_invaders,space_invaders,10,6.0,976
1,period,525056,16237,space_invaders,freeway,1,0.0,25000
1,period,525056,16237,space_invaders,freeway,2,0.0,25000
1,period,525056,16237,space_invaders,freeway,3,0.0,25000
1,period,525056,16237,space_invaders,freeway,4,0.0,25000
1,period,525056,16237,space_invaders,freeway,5,0.0,25000
1,period,525056,16237,space_invaders,freeway,6,0.0,25000
1,period,525056,16237,space_invaders,freeway,7,0.0,25000
1,period,525056,16237,space_invaders,freeway,8,0.0,25000
1,period,525056,16237,space_invaders,freeway,9,0.0,25000
1,period,525056,16237,space_invaders,freeway,10,0.0,25000
1,period,550144,16500,space_invaders,breakout,1,5.0,610
1,period,550144,16500,space_invaders,breakout,2,4.0,610
1,period,550144,16500,space_invaders,breakout,3,5.0,610
1,period,550144,16500,space_invaders,breakout,4,6.0,610
1,period,550144,16500,space_invaders,breakout,5,6.0,610
1,period,550144,16500,space_invaders,breakout,6,3.0,610
1,period,550144,16500,space_invaders,breakout,7,5.0,610
1,period,550144,16500,space_invaders,breakout,8,6.0,610
1,period,550144,16500,space_invaders,breakout,9,6.0,610
1,period,550144,16500,space_invaders,breakout,10,5.0,610
1,period,550144,16500,space_invaders,space_invaders,1,7.0,823
1,period,550144,16500,space_invaders,space_invaders,2,7.0,823
1,period,550144,16500,space_invaders,space_invaders,3,9.0,823
1,period,550144,16500,space_invaders,space_invaders,4,8.0,823
1,period,550144,16500,space_invaders,space_invaders,5,6.0,823
1,period,550144,16500,space_invaders,space_invaders,6,6.0,823
1,period,550144,16500,space_invaders,space_invaders,7,7.0,823
1,period,550144,16500,space_invaders,space_invaders,8,7.0,823
1,period,550144,16500,space_invaders,space_invaders,9,3.0,823
1,period,550144,16500,space_invaders,space_invaders,10,4.0,823
1,period,550144,16500,space_invaders,freeway,1,0.0,25000
1,period,550144,16500,space_invaders,freeway,2,0.0,25000
1,period,550144,16500,space_invaders,freeway,3,0.0,25000
1,period,550144,16500,space_invaders,freeway,4,0.0,25000
1,period,550144,16500,space_invaders,freeway,5,0.0,25000
1,period,550144,16500,space_invaders,freeway,6,1.0,25000
1,period,550144,16500,space_invaders,freeway,7,0.0,25000
1,period,550144,16500,space_invaders,freeway,8,0.0,25000
1,period,550144,16500,space_invaders,freeway,9,0.0,25000
1,period,550144,16500,space_invaders,freeway,10,0.0,25000
1,period,575232,16797,space_invaders,breakout,1,3.0,524
1,period,575232,16797,space_invaders,breakout,2,3.0,524
1,period,575232,16797,space_invaders,breakout,3,3.0,524
1,period,575232,16797,space_invaders,breakout,4,3.0,524
1,period,575232,16797,space_invaders,breakout,5,6.0,524
1,period,575232,16797,space_invaders,breakout,6,5.0,524
1,period,575232,16797,space_invaders,breakout,7,6.0,524
1,period,575232,16797,space_invaders,breakout,8,5.0,524
1,period,575232,16797,space_invaders,breakout,9,6.0,524
1,period,575232,16797,space_invaders,breakout,10,3.0,524
1,period,575232,16797,space_invaders,space_invaders,1,6.0,973
1,period,575232,16797,space_invaders,space_invaders,2,5.0,973
1,period,575232,16797,space_invaders,space_invaders,3,6.0,973
1,period,575232,16797,space_invaders,space_invaders,4,6.0,973
1,period,575232,16797,space_invaders,space_invaders,5,6.0,973
1,period,575232,16797,space_invaders,space_invaders,6,6.0,973
1,period,575232,16797,space_invaders,space_invaders,7,5.0,973
1,period,575232,16797,space_invaders,space_invaders,8,6.0,973
1,period,575232,16797,space_invaders,space_invaders,9,6.0,973
1,period,575232,16797,space_invaders,space_invaders,10,6.0,973
1,period,575232,16797,space_invaders,freeway,1,0.0,25000
1,period,575232,16797,space_invaders,freeway,2,0.0,25000
1,period,575232,16797,space_invaders,freeway,3,0.0,25000
1,period,575232,16797,space_invaders,freeway,4,0.0,25000
1,period,575232,16797,space_invaders,freeway,5,0.0,25000
1,period,575232,16797,space_invaders,freeway,6,0.0,25000
1,period,575232,16797,space_invaders,freeway,7,0.0,25000
1,period,575232,16797,space_invaders,freeway,8,0.0,25000
1,period,575232,16797,space_invaders,freeway,9,0.0,25000
1,period,575232,16797,space_invaders,freeway,10,0.0,25000
1,period,600064,17060,space_invaders,breakout,1,6.0,542
1,period,600064,17060,space_invaders,breakout,2,3.0,542
1,period,600064,17060,space_invaders,breakout,3,3.0,542
1,period,600064,17060,space_invaders,breakout,4,6.0,542
1,period,600064,17060,space_invaders,breakout,5,6.0,542
1,period,600064,17060,space_invaders,breakout,6,1.0,542
1,period,600064,17060,space_invaders,breakout,7,6.0,542
1,period,600064,17060,space_invaders,breakout,8,5.0,542
1,period,600064,17060,space_invaders,breakout,9,5.0,542
1,period,600064,17060,space_invaders,breakout,10,4.0,542
1,period,600064,17060,space_invaders,space_invaders,1,6.0,978
1,period,600064,17060,space_invaders,space_invaders,2,7.0,978
1,period,600064,17060,space_invaders,space_invaders,3,6.0,978
1,period,600064,17060,space_invaders,space_invaders,4,7.0,978
1,period,600064,17060,space_invaders,space_invaders,5,7.0,978
1,period,600064,17060,space_invaders,space_invaders,6,7.0,978
1,period,600064,17060,space_invaders,space_invaders,7,7.0,978
1,period,600064,17060,space_invaders,space_invaders,8,5.0,978
1,period,600064,17060,space_invaders,space_invaders,9,7.0,978
1,period,600064,17060,space_invaders,space_invaders,10,7.0,978
1,period,600064,17060,space_invaders,freeway,1,0.0,25000
1,period,600064,17060,space_invaders,freeway,2,0.0,25000
1,period,600064,17060,space_invaders,freeway,3,0.0,25000
1,period,600064,17060,space_invaders,freeway,4,0.0,25000
1,period,600064,17060,space_invaders,freeway,5,0.0,25000
1,period,600064,17060,space_invaders,freeway,6,0.0,25000
1,period,600064,17060,space_invaders,freeway,7,0.0,25000
1,period,600064,17060,space_invaders,freeway,8,0.0,25000
1,period,600064,17060,space_invaders,freeway,9,0.0,25000
1,period,600064,17060,space_invaders,freeway,10,0.0,25000
1,period,625152,17329,space_invaders,breakout,1,5.0,490
1,period,625152,17329,space_invaders,breakout,2,6.0,490
1,period,625152,17329,space_invaders,breakout,3,6.0,490
1,period,625152,17329,space_invaders,breakout,4,4.0,490
1,period,625152,17329,space_invaders,breakout,5,6.0,490
1,period,625152,17329,space_invaders,breakout,6,5.0,490
1,period,625152,17329,space_invaders,breakout,7,3.0,490
1,period,625152,17329,space_invaders,breakout,8,1.0,490
1,period,625152,17329,space_invaders,breakout,9,1.0,490
1,period,625152,17329,space_invaders,breakout,10,3.0,490
1,period,625152,17329,space_invaders,space_invaders,1,7.0,977
1,period,625152,17329,space_invaders,space_invaders,2,6.0,977
1,period,625152,17329,space_invaders,space_invaders,3,6.0,977
1,period,625152,17329,space_invaders,space_invaders,4,7.0,977
1,period,625152,17329,space_invaders,space_invaders,5,7.0,977
1,period,625152,17329,space_invaders,space_invaders,6,7.0,977
1,period,625152,17329,space_invaders,space_invaders,7,8.0,977
1,period,625152,17329,space_invaders,space_invaders,8,8.0,977
1,period,625152,17329,space_invaders,space_invaders,9,7.0,977
1,period,625152,17329,space_invaders,space_invaders,10,6.0,977
1,period,625152,17329,space_invaders,freeway,1,0.0,25000
1,period,625152,17329,space_invaders,freeway,2,0.0,25000
1,period,625152,17329,space_invaders,freeway,3,0.0,25000
1,period,625152,17329,space_invaders,freeway,4,0.0,25000
1,period,625152,17329,space_invaders,freeway,5,0.0,25000
1,period,625152,17329,space_invaders,freeway,6,0.0,25000
1,period,625152,17329,space_invaders,freeway,7,0.0,25000
1,period,625152,17329,space_invaders,freeway,8,0.0,25000
1,period,625152,17329,space_invaders,freeway,9,0.0,25000
1,period,625152,17329,space_invaders,freeway,10,0.0,25000
1,period,650240,17588,space_invaders,breakout,1,6.0,398
1,period,650240,17588,space_invaders,breakout,2,2.0,398
1,period,650240,17588,space_invaders,breakout,3,1.0,398
1,period,650240,17588,space_invaders,breakout,4,5.0,398
1,period,650240,17588,space_invaders,breakout,5,1.0,398
1,period,650240,17588,space_invaders,breakout,6,5.0,398
1,period,650240,17588,space_invaders,breakout,7,3.0,398
1,period,650240,17588,space_invaders,breakout,8,2.0,398
1,period,650240,17588,space_invaders,breakout,9,6.0,398
1,period,650240,17588,space_invaders,breakout,10,1.0,398
1,period,650240,17588,space_invaders,space_invaders,1,7.0,996
1,period,650240,17588,space_invaders,space_invaders,2,7.0,996
1,period,650240,17588,space_invaders,space_invaders,3,9.0,996
1,period,650240,17588,space_invaders,space_invaders,4,5.0,996
1,period,650240,17588,space_invaders,space_invaders,5,5.0,996
1,period,650240,17588,space_invaders,space_invaders,6,7.0,996
1,period,650240,17588,space_invaders,space_invaders,7,8.0,996
1,period,650240,17588,space_invaders,space_invaders,8,8.0,996
1,period,650240,17588,space_invaders,space_invaders,9,8.0,996
1,period,650240,17588,space_invaders,space_invaders,10,5.0,996
1,period,650240,17588,space_invaders,freeway,1,0.0,25000
1,period,650240,17588,space_invaders,freeway,2,0.0,25000
1,period,650240,17588,space_invaders,freeway,3,0.0,25000
1,period,650240,17588,space_invaders,freeway,4,0.0,25000
1,period,650240,17588,space_invaders,freeway,5,0.0,25000
1,period,650240,17588,space_invaders,freeway,6,0.0,25000
1,period,650240,17588,space_invaders,freeway,7,0.0,25000
1,period,650240,17588,space_invaders,freeway,8,0.0,25000
1,period,650240,17588,space_invaders,freeway,9,0.0,25000
1,period,650240,17588,space_invaders,freeway,10,0.0,25000
1,period,675072,17816,space_invaders,breakout,1,6.0,586
1,period,675072,17816,space_invaders,breakout,2,6.0,586
1,period,675072,17816,space_invaders,breakout,3,6.0,586
1,period,675072,17816,space_invaders,breakout,4,6.0,586
1,period,675072,17816,space_invaders,breakout,5,6.0,586
1,period,675072,17816,space_invaders,breakout,6,3.0,586
1,period,675072,17816,space_invaders,breakout,7,2.0,586
1,period,675072,17816,space_invaders,breakout,8,5.0,586
1,period,675072,17816,space_invaders,breakout,9,3.0,586
1,period,675072,17816,space_invaders,breakout,10,6.0,586
1,period,675072,17816,space_invaders,space_invaders,1,10.0,1093
1,period,675072,17816,space_invaders,space_invaders,2,5.0,1093
1,period,675072,17816,space_invaders,space_invaders,3,8.0,1093
1,period,675072,17816,space_invaders,space_invaders,4,7.0,1093
1,period,675072,17816,space_invaders,space_invaders,5,7.0,1093
1,period,675072,17816,space_invaders,space_invaders,6,7.0,1093
1,period,675072,17816,space_invaders,space_invaders,7,7.0,1093
1,period,675072,17816,space_invaders,space_invaders,8,9.0,1093
1,period,675072,17816,space_invaders,space_invaders,9,5.0,1093
1,period,675072,17816,space_invaders,space_invaders,10,9.0,1093
1,period,675072,17816,space_invaders,freeway,1,0.0,25000
1,period,675072,17816,space_invaders,freeway,2,0.0,25000
1,period,675072,17816,space_invaders,freeway,3,0.0,25000
1,period,675072,17816,space_invaders,freeway,4,0.0,25000
1,period,675072,17816,space_invaders,freeway,5,0.0,25000
1,period,675072,17816,space_invaders,freeway,6,0.0,25000
1,period,675072,17816,space_invaders,freeway,7,0.0,25000
1,period,675072,17816,space_invaders,freeway,8,0.0,25000
1,period,675072,17816,space_invaders,freeway,9,0.0,25000
1,period,675072,17816,space_invaders,freeway,10,0.0,25000
1,period,700160,18053,space_invaders,breakout,1,1.0,606
1,period,700160,18053,space_invaders,breakout,2,6.0,606
1,period,700160,18053,space_invaders,breakout,3,5.0,606
1,period,700160,18053,space_invaders,breakout,4,5.0,606
1,period,700160,18053,space_invaders,breakout,5,6.0,606
1,period,700160,18053,space_invaders,breakout,6,6.0,606
1,period,700160,18053,space_invaders,breakout,7,5.0,606
1,period,700160,18053,space_invaders,breakout,8,6.0,606
1,period,700160,18053,space_invaders,breakout,9,5.0,606
1,period,700160,18053,space_invaders,breakout,10,6.0,606
1,period,700160,18053,space_invaders,space_invaders,1,9.0,915
1,period,700160,18053,space_invaders,space_invaders,2,3.0,915
1,period,700160,18053,space_invaders,space_invaders,3,7.0,915
1,period,700160,18053,space_invaders,space_invaders,4,8.0,915
1,period,700160,18053,space_invaders,space_invaders,5,2.0,915
1,period,700160,18053,space_invaders,space_invaders,6,10.0,915
1,period,700160,18053,space_invaders,space_invaders,7,5.0,915
1,period,700160,18053,space_invaders,space_invaders,8,11.0,915
1,period,700160,18053,space_invaders,space_invaders,9,16.0,915
1,period,700160,18053,space_invaders,space_invaders,10,5.0,915
1,period,700160,18053,space_invaders,freeway,1,0.0,25000
1,period,700160,18053,space_invaders,freeway,2,0.0,25000
1,period,700160,18053,space_invaders,freeway,3,0.0,25000
1,period,700160,18053,space_invaders,freeway,4,0.0,25000
1,period,700160,18053,space_invaders,freeway,5,0.0,25000
1,period,700160,18053,space_invaders,freeway,6,0.0,25000
1,period,700160,18053,space_invaders,freeway,7,0.0,25000
1,period,700160,18053,space_invaders,freeway,8,0.0,25000
1,period,700160,18053,space_invaders,freeway,9,0.0,25000
1,period,700160,18053,space_invaders,freeway,10,0.0,25000
1,period,725248,18264,space_invaders,breakout,1,3.0,544
1,period,725248,18264,space_invaders,breakout,2,3.0,544
1,period,725248,18264,space_invaders,breakout,3,3.0,544
1,period,725248,18264,space_invaders,breakout,4,3.0,544
1,period,725248,18264,space_invaders,breakout,5,6.0,544
1,period,725248,18264,space_invaders,breakout,6,5.0,544
1,period,725248,18264,space_invaders,breakout,7,6.0,544
1,period,725248,18264,space_invaders,breakout,8,6.0,544
1,period,725248,18264,space_invaders,breakout,9,5.0,544
1,period,725248,18264,space_invaders,breakout,10,5.0,544
1,period,725248,18264,space_invaders,space_invaders,1,10.0,1066
1,period,725248,18264,space_invaders,space_invaders,2,5.0,1066
1,period,725248,18264,space_invaders,space_invaders,3,4.0,1066
1,period,725248,18264,space_invaders,space_invaders,4,5.0,1066
1,period,725248,18264,space_invaders,space_invaders,5,5.0,1066
1,period,725248,18264,space_invaders,space_invaders,6,7.0,1066
1,period,725248,18264,space_invaders,space_invaders,7,9.0,1066
1,period,725248,18264,space_invaders,space_invaders,8,8.0,1066
1,period,725248,18264,space_invaders,space_invaders,9,7.0,1066
1,period,725248,18264,space_invaders,space_invaders,10,7.0,1066
1,period,725248,18264,space_invaders,freeway,1,0.0,25000
1,period,725248,18264,space_invaders,freeway,2,0.0,25000
1,period,725248,18264,space_invaders,freeway,3,0.0,25000
1,period,725248,18264,space_invaders,freeway,4,0.0,25000
1,period,725248,18264,space_invaders,freeway,5,0.0,25000
1,period,725248,18264,space_invaders,freeway,6,0.0,25000
1,period,725248,18264,space_invaders,freeway,7,0.0,25000
1,period,725248,18264,space_invaders,freeway,8,0.0,25000
1,period,725248,18264,space_invaders,freeway,9,0.0,25000
1,period,725248,18264,space_invaders,freeway,10,0.0,25000
1,period,750080,18470,space_invaders,breakout,1,3.0,532
1,period,750080,18470,space_invaders,breakout,2,5.0,532
1,period,750080,18470,space_invaders,breakout,3,5.0,532
1,period,750080,18470,space_invaders,breakout,4,5.0,532
1,period,750080,18470,space_invaders,breakout,5,6.0,532
1,period,750080,18470,space_invaders,breakout,6,5.0,532
1,period,750080,18470,space_invaders,breakout,7,6.0,532
1,period,750080,18470,space_invaders,breakout,8,4.0,532
1,period,750080,18470,space_invaders,breakout,9,4.0,532
1,period,750080,18470,space_invaders,breakout,10,1.0,532
1,period,750080,18470,space_invaders,space_invaders,1,7.0,1253
1,period,750080,18470,space_invaders,space_invaders,2,8.0,1253
1,period,750080,18470,space_invaders,space_invaders,3,7.0,1253
1,period,750080,18470,space_invaders,space_invaders,4,7.0,1253
1,period,750080,18470,space_invaders,space_invaders,5,12.0,1253
1,period,750080,18470,space_invaders,space_invaders,6,11.0,1253
1,period,750080,18470,space_invaders,space_invaders,7,13.0,1253
1,period,750080,18470,space_invaders,space_invaders,8,11.0,1253
1,period,750080,18470,space_invaders,space_invaders,9,5.0,1253
1,period,750080,18470,space_invaders,space_invaders,10,12.0,1253
1,period,750080,18470,space_invaders,freeway,1,0.0,25000
1,period,750080,18470,space_invaders,freeway,2,0.0,25000
1,period,750080,18470,space_invaders,freeway,3,0.0,25000
1,period,750080,18470,space_invaders,freeway,4,0.0,25000
1,period,750080,18470,space_invaders,freeway,5,0.0,25000
1,period,750080,18470,space_invaders,freeway,6,0.0,25000
1,period,750080,18470,space_invaders,freeway,7,0.0,25000
1,period,750080,18470,space_invaders,freeway,8,0.0,25000
1,period,750080,18470,space_invaders,freeway,9,0.0,25000
1,period,750080,18470,space_invaders,freeway,10,0.0,25000
1,period,775168,18661,space_invaders,breakout,1,6.0,598
1,period,775168,18661,space_invaders,breakout,2,5.0,598
1,period,775168,18661,space_invaders,breakout,3,5.0,598
1,period,775168,18661,space_invaders,breakout,4,6.0,598
1,period,775168,18661,space_invaders,breakout,5,6.0,598
1,period,775168,18661,space_invaders,breakout,6,5.0,598
1,period,775168,18661,space_invaders,breakout,7,5.0,598
1,period,775168,18661,space_invaders,breakout,8,5.0,598
1,period,775168,18661,space_invaders,breakout,9,1.0,598
1,period,775168,18661,space_invaders,breakout,10,6.0,598
1,period,775168,18661,space_invaders,space_invaders,1,10.0,1393
1,period,775168,18661,space_invaders,space_invaders,2,7.0,1393
1,period,775168,18661,space_invaders,space_invaders,3,5.0,1393
1,period,775168,18661,space_invaders,space_invaders,4,9.0,1393
1,period,775168,18661,space_invaders,space_invaders,5,8.0,1393
1,period,775168,18661,space_invaders,space_invaders,6,8.0,1393
1,period,775168,18661,space_invaders,space_invaders,7,6.0,1393
1,period,775168,18661,space_invaders,space_invaders,8,8.0,1393
1,period,775168,18661,space_invaders,space_invaders,9,8.0,1393
1,period,775168,18661,space_invaders,space_invaders,10,7.0,1393
1,period,775168,18661,space_invaders,freeway,1,0.0,25000
1,period,775168,18661,space_invaders,freeway,2,0.0,25000
1,period,775168,18661,space_invaders,freeway,3,0.0,25000
1,period,775168,18661,space_invaders,freeway,4,0.0,25000
1,period,775168,18661,space_invaders,freeway,5,0.0,25000
1,period,775168,18661,space_invaders,freeway,6,0.0,25000
1,period,775168,18661,space_invaders,freeway,7,0.0,25000
1,period,775168,18661,space_invaders,freeway,8,0.0,25000
1,period,775168,18661,space_invaders,freeway,9,0.0,25000
1,period,775168,18661,space_invaders,freeway,10,0.0,25000
1,period,800000,18835,space_invaders,breakout,1,6.0,604
1,period,800000,18835,space_invaders,breakout,2,3.0,604
1,period,800000,18835,space_invaders,breakout,3,2.0,604
1,period,800000,18835,space_invaders,breakout,4,6.0,604
1,period,800000,18835,space_invaders,breakout,5,6.0,604
1,period,800000,18835,space_invaders,breakout,6,5.0,604
1,period,800000,18835,space_invaders,breakout,7,6.0,604
1,period,800000,18835,space_invaders,breakout,8,5.0,604
1,period,800000,18835,space_invaders,breakout,9,6.0,604
1,period,800000,18835,space_invaders,breakout,10,6.0,604
1,period,800000,18835,space_invaders,space_invaders,1,9.0,1620
1,period,800000,18835,space_invaders,space_invaders,2,11.0,1620
1,period,800000,18835,space_invaders,space_invaders,3,7.0,1620
1,period,800000,18835,space_invaders,space_invaders,4,11.0,1620
1,period,800000,18835,space_invaders,space_invaders,5,13.0,1620
1,period,800000,18835,space_invaders,space_invaders,6,8.0,1620
1,period,800000,18835,space_invaders,space_invaders,7,7.0,1620
1,period,800000,18835,space_invaders,space_invaders,8,12.0,1620
1,period,800000,18835,space_invaders,space_invaders,9,17.0,1620
1,period,800000,18835,space_invaders,space_invaders,10,12.0,1620
1,period,800000,18835,space_invaders,freeway,1,0.0,25000
1,period,800000,18835,space_invaders,freeway,2,0.0,25000
1,period,800000,18835,space_invaders,freeway,3,0.0,25000
1,period,800000,18835,space_invaders,freeway,4,0.0,25000
1,period,800000,18835,space_invaders,freeway,5,0.0,25000
1,period,800000,18835,space_invaders,freeway,6,0.0,25000
1,period,800000,18835,space_invaders,freeway,7,0.0,25000
1,period,800000,18835,space_invaders,freeway,8,0.0,25000
1,period,800000,18835,space_invaders,freeway,9,0.0,25000
1,period,800000,18835,space_invaders,freeway,10,1.0,25000
1,period,825088,19024,space_invaders,breakout,1,1.0,534
1,period,825088,19024,space_invaders,breakout,2,3.0,534
1,period,825088,19024,space_invaders,breakout,3,5.0,534
1,period,825088,19024,space_invaders,breakout,4,6.0,534
1,period,825088,19024,space_invaders,breakout,5,5.0,534
1,period,825088,19024,space_invaders,breakout,6,6.0,534
1,period,825088,19024,space_invaders,breakout,7,5.0,534
1,period,825088,19024,space_invaders,breakout,8,5.0,534
1,period,825088,19024,space_invaders,breakout,9,5.0,534
1,period,825088,19024,space_invaders,breakout,10,3.0,534
1,period,825088,19024,space_invaders,space_invaders,1,12.0,1376
1,period,825088,19024,space_invaders,space_invaders,2,9.0,1376
1,period,825088,19024,space_invaders,space_invaders,3,10.0,1376
1,period,825088,19024,space_invaders,space_invaders,4,11.0,1376
1,period,825088,19024,space_invaders,space_invaders,5,9.0,1376
1,period,825088,19024,space_invaders,space_invaders,6,11.0,1376
1,period,825088,19024,space_invaders,space_invaders,7,11.0,1376
1,period,825088,19024,space_invaders,space_invaders,8,9.0,1376
1,period,825088,19024,space_invaders,space_invaders,9,12.0,1376
1,period,825088,19024,space_invaders,space_invaders,10,13.0,1376
1,period,825088,19024,space_invaders,freeway,1,0.0,25000
1,period,825088,19024,space_invaders,freeway,2,0.0,25000
1,period,825088,19024,space_invaders,freeway,3,0.0,25000
1,period,825088,19024,space_invaders,freeway,4,0.0,25000
1,period,825088,19024,space_invaders,freeway,5,0.0,25000
1,period,825088,19024,space_invaders,freeway,6,0.0,25000
1,period,825088,19024,space_invaders,freeway,7,0.0,25000
1,period,825088,19024,space_invaders,freeway,8,0.0,25000
1,period,825088,19024,space_invaders,freeway,9,0.0,25000
1,period,825088,19024,space_invaders,freeway,10,0.0,25000
1,period,850176,19191,space_invaders,breakout,1,6.0,554
1,period,850176,19191,space_invaders,breakout,2,6.0,554
1,period,850176,19191,space_invaders,breakout,3,6.0,554
1,period,850176,19191,space_invaders,breakout,4,5.0,554
1,period,850176,19191,space_invaders,breakout,5,5.0,554
1,period,850176,19191,space_invaders,breakout,6,1.0,554
1,period,850176,19191,space_invaders,breakout,7,3.0,554
1,period,850176,19191,space_invaders,breakout,8,6.0,554
1,period,850176,19191,space_invaders,breakout,9,5.0,554
1,period,850176,19191,space_invaders,breakout,10,3.0,554
1,period,850176,19191,space_invaders,space_invaders,1,8.0,1210
1,period,850176,19191,space_invaders,space_invaders,2,3.0,1210
1,period,850176,19191,space_invaders,space_invaders,3,6.0,1210
1,period,850176,19191,space_invaders,space_invaders,4,15.0,1210
1,period,850176,19191,space_invaders,space_invaders,5,9.0,1210
1,period,850176,19191,space_invaders,space_invaders,6,8.0,1210
1,period,850176,19191,space_invaders,space_invaders,7,8.0,1210
1,period,850176,19191,space_invaders,space_invaders,8,15.0,1210
1,period,850176,19191,space_invaders,space_invaders,9,11.0,1210
1,period,850176,19191,space_invaders,space_invaders,10,8.0,1210
1,period,850176,19191,space_invaders,freeway,1,0.0,25000
1,period,850176,19191,space_invaders,freeway,2,0.0,25000
1,period,850176,19191,space_invaders,freeway,3,0.0,25000
1,period,850176,19191,space_invaders,freeway,4,0.0,25000
1,period,850176,19191,space_invaders,freeway,5,0.0,25000
1,period,850176,19191,space_invaders,freeway,6,0.0,25000
1,period,850176,19191,space_invaders,freeway,7,0.0,25000
1,period,850176,19191,space_invaders,freeway,8,1.0,25000
1,period,850176,19191,space_invaders,freeway,9,0.0,25000
1,period,850176,19191,space_invaders,freeway,10,0.0,25000
1,period,875008,19374,space_invaders,breakout,1,5.0,478
1,period,875008,19374,space_invaders,breakout,2,5.0,478
1,period,875008,19374,space_invaders,breakout,3,5.0,478
1,period,875008,19374,space_invaders,breakout,4,6.0,478
1,period,875008,19374,space_invaders,breakout,5,6.0,478
1,period,875008,19374,space_invaders,breakout,6,1.0,478
1,period,875008,19374,space_invaders,breakout,7,2.0,478
1,period,875008,19374,space_invaders,breakout,8,1.0,478
1,period,875008,19374,space_invaders,breakout,9,2.0,478
1,period,875008,19374,space_invaders,breakout,10,6.0,478
1,period,875008,19374,space_invaders,space_invaders,1,10.0,1611
1,period,875008,19374,space_invaders,space_invaders,2,9.0,1611
1,period,875008,19374,space_invaders,space_invaders,3,10.0,1611
1,period,875008,19374,space_invaders,space_invaders,4,12.0,1611
1,period,875008,19374,space_invaders,space_invaders,5,8.0,1611
1,period,875008,19374,space_invaders,space_invaders,6,16.0,1611
1,period,875008,19374,space_invaders,space_invaders,7,9.0,1611
1,period,875008,19374,space_invaders,space_invaders,8,14.0,1611
1,period,875008,19374,space_invaders,space_invaders,9,22.0,1611
1,period,875008,19374,space_invaders,space_invaders,10,10.0,1611
1,period,875008,19374,space_invaders,freeway,1,0.0,25000
1,period,875008,19374,space_invaders,freeway,2,0.0,25000
1,period,875008,19374,space_invaders,freeway,3,0.0,25000
1,period,875008,19374,space_invaders,freeway,4,0.0,25000
1,period,875008,19374,space_invaders,freeway,5,0.0,25000
1,period,875008,19374,space_invaders,freeway,6,0.0,25000
1,period,875008,19374,space_invaders,freeway,7,0.0,25000
1,period,875008,19374,space_invaders,freeway,8,0.0,25000
1,period,875008,19374,space_invaders,freeway,9,0.0,25000
1,period,875008,19374,space_invaders,freeway,10,0.0,25000
1,period,900096,19539,space_invaders,breakout,1,6.0,574
1,period,900096,19539,space_invaders,breakout,2,6.0,574
1,period,900096,19539,space_invaders,breakout,3,4.0,574
1,period,900096,19539,space_invaders,breakout,4,3.0,574
1,period,900096,19539,space_invaders,breakout,5,1.0,574
1,period,900096,19539,space_invaders,breakout,6,6.0,574
1,period,900096,19539,space_invaders,breakout,7,6.0,574
1,period,900096,19539,space_invaders,breakout,8,5.0,574
1,period,900096,19539,space_invaders,breakout,9,5.0,574
1,period,900096,19539,space_invaders,breakout,10,6.0,574
1,period,900096,19539,space_invaders,space_invaders,1,11.0,1872
1,period,900096,19539,space_invaders,space_invaders,2,10.0,1872
1,period,900096,19539,space_invaders,space_invaders,3,9.0,1872
1,period,900096,19539,space_invaders,space_invaders,4,15.0,1872
1,period,900096,19539,space_invaders,space_invaders,5,20.0,1872
1,period,900096,19539,space_invaders,space_invaders,6,14.0,1872
1,period,900096,19539,space_invaders,space_invaders,7,9.0,1872
1,period,900096,19539,space_invaders,space_invaders,8,21.0,1872
1,period,900096,19539,space_invaders,space_invaders,9,20.0,1872
1,period,900096,19539,space_invaders,space_invaders,10,8.0,1872
1,period,900096,19539,space_invaders,freeway,1,0.0,25000
1,period,900096,19539,space_invaders,freeway,2,0.0,25000
1,period,900096,19539,space_invaders,freeway,3,0.0,25000
1,period,900096,19539,space_invaders,freeway,4,0.0,25000
1,period,900096,19539,space_invaders,freeway,5,0.0,25000
1,period,900096,19539,space_invaders,freeway,6,0.0,25000
1,period,900096,19539,space_invaders,freeway,7,0.0,25000
1,period,900096,19539,space_invaders,freeway,8,0.0,25000
1,period,900096,19539,space_invaders,freeway,9,0.0,25000
1,period,900096,19539,space_invaders,freeway,10,0.0,25000
1,period,925184,19718,space_invaders,breakout,1,6.0,354
1,period,925184,19718,space_invaders,breakout,2,1.0,354
1,period,925184,19718,space_invaders,breakout,3,2.0,354
1,period,925184,19718,space_invaders,breakout,4,1.0,354
1,period,925184,19718,space_invaders,breakout,5,3.0,354
1,period,925184,19718,space_invaders,breakout,6,1.0,354
1,period,925184,19718,space_invaders,breakout,7,6.0,354
1,period,925184,19718,space_invaders,breakout,8,1.0,354
1,period,925184,19718,space_invaders,breakout,9,5.0,354
1,period,925184,19718,space_invaders,breakout,10,2.0,354
1,period,925184,19718,space_invaders,space_invaders,1,15.0,1630
1,period,925184,19718,space_invaders,space_invaders,2,10.0,1630
1,period,925184,19718,space_invaders,space_invaders,3,21.0,1630
1,period,925184,19718,space_invaders,space_invaders,4,13.0,1630
1,period,925184,19718,space_invaders,space_invaders,5,14.0,1630
1,period,925184,19718,space_invaders,space_invaders,6,14.0,1630
1,period,925184,19718,space_invaders,space_invaders,7,11.0,1630
1,period,925184,19718,space_invaders,space_invaders,8,8.0,1630
1,period,925184,19718,space_invaders,space_invaders,9,7.0,1630
1,period,925184,19718,space_invaders,space_invaders,10,10.0,1630
1,period,925184,19718,space_invaders,freeway,1,0.0,25000
1,period,925184,19718,space_invaders,freeway,2,0.0,25000
1,period,925184,19718,space_invaders,freeway,3,0.0,25000
1,period,925184,19718,space_invaders,freeway,4,0.0,25000
1,period,925184,19718,space_invaders,freeway,5,0.0,25000
1,period,925184,19718,space_invaders,freeway,6,0.0,25000
1,period,925184,19718,space_invaders,freeway,7,0.0,25000
1,period,925184,19718,space_invaders,freeway,8,0.0,25000
1,period,925184,19718,space_invaders,freeway,9,0.0,25000
1,period,925184,19718,space_invaders,freeway,10,0.0,25000
1,period,950016,19882,space_invaders,breakout,1,5.0,580
1,period,950016,19882,space_invaders,breakout,2,6.0,580
1,period,950016,19882,space_invaders,breakout,3,6.0,580
1,period,950016,19882,space_invaders,breakout,4,5.0,580
1,period,950016,19882,space_invaders,breakout,5,5.0,580
1,period,950016,19882,space_invaders,breakout,6,5.0,580
1,period,950016,19882,space_invaders,breakout,7,5.0,580
1,period,950016,19882,space_invaders,breakout,8,5.0,580
1,period,950016,19882,space_invaders,breakout,9,3.0,580
1,period,950016,19882,space_invaders,breakout,10,3.0,580
1,period,950016,19882,space_invaders,space_invaders,1,7.0,1549
1,period,950016,19882,space_invaders,space_invaders,2,12.0,1549
1,period,950016,19882,space_invaders,space_invaders,3,7.0,1549
1,period,950016,19882,space_invaders,space_invaders,4,21.0,1549
1,period,950016,19882,space_invaders,space_invaders,5,21.0,1549
1,period,950016,19882,space_invaders,space_invaders,6,13.0,1549
1,period,950016,19882,space_invaders,space_invaders,7,8.0,1549
1,period,950016,19882,space_invaders,space_invaders,8,8.0,1549
1,period,950016,19882,space_invaders,space_invaders,9,13.0,1549
1,period,950016,19882,space_invaders,space_invaders,10,7.0,1549
1,period,950016,19882,space_invaders,freeway,1,0.0,25000
1,period,950016,19882,space_invaders,freeway,2,0.0,25000
1,period,950016,19882,space_invaders,freeway,3,0.0,25000
1,period,950016,19882,space_invaders,freeway,4,0.0,25000
1,period,950016,19882,space_invaders,freeway,5,0.0,25000
1,period,950016,19882,space_invaders,freeway,6,0.0,25000
1,period,950016,19882,space_invaders,freeway,7,0.0,25000
1,period,950016,19882,space_invaders,freeway,8,0.0,25000
1,period,950016,19882,space_invaders,freeway,9,0.0,25000
1,period,950016,19882,space_invaders,freeway,10,0.0,25000
1,period,975104,20049,space_invaders,breakout,1,6.0,604
1,period,975104,20049,space_invaders,breakout,2,6.0,604
1,period,975104,20049,space_invaders,breakout,3,1.0,604
1,period,975104,20049,space_invaders,breakout,4,6.0,604
1,period,975104,20049,space_invaders,breakout,5,6.0,604
1,period,975104,20049,space_invaders,breakout,6,5.0,604
1,period,975104,20049,space_invaders,breakout,7,5.0,604
1,period,975104,20049,space_invaders,breakout,8,5.0,604
1,period,975104,20049,space_invaders,breakout,9,5.0,604
1,period,975104,20049,space_invaders,breakout,10,6.0,604
1,period,975104,20049,space_invaders,space_invaders,1,11.0,1833
1,period,975104,20049,space_invaders,space_invaders,2,13.0,1833
1,period,975104,20049,space_invaders,space_invaders,3,9.0,1833
1,period,975104,20049,space_invaders,space_invaders,4,8.0,1833
1,period,975104,20049,space_invaders,space_invaders,5,18.0,1833
1,period,975104,20049,space_invaders,space_invaders,6,9.0,1833
1,period,975104,20049,space_invaders,space_invaders,7,22.0,1833
1,period,975104,20049,space_invaders,space_invaders,8,8.0,1833
1,period,975104,20049,space_invaders,space_invaders,9,15.0,1833
1,period,975104,20049,space_invaders,space_invaders,10,17.0,1833
1,period,975104,20049,space_invaders,freeway,1,0.0,25000
1,period,975104,20049,space_invaders,freeway,2,0.0,25000
1,period,975104,20049,space_invaders,freeway,3,0.0,25000
1,period,975104,20049,space_invaders,freeway,4,0.0,25000
1,period,975104,20049,space_invaders,freeway,5,0.0,25000
1,period,975104,20049,space_invaders,freeway,6,0.0,25000
1,period,975104,20049,space_invaders,freeway,7,0.0,25000
1,period,975104,20049,space_invaders,freeway,8,0.0,25000
1,period,975104,20049,space_invaders,freeway,9,0.0,25000
1,period,975104,20049,space_invaders,freeway,10,0.0,25000
2,boundary,1499904,20410,freeway,breakout,1,0.0,452
2,boundary,1499904,20410,freeway,breakout,2,1.0,452
2,boundary,1499904,20410,freeway,breakout,3,3.0,452
2,boundary,1499904,20410,freeway,breakout,4,3.0,452
2,boundary,1499904,20410,freeway,breakout,5,6.0,452
2,boundary,1499904,20410,freeway,breakout,6,6.0,452
2,boundary,1499904,20410,freeway,breakout,7,3.0,452
2,boundary,1499904,20410,freeway,breakout,8,6.0,452
2,boundary,1499904,20410,freeway,breakout,9,3.0,452
2,boundary,1499904,20410,freeway,breakout,10,5.0,452
2,boundary,1499904,20410,freeway,space_invaders,1,14.0,1378
2,boundary,1499904,20410,freeway,space_invaders,2,8.0,1378
2,boundary,1499904,20410,freeway,space_invaders,3,15.0,1378
2,boundary,1499904,20410,freeway,space_invaders,4,17.0,1378
2,boundary,1499904,20410,freeway,space_invaders,5,13.0,1378
2,boundary,1499904,20410,freeway,space_invaders,6,16.0,1378
2,boundary,1499904,20410,freeway,space_invaders,7,8.0,1378
2,boundary,1499904,20410,freeway,space_invaders,8,5.0,1378
2,boundary,1499904,20410,freeway,space_invaders,9,10.0,1378
2,boundary,1499904,20410,freeway,space_invaders,10,4.0,1378
2,boundary,1499904,20410,freeway,freeway,1,1.0,25000
2,boundary,1499904,20410,freeway,freeway,2,0.0,25000
2,boundary,1499904,20410,freeway,freeway,3,0.0,25000
2,boundary,1499904,20410,freeway,freeway,4,0.0,25000
2,boundary,1499904,20410,freeway,freeway,5,0.0,25000
2,boundary,1499904,20410,freeway,freeway,6,0.0,25000
2,boundary,1499904,20410,freeway,freeway,7,1.0,25000
2,boundary,1499904,20410,freeway,freeway,8,3.0,25000
2,boundary,1499904,20410,freeway,freeway,9,0.0,25000
2,boundary,1499904,20410,freeway,freeway,10,0.0,25000
2,period,1000192,20218,freeway,breakout,1,1.0,564
2,period,1000192,20218,freeway,breakout,2,6.0,564
2,period,1000192,20218,freeway,breakout,3,5.0,564
2,period,1000192,20218,freeway,breakout,4,5.0,564
2,period,1000192,20218,freeway,breakout,5,6.0,564
2,period,1000192,20218,freeway,breakout,6,6.0,564
2,period,1000192,20218,freeway,breakout,7,5.0,564
2,period,1000192,20218,freeway,breakout,8,1.0,564
2,period,1000192,20218,freeway,breakout,9,6.0,564
2,period,1000192,20218,freeway,breakout,10,6.0,564
2,period,1000192,20218,freeway,space_invaders,1,14.0,1451
2,period,1000192,20218,freeway,space_invaders,2,6.0,1451
2,period,1000192,20218,freeway,space_invaders,3,7.0,1451
2,period,1000192,20218,freeway,space_invaders,4,11.0,1451
2,period,1000192,20218,freeway,space_invaders,5,9.0,1451
2,period,1000192,20218,freeway,space_invaders,6,9.0,1451
2,period,1000192,20218,freeway,space_invaders,7,10.0,1451
2,period,1000192,20218,freeway,space_invaders,8,18.0,1451
2,period,1000192,20218,freeway,space_invaders,9,6.0,1451
2,period,1000192,20218,freeway,space_invaders,10,11.0,1451
2,period,1000192,20218,freeway,freeway,1,0.0,25000
2,period,1000192,20218,freeway,freeway,2,0.0,25000
2,period,1000192,20218,freeway,freeway,3,0.0,25000
2,period,1000192,20218,freeway,freeway,4,0.0,25000
2,period,1000192,20218,freeway,freeway,5,0.0,25000
2,period,1000192,20218,freeway,freeway,6,0.0,25000
2,period,1000192,20218,freeway,freeway,7,0.0,25000
2,period,1000192,20218,freeway,freeway,8,0.0,25000
2,period,1000192,20218,freeway,freeway,9,0.0,25000
2,period,1000192,20218,freeway,freeway,10,0.0,25000
2,period,1025024,20218,freeway,breakout,1,5.0,564
2,period,1025024,20218,freeway,breakout,2,6.0,564
2,period,1025024,20218,freeway,breakout,3,6.0,564
2,period,1025024,20218,freeway,breakout,4,3.0,564
2,period,1025024,20218,freeway,breakout,5,5.0,564
2,period,1025024,20218,freeway,breakout,6,1.0,564
2,period,1025024,20218,freeway,breakout,7,5.0,564
2,period,1025024,20218,freeway,breakout,8,6.0,564
2,period,1025024,20218,freeway,breakout,9,5.0,564
2,period,1025024,20218,freeway,breakout,10,5.0,564
2,period,1025024,20218,freeway,space_invaders,1,6.0,1453
2,period,1025024,20218,freeway,space_invaders,2,15.0,1453
2,period,1025024,20218,freeway,space_invaders,3,9.0,1453
2,period,1025024,20218,freeway,space_invaders,4,19.0,1453
2,period,1025024,20218,freeway,space_invaders,5,11.0,1453
2,period,1025024,20218,freeway,space_invaders,6,12.0,1453
2,period,1025024,20218,freeway,space_invaders,7,20.0,1453
2,period,1025024,20218,freeway,space_invaders,8,10.0,1453
2,period,1025024,20218,freeway,space_invaders,9,11.0,1453
2,period,1025024,20218,freeway,space_invaders,10,2.0,1453
2,period,1025024,20218,freeway,freeway,1,0.0,25000
2,period,1025024,20218,freeway,freeway,2,0.0,25000
2,period,1025024,20218,freeway,freeway,3,0.0,25000
2,period,1025024,20218,freeway,freeway,4,0.0,25000
2,period,1025024,20218,freeway,freeway,5,0.0,25000
2,period,1025024,20218,freeway,freeway,6,0.0,25000
2,period,1025024,20218,freeway,freeway,7,0.0,25000
2,period,1025024,20218,freeway,freeway,8,0.0,25000
2,period,1025024,20218,freeway,freeway,9,0.0,25000
2,period,1025024,20218,freeway,freeway,10,0.0,25000
2,period,1050112,20234,freeway,breakout,1,5.0,530
2,period,1050112,20234,freeway,breakout,2,6.0,530
2,period,1050112,20234,freeway,breakout,3,2.0,530
2,period,1050112,20234,freeway,breakout,4,3.0,530
2,period,1050112,20234,freeway,breakout,5,2.0,530
2,period,1050112,20234,freeway,breakout,6,5.0,530
2,period,1050112,20234,freeway,breakout,7,5.0,530
2,period,1050112,20234,freeway,breakout,8,6.0,530
2,period,1050112,20234,freeway,breakout,9,5.0,530
2,period,1050112,20234,freeway,breakout,10,5.0,530
2,period,1050112,20234,freeway,space_invaders,1,10.0,1590
2,period,1050112,20234,freeway,space_invaders,2,9.0,1590
2,period,1050112,20234,freeway,space_invaders,3,13.0,1590
2,period,1050112,20234,freeway,space_invaders,4,12.0,1590
2,period,1050112,20234,freeway,space_invaders,5,9.0,1590
2,period,1050112,20234,freeway,space_invaders,6,7.0,1590
2,period,1050112,20234,freeway,space_invaders,7,12.0,1590
2,period,1050112,20234,freeway,space_invaders,8,18.0,1590
2,period,1050112,20234,freeway,space_invaders,9,14.0,1590
2,period,1050112,20234,freeway,space_invaders,10,13.0,1590
2,period,1050112,20234,freeway,freeway,1,0.0,25000
2,period,1050112,20234,freeway,freeway,2,0.0,25000
2,period,1050112,20234,freeway,freeway,3,0.0,25000
2,period,1050112,20234,freeway,freeway,4,0.0,25000
2,period,1050112,20234,freeway,freeway,5,0.0,25000
2,period,1050112,20234,freeway,freeway,6,0.0,25000
2,period,1050112,20234,freeway,freeway,7,0.0,25000
2,period,1050112,20234,freeway,freeway,8,0.0,25000
2,period,1050112,20234,freeway,freeway,9,0.0,25000
2,period,1050112,20234,freeway,freeway,10,0.0,25000
2,period,1075200,20234,freeway,breakout,1,1.0,588
2,period,1075200,20234,freeway,breakout,2,5.0,588
2,period,1075200,20234,freeway,breakout,3,6.0,588
2,period,1075200,20234,freeway,breakout,4,6.0,588
2,period,1075200,20234,freeway,breakout,5,5.0,588
2,period,1075200,20234,freeway,breakout,6,6.0,588
2,period,1075200,20234,freeway,breakout,7,6.0,588
2,period,1075200,20234,freeway,breakout,8,5.0,588
2,period,1075200,20234,freeway,breakout,9,4.0,588
2,period,1075200,20234,freeway,breakout,10,5.0,588
2,period,1075200,20234,freeway,space_invaders,1,8.0,1561
2,period,1075200,20234,freeway,space_invaders,2,16.0,1561
2,period,1075200,20234,freeway,space_invaders,3,6.0,1561
2,period,1075200,20234,freeway,space_invaders,4,14.0,1561
2,period,1075200,20234,freeway,space_invaders,5,7.0,1561
2,period,1075200,20234,freeway,space_invaders,6,19.0,1561
2,period,1075200,20234,freeway,space_invaders,7,12.0,1561
2,period,1075200,20234,freeway,space_invaders,8,15.0,1561
2,period,1075200,20234,freeway,space_invaders,9,6.0,1561
2,period,1075200,20234,freeway,space_invaders,10,14.0,1561
2,period,1075200,20234,freeway,freeway,1,0.0,25000
2,period,1075200,20234,freeway,freeway,2,0.0,25000
2,period,1075200,20234,freeway,freeway,3,0.0,25000
2,period,1075200,20234,freeway,freeway,4,0.0,25000
2,period,1075200,20234,freeway,freeway,5,0.0,25000
2,period,1075200,20234,freeway,freeway,6,0.0,25000
2,period,1075200,20234,freeway,freeway,7,0.0,25000
2,period,1075200,20234,freeway,freeway,8,0.0,25000
2,period,1075200,20234,freeway,freeway,9,0.0,25000
2,period,1075200,20234,freeway,freeway,10,0.0,25000
2,period,1100032,20250,freeway,breakout,1,5.0,444
2,period,1100032,20250,freeway,breakout,2,1.0,444
2,period,1100032,20250,freeway,breakout,3,6.0,444
2,period,1100032,20250,freeway,breakout,4,6.0,444
2,period,1100032,20250,freeway,breakout,5,2.0,444
2,period,1100032,20250,freeway,breakout,6,5.0,444
2,period,1100032,20250,freeway,breakout,7,1.0,444
2,period,1100032,20250,freeway,breakout,8,5.0,444
2,period,1100032,20250,freeway,breakout,9,5.0,444
2,period,1100032,20250,freeway,breakout,10,0.0,444
2,period,1100032,20250,freeway,space_invaders,1,10.0,1531
2,period,1100032,20250,freeway,space_invaders,2,13.0,1531
2,period,1100032,20250,freeway,space_invaders,3,9.0,1531
2,period,1100032,20250,freeway,space_invaders,4,10.0,1531
2,period,1100032,20250,freeway,space_invaders,5,17.0,1531
2,period,1100032,20250,freeway,space_invaders,6,10.0,1531
2,period,1100032,20250,freeway,space_invaders,7,18.0,1531
2,period,1100032,20250,freeway,space_invaders,8,9.0,1531
2,period,1100032,20250,freeway,space_invaders,9,18.0,1531
2,period,1100032,20250,freeway,space_invaders,10,9.0,1531
2,period,1100032,20250,freeway,freeway,1,0.0,25000
2,period,1100032,20250,freeway,freeway,2,0.0,25000
2,period,1100032,20250,freeway,freeway,3,0.0,25000
2,period,1100032,20250,freeway,freeway,4,0.0,25000
2,period,1100032,20250,freeway,freeway,5,0.0,25000
2,period,1100032,20250,freeway,freeway,6,0.0,25000
2,period,1100032,20250,freeway,freeway,7,0.0,25000
2,period,1100032,20250,freeway,freeway,8,0.0,25000
2,period,1100032,20250,freeway,freeway,9,0.0,25000
2,period,1100032,20250,freeway,freeway,10,0.0,25000
2,period,1125120,20266,freeway,breakout,1,6.0,590
2,period,1125120,20266,freeway,breakout,2,5.0,590
2,period,1125120,20266,freeway,breakout,3,6.0,590
2,period,1125120,20266,freeway,breakout,4,4.0,590
2,period,1125120,20266,freeway,breakout,5,5.0,590
2,period,1125120,20266,freeway,breakout,6,5.0,590
2,period,1125120,20266,freeway,breakout,7,6.0,590
2,period,1125120,20266,freeway,breakout,8,1.0,590
2,period,1125120,20266,freeway,breakout,9,5.0,590
2,period,1125120,20266,freeway,breakout,10,6.0,590
2,period,1125120,20266,freeway,space_invaders,1,5.0,1340
2,period,1125120,20266,freeway,space_invaders,2,7.0,1340
2,period,1125120,20266,freeway,space_invaders,3,10.0,1340
2,period,1125120,20266,freeway,space_invaders,4,9.0,1340
2,period,1125120,20266,freeway,space_invaders,5,14.0,1340
2,period,1125120,20266,freeway,space_invaders,6,7.0,1340
2,period,1125120,20266,freeway,space_invaders,7,14.0,1340
2,period,1125120,20266,freeway,space_invaders,8,19.0,1340
2,period,1125120,20266,freeway,space_invaders,9,8.0,1340
2,period,1125120,20266,freeway,space_invaders,10,6.0,1340
2,period,1125120,20266,freeway,freeway,1,0.0,25000
2,period,1125120,20266,freeway,freeway,2,0.0,25000
2,period,1125120,20266,freeway,freeway,3,0.0,25000
2,period,1125120,20266,freeway,freeway,4,0.0,25000
2,period,1125120,20266,freeway,freeway,5,0.0,25000
2,period,1125120,20266,freeway,freeway,6,0.0,25000
2,period,1125120,20266,freeway,freeway,7,0.0,25000
2,period,1125120,20266,freeway,freeway,8,0.0,25000
2,period,1125120,20266,freeway,freeway,9,0.0,25000
2,period,1125120,20266,freeway,freeway,10,0.0,25000
2,period,1150208,20266,freeway,breakout,1,6.0,516
2,period,1150208,20266,freeway,breakout,2,5.0,516
2,period,1150208,20266,freeway,breakout,3,1.0,516
2,period,1150208,20266,freeway,breakout,4,5.0,516
2,period,1150208,20266,freeway,breakout,5,5.0,516
2,period,1150208,20266,freeway,breakout,6,5.0,516
2,period,1150208,20266,freeway,breakout,7,5.0,516
2,period,1150208,20266,freeway,breakout,8,2.0,516
2,period,1150208,20266,freeway,breakout,9,5.0,516
2,period,1150208,20266,freeway,breakout,10,3.0,516
2,period,1150208,20266,freeway,space_invaders,1,17.0,1275
2,period,1150208,20266,freeway,space_invaders,2,20.0,1275
2,period,1150208,20266,freeway,space_invaders,3,8.0,1275
2,period,1150208,20266,freeway,space_invaders,4,7.0,1275
2,period,1150208,20266,freeway,space_invaders,5,9.0,1275
2,period,1150208,20266,freeway,space_invaders,6,11.0,1275
2,period,1150208,20266,freeway,space_invaders,7,12.0,1275
2,period,1150208,20266,freeway,space_invaders,8,9.0,1275
2,period,1150208,20266,freeway,space_invaders,9,9.0,1275
2,period,1150208,20266,freeway,space_invaders,10,8.0,1275
2,period,1150208,20266,freeway,freeway,1,0.0,25000
2,period,1150208,20266,freeway,freeway,2,0.0,25000
2,period,1150208,20266,freeway,freeway,3,0.0,25000
2,period,1150208,20266,freeway,freeway,4,0.0,25000
2,period,1150208,20266,freeway,freeway,5,0.0,25000
2,period,1150208,20266,freeway,freeway,6,0.0,25000
2,period,1150208,20266,freeway,freeway,7,0.0,25000
2,period,1150208,20266,freeway,freeway,8,0.0,25000
2,period,1150208,20266,freeway,freeway,9,0.0,25000
2,period,1150208,20266,freeway,freeway,10,0.0,25000
2,period,1175040,20282,freeway,breakout,1,6.0,466
2,period,1175040,20282,freeway,breakout,2,3.0,466
2,period,1175040,20282,freeway,breakout,3,2.0,466
2,period,1175040,20282,freeway,breakout,4,2.0,466
2,period,1175040,20282,freeway,breakout,5,5.0,466
2,period,1175040,20282,freeway,breakout,6,4.0,466
2,period,1175040,20282,freeway,breakout,7,3.0,466
2,period,1175040,20282,freeway,breakout,8,3.0,466
2,period,1175040,20282,freeway,breakout,9,6.0,466
2,period,1175040,20282,freeway,breakout,10,4.0,466
2,period,1175040,20282,freeway,space_invaders,1,3.0,1014
2,period,1175040,20282,freeway,space_invaders,2,10.0,1014
2,period,1175040,20282,freeway,space_invaders,3,16.0,1014
2,period,1175040,20282,freeway,space_invaders,4,17.0,1014
2,period,1175040,20282,freeway,space_invaders,5,4.0,1014
2,period,1175040,20282,freeway,space_invaders,6,7.0,1014
2,period,1175040,20282,freeway,space_invaders,7,9.0,1014
2,period,1175040,20282,freeway,space_invaders,8,7.0,1014
2,period,1175040,20282,freeway,space_invaders,9,4.0,1014
2,period,1175040,20282,freeway,space_invaders,10,8.0,1014
2,period,1175040,20282,freeway,freeway,1,0.0,25000
2,period,1175040,20282,freeway,freeway,2,0.0,25000
2,period,1175040,20282,freeway,freeway,3,0.0,25000
2,period,1175040,20282,freeway,freeway,4,0.0,25000
2,period,1175040,20282,freeway,freeway,5,0.0,25000
2,period,1175040,20282,freeway,freeway,6,0.0,25000
2,period,1175040,20282,freeway,freeway,7,1.0,25000
2,period,1175040,20282,freeway,freeway,8,0.0,25000
2,period,1175040,20282,freeway,freeway,9,0.0,25000
2,period,1175040,20282,freeway,freeway,10,0.0,25000
2,period,1200128,20298,freeway,breakout,1,5.0,578
2,period,1200128,20298,freeway,breakout,2,6.0,578
2,period,1200128,20298,freeway,breakout,3,3.0,578
2,period,1200128,20298,freeway,breakout,4,5.0,578
2,period,1200128,20298,freeway,breakout,5,5.0,578
2,period,1200128,20298,freeway,breakout,6,5.0,578
2,period,1200128,20298,freeway,breakout,7,4.0,578
2,period,1200128,20298,freeway,breakout,8,5.0,578
2,period,1200128,20298,freeway,breakout,9,5.0,578
2,period,1200128,20298,freeway,breakout,10,5.0,578
2,period,1200128,20298,freeway,space_invaders,1,3.0,1471
2,period,1200128,20298,freeway,space_invaders,2,19.0,1471
2,period,1200128,20298,freeway,space_invaders,3,16.0,1471
2,period,1200128,20298,freeway,space_invaders,4,15.0,1471
2,period,1200128,20298,freeway,space_invaders,5,16.0,1471
2,period,1200128,20298,freeway,space_invaders,6,10.0,1471
2,period,1200128,20298,freeway,space_invaders,7,14.0,1471
2,period,1200128,20298,freeway,space_invaders,8,20.0,1471
2,period,1200128,20298,freeway,space_invaders,9,3.0,1471
2,period,1200128,20298,freeway,space_invaders,10,9.0,1471
2,period,1200128,20298,freeway,freeway,1,0.0,25000
2,period,1200128,20298,freeway,freeway,2,0.0,25000
2,period,1200128,20298,freeway,freeway,3,0.0,25000
2,period,1200128,20298,freeway,freeway,4,0.0,25000
2,period,1200128,20298,freeway,freeway,5,0.0,25000
2,period,1200128,20298,freeway,freeway,6,0.0,25000
2,period,1200128,20298,freeway,freeway,7,0.0,25000
2,period,1200128,20298,freeway,freeway,8,0.0,25000
2,period,1200128,20298,freeway,freeway,9,0.0,25000
2,period,1200128,20298,freeway,freeway,10,0.0,25000
2,period,1225216,20298,freeway,breakout,1,6.0,514
2,period,1225216,20298,freeway,breakout,2,6.0,514
2,period,1225216,20298,freeway,breakout,3,5.0,514
2,period,1225216,20298,freeway,breakout,4,4.0,514
2,period,1225216,20298,freeway,breakout,5,3.0,514
2,period,1225216,20298,freeway,breakout,6,4.0,514
2,period,1225216,20298,freeway,breakout,7,5.0,514
2,period,1225216,20298,freeway,breakout,8,1.0,514
2,period,1225216,20298,freeway,breakout,9,3.0,514
2,period,1225216,20298,freeway,breakout,10,5.0,514
2,period,1225216,20298,freeway,space_invaders,1,9.0,1499
2,period,1225216,20298,freeway,space_invaders,2,21.0,1499
2,period,1225216,20298,freeway,space_invaders,3,16.0,1499
2,period,1225216,20298,freeway,space_invaders,4,21.0,1499
2,period,1225216,20298,freeway,space_invaders,5,6.0,1499
2,period,1225216,20298,freeway,space_invaders,6,18.0,1499
2,period,1225216,20298,freeway,space_invaders,7,10.0,1499
2,period,1225216,20298,freeway,space_invaders,8,4.0,1499
2,period,1225216,20298,freeway,space_invaders,9,9.0,1499
2,period,1225216,20298,freeway,space_invaders,10,9.0,1499
2,period,1225216,20298,freeway,freeway,1,0.0,25000
2,period,1225216,20298,freeway,freeway,2,0.0,25000
2,period,1225216,20298,freeway,freeway,3,0.0,25000
2,period,1225216,20298,freeway,freeway,4,0.0,25000
2,period,1225216,20298,freeway,freeway,5,1.0,25000
2,period,1225216,20298,freeway,freeway,6,0.0,25000
2,period,1225216,20298,freeway,freeway,7,0.0,25000
2,period,1225216,20298,freeway,freeway,8,1.0,25000
2,period,1225216,20298,freeway,freeway,9,0.0,25000
2,period,1225216,20298,freeway,freeway,10,0.0,25000
2,period,1250048,20314,freeway,breakout,1,3.0,608
2,period,1250048,20314,freeway,breakout,2,6.0,608
2,period,1250048,20314,freeway,breakout,3,6.0,608
2,period,1250048,20314,freeway,breakout,4,6.0,608
2,period,1250048,20314,freeway,breakout,5,6.0,608
2,period,1250048,20314,freeway,breakout,6,5.0,608
2,period,1250048,20314,freeway,breakout,7,5.0,608
2,period,1250048,20314,freeway,breakout,8,3.0,608
2,period,1250048,20314,freeway,breakout,9,6.0,608
2,period,1250048,20314,freeway,breakout,10,5.0,608
2,period,1250048,20314,freeway,space_invaders,1,12.0,1465
2,period,1250048,20314,freeway,space_invaders,2,10.0,1465
2,period,1250048,20314,freeway,space_invaders,3,5.0,1465
2,period,1250048,20314,freeway,space_invaders,4,10.0,1465
2,period,1250048,20314,freeway,space_invaders,5,13.0,1465
2,period,1250048,20314,freeway,space_invaders,6,17.0,1465
2,period,1250048,20314,freeway,space_invaders,7,5.0,1465
2,period,1250048,20314,freeway,space_invaders,8,13.0,1465
2,period,1250048,20314,freeway,space_invaders,9,4.0,1465
2,period,1250048,20314,freeway,space_invaders,10,15.0,1465
2,period,1250048,20314,freeway,freeway,1,0.0,25000
2,period,1250048,20314,freeway,freeway,2,0.0,25000
2,period,1250048,20314,freeway,freeway,3,0.0,25000
2,period,1250048,20314,freeway,freeway,4,0.0,25000
2,period,1250048,20314,freeway,freeway,5,0.0,25000
2,period,1250048,20314,freeway,freeway,6,1.0,25000
2,period,1250048,20314,freeway,freeway,7,0.0,25000
2,period,1250048,20314,freeway,freeway,8,0.0,25000
2,period,1250048,20314,freeway,freeway,9,0.0,25000
2,period,1250048,20314,freeway,freeway,10,0.0,25000
2,period,1275136,20314,freeway,breakout,1,6.0,624
2,period,1275136,20314,freeway,breakout,2,5.0,624
2,period,1275136,20314,freeway,breakout,3,5.0,624
2,period,1275136,20314,freeway,breakout,4,4.0,624
2,period,1275136,20314,freeway,breakout,5,6.0,624
2,period,1275136,20314,freeway,breakout,6,6.0,624
2,period,1275136,20314,freeway,breakout,7,5.0,624
2,period,1275136,20314,freeway,breakout,8,5.0,624
2,period,1275136,20314,freeway,breakout,9,5.0,624
2,period,1275136,20314,freeway,breakout,10,5.0,624
2,period,1275136,20314,freeway,space_invaders,1,9.0,1470
2,period,1275136,20314,freeway,space_invaders,2,10.0,1470
2,period,1275136,20314,freeway,space_invaders,3,9.0,1470
2,period,1275136,20314,freeway,space_invaders,4,14.0,1470
2,period,1275136,20314,freeway,space_invaders,5,11.0,1470
2,period,1275136,20314,freeway,space_invaders,6,6.0,1470
2,period,1275136,20314,freeway,space_invaders,7,19.0,1470
2,period,1275136,20314,freeway,space_invaders,8,15.0,1470
2,period,1275136,20314,freeway,space_invaders,9,6.0,1470
2,period,1275136,20314,freeway,space_invaders,10,13.0,1470
2,period,1275136,20314,freeway,freeway,1,0.0,25000
2,period,1275136,20314,freeway,freeway,2,0.0,25000
2,period,1275136,20314,freeway,freeway,3,0.0,25000
2,period,1275136,20314,freeway,freeway,4,0.0,25000
2,period,1275136,20314,freeway,freeway,5,0.0,25000
2,period,1275136,20314,freeway,freeway,6,0.0,25000
2,period,1275136,20314,freeway,freeway,7,0.0,25000
2,period,1275136,20314,freeway,freeway,8,0.0,25000
2,period,1275136,20314,freeway,freeway,9,0.0,25000
2,period,1275136,20314,freeway,freeway,10,0.0,25000
2,period,1300224,20330,freeway,breakout,1,1.0,516
2,period,1300224,20330,freeway,breakout,2,6.0,516
2,period,1300224,20330,freeway,breakout,3,5.0,516
2,period,1300224,20330,freeway,breakout,4,6.0,516
2,period,1300224,20330,freeway,breakout,5,5.0,516
2,period,1300224,20330,freeway,breakout,6,4.0,516
2,period,1300224,20330,freeway,breakout,7,1.0,516
2,period,1300224,20330,freeway,breakout,8,4.0,516
2,period,1300224,20330,freeway,breakout,9,5.0,516
2,period,1300224,20330,freeway,breakout,10,5.0,516
2,period,1300224,20330,freeway,space_invaders,1,3.0,914
2,period,1300224,20330,freeway,space_invaders,2,15.0,914
2,period,1300224,20330,freeway,space_invaders,3,5.0,914
2,period,1300224,20330,freeway,space_invaders,4,11.0,914
2,period,1300224,20330,freeway,space_invaders,5,7.0,914
2,period,1300224,20330,freeway,space_invaders,6,7.0,914
2,period,1300224,20330,freeway,space_invaders,7,10.0,914
2,period,1300224,20330,freeway,space_invaders,8,3.0,914
2,period,1300224,20330,freeway,space_invaders,9,10.0,914
2,period,1300224,20330,freeway,space_invaders,10,16.0,914
2,period,1300224,20330,freeway,freeway,1,0.0,25000
2,period,1300224,20330,freeway,freeway,2,0.0,25000
2,period,1300224,20330,freeway,freeway,3,0.0,25000
2,period,1300224,20330,freeway,freeway,4,0.0,25000
2,period,1300224,20330,freeway,freeway,5,0.0,25000
2,period,1300224,20330,freeway,freeway,6,0.0,25000
2,period,1300224,20330,freeway,freeway,7,0.0,25000
2,period,1300224,20330,freeway,freeway,8,0.0,25000
2,period,1300224,20330,freeway,freeway,9,0.0,25000
2,period,1300224,20330,freeway,freeway,10,0.0,25000
2,period,1325056,20346,freeway,breakout,1,2.0,578
2,period,1325056,20346,freeway,breakout,2,5.0,578
2,period,1325056,20346,freeway,breakout,3,5.0,578
2,period,1325056,20346,freeway,breakout,4,6.0,578
2,period,1325056,20346,freeway,breakout,5,3.0,578
2,period,1325056,20346,freeway,breakout,6,5.0,578
2,period,1325056,20346,freeway,breakout,7,6.0,578
2,period,1325056,20346,freeway,breakout,8,5.0,578
2,period,1325056,20346,freeway,breakout,9,6.0,578
2,period,1325056,20346,freeway,breakout,10,5.0,578
2,period,1325056,20346,freeway,space_invaders,1,14.0,1267
2,period,1325056,20346,freeway,space_invaders,2,11.0,1267
2,period,1325056,20346,freeway,space_invaders,3,7.0,1267
2,period,1325056,20346,freeway,space_invaders,4,6.0,1267
2,period,1325056,20346,freeway,space_invaders,5,9.0,1267
2,period,1325056,20346,freeway,space_invaders,6,6.0,1267
2,period,1325056,20346,freeway,space_invaders,7,7.0,1267
2,period,1325056,20346,freeway,space_invaders,8,9.0,1267
2,period,1325056,20346,freeway,space_invaders,9,6.0,1267
2,period,1325056,20346,freeway,space_invaders,10,19.0,1267
2,period,1325056,20346,freeway,freeway,1,0.0,25000
2,period,1325056,20346,freeway,freeway,2,0.0,25000
2,period,1325056,20346,freeway,freeway,3,0.0,25000
2,period,1325056,20346,freeway,freeway,4,0.0,25000
2,period,1325056,20346,freeway,freeway,5,0.0,25000
2,period,1325056,20346,freeway,freeway,6,0.0,25000
2,period,1325056,20346,freeway,freeway,7,0.0,25000
2,period,1325056,20346,freeway,freeway,8,0.0,25000
2,period,1325056,20346,freeway,freeway,9,0.0,25000
2,period,1325056,20346,freeway,freeway,10,0.0,25000
2,period,1350144,20346,freeway,breakout,1,5.0,648
2,period,1350144,20346,freeway,breakout,2,6.0,648
2,period,1350144,20346,freeway,breakout,3,6.0,648
2,period,1350144,20346,freeway,breakout,4,5.0,648
2,period,1350144,20346,freeway,breakout,5,5.0,648
2,period,1350144,20346,freeway,breakout,6,6.0,648
2,period,1350144,20346,freeway,breakout,7,5.0,648
2,period,1350144,20346,freeway,breakout,8,6.0,648
2,period,1350144,20346,freeway,breakout,9,4.0,648
2,period,1350144,20346,freeway,breakout,10,6.0,648
2,period,1350144,20346,freeway,space_invaders,1,15.0,1117
2,period,1350144,20346,freeway,space_invaders,2,7.0,1117
2,period,1350144,20346,freeway,space_invaders,3,6.0,1117
2,period,1350144,20346,freeway,space_invaders,4,5.0,1117
2,period,1350144,20346,freeway,space_invaders,5,6.0,1117
2,period,1350144,20346,freeway,space_invaders,6,12.0,1117
2,period,1350144,20346,freeway,space_invaders,7,10.0,1117
2,period,1350144,20346,freeway,space_invaders,8,6.0,1117
2,period,1350144,20346,freeway,space_invaders,9,13.0,1117
2,period,1350144,20346,freeway,space_invaders,10,8.0,1117
2,period,1350144,20346,freeway,freeway,1,0.0,25000
2,period,1350144,20346,freeway,freeway,2,0.0,25000
2,period,1350144,20346,freeway,freeway,3,0.0,25000
2,period,1350144,20346,freeway,freeway,4,0.0,25000
2,period,1350144,20346,freeway,freeway,5,0.0,25000
2,period,1350144,20346,freeway,freeway,6,2.0,25000
2,period,1350144,20346,freeway,freeway,7,0.0,25000
2,period,1350144,20346,freeway,freeway,8,0.0,25000
2,period,1350144,20346,freeway,freeway,9,1.0,25000
2,period,1350144,20346,freeway,freeway,10,0.0,25000
2,period,1375232,20362,freeway,breakout,1,5.0,462
2,period,1375232,20362,freeway,breakout,2,5.0,462
2,period,1375232,20362,freeway,breakout,3,5.0,462
2,period,1375232,20362,freeway,breakout,4,4.0,462
2,period,1375232,20362,freeway,breakout,5,5.0,462
2,period,1375232,20362,freeway,breakout,6,0.0,462
2,period,1375232,20362,freeway,breakout,7,2.0,462
2,period,1375232,20362,freeway,breakout,8,1.0,462
2,period,1375232,20362,freeway,breakout,9,6.0,462
2,period,1375232,20362,freeway,breakout,10,4.0,462
2,period,1375232,20362,freeway,space_invaders,1,12.0,905
2,period,1375232,20362,freeway,space_invaders,2,7.0,905
2,period,1375232,20362,freeway,space_invaders,3,7.0,905
2,period,1375232,20362,freeway,space_invaders,4,10.0,905
2,period,1375232,20362,freeway,space_invaders,5,5.0,905
2,period,1375232,20362,freeway,space_invaders,6,5.0,905
2,period,1375232,20362,freeway,space_invaders,7,9.0,905
2,period,1375232,20362,freeway,space_invaders,8,6.0,905
2,period,1375232,20362,freeway,space_invaders,9,15.0,905
2,period,1375232,20362,freeway,space_invaders,10,9.0,905
2,period,1375232,20362,freeway,freeway,1,0.0,25000
2,period,1375232,20362,freeway,freeway,2,0.0,25000
2,period,1375232,20362,freeway,freeway,3,0.0,25000
2,period,1375232,20362,freeway,freeway,4,0.0,25000
2,period,1375232,20362,freeway,freeway,5,0.0,25000
2,period,1375232,20362,freeway,freeway,6,1.0,25000
2,period,1375232,20362,freeway,freeway,7,0.0,25000
2,period,1375232,20362,freeway,freeway,8,0.0,25000
2,period,1375232,20362,freeway,freeway,9,0.0,25000
2,period,1375232,20362,freeway,freeway,10,1.0,25000
2,period,1400064,20378,freeway,breakout,1,5.0,630
2,period,1400064,20378,freeway,breakout,2,5.0,630
2,period,1400064,20378,freeway,breakout,3,5.0,630
2,period,1400064,20378,freeway,breakout,4,6.0,630
2,period,1400064,20378,freeway,breakout,5,6.0,630
2,period,1400064,20378,freeway,breakout,6,5.0,630
2,period,1400064,20378,freeway,breakout,7,5.0,630
2,period,1400064,20378,freeway,breakout,8,5.0,630
2,period,1400064,20378,freeway,breakout,9,5.0,630
2,period,1400064,20378,freeway,breakout,10,6.0,630
2,period,1400064,20378,freeway,space_invaders,1,10.0,1081
2,period,1400064,20378,freeway,space_invaders,2,11.0,1081
2,period,1400064,20378,freeway,space_invaders,3,4.0,1081
2,period,1400064,20378,freeway,space_invaders,4,10.0,1081
2,period,1400064,20378,freeway,space_invaders,5,9.0,1081
2,period,1400064,20378,freeway,space_invaders,6,5.0,1081
2,period,1400064,20378,freeway,space_invaders,7,15.0,1081
2,period,1400064,20378,freeway,space_invaders,8,8.0,1081
2,period,1400064,20378,freeway,space_invaders,9,10.0,1081
2,period,1400064,20378,freeway,space_invaders,10,7.0,1081
2,period,1400064,20378,freeway,freeway,1,0.0,25000
2,period,1400064,20378,freeway,freeway,2,0.0,25000
2,period,1400064,20378,freeway,freeway,3,0.0,25000
2,period,1400064,20378,freeway,freeway,4,0.0,25000
2,period,1400064,20378,freeway,freeway,5,0.0,25000
2,period,1400064,20378,freeway,freeway,6,0.0,25000
2,period,1400064,20378,freeway,freeway,7,0.0,25000
2,period,1400064,20378,freeway,freeway,8,0.0,25000
2,period,1400064,20378,freeway,freeway,9,0.0,25000
2,period,1400064,20378,freeway,freeway,10,0.0,25000
2,period,1425152,20378,freeway,breakout,1,6.0,516
2,period,1425152,20378,freeway,breakout,2,5.0,516
2,period,1425152,20378,freeway,breakout,3,2.0,516
2,period,1425152,20378,freeway,breakout,4,6.0,516
2,period,1425152,20378,freeway,breakout,5,3.0,516
2,period,1425152,20378,freeway,breakout,6,0.0,516
2,period,1425152,20378,freeway,breakout,7,5.0,516
2,period,1425152,20378,freeway,breakout,8,6.0,516
2,period,1425152,20378,freeway,breakout,9,6.0,516
2,period,1425152,20378,freeway,breakout,10,3.0,516
2,period,1425152,20378,freeway,space_invaders,1,17.0,1100
2,period,1425152,20378,freeway,space_invaders,2,8.0,1100
2,period,1425152,20378,freeway,space_invaders,3,9.0,1100
2,period,1425152,20378,freeway,space_invaders,4,8.0,1100
2,period,1425152,20378,freeway,space_invaders,5,6.0,1100
2,period,1425152,20378,freeway,space_invaders,6,5.0,1100
2,period,1425152,20378,freeway,space_invaders,7,15.0,1100
2,period,1425152,20378,freeway,space_invaders,8,18.0,1100
2,period,1425152,20378,freeway,space_invaders,9,4.0,1100
2,period,1425152,20378,freeway,space_invaders,10,4.0,1100
2,period,1425152,20378,freeway,freeway,1,0.0,25000
2,period,1425152,20378,freeway,freeway,2,0.0,25000
2,period,1425152,20378,freeway,freeway,3,0.0,25000
2,period,1425152,20378,freeway,freeway,4,0.0,25000
2,period,1425152,20378,freeway,freeway,5,0.0,25000
2,period,1425152,20378,freeway,freeway,6,0.0,25000
2,period,1425152,20378,freeway,freeway,7,0.0,25000
2,period,1425152,20378,freeway,freeway,8,0.0,25000
2,period,1425152,20378,freeway,freeway,9,0.0,25000
2,period,1425152,20378,freeway,freeway,10,0.0,25000
2,period,1450240,20394,freeway,breakout,1,5.0,550
2,period,1450240,20394,freeway,breakout,2,2.0,550
2,period,1450240,20394,freeway,breakout,3,1.0,550
2,period,1450240,20394,freeway,breakout,4,6.0,550
2,period,1450240,20394,freeway,breakout,5,6.0,550
2,period,1450240,20394,freeway,breakout,6,3.0,550
2,period,1450240,20394,freeway,breakout,7,5.0,550
2,period,1450240,20394,freeway,breakout,8,6.0,550
2,period,1450240,20394,freeway,breakout,9,6.0,550
2,period,1450240,20394,freeway,breakout,10,6.0,550
2,period,1450240,20394,freeway,space_invaders,1,16.0,1264
2,period,1450240,20394,freeway,space_invaders,2,6.0,1264
2,period,1450240,20394,freeway,space_invaders,3,15.0,1264
2,period,1450240,20394,freeway,space_invaders,4,11.0,1264
2,period,1450240,20394,freeway,space_invaders,5,9.0,1264
2,period,1450240,20394,freeway,space_invaders,6,11.0,1264
2,period,1450240,20394,freeway,space_invaders,7,11.0,1264
2,period,1450240,20394,freeway,space_invaders,8,11.0,1264
2,period,1450240,20394,freeway,space_invaders,9,7.0,1264
2,period,1450240,20394,freeway,space_invaders,10,5.0,1264
2,period,1450240,20394,freeway,freeway,1,1.0,25000
2,period,1450240,20394,freeway,freeway,2,0.0,25000
2,period,1450240,20394,freeway,freeway,3,1.0,25000
2,period,1450240,20394,freeway,freeway,4,0.0,25000
2,period,1450240,20394,freeway,freeway,5,0.0,25000
2,period,1450240,20394,freeway,freeway,6,0.0,25000
2,period,1450240,20394,freeway,freeway,7,0.0,25000
2,period,1450240,20394,freeway,freeway,8,1.0,25000
2,period,1450240,20394,freeway,freeway,9,0.0,25000
2,period,1450240,20394,freeway,freeway,10,0.0,25000
2,period,1475072,20394,freeway,breakout,1,6.0,632
2,period,1475072,20394,freeway,breakout,2,5.0,632
2,period,1475072,20394,freeway,breakout,3,5.0,632
2,period,1475072,20394,freeway,breakout,4,6.0,632
2,period,1475072,20394,freeway,breakout,5,6.0,632
2,period,1475072,20394,freeway,breakout,6,3.0,632
2,period,1475072,20394,freeway,breakout,7,5.0,632
2,period,1475072,20394,freeway,breakout,8,5.0,632
2,period,1475072,20394,freeway,breakout,9,6.0,632
2,period,1475072,20394,freeway,breakout,10,6.0,632
2,period,1475072,20394,freeway,space_invaders,1,12.0,1170
2,period,1475072,20394,freeway,space_invaders,2,13.0,1170
2,period,1475072,20394,freeway,space_invaders,3,6.0,1170
2,period,1475072,20394,freeway,space_invaders,4,9.0,1170
2,period,1475072,20394,freeway,space_invaders,5,14.0,1170
2,period,1475072,20394,freeway,space_invaders,6,10.0,1170
2,period,1475072,20394,freeway,space_invaders,7,2.0,1170
2,period,1475072,20394,freeway,space_invaders,8,8.0,1170
2,period,1475072,20394,freeway,space_invaders,9,10.0,1170
2,period,1475072,20394,freeway,space_invaders,10,6.0,1170
2,period,1475072,20394,freeway,freeway,1,1.0,25000
2,period,1475072,20394,freeway,freeway,2,0.0,25000
2,period,1475072,20394,freeway,freeway,3,0.0,25000
2,period,1475072,20394,freeway,freeway,4,0.0,25000
2,period,1475072,20394,freeway,freeway,5,0.0,25000
2,period,1475072,20394,freeway,freeway,6,1.0,25000
2,period,1475072,20394,freeway,freeway,7,0.0,25000
2,period,1475072,20394,freeway,freeway,8,0.0,25000
2,period,1475072,20394,freeway,freeway,9,1.0,25000
2,period,1475072,20394,freeway,freeway,10,0.0,25000
3,boundary,1999872,28996,breakout,breakout,1,6.0,604
3,boundary,1999872,28996,breakout,breakout,2,5.0,604
3,boundary,1999872,28996,breakout,breakout,3,3.0,604
3,boundary,1999872,28996,breakout,breakout,4,6.0,604
3,boundary,1999872,28996,breakout,breakout,5,6.0,604
3,boundary,1999872,28996,breakout,breakout,6,6.0,604
3,boundary,1999872,28996,breakout,breakout,7,4.0,604
3,boundary,1999872,28996,breakout,breakout,8,6.0,604
3,boundary,1999872,28996,breakout,breakout,9,6.0,604
3,boundary,1999872,28996,breakout,breakout,10,3.0,604
3,boundary,1999872,28996,breakout,space_invaders,1,6.0,866
3,boundary,1999872,28996,breakout,space_invaders,2,4.0,866
3,boundary,1999872,28996,breakout,space_invaders,3,9.0,866
3,boundary,1999872,28996,breakout,space_invaders,4,10.0,866
3,boundary,1999872,28996,breakout,space_invaders,5,5.0,866
3,boundary,1999872,28996,breakout,space_invaders,6,7.0,866
3,boundary,1999872,28996,breakout,space_invaders,7,3.0,866
3,boundary,1999872,28996,breakout,space_invaders,8,9.0,866
3,boundary,1999872,28996,breakout,space_invaders,9,10.0,866
3,boundary,1999872,28996,breakout,space_invaders,10,9.0,866
3,boundary,1999872,28996,breakout,freeway,1,0.0,25000
3,boundary,1999872,28996,breakout,freeway,2,0.0,25000
3,boundary,1999872,28996,breakout,freeway,3,0.0,25000
3,boundary,1999872,28996,breakout,freeway,4,0.0,25000
3,boundary,1999872,28996,breakout,freeway,5,0.0,25000
3,boundary,1999872,28996,breakout,freeway,6,0.0,25000
3,boundary,1999872,28996,breakout,freeway,7,0.0,25000
3,boundary,1999872,28996,breakout,freeway,8,0.0,25000
3,boundary,1999872,28996,breakout,freeway,9,0.0,25000
3,boundary,1999872,28996,breakout,freeway,10,1.0,25000
3,period,1500160,20414,breakout,breakout,1,3.0,484
3,period,1500160,20414,breakout,breakout,2,6.0,484
3,period,1500160,20414,breakout,breakout,3,5.0,484
3,period,1500160,20414,breakout,breakout,4,5.0,484
3,period,1500160,20414,breakout,breakout,5,5.0,484
3,period,1500160,20414,breakout,breakout,6,1.0,484
3,period,1500160,20414,breakout,breakout,7,5.0,484
3,period,1500160,20414,breakout,breakout,8,3.0,484
3,period,1500160,20414,breakout,breakout,9,1.0,484
3,period,1500160,20414,breakout,breakout,10,5.0,484
3,period,1500160,20414,breakout,space_invaders,1,6.0,886
3,period,1500160,20414,breakout,space_invaders,2,16.0,886
3,period,1500160,20414,breakout,space_invaders,3,10.0,886
3,period,1500160,20414,breakout,space_invaders,4,5.0,886
3,period,1500160,20414,breakout,space_invaders,5,3.0,886
3,period,1500160,20414,breakout,space_invaders,6,10.0,886
3,period,1500160,20414,breakout,space_invaders,7,3.0,886
3,period,1500160,20414,breakout,space_invaders,8,13.0,886
3,period,1500160,20414,breakout,space_invaders,9,7.0,886
3,period,1500160,20414,breakout,space_invaders,10,4.0,886
3,period,1500160,20414,breakout,freeway,1,0.0,25000
3,period,1500160,20414,breakout,freeway,2,0.0,25000
3,period,1500160,20414,breakout,freeway,3,0.0,25000
3,period,1500160,20414,breakout,freeway,4,1.0,25000
3,period,1500160,20414,breakout,freeway,5,0.0,25000
3,period,1500160,20414,breakout,freeway,6,0.0,25000
3,period,1500160,20414,breakout,freeway,7,1.0,25000
3,period,1500160,20414,breakout,freeway,8,0.0,25000
3,period,1500160,20414,breakout,freeway,9,0.0,25000
3,period,1500160,20414,breakout,freeway,10,0.0,25000
3,period,1525248,20894,breakout,breakout,1,6.0,490
3,period,1525248,20894,breakout,breakout,2,5.0,490
3,period,1525248,20894,breakout,breakout,3,3.0,490
3,period,1525248,20894,breakout,breakout,4,5.0,490
3,period,1525248,20894,breakout,breakout,5,1.0,490
3,period,1525248,20894,breakout,breakout,6,5.0,490
3,period,1525248,20894,breakout,breakout,7,3.0,490
3,period,1525248,20894,breakout,breakout,8,2.0,490
3,period,1525248,20894,breakout,breakout,9,5.0,490
3,period,1525248,20894,breakout,breakout,10,5.0,490
3,period,1525248,20894,breakout,space_invaders,1,10.0,1596
3,period,1525248,20894,breakout,space_invaders,2,13.0,1596
3,period,1525248,20894,breakout,space_invaders,3,23.0,1596
3,period,1525248,20894,breakout,space_invaders,4,8.0,1596
3,period,1525248,20894,breakout,space_invaders,5,9.0,1596
3,period,1525248,20894,breakout,space_invaders,6,9.0,1596
3,period,1525248,20894,breakout,space_invaders,7,13.0,1596
3,period,1525248,20894,breakout,space_invaders,8,16.0,1596
3,period,1525248,20894,breakout,space_invaders,9,4.0,1596
3,period,1525248,20894,breakout,space_invaders,10,13.0,1596
3,period,1525248,20894,breakout,freeway,1,1.0,25000
3,period,1525248,20894,breakout,freeway,2,0.0,25000
3,period,1525248,20894,breakout,freeway,3,0.0,25000
3,period,1525248,20894,breakout,freeway,4,0.0,25000
3,period,1525248,20894,breakout,freeway,5,0.0,25000
3,period,1525248,20894,breakout,freeway,6,0.0,25000
3,period,1525248,20894,breakout,freeway,7,0.0,25000
3,period,1525248,20894,breakout,freeway,8,1.0,25000
3,period,1525248,20894,breakout,freeway,9,0.0,25000
3,period,1525248,20894,breakout,freeway,10,1.0,25000
3,period,1550080,21344,breakout,breakout,1,2.0,436
3,period,1550080,21344,breakout,breakout,2,5.0,436
3,period,1550080,21344,breakout,breakout,3,2.0,436
3,period,1550080,21344,breakout,breakout,4,5.0,436
3,period,1550080,21344,breakout,breakout,5,5.0,436
3,period,1550080,21344,breakout,breakout,6,5.0,436
3,period,1550080,21344,breakout,breakout,7,1.0,436
3,period,1550080,21344,breakout,breakout,8,5.0,436
3,period,1550080,21344,breakout,breakout,9,3.0,436
3,period,1550080,21344,breakout,breakout,10,2.0,436
3,period,1550080,21344,breakout,space_invaders,1,14.0,1614
3,period,1550080,21344,breakout,space_invaders,2,4.0,1614
3,period,1550080,21344,breakout,space_invaders,3,10.0,1614
3,period,1550080,21344,breakout,space_invaders,4,14.0,1614
3,period,1550080,21344,breakout,space_invaders,5,18.0,1614
3,period,1550080,21344,breakout,space_invaders,6,10.0,1614
3,period,1550080,21344,breakout,space_invaders,7,20.0,1614
3,period,1550080,21344,breakout,space_invaders,8,10.0,1614
3,period,1550080,21344,breakout,space_invaders,9,13.0,1614
3,period,1550080,21344,breakout,space_invaders,10,7.0,1614
3,period,1550080,21344,breakout,freeway,1,0.0,25000
3,period,1550080,21344,breakout,freeway,2,1.0,25000
3,period,1550080,21344,breakout,freeway,3,1.0,25000
3,period,1550080,21344,breakout,freeway,4,1.0,25000
3,period,1550080,21344,breakout,freeway,5,0.0,25000
3,period,1550080,21344,breakout,freeway,6,0.0,25000
3,period,1550080,21344,breakout,freeway,7,0.0,25000
3,period,1550080,21344,breakout,freeway,8,1.0,25000
3,period,1550080,21344,breakout,freeway,9,0.0,25000
3,period,1550080,21344,breakout,freeway,10,0.0,25000
3,period,1575168,21794,breakout,breakout,1,2.0,530
3,period,1575168,21794,breakout,breakout,2,5.0,530
3,period,1575168,21794,breakout,breakout,3,2.0,530
3,period,1575168,21794,breakout,breakout,4,5.0,530
3,period,1575168,21794,breakout,breakout,5,6.0,530
3,period,1575168,21794,breakout,breakout,6,2.0,530
3,period,1575168,21794,breakout,breakout,7,5.0,530
3,period,1575168,21794,breakout,breakout,8,6.0,530
3,period,1575168,21794,breakout,breakout,9,6.0,530
3,period,1575168,21794,breakout,breakout,10,5.0,530
3,period,1575168,21794,breakout,space_invaders,1,7.0,907
3,period,1575168,21794,breakout,space_invaders,2,3.0,907
3,period,1575168,21794,breakout,space_invaders,3,6.0,907
3,period,1575168,21794,breakout,space_invaders,4,8.0,907
3,period,1575168,21794,breakout,space_invaders,5,9.0,907
3,period,1575168,21794,breakout,space_invaders,6,10.0,907
3,period,1575168,21794,breakout,space_invaders,7,16.0,907
3,period,1575168,21794,breakout,space_invaders,8,6.0,907
3,period,1575168,21794,breakout,space_invaders,9,5.0,907
3,period,1575168,21794,breakout,space_invaders,10,7.0,907
3,period,1575168,21794,breakout,freeway,1,0.0,25000
3,period,1575168,21794,breakout,freeway,2,0.0,25000
3,period,1575168,21794,breakout,freeway,3,0.0,25000
3,period,1575168,21794,breakout,freeway,4,0.0,25000
3,period,1575168,21794,breakout,freeway,5,0.0,25000
3,period,1575168,21794,breakout,freeway,6,0.0,25000
3,period,1575168,21794,breakout,freeway,7,0.0,25000
3,period,1575168,21794,breakout,freeway,8,0.0,25000
3,period,1575168,21794,breakout,freeway,9,0.0,25000
3,period,1575168,21794,breakout,freeway,10,0.0,25000
3,period,1600000,22233,breakout,breakout,1,5.0,606
3,period,1600000,22233,breakout,breakout,2,5.0,606
3,period,1600000,22233,breakout,breakout,3,6.0,606
3,period,1600000,22233,breakout,breakout,4,3.0,606
3,period,1600000,22233,breakout,breakout,5,6.0,606
3,period,1600000,22233,breakout,breakout,6,6.0,606
3,period,1600000,22233,breakout,breakout,7,6.0,606
3,period,1600000,22233,breakout,breakout,8,3.0,606
3,period,1600000,22233,breakout,breakout,9,5.0,606
3,period,1600000,22233,breakout,breakout,10,6.0,606
3,period,1600000,22233,breakout,space_invaders,1,7.0,1009
3,period,1600000,22233,breakout,space_invaders,2,7.0,1009
3,period,1600000,22233,breakout,space_invaders,3,7.0,1009
3,period,1600000,22233,breakout,space_invaders,4,4.0,1009
3,period,1600000,22233,breakout,space_invaders,5,3.0,1009
3,period,1600000,22233,breakout,space_invaders,6,17.0,1009
3,period,1600000,22233,breakout,space_invaders,7,18.0,1009
3,period,1600000,22233,breakout,space_invaders,8,6.0,1009
3,period,1600000,22233,breakout,space_invaders,9,5.0,1009
3,period,1600000,22233,breakout,space_invaders,10,8.0,1009
3,period,1600000,22233,breakout,freeway,1,0.0,25000
3,period,1600000,22233,breakout,freeway,2,0.0,25000
3,period,1600000,22233,breakout,freeway,3,0.0,25000
3,period,1600000,22233,breakout,freeway,4,1.0,25000
3,period,1600000,22233,breakout,freeway,5,0.0,25000
3,period,1600000,22233,breakout,freeway,6,0.0,25000
3,period,1600000,22233,breakout,freeway,7,0.0,25000
3,period,1600000,22233,breakout,freeway,8,0.0,25000
3,period,1600000,22233,breakout,freeway,9,0.0,25000
3,period,1600000,22233,breakout,freeway,10,0.0,25000
3,period,1625088,22658,breakout,breakout,1,6.0,608
3,period,1625088,22658,breakout,breakout,2,6.0,608
3,period,1625088,22658,breakout,breakout,3,6.0,608
3,period,1625088,22658,breakout,breakout,4,6.0,608
3,period,1625088,22658,breakout,breakout,5,6.0,608
3,period,1625088,22658,breakout,breakout,6,2.0,608
3,period,1625088,22658,breakout,breakout,7,3.0,608
3,period,1625088,22658,breakout,breakout,8,6.0,608
3,period,1625088,22658,breakout,breakout,9,5.0,608
3,period,1625088,22658,breakout,breakout,10,5.0,608
3,period,1625088,22658,breakout,space_invaders,1,4.0,1142
3,period,1625088,22658,breakout,space_invaders,2,16.0,1142
3,period,1625088,22658,breakout,space_invaders,3,10.0,1142
3,period,1625088,22658,breakout,space_invaders,4,10.0,1142
3,period,1625088,22658,breakout,space_invaders,5,5.0,1142
3,period,1625088,22658,breakout,space_invaders,6,16.0,1142
3,period,1625088,22658,breakout,space_invaders,7,7.0,1142
3,period,1625088,22658,breakout,space_invaders,8,7.0,1142
3,period,1625088,22658,breakout,space_invaders,9,9.0,1142
3,period,1625088,22658,breakout,space_invaders,10,11.0,1142
3,period,1625088,22658,breakout,freeway,1,0.0,25000
3,period,1625088,22658,breakout,freeway,2,0.0,25000
3,period,1625088,22658,breakout,freeway,3,0.0,25000
3,period,1625088,22658,breakout,freeway,4,1.0,25000
3,period,1625088,22658,breakout,freeway,5,0.0,25000
3,period,1625088,22658,breakout,freeway,6,0.0,25000
3,period,1625088,22658,breakout,freeway,7,1.0,25000
3,period,1625088,22658,breakout,freeway,8,1.0,25000
3,period,1625088,22658,breakout,freeway,9,0.0,25000
3,period,1625088,22658,breakout,freeway,10,0.0,25000
3,period,1650176,23109,breakout,breakout,1,4.0,518
3,period,1650176,23109,breakout,breakout,2,5.0,518
3,period,1650176,23109,breakout,breakout,3,5.0,518
3,period,1650176,23109,breakout,breakout,4,5.0,518
3,period,1650176,23109,breakout,breakout,5,6.0,518
3,period,1650176,23109,breakout,breakout,6,3.0,518
3,period,1650176,23109,breakout,breakout,7,5.0,518
3,period,1650176,23109,breakout,breakout,8,2.0,518
3,period,1650176,23109,breakout,breakout,9,6.0,518
3,period,1650176,23109,breakout,breakout,10,2.0,518
3,period,1650176,23109,breakout,space_invaders,1,10.0,1398
3,period,1650176,23109,breakout,space_invaders,2,21.0,1398
3,period,1650176,23109,breakout,space_invaders,3,13.0,1398
3,period,1650176,23109,breakout,space_invaders,4,10.0,1398
3,period,1650176,23109,breakout,space_invaders,5,20.0,1398
3,period,1650176,23109,breakout,space_invaders,6,5.0,1398
3,period,1650176,23109,breakout,space_invaders,7,18.0,1398
3,period,1650176,23109,breakout,space_invaders,8,8.0,1398
3,period,1650176,23109,breakout,space_invaders,9,9.0,1398
3,period,1650176,23109,breakout,space_invaders,10,11.0,1398
3,period,1650176,23109,breakout,freeway,1,0.0,25000
3,period,1650176,23109,breakout,freeway,2,1.0,25000
3,period,1650176,23109,breakout,freeway,3,0.0,25000
3,period,1650176,23109,breakout,freeway,4,0.0,25000
3,period,1650176,23109,breakout,freeway,5,0.0,25000
3,period,1650176,23109,breakout,freeway,6,0.0,25000
3,period,1650176,23109,breakout,freeway,7,0.0,25000
3,period,1650176,23109,breakout,freeway,8,0.0,25000
3,period,1650176,23109,breakout,freeway,9,0.0,25000
3,period,1650176,23109,breakout,freeway,10,0.0,25000
3,period,1675008,23556,breakout,breakout,1,6.0,542
3,period,1675008,23556,breakout,breakout,2,5.0,542
3,period,1675008,23556,breakout,breakout,3,1.0,542
3,period,1675008,23556,breakout,breakout,4,6.0,542
3,period,1675008,23556,breakout,breakout,5,6.0,542
3,period,1675008,23556,breakout,breakout,6,5.0,542
3,period,1675008,23556,breakout,breakout,7,5.0,542
3,period,1675008,23556,breakout,breakout,8,5.0,542
3,period,1675008,23556,breakout,breakout,9,5.0,542
3,period,1675008,23556,breakout,breakout,10,1.0,542
3,period,1675008,23556,breakout,space_invaders,1,5.0,1101
3,period,1675008,23556,breakout,space_invaders,2,4.0,1101
3,period,1675008,23556,breakout,space_invaders,3,15.0,1101
3,period,1675008,23556,breakout,space_invaders,4,4.0,1101
3,period,1675008,23556,breakout,space_invaders,5,8.0,1101
3,period,1675008,23556,breakout,space_invaders,6,16.0,1101
3,period,1675008,23556,breakout,space_invaders,7,6.0,1101
3,period,1675008,23556,breakout,space_invaders,8,12.0,1101
3,period,1675008,23556,breakout,space_invaders,9,7.0,1101
3,period,1675008,23556,breakout,space_invaders,10,13.0,1101
3,period,1675008,23556,breakout,freeway,1,0.0,25000
3,period,1675008,23556,breakout,freeway,2,0.0,25000
3,period,1675008,23556,breakout,freeway,3,0.0,25000
3,period,1675008,23556,breakout,freeway,4,0.0,25000
3,period,1675008,23556,breakout,freeway,5,0.0,25000
3,period,1675008,23556,breakout,freeway,6,0.0,25000
3,period,1675008,23556,breakout,freeway,7,0.0,25000
3,period,1675008,23556,breakout,freeway,8,0.0,25000
3,period,1675008,23556,breakout,freeway,9,0.0,25000
3,period,1675008,23556,breakout,freeway,10,0.0,25000
3,period,1700096,23994,breakout,breakout,1,5.0,560
3,period,1700096,23994,breakout,breakout,2,5.0,560
3,period,1700096,23994,breakout,breakout,3,5.0,560
3,period,1700096,23994,breakout,breakout,4,3.0,560
3,period,1700096,23994,breakout,breakout,5,6.0,560
3,period,1700096,23994,breakout,breakout,6,6.0,560
3,period,1700096,23994,breakout,breakout,7,5.0,560
3,period,1700096,23994,breakout,breakout,8,5.0,560
3,period,1700096,23994,breakout,breakout,9,3.0,560
3,period,1700096,23994,breakout,breakout,10,3.0,560
3,period,1700096,23994,breakout,space_invaders,1,4.0,1195
3,period,1700096,23994,breakout,space_invaders,2,15.0,1195
3,period,1700096,23994,breakout,space_invaders,3,5.0,1195
3,period,1700096,23994,breakout,space_invaders,4,14.0,1195
3,period,1700096,23994,breakout,space_invaders,5,18.0,1195
3,period,1700096,23994,breakout,space_invaders,6,6.0,1195
3,period,1700096,23994,breakout,space_invaders,7,8.0,1195
3,period,1700096,23994,breakout,space_invaders,8,9.0,1195
3,period,1700096,23994,breakout,space_invaders,9,9.0,1195
3,period,1700096,23994,breakout,space_invaders,10,9.0,1195
3,period,1700096,23994,breakout,freeway,1,0.0,25000
3,period,1700096,23994,breakout,freeway,2,0.0,25000
3,period,1700096,23994,breakout,freeway,3,0.0,25000
3,period,1700096,23994,breakout,freeway,4,0.0,25000
3,period,1700096,23994,breakout,freeway,5,0.0,25000
3,period,1700096,23994,breakout,freeway,6,1.0,25000
3,period,1700096,23994,breakout,freeway,7,0.0,25000
3,period,1700096,23994,breakout,freeway,8,0.0,25000
3,period,1700096,23994,breakout,freeway,9,0.0,25000
3,period,1700096,23994,breakout,freeway,10,0.0,25000
3,period,1725184,24418,breakout,breakout,1,5.0,586
3,period,1725184,24418,breakout,breakout,2,5.0,586
3,period,1725184,24418,breakout,breakout,3,6.0,586
3,period,1725184,24418,breakout,breakout,4,6.0,586
3,period,1725184,24418,breakout,breakout,5,5.0,586
3,period,1725184,24418,breakout,breakout,6,5.0,586
3,period,1725184,24418,breakout,breakout,7,5.0,586
3,period,1725184,24418,breakout,breakout,8,5.0,586
3,period,1725184,24418,breakout,breakout,9,6.0,586
3,period,1725184,24418,breakout,breakout,10,1.0,586
3,period,1725184,24418,breakout,space_invaders,1,6.0,896
3,period,1725184,24418,breakout,space_invaders,2,8.0,896
3,period,1725184,24418,breakout,space_invaders,3,7.0,896
3,period,1725184,24418,breakout,space_invaders,4,15.0,896
3,period,1725184,24418,breakout,space_invaders,5,4.0,896
3,period,1725184,24418,breakout,space_invaders,6,4.0,896
3,period,1725184,24418,breakout,space_invaders,7,7.0,896
3,period,1725184,24418,breakout,space_invaders,8,8.0,896
3,period,1725184,24418,breakout,space_invaders,9,6.0,896
3,period,1725184,24418,breakout,space_invaders,10,8.0,896
3,period,1725184,24418,breakout,freeway,1,0.0,25000
3,period,1725184,24418,breakout,freeway,2,0.0,25000
3,period,1725184,24418,breakout,freeway,3,1.0,25000
3,period,1725184,24418,breakout,freeway,4,0.0,25000
3,period,1725184,24418,breakout,freeway,5,0.0,25000
3,period,1725184,24418,breakout,freeway,6,1.0,25000
3,period,1725184,24418,breakout,freeway,7,0.0,25000
3,period,1725184,24418,breakout,freeway,8,0.0,25000
3,period,1725184,24418,breakout,freeway,9,0.0,25000
3,period,1725184,24418,breakout,freeway,10,0.0,25000
3,period,1750016,24848,breakout,breakout,1,6.0,618
3,period,1750016,24848,breakout,breakout,2,1.0,618
3,period,1750016,24848,breakout,breakout,3,5.0,618
3,period,1750016,24848,breakout,breakout,4,5.0,618
3,period,1750016,24848,breakout,breakout,5,6.0,618
3,period,1750016,24848,breakout,breakout,6,5.0,618
3,period,1750016,24848,breakout,breakout,7,6.0,618
3,period,1750016,24848,breakout,breakout,8,6.0,618
3,period,1750016,24848,breakout,breakout,9,6.0,618
3,period,1750016,24848,breakout,breakout,10,6.0,618
3,period,1750016,24848,breakout,space_invaders,1,13.0,1190
3,period,1750016,24848,breakout,space_invaders,2,6.0,1190
3,period,1750016,24848,breakout,space_invaders,3,7.0,1190
3,period,1750016,24848,breakout,space_invaders,4,8.0,1190
3,period,1750016,24848,breakout,space_invaders,5,5.0,1190
3,period,1750016,24848,breakout,space_invaders,6,5.0,1190
3,period,1750016,24848,breakout,space_invaders,7,9.0,1190
3,period,1750016,24848,breakout,space_invaders,8,8.0,1190
3,period,1750016,24848,breakout,space_invaders,9,6.0,1190
3,period,1750016,24848,breakout,space_invaders,10,12.0,1190
3,period,1750016,24848,breakout,freeway,1,0.0,25000
3,period,1750016,24848,breakout,freeway,2,0.0,25000
3,period,1750016,24848,breakout,freeway,3,0.0,25000
3,period,1750016,24848,breakout,freeway,4,0.0,25000
3,period,1750016,24848,breakout,freeway,5,0.0,25000
3,period,1750016,24848,breakout,freeway,6,0.0,25000
3,period,1750016,24848,breakout,freeway,7,0.0,25000
3,period,1750016,24848,breakout,freeway,8,0.0,25000
3,period,1750016,24848,breakout,freeway,9,0.0,25000
3,period,1750016,24848,breakout,freeway,10,0.0,25000
3,period,1775104,25268,breakout,breakout,1,6.0,588
3,period,1775104,25268,breakout,breakout,2,0.0,588
3,period,1775104,25268,breakout,breakout,3,5.0,588
3,period,1775104,25268,breakout,breakout,4,6.0,588
3,period,1775104,25268,breakout,breakout,5,5.0,588
3,period,1775104,25268,breakout,breakout,6,6.0,588
3,period,1775104,25268,breakout,breakout,7,5.0,588
3,period,1775104,25268,breakout,breakout,8,6.0,588
3,period,1775104,25268,breakout,breakout,9,5.0,588
3,period,1775104,25268,breakout,breakout,10,5.0,588
3,period,1775104,25268,breakout,space_invaders,1,15.0,1193
3,period,1775104,25268,breakout,space_invaders,2,5.0,1193
3,period,1775104,25268,breakout,space_invaders,3,5.0,1193
3,period,1775104,25268,breakout,space_invaders,4,15.0,1193
3,period,1775104,25268,breakout,space_invaders,5,5.0,1193
3,period,1775104,25268,breakout,space_invaders,6,5.0,1193
3,period,1775104,25268,breakout,space_invaders,7,11.0,1193
3,period,1775104,25268,breakout,space_invaders,8,4.0,1193
3,period,1775104,25268,breakout,space_invaders,9,15.0,1193
3,period,1775104,25268,breakout,space_invaders,10,9.0,1193
3,period,1775104,25268,breakout,freeway,1,0.0,25000
3,period,1775104,25268,breakout,freeway,2,0.0,25000
3,period,1775104,25268,breakout,freeway,3,0.0,25000
3,period,1775104,25268,breakout,freeway,4,0.0,25000
3,period,1775104,25268,breakout,freeway,5,0.0,25000
3,period,1775104,25268,breakout,freeway,6,0.0,25000
3,period,1775104,25268,breakout,freeway,7,0.0,25000
3,period,1775104,25268,breakout,freeway,8,1.0,25000
3,period,1775104,25268,breakout,freeway,9,0.0,25000
3,period,1775104,25268,breakout,freeway,10,0.0,25000
3,period,1800192,25689,breakout,breakout,1,6.0,598
3,period,1800192,25689,breakout,breakout,2,5.0,598
3,period,1800192,25689,breakout,breakout,3,5.0,598
3,period,1800192,25689,breakout,breakout,4,5.0,598
3,period,1800192,25689,breakout,breakout,5,5.0,598
3,period,1800192,25689,breakout,breakout,6,5.0,598
3,period,1800192,25689,breakout,breakout,7,5.0,598
3,period,1800192,25689,breakout,breakout,8,6.0,598
3,period,1800192,25689,breakout,breakout,9,2.0,598
3,period,1800192,25689,breakout,breakout,10,6.0,598
3,period,1800192,25689,breakout,space_invaders,1,8.0,870
3,period,1800192,25689,breakout,space_invaders,2,10.0,870
3,period,1800192,25689,breakout,space_invaders,3,6.0,870
3,period,1800192,25689,breakout,space_invaders,4,7.0,870
3,period,1800192,25689,breakout,space_invaders,5,4.0,870
3,period,1800192,25689,breakout,space_invaders,6,4.0,870
3,period,1800192,25689,breakout,space_invaders,7,5.0,870
3,period,1800192,25689,breakout,space_invaders,8,7.0,870
3,period,1800192,25689,breakout,space_invaders,9,10.0,870
3,period,1800192,25689,breakout,space_invaders,10,15.0,870
3,period,1800192,25689,breakout,freeway,1,1.0,25000
3,period,1800192,25689,breakout,freeway,2,0.0,25000
3,period,1800192,25689,breakout,freeway,3,0.0,25000
3,period,1800192,25689,breakout,freeway,4,0.0,25000
3,period,1800192,25689,breakout,freeway,5,0.0,25000
3,period,1800192,25689,breakout,freeway,6,0.0,25000
3,period,1800192,25689,breakout,freeway,7,0.0,25000
3,period,1800192,25689,breakout,freeway,8,2.0,25000
3,period,1800192,25689,breakout,freeway,9,0.0,25000
3,period,1800192,25689,breakout,freeway,10,0.0,25000
3,period,1825024,26101,breakout,breakout,1,6.0,608
3,period,1825024,26101,breakout,breakout,2,5.0,608
3,period,1825024,26101,breakout,breakout,3,6.0,608
3,period,1825024,26101,breakout,breakout,4,5.0,608
3,period,1825024,26101,breakout,breakout,5,7.0,608
3,period,1825024,26101,breakout,breakout,6,5.0,608
3,period,1825024,26101,breakout,breakout,7,6.0,608
3,period,1825024,26101,breakout,breakout,8,6.0,608
3,period,1825024,26101,breakout,breakout,9,5.0,608
3,period,1825024,26101,breakout,breakout,10,0.0,608
3,period,1825024,26101,breakout,space_invaders,1,12.0,1235
3,period,1825024,26101,breakout,space_invaders,2,5.0,1235
3,period,1825024,26101,breakout,space_invaders,3,7.0,1235
3,period,1825024,26101,breakout,space_invaders,4,14.0,1235
3,period,1825024,26101,breakout,space_invaders,5,9.0,1235
3,period,1825024,26101,breakout,space_invaders,6,9.0,1235
3,period,1825024,26101,breakout,space_invaders,7,15.0,1235
3,period,1825024,26101,breakout,space_invaders,8,8.0,1235
3,period,1825024,26101,breakout,space_invaders,9,9.0,1235
3,period,1825024,26101,breakout,space_invaders,10,8.0,1235
3,period,1825024,26101,breakout,freeway,1,0.0,25000
3,period,1825024,26101,breakout,freeway,2,0.0,25000
3,period,1825024,26101,breakout,freeway,3,0.0,25000
3,period,1825024,26101,breakout,freeway,4,0.0,25000
3,period,1825024,26101,breakout,freeway,5,0.0,25000
3,period,1825024,26101,breakout,freeway,6,0.0,25000
3,period,1825024,26101,breakout,freeway,7,0.0,25000
3,period,1825024,26101,breakout,freeway,8,0.0,25000
3,period,1825024,26101,breakout,freeway,9,0.0,25000
3,period,1825024,26101,breakout,freeway,10,1.0,25000
3,period,1850112,26524,breakout,breakout,1,5.0,650
3,period,1850112,26524,breakout,breakout,2,5.0,650
3,period,1850112,26524,breakout,breakout,3,6.0,650
3,period,1850112,26524,breakout,breakout,4,6.0,650
3,period,1850112,26524,breakout,breakout,5,6.0,650
3,period,1850112,26524,breakout,breakout,6,5.0,650
3,period,1850112,26524,breakout,breakout,7,6.0,650
3,period,1850112,26524,breakout,breakout,8,5.0,650
3,period,1850112,26524,breakout,breakout,9,5.0,650
3,period,1850112,26524,breakout,breakout,10,6.0,650
3,period,1850112,26524,breakout,space_invaders,1,16.0,1008
3,period,1850112,26524,breakout,space_invaders,2,7.0,1008
3,period,1850112,26524,breakout,space_invaders,3,7.0,1008
3,period,1850112,26524,breakout,space_invaders,4,5.0,1008
3,period,1850112,26524,breakout,space_invaders,5,7.0,1008
3,period,1850112,26524,breakout,space_invaders,6,18.0,1008
3,period,1850112,26524,breakout,space_invaders,7,3.0,1008
3,period,1850112,26524,breakout,space_invaders,8,5.0,1008
3,period,1850112,26524,breakout,space_invaders,9,3.0,1008
3,period,1850112,26524,breakout,space_invaders,10,7.0,1008
3,period,1850112,26524,breakout,freeway,1,0.0,25000
3,period,1850112,26524,breakout,freeway,2,0.0,25000
3,period,1850112,26524,breakout,freeway,3,0.0,25000
3,period,1850112,26524,breakout,freeway,4,0.0,25000
3,period,1850112,26524,breakout,freeway,5,0.0,25000
3,period,1850112,26524,breakout,freeway,6,0.0,25000
3,period,1850112,26524,breakout,freeway,7,1.0,25000
3,period,1850112,26524,breakout,freeway,8,0.0,25000
3,period,1850112,26524,breakout,freeway,9,0.0,25000
3,period,1850112,26524,breakout,freeway,10,0.0,25000
3,period,1875200,26939,breakout,breakout,1,6.0,576
3,period,1875200,26939,breakout,breakout,2,5.0,576
3,period,1875200,26939,breakout,breakout,3,2.0,576
3,period,1875200,26939,breakout,breakout,4,3.0,576
3,period,1875200,26939,breakout,breakout,5,5.0,576
3,period,1875200,26939,breakout,breakout,6,6.0,576
3,period,1875200,26939,breakout,breakout,7,6.0,576
3,period,1875200,26939,breakout,breakout,8,5.0,576
3,period,1875200,26939,breakout,breakout,9,6.0,576
3,period,1875200,26939,breakout,breakout,10,4.0,576
3,period,1875200,26939,breakout,space_invaders,1,20.0,1627
3,period,1875200,26939,breakout,space_invaders,2,5.0,1627
3,period,1875200,26939,breakout,space_invaders,3,18.0,1627
3,period,1875200,26939,breakout,space_invaders,4,11.0,1627
3,period,1875200,26939,breakout,space_invaders,5,10.0,1627
3,period,1875200,26939,breakout,space_invaders,6,5.0,1627
3,period,1875200,26939,breakout,space_invaders,7,18.0,1627
3,period,1875200,26939,breakout,space_invaders,8,15.0,1627
3,period,1875200,26939,breakout,space_invaders,9,13.0,1627
3,period,1875200,26939,breakout,space_invaders,10,8.0,1627
3,period,1875200,26939,breakout,freeway,1,0.0,25000
3,period,1875200,26939,breakout,freeway,2,0.0,25000
3,period,1875200,26939,breakout,freeway,3,0.0,25000
3,period,1875200,26939,breakout,freeway,4,1.0,25000
3,period,1875200,26939,breakout,freeway,5,0.0,25000
3,period,1875200,26939,breakout,freeway,6,0.0,25000
3,period,1875200,26939,breakout,freeway,7,0.0,25000
3,period,1875200,26939,breakout,freeway,8,0.0,25000
3,period,1875200,26939,breakout,freeway,9,0.0,25000
3,period,1875200,26939,breakout,freeway,10,0.0,25000
3,period,1900032,27349,breakout,breakout,1,6.0,660
3,period,1900032,27349,breakout,breakout,2,5.0,660
3,period,1900032,27349,breakout,breakout,3,6.0,660
3,period,1900032,27349,breakout,breakout,4,6.0,660
3,period,1900032,27349,breakout,breakout,5,5.0,660
3,period,1900032,27349,breakout,breakout,6,6.0,660
3,period,1900032,27349,breakout,breakout,7,5.0,660
3,period,1900032,27349,breakout,breakout,8,5.0,660
3,period,1900032,27349,breakout,breakout,9,6.0,660
3,period,1900032,27349,breakout,breakout,10,6.0,660
3,period,1900032,27349,breakout,space_invaders,1,13.0,1069
3,period,1900032,27349,breakout,space_invaders,2,4.0,1069
3,period,1900032,27349,breakout,space_invaders,3,9.0,1069
3,period,1900032,27349,breakout,space_invaders,4,8.0,1069
3,period,1900032,27349,breakout,space_invaders,5,7.0,1069
3,period,1900032,27349,breakout,space_invaders,6,4.0,1069
3,period,1900032,27349,breakout,space_invaders,7,8.0,1069
3,period,1900032,27349,breakout,space_invaders,8,4.0,1069
3,period,1900032,27349,breakout,space_invaders,9,7.0,1069
3,period,1900032,27349,breakout,space_invaders,10,9.0,1069
3,period,1900032,27349,breakout,freeway,1,0.0,25000
3,period,1900032,27349,breakout,freeway,2,0.0,25000
3,period,1900032,27349,breakout,freeway,3,0.0,25000
3,period,1900032,27349,breakout,freeway,4,0.0,25000
3,period,1900032,27349,breakout,freeway,5,1.0,25000
3,period,1900032,27349,breakout,freeway,6,0.0,25000
3,period,1900032,27349,breakout,freeway,7,0.0,25000
3,period,1900032,27349,breakout,freeway,8,1.0,25000
3,period,1900032,27349,breakout,freeway,9,0.0,25000
3,period,1900032,27349,breakout,freeway,10,0.0,25000
3,period,1925120,27765,breakout,breakout,1,6.0,576
3,period,1925120,27765,breakout,breakout,2,2.0,576
3,period,1925120,27765,breakout,breakout,3,6.0,576
3,period,1925120,27765,breakout,breakout,4,2.0,576
3,period,1925120,27765,breakout,breakout,5,6.0,576
3,period,1925120,27765,breakout,breakout,6,3.0,576
3,period,1925120,27765,breakout,breakout,7,5.0,576
3,period,1925120,27765,breakout,breakout,8,6.0,576
3,period,1925120,27765,breakout,breakout,9,6.0,576
3,period,1925120,27765,breakout,breakout,10,6.0,576
3,period,1925120,27765,breakout,space_invaders,1,18.0,1460
3,period,1925120,27765,breakout,space_invaders,2,14.0,1460
3,period,1925120,27765,breakout,space_invaders,3,6.0,1460
3,period,1925120,27765,breakout,space_invaders,4,4.0,1460
3,period,1925120,27765,breakout,space_invaders,5,9.0,1460
3,period,1925120,27765,breakout,space_invaders,6,6.0,1460
3,period,1925120,27765,breakout,space_invaders,7,8.0,1460
3,period,1925120,27765,breakout,space_invaders,8,11.0,1460
3,period,1925120,27765,breakout,space_invaders,9,17.0,1460
3,period,1925120,27765,breakout,space_invaders,10,15.0,1460
3,period,1925120,27765,breakout,freeway,1,0.0,25000
3,period,1925120,27765,breakout,freeway,2,2.0,25000
3,period,1925120,27765,breakout,freeway,3,0.0,25000
3,period,1925120,27765,breakout,freeway,4,0.0,25000
3,period,1925120,27765,breakout,freeway,5,0.0,25000
3,period,1925120,27765,breakout,freeway,6,0.0,25000
3,period,1925120,27765,breakout,freeway,7,1.0,25000
3,period,1925120,27765,breakout,freeway,8,0.0,25000
3,period,1925120,27765,breakout,freeway,9,0.0,25000
3,period,1925120,27765,breakout,freeway,10,0.0,25000
3,period,1950208,28182,breakout,breakout,1,6.0,610
3,period,1950208,28182,breakout,breakout,2,5.0,610
3,period,1950208,28182,breakout,breakout,3,6.0,610
3,period,1950208,28182,breakout,breakout,4,5.0,610
3,period,1950208,28182,breakout,breakout,5,5.0,610
3,period,1950208,28182,breakout,breakout,6,6.0,610
3,period,1950208,28182,breakout,breakout,7,5.0,610
3,period,1950208,28182,breakout,breakout,8,5.0,610
3,period,1950208,28182,breakout,breakout,9,5.0,610
3,period,1950208,28182,breakout,breakout,10,3.0,610
3,period,1950208,28182,breakout,space_invaders,1,3.0,1046
3,period,1950208,28182,breakout,space_invaders,2,19.0,1046
3,period,1950208,28182,breakout,space_invaders,3,4.0,1046
3,period,1950208,28182,breakout,space_invaders,4,9.0,1046
3,period,1950208,28182,breakout,space_invaders,5,14.0,1046
3,period,1950208,28182,breakout,space_invaders,6,19.0,1046
3,period,1950208,28182,breakout,space_invaders,7,10.0,1046
3,period,1950208,28182,breakout,space_invaders,8,4.0,1046
3,period,1950208,28182,breakout,space_invaders,9,17.0,1046
3,period,1950208,28182,breakout,space_invaders,10,4.0,1046
3,period,1950208,28182,breakout,freeway,1,0.0,25000
3,period,1950208,28182,breakout,freeway,2,2.0,25000
3,period,1950208,28182,breakout,freeway,3,0.0,25000
3,period,1950208,28182,breakout,freeway,4,0.0,25000
3,period,1950208,28182,breakout,freeway,5,1.0,25000
3,period,1950208,28182,breakout,freeway,6,0.0,25000
3,period,1950208,28182,breakout,freeway,7,0.0,25000
3,period,1950208,28182,breakout,freeway,8,0.0,25000
3,period,1950208,28182,breakout,freeway,9,0.0,25000
3,period,1950208,28182,breakout,freeway,10,0.0,25000
3,period,1975040,28586,breakout,breakout,1,6.0,682
3,period,1975040,28586,breakout,breakout,2,6.0,682
3,period,1975040,28586,breakout,breakout,3,6.0,682
3,period,1975040,28586,breakout,breakout,4,5.0,682
3,period,1975040,28586,breakout,breakout,5,6.0,682
3,period,1975040,28586,breakout,breakout,6,5.0,682
3,period,1975040,28586,breakout,breakout,7,6.0,682
3,period,1975040,28586,breakout,breakout,8,6.0,682
3,period,1975040,28586,breakout,breakout,9,7.0,682
3,period,1975040,28586,breakout,breakout,10,5.0,682
3,period,1975040,28586,breakout,space_invaders,1,8.0,1477
3,period,1975040,28586,breakout,space_invaders,2,22.0,1477
3,period,1975040,28586,breakout,space_invaders,3,14.0,1477
3,period,1975040,28586,breakout,space_invaders,4,7.0,1477
3,period,1975040,28586,breakout,space_invaders,5,17.0,1477
3,period,1975040,28586,breakout,space_invaders,6,7.0,1477
3,period,1975040,28586,breakout,space_invaders,7,13.0,1477
3,period,1975040,28586,breakout,space_invaders,8,11.0,1477
3,period,1975040,28586,breakout,space_invaders,9,9.0,1477
3,period,1975040,28586,breakout,space_invaders,10,16.0,1477
3,period,1975040,28586,breakout,freeway,1,0.0,25000
3,period,1975040,28586,breakout,freeway,2,0.0,25000
3,period,1975040,28586,breakout,freeway,3,0.0,25000
3,period,1975040,28586,breakout,freeway,4,0.0,25000
3,period,1975040,28586,breakout,freeway,5,0.0,25000
3,period,1975040,28586,breakout,freeway,6,0.0,25000
3,period,1975040,28586,breakout,freeway,7,0.0,25000
3,period,1975040,28586,breakout,freeway,8,0.0,25000
3,period,1975040,28586,breakout,freeway,9,0.0,25000
3,period,1975040,28586,breakout,freeway,10,0.0,25000
4,boundary,2499840,31828,space_invaders,breakout,1,3.0,546
4,boundary,2499840,31828,space_invaders,breakout,2,3.0,546
4,boundary,2499840,31828,space_invaders,breakout,3,2.0,546
4,boundary,2499840,31828,space_invaders,breakout,4,6.0,546
4,boundary,2499840,31828,space_invaders,breakout,5,6.0,546
4,boundary,2499840,31828,space_invaders,breakout,6,6.0,546
4,boundary,2499840,31828,space_invaders,breakout,7,3.0,546
4,boundary,2499840,31828,space_invaders,breakout,8,5.0,546
4,boundary,2499840,31828,space_invaders,breakout,9,5.0,546
4,boundary,2499840,31828,space_invaders,breakout,10,6.0,546
4,boundary,2499840,31828,space_invaders,space_invaders,1,7.0,2019
4,boundary,2499840,31828,space_invaders,space_invaders,2,11.0,2019
4,boundary,2499840,31828,space_invaders,space_invaders,3,19.0,2019
4,boundary,2499840,31828,space_invaders,space_invaders,4,20.0,2019
4,boundary,2499840,31828,space_invaders,space_invaders,5,17.0,2019
4,boundary,2499840,31828,space_invaders,space_invaders,6,12.0,2019
4,boundary,2499840,31828,space_invaders,space_invaders,7,12.0,2019
4,boundary,2499840,31828,space_invaders,space_invaders,8,20.0,2019
4,boundary,2499840,31828,space_invaders,space_invaders,9,18.0,2019
4,boundary,2499840,31828,space_invaders,space_invaders,10,18.0,2019
4,boundary,2499840,31828,space_invaders,freeway,1,0.0,25000
4,boundary,2499840,31828,space_invaders,freeway,2,0.0,25000
4,boundary,2499840,31828,space_invaders,freeway,3,0.0,25000
4,boundary,2499840,31828,space_invaders,freeway,4,0.0,25000
4,boundary,2499840,31828,space_invaders,freeway,5,0.0,25000
4,boundary,2499840,31828,space_invaders,freeway,6,0.0,25000
4,boundary,2499840,31828,space_invaders,freeway,7,0.0,25000
4,boundary,2499840,31828,space_invaders,freeway,8,0.0,25000
4,boundary,2499840,31828,space_invaders,freeway,9,0.0,25000
4,boundary,2499840,31828,space_invaders,freeway,10,0.0,25000
4,period,2000128,28996,space_invaders,breakout,1,5.0,638
4,period,2000128,28996,space_invaders,breakout,2,5.0,638
4,period,2000128,28996,space_invaders,breakout,3,3.0,638
4,period,2000128,28996,space_invaders,breakout,4,6.0,638
4,period,2000128,28996,space_invaders,breakout,5,6.0,638
4,period,2000128,28996,space_invaders,breakout,6,6.0,638
4,period,2000128,28996,space_invaders,breakout,7,6.0,638
4,period,2000128,28996,space_invaders,breakout,8,5.0,638
4,period,2000128,28996,space_invaders,breakout,9,6.0,638
4,period,2000128,28996,space_invaders,breakout,10,6.0,638
4,period,2000128,28996,space_invaders,space_invaders,1,7.0,1179
4,period,2000128,28996,space_invaders,space_invaders,2,5.0,1179
4,period,2000128,28996,space_invaders,space_invaders,3,8.0,1179
4,period,2000128,28996,space_invaders,space_invaders,4,13.0,1179
4,period,2000128,28996,space_invaders,space_invaders,5,5.0,1179
4,period,2000128,28996,space_invaders,space_invaders,6,17.0,1179
4,period,2000128,28996,space_invaders,space_invaders,7,13.0,1179
4,period,2000128,28996,space_invaders,space_invaders,8,6.0,1179
4,period,2000128,28996,space_invaders,space_invaders,9,7.0,1179
4,period,2000128,28996,space_invaders,space_invaders,10,13.0,1179
4,period,2000128,28996,space_invaders,freeway,1,0.0,25000
4,period,2000128,28996,space_invaders,freeway,2,0.0,25000
4,period,2000128,28996,space_invaders,freeway,3,0.0,25000
4,period,2000128,28996,space_invaders,freeway,4,0.0,25000
4,period,2000128,28996,space_invaders,freeway,5,0.0,25000
4,period,2000128,28996,space_invaders,freeway,6,0.0,25000
4,period,2000128,28996,space_invaders,freeway,7,1.0,25000
4,period,2000128,28996,space_invaders,freeway,8,1.0,25000
4,period,2000128,28996,space_invaders,freeway,9,0.0,25000
4,period,2000128,28996,space_invaders,freeway,10,0.0,25000
4,period,2025216,29176,space_invaders,breakout,1,5.0,620
4,period,2025216,29176,space_invaders,breakout,2,6.0,620
4,period,2025216,29176,space_invaders,breakout,3,6.0,620
4,period,2025216,29176,space_invaders,breakout,4,4.0,620
4,period,2025216,29176,space_invaders,breakout,5,5.0,620
4,period,2025216,29176,space_invaders,breakout,6,6.0,620
4,period,2025216,29176,space_invaders,breakout,7,6.0,620
4,period,2025216,29176,space_invaders,breakout,8,6.0,620
4,period,2025216,29176,space_invaders,breakout,9,3.0,620
4,period,2025216,29176,space_invaders,breakout,10,5.0,620
4,period,2025216,29176,space_invaders,space_invaders,1,5.0,1442
4,period,2025216,29176,space_invaders,space_invaders,2,8.0,1442
4,period,2025216,29176,space_invaders,space_invaders,3,14.0,1442
4,period,2025216,29176,space_invaders,space_invaders,4,13.0,1442
4,period,2025216,29176,space_invaders,space_invaders,5,22.0,1442
4,period,2025216,29176,space_invaders,space_invaders,6,13.0,1442
4,period,2025216,29176,space_invaders,space_invaders,7,12.0,1442
4,period,2025216,29176,space_invaders,space_invaders,8,10.0,1442
4,period,2025216,29176,space_invaders,space_invaders,9,17.0,1442
4,period,2025216,29176,space_invaders,space_invaders,10,11.0,1442
4,period,2025216,29176,space_invaders,freeway,1,1.0,25000
4,period,2025216,29176,space_invaders,freeway,2,0.0,25000
4,period,2025216,29176,space_invaders,freeway,3,0.0,25000
4,period,2025216,29176,space_invaders,freeway,4,0.0,25000
4,period,2025216,29176,space_invaders,freeway,5,0.0,25000
4,period,2025216,29176,space_invaders,freeway,6,0.0,25000
4,period,2025216,29176,space_invaders,freeway,7,0.0,25000
4,period,2025216,29176,space_invaders,freeway,8,0.0,25000
4,period,2025216,29176,space_invaders,freeway,9,0.0,25000
4,period,2025216,29176,space_invaders,freeway,10,0.0,25000
4,period,2050048,29331,space_invaders,breakout,1,6.0,564
4,period,2050048,29331,space_invaders,breakout,2,3.0,564
4,period,2050048,29331,space_invaders,breakout,3,3.0,564
4,period,2050048,29331,space_invaders,breakout,4,5.0,564
4,period,2050048,29331,space_invaders,breakout,5,6.0,564
4,period,2050048,29331,space_invaders,breakout,6,6.0,564
4,period,2050048,29331,space_invaders,breakout,7,6.0,564
4,period,2050048,29331,space_invaders,breakout,8,5.0,564
4,period,2050048,29331,space_invaders,breakout,9,6.0,564
4,period,2050048,29331,space_invaders,breakout,10,1.0,564
4,period,2050048,29331,space_invaders,space_invaders,1,7.0,1216
4,period,2050048,29331,space_invaders,space_invaders,2,12.0,1216
4,period,2050048,29331,space_invaders,space_invaders,3,9.0,1216
4,period,2050048,29331,space_invaders,space_invaders,4,10.0,1216
4,period,2050048,29331,space_invaders,space_invaders,5,10.0,1216
4,period,2050048,29331,space_invaders,space_invaders,6,9.0,1216
4,period,2050048,29331,space_invaders,space_invaders,7,16.0,1216
4,period,2050048,29331,space_invaders,space_invaders,8,10.0,1216
4,period,2050048,29331,space_invaders,space_invaders,9,3.0,1216
4,period,2050048,29331,space_invaders,space_invaders,10,11.0,1216
4,period,2050048,29331,space_invaders,freeway,1,2.0,25000
4,period,2050048,29331,space_invaders,freeway,2,1.0,25000
4,period,2050048,29331,space_invaders,freeway,3,0.0,25000
4,period,2050048,29331,space_invaders,freeway,4,0.0,25000
4,period,2050048,29331,space_invaders,freeway,5,1.0,25000
4,period,2050048,29331,space_invaders,freeway,6,0.0,25000
4,period,2050048,29331,space_invaders,freeway,7,0.0,25000
4,period,2050048,29331,space_invaders,freeway,8,0.0,25000
4,period,2050048,29331,space_invaders,freeway,9,0.0,25000
4,period,2050048,29331,space_invaders,freeway,10,0.0,25000
4,period,2075136,29504,space_invaders,breakout,1,6.0,618
4,period,2075136,29504,space_invaders,breakout,2,6.0,618
4,period,2075136,29504,space_invaders,breakout,3,6.0,618
4,period,2075136,29504,space_invaders,breakout,4,6.0,618
4,period,2075136,29504,space_invaders,breakout,5,6.0,618
4,period,2075136,29504,space_invaders,breakout,6,6.0,618
4,period,2075136,29504,space_invaders,breakout,7,0.0,618
4,period,2075136,29504,space_invaders,breakout,8,6.0,618
4,period,2075136,29504,space_invaders,breakout,9,3.0,618
4,period,2075136,29504,space_invaders,breakout,10,7.0,618
4,period,2075136,29504,space_invaders,space_invaders,1,11.0,1457
4,period,2075136,29504,space_invaders,space_invaders,2,14.0,1457
4,period,2075136,29504,space_invaders,space_invaders,3,11.0,1457
4,period,2075136,29504,space_invaders,space_invaders,4,10.0,1457
4,period,2075136,29504,space_invaders,space_invaders,5,10.0,1457
4,period,2075136,29504,space_invaders,space_invaders,6,10.0,1457
4,period,2075136,29504,space_invaders,space_invaders,7,11.0,1457
4,period,2075136,29504,space_invaders,space_invaders,8,10.0,1457
4,period,2075136,29504,space_invaders,space_invaders,9,9.0,1457
4,period,2075136,29504,space_invaders,space_invaders,10,11.0,1457
4,period,2075136,29504,space_invaders,freeway,1,0.0,25000
4,period,2075136,29504,space_invaders,freeway,2,0.0,25000
4,period,2075136,29504,space_invaders,freeway,3,0.0,25000
4,period,2075136,29504,space_invaders,freeway,4,0.0,25000
4,period,2075136,29504,space_invaders,freeway,5,0.0,25000
4,period,2075136,29504,space_invaders,freeway,6,0.0,25000
4,period,2075136,29504,space_invaders,freeway,7,0.0,25000
4,period,2075136,29504,space_invaders,freeway,8,0.0,25000
4,period,2075136,29504,space_invaders,freeway,9,1.0,25000
4,period,2075136,29504,space_invaders,freeway,10,0.0,25000
4,period,2100224,29668,space_invaders,breakout,1,5.0,650
4,period,2100224,29668,space_invaders,breakout,2,6.0,650
4,period,2100224,29668,space_invaders,breakout,3,5.0,650
4,period,2100224,29668,space_invaders,breakout,4,6.0,650
4,period,2100224,29668,space_invaders,breakout,5,6.0,650
4,period,2100224,29668,space_invaders,breakout,6,5.0,650
4,period,2100224,29668,space_invaders,breakout,7,4.0,650
4,period,2100224,29668,space_invaders,breakout,8,6.0,650
4,period,2100224,29668,space_invaders,breakout,9,6.0,650
4,period,2100224,29668,space_invaders,breakout,10,6.0,650
4,period,2100224,29668,space_invaders,space_invaders,1,17.0,1243
4,period,2100224,29668,space_invaders,space_invaders,2,11.0,1243
4,period,2100224,29668,space_invaders,space_invaders,3,16.0,1243
4,period,2100224,29668,space_invaders,space_invaders,4,11.0,1243
4,period,2100224,29668,space_invaders,space_invaders,5,3.0,1243
4,period,2100224,29668,space_invaders,space_invaders,6,10.0,1243
4,period,2100224,29668,space_invaders,space_invaders,7,10.0,1243
4,period,2100224,29668,space_invaders,space_invaders,8,11.0,1243
4,period,2100224,29668,space_invaders,space_invaders,9,8.0,1243
4,period,2100224,29668,space_invaders,space_invaders,10,7.0,1243
4,period,2100224,29668,space_invaders,freeway,1,0.0,25000
4,period,2100224,29668,space_invaders,freeway,2,0.0,25000
4,period,2100224,29668,space_invaders,freeway,3,0.0,25000
4,period,2100224,29668,space_invaders,freeway,4,0.0,25000
4,period,2100224,29668,space_invaders,freeway,5,0.0,25000
4,period,2100224,29668,space_invaders,freeway,6,0.0,25000
4,period,2100224,29668,space_invaders,freeway,7,0.0,25000
4,period,2100224,29668,space_invaders,freeway,8,0.0,25000
4,period,2100224,29668,space_invaders,freeway,9,0.0,25000
4,period,2100224,29668,space_invaders,freeway,10,1.0,25000
4,period,2125056,29849,space_invaders,breakout,1,5.0,652
4,period,2125056,29849,space_invaders,breakout,2,6.0,652
4,period,2125056,29849,space_invaders,breakout,3,4.0,652
4,period,2125056,29849,space_invaders,breakout,4,6.0,652
4,period,2125056,29849,space_invaders,breakout,5,6.0,652
4,period,2125056,29849,space_invaders,breakout,6,5.0,652
4,period,2125056,29849,space_invaders,breakout,7,4.0,652
4,period,2125056,29849,space_invaders,breakout,8,6.0,652
4,period,2125056,29849,space_invaders,breakout,9,6.0,652
4,period,2125056,29849,space_invaders,breakout,10,7.0,652
4,period,2125056,29849,space_invaders,space_invaders,1,11.0,1737
4,period,2125056,29849,space_invaders,space_invaders,2,16.0,1737
4,period,2125056,29849,space_invaders,space_invaders,3,23.0,1737
4,period,2125056,29849,space_invaders,space_invaders,4,9.0,1737
4,period,2125056,29849,space_invaders,space_invaders,5,12.0,1737
4,period,2125056,29849,space_invaders,space_invaders,6,11.0,1737
4,period,2125056,29849,space_invaders,space_invaders,7,11.0,1737
4,period,2125056,29849,space_invaders,space_invaders,8,11.0,1737
4,period,2125056,29849,space_invaders,space_invaders,9,16.0,1737
4,period,2125056,29849,space_invaders,space_invaders,10,3.0,1737
4,period,2125056,29849,space_invaders,freeway,1,0.0,25000
4,period,2125056,29849,space_invaders,freeway,2,0.0,25000
4,period,2125056,29849,space_invaders,freeway,3,0.0,25000
4,period,2125056,29849,space_invaders,freeway,4,1.0,25000
4,period,2125056,29849,space_invaders,freeway,5,0.0,25000
4,period,2125056,29849,space_invaders,freeway,6,0.0,25000
4,period,2125056,29849,space_invaders,freeway,7,0.0,25000
4,period,2125056,29849,space_invaders,freeway,8,0.0,25000
4,period,2125056,29849,space_invaders,freeway,9,0.0,25000
4,period,2125056,29849,space_invaders,freeway,10,0.0,25000
4,period,2150144,29993,space_invaders,breakout,1,4.0,582
4,period,2150144,29993,space_invaders,breakout,2,6.0,582
4,period,2150144,29993,space_invaders,breakout,3,6.0,582
4,period,2150144,29993,space_invaders,breakout,4,6.0,582
4,period,2150144,29993,space_invaders,breakout,5,6.0,582
4,period,2150144,29993,space_invaders,breakout,6,5.0,582
4,period,2150144,29993,space_invaders,breakout,7,5.0,582
4,period,2150144,29993,space_invaders,breakout,8,5.0,582
4,period,2150144,29993,space_invaders,breakout,9,4.0,582
4,period,2150144,29993,space_invaders,breakout,10,1.0,582
4,period,2150144,29993,space_invaders,space_invaders,1,11.0,1637
4,period,2150144,29993,space_invaders,space_invaders,2,9.0,1637
4,period,2150144,29993,space_invaders,space_invaders,3,21.0,1637
4,period,2150144,29993,space_invaders,space_invaders,4,11.0,1637
4,period,2150144,29993,space_invaders,space_invaders,5,11.0,1637
4,period,2150144,29993,space_invaders,space_invaders,6,9.0,1637
4,period,2150144,29993,space_invaders,space_invaders,7,16.0,1637
4,period,2150144,29993,space_invaders,space_invaders,8,12.0,1637
4,period,2150144,29993,space_invaders,space_invaders,9,18.0,1637
4,period,2150144,29993,space_invaders,space_invaders,10,9.0,1637
4,period,2150144,29993,space_invaders,freeway,1,0.0,25000
4,period,2150144,29993,space_invaders,freeway,2,0.0,25000
4,period,2150144,29993,space_invaders,freeway,3,0.0,25000
4,period,2150144,29993,space_invaders,freeway,4,0.0,25000
4,period,2150144,29993,space_invaders,freeway,5,0.0,25000
4,period,2150144,29993,space_invaders,freeway,6,0.0,25000
4,period,2150144,29993,space_invaders,freeway,7,0.0,25000
4,period,2150144,29993,space_invaders,freeway,8,1.0,25000
4,period,2150144,29993,space_invaders,freeway,9,0.0,25000
4,period,2150144,29993,space_invaders,freeway,10,0.0,25000
4,period,2175232,30132,space_invaders,breakout,1,6.0,644
4,period,2175232,30132,space_invaders,breakout,2,6.0,644
4,period,2175232,30132,space_invaders,breakout,3,6.0,644
4,period,2175232,30132,space_invaders,breakout,4,4.0,644
4,period,2175232,30132,space_invaders,breakout,5,5.0,644
4,period,2175232,30132,space_invaders,breakout,6,6.0,644
4,period,2175232,30132,space_invaders,breakout,7,5.0,644
4,period,2175232,30132,space_invaders,breakout,8,5.0,644
4,period,2175232,30132,space_invaders,breakout,9,5.0,644
4,period,2175232,30132,space_invaders,breakout,10,6.0,644
4,period,2175232,30132,space_invaders,space_invaders,1,12.0,1467
4,period,2175232,30132,space_invaders,space_invaders,2,12.0,1467
4,period,2175232,30132,space_invaders,space_invaders,3,9.0,1467
4,period,2175232,30132,space_invaders,space_invaders,4,7.0,1467
4,period,2175232,30132,space_invaders,space_invaders,5,11.0,1467
4,period,2175232,30132,space_invaders,space_invaders,6,9.0,1467
4,period,2175232,30132,space_invaders,space_invaders,7,7.0,1467
4,period,2175232,30132,space_invaders,space_invaders,8,9.0,1467
4,period,2175232,30132,space_invaders,space_invaders,9,13.0,1467
4,period,2175232,30132,space_invaders,space_invaders,10,17.0,1467
4,period,2175232,30132,space_invaders,freeway,1,0.0,25000
4,period,2175232,30132,space_invaders,freeway,2,0.0,25000
4,period,2175232,30132,space_invaders,freeway,3,0.0,25000
4,period,2175232,30132,space_invaders,freeway,4,0.0,25000
4,period,2175232,30132,space_invaders,freeway,5,1.0,25000
4,period,2175232,30132,space_invaders,freeway,6,0.0,25000
4,period,2175232,30132,space_invaders,freeway,7,0.0,25000
4,period,2175232,30132,space_invaders,freeway,8,0.0,25000
4,period,2175232,30132,space_invaders,freeway,9,0.0,25000
4,period,2175232,30132,space_invaders,freeway,10,0.0,25000
4,period,2200064,30274,space_invaders,breakout,1,5.0,586
4,period,2200064,30274,space_invaders,breakout,2,6.0,586
4,period,2200064,30274,space_invaders,breakout,3,6.0,586
4,period,2200064,30274,space_invaders,breakout,4,3.0,586
4,period,2200064,30274,space_invaders,breakout,5,5.0,586
4,period,2200064,30274,space_invaders,breakout,6,0.0,586
4,period,2200064,30274,space_invaders,breakout,7,6.0,586
4,period,2200064,30274,space_invaders,breakout,8,6.0,586
4,period,2200064,30274,space_invaders,breakout,9,6.0,586
4,period,2200064,30274,space_invaders,breakout,10,6.0,586
4,period,2200064,30274,space_invaders,space_invaders,1,8.0,1571
4,period,2200064,30274,space_invaders,space_invaders,2,12.0,1571
4,period,2200064,30274,space_invaders,space_invaders,3,13.0,1571
4,period,2200064,30274,space_invaders,space_invaders,4,5.0,1571
4,period,2200064,30274,space_invaders,space_invaders,5,10.0,1571
4,period,2200064,30274,space_invaders,space_invaders,6,11.0,1571
4,period,2200064,30274,space_invaders,space_invaders,7,16.0,1571
4,period,2200064,30274,space_invaders,space_invaders,8,10.0,1571
4,period,2200064,30274,space_invaders,space_invaders,9,4.0,1571
4,period,2200064,30274,space_invaders,space_invaders,10,12.0,1571
4,period,2200064,30274,space_invaders,freeway,1,0.0,25000
4,period,2200064,30274,space_invaders,freeway,2,0.0,25000
4,period,2200064,30274,space_invaders,freeway,3,1.0,25000
4,period,2200064,30274,space_invaders,freeway,4,0.0,25000
4,period,2200064,30274,space_invaders,freeway,5,0.0,25000
4,period,2200064,30274,space_invaders,freeway,6,0.0,25000
4,period,2200064,30274,space_invaders,freeway,7,0.0,25000
4,period,2200064,30274,space_invaders,freeway,8,0.0,25000
4,period,2200064,30274,space_invaders,freeway,9,0.0,25000
4,period,2200064,30274,space_invaders,freeway,10,0.0,25000
4,period,2225152,30425,space_invaders,breakout,1,3.0,630
4,period,2225152,30425,space_invaders,breakout,2,6.0,630
4,period,2225152,30425,space_invaders,breakout,3,5.0,630
4,period,2225152,30425,space_invaders,breakout,4,6.0,630
4,period,2225152,30425,space_invaders,breakout,5,6.0,630
4,period,2225152,30425,space_invaders,breakout,6,5.0,630
4,period,2225152,30425,space_invaders,breakout,7,6.0,630
4,period,2225152,30425,space_invaders,breakout,8,4.0,630
4,period,2225152,30425,space_invaders,breakout,9,6.0,630
4,period,2225152,30425,space_invaders,breakout,10,6.0,630
4,period,2225152,30425,space_invaders,space_invaders,1,40.0,1819
4,period,2225152,30425,space_invaders,space_invaders,2,16.0,1819
4,period,2225152,30425,space_invaders,space_invaders,3,15.0,1819
4,period,2225152,30425,space_invaders,space_invaders,4,3.0,1819
4,period,2225152,30425,space_invaders,space_invaders,5,8.0,1819
4,period,2225152,30425,space_invaders,space_invaders,6,7.0,1819
4,period,2225152,30425,space_invaders,space_invaders,7,22.0,1819
4,period,2225152,30425,space_invaders,space_invaders,8,12.0,1819
4,period,2225152,30425,space_invaders,space_invaders,9,7.0,1819
4,period,2225152,30425,space_invaders,space_invaders,10,7.0,1819
4,period,2225152,30425,space_invaders,freeway,1,0.0,25000
4,period,2225152,30425,space_invaders,freeway,2,0.0,25000
4,period,2225152,30425,space_invaders,freeway,3,0.0,25000
4,period,2225152,30425,space_invaders,freeway,4,0.0,25000
4,period,2225152,30425,space_invaders,freeway,5,0.0,25000
4,period,2225152,30425,space_invaders,freeway,6,0.0,25000
4,period,2225152,30425,space_invaders,freeway,7,0.0,25000
4,period,2225152,30425,space_invaders,freeway,8,0.0,25000
4,period,2225152,30425,space_invaders,freeway,9,0.0,25000
4,period,2225152,30425,space_invaders,freeway,10,0.0,25000
4,period,2250240,30569,space_invaders,breakout,1,6.0,610
4,period,2250240,30569,space_invaders,breakout,2,6.0,610
4,period,2250240,30569,space_invaders,breakout,3,6.0,610
4,period,2250240,30569,space_invaders,breakout,4,3.0,610
4,period,2250240,30569,space_invaders,breakout,5,6.0,610
4,period,2250240,30569,space_invaders,breakout,6,5.0,610
4,period,2250240,30569,space_invaders,breakout,7,5.0,610
4,period,2250240,30569,space_invaders,breakout,8,4.0,610
4,period,2250240,30569,space_invaders,breakout,9,5.0,610
4,period,2250240,30569,space_invaders,breakout,10,5.0,610
4,period,2250240,30569,space_invaders,space_invaders,1,23.0,1851
4,period,2250240,30569,space_invaders,space_invaders,2,10.0,1851
4,period,2250240,30569,space_invaders,space_invaders,3,20.0,1851
4,period,2250240,30569,space_invaders,space_invaders,4,12.0,1851
4,period,2250240,30569,space_invaders,space_invaders,5,10.0,1851
4,period,2250240,30569,space_invaders,space_invaders,6,30.0,1851
4,period,2250240,30569,space_invaders,space_invaders,7,19.0,1851
4,period,2250240,30569,space_invaders,space_invaders,8,3.0,1851
4,period,2250240,30569,space_invaders,space_invaders,9,3.0,1851
4,period,2250240,30569,space_invaders,space_invaders,10,4.0,1851
4,period,2250240,30569,space_invaders,freeway,1,1.0,25000
4,period,2250240,30569,space_invaders,freeway,2,0.0,25000
4,period,2250240,30569,space_invaders,freeway,3,0.0,25000
4,period,2250240,30569,space_invaders,freeway,4,0.0,25000
4,period,2250240,30569,space_invaders,freeway,5,1.0,25000
4,period,2250240,30569,space_invaders,freeway,6,0.0,25000
4,period,2250240,30569,space_invaders,freeway,7,0.0,25000
4,period,2250240,30569,space_invaders,freeway,8,0.0,25000
4,period,2250240,30569,space_invaders,freeway,9,0.0,25000
4,period,2250240,30569,space_invaders,freeway,10,0.0,25000
4,period,2275072,30704,space_invaders,breakout,1,5.0,652
4,period,2275072,30704,space_invaders,breakout,2,5.0,652
4,period,2275072,30704,space_invaders,breakout,3,5.0,652
4,period,2275072,30704,space_invaders,breakout,4,6.0,652
4,period,2275072,30704,space_invaders,breakout,5,6.0,652
4,period,2275072,30704,space_invaders,breakout,6,6.0,652
4,period,2275072,30704,space_invaders,breakout,7,5.0,652
4,period,2275072,30704,space_invaders,breakout,8,5.0,652
4,period,2275072,30704,space_invaders,breakout,9,6.0,652
4,period,2275072,30704,space_invaders,breakout,10,6.0,652
4,period,2275072,30704,space_invaders,space_invaders,1,20.0,2039
4,period,2275072,30704,space_invaders,space_invaders,2,9.0,2039
4,period,2275072,30704,space_invaders,space_invaders,3,14.0,2039
4,period,2275072,30704,space_invaders,space_invaders,4,13.0,2039
4,period,2275072,30704,space_invaders,space_invaders,5,19.0,2039
4,period,2275072,30704,space_invaders,space_invaders,6,14.0,2039
4,period,2275072,30704,space_invaders,space_invaders,7,15.0,2039
4,period,2275072,30704,space_invaders,space_invaders,8,11.0,2039
4,period,2275072,30704,space_invaders,space_invaders,9,11.0,2039
4,period,2275072,30704,space_invaders,space_invaders,10,15.0,2039
4,period,2275072,30704,space_invaders,freeway,1,0.0,25000
4,period,2275072,30704,space_invaders,freeway,2,0.0,25000
4,period,2275072,30704,space_invaders,freeway,3,1.0,25000
4,period,2275072,30704,space_invaders,freeway,4,0.0,25000
4,period,2275072,30704,space_invaders,freeway,5,0.0,25000
4,period,2275072,30704,space_invaders,freeway,6,0.0,25000
4,period,2275072,30704,space_invaders,freeway,7,0.0,25000
4,period,2275072,30704,space_invaders,freeway,8,1.0,25000
4,period,2275072,30704,space_invaders,freeway,9,0.0,25000
4,period,2275072,30704,space_invaders,freeway,10,0.0,25000
4,period,2300160,30832,space_invaders,breakout,1,7.0,572
4,period,2300160,30832,space_invaders,breakout,2,3.0,572
4,period,2300160,30832,space_invaders,breakout,3,0.0,572
4,period,2300160,30832,space_invaders,breakout,4,6.0,572
4,period,2300160,30832,space_invaders,breakout,5,5.0,572
4,period,2300160,30832,space_invaders,breakout,6,6.0,572
4,period,2300160,30832,space_invaders,breakout,7,6.0,572
4,period,2300160,30832,space_invaders,breakout,8,3.0,572
4,period,2300160,30832,space_invaders,breakout,9,6.0,572
4,period,2300160,30832,space_invaders,breakout,10,6.0,572
4,period,2300160,30832,space_invaders,space_invaders,1,9.0,1783
4,period,2300160,30832,space_invaders,space_invaders,2,11.0,1783
4,period,2300160,30832,space_invaders,space_invaders,3,14.0,1783
4,period,2300160,30832,space_invaders,space_invaders,4,3.0,1783
4,period,2300160,30832,space_invaders,space_invaders,5,20.0,1783
4,period,2300160,30832,space_invaders,space_invaders,6,14.0,1783
4,period,2300160,30832,space_invaders,space_invaders,7,19.0,1783
4,period,2300160,30832,space_invaders,space_invaders,8,15.0,1783
4,period,2300160,30832,space_invaders,space_invaders,9,8.0,1783
4,period,2300160,30832,space_invaders,space_invaders,10,14.0,1783
4,period,2300160,30832,space_invaders,freeway,1,0.0,25000
4,period,2300160,30832,space_invaders,freeway,2,0.0,25000
4,period,2300160,30832,space_invaders,freeway,3,0.0,25000
4,period,2300160,30832,space_invaders,freeway,4,0.0,25000
4,period,2300160,30832,space_invaders,freeway,5,0.0,25000
4,period,2300160,30832,space_invaders,freeway,6,0.0,25000
4,period,2300160,30832,space_invaders,freeway,7,0.0,25000
4,period,2300160,30832,space_invaders,freeway,8,0.0,25000
4,period,2300160,30832,space_invaders,freeway,9,0.0,25000
4,period,2300160,30832,space_invaders,freeway,10,0.0,25000
4,period,2325248,30954,space_invaders,breakout,1,6.0,670
4,period,2325248,30954,space_invaders,breakout,2,6.0,670
4,period,2325248,30954,space_invaders,breakout,3,5.0,670
4,period,2325248,30954,space_invaders,breakout,4,5.0,670
4,period,2325248,30954,space_invaders,breakout,5,5.0,670
4,period,2325248,30954,space_invaders,breakout,6,6.0,670
4,period,2325248,30954,space_invaders,breakout,7,7.0,670
4,period,2325248,30954,space_invaders,breakout,8,5.0,670
4,period,2325248,30954,space_invaders,breakout,9,6.0,670
4,period,2325248,30954,space_invaders,breakout,10,6.0,670
4,period,2325248,30954,space_invaders,space_invaders,1,20.0,2593
4,period,2325248,30954,space_invaders,space_invaders,2,19.0,2593
4,period,2325248,30954,space_invaders,space_invaders,3,23.0,2593
4,period,2325248,30954,space_invaders,space_invaders,4,15.0,2593
4,period,2325248,30954,space_invaders,space_invaders,5,14.0,2593
4,period,2325248,30954,space_invaders,space_invaders,6,20.0,2593
4,period,2325248,30954,space_invaders,space_invaders,7,21.0,2593
4,period,2325248,30954,space_invaders,space_invaders,8,8.0,2593
4,period,2325248,30954,space_invaders,space_invaders,9,15.0,2593
4,period,2325248,30954,space_invaders,space_invaders,10,17.0,2593
4,period,2325248,30954,space_invaders,freeway,1,0.0,25000
4,period,2325248,30954,space_invaders,freeway,2,0.0,25000
4,period,2325248,30954,space_invaders,freeway,3,0.0,25000
4,period,2325248,30954,space_invaders,freeway,4,0.0,25000
4,period,2325248,30954,space_invaders,freeway,5,0.0,25000
4,period,2325248,30954,space_invaders,freeway,6,0.0,25000
4,period,2325248,30954,space_invaders,freeway,7,0.0,25000
4,period,2325248,30954,space_invaders,freeway,8,0.0,25000
4,period,2325248,30954,space_invaders,freeway,9,0.0,25000
4,period,2325248,30954,space_invaders,freeway,10,0.0,25000
4,period,2350080,31079,space_invaders,breakout,1,2.0,578
4,period,2350080,31079,space_invaders,breakout,2,5.0,578
4,period,2350080,31079,space_invaders,breakout,3,6.0,578
4,period,2350080,31079,space_invaders,breakout,4,5.0,578
4,period,2350080,31079,space_invaders,breakout,5,3.0,578
4,period,2350080,31079,space_invaders,breakout,6,6.0,578
4,period,2350080,31079,space_invaders,breakout,7,6.0,578
4,period,2350080,31079,space_invaders,breakout,8,5.0,578
4,period,2350080,31079,space_invaders,breakout,9,5.0,578
4,period,2350080,31079,space_invaders,breakout,10,5.0,578
4,period,2350080,31079,space_invaders,space_invaders,1,10.0,1830
4,period,2350080,31079,space_invaders,space_invaders,2,11.0,1830
4,period,2350080,31079,space_invaders,space_invaders,3,20.0,1830
4,period,2350080,31079,space_invaders,space_invaders,4,23.0,1830
4,period,2350080,31079,space_invaders,space_invaders,5,11.0,1830
4,period,2350080,31079,space_invaders,space_invaders,6,12.0,1830
4,period,2350080,31079,space_invaders,space_invaders,7,11.0,1830
4,period,2350080,31079,space_invaders,space_invaders,8,16.0,1830
4,period,2350080,31079,space_invaders,space_invaders,9,10.0,1830
4,period,2350080,31079,space_invaders,space_invaders,10,16.0,1830
4,period,2350080,31079,space_invaders,freeway,1,1.0,25000
4,period,2350080,31079,space_invaders,freeway,2,0.0,25000
4,period,2350080,31079,space_invaders,freeway,3,0.0,25000
4,period,2350080,31079,space_invaders,freeway,4,0.0,25000
4,period,2350080,31079,space_invaders,freeway,5,1.0,25000
4,period,2350080,31079,space_invaders,freeway,6,0.0,25000
4,period,2350080,31079,space_invaders,freeway,7,0.0,25000
4,period,2350080,31079,space_invaders,freeway,8,0.0,25000
4,period,2350080,31079,space_invaders,freeway,9,0.0,25000
4,period,2350080,31079,space_invaders,freeway,10,1.0,25000
4,period,2375168,31223,space_invaders,breakout,1,6.0,662
4,period,2375168,31223,space_invaders,breakout,2,5.0,662
4,period,2375168,31223,space_invaders,breakout,3,6.0,662
4,period,2375168,31223,space_invaders,breakout,4,6.0,662
4,period,2375168,31223,space_invaders,breakout,5,6.0,662
4,period,2375168,31223,space_invaders,breakout,6,6.0,662
4,period,2375168,31223,space_invaders,breakout,7,5.0,662
4,period,2375168,31223,space_invaders,breakout,8,4.0,662
4,period,2375168,31223,space_invaders,breakout,9,6.0,662
4,period,2375168,31223,space_invaders,breakout,10,6.0,662
4,period,2375168,31223,space_invaders,space_invaders,1,30.0,2227
4,period,2375168,31223,space_invaders,space_invaders,2,3.0,2227
4,period,2375168,31223,space_invaders,space_invaders,3,16.0,2227
4,period,2375168,31223,space_invaders,space_invaders,4,15.0,2227
4,period,2375168,31223,space_invaders,space_invaders,5,19.0,2227
4,period,2375168,31223,space_invaders,space_invaders,6,11.0,2227
4,period,2375168,31223,space_invaders,space_invaders,7,20.0,2227
4,period,2375168,31223,space_invaders,space_invaders,8,26.0,2227
4,period,2375168,31223,space_invaders,space_invaders,9,19.0,2227
4,period,2375168,31223,space_invaders,space_invaders,10,12.0,2227
4,period,2375168,31223,space_invaders,freeway,1,0.0,25000
4,period,2375168,31223,space_invaders,freeway,2,0.0,25000
4,period,2375168,31223,space_invaders,freeway,3,0.0,25000
4,period,2375168,31223,space_invaders,freeway,4,0.0,25000
4,period,2375168,31223,space_invaders,freeway,5,0.0,25000
4,period,2375168,31223,space_invaders,freeway,6,0.0,25000
4,period,2375168,31223,space_invaders,freeway,7,0.0,25000
4,period,2375168,31223,space_invaders,freeway,8,0.0,25000
4,period,2375168,31223,space_invaders,freeway,9,0.0,25000
4,period,2375168,31223,space_invaders,freeway,10,1.0,25000
4,period,2400000,31343,space_invaders,breakout,1,5.0,556
4,period,2400000,31343,space_invaders,breakout,2,3.0,556
4,period,2400000,31343,space_invaders,breakout,3,5.0,556
4,period,2400000,31343,space_invaders,breakout,4,5.0,556
4,period,2400000,31343,space_invaders,breakout,5,6.0,556
4,period,2400000,31343,space_invaders,breakout,6,6.0,556
4,period,2400000,31343,space_invaders,breakout,7,5.0,556
4,period,2400000,31343,space_invaders,breakout,8,3.0,556
4,period,2400000,31343,space_invaders,breakout,9,3.0,556
4,period,2400000,31343,space_invaders,breakout,10,5.0,556
4,period,2400000,31343,space_invaders,space_invaders,1,23.0,2397
4,period,2400000,31343,space_invaders,space_invaders,2,10.0,2397
4,period,2400000,31343,space_invaders,space_invaders,3,23.0,2397
4,period,2400000,31343,space_invaders,space_invaders,4,18.0,2397
4,period,2400000,31343,space_invaders,space_invaders,5,14.0,2397
4,period,2400000,31343,space_invaders,space_invaders,6,22.0,2397
4,period,2400000,31343,space_invaders,space_invaders,7,12.0,2397
4,period,2400000,31343,space_invaders,space_invaders,8,16.0,2397
4,period,2400000,31343,space_invaders,space_invaders,9,18.0,2397
4,period,2400000,31343,space_invaders,space_invaders,10,23.0,2397
4,period,2400000,31343,space_invaders,freeway,1,0.0,25000
4,period,2400000,31343,space_invaders,freeway,2,0.0,25000
4,period,2400000,31343,space_invaders,freeway,3,0.0,25000
4,period,2400000,31343,space_invaders,freeway,4,0.0,25000
4,period,2400000,31343,space_invaders,freeway,5,0.0,25000
4,period,2400000,31343,space_invaders,freeway,6,0.0,25000
4,period,2400000,31343,space_invaders,freeway,7,0.0,25000
4,period,2400000,31343,space_invaders,freeway,8,0.0,25000
4,period,2400000,31343,space_invaders,freeway,9,0.0,25000
4,period,2400000,31343,space_invaders,freeway,10,0.0,25000
4,period,2425088,31456,space_invaders,breakout,1,3.0,546
4,period,2425088,31456,space_invaders,breakout,2,5.0,546
4,period,2425088,31456,space_invaders,breakout,3,5.0,546
4,period,2425088,31456,space_invaders,breakout,4,4.0,546
4,period,2425088,31456,space_invaders,breakout,5,5.0,546
4,period,2425088,31456,space_invaders,breakout,6,2.0,546
4,period,2425088,31456,space_invaders,breakout,7,5.0,546
4,period,2425088,31456,space_invaders,breakout,8,5.0,546
4,period,2425088,31456,space_invaders,breakout,9,6.0,546
4,period,2425088,31456,space_invaders,breakout,10,5.0,546
4,period,2425088,31456,space_invaders,space_invaders,1,22.0,2213
4,period,2425088,31456,space_invaders,space_invaders,2,17.0,2213
4,period,2425088,31456,space_invaders,space_invaders,3,23.0,2213
4,period,2425088,31456,space_invaders,space_invaders,4,18.0,2213
4,period,2425088,31456,space_invaders,space_invaders,5,9.0,2213
4,period,2425088,31456,space_invaders,space_invaders,6,15.0,2213
4,period,2425088,31456,space_invaders,space_invaders,7,18.0,2213
4,period,2425088,31456,space_invaders,space_invaders,8,13.0,2213
4,period,2425088,31456,space_invaders,space_invaders,9,18.0,2213
4,period,2425088,31456,space_invaders,space_invaders,10,16.0,2213
4,period,2425088,31456,space_invaders,freeway,1,0.0,25000
4,period,2425088,31456,space_invaders,freeway,2,0.0,25000
4,period,2425088,31456,space_invaders,freeway,3,0.0,25000
4,period,2425088,31456,space_invaders,freeway,4,0.0,25000
4,period,2425088,31456,space_invaders,freeway,5,0.0,25000
4,period,2425088,31456,space_invaders,freeway,6,1.0,25000
4,period,2425088,31456,space_invaders,freeway,7,0.0,25000
4,period,2425088,31456,space_invaders,freeway,8,0.0,25000
4,period,2425088,31456,space_invaders,freeway,9,0.0,25000
4,period,2425088,31456,space_invaders,freeway,10,0.0,25000
4,period,2450176,31588,space_invaders,breakout,1,5.0,644
4,period,2450176,31588,space_invaders,breakout,2,6.0,644
4,period,2450176,31588,space_invaders,breakout,3,6.0,644
4,period,2450176,31588,space_invaders,breakout,4,5.0,644
4,period,2450176,31588,space_invaders,breakout,5,5.0,644
4,period,2450176,31588,space_invaders,breakout,6,5.0,644
4,period,2450176,31588,space_invaders,breakout,7,5.0,644
4,period,2450176,31588,space_invaders,breakout,8,5.0,644
4,period,2450176,31588,space_invaders,breakout,9,6.0,644
4,period,2450176,31588,space_invaders,breakout,10,6.0,644
4,period,2450176,31588,space_invaders,space_invaders,1,9.0,1628
4,period,2450176,31588,space_invaders,space_invaders,2,21.0,1628
4,period,2450176,31588,space_invaders,space_invaders,3,9.0,1628
4,period,2450176,31588,space_invaders,space_invaders,4,3.0,1628
4,period,2450176,31588,space_invaders,space_invaders,5,17.0,1628
4,period,2450176,31588,space_invaders,space_invaders,6,16.0,1628
4,period,2450176,31588,space_invaders,space_invaders,7,18.0,1628
4,period,2450176,31588,space_invaders,space_invaders,8,16.0,1628
4,period,2450176,31588,space_invaders,space_invaders,9,9.0,1628
4,period,2450176,31588,space_invaders,space_invaders,10,13.0,1628
4,period,2450176,31588,space_invaders,freeway,1,0.0,25000
4,period,2450176,31588,space_invaders,freeway,2,0.0,25000
4,period,2450176,31588,space_invaders,freeway,3,0.0,25000
4,period,2450176,31588,space_invaders,freeway,4,0.0,25000
4,period,2450176,31588,space_invaders,freeway,5,0.0,25000
4,period,2450176,31588,space_invaders,freeway,6,1.0,25000
4,period,2450176,31588,space_invaders,freeway,7,0.0,25000
4,period,2450176,31588,space_invaders,freeway,8,0.0,25000
4,period,2450176,31588,space_invaders,freeway,9,0.0,25000
4,period,2450176,31588,space_invaders,freeway,10,0.0,25000
4,period,2475008,31707,space_invaders,breakout,1,6.0,576
4,period,2475008,31707,space_invaders,breakout,2,5.0,576
4,period,2475008,31707,space_invaders,breakout,3,6.0,576
4,period,2475008,31707,space_invaders,breakout,4,3.0,576
4,period,2475008,31707,space_invaders,breakout,5,5.0,576
4,period,2475008,31707,space_invaders,breakout,6,6.0,576
4,period,2475008,31707,space_invaders,breakout,7,6.0,576
4,period,2475008,31707,space_invaders,breakout,8,0.0,576
4,period,2475008,31707,space_invaders,breakout,9,6.0,576
4,period,2475008,31707,space_invaders,breakout,10,5.0,576
4,period,2475008,31707,space_invaders,space_invaders,1,17.0,2368
4,period,2475008,31707,space_invaders,space_invaders,2,16.0,2368
4,period,2475008,31707,space_invaders,space_invaders,3,19.0,2368
4,period,2475008,31707,space_invaders,space_invaders,4,19.0,2368
4,period,2475008,31707,space_invaders,space_invaders,5,22.0,2368
4,period,2475008,31707,space_invaders,space_invaders,6,18.0,2368
4,period,2475008,31707,space_invaders,space_invaders,7,17.0,2368
4,period,2475008,31707,space_invaders,space_invaders,8,16.0,2368
4,period,2475008,31707,space_invaders,space_invaders,9,22.0,2368
4,period,2475008,31707,space_invaders,space_invaders,10,12.0,2368
4,period,2475008,31707,space_invaders,freeway,1,0.0,25000
4,period,2475008,31707,space_invaders,freeway,2,0.0,25000
4,period,2475008,31707,space_invaders,freeway,3,0.0,25000
4,period,2475008,31707,space_invaders,freeway,4,0.0,25000
4,period,2475008,31707,space_invaders,freeway,5,0.0,25000
4,period,2475008,31707,space_invaders,freeway,6,0.0,25000
4,period,2475008,31707,space_invaders,freeway,7,0.0,25000
4,period,2475008,31707,space_invaders,freeway,8,0.0,25000
4,period,2475008,31707,space_invaders,freeway,9,0.0,25000
4,period,2475008,31707,space_invaders,freeway,10,0.0,25000
5,boundary,2999808,32020,freeway,breakout,1,6.0,440
5,boundary,2999808,32020,freeway,breakout,2,6.0,440
5,boundary,2999808,32020,freeway,breakout,3,1.0,440
5,boundary,2999808,32020,freeway,breakout,4,1.0,440
5,boundary,2999808,32020,freeway,breakout,5,1.0,440
5,boundary,2999808,32020,freeway,breakout,6,2.0,440
5,boundary,2999808,32020,freeway,breakout,7,6.0,440
5,boundary,2999808,32020,freeway,breakout,8,2.0,440
5,boundary,2999808,32020,freeway,breakout,9,7.0,440
5,boundary,2999808,32020,freeway,breakout,10,4.0,440
5,boundary,2999808,32020,freeway,space_invaders,1,11.0,1617
5,boundary,2999808,32020,freeway,space_invaders,2,5.0,1617
5,boundary,2999808,32020,freeway,space_invaders,3,10.0,1617
5,boundary,2999808,32020,freeway,space_invaders,4,22.0,1617
5,boundary,2999808,32020,freeway,space_invaders,5,14.0,1617
5,boundary,2999808,32020,freeway,space_invaders,6,22.0,1617
5,boundary,2999808,32020,freeway,space_invaders,7,9.0,1617
5,boundary,2999808,32020,freeway,space_invaders,8,11.0,1617
5,boundary,2999808,32020,freeway,space_invaders,9,17.0,1617
5,boundary,2999808,32020,freeway,space_invaders,10,16.0,1617
5,boundary,2999808,32020,freeway,freeway,1,30.0,25000
5,boundary,2999808,32020,freeway,freeway,2,24.0,25000
5,boundary,2999808,32020,freeway,freeway,3,25.0,25000
5,boundary,2999808,32020,freeway,freeway,4,21.0,25000
5,boundary,2999808,32020,freeway,freeway,5,26.0,25000
5,boundary,2999808,32020,freeway,freeway,6,25.0,25000
5,boundary,2999808,32020,freeway,freeway,7,27.0,25000
5,boundary,2999808,32020,freeway,freeway,8,19.0,25000
5,boundary,2999808,32020,freeway,freeway,9,20.0,25000
5,boundary,2999808,32020,freeway,freeway,10,26.0,25000
5,period,2500096,31828,freeway,breakout,1,5.0,622
5,period,2500096,31828,freeway,breakout,2,6.0,622
5,period,2500096,31828,freeway,breakout,3,6.0,622
5,period,2500096,31828,freeway,breakout,4,5.0,622
5,period,2500096,31828,freeway,breakout,5,5.0,622
5,period,2500096,31828,freeway,breakout,6,6.0,622
5,period,2500096,31828,freeway,breakout,7,3.0,622
5,period,2500096,31828,freeway,breakout,8,6.0,622
5,period,2500096,31828,freeway,breakout,9,5.0,622
5,period,2500096,31828,freeway,breakout,10,5.0,622
5,period,2500096,31828,freeway,space_invaders,1,12.0,1678
5,period,2500096,31828,freeway,space_invaders,2,14.0,1678
5,period,2500096,31828,freeway,space_invaders,3,7.0,1678
5,period,2500096,31828,freeway,space_invaders,4,23.0,1678
5,period,2500096,31828,freeway,space_invaders,5,19.0,1678
5,period,2500096,31828,freeway,space_invaders,6,8.0,1678
5,period,2500096,31828,freeway,space_invaders,7,23.0,1678
5,period,2500096,31828,freeway,space_invaders,8,17.0,1678
5,period,2500096,31828,freeway,space_invaders,9,9.0,1678
5,period,2500096,31828,freeway,space_invaders,10,3.0,1678
5,period,2500096,31828,freeway,freeway,1,0.0,25000
5,period,2500096,31828,freeway,freeway,2,0.0,25000
5,period,2500096,31828,freeway,freeway,3,0.0,25000
5,period,2500096,31828,freeway,freeway,4,0.0,25000
5,period,2500096,31828,freeway,freeway,5,0.0,25000
5,period,2500096,31828,freeway,freeway,6,0.0,25000
5,period,2500096,31828,freeway,freeway,7,0.0,25000
5,period,2500096,31828,freeway,freeway,8,0.0,25000
5,period,2500096,31828,freeway,freeway,9,0.0,25000
5,period,2500096,31828,freeway,freeway,10,0.0,25000
5,period,2525184,31828,freeway,breakout,1,6.0,574
5,period,2525184,31828,freeway,breakout,2,5.0,574
5,period,2525184,31828,freeway,breakout,3,6.0,574
5,period,2525184,31828,freeway,breakout,4,5.0,574
5,period,2525184,31828,freeway,breakout,5,2.0,574
5,period,2525184,31828,freeway,breakout,6,3.0,574
5,period,2525184,31828,freeway,breakout,7,6.0,574
5,period,2525184,31828,freeway,breakout,8,4.0,574
5,period,2525184,31828,freeway,breakout,9,5.0,574
5,period,2525184,31828,freeway,breakout,10,6.0,574
5,period,2525184,31828,freeway,space_invaders,1,9.0,2020
5,period,2525184,31828,freeway,space_invaders,2,9.0,2020
5,period,2525184,31828,freeway,space_invaders,3,14.0,2020
5,period,2525184,31828,freeway,space_invaders,4,12.0,2020
5,period,2525184,31828,freeway,space_invaders,5,25.0,2020
5,period,2525184,31828,freeway,space_invaders,6,14.0,2020
5,period,2525184,31828,freeway,space_invaders,7,12.0,2020
5,period,2525184,31828,freeway,space_invaders,8,18.0,2020
5,period,2525184,31828,freeway,space_invaders,9,13.0,2020
5,period,2525184,31828,freeway,space_invaders,10,44.0,2020
5,period,2525184,31828,freeway,freeway,1,0.0,25000
5,period,2525184,31828,freeway,freeway,2,1.0,25000
5,period,2525184,31828,freeway,freeway,3,0.0,25000
5,period,2525184,31828,freeway,freeway,4,0.0,25000
5,period,2525184,31828,freeway,freeway,5,0.0,25000
5,period,2525184,31828,freeway,freeway,6,0.0,25000
5,period,2525184,31828,freeway,freeway,7,0.0,25000
5,period,2525184,31828,freeway,freeway,8,0.0,25000
5,period,2525184,31828,freeway,freeway,9,0.0,25000
5,period,2525184,31828,freeway,freeway,10,0.0,25000
5,period,2550016,31844,freeway,breakout,1,5.0,546
5,period,2550016,31844,freeway,breakout,2,6.0,546
5,period,2550016,31844,freeway,breakout,3,1.0,546
5,period,2550016,31844,freeway,breakout,4,5.0,546
5,period,2550016,31844,freeway,breakout,5,5.0,546
5,period,2550016,31844,freeway,breakout,6,5.0,546
5,period,2550016,31844,freeway,breakout,7,3.0,546
5,period,2550016,31844,freeway,breakout,8,3.0,546
5,period,2550016,31844,freeway,breakout,9,6.0,546
5,period,2550016,31844,freeway,breakout,10,6.0,546
5,period,2550016,31844,freeway,space_invaders,1,10.0,2063
5,period,2550016,31844,freeway,space_invaders,2,11.0,2063
5,period,2550016,31844,freeway,space_invaders,3,11.0,2063
5,period,2550016,31844,freeway,space_invaders,4,20.0,2063
5,period,2550016,31844,freeway,space_invaders,5,11.0,2063
5,period,2550016,31844,freeway,space_invaders,6,13.0,2063
5,period,2550016,31844,freeway,space_invaders,7,21.0,2063
5,period,2550016,31844,freeway,space_invaders,8,12.0,2063
5,period,2550016,31844,freeway,space_invaders,9,18.0,2063
5,period,2550016,31844,freeway,space_invaders,10,14.0,2063
5,period,2550016,31844,freeway,freeway,1,0.0,25000
5,period,2550016,31844,freeway,freeway,2,1.0,25000
5,period,2550016,31844,freeway,freeway,3,0.0,25000
5,period,2550016,31844,freeway,freeway,4,0.0,25000
5,period,2550016,31844,freeway,freeway,5,0.0,25000
5,period,2550016,31844,freeway,freeway,6,0.0,25000
5,period,2550016,31844,freeway,freeway,7,0.0,25000
5,period,2550016,31844,freeway,freeway,8,0.0,25000
5,period,2550016,31844,freeway,freeway,9,0.0,25000
5,period,2550016,31844,freeway,freeway,10,0.0,25000
5,period,2575104,31844,freeway,breakout,1,5.0,576
5,period,2575104,31844,freeway,breakout,2,5.0,576
5,period,2575104,31844,freeway,breakout,3,5.0,576
5,period,2575104,31844,freeway,breakout,4,3.0,576
5,period,2575104,31844,freeway,breakout,5,6.0,576
5,period,2575104,31844,freeway,breakout,6,6.0,576
5,period,2575104,31844,freeway,breakout,7,4.0,576
5,period,2575104,31844,freeway,breakout,8,3.0,576
5,period,2575104,31844,freeway,breakout,9,5.0,576
5,period,2575104,31844,freeway,breakout,10,6.0,576
5,period,2575104,31844,freeway,space_invaders,1,22.0,2077
5,period,2575104,31844,freeway,space_invaders,2,8.0,2077
5,period,2575104,31844,freeway,space_invaders,3,17.0,2077
5,period,2575104,31844,freeway,space_invaders,4,12.0,2077
5,period,2575104,31844,freeway,space_invaders,5,13.0,2077
5,period,2575104,31844,freeway,space_invaders,6,9.0,2077
5,period,2575104,31844,freeway,space_invaders,7,18.0,2077
5,period,2575104,31844,freeway,space_invaders,8,33.0,2077
5,period,2575104,31844,freeway,space_invaders,9,10.0,2077
5,period,2575104,31844,freeway,space_invaders,10,12.0,2077
5,period,2575104,31844,freeway,freeway,1,0.0,25000
5,period,2575104,31844,freeway,freeway,2,0.0,25000
5,period,2575104,31844,freeway,freeway,3,0.0,25000
5,period,2575104,31844,freeway,freeway,4,0.0,25000
5,period,2575104,31844,freeway,freeway,5,0.0,25000
5,period,2575104,31844,freeway,freeway,6,0.0,25000
5,period,2575104,31844,freeway,freeway,7,0.0,25000
5,period,2575104,31844,freeway,freeway,8,0.0,25000
5,period,2575104,31844,freeway,freeway,9,0.0,25000
5,period,2575104,31844,freeway,freeway,10,0.0,25000
5,period,2600192,31860,freeway,breakout,1,6.0,524
5,period,2600192,31860,freeway,breakout,2,1.0,524
5,period,2600192,31860,freeway,breakout,3,5.0,524
5,period,2600192,31860,freeway,breakout,4,3.0,524
5,period,2600192,31860,freeway,breakout,5,5.0,524
5,period,2600192,31860,freeway,breakout,6,3.0,524
5,period,2600192,31860,freeway,breakout,7,4.0,524
5,period,2600192,31860,freeway,breakout,8,6.0,524
5,period,2600192,31860,freeway,breakout,9,5.0,524
5,period,2600192,31860,freeway,breakout,10,5.0,524
5,period,2600192,31860,freeway,space_invaders,1,20.0,1950
5,period,2600192,31860,freeway,space_invaders,2,9.0,1950
5,period,2600192,31860,freeway,space_invaders,3,19.0,1950
5,period,2600192,31860,freeway,space_invaders,4,4.0,1950
5,period,2600192,31860,freeway,space_invaders,5,23.0,1950
5,period,2600192,31860,freeway,space_invaders,6,11.0,1950
5,period,2600192,31860,freeway,space_invaders,7,13.0,1950
5,period,2600192,31860,freeway,space_invaders,8,12.0,1950
5,period,2600192,31860,freeway,space_invaders,9,22.0,1950
5,period,2600192,31860,freeway,space_invaders,10,20.0,1950
5,period,2600192,31860,freeway,freeway,1,1.0,25000
5,period,2600192,31860,freeway,freeway,2,0.0,25000
5,period,2600192,31860,freeway,freeway,3,0.0,25000
5,period,2600192,31860,freeway,freeway,4,0.0,25000
5,period,2600192,31860,freeway,freeway,5,0.0,25000
5,period,2600192,31860,freeway,freeway,6,0.0,25000
5,period,2600192,31860,freeway,freeway,7,0.0,25000
5,period,2600192,31860,freeway,freeway,8,1.0,25000
5,period,2600192,31860,freeway,freeway,9,0.0,25000
5,period,2600192,31860,freeway,freeway,10,0.0,25000
5,period,2625024,31876,freeway,breakout,1,5.0,576
5,period,2625024,31876,freeway,breakout,2,5.0,576
5,period,2625024,31876,freeway,breakout,3,6.0,576
5,period,2625024,31876,freeway,breakout,4,5.0,576
5,period,2625024,31876,freeway,breakout,5,5.0,576
5,period,2625024,31876,freeway,breakout,6,5.0,576
5,period,2625024,31876,freeway,breakout,7,6.0,576
5,period,2625024,31876,freeway,breakout,8,1.0,576
5,period,2625024,31876,freeway,breakout,9,5.0,576
5,period,2625024,31876,freeway,breakout,10,5.0,576
5,period,2625024,31876,freeway,space_invaders,1,16.0,1673
5,period,2625024,31876,freeway,space_invaders,2,10.0,1673
5,period,2625024,31876,freeway,space_invaders,3,23.0,1673
5,period,2625024,31876,freeway,space_invaders,4,3.0,1673
5,period,2625024,31876,freeway,space_invaders,5,11.0,1673
5,period,2625024,31876,freeway,space_invaders,6,12.0,1673
5,period,2625024,31876,freeway,space_invaders,7,22.0,1673
5,period,2625024,31876,freeway,space_invaders,8,5.0,1673
5,period,2625024,31876,freeway,space_invaders,9,9.0,1673
5,period,2625024,31876,freeway,space_invaders,10,14.0,1673
5,period,2625024,31876,freeway,freeway,1,0.0,25000
5,period,2625024,31876,freeway,freeway,2,1.0,25000
5,period,2625024,31876,freeway,freeway,3,0.0,25000
5,period,2625024,31876,freeway,freeway,4,0.0,25000
5,period,2625024,31876,freeway,freeway,5,2.0,25000
5,period,2625024,31876,freeway,freeway,6,0.0,25000
5,period,2625024,31876,freeway,freeway,7,0.0,25000
5,period,2625024,31876,freeway,freeway,8,1.0,25000
5,period,2625024,31876,freeway,freeway,9,0.0,25000
5,period,2625024,31876,freeway,freeway,10,1.0,25000
5,period,2650112,31876,freeway,breakout,1,5.0,640
5,period,2650112,31876,freeway,breakout,2,5.0,640
5,period,2650112,31876,freeway,breakout,3,5.0,640
5,period,2650112,31876,freeway,breakout,4,5.0,640
5,period,2650112,31876,freeway,breakout,5,5.0,640
5,period,2650112,31876,freeway,breakout,6,6.0,640
5,period,2650112,31876,freeway,breakout,7,6.0,640
5,period,2650112,31876,freeway,breakout,8,5.0,640
5,period,2650112,31876,freeway,breakout,9,5.0,640
5,period,2650112,31876,freeway,breakout,10,6.0,640
5,period,2650112,31876,freeway,space_invaders,1,10.0,1938
5,period,2650112,31876,freeway,space_invaders,2,14.0,1938
5,period,2650112,31876,freeway,space_invaders,3,20.0,1938
5,period,2650112,31876,freeway,space_invaders,4,23.0,1938
5,period,2650112,31876,freeway,space_invaders,5,8.0,1938
5,period,2650112,31876,freeway,space_invaders,6,13.0,1938
5,period,2650112,31876,freeway,space_invaders,7,12.0,1938
5,period,2650112,31876,freeway,space_invaders,8,11.0,1938
5,period,2650112,31876,freeway,space_invaders,9,19.0,1938
5,period,2650112,31876,freeway,space_invaders,10,20.0,1938
5,period,2650112,31876,freeway,freeway,1,1.0,25000
5,period,2650112,31876,freeway,freeway,2,0.0,25000
5,period,2650112,31876,freeway,freeway,3,0.0,25000
5,period,2650112,31876,freeway,freeway,4,1.0,25000
5,period,2650112,31876,freeway,freeway,5,1.0,25000
5,period,2650112,31876,freeway,freeway,6,0.0,25000
5,period,2650112,31876,freeway,freeway,7,0.0,25000
5,period,2650112,31876,freeway,freeway,8,0.0,25000
5,period,2650112,31876,freeway,freeway,9,2.0,25000
5,period,2650112,31876,freeway,freeway,10,0.0,25000
5,period,2675200,31892,freeway,breakout,1,6.0,512
5,period,2675200,31892,freeway,breakout,2,3.0,512
5,period,2675200,31892,freeway,breakout,3,3.0,512
5,period,2675200,31892,freeway,breakout,4,0.0,512
5,period,2675200,31892,freeway,breakout,5,5.0,512
5,period,2675200,31892,freeway,breakout,6,5.0,512
5,period,2675200,31892,freeway,breakout,7,6.0,512
5,period,2675200,31892,freeway,breakout,8,6.0,512
5,period,2675200,31892,freeway,breakout,9,3.0,512
5,period,2675200,31892,freeway,breakout,10,5.0,512
5,period,2675200,31892,freeway,space_invaders,1,15.0,1840
5,period,2675200,31892,freeway,space_invaders,2,14.0,1840
5,period,2675200,31892,freeway,space_invaders,3,12.0,1840
5,period,2675200,31892,freeway,space_invaders,4,13.0,1840
5,period,2675200,31892,freeway,space_invaders,5,11.0,1840
5,period,2675200,31892,freeway,space_invaders,6,14.0,1840
5,period,2675200,31892,freeway,space_invaders,7,19.0,1840
5,period,2675200,31892,freeway,space_invaders,8,17.0,1840
5,period,2675200,31892,freeway,space_invaders,9,12.0,1840
5,period,2675200,31892,freeway,space_invaders,10,15.0,1840
5,period,2675200,31892,freeway,freeway,1,0.0,25000
5,period,2675200,31892,freeway,freeway,2,1.0,25000
5,period,2675200,31892,freeway,freeway,3,0.0,25000
5,period,2675200,31892,freeway,freeway,4,1.0,25000
5,period,2675200,31892,freeway,freeway,5,2.0,25000
5,period,2675200,31892,freeway,freeway,6,0.0,25000
5,period,2675200,31892,freeway,freeway,7,0.0,25000
5,period,2675200,31892,freeway,freeway,8,1.0,25000
5,period,2675200,31892,freeway,freeway,9,0.0,25000
5,period,2675200,31892,freeway,freeway,10,0.0,25000
5,period,2700032,31908,freeway,breakout,1,6.0,636
5,period,2700032,31908,freeway,breakout,2,5.0,636
5,period,2700032,31908,freeway,breakout,3,5.0,636
5,period,2700032,31908,freeway,breakout,4,5.0,636
5,period,2700032,31908,freeway,breakout,5,6.0,636
5,period,2700032,31908,freeway,breakout,6,6.0,636
5,period,2700032,31908,freeway,breakout,7,4.0,636
5,period,2700032,31908,freeway,breakout,8,5.0,636
5,period,2700032,31908,freeway,breakout,9,5.0,636
5,period,2700032,31908,freeway,breakout,10,6.0,636
5,period,2700032,31908,freeway,space_invaders,1,23.0,1963
5,period,2700032,31908,freeway,space_invaders,2,14.0,1963
5,period,2700032,31908,freeway,space_invaders,3,12.0,1963
5,period,2700032,31908,freeway,space_invaders,4,10.0,1963
5,period,2700032,31908,freeway,space_invaders,5,19.0,1963
5,period,2700032,31908,freeway,space_invaders,6,21.0,1963
5,period,2700032,31908,freeway,space_invaders,7,11.0,1963
5,period,2700032,31908,freeway,space_invaders,8,19.0,1963
5,period,2700032,31908,freeway,space_invaders,9,18.0,1963
5,period,2700032,31908,freeway,space_invaders,10,13.0,1963
5,period,2700032,31908,freeway,freeway,1,0.0,25000
5,period,2700032,31908,freeway,freeway,2,1.0,25000
5,period,2700032,31908,freeway,freeway,3,1.0,25000
5,period,2700032,31908,freeway,freeway,4,2.0,25000
5,period,2700032,31908,freeway,freeway,5,1.0,25000
5,period,2700032,31908,freeway,freeway,6,2.0,25000
5,period,2700032,31908,freeway,freeway,7,0.0,25000
5,period,2700032,31908,freeway,freeway,8,0.0,25000
5,period,2700032,31908,freeway,freeway,9,0.0,25000
5,period,2700032,31908,freeway,freeway,10,0.0,25000
5,period,2725120,31908,freeway,breakout,1,5.0,546
5,period,2725120,31908,freeway,breakout,2,5.0,546
5,period,2725120,31908,freeway,breakout,3,5.0,546
5,period,2725120,31908,freeway,breakout,4,4.0,546
5,period,2725120,31908,freeway,breakout,5,5.0,546
5,period,2725120,31908,freeway,breakout,6,4.0,546
5,period,2725120,31908,freeway,breakout,7,5.0,546
5,period,2725120,31908,freeway,breakout,8,5.0,546
5,period,2725120,31908,freeway,breakout,9,1.0,546
5,period,2725120,31908,freeway,breakout,10,6.0,546
5,period,2725120,31908,freeway,space_invaders,1,10.0,1641
5,period,2725120,31908,freeway,space_invaders,2,20.0,1641
5,period,2725120,31908,freeway,space_invaders,3,5.0,1641
5,period,2725120,31908,freeway,space_invaders,4,4.0,1641
5,period,2725120,31908,freeway,space_invaders,5,15.0,1641
5,period,2725120,31908,freeway,space_invaders,6,19.0,1641
5,period,2725120,31908,freeway,space_invaders,7,20.0,1641
5,period,2725120,31908,freeway,space_invaders,8,6.0,1641
5,period,2725120,31908,freeway,space_invaders,9,11.0,1641
5,period,2725120,31908,freeway,space_invaders,10,20.0,1641
5,period,2725120,31908,freeway,freeway,1,0.0,25000
5,period,2725120,31908,freeway,freeway,2,2.0,25000
5,period,2725120,31908,freeway,freeway,3,3.0,25000
5,period,2725120,31908,freeway,freeway,4,1.0,25000
5,period,2725120,31908,freeway,freeway,5,2.0,25000
5,period,2725120,31908,freeway,freeway,6,3.0,25000
5,period,2725120,31908,freeway,freeway,7,4.0,25000
5,period,2725120,31908,freeway,freeway,8,0.0,25000
5,period,2725120,31908,freeway,freeway,9,0.0,25000
5,period,2725120,31908,freeway,freeway,10,2.0,25000
5,period,2750208,31924,freeway,breakout,1,6.0,542
5,period,2750208,31924,freeway,breakout,2,3.0,542
5,period,2750208,31924,freeway,breakout,3,5.0,542
5,period,2750208,31924,freeway,breakout,4,2.0,542
5,period,2750208,31924,freeway,breakout,5,5.0,542
5,period,2750208,31924,freeway,breakout,6,3.0,542
5,period,2750208,31924,freeway,breakout,7,6.0,542
5,period,2750208,31924,freeway,breakout,8,5.0,542
5,period,2750208,31924,freeway,breakout,9,5.0,542
5,period,2750208,31924,freeway,breakout,10,5.0,542
5,period,2750208,31924,freeway,space_invaders,1,11.0,1384
5,period,2750208,31924,freeway,space_invaders,2,7.0,1384
5,period,2750208,31924,freeway,space_invaders,3,9.0,1384
5,period,2750208,31924,freeway,space_invaders,4,22.0,1384
5,period,2750208,31924,freeway,space_invaders,5,10.0,1384
5,period,2750208,31924,freeway,space_invaders,6,7.0,1384
5,period,2750208,31924,freeway,space_invaders,7,6.0,1384
5,period,2750208,31924,freeway,space_invaders,8,11.0,1384
5,period,2750208,31924,freeway,space_invaders,9,5.0,1384
5,period,2750208,31924,freeway,space_invaders,10,18.0,1384
5,period,2750208,31924,freeway,freeway,1,4.0,25000
5,period,2750208,31924,freeway,freeway,2,2.0,25000
5,period,2750208,31924,freeway,freeway,3,3.0,25000
5,period,2750208,31924,freeway,freeway,4,0.0,25000
5,period,2750208,31924,freeway,freeway,5,5.0,25000
5,period,2750208,31924,freeway,freeway,6,1.0,25000
5,period,2750208,31924,freeway,freeway,7,4.0,25000
5,period,2750208,31924,freeway,freeway,8,6.0,25000
5,period,2750208,31924,freeway,freeway,9,2.0,25000
5,period,2750208,31924,freeway,freeway,10,1.0,25000
5,period,2775040,31924,freeway,breakout,1,5.0,594
5,period,2775040,31924,freeway,breakout,2,5.0,594
5,period,2775040,31924,freeway,breakout,3,6.0,594
5,period,2775040,31924,freeway,breakout,4,5.0,594
5,period,2775040,31924,freeway,breakout,5,5.0,594
5,period,2775040,31924,freeway,breakout,6,5.0,594
5,period,2775040,31924,freeway,breakout,7,5.0,594
5,period,2775040,31924,freeway,breakout,8,5.0,594
5,period,2775040,31924,freeway,breakout,9,3.0,594
5,period,2775040,31924,freeway,breakout,10,5.0,594
5,period,2775040,31924,freeway,space_invaders,1,16.0,1506
5,period,2775040,31924,freeway,space_invaders,2,7.0,1506
5,period,2775040,31924,freeway,space_invaders,3,4.0,1506
5,period,2775040,31924,freeway,space_invaders,4,16.0,1506
5,period,2775040,31924,freeway,space_invaders,5,12.0,1506
5,period,2775040,31924,freeway,space_invaders,6,12.0,1506
5,period,2775040,31924,freeway,space_invaders,7,10.0,1506
5,period,2775040,31924,freeway,space_invaders,8,23.0,1506
5,period,2775040,31924,freeway,space_invaders,9,12.0,1506
5,period,2775040,31924,freeway,space_invaders,10,12.0,1506
5,period,2775040,31924,freeway,freeway,1,1.0,25000
5,period,2775040,31924,freeway,freeway,2,3.0,25000
5,period,2775040,31924,freeway,freeway,3,0.0,25000
5,period,2775040,31924,freeway,freeway,4,6.0,25000
5,period,2775040,31924,freeway,freeway,5,5.0,25000
5,period,2775040,31924,freeway,freeway,6,3.0,25000
5,period,2775040,31924,freeway,freeway,7,3.0,25000
5,period,2775040,31924,freeway,freeway,8,3.0,25000
5,period,2775040,31924,freeway,freeway,9,4.0,25000
5,period,2775040,31924,freeway,freeway,10,3.0,25000
5,period,2800128,31940,freeway,breakout,1,4.0,612
5,period,2800128,31940,freeway,breakout,2,5.0,612
5,period,2800128,31940,freeway,breakout,3,5.0,612
5,period,2800128,31940,freeway,breakout,4,6.0,612
5,period,2800128,31940,freeway,breakout,5,6.0,612
5,period,2800128,31940,freeway,breakout,6,6.0,612
5,period,2800128,31940,freeway,breakout,7,5.0,612
5,period,2800128,31940,freeway,breakout,8,6.0,612
5,period,2800128,31940,freeway,breakout,9,5.0,612
5,period,2800128,31940,freeway,breakout,10,3.0,612
5,period,2800128,31940,freeway,space_invaders,1,14.0,1228
5,period,2800128,31940,freeway,space_invaders,2,5.0,1228
5,period,2800128,31940,freeway,space_invaders,3,11.0,1228
5,period,2800128,31940,freeway,space_invaders,4,15.0,1228
5,period,2800128,31940,freeway,space_invaders,5,11.0,1228
5,period,2800128,31940,freeway,space_invaders,6,13.0,1228
5,period,2800128,31940,freeway,space_invaders,7,7.0,1228
5,period,2800128,31940,freeway,space_invaders,8,9.0,1228
5,period,2800128,31940,freeway,space_invaders,9,10.0,1228
5,period,2800128,31940,freeway,space_invaders,10,16.0,1228
5,period,2800128,31940,freeway,freeway,1,5.0,25000
5,period,2800128,31940,freeway,freeway,2,4.0,25000
5,period,2800128,31940,freeway,freeway,3,4.0,25000
5,period,2800128,31940,freeway,freeway,4,4.0,25000
5,period,2800128,31940,freeway,freeway,5,4.0,25000
5,period,2800128,31940,freeway,freeway,6,3.0,25000
5,period,2800128,31940,freeway,freeway,7,10.0,25000
5,period,2800128,31940,freeway,freeway,8,6.0,25000
5,period,2800128,31940,freeway,freeway,9,6.0,25000
5,period,2800128,31940,freeway,freeway,10,9.0,25000
5,period,2825216,31956,freeway,breakout,1,5.0,672
5,period,2825216,31956,freeway,breakout,2,5.0,672
5,period,2825216,31956,freeway,breakout,3,7.0,672
5,period,2825216,31956,freeway,breakout,4,6.0,672
5,period,2825216,31956,freeway,breakout,5,6.0,672
5,period,2825216,31956,freeway,breakout,6,6.0,672
5,period,2825216,31956,freeway,breakout,7,5.0,672
5,period,2825216,31956,freeway,breakout,8,5.0,672
5,period,2825216,31956,freeway,breakout,9,6.0,672
5,period,2825216,31956,freeway,breakout,10,6.0,672
5,period,2825216,31956,freeway,space_invaders,1,11.0,1115
5,period,2825216,31956,freeway,space_invaders,2,21.0,1115
5,period,2825216,31956,freeway,space_invaders,3,5.0,1115
5,period,2825216,31956,freeway,space_invaders,4,7.0,1115
5,period,2825216,31956,freeway,space_invaders,5,13.0,1115
5,period,2825216,31956,freeway,space_invaders,6,11.0,1115
5,period,2825216,31956,freeway,space_invaders,7,11.0,1115
5,period,2825216,31956,freeway,space_invaders,8,4.0,1115
5,period,2825216,31956,freeway,space_invaders,9,9.0,1115
5,period,2825216,31956,freeway,space_invaders,10,6.0,1115
5,period,2825216,31956,freeway,freeway,1,15.0,25000
5,period,2825216,31956,freeway,freeway,2,16.0,25000
5,period,2825216,31956,freeway,freeway,3,20.0,25000
5,period,2825216,31956,freeway,freeway,4,16.0,25000
5,period,2825216,31956,freeway,freeway,5,20.0,25000
5,period,2825216,31956,freeway,freeway,6,17.0,25000
5,period,2825216,31956,freeway,freeway,7,13.0,25000
5,period,2825216,31956,freeway,freeway,8,19.0,25000
5,period,2825216,31956,freeway,freeway,9,12.0,25000
5,period,2825216,31956,freeway,freeway,10,13.0,25000
5,period,2850048,31956,freeway,breakout,1,3.0,588
5,period,2850048,31956,freeway,breakout,2,6.0,588
5,period,2850048,31956,freeway,breakout,3,3.0,588
5,period,2850048,31956,freeway,breakout,4,5.0,588
5,period,2850048,31956,freeway,breakout,5,5.0,588
5,period,2850048,31956,freeway,breakout,6,5.0,588
5,period,2850048,31956,freeway,breakout,7,6.0,588
5,period,2850048,31956,freeway,breakout,8,5.0,588
5,period,2850048,31956,freeway,breakout,9,6.0,588
5,period,2850048,31956,freeway,breakout,10,5.0,588
5,period,2850048,31956,freeway,space_invaders,1,19.0,1294
5,period,2850048,31956,freeway,space_invaders,2,9.0,1294
5,period,2850048,31956,freeway,space_invaders,3,20.0,1294
5,period,2850048,31956,freeway,space_invaders,4,10.0,1294
5,period,2850048,31956,freeway,space_invaders,5,12.0,1294
5,period,2850048,31956,freeway,space_invaders,6,14.0,1294
5,period,2850048,31956,freeway,space_invaders,7,16.0,1294
5,period,2850048,31956,freeway,space_invaders,8,11.0,1294
5,period,2850048,31956,freeway,space_invaders,9,3.0,1294
5,period,2850048,31956,freeway,space_invaders,10,10.0,1294
5,period,2850048,31956,freeway,freeway,1,24.0,25000
5,period,2850048,31956,freeway,freeway,2,15.0,25000
5,period,2850048,31956,freeway,freeway,3,17.0,25000
5,period,2850048,31956,freeway,freeway,4,17.0,25000
5,period,2850048,31956,freeway,freeway,5,22.0,25000
5,period,2850048,31956,freeway,freeway,6,22.0,25000
5,period,2850048,31956,freeway,freeway,7,22.0,25000
5,period,2850048,31956,freeway,freeway,8,23.0,25000
5,period,2850048,31956,freeway,freeway,9,23.0,25000
5,period,2850048,31956,freeway,freeway,10,19.0,25000
5,period,2875136,31972,freeway,breakout,1,6.0,624
5,period,2875136,31972,freeway,breakout,2,5.0,624
5,period,2875136,31972,freeway,breakout,3,5.0,624
5,period,2875136,31972,freeway,breakout,4,6.0,624
5,period,2875136,31972,freeway,breakout,5,5.0,624
5,period,2875136,31972,freeway,breakout,6,6.0,624
5,period,2875136,31972,freeway,breakout,7,3.0,624
5,period,2875136,31972,freeway,breakout,8,5.0,624
5,period,2875136,31972,freeway,breakout,9,6.0,624
5,period,2875136,31972,freeway,breakout,10,5.0,624
5,period,2875136,31972,freeway,space_invaders,1,15.0,1401
5,period,2875136,31972,freeway,space_invaders,2,16.0,1401
5,period,2875136,31972,freeway,space_invaders,3,5.0,1401
5,period,2875136,31972,freeway,space_invaders,4,12.0,1401
5,period,2875136,31972,freeway,space_invaders,5,9.0,1401
5,period,2875136,31972,freeway,space_invaders,6,11.0,1401
5,period,2875136,31972,freeway,space_invaders,7,14.0,1401
5,period,2875136,31972,freeway,space_invaders,8,4.0,1401
5,period,2875136,31972,freeway,space_invaders,9,22.0,1401
5,period,2875136,31972,freeway,space_invaders,10,12.0,1401
5,period,2875136,31972,freeway,freeway,1,18.0,25000
5,period,2875136,31972,freeway,freeway,2,17.0,25000
5,period,2875136,31972,freeway,freeway,3,19.0,25000
5,period,2875136,31972,freeway,freeway,4,19.0,25000
5,period,2875136,31972,freeway,freeway,5,20.0,25000
5,period,2875136,31972,freeway,freeway,6,13.0,25000
5,period,2875136,31972,freeway,freeway,7,20.0,25000
5,period,2875136,31972,freeway,freeway,8,12.0,25000
5,period,2875136,31972,freeway,freeway,9,19.0,25000
5,period,2875136,31972,freeway,freeway,10,22.0,25000
5,period,2900224,31988,freeway,breakout,1,5.0,592
5,period,2900224,31988,freeway,breakout,2,6.0,592
5,period,2900224,31988,freeway,breakout,3,5.0,592
5,period,2900224,31988,freeway,breakout,4,5.0,592
5,period,2900224,31988,freeway,breakout,5,3.0,592
5,period,2900224,31988,freeway,breakout,6,5.0,592
5,period,2900224,31988,freeway,breakout,7,6.0,592
5,period,2900224,31988,freeway,breakout,8,5.0,592
5,period,2900224,31988,freeway,breakout,9,3.0,592
5,period,2900224,31988,freeway,breakout,10,6.0,592
5,period,2900224,31988,freeway,space_invaders,1,9.0,1408
5,period,2900224,31988,freeway,space_invaders,2,12.0,1408
5,period,2900224,31988,freeway,space_invaders,3,8.0,1408
5,period,2900224,31988,freeway,space_invaders,4,9.0,1408
5,period,2900224,31988,freeway,space_invaders,5,10.0,1408
5,period,2900224,31988,freeway,space_invaders,6,10.0,1408
5,period,2900224,31988,freeway,space_invaders,7,23.0,1408
5,period,2900224,31988,freeway,space_invaders,8,11.0,1408
5,period,2900224,31988,freeway,space_invaders,9,18.0,1408
5,period,2900224,31988,freeway,space_invaders,10,5.0,1408
5,period,2900224,31988,freeway,freeway,1,17.0,25000
5,period,2900224,31988,freeway,freeway,2,14.0,25000
5,period,2900224,31988,freeway,freeway,3,27.0,25000
5,period,2900224,31988,freeway,freeway,4,25.0,25000
5,period,2900224,31988,freeway,freeway,5,17.0,25000
5,period,2900224,31988,freeway,freeway,6,31.0,25000
5,period,2900224,31988,freeway,freeway,7,20.0,25000
5,period,2900224,31988,freeway,freeway,8,16.0,25000
5,period,2900224,31988,freeway,freeway,9,23.0,25000
5,period,2900224,31988,freeway,freeway,10,21.0,25000
5,period,2925056,31988,freeway,breakout,1,6.0,570
5,period,2925056,31988,freeway,breakout,2,6.0,570
5,period,2925056,31988,freeway,breakout,3,5.0,570
5,period,2925056,31988,freeway,breakout,4,5.0,570
5,period,2925056,31988,freeway,breakout,5,3.0,570
5,period,2925056,31988,freeway,breakout,6,6.0,570
5,period,2925056,31988,freeway,breakout,7,5.0,570
5,period,2925056,31988,freeway,breakout,8,6.0,570
5,period,2925056,31988,freeway,breakout,9,3.0,570
5,period,2925056,31988,freeway,breakout,10,2.0,570
5,period,2925056,31988,freeway,space_invaders,1,7.0,1101
5,period,2925056,31988,freeway,space_invaders,2,22.0,1101
5,period,2925056,31988,freeway,space_invaders,3,6.0,1101
5,period,2925056,31988,freeway,space_invaders,4,12.0,1101
5,period,2925056,31988,freeway,space_invaders,5,11.0,1101
5,period,2925056,31988,freeway,space_invaders,6,6.0,1101
5,period,2925056,31988,freeway,space_invaders,7,7.0,1101
5,period,2925056,31988,freeway,space_invaders,8,8.0,1101
5,period,2925056,31988,freeway,space_invaders,9,6.0,1101
5,period,2925056,31988,freeway,space_invaders,10,5.0,1101
5,period,2925056,31988,freeway,freeway,1,25.0,25000
5,period,2925056,31988,freeway,freeway,2,21.0,25000
5,period,2925056,31988,freeway,freeway,3,26.0,25000
5,period,2925056,31988,freeway,freeway,4,23.0,25000
5,period,2925056,31988,freeway,freeway,5,23.0,25000
5,period,2925056,31988,freeway,freeway,6,19.0,25000
5,period,2925056,31988,freeway,freeway,7,23.0,25000
5,period,2925056,31988,freeway,freeway,8,19.0,25000
5,period,2925056,31988,freeway,freeway,9,25.0,25000
5,period,2925056,31988,freeway,freeway,10,18.0,25000
5,period,2950144,32004,freeway,breakout,1,3.0,614
5,period,2950144,32004,freeway,breakout,2,5.0,614
5,period,2950144,32004,freeway,breakout,3,5.0,614
5,period,2950144,32004,freeway,breakout,4,6.0,614
5,period,2950144,32004,freeway,breakout,5,6.0,614
5,period,2950144,32004,freeway,breakout,6,5.0,614
5,period,2950144,32004,freeway,breakout,7,6.0,614
5,period,2950144,32004,freeway,breakout,8,6.0,614
5,period,2950144,32004,freeway,breakout,9,6.0,614
5,period,2950144,32004,freeway,breakout,10,3.0,614
5,period,2950144,32004,freeway,space_invaders,1,7.0,1206
5,period,2950144,32004,freeway,space_invaders,2,9.0,1206
5,period,2950144,32004,freeway,space_invaders,3,9.0,1206
5,period,2950144,32004,freeway,space_invaders,4,23.0,1206
5,period,2950144,32004,freeway,space_invaders,5,10.0,1206
5,period,2950144,32004,freeway,space_invaders,6,12.0,1206
5,period,2950144,32004,freeway,space_invaders,7,11.0,1206
5,period,2950144,32004,freeway,space_invaders,8,9.0,1206
5,period,2950144,32004,freeway,space_invaders,9,5.0,1206
5,period,2950144,32004,freeway,space_invaders,10,10.0,1206
5,period,2950144,32004,freeway,freeway,1,21.0,25000
5,period,2950144,32004,freeway,freeway,2,21.0,25000
5,period,2950144,32004,freeway,freeway,3,19.0,25000
5,period,2950144,32004,freeway,freeway,4,24.0,25000
5,period,2950144,32004,freeway,freeway,5,19.0,25000
5,period,2950144,32004,freeway,freeway,6,23.0,25000
5,period,2950144,32004,freeway,freeway,7,14.0,25000
5,period,2950144,32004,freeway,freeway,8,30.0,25000
5,period,2950144,32004,freeway,freeway,9,23.0,25000
5,period,2950144,32004,freeway,freeway,10,34.0,25000
5,period,2975232,32004,freeway,breakout,1,6.0,608
5,period,2975232,32004,freeway,breakout,2,3.0,608
5,period,2975232,32004,freeway,breakout,3,2.0,608
5,period,2975232,32004,freeway,breakout,4,5.0,608
5,period,2975232,32004,freeway,breakout,5,6.0,608
5,period,2975232,32004,freeway,breakout,6,6.0,608
5,period,2975232,32004,freeway,breakout,7,6.0,608
5,period,2975232,32004,freeway,breakout,8,6.0,608
5,period,2975232,32004,freeway,breakout,9,6.0,608
5,period,2975232,32004,freeway,breakout,10,5.0,608
5,period,2975232,32004,freeway,space_invaders,1,13.0,1303
5,period,2975232,32004,freeway,space_invaders,2,11.0,1303
5,period,2975232,32004,freeway,space_invaders,3,14.0,1303
5,period,2975232,32004,freeway,space_invaders,4,16.0,1303
5,period,2975232,32004,freeway,space_invaders,5,10.0,1303
5,period,2975232,32004,freeway,space_invaders,6,11.0,1303
5,period,2975232,32004,freeway,space_invaders,7,18.0,1303
5,period,2975232,32004,freeway,space_invaders,8,7.0,1303
5,period,2975232,32004,freeway,space_invaders,9,3.0,1303
5,period,2975232,32004,freeway,space_invaders,10,12.0,1303
5,period,2975232,32004,freeway,freeway,1,28.0,25000
5,period,2975232,32004,freeway,freeway,2,28.0,25000
5,period,2975232,32004,freeway,freeway,3,22.0,25000
5,period,2975232,32004,freeway,freeway,4,29.0,25000
5,period,2975232,32004,freeway,freeway,5,12.0,25000
5,period,2975232,32004,freeway,freeway,6,18.0,25000
5,period,2975232,32004,freeway,freeway,7,26.0,25000
5,period,2975232,32004,freeway,freeway,8,30.0,25000
5,period,2975232,32004,freeway,freeway,9,30.0,25000
5,period,2975232,32004,freeway,freeway,10,18.0,25000
6,boundary,3499776,40090,breakout,breakout,1,5.0,664
6,boundary,3499776,40090,breakout,breakout,2,5.0,664
6,boundary,3499776,40090,breakout,breakout,3,6.0,664
6,boundary,3499776,40090,breakout,breakout,4,7.0,664
6,boundary,3499776,40090,breakout,breakout,5,5.0,664
6,boundary,3499776,40090,breakout,breakout,6,6.0,664
6,boundary,3499776,40090,breakout,breakout,7,5.0,664
6,boundary,3499776,40090,breakout,breakout,8,6.0,664
6,boundary,3499776,40090,breakout,breakout,9,5.0,664
6,boundary,3499776,40090,breakout,breakout,10,6.0,664
6,boundary,3499776,40090,breakout,space_invaders,1,15.0,1072
6,boundary,3499776,40090,breakout,space_invaders,2,9.0,1072
6,boundary,3499776,40090,breakout,space_invaders,3,15.0,1072
6,boundary,3499776,40090,breakout,space_invaders,4,9.0,1072
6,boundary,3499776,40090,breakout,space_invaders,5,5.0,1072
6,boundary,3499776,40090,breakout,space_invaders,6,8.0,1072
6,boundary,3499776,40090,breakout,space_invaders,7,10.0,1072
6,boundary,3499776,40090,breakout,space_invaders,8,7.0,1072
6,boundary,3499776,40090,breakout,space_invaders,9,16.0,1072
6,boundary,3499776,40090,breakout,space_invaders,10,5.0,1072
6,boundary,3499776,40090,breakout,freeway,1,20.0,25000
6,boundary,3499776,40090,breakout,freeway,2,13.0,25000
6,boundary,3499776,40090,breakout,freeway,3,15.0,25000
6,boundary,3499776,40090,breakout,freeway,4,18.0,25000
6,boundary,3499776,40090,breakout,freeway,5,14.0,25000
6,boundary,3499776,40090,breakout,freeway,6,15.0,25000
6,boundary,3499776,40090,breakout,freeway,7,15.0,25000
6,boundary,3499776,40090,breakout,freeway,8,19.0,25000
6,boundary,3499776,40090,breakout,freeway,9,13.0,25000
6,boundary,3499776,40090,breakout,freeway,10,16.0,25000
6,period,3000064,32021,breakout,breakout,1,5.0,438
6,period,3000064,32021,breakout,breakout,2,5.0,438
6,period,3000064,32021,breakout,breakout,3,5.0,438
6,period,3000064,32021,breakout,breakout,4,3.0,438
6,period,3000064,32021,breakout,breakout,5,0.0,438
6,period,3000064,32021,breakout,breakout,6,6.0,438
6,period,3000064,32021,breakout,breakout,7,0.0,438
6,period,3000064,32021,breakout,breakout,8,3.0,438
6,period,3000064,32021,breakout,breakout,9,3.0,438
6,period,3000064,32021,breakout,breakout,10,5.0,438
6,period,3000064,32021,breakout,space_invaders,1,8.0,1310
6,period,3000064,32021,breakout,space_invaders,2,9.0,1310
6,period,3000064,32021,breakout,space_invaders,3,11.0,1310
6,period,3000064,32021,breakout,space_invaders,4,18.0,1310
6,period,3000064,32021,breakout,space_invaders,5,14.0,1310
6,period,3000064,32021,breakout,space_invaders,6,13.0,1310
6,period,3000064,32021,breakout,space_invaders,7,9.0,1310
6,period,3000064,32021,breakout,space_invaders,8,13.0,1310
6,period,3000064,32021,breakout,space_invaders,9,12.0,1310
6,period,3000064,32021,breakout,space_invaders,10,11.0,1310
6,period,3000064,32021,breakout,freeway,1,31.0,25000
6,period,3000064,32021,breakout,freeway,2,26.0,25000
6,period,3000064,32021,breakout,freeway,3,19.0,25000
6,period,3000064,32021,breakout,freeway,4,23.0,25000
6,period,3000064,32021,breakout,freeway,5,22.0,25000
6,period,3000064,32021,breakout,freeway,6,27.0,25000
6,period,3000064,32021,breakout,freeway,7,29.0,25000
6,period,3000064,32021,breakout,freeway,8,15.0,25000
6,period,3000064,32021,breakout,freeway,9,32.0,25000
6,period,3000064,32021,breakout,freeway,10,25.0,25000
6,period,3025152,32455,breakout,breakout,1,1.0,562
6,period,3025152,32455,breakout,breakout,2,5.0,562
6,period,3025152,32455,breakout,breakout,3,6.0,562
6,period,3025152,32455,breakout,breakout,4,5.0,562
6,period,3025152,32455,breakout,breakout,5,6.0,562
6,period,3025152,32455,breakout,breakout,6,7.0,562
6,period,3025152,32455,breakout,breakout,7,6.0,562
6,period,3025152,32455,breakout,breakout,8,4.0,562
6,period,3025152,32455,breakout,breakout,9,6.0,562
6,period,3025152,32455,breakout,breakout,10,1.0,562
6,period,3025152,32455,breakout,space_invaders,1,20.0,1291
6,period,3025152,32455,breakout,space_invaders,2,11.0,1291
6,period,3025152,32455,breakout,space_invaders,3,7.0,1291
6,period,3025152,32455,breakout,space_invaders,4,10.0,1291
6,period,3025152,32455,breakout,space_invaders,5,14.0,1291
6,period,3025152,32455,breakout,space_invaders,6,19.0,1291
6,period,3025152,32455,breakout,space_invaders,7,6.0,1291
6,period,3025152,32455,breakout,space_invaders,8,11.0,1291
6,period,3025152,32455,breakout,space_invaders,9,8.0,1291
6,period,3025152,32455,breakout,space_invaders,10,9.0,1291
6,period,3025152,32455,breakout,freeway,1,18.0,25000
6,period,3025152,32455,breakout,freeway,2,23.0,25000
6,period,3025152,32455,breakout,freeway,3,17.0,25000
6,period,3025152,32455,breakout,freeway,4,24.0,25000
6,period,3025152,32455,breakout,freeway,5,22.0,25000
6,period,3025152,32455,breakout,freeway,6,17.0,25000
6,period,3025152,32455,breakout,freeway,7,21.0,25000
6,period,3025152,32455,breakout,freeway,8,18.0,25000
6,period,3025152,32455,breakout,freeway,9,14.0,25000
6,period,3025152,32455,breakout,freeway,10,31.0,25000
6,period,3050240,32889,breakout,breakout,1,1.0,592
6,period,3050240,32889,breakout,breakout,2,5.0,592
6,period,3050240,32889,breakout,breakout,3,6.0,592
6,period,3050240,32889,breakout,breakout,4,6.0,592
6,period,3050240,32889,breakout,breakout,5,6.0,592
6,period,3050240,32889,breakout,breakout,6,6.0,592
6,period,3050240,32889,breakout,breakout,7,3.0,592
6,period,3050240,32889,breakout,breakout,8,5.0,592
6,period,3050240,32889,breakout,breakout,9,5.0,592
6,period,3050240,32889,breakout,breakout,10,6.0,592
6,period,3050240,32889,breakout,space_invaders,1,15.0,1366
6,period,3050240,32889,breakout,space_invaders,2,7.0,1366
6,period,3050240,32889,breakout,space_invaders,3,15.0,1366
6,period,3050240,32889,breakout,space_invaders,4,9.0,1366
6,period,3050240,32889,breakout,space_invaders,5,3.0,1366
6,period,3050240,32889,breakout,space_invaders,6,23.0,1366
6,period,3050240,32889,breakout,space_invaders,7,14.0,1366
6,period,3050240,32889,breakout,space_invaders,8,14.0,1366
6,period,3050240,32889,breakout,space_invaders,9,13.0,1366
6,period,3050240,32889,breakout,space_invaders,10,6.0,1366
6,period,3050240,32889,breakout,freeway,1,19.0,25000
6,period,3050240,32889,breakout,freeway,2,17.0,25000
6,period,3050240,32889,breakout,freeway,3,13.0,25000
6,period,3050240,32889,breakout,freeway,4,14.0,25000
6,period,3050240,32889,breakout,freeway,5,12.0,25000
6,period,3050240,32889,breakout,freeway,6,10.0,25000
6,period,3050240,32889,breakout,freeway,7,13.0,25000
6,period,3050240,32889,breakout,freeway,8,18.0,25000
6,period,3050240,32889,breakout,freeway,9,23.0,25000
6,period,3050240,32889,breakout,freeway,10,20.0,25000
6,period,3075072,33304,breakout,breakout,1,6.0,636
6,period,3075072,33304,breakout,breakout,2,5.0,636
6,period,3075072,33304,breakout,breakout,3,6.0,636
6,period,3075072,33304,breakout,breakout,4,6.0,636
6,period,3075072,33304,breakout,breakout,5,5.0,636
6,period,3075072,33304,breakout,breakout,6,5.0,636
6,period,3075072,33304,breakout,breakout,7,3.0,636
6,period,3075072,33304,breakout,breakout,8,5.0,636
6,period,3075072,33304,breakout,breakout,9,6.0,636
6,period,3075072,33304,breakout,breakout,10,6.0,636
6,period,3075072,33304,breakout,space_invaders,1,8.0,1489
6,period,3075072,33304,breakout,space_invaders,2,19.0,1489
6,period,3075072,33304,breakout,space_invaders,3,20.0,1489
6,period,3075072,33304,breakout,space_invaders,4,10.0,1489
6,period,3075072,33304,breakout,space_invaders,5,20.0,1489
6,period,3075072,33304,breakout,space_invaders,6,19.0,1489
6,period,3075072,33304,breakout,space_invaders,7,9.0,1489
6,period,3075072,33304,breakout,space_invaders,8,10.0,1489
6,period,3075072,33304,breakout,space_invaders,9,11.0,1489
6,period,3075072,33304,breakout,space_invaders,10,10.0,1489
6,period,3075072,33304,breakout,freeway,1,12.0,25000
6,period,3075072,33304,breakout,freeway,2,13.0,25000
6,period,3075072,33304,breakout,freeway,3,11.0,25000
6,period,3075072,33304,breakout,freeway,4,21.0,25000
6,period,3075072,33304,breakout,freeway,5,10.0,25000
6,period,3075072,33304,breakout,freeway,6,17.0,25000
6,period,3075072,33304,breakout,freeway,7,13.0,25000
6,period,3075072,33304,breakout,freeway,8,16.0,25000
6,period,3075072,33304,breakout,freeway,9,14.0,25000
6,period,3075072,33304,breakout,freeway,10,17.0,25000
6,period,3100160,33702,breakout,breakout,1,6.0,638
6,period,3100160,33702,breakout,breakout,2,6.0,638
6,period,3100160,33702,breakout,breakout,3,6.0,638
6,period,3100160,33702,breakout,breakout,4,3.0,638
6,period,3100160,33702,breakout,breakout,5,5.0,638
6,period,3100160,33702,breakout,breakout,6,6.0,638
6,period,3100160,33702,breakout,breakout,7,6.0,638
6,period,3100160,33702,breakout,breakout,8,6.0,638
6,period,3100160,33702,breakout,breakout,9,5.0,638
6,period,3100160,33702,breakout,breakout,10,5.0,638
6,period,3100160,33702,breakout,space_invaders,1,5.0,864
6,period,3100160,33702,breakout,space_invaders,2,6.0,864
6,period,3100160,33702,breakout,space_invaders,3,4.0,864
6,period,3100160,33702,breakout,space_invaders,4,6.0,864
6,period,3100160,33702,breakout,space_invaders,5,5.0,864
6,period,3100160,33702,breakout,space_invaders,6,9.0,864
6,period,3100160,33702,breakout,space_invaders,7,11.0,864
6,period,3100160,33702,breakout,space_invaders,8,8.0,864
6,period,3100160,33702,breakout,space_invaders,9,5.0,864
6,period,3100160,33702,breakout,space_invaders,10,10.0,864
6,period,3100160,33702,breakout,freeway,1,17.0,25000
6,period,3100160,33702,breakout,freeway,2,19.0,25000
6,period,3100160,33702,breakout,freeway,3,23.0,25000
6,period,3100160,33702,breakout,freeway,4,21.0,25000
6,period,3100160,33702,breakout,freeway,5,24.0,25000
6,period,3100160,33702,breakout,freeway,6,13.0,25000
6,period,3100160,33702,breakout,freeway,7,7.0,25000
6,period,3100160,33702,breakout,freeway,8,10.0,25000
6,period,3100160,33702,breakout,freeway,9,15.0,25000
6,period,3100160,33702,breakout,freeway,10,17.0,25000
6,period,3125248,34112,breakout,breakout,1,5.0,620
6,period,3125248,34112,breakout,breakout,2,5.0,620
6,period,3125248,34112,breakout,breakout,3,5.0,620
6,period,3125248,34112,breakout,breakout,4,5.0,620
6,period,3125248,34112,breakout,breakout,5,5.0,620
6,period,3125248,34112,breakout,breakout,6,5.0,620
6,period,3125248,34112,breakout,breakout,7,6.0,620
6,period,3125248,34112,breakout,breakout,8,6.0,620
6,period,3125248,34112,breakout,breakout,9,5.0,620
6,period,3125248,34112,breakout,breakout,10,5.0,620
6,period,3125248,34112,breakout,space_invaders,1,6.0,1066
6,period,3125248,34112,breakout,space_invaders,2,18.0,1066
6,period,3125248,34112,breakout,space_invaders,3,7.0,1066
6,period,3125248,34112,breakout,space_invaders,4,4.0,1066
6,period,3125248,34112,breakout,space_invaders,5,8.0,1066
6,period,3125248,34112,breakout,space_invaders,6,10.0,1066
6,period,3125248,34112,breakout,space_invaders,7,20.0,1066
6,period,3125248,34112,breakout,space_invaders,8,16.0,1066
6,period,3125248,34112,breakout,space_invaders,9,6.0,1066
6,period,3125248,34112,breakout,space_invaders,10,5.0,1066
6,period,3125248,34112,breakout,freeway,1,23.0,25000
6,period,3125248,34112,breakout,freeway,2,13.0,25000
6,period,3125248,34112,breakout,freeway,3,14.0,25000
6,period,3125248,34112,breakout,freeway,4,18.0,25000
6,period,3125248,34112,breakout,freeway,5,14.0,25000
6,period,3125248,34112,breakout,freeway,6,22.0,25000
6,period,3125248,34112,breakout,freeway,7,14.0,25000
6,period,3125248,34112,breakout,freeway,8,12.0,25000
6,period,3125248,34112,breakout,freeway,9,19.0,25000
6,period,3125248,34112,breakout,freeway,10,22.0,25000
6,period,3150080,34515,breakout,breakout,1,5.0,620
6,period,3150080,34515,breakout,breakout,2,6.0,620
6,period,3150080,34515,breakout,breakout,3,6.0,620
6,period,3150080,34515,breakout,breakout,4,5.0,620
6,period,3150080,34515,breakout,breakout,5,5.0,620
6,period,3150080,34515,breakout,breakout,6,3.0,620
6,period,3150080,34515,breakout,breakout,7,6.0,620
6,period,3150080,34515,breakout,breakout,8,6.0,620
6,period,3150080,34515,breakout,breakout,9,5.0,620
6,period,3150080,34515,breakout,breakout,10,5.0,620
6,period,3150080,34515,breakout,space_invaders,1,23.0,1654
6,period,3150080,34515,breakout,space_invaders,2,19.0,1654
6,period,3150080,34515,breakout,space_invaders,3,5.0,1654
6,period,3150080,34515,breakout,space_invaders,4,9.0,1654
6,period,3150080,34515,breakout,space_invaders,5,17.0,1654
6,period,3150080,34515,breakout,space_invaders,6,21.0,1654
6,period,3150080,34515,breakout,space_invaders,7,20.0,1654
6,period,3150080,34515,breakout,space_invaders,8,20.0,1654
6,period,3150080,34515,breakout,space_invaders,9,6.0,1654
6,period,3150080,34515,breakout,space_invaders,10,6.0,1654
6,period,3150080,34515,breakout,freeway,1,16.0,25000
6,period,3150080,34515,breakout,freeway,2,17.0,25000
6,period,3150080,34515,breakout,freeway,3,19.0,25000
6,period,3150080,34515,breakout,freeway,4,15.0,25000
6,period,3150080,34515,breakout,freeway,5,14.0,25000
6,period,3150080,34515,breakout,freeway,6,18.0,25000
6,period,3150080,34515,breakout,freeway,7,19.0,25000
6,period,3150080,34515,breakout,freeway,8,10.0,25000
6,period,3150080,34515,breakout,freeway,9,14.0,25000
6,period,3150080,34515,breakout,freeway,10,6.0,25000
6,period,3175168,34926,breakout,breakout,1,5.0,556
6,period,3175168,34926,breakout,breakout,2,6.0,556
6,period,3175168,34926,breakout,breakout,3,2.0,556
6,period,3175168,34926,breakout,breakout,4,5.0,556
6,period,3175168,34926,breakout,breakout,5,6.0,556
6,period,3175168,34926,breakout,breakout,6,5.0,556
6,period,3175168,34926,breakout,breakout,7,5.0,556
6,period,3175168,34926,breakout,breakout,8,6.0,556
6,period,3175168,34926,breakout,breakout,9,0.0,556
6,period,3175168,34926,breakout,breakout,10,6.0,556
6,period,3175168,34926,breakout,space_invaders,1,9.0,1391
6,period,3175168,34926,breakout,space_invaders,2,13.0,1391
6,period,3175168,34926,breakout,space_invaders,3,6.0,1391
6,period,3175168,34926,breakout,space_invaders,4,15.0,1391
6,period,3175168,34926,breakout,space_invaders,5,22.0,1391
6,period,3175168,34926,breakout,space_invaders,6,10.0,1391
6,period,3175168,34926,breakout,space_invaders,7,12.0,1391
6,period,3175168,34926,breakout,space_invaders,8,18.0,1391
6,period,3175168,34926,breakout,space_invaders,9,11.0,1391
6,period,3175168,34926,breakout,space_invaders,10,12.0,1391
6,period,3175168,34926,breakout,freeway,1,12.0,25000
6,period,3175168,34926,breakout,freeway,2,11.0,25000
6,period,3175168,34926,breakout,freeway,3,12.0,25000
6,period,3175168,34926,breakout,freeway,4,9.0,25000
6,period,3175168,34926,breakout,freeway,5,8.0,25000
6,period,3175168,34926,breakout,freeway,6,13.0,25000
6,period,3175168,34926,breakout,freeway,7,16.0,25000
6,period,3175168,34926,breakout,freeway,8,15.0,25000
6,period,3175168,34926,breakout,freeway,9,10.0,25000
6,period,3175168,34926,breakout,freeway,10,16.0,25000
6,period,3200000,35334,breakout,breakout,1,6.0,560
6,period,3200000,35334,breakout,breakout,2,6.0,560
6,period,3200000,35334,breakout,breakout,3,2.0,560
6,period,3200000,35334,breakout,breakout,4,4.0,560
6,period,3200000,35334,breakout,breakout,5,7.0,560
6,period,3200000,35334,breakout,breakout,6,6.0,560
6,period,3200000,35334,breakout,breakout,7,2.0,560
6,period,3200000,35334,breakout,breakout,8,5.0,560
6,period,3200000,35334,breakout,breakout,9,3.0,560
6,period,3200000,35334,breakout,breakout,10,6.0,560
6,period,3200000,35334,breakout,space_invaders,1,13.0,1058
6,period,3200000,35334,breakout,space_invaders,2,5.0,1058
6,period,3200000,35334,breakout,space_invaders,3,15.0,1058
6,period,3200000,35334,breakout,space_invaders,4,9.0,1058
6,period,3200000,35334,breakout,space_invaders,5,9.0,1058
6,period,3200000,35334,breakout,space_invaders,6,7.0,1058
6,period,3200000,35334,breakout,space_invaders,7,12.0,1058
6,period,3200000,35334,breakout,space_invaders,8,8.0,1058
6,period,3200000,35334,breakout,space_invaders,9,10.0,1058
6,period,3200000,35334,breakout,space_invaders,10,10.0,1058
6,period,3200000,35334,breakout,freeway,1,13.0,25000
6,period,3200000,35334,breakout,freeway,2,13.0,25000
6,period,3200000,35334,breakout,freeway,3,13.0,25000
6,period,3200000,35334,breakout,freeway,4,17.0,25000
6,period,3200000,35334,breakout,freeway,5,14.0,25000
6,period,3200000,35334,breakout,freeway,6,17.0,25000
6,period,3200000,35334,breakout,freeway,7,16.0,25000
6,period,3200000,35334,breakout,freeway,8,10.0,25000
6,period,3200000,35334,breakout,freeway,9,20.0,25000
6,period,3200000,35334,breakout,freeway,10,14.0,25000
6,period,3225088,35737,breakout,breakout,1,0.0,580
6,period,3225088,35737,breakout,breakout,2,6.0,580
6,period,3225088,35737,breakout,breakout,3,5.0,580
6,period,3225088,35737,breakout,breakout,4,5.0,580
6,period,3225088,35737,breakout,breakout,5,6.0,580
6,period,3225088,35737,breakout,breakout,6,5.0,580
6,period,3225088,35737,breakout,breakout,7,6.0,580
6,period,3225088,35737,breakout,breakout,8,5.0,580
6,period,3225088,35737,breakout,breakout,9,6.0,580
6,period,3225088,35737,breakout,breakout,10,4.0,580
6,period,3225088,35737,breakout,space_invaders,1,11.0,937
6,period,3225088,35737,breakout,space_invaders,2,6.0,937
6,period,3225088,35737,breakout,space_invaders,3,11.0,937
6,period,3225088,35737,breakout,space_invaders,4,10.0,937
6,period,3225088,35737,breakout,space_invaders,5,4.0,937
6,period,3225088,35737,breakout,space_invaders,6,7.0,937
6,period,3225088,35737,breakout,space_invaders,7,11.0,937
6,period,3225088,35737,breakout,space_invaders,8,7.0,937
6,period,3225088,35737,breakout,space_invaders,9,7.0,937
6,period,3225088,35737,breakout,space_invaders,10,6.0,937
6,period,3225088,35737,breakout,freeway,1,19.0,25000
6,period,3225088,35737,breakout,freeway,2,9.0,25000
6,period,3225088,35737,breakout,freeway,3,16.0,25000
6,period,3225088,35737,breakout,freeway,4,3.0,25000
6,period,3225088,35737,breakout,freeway,5,15.0,25000
6,period,3225088,35737,breakout,freeway,6,18.0,25000
6,period,3225088,35737,breakout,freeway,7,13.0,25000
6,period,3225088,35737,breakout,freeway,8,11.0,25000
6,period,3225088,35737,breakout,freeway,9,16.0,25000
6,period,3225088,35737,breakout,freeway,10,15.0,25000
6,period,3250176,36143,breakout,breakout,1,6.0,616
6,period,3250176,36143,breakout,breakout,2,6.0,616
6,period,3250176,36143,breakout,breakout,3,5.0,616
6,period,3250176,36143,breakout,breakout,4,6.0,616
6,period,3250176,36143,breakout,breakout,5,2.0,616
6,period,3250176,36143,breakout,breakout,6,5.0,616
6,period,3250176,36143,breakout,breakout,7,6.0,616
6,period,3250176,36143,breakout,breakout,8,6.0,616
6,period,3250176,36143,breakout,breakout,9,5.0,616
6,period,3250176,36143,breakout,breakout,10,5.0,616
6,period,3250176,36143,breakout,space_invaders,1,5.0,1483
6,period,3250176,36143,breakout,space_invaders,2,22.0,1483
6,period,3250176,36143,breakout,space_invaders,3,11.0,1483
6,period,3250176,36143,breakout,space_invaders,4,21.0,1483
6,period,3250176,36143,breakout,space_invaders,5,14.0,1483
6,period,3250176,36143,breakout,space_invaders,6,8.0,1483
6,period,3250176,36143,breakout,space_invaders,7,13.0,1483
6,period,3250176,36143,breakout,space_invaders,8,23.0,1483
6,period,3250176,36143,breakout,space_invaders,9,5.0,1483
6,period,3250176,36143,breakout,space_invaders,10,15.0,1483
6,period,3250176,36143,breakout,freeway,1,9.0,25000
6,period,3250176,36143,breakout,freeway,2,20.0,25000
6,period,3250176,36143,breakout,freeway,3,21.0,25000
6,period,3250176,36143,breakout,freeway,4,14.0,25000
6,period,3250176,36143,breakout,freeway,5,15.0,25000
6,period,3250176,36143,breakout,freeway,6,4.0,25000
6,period,3250176,36143,breakout,freeway,7,12.0,25000
6,period,3250176,36143,breakout,freeway,8,12.0,25000
6,period,3250176,36143,breakout,freeway,9,13.0,25000
6,period,3250176,36143,breakout,freeway,10,21.0,25000
6,period,3275008,36542,breakout,breakout,1,5.0,606
6,period,3275008,36542,breakout,breakout,2,6.0,606
6,period,3275008,36542,breakout,breakout,3,5.0,606
6,period,3275008,36542,breakout,breakout,4,6.0,606
6,period,3275008,36542,breakout,breakout,5,5.0,606
6,period,3275008,36542,breakout,breakout,6,5.0,606
6,period,3275008,36542,breakout,breakout,7,5.0,606
6,period,3275008,36542,breakout,breakout,8,6.0,606
6,period,3275008,36542,breakout,breakout,9,5.0,606
6,period,3275008,36542,breakout,breakout,10,2.0,606
6,period,3275008,36542,breakout,space_invaders,1,10.0,1113
6,period,3275008,36542,breakout,space_invaders,2,4.0,1113
6,period,3275008,36542,breakout,space_invaders,3,7.0,1113
6,period,3275008,36542,breakout,space_invaders,4,9.0,1113
6,period,3275008,36542,breakout,space_invaders,5,14.0,1113
6,period,3275008,36542,breakout,space_invaders,6,19.0,1113
6,period,3275008,36542,breakout,space_invaders,7,2.0,1113
6,period,3275008,36542,breakout,space_invaders,8,5.0,1113
6,period,3275008,36542,breakout,space_invaders,9,9.0,1113
6,period,3275008,36542,breakout,space_invaders,10,21.0,1113
6,period,3275008,36542,breakout,freeway,1,12.0,25000
6,period,3275008,36542,breakout,freeway,2,14.0,25000
6,period,3275008,36542,breakout,freeway,3,12.0,25000
6,period,3275008,36542,breakout,freeway,4,10.0,25000
6,period,3275008,36542,breakout,freeway,5,12.0,25000
6,period,3275008,36542,breakout,freeway,6,16.0,25000
6,period,3275008,36542,breakout,freeway,7,12.0,25000
6,period,3275008,36542,breakout,freeway,8,19.0,25000
6,period,3275008,36542,breakout,freeway,9,7.0,25000
6,period,3275008,36542,breakout,freeway,10,15.0,25000
6,period,3300096,36939,breakout,breakout,1,6.0,660
6,period,3300096,36939,breakout,breakout,2,5.0,660
6,period,3300096,36939,breakout,breakout,3,6.0,660
6,period,3300096,36939,breakout,breakout,4,6.0,660
6,period,3300096,36939,breakout,breakout,5,5.0,660
6,period,3300096,36939,breakout,breakout,6,5.0,660
6,period,3300096,36939,breakout,breakout,7,5.0,660
6,period,3300096,36939,breakout,breakout,8,5.0,660
6,period,3300096,36939,breakout,breakout,9,7.0,660
6,period,3300096,36939,breakout,breakout,10,6.0,660
6,period,3300096,36939,breakout,space_invaders,1,6.0,964
6,period,3300096,36939,breakout,space_invaders,2,15.0,964
6,period,3300096,36939,breakout,space_invaders,3,4.0,964
6,period,3300096,36939,breakout,space_invaders,4,8.0,964
6,period,3300096,36939,breakout,space_invaders,5,15.0,964
6,period,3300096,36939,breakout,space_invaders,6,8.0,964
6,period,3300096,36939,breakout,space_invaders,7,8.0,964
6,period,3300096,36939,breakout,space_invaders,8,5.0,964
6,period,3300096,36939,breakout,space_invaders,9,6.0,964
6,period,3300096,36939,breakout,space_invaders,10,7.0,964
6,period,3300096,36939,breakout,freeway,1,15.0,25000
6,period,3300096,36939,breakout,freeway,2,18.0,25000
6,period,3300096,36939,breakout,freeway,3,8.0,25000
6,period,3300096,36939,breakout,freeway,4,15.0,25000
6,period,3300096,36939,breakout,freeway,5,16.0,25000
6,period,3300096,36939,breakout,freeway,6,12.0,25000
6,period,3300096,36939,breakout,freeway,7,14.0,25000
6,period,3300096,36939,breakout,freeway,8,13.0,25000
6,period,3300096,36939,breakout,freeway,9,15.0,25000
6,period,3300096,36939,breakout,freeway,10,4.0,25000
6,period,3325184,37333,breakout,breakout,1,5.0,656
6,period,3325184,37333,breakout,breakout,2,6.0,656
6,period,3325184,37333,breakout,breakout,3,5.0,656
6,period,3325184,37333,breakout,breakout,4,6.0,656
6,period,3325184,37333,breakout,breakout,5,6.0,656
6,period,3325184,37333,breakout,breakout,6,6.0,656
6,period,3325184,37333,breakout,breakout,7,6.0,656
6,period,3325184,37333,breakout,breakout,8,5.0,656
6,period,3325184,37333,breakout,breakout,9,5.0,656
6,period,3325184,37333,breakout,breakout,10,5.0,656
6,period,3325184,37333,breakout,space_invaders,1,8.0,1628
6,period,3325184,37333,breakout,space_invaders,2,20.0,1628
6,period,3325184,37333,breakout,space_invaders,3,8.0,1628
6,period,3325184,37333,breakout,space_invaders,4,15.0,1628
6,period,3325184,37333,breakout,space_invaders,5,19.0,1628
6,period,3325184,37333,breakout,space_invaders,6,21.0,1628
6,period,3325184,37333,breakout,space_invaders,7,21.0,1628
6,period,3325184,37333,breakout,space_invaders,8,10.0,1628
6,period,3325184,37333,breakout,space_invaders,9,19.0,1628
6,period,3325184,37333,breakout,space_invaders,10,9.0,1628
6,period,3325184,37333,breakout,freeway,1,6.0,25000
6,period,3325184,37333,breakout,freeway,2,11.0,25000
6,period,3325184,37333,breakout,freeway,3,13.0,25000
6,period,3325184,37333,breakout,freeway,4,14.0,25000
6,period,3325184,37333,breakout,freeway,5,10.0,25000
6,period,3325184,37333,breakout,freeway,6,11.0,25000
6,period,3325184,37333,breakout,freeway,7,13.0,25000
6,period,3325184,37333,breakout,freeway,8,10.0,25000
6,period,3325184,37333,breakout,freeway,9,5.0,25000
6,period,3325184,37333,breakout,freeway,10,9.0,25000
6,period,3350016,37721,breakout,breakout,1,5.0,664
6,period,3350016,37721,breakout,breakout,2,5.0,664
6,period,3350016,37721,breakout,breakout,3,6.0,664
6,period,3350016,37721,breakout,breakout,4,5.0,664
6,period,3350016,37721,breakout,breakout,5,6.0,664
6,period,3350016,37721,breakout,breakout,6,6.0,664
6,period,3350016,37721,breakout,breakout,7,5.0,664
6,period,3350016,37721,breakout,breakout,8,6.0,664
6,period,3350016,37721,breakout,breakout,9,6.0,664
6,period,3350016,37721,breakout,breakout,10,6.0,664
6,period,3350016,37721,breakout,space_invaders,1,9.0,1072
6,period,3350016,37721,breakout,space_invaders,2,4.0,1072
6,period,3350016,37721,breakout,space_invaders,3,8.0,1072
6,period,3350016,37721,breakout,space_invaders,4,13.0,1072
6,period,3350016,37721,breakout,space_invaders,5,17.0,1072
6,period,3350016,37721,breakout,space_invaders,6,9.0,1072
6,period,3350016,37721,breakout,space_invaders,7,10.0,1072
6,period,3350016,37721,breakout,space_invaders,8,10.0,1072
6,period,3350016,37721,breakout,space_invaders,9,7.0,1072
6,period,3350016,37721,breakout,space_invaders,10,11.0,1072
6,period,3350016,37721,breakout,freeway,1,11.0,25000
6,period,3350016,37721,breakout,freeway,2,4.0,25000
6,period,3350016,37721,breakout,freeway,3,20.0,25000
6,period,3350016,37721,breakout,freeway,4,11.0,25000
6,period,3350016,37721,breakout,freeway,5,7.0,25000
6,period,3350016,37721,breakout,freeway,6,15.0,25000
6,period,3350016,37721,breakout,freeway,7,11.0,25000
6,period,3350016,37721,breakout,freeway,8,12.0,25000
6,period,3350016,37721,breakout,freeway,9,15.0,25000
6,period,3350016,37721,breakout,freeway,10,16.0,25000
6,period,3375104,38120,breakout,breakout,1,5.0,658
6,period,3375104,38120,breakout,breakout,2,6.0,658
6,period,3375104,38120,breakout,breakout,3,7.0,658
6,period,3375104,38120,breakout,breakout,4,6.0,658
6,period,3375104,38120,breakout,breakout,5,5.0,658
6,period,3375104,38120,breakout,breakout,6,5.0,658
6,period,3375104,38120,breakout,breakout,7,6.0,658
6,period,3375104,38120,breakout,breakout,8,6.0,658
6,period,3375104,38120,breakout,breakout,9,6.0,658
6,period,3375104,38120,breakout,breakout,10,4.0,658
6,period,3375104,38120,breakout,space_invaders,1,8.0,945
6,period,3375104,38120,breakout,space_invaders,2,4.0,945
6,period,3375104,38120,breakout,space_invaders,3,11.0,945
6,period,3375104,38120,breakout,space_invaders,4,4.0,945
6,period,3375104,38120,breakout,space_invaders,5,20.0,945
6,period,3375104,38120,breakout,space_invaders,6,10.0,945
6,period,3375104,38120,breakout,space_invaders,7,15.0,945
6,period,3375104,38120,breakout,space_invaders,8,4.0,945
6,period,3375104,38120,breakout,space_invaders,9,4.0,945
6,period,3375104,38120,breakout,space_invaders,10,5.0,945
6,period,3375104,38120,breakout,freeway,1,9.0,25000
6,period,3375104,38120,breakout,freeway,2,12.0,25000
6,period,3375104,38120,breakout,freeway,3,10.0,25000
6,period,3375104,38120,breakout,freeway,4,17.0,25000
6,period,3375104,38120,breakout,freeway,5,15.0,25000
6,period,3375104,38120,breakout,freeway,6,17.0,25000
6,period,3375104,38120,breakout,freeway,7,15.0,25000
6,period,3375104,38120,breakout,freeway,8,12.0,25000
6,period,3375104,38120,breakout,freeway,9,1.0,25000
6,period,3375104,38120,breakout,freeway,10,12.0,25000
6,period,3400192,38518,breakout,breakout,1,6.0,650
6,period,3400192,38518,breakout,breakout,2,5.0,650
6,period,3400192,38518,breakout,breakout,3,5.0,650
6,period,3400192,38518,breakout,breakout,4,6.0,650
6,period,3400192,38518,breakout,breakout,5,7.0,650
6,period,3400192,38518,breakout,breakout,6,6.0,650
6,period,3400192,38518,breakout,breakout,7,5.0,650
6,period,3400192,38518,breakout,breakout,8,3.0,650
6,period,3400192,38518,breakout,breakout,9,6.0,650
6,period,3400192,38518,breakout,breakout,10,6.0,650
6,period,3400192,38518,breakout,space_invaders,1,5.0,1049
6,period,3400192,38518,breakout,space_invaders,2,10.0,1049
6,period,3400192,38518,breakout,space_invaders,3,21.0,1049
6,period,3400192,38518,breakout,space_invaders,4,9.0,1049
6,period,3400192,38518,breakout,space_invaders,5,19.0,1049
6,period,3400192,38518,breakout,space_invaders,6,4.0,1049
6,period,3400192,38518,breakout,space_invaders,7,7.0,1049
6,period,3400192,38518,breakout,space_invaders,8,5.0,1049
6,period,3400192,38518,breakout,space_invaders,9,16.0,1049
6,period,3400192,38518,breakout,space_invaders,10,3.0,1049
6,period,3400192,38518,breakout,freeway,1,16.0,25000
6,period,3400192,38518,breakout,freeway,2,18.0,25000
6,period,3400192,38518,breakout,freeway,3,16.0,25000
6,period,3400192,38518,breakout,freeway,4,14.0,25000
6,period,3400192,38518,breakout,freeway,5,13.0,25000
6,period,3400192,38518,breakout,freeway,6,13.0,25000
6,period,3400192,38518,breakout,freeway,7,9.0,25000
6,period,3400192,38518,breakout,freeway,8,16.0,25000
6,period,3400192,38518,breakout,freeway,9,17.0,25000
6,period,3400192,38518,breakout,freeway,10,14.0,25000
6,period,3425024,38915,breakout,breakout,1,5.0,632
6,period,3425024,38915,breakout,breakout,2,5.0,632
6,period,3425024,38915,breakout,breakout,3,5.0,632
6,period,3425024,38915,breakout,breakout,4,5.0,632
6,period,3425024,38915,breakout,breakout,5,5.0,632
6,period,3425024,38915,breakout,breakout,6,6.0,632
6,period,3425024,38915,breakout,breakout,7,6.0,632
6,period,3425024,38915,breakout,breakout,8,6.0,632
6,period,3425024,38915,breakout,breakout,9,5.0,632
6,period,3425024,38915,breakout,breakout,10,5.0,632
6,period,3425024,38915,breakout,space_invaders,1,9.0,1676
6,period,3425024,38915,breakout,space_invaders,2,21.0,1676
6,period,3425024,38915,breakout,space_invaders,3,9.0,1676
6,period,3425024,38915,breakout,space_invaders,4,11.0,1676
6,period,3425024,38915,breakout,space_invaders,5,6.0,1676
6,period,3425024,38915,breakout,space_invaders,6,23.0,1676
6,period,3425024,38915,breakout,space_invaders,7,9.0,1676
6,period,3425024,38915,breakout,space_invaders,8,23.0,1676
6,period,3425024,38915,breakout,space_invaders,9,14.0,1676
6,period,3425024,38915,breakout,space_invaders,10,23.0,1676
6,period,3425024,38915,breakout,freeway,1,16.0,25000
6,period,3425024,38915,breakout,freeway,2,19.0,25000
6,period,3425024,38915,breakout,freeway,3,15.0,25000
6,period,3425024,38915,breakout,freeway,4,16.0,25000
6,period,3425024,38915,breakout,freeway,5,16.0,25000
6,period,3425024,38915,breakout,freeway,6,18.0,25000
6,period,3425024,38915,breakout,freeway,7,13.0,25000
6,period,3425024,38915,breakout,freeway,8,14.0,25000
6,period,3425024,38915,breakout,freeway,9,15.0,25000
6,period,3425024,38915,breakout,freeway,10,13.0,25000
6,period,3450112,39312,breakout,breakout,1,6.0,650
6,period,3450112,39312,breakout,breakout,2,5.0,650
6,period,3450112,39312,breakout,breakout,3,6.0,650
6,period,3450112,39312,breakout,breakout,4,6.0,650
6,period,3450112,39312,breakout,breakout,5,5.0,650
6,period,3450112,39312,breakout,breakout,6,6.0,650
6,period,3450112,39312,breakout,breakout,7,5.0,650
6,period,3450112,39312,breakout,breakout,8,5.0,650
6,period,3450112,39312,breakout,breakout,9,5.0,650
6,period,3450112,39312,breakout,breakout,10,5.0,650
6,period,3450112,39312,breakout,space_invaders,1,13.0,1093
6,period,3450112,39312,breakout,space_invaders,2,15.0,1093
6,period,3450112,39312,breakout,space_invaders,3,8.0,1093
6,period,3450112,39312,breakout,space_invaders,4,9.0,1093
6,period,3450112,39312,breakout,space_invaders,5,11.0,1093
6,period,3450112,39312,breakout,space_invaders,6,10.0,1093
6,period,3450112,39312,breakout,space_invaders,7,11.0,1093
6,period,3450112,39312,breakout,space_invaders,8,3.0,1093
6,period,3450112,39312,breakout,space_invaders,9,9.0,1093
6,period,3450112,39312,breakout,space_invaders,10,15.0,1093
6,period,3450112,39312,breakout,freeway,1,5.0,25000
6,period,3450112,39312,breakout,freeway,2,19.0,25000
6,period,3450112,39312,breakout,freeway,3,18.0,25000
6,period,3450112,39312,breakout,freeway,4,22.0,25000
6,period,3450112,39312,breakout,freeway,5,13.0,25000
6,period,3450112,39312,breakout,freeway,6,11.0,25000
6,period,3450112,39312,breakout,freeway,7,10.0,25000
6,period,3450112,39312,breakout,freeway,8,13.0,25000
6,period,3450112,39312,breakout,freeway,9,17.0,25000
6,period,3450112,39312,breakout,freeway,10,13.0,25000
6,period,3475200,39709,breakout,breakout,1,5.0,636
6,period,3475200,39709,breakout,breakout,2,5.0,636
6,period,3475200,39709,breakout,breakout,3,5.0,636
6,period,3475200,39709,breakout,breakout,4,6.0,636
6,period,3475200,39709,breakout,breakout,5,7.0,636
6,period,3475200,39709,breakout,breakout,6,5.0,636
6,period,3475200,39709,breakout,breakout,7,5.0,636
6,period,3475200,39709,breakout,breakout,8,5.0,636
6,period,3475200,39709,breakout,breakout,9,5.0,636
6,period,3475200,39709,breakout,breakout,10,5.0,636
6,period,3475200,39709,breakout,space_invaders,1,8.0,1444
6,period,3475200,39709,breakout,space_invaders,2,10.0,1444
6,period,3475200,39709,breakout,space_invaders,3,22.0,1444
6,period,3475200,39709,breakout,space_invaders,4,5.0,1444
6,period,3475200,39709,breakout,space_invaders,5,5.0,1444
6,period,3475200,39709,breakout,space_invaders,6,20.0,1444
6,period,3475200,39709,breakout,space_invaders,7,23.0,1444
6,period,3475200,39709,breakout,space_invaders,8,11.0,1444
6,period,3475200,39709,breakout,space_invaders,9,17.0,1444
6,period,3475200,39709,breakout,space_invaders,10,3.0,1444
6,period,3475200,39709,breakout,freeway,1,15.0,25000
6,period,3475200,39709,breakout,freeway,2,8.0,25000
6,period,3475200,39709,breakout,freeway,3,5.0,25000
6,period,3475200,39709,breakout,freeway,4,11.0,25000
6,period,3475200,39709,breakout,freeway,5,18.0,25000
6,period,3475200,39709,breakout,freeway,6,6.0,25000
6,period,3475200,39709,breakout,freeway,7,12.0,25000
6,period,3475200,39709,breakout,freeway,8,15.0,25000
6,period,3475200,39709,breakout,freeway,9,10.0,25000
6,period,3475200,39709,breakout,freeway,10,5.0,25000
7,boundary,3999744,43455,space_invaders,breakout,1,5.0,672
7,boundary,3999744,43455,space_invaders,breakout,2,6.0,672
7,boundary,3999744,43455,space_invaders,breakout,3,5.0,672
7,boundary,3999744,43455,space_invaders,breakout,4,6.0,672
7,boundary,3999744,43455,space_invaders,breakout,5,5.0,672
7,boundary,3999744,43455,space_invaders,breakout,6,8.0,672
7,boundary,3999744,43455,space_invaders,breakout,7,5.0,672
7,boundary,3999744,43455,space_invaders,breakout,8,6.0,672
7,boundary,3999744,43455,space_invaders,breakout,9,5.0,672
7,boundary,3999744,43455,space_invaders,breakout,10,6.0,672
7,boundary,3999744,43455,space_invaders,space_invaders,1,15.0,1241
7,boundary,3999744,43455,space_invaders,space_invaders,2,22.0,1241
7,boundary,3999744,43455,space_invaders,space_invaders,3,35.0,1241
7,boundary,3999744,43455,space_invaders,space_invaders,4,11.0,1241
7,boundary,3999744,43455,space_invaders,space_invaders,5,30.0,1241
7,boundary,3999744,43455,space_invaders,space_invaders,6,7.0,1241
7,boundary,3999744,43455,space_invaders,space_invaders,7,44.0,1241
7,boundary,3999744,43455,space_invaders,space_invaders,8,11.0,1241
7,boundary,3999744,43455,space_invaders,space_invaders,9,8.0,1241
7,boundary,3999744,43455,space_invaders,space_invaders,10,9.0,1241
7,boundary,3999744,43455,space_invaders,freeway,1,8.0,25000
7,boundary,3999744,43455,space_invaders,freeway,2,11.0,25000
7,boundary,3999744,43455,space_invaders,freeway,3,16.0,25000
7,boundary,3999744,43455,space_invaders,freeway,4,3.0,25000
7,boundary,3999744,43455,space_invaders,freeway,5,5.0,25000
7,boundary,3999744,43455,space_invaders,freeway,6,14.0,25000
7,boundary,3999744,43455,space_invaders,freeway,7,12.0,25000
7,boundary,3999744,43455,space_invaders,freeway,8,11.0,25000
7,boundary,3999744,43455,space_invaders,freeway,9,18.0,25000
7,boundary,3999744,43455,space_invaders,freeway,10,19.0,25000
7,period,3500032,40090,space_invaders,breakout,1,5.0,608
7,period,3500032,40090,space_invaders,breakout,2,5.0,608
7,period,3500032,40090,space_invaders,breakout,3,6.0,608
7,period,3500032,40090,space_invaders,breakout,4,1.0,608
7,period,3500032,40090,space_invaders,breakout,5,6.0,608
7,period,3500032,40090,space_invaders,breakout,6,5.0,608
7,period,3500032,40090,space_invaders,breakout,7,6.0,608
7,period,3500032,40090,space_invaders,breakout,8,6.0,608
7,period,3500032,40090,space_invaders,breakout,9,5.0,608
7,period,3500032,40090,space_invaders,breakout,10,6.0,608
7,period,3500032,40090,space_invaders,space_invaders,1,5.0,1285
7,period,3500032,40090,space_invaders,space_invaders,2,20.0,1285
7,period,3500032,40090,space_invaders,space_invaders,3,18.0,1285
7,period,3500032,40090,space_invaders,space_invaders,4,5.0,1285
7,period,3500032,40090,space_invaders,space_invaders,5,10.0,1285
7,period,3500032,40090,space_invaders,space_invaders,6,18.0,1285
7,period,3500032,40090,space_invaders,space_invaders,7,7.0,1285
7,period,3500032,40090,space_invaders,space_invaders,8,7.0,1285
7,period,3500032,40090,space_invaders,space_invaders,9,9.0,1285
7,period,3500032,40090,space_invaders,space_invaders,10,12.0,1285
7,period,3500032,40090,space_invaders,freeway,1,11.0,25000
7,period,3500032,40090,space_invaders,freeway,2,2.0,25000
7,period,3500032,40090,space_invaders,freeway,3,17.0,25000
7,period,3500032,40090,space_invaders,freeway,4,12.0,25000
7,period,3500032,40090,space_invaders,freeway,5,19.0,25000
7,period,3500032,40090,space_invaders,freeway,6,21.0,25000
7,period,3500032,40090,space_invaders,freeway,7,13.0,25000
7,period,3500032,40090,space_invaders,freeway,8,14.0,25000
7,period,3500032,40090,space_invaders,freeway,9,12.0,25000
7,period,3500032,40090,space_invaders,freeway,10,20.0,25000
7,period,3525120,40385,space_invaders,breakout,1,5.0,618
7,period,3525120,40385,space_invaders,breakout,2,5.0,618
7,period,3525120,40385,space_invaders,breakout,3,6.0,618
7,period,3525120,40385,space_invaders,breakout,4,3.0,618
7,period,3525120,40385,space_invaders,breakout,5,5.0,618
7,period,3525120,40385,space_invaders,breakout,6,6.0,618
7,period,3525120,40385,space_invaders,breakout,7,6.0,618
7,period,3525120,40385,space_invaders,breakout,8,5.0,618
7,period,3525120,40385,space_invaders,breakout,9,6.0,618
7,period,3525120,40385,space_invaders,breakout,10,5.0,618
7,period,3525120,40385,space_invaders,space_invaders,1,4.0,1196
7,period,3525120,40385,space_invaders,space_invaders,2,33.0,1196
7,period,3525120,40385,space_invaders,space_invaders,3,3.0,1196
7,period,3525120,40385,space_invaders,space_invaders,4,6.0,1196
7,period,3525120,40385,space_invaders,space_invaders,5,21.0,1196
7,period,3525120,40385,space_invaders,space_invaders,6,10.0,1196
7,period,3525120,40385,space_invaders,space_invaders,7,11.0,1196
7,period,3525120,40385,space_invaders,space_invaders,8,19.0,1196
7,period,3525120,40385,space_invaders,space_invaders,9,12.0,1196
7,period,3525120,40385,space_invaders,space_invaders,10,4.0,1196
7,period,3525120,40385,space_invaders,freeway,1,18.0,25000
7,period,3525120,40385,space_invaders,freeway,2,17.0,25000
7,period,3525120,40385,space_invaders,freeway,3,14.0,25000
7,period,3525120,40385,space_invaders,freeway,4,6.0,25000
7,period,3525120,40385,space_invaders,freeway,5,14.0,25000
7,period,3525120,40385,space_invaders,freeway,6,12.0,25000
7,period,3525120,40385,space_invaders,freeway,7,13.0,25000
7,period,3525120,40385,space_invaders,freeway,8,9.0,25000
7,period,3525120,40385,space_invaders,freeway,9,22.0,25000
7,period,3525120,40385,space_invaders,freeway,10,15.0,25000
7,period,3550208,40574,space_invaders,breakout,1,6.0,686
7,period,3550208,40574,space_invaders,breakout,2,6.0,686
7,period,3550208,40574,space_invaders,breakout,3,5.0,686
7,period,3550208,40574,space_invaders,breakout,4,5.0,686
7,period,3550208,40574,space_invaders,breakout,5,6.0,686
7,period,3550208,40574,space_invaders,breakout,6,6.0,686
7,period,3550208,40574,space_invaders,breakout,7,5.0,686
7,period,3550208,40574,space_invaders,breakout,8,6.0,686
7,period,3550208,40574,space_invaders,breakout,9,7.0,686
7,period,3550208,40574,space_invaders,breakout,10,6.0,686
7,period,3550208,40574,space_invaders,space_invaders,1,12.0,1297
7,period,3550208,40574,space_invaders,space_invaders,2,14.0,1297
7,period,3550208,40574,space_invaders,space_invaders,3,9.0,1297
7,period,3550208,40574,space_invaders,space_invaders,4,21.0,1297
7,period,3550208,40574,space_invaders,space_invaders,5,20.0,1297
7,period,3550208,40574,space_invaders,space_invaders,6,9.0,1297
7,period,3550208,40574,space_invaders,space_invaders,7,9.0,1297
7,period,3550208,40574,space_invaders,space_invaders,8,14.0,1297
7,period,3550208,40574,space_invaders,space_invaders,9,23.0,1297
7,period,3550208,40574,space_invaders,space_invaders,10,3.0,1297
7,period,3550208,40574,space_invaders,freeway,1,19.0,25000
7,period,3550208,40574,space_invaders,freeway,2,12.0,25000
7,period,3550208,40574,space_invaders,freeway,3,12.0,25000
7,period,3550208,40574,space_invaders,freeway,4,18.0,25000
7,period,3550208,40574,space_invaders,freeway,5,7.0,25000
7,period,3550208,40574,space_invaders,freeway,6,13.0,25000
7,period,3550208,40574,space_invaders,freeway,7,11.0,25000
7,period,3550208,40574,space_invaders,freeway,8,20.0,25000
7,period,3550208,40574,space_invaders,freeway,9,12.0,25000
7,period,3550208,40574,space_invaders,freeway,10,10.0,25000
7,period,3575040,40767,space_invaders,breakout,1,6.0,616
7,period,3575040,40767,space_invaders,breakout,2,5.0,616
7,period,3575040,40767,space_invaders,breakout,3,5.0,616
7,period,3575040,40767,space_invaders,breakout,4,0.0,616
7,period,3575040,40767,space_invaders,breakout,5,7.0,616
7,period,3575040,40767,space_invaders,breakout,6,5.0,616
7,period,3575040,40767,space_invaders,breakout,7,6.0,616
7,period,3575040,40767,space_invaders,breakout,8,6.0,616
7,period,3575040,40767,space_invaders,breakout,9,5.0,616
7,period,3575040,40767,space_invaders,breakout,10,7.0,616
7,period,3575040,40767,space_invaders,space_invaders,1,13.0,1031
7,period,3575040,40767,space_invaders,space_invaders,2,13.0,1031
7,period,3575040,40767,space_invaders,space_invaders,3,14.0,1031
7,period,3575040,40767,space_invaders,space_invaders,4,23.0,1031
7,period,3575040,40767,space_invaders,space_invaders,5,5.0,1031
7,period,3575040,40767,space_invaders,space_invaders,6,3.0,1031
7,period,3575040,40767,space_invaders,space_invaders,7,3.0,1031
7,period,3575040,40767,space_invaders,space_invaders,8,22.0,1031
7,period,3575040,40767,space_invaders,space_invaders,9,15.0,1031
7,period,3575040,40767,space_invaders,space_invaders,10,14.0,1031
7,period,3575040,40767,space_invaders,freeway,1,13.0,25000
7,period,3575040,40767,space_invaders,freeway,2,19.0,25000
7,period,3575040,40767,space_invaders,freeway,3,14.0,25000
7,period,3575040,40767,space_invaders,freeway,4,14.0,25000
7,period,3575040,40767,space_invaders,freeway,5,16.0,25000
7,period,3575040,40767,space_invaders,freeway,6,18.0,25000
7,period,3575040,40767,space_invaders,freeway,7,11.0,25000
7,period,3575040,40767,space_invaders,freeway,8,19.0,25000
7,period,3575040,40767,space_invaders,freeway,9,13.0,25000
7,period,3575040,40767,space_invaders,freeway,10,14.0,25000
7,period,3600128,40942,space_invaders,breakout,1,2.0,654
7,period,3600128,40942,space_invaders,breakout,2,6.0,654
7,period,3600128,40942,space_invaders,breakout,3,5.0,654
7,period,3600128,40942,space_invaders,breakout,4,6.0,654
7,period,3600128,40942,space_invaders,breakout,5,6.0,654
7,period,3600128,40942,space_invaders,breakout,6,6.0,654
7,period,3600128,40942,space_invaders,breakout,7,6.0,654
7,period,3600128,40942,space_invaders,breakout,8,5.0,654
7,period,3600128,40942,space_invaders,breakout,9,7.0,654
7,period,3600128,40942,space_invaders,breakout,10,6.0,654
7,period,3600128,40942,space_invaders,space_invaders,1,21.0,1734
7,period,3600128,40942,space_invaders,space_invaders,2,12.0,1734
7,period,3600128,40942,space_invaders,space_invaders,3,15.0,1734
7,period,3600128,40942,space_invaders,space_invaders,4,21.0,1734
7,period,3600128,40942,space_invaders,space_invaders,5,26.0,1734
7,period,3600128,40942,space_invaders,space_invaders,6,20.0,1734
7,period,3600128,40942,space_invaders,space_invaders,7,10.0,1734
7,period,3600128,40942,space_invaders,space_invaders,8,19.0,1734
7,period,3600128,40942,space_invaders,space_invaders,9,17.0,1734
7,period,3600128,40942,space_invaders,space_invaders,10,23.0,1734
7,period,3600128,40942,space_invaders,freeway,1,3.0,25000
7,period,3600128,40942,space_invaders,freeway,2,10.0,25000
7,period,3600128,40942,space_invaders,freeway,3,6.0,25000
7,period,3600128,40942,space_invaders,freeway,4,4.0,25000
7,period,3600128,40942,space_invaders,freeway,5,8.0,25000
7,period,3600128,40942,space_invaders,freeway,6,8.0,25000
7,period,3600128,40942,space_invaders,freeway,7,10.0,25000
7,period,3600128,40942,space_invaders,freeway,8,9.0,25000
7,period,3600128,40942,space_invaders,freeway,9,9.0,25000
7,period,3600128,40942,space_invaders,freeway,10,10.0,25000
7,period,3625216,41110,space_invaders,breakout,1,3.0,610
7,period,3625216,41110,space_invaders,breakout,2,5.0,610
7,period,3625216,41110,space_invaders,breakout,3,4.0,610
7,period,3625216,41110,space_invaders,breakout,4,6.0,610
7,period,3625216,41110,space_invaders,breakout,5,6.0,610
7,period,3625216,41110,space_invaders,breakout,6,5.0,610
7,period,3625216,41110,space_invaders,breakout,7,6.0,610
7,period,3625216,41110,space_invaders,breakout,8,6.0,610
7,period,3625216,41110,space_invaders,breakout,9,5.0,610
7,period,3625216,41110,space_invaders,breakout,10,5.0,610
7,period,3625216,41110,space_invaders,space_invaders,1,10.0,1870
7,period,3625216,41110,space_invaders,space_invaders,2,12.0,1870
7,period,3625216,41110,space_invaders,space_invaders,3,19.0,1870
7,period,3625216,41110,space_invaders,space_invaders,4,15.0,1870
7,period,3625216,41110,space_invaders,space_invaders,5,14.0,1870
7,period,3625216,41110,space_invaders,space_invaders,6,56.0,1870
7,period,3625216,41110,space_invaders,space_invaders,7,12.0,1870
7,period,3625216,41110,space_invaders,space_invaders,8,16.0,1870
7,period,3625216,41110,space_invaders,space_invaders,9,15.0,1870
7,period,3625216,41110,space_invaders,space_invaders,10,4.0,1870
7,period,3625216,41110,space_invaders,freeway,1,11.0,25000
7,period,3625216,41110,space_invaders,freeway,2,12.0,25000
7,period,3625216,41110,space_invaders,freeway,3,19.0,25000
7,period,3625216,41110,space_invaders,freeway,4,9.0,25000
7,period,3625216,41110,space_invaders,freeway,5,10.0,25000
7,period,3625216,41110,space_invaders,freeway,6,10.0,25000
7,period,3625216,41110,space_invaders,freeway,7,19.0,25000
7,period,3625216,41110,space_invaders,freeway,8,12.0,25000
7,period,3625216,41110,space_invaders,freeway,9,19.0,25000
7,period,3625216,41110,space_invaders,freeway,10,11.0,25000
7,period,3650048,41259,space_invaders,breakout,1,6.0,676
7,period,3650048,41259,space_invaders,breakout,2,5.0,676
7,period,3650048,41259,space_invaders,breakout,3,6.0,676
7,period,3650048,41259,space_invaders,breakout,4,6.0,676
7,period,3650048,41259,space_invaders,breakout,5,6.0,676
7,period,3650048,41259,space_invaders,breakout,6,6.0,676
7,period,3650048,41259,space_invaders,breakout,7,5.0,676
7,period,3650048,41259,space_invaders,breakout,8,5.0,676
7,period,3650048,41259,space_invaders,breakout,9,6.0,676
7,period,3650048,41259,space_invaders,breakout,10,6.0,676
7,period,3650048,41259,space_invaders,space_invaders,1,12.0,1157
7,period,3650048,41259,space_invaders,space_invaders,2,13.0,1157
7,period,3650048,41259,space_invaders,space_invaders,3,15.0,1157
7,period,3650048,41259,space_invaders,space_invaders,4,10.0,1157
7,period,3650048,41259,space_invaders,space_invaders,5,12.0,1157
7,period,3650048,41259,space_invaders,space_invaders,6,23.0,1157
7,period,3650048,41259,space_invaders,space_invaders,7,5.0,1157
7,period,3650048,41259,space_invaders,space_invaders,8,19.0,1157
7,period,3650048,41259,space_invaders,space_invaders,9,13.0,1157
7,period,3650048,41259,space_invaders,space_invaders,10,6.0,1157
7,period,3650048,41259,space_invaders,freeway,1,13.0,25000
7,period,3650048,41259,space_invaders,freeway,2,17.0,25000
7,period,3650048,41259,space_invaders,freeway,3,14.0,25000
7,period,3650048,41259,space_invaders,freeway,4,11.0,25000
7,period,3650048,41259,space_invaders,freeway,5,11.0,25000
7,period,3650048,41259,space_invaders,freeway,6,15.0,25000
7,period,3650048,41259,space_invaders,freeway,7,12.0,25000
7,period,3650048,41259,space_invaders,freeway,8,28.0,25000
7,period,3650048,41259,space_invaders,freeway,9,23.0,25000
7,period,3650048,41259,space_invaders,freeway,10,13.0,25000
7,period,3675136,41414,space_invaders,breakout,1,6.0,648
7,period,3675136,41414,space_invaders,breakout,2,6.0,648
7,period,3675136,41414,space_invaders,breakout,3,5.0,648
7,period,3675136,41414,space_invaders,breakout,4,5.0,648
7,period,3675136,41414,space_invaders,breakout,5,5.0,648
7,period,3675136,41414,space_invaders,breakout,6,6.0,648
7,period,3675136,41414,space_invaders,breakout,7,5.0,648
7,period,3675136,41414,space_invaders,breakout,8,6.0,648
7,period,3675136,41414,space_invaders,breakout,9,5.0,648
7,period,3675136,41414,space_invaders,breakout,10,5.0,648
7,period,3675136,41414,space_invaders,space_invaders,1,9.0,1345
7,period,3675136,41414,space_invaders,space_invaders,2,20.0,1345
7,period,3675136,41414,space_invaders,space_invaders,3,15.0,1345
7,period,3675136,41414,space_invaders,space_invaders,4,7.0,1345
7,period,3675136,41414,space_invaders,space_invaders,5,15.0,1345
7,period,3675136,41414,space_invaders,space_invaders,6,37.0,1345
7,period,3675136,41414,space_invaders,space_invaders,7,22.0,1345
7,period,3675136,41414,space_invaders,space_invaders,8,3.0,1345
7,period,3675136,41414,space_invaders,space_invaders,9,7.0,1345
7,period,3675136,41414,space_invaders,space_invaders,10,21.0,1345
7,period,3675136,41414,space_invaders,freeway,1,10.0,25000
7,period,3675136,41414,space_invaders,freeway,2,15.0,25000
7,period,3675136,41414,space_invaders,freeway,3,16.0,25000
7,period,3675136,41414,space_invaders,freeway,4,5.0,25000
7,period,3675136,41414,space_invaders,freeway,5,7.0,25000
7,period,3675136,41414,space_invaders,freeway,6,13.0,25000
7,period,3675136,41414,space_invaders,freeway,7,10.0,25000
7,period,3675136,41414,space_invaders,freeway,8,7.0,25000
7,period,3675136,41414,space_invaders,freeway,9,21.0,25000
7,period,3675136,41414,space_invaders,freeway,10,12.0,25000
7,period,3700224,41560,space_invaders,breakout,1,6.0,672
7,period,3700224,41560,space_invaders,breakout,2,6.0,672
7,period,3700224,41560,space_invaders,breakout,3,5.0,672
7,period,3700224,41560,space_invaders,breakout,4,6.0,672
7,period,3700224,41560,space_invaders,breakout,5,6.0,672
7,period,3700224,41560,space_invaders,breakout,6,6.0,672
7,period,3700224,41560,space_invaders,breakout,7,5.0,672
7,period,3700224,41560,space_invaders,breakout,8,6.0,672
7,period,3700224,41560,space_invaders,breakout,9,5.0,672
7,period,3700224,41560,space_invaders,breakout,10,6.0,672
7,period,3700224,41560,space_invaders,space_invaders,1,22.0,1840
7,period,3700224,41560,space_invaders,space_invaders,2,14.0,1840
7,period,3700224,41560,space_invaders,space_invaders,3,22.0,1840
7,period,3700224,41560,space_invaders,space_invaders,4,38.0,1840
7,period,3700224,41560,space_invaders,space_invaders,5,17.0,1840
7,period,3700224,41560,space_invaders,space_invaders,6,3.0,1840
7,period,3700224,41560,space_invaders,space_invaders,7,21.0,1840
7,period,3700224,41560,space_invaders,space_invaders,8,15.0,1840
7,period,3700224,41560,space_invaders,space_invaders,9,47.0,1840
7,period,3700224,41560,space_invaders,space_invaders,10,17.0,1840
7,period,3700224,41560,space_invaders,freeway,1,9.0,25000
7,period,3700224,41560,space_invaders,freeway,2,3.0,25000
7,period,3700224,41560,space_invaders,freeway,3,12.0,25000
7,period,3700224,41560,space_invaders,freeway,4,8.0,25000
7,period,3700224,41560,space_invaders,freeway,5,9.0,25000
7,period,3700224,41560,space_invaders,freeway,6,7.0,25000
7,period,3700224,41560,space_invaders,freeway,7,6.0,25000
7,period,3700224,41560,space_invaders,freeway,8,9.0,25000
7,period,3700224,41560,space_invaders,freeway,9,11.0,25000
7,period,3700224,41560,space_invaders,freeway,10,12.0,25000
7,period,3725056,41718,space_invaders,breakout,1,6.0,598
7,period,3725056,41718,space_invaders,breakout,2,5.0,598
7,period,3725056,41718,space_invaders,breakout,3,5.0,598
7,period,3725056,41718,space_invaders,breakout,4,5.0,598
7,period,3725056,41718,space_invaders,breakout,5,6.0,598
7,period,3725056,41718,space_invaders,breakout,6,3.0,598
7,period,3725056,41718,space_invaders,breakout,7,5.0,598
7,period,3725056,41718,space_invaders,breakout,8,6.0,598
7,period,3725056,41718,space_invaders,breakout,9,6.0,598
7,period,3725056,41718,space_invaders,breakout,10,3.0,598
7,period,3725056,41718,space_invaders,space_invaders,1,14.0,1251
7,period,3725056,41718,space_invaders,space_invaders,2,23.0,1251
7,period,3725056,41718,space_invaders,space_invaders,3,12.0,1251
7,period,3725056,41718,space_invaders,space_invaders,4,19.0,1251
7,period,3725056,41718,space_invaders,space_invaders,5,3.0,1251
7,period,3725056,41718,space_invaders,space_invaders,6,17.0,1251
7,period,3725056,41718,space_invaders,space_invaders,7,21.0,1251
7,period,3725056,41718,space_invaders,space_invaders,8,18.0,1251
7,period,3725056,41718,space_invaders,space_invaders,9,11.0,1251
7,period,3725056,41718,space_invaders,space_invaders,10,17.0,1251
7,period,3725056,41718,space_invaders,freeway,1,20.0,25000
7,period,3725056,41718,space_invaders,freeway,2,10.0,25000
7,period,3725056,41718,space_invaders,freeway,3,11.0,25000
7,period,3725056,41718,space_invaders,freeway,4,12.0,25000
7,period,3725056,41718,space_invaders,freeway,5,8.0,25000
7,period,3725056,41718,space_invaders,freeway,6,11.0,25000
7,period,3725056,41718,space_invaders,freeway,7,6.0,25000
7,period,3725056,41718,space_invaders,freeway,8,11.0,25000
7,period,3725056,41718,space_invaders,freeway,9,13.0,25000
7,period,3725056,41718,space_invaders,freeway,10,11.0,25000
7,period,3750144,41868,space_invaders,breakout,1,6.0,564
7,period,3750144,41868,space_invaders,breakout,2,5.0,564
7,period,3750144,41868,space_invaders,breakout,3,6.0,564
7,period,3750144,41868,space_invaders,breakout,4,5.0,564
7,period,3750144,41868,space_invaders,breakout,5,0.0,564
7,period,3750144,41868,space_invaders,breakout,6,5.0,564
7,period,3750144,41868,space_invaders,breakout,7,2.0,564
7,period,3750144,41868,space_invaders,breakout,8,6.0,564
7,period,3750144,41868,space_invaders,breakout,9,6.0,564
7,period,3750144,41868,space_invaders,breakout,10,6.0,564
7,period,3750144,41868,space_invaders,space_invaders,1,13.0,1985
7,period,3750144,41868,space_invaders,space_invaders,2,15.0,1985
7,period,3750144,41868,space_invaders,space_invaders,3,23.0,1985
7,period,3750144,41868,space_invaders,space_invaders,4,13.0,1985
7,period,3750144,41868,space_invaders,space_invaders,5,15.0,1985
7,period,3750144,41868,space_invaders,space_invaders,6,3.0,1985
7,period,3750144,41868,space_invaders,space_invaders,7,34.0,1985
7,period,3750144,41868,space_invaders,space_invaders,8,17.0,1985
7,period,3750144,41868,space_invaders,space_invaders,9,39.0,1985
7,period,3750144,41868,space_invaders,space_invaders,10,47.0,1985
7,period,3750144,41868,space_invaders,freeway,1,12.0,25000
7,period,3750144,41868,space_invaders,freeway,2,8.0,25000
7,period,3750144,41868,space_invaders,freeway,3,10.0,25000
7,period,3750144,41868,space_invaders,freeway,4,1.0,25000
7,period,3750144,41868,space_invaders,freeway,5,11.0,25000
7,period,3750144,41868,space_invaders,freeway,6,4.0,25000
7,period,3750144,41868,space_invaders,freeway,7,13.0,25000
7,period,3750144,41868,space_invaders,freeway,8,7.0,25000
7,period,3750144,41868,space_invaders,freeway,9,10.0,25000
7,period,3750144,41868,space_invaders,freeway,10,13.0,25000
7,period,3775232,42080,space_invaders,breakout,1,6.0,694
7,period,3775232,42080,space_invaders,breakout,2,6.0,694
7,period,3775232,42080,space_invaders,breakout,3,4.0,694
7,period,3775232,42080,space_invaders,breakout,4,5.0,694
7,period,3775232,42080,space_invaders,breakout,5,6.0,694
7,period,3775232,42080,space_invaders,breakout,6,5.0,694
7,period,3775232,42080,space_invaders,breakout,7,6.0,694
7,period,3775232,42080,space_invaders,breakout,8,8.0,694
7,period,3775232,42080,space_invaders,breakout,9,6.0,694
7,period,3775232,42080,space_invaders,breakout,10,7.0,694
7,period,3775232,42080,space_invaders,space_invaders,1,16.0,1205
7,period,3775232,42080,space_invaders,space_invaders,2,7.0,1205
7,period,3775232,42080,space_invaders,space_invaders,3,21.0,1205
7,period,3775232,42080,space_invaders,space_invaders,4,23.0,1205
7,period,3775232,42080,space_invaders,space_invaders,5,23.0,1205
7,period,3775232,42080,space_invaders,space_invaders,6,29.0,1205
7,period,3775232,42080,space_invaders,space_invaders,7,20.0,1205
7,period,3775232,42080,space_invaders,space_invaders,8,12.0,1205
7,period,3775232,42080,space_invaders,space_invaders,9,8.0,1205
7,period,3775232,42080,space_invaders,space_invaders,10,8.0,1205
7,period,3775232,42080,space_invaders,freeway,1,12.0,25000
7,period,3775232,42080,space_invaders,freeway,2,13.0,25000
7,period,3775232,42080,space_invaders,freeway,3,3.0,25000
7,period,3775232,42080,space_invaders,freeway,4,8.0,25000
7,period,3775232,42080,space_invaders,freeway,5,4.0,25000
7,period,3775232,42080,space_invaders,freeway,6,6.0,25000
7,period,3775232,42080,space_invaders,freeway,7,11.0,25000
7,period,3775232,42080,space_invaders,freeway,8,4.0,25000
7,period,3775232,42080,space_invaders,freeway,9,5.0,25000
7,period,3775232,42080,space_invaders,freeway,10,8.0,25000
7,period,3800064,42259,space_invaders,breakout,1,6.0,656
7,period,3800064,42259,space_invaders,breakout,2,6.0,656
7,period,3800064,42259,space_invaders,breakout,3,5.0,656
7,period,3800064,42259,space_invaders,breakout,4,5.0,656
7,period,3800064,42259,space_invaders,breakout,5,5.0,656
7,period,3800064,42259,space_invaders,breakout,6,6.0,656
7,period,3800064,42259,space_invaders,breakout,7,5.0,656
7,period,3800064,42259,space_invaders,breakout,8,6.0,656
7,period,3800064,42259,space_invaders,breakout,9,6.0,656
7,period,3800064,42259,space_invaders,breakout,10,5.0,656
7,period,3800064,42259,space_invaders,space_invaders,1,21.0,1656
7,period,3800064,42259,space_invaders,space_invaders,2,18.0,1656
7,period,3800064,42259,space_invaders,space_invaders,3,46.0,1656
7,period,3800064,42259,space_invaders,space_invaders,4,15.0,1656
7,period,3800064,42259,space_invaders,space_invaders,5,23.0,1656
7,period,3800064,42259,space_invaders,space_invaders,6,19.0,1656
7,period,3800064,42259,space_invaders,space_invaders,7,23.0,1656
7,period,3800064,42259,space_invaders,space_invaders,8,9.0,1656
7,period,3800064,42259,space_invaders,space_invaders,9,12.0,1656
7,period,3800064,42259,space_invaders,space_invaders,10,6.0,1656
7,period,3800064,42259,space_invaders,freeway,1,12.0,25000
7,period,3800064,42259,space_invaders,freeway,2,9.0,25000
7,period,3800064,42259,space_invaders,freeway,3,8.0,25000
7,period,3800064,42259,space_invaders,freeway,4,9.0,25000
7,period,3800064,42259,space_invaders,freeway,5,12.0,25000
7,period,3800064,42259,space_invaders,freeway,6,3.0,25000
7,period,3800064,42259,space_invaders,freeway,7,7.0,25000
7,period,3800064,42259,space_invaders,freeway,8,8.0,25000
7,period,3800064,42259,space_invaders,freeway,9,10.0,25000
7,period,3800064,42259,space_invaders,freeway,10,1.0,25000
7,period,3825152,42424,space_invaders,breakout,1,6.0,650
7,period,3825152,42424,space_invaders,breakout,2,6.0,650
7,period,3825152,42424,space_invaders,breakout,3,7.0,650
7,period,3825152,42424,space_invaders,breakout,4,6.0,650
7,period,3825152,42424,space_invaders,breakout,5,4.0,650
7,period,3825152,42424,space_invaders,breakout,6,5.0,650
7,period,3825152,42424,space_invaders,breakout,7,5.0,650
7,period,3825152,42424,space_invaders,breakout,8,6.0,650
7,period,3825152,42424,space_invaders,breakout,9,5.0,650
7,period,3825152,42424,space_invaders,breakout,10,5.0,650
7,period,3825152,42424,space_invaders,space_invaders,1,17.0,1059
7,period,3825152,42424,space_invaders,space_invaders,2,15.0,1059
7,period,3825152,42424,space_invaders,space_invaders,3,15.0,1059
7,period,3825152,42424,space_invaders,space_invaders,4,11.0,1059
7,period,3825152,42424,space_invaders,space_invaders,5,30.0,1059
7,period,3825152,42424,space_invaders,space_invaders,6,10.0,1059
7,period,3825152,42424,space_invaders,space_invaders,7,18.0,1059
7,period,3825152,42424,space_invaders,space_invaders,8,32.0,1059
7,period,3825152,42424,space_invaders,space_invaders,9,5.0,1059
7,period,3825152,42424,space_invaders,space_invaders,10,6.0,1059
7,period,3825152,42424,space_invaders,freeway,1,14.0,25000
7,period,3825152,42424,space_invaders,freeway,2,8.0,25000
7,period,3825152,42424,space_invaders,freeway,3,9.0,25000
7,period,3825152,42424,space_invaders,freeway,4,15.0,25000
7,period,3825152,42424,space_invaders,freeway,5,10.0,25000
7,period,3825152,42424,space_invaders,freeway,6,12.0,25000
7,period,3825152,42424,space_invaders,freeway,7,12.0,25000
7,period,3825152,42424,space_invaders,freeway,8,17.0,25000
7,period,3825152,42424,space_invaders,freeway,9,11.0,25000
7,period,3825152,42424,space_invaders,freeway,10,8.0,25000
7,period,3850240,42586,space_invaders,breakout,1,3.0,588
7,period,3850240,42586,space_invaders,breakout,2,5.0,588
7,period,3850240,42586,space_invaders,breakout,3,3.0,588
7,period,3850240,42586,space_invaders,breakout,4,6.0,588
7,period,3850240,42586,space_invaders,breakout,5,6.0,588
7,period,3850240,42586,space_invaders,breakout,6,5.0,588
7,period,3850240,42586,space_invaders,breakout,7,5.0,588
7,period,3850240,42586,space_invaders,breakout,8,5.0,588
7,period,3850240,42586,space_invaders,breakout,9,6.0,588
7,period,3850240,42586,space_invaders,breakout,10,5.0,588
7,period,3850240,42586,space_invaders,space_invaders,1,54.0,1888
7,period,3850240,42586,space_invaders,space_invaders,2,5.0,1888
7,period,3850240,42586,space_invaders,space_invaders,3,28.0,1888
7,period,3850240,42586,space_invaders,space_invaders,4,38.0,1888
7,period,3850240,42586,space_invaders,space_invaders,5,20.0,1888
7,period,3850240,42586,space_invaders,space_invaders,6,19.0,1888
7,period,3850240,42586,space_invaders,space_invaders,7,26.0,1888
7,period,3850240,42586,space_invaders,space_invaders,8,27.0,1888
7,period,3850240,42586,space_invaders,space_invaders,9,11.0,1888
7,period,3850240,42586,space_invaders,space_invaders,10,23.0,1888
7,period,3850240,42586,space_invaders,freeway,1,11.0,25000
7,period,3850240,42586,space_invaders,freeway,2,6.0,25000
7,period,3850240,42586,space_invaders,freeway,3,8.0,25000
7,period,3850240,42586,space_invaders,freeway,4,12.0,25000
7,period,3850240,42586,space_invaders,freeway,5,11.0,25000
7,period,3850240,42586,space_invaders,freeway,6,3.0,25000
7,period,3850240,42586,space_invaders,freeway,7,10.0,25000
7,period,3850240,42586,space_invaders,freeway,8,4.0,25000
7,period,3850240,42586,space_invaders,freeway,9,4.0,25000
7,period,3850240,42586,space_invaders,freeway,10,8.0,25000
7,period,3875072,42729,space_invaders,breakout,1,5.0,578
7,period,3875072,42729,space_invaders,breakout,2,6.0,578
7,period,3875072,42729,space_invaders,breakout,3,4.0,578
7,period,3875072,42729,space_invaders,breakout,4,6.0,578
7,period,3875072,42729,space_invaders,breakout,5,6.0,578
7,period,3875072,42729,space_invaders,breakout,6,5.0,578
7,period,3875072,42729,space_invaders,breakout,7,4.0,578
7,period,3875072,42729,space_invaders,breakout,8,1.0,578
7,period,3875072,42729,space_invaders,breakout,9,5.0,578
7,period,3875072,42729,space_invaders,breakout,10,6.0,578
7,period,3875072,42729,space_invaders,space_invaders,1,23.0,1380
7,period,3875072,42729,space_invaders,space_invaders,2,44.0,1380
7,period,3875072,42729,space_invaders,space_invaders,3,28.0,1380
7,period,3875072,42729,space_invaders,space_invaders,4,23.0,1380
7,period,3875072,42729,space_invaders,space_invaders,5,8.0,1380
7,period,3875072,42729,space_invaders,space_invaders,6,3.0,1380
7,period,3875072,42729,space_invaders,space_invaders,7,26.0,1380
7,period,3875072,42729,space_invaders,space_invaders,8,12.0,1380
7,period,3875072,42729,space_invaders,space_invaders,9,22.0,1380
7,period,3875072,42729,space_invaders,space_invaders,10,5.0,1380
7,period,3875072,42729,space_invaders,freeway,1,5.0,25000
7,period,3875072,42729,space_invaders,freeway,2,6.0,25000
7,period,3875072,42729,space_invaders,freeway,3,3.0,25000
7,period,3875072,42729,space_invaders,freeway,4,12.0,25000
7,period,3875072,42729,space_invaders,freeway,5,5.0,25000
7,period,3875072,42729,space_invaders,freeway,6,2.0,25000
7,period,3875072,42729,space_invaders,freeway,7,5.0,25000
7,period,3875072,42729,space_invaders,freeway,8,4.0,25000
7,period,3875072,42729,space_invaders,freeway,9,6.0,25000
7,period,3875072,42729,space_invaders,freeway,10,4.0,25000
7,period,3900160,42905,space_invaders,breakout,1,6.0,632
7,period,3900160,42905,space_invaders,breakout,2,6.0,632
7,period,3900160,42905,space_invaders,breakout,3,3.0,632
7,period,3900160,42905,space_invaders,breakout,4,5.0,632
7,period,3900160,42905,space_invaders,breakout,5,6.0,632
7,period,3900160,42905,space_invaders,breakout,6,6.0,632
7,period,3900160,42905,space_invaders,breakout,7,5.0,632
7,period,3900160,42905,space_invaders,breakout,8,6.0,632
7,period,3900160,42905,space_invaders,breakout,9,5.0,632
7,period,3900160,42905,space_invaders,breakout,10,5.0,632
7,period,3900160,42905,space_invaders,space_invaders,1,28.0,1445
7,period,3900160,42905,space_invaders,space_invaders,2,23.0,1445
7,period,3900160,42905,space_invaders,space_invaders,3,11.0,1445
7,period,3900160,42905,space_invaders,space_invaders,4,22.0,1445
7,period,3900160,42905,space_invaders,space_invaders,5,7.0,1445
7,period,3900160,42905,space_invaders,space_invaders,6,8.0,1445
7,period,3900160,42905,space_invaders,space_invaders,7,28.0,1445
7,period,3900160,42905,space_invaders,space_invaders,8,23.0,1445
7,period,3900160,42905,space_invaders,space_invaders,9,28.0,1445
7,period,3900160,42905,space_invaders,space_invaders,10,11.0,1445
7,period,3900160,42905,space_invaders,freeway,1,11.0,25000
7,period,3900160,42905,space_invaders,freeway,2,3.0,25000
7,period,3900160,42905,space_invaders,freeway,3,7.0,25000
7,period,3900160,42905,space_invaders,freeway,4,13.0,25000
7,period,3900160,42905,space_invaders,freeway,5,5.0,25000
7,period,3900160,42905,space_invaders,freeway,6,2.0,25000
7,period,3900160,42905,space_invaders,freeway,7,9.0,25000
7,period,3900160,42905,space_invaders,freeway,8,12.0,25000
7,period,3900160,42905,space_invaders,freeway,9,9.0,25000
7,period,3900160,42905,space_invaders,freeway,10,8.0,25000
7,period,3925248,43050,space_invaders,breakout,1,6.0,648
7,period,3925248,43050,space_invaders,breakout,2,5.0,648
7,period,3925248,43050,space_invaders,breakout,3,5.0,648
7,period,3925248,43050,space_invaders,breakout,4,5.0,648
7,period,3925248,43050,space_invaders,breakout,5,5.0,648
7,period,3925248,43050,space_invaders,breakout,6,6.0,648
7,period,3925248,43050,space_invaders,breakout,7,5.0,648
7,period,3925248,43050,space_invaders,breakout,8,6.0,648
7,period,3925248,43050,space_invaders,breakout,9,6.0,648
7,period,3925248,43050,space_invaders,breakout,10,5.0,648
7,period,3925248,43050,space_invaders,space_invaders,1,6.0,1477
7,period,3925248,43050,space_invaders,space_invaders,2,47.0,1477
7,period,3925248,43050,space_invaders,space_invaders,3,6.0,1477
7,period,3925248,43050,space_invaders,space_invaders,4,29.0,1477
7,period,3925248,43050,space_invaders,space_invaders,5,8.0,1477
7,period,3925248,43050,space_invaders,space_invaders,6,18.0,1477
7,period,3925248,43050,space_invaders,space_invaders,7,16.0,1477
7,period,3925248,43050,space_invaders,space_invaders,8,5.0,1477
7,period,3925248,43050,space_invaders,space_invaders,9,18.0,1477
7,period,3925248,43050,space_invaders,space_invaders,10,40.0,1477
7,period,3925248,43050,space_invaders,freeway,1,7.0,25000
7,period,3925248,43050,space_invaders,freeway,2,6.0,25000
7,period,3925248,43050,space_invaders,freeway,3,12.0,25000
7,period,3925248,43050,space_invaders,freeway,4,9.0,25000
7,period,3925248,43050,space_invaders,freeway,5,6.0,25000
7,period,3925248,43050,space_invaders,freeway,6,9.0,25000
7,period,3925248,43050,space_invaders,freeway,7,12.0,25000
7,period,3925248,43050,space_invaders,freeway,8,0.0,25000
7,period,3925248,43050,space_invaders,freeway,9,5.0,25000
7,period,3925248,43050,space_invaders,freeway,10,2.0,25000
7,period,3950080,43196,space_invaders,breakout,1,6.0,656
7,period,3950080,43196,space_invaders,breakout,2,6.0,656
7,period,3950080,43196,space_invaders,breakout,3,5.0,656
7,period,3950080,43196,space_invaders,breakout,4,5.0,656
7,period,3950080,43196,space_invaders,breakout,5,6.0,656
7,period,3950080,43196,space_invaders,breakout,6,6.0,656
7,period,3950080,43196,space_invaders,breakout,7,5.0,656
7,period,3950080,43196,space_invaders,breakout,8,5.0,656
7,period,3950080,43196,space_invaders,breakout,9,6.0,656
7,period,3950080,43196,space_invaders,breakout,10,5.0,656
7,period,3950080,43196,space_invaders,space_invaders,1,13.0,2193
7,period,3950080,43196,space_invaders,space_invaders,2,17.0,2193
7,period,3950080,43196,space_invaders,space_invaders,3,47.0,2193
7,period,3950080,43196,space_invaders,space_invaders,4,63.0,2193
7,period,3950080,43196,space_invaders,space_invaders,5,23.0,2193
7,period,3950080,43196,space_invaders,space_invaders,6,8.0,2193
7,period,3950080,43196,space_invaders,space_invaders,7,21.0,2193
7,period,3950080,43196,space_invaders,space_invaders,8,47.0,2193
7,period,3950080,43196,space_invaders,space_invaders,9,17.0,2193
7,period,3950080,43196,space_invaders,space_invaders,10,23.0,2193
7,period,3950080,43196,space_invaders,freeway,1,16.0,25000
7,period,3950080,43196,space_invaders,freeway,2,7.0,25000
7,period,3950080,43196,space_invaders,freeway,3,10.0,25000
7,period,3950080,43196,space_invaders,freeway,4,3.0,25000
7,period,3950080,43196,space_invaders,freeway,5,11.0,25000
7,period,3950080,43196,space_invaders,freeway,6,4.0,25000
7,period,3950080,43196,space_invaders,freeway,7,9.0,25000
7,period,3950080,43196,space_invaders,freeway,8,8.0,25000
7,period,3950080,43196,space_invaders,freeway,9,11.0,25000
7,period,3950080,43196,space_invaders,freeway,10,5.0,25000
7,period,3975168,43331,space_invaders,breakout,1,6.0,654
7,period,3975168,43331,space_invaders,breakout,2,6.0,654
7,period,3975168,43331,space_invaders,breakout,3,5.0,654
7,period,3975168,43331,space_invaders,breakout,4,5.0,654
7,period,3975168,43331,space_invaders,breakout,5,6.0,654
7,period,3975168,43331,space_invaders,breakout,6,6.0,654
7,period,3975168,43331,space_invaders,breakout,7,5.0,654
7,period,3975168,43331,space_invaders,breakout,8,5.0,654
7,period,3975168,43331,space_invaders,breakout,9,6.0,654
7,period,3975168,43331,space_invaders,breakout,10,5.0,654
7,period,3975168,43331,space_invaders,space_invaders,1,11.0,1377
7,period,3975168,43331,space_invaders,space_invaders,2,8.0,1377
7,period,3975168,43331,space_invaders,space_invaders,3,47.0,1377
7,period,3975168,43331,space_invaders,space_invaders,4,22.0,1377
7,period,3975168,43331,space_invaders,space_invaders,5,12.0,1377
7,period,3975168,43331,space_invaders,space_invaders,6,23.0,1377
7,period,3975168,43331,space_invaders,space_invaders,7,33.0,1377
7,period,3975168,43331,space_invaders,space_invaders,8,9.0,1377
7,period,3975168,43331,space_invaders,space_invaders,9,10.0,1377
7,period,3975168,43331,space_invaders,space_invaders,10,6.0,1377
7,period,3975168,43331,space_invaders,freeway,1,10.0,25000
7,period,3975168,43331,space_invaders,freeway,2,12.0,25000
7,period,3975168,43331,space_invaders,freeway,3,12.0,25000
7,period,3975168,43331,space_invaders,freeway,4,15.0,25000
7,period,3975168,43331,space_invaders,freeway,5,14.0,25000
7,period,3975168,43331,space_invaders,freeway,6,11.0,25000
7,period,3975168,43331,space_invaders,freeway,7,6.0,25000
7,period,3975168,43331,space_invaders,freeway,8,11.0,25000
7,period,3975168,43331,space_invaders,freeway,9,6.0,25000
7,period,3975168,43331,space_invaders,freeway,10,3.0,25000
8,boundary,4499712,43647,freeway,breakout,1,5.0,598
8,boundary,4499712,43647,freeway,breakout,2,6.0,598
8,boundary,4499712,43647,freeway,breakout,3,5.0,598
8,boundary,4499712,43647,freeway,breakout,4,5.0,598
8,boundary,4499712,43647,freeway,breakout,5,5.0,598
8,boundary,4499712,43647,freeway,breakout,6,6.0,598
8,boundary,4499712,43647,freeway,breakout,7,6.0,598
8,boundary,4499712,43647,freeway,breakout,8,6.0,598
8,boundary,4499712,43647,freeway,breakout,9,3.0,598
8,boundary,4499712,43647,freeway,breakout,10,3.0,598
8,boundary,4499712,43647,freeway,space_invaders,1,6.0,1706
8,boundary,4499712,43647,freeway,space_invaders,2,7.0,1706
8,boundary,4499712,43647,freeway,space_invaders,3,33.0,1706
8,boundary,4499712,43647,freeway,space_invaders,4,7.0,1706
8,boundary,4499712,43647,freeway,space_invaders,5,23.0,1706
8,boundary,4499712,43647,freeway,space_invaders,6,71.0,1706
8,boundary,4499712,43647,freeway,space_invaders,7,9.0,1706
8,boundary,4499712,43647,freeway,space_invaders,8,9.0,1706
8,boundary,4499712,43647,freeway,space_invaders,9,26.0,1706
8,boundary,4499712,43647,freeway,space_invaders,10,22.0,1706
8,boundary,4499712,43647,freeway,freeway,1,11.0,25000
8,boundary,4499712,43647,freeway,freeway,2,18.0,25000
8,boundary,4499712,43647,freeway,freeway,3,14.0,25000
8,boundary,4499712,43647,freeway,freeway,4,21.0,25000
8,boundary,4499712,43647,freeway,freeway,5,25.0,25000
8,boundary,4499712,43647,freeway,freeway,6,19.0,25000
8,boundary,4499712,43647,freeway,freeway,7,20.0,25000
8,boundary,4499712,43647,freeway,freeway,8,26.0,25000
8,boundary,4499712,43647,freeway,freeway,9,24.0,25000
8,boundary,4499712,43647,freeway,freeway,10,32.0,25000
8,period,4000000,43455,freeway,breakout,1,5.0,654
8,period,4000000,43455,freeway,breakout,2,6.0,654
8,period,4000000,43455,freeway,breakout,3,6.0,654
8,period,4000000,43455,freeway,breakout,4,5.0,654
8,period,4000000,43455,freeway,breakout,5,6.0,654
8,period,4000000,43455,freeway,breakout,6,5.0,654
8,period,4000000,43455,freeway,breakout,7,5.0,654
8,period,4000000,43455,freeway,breakout,8,6.0,654
8,period,4000000,43455,freeway,breakout,9,6.0,654
8,period,4000000,43455,freeway,breakout,10,5.0,654
8,period,4000000,43455,freeway,space_invaders,1,18.0,1678
8,period,4000000,43455,freeway,space_invaders,2,36.0,1678
8,period,4000000,43455,freeway,space_invaders,3,37.0,1678
8,period,4000000,43455,freeway,space_invaders,4,23.0,1678
8,period,4000000,43455,freeway,space_invaders,5,23.0,1678
8,period,4000000,43455,freeway,space_invaders,6,7.0,1678
8,period,4000000,43455,freeway,space_invaders,7,9.0,1678
8,period,4000000,43455,freeway,space_invaders,8,30.0,1678
8,period,4000000,43455,freeway,space_invaders,9,19.0,1678
8,period,4000000,43455,freeway,space_invaders,10,22.0,1678
8,period,4000000,43455,freeway,freeway,1,6.0,25000
8,period,4000000,43455,freeway,freeway,2,14.0,25000
8,period,4000000,43455,freeway,freeway,3,20.0,25000
8,period,4000000,43455,freeway,freeway,4,13.0,25000
8,period,4000000,43455,freeway,freeway,5,9.0,25000
8,period,4000000,43455,freeway,freeway,6,15.0,25000
8,period,4000000,43455,freeway,freeway,7,11.0,25000
8,period,4000000,43455,freeway,freeway,8,11.0,25000
8,period,4000000,43455,freeway,freeway,9,12.0,25000
8,period,4000000,43455,freeway,freeway,10,15.0,25000
8,period,4025088,43455,freeway,breakout,1,5.0,632
8,period,4025088,43455,freeway,breakout,2,5.0,632
8,period,4025088,43455,freeway,breakout,3,5.0,632
8,period,4025088,43455,freeway,breakout,4,5.0,632
8,period,4025088,43455,freeway,breakout,5,5.0,632
8,period,4025088,43455,freeway,breakout,6,6.0,632
8,period,4025088,43455,freeway,breakout,7,5.0,632
8,period,4025088,43455,freeway,breakout,8,6.0,632
8,period,4025088,43455,freeway,breakout,9,5.0,632
8,period,4025088,43455,freeway,breakout,10,6.0,632
8,period,4025088,43455,freeway,space_invaders,1,36.0,1404
8,period,4025088,43455,freeway,space_invaders,2,5.0,1404
8,period,4025088,43455,freeway,space_invaders,3,14.0,1404
8,period,4025088,43455,freeway,space_invaders,4,12.0,1404
8,period,4025088,43455,freeway,space_invaders,5,38.0,1404
8,period,4025088,43455,freeway,space_invaders,6,20.0,1404
8,period,4025088,43455,freeway,space_invaders,7,22.0,1404
8,period,4025088,43455,freeway,space_invaders,8,23.0,1404
8,period,4025088,43455,freeway,space_invaders,9,7.0,1404
8,period,4025088,43455,freeway,space_invaders,10,7.0,1404
8,period,4025088,43455,freeway,freeway,1,24.0,25000
8,period,4025088,43455,freeway,freeway,2,22.0,25000
8,period,4025088,43455,freeway,freeway,3,9.0,25000
8,period,4025088,43455,freeway,freeway,4,27.0,25000
8,period,4025088,43455,freeway,freeway,5,32.0,25000
8,period,4025088,43455,freeway,freeway,6,30.0,25000
8,period,4025088,43455,freeway,freeway,7,24.0,25000
8,period,4025088,43455,freeway,freeway,8,21.0,25000
8,period,4025088,43455,freeway,freeway,9,24.0,25000
8,period,4025088,43455,freeway,freeway,10,29.0,25000
8,period,4050176,43471,freeway,breakout,1,7.0,630
8,period,4050176,43471,freeway,breakout,2,6.0,630
8,period,4050176,43471,freeway,breakout,3,6.0,630
8,period,4050176,43471,freeway,breakout,4,5.0,630
8,period,4050176,43471,freeway,breakout,5,5.0,630
8,period,4050176,43471,freeway,breakout,6,5.0,630
8,period,4050176,43471,freeway,breakout,7,2.0,630
8,period,4050176,43471,freeway,breakout,8,5.0,630
8,period,4050176,43471,freeway,breakout,9,6.0,630
8,period,4050176,43471,freeway,breakout,10,6.0,630
8,period,4050176,43471,freeway,space_invaders,1,9.0,1544
8,period,4050176,43471,freeway,space_invaders,2,6.0,1544
8,period,4050176,43471,freeway,space_invaders,3,53.0,1544
8,period,4050176,43471,freeway,space_invaders,4,9.0,1544
8,period,4050176,43471,freeway,space_invaders,5,23.0,1544
8,period,4050176,43471,freeway,space_invaders,6,22.0,1544
8,period,4050176,43471,freeway,space_invaders,7,5.0,1544
8,period,4050176,43471,freeway,space_invaders,8,4.0,1544
8,period,4050176,43471,freeway,space_invaders,9,19.0,1544
8,period,4050176,43471,freeway,space_invaders,10,46.0,1544
8,period,4050176,43471,freeway,freeway,1,20.0,25000
8,period,4050176,43471,freeway,freeway,2,8.0,25000
8,period,4050176,43471,freeway,freeway,3,20.0,25000
8,period,4050176,43471,freeway,freeway,4,29.0,25000
8,period,4050176,43471,freeway,freeway,5,21.0,25000
8,period,4050176,43471,freeway,freeway,6,23.0,25000
8,period,4050176,43471,freeway,freeway,7,16.0,25000
8,period,4050176,43471,freeway,freeway,8,20.0,25000
8,period,4050176,43471,freeway,freeway,9,16.0,25000
8,period,4050176,43471,freeway,freeway,10,20.0,25000
8,period,4075008,43471,freeway,breakout,1,6.0,668
8,period,4075008,43471,freeway,breakout,2,6.0,668
8,period,4075008,43471,freeway,breakout,3,7.0,668
8,period,4075008,43471,freeway,breakout,4,5.0,668
8,period,4075008,43471,freeway,breakout,5,6.0,668
8,period,4075008,43471,freeway,breakout,6,6.0,668
8,period,4075008,43471,freeway,breakout,7,6.0,668
8,period,4075008,43471,freeway,breakout,8,2.0,668
8,period,4075008,43471,freeway,breakout,9,6.0,668
8,period,4075008,43471,freeway,breakout,10,7.0,668
8,period,4075008,43471,freeway,space_invaders,1,33.0,1757
8,period,4075008,43471,freeway,space_invaders,2,7.0,1757
8,period,4075008,43471,freeway,space_invaders,3,92.0,1757
8,period,4075008,43471,freeway,space_invaders,4,20.0,1757
8,period,4075008,43471,freeway,space_invaders,5,5.0,1757
8,period,4075008,43471,freeway,space_invaders,6,5.0,1757
8,period,4075008,43471,freeway,space_invaders,7,7.0,1757
8,period,4075008,43471,freeway,space_invaders,8,8.0,1757
8,period,4075008,43471,freeway,space_invaders,9,38.0,1757
8,period,4075008,43471,freeway,space_invaders,10,14.0,1757
8,period,4075008,43471,freeway,freeway,1,32.0,25000
8,period,4075008,43471,freeway,freeway,2,29.0,25000
8,period,4075008,43471,freeway,freeway,3,29.0,25000
8,period,4075008,43471,freeway,freeway,4,4.0,25000
8,period,4075008,43471,freeway,freeway,5,26.0,25000
8,period,4075008,43471,freeway,freeway,6,23.0,25000
8,period,4075008,43471,freeway,freeway,7,21.0,25000
8,period,4075008,43471,freeway,freeway,8,22.0,25000
8,period,4075008,43471,freeway,freeway,9,17.0,25000
8,period,4075008,43471,freeway,freeway,10,31.0,25000
8,period,4100096,43487,freeway,breakout,1,5.0,636
8,period,4100096,43487,freeway,breakout,2,5.0,636
8,period,4100096,43487,freeway,breakout,3,6.0,636
8,period,4100096,43487,freeway,breakout,4,6.0,636
8,period,4100096,43487,freeway,breakout,5,6.0,636
8,period,4100096,43487,freeway,breakout,6,6.0,636
8,period,4100096,43487,freeway,breakout,7,5.0,636
8,period,4100096,43487,freeway,breakout,8,6.0,636
8,period,4100096,43487,freeway,breakout,9,3.0,636
8,period,4100096,43487,freeway,breakout,10,5.0,636
8,period,4100096,43487,freeway,space_invaders,1,8.0,1524
8,period,4100096,43487,freeway,space_invaders,2,6.0,1524
8,period,4100096,43487,freeway,space_invaders,3,27.0,1524
8,period,4100096,43487,freeway,space_invaders,4,9.0,1524
8,period,4100096,43487,freeway,space_invaders,5,20.0,1524
8,period,4100096,43487,freeway,space_invaders,6,28.0,1524
8,period,4100096,43487,freeway,space_invaders,7,27.0,1524
8,period,4100096,43487,freeway,space_invaders,8,4.0,1524
8,period,4100096,43487,freeway,space_invaders,9,59.0,1524
8,period,4100096,43487,freeway,space_invaders,10,22.0,1524
8,period,4100096,43487,freeway,freeway,1,29.0,25000
8,period,4100096,43487,freeway,freeway,2,26.0,25000
8,period,4100096,43487,freeway,freeway,3,30.0,25000
8,period,4100096,43487,freeway,freeway,4,18.0,25000
8,period,4100096,43487,freeway,freeway,5,23.0,25000
8,period,4100096,43487,freeway,freeway,6,17.0,25000
8,period,4100096,43487,freeway,freeway,7,17.0,25000
8,period,4100096,43487,freeway,freeway,8,24.0,25000
8,period,4100096,43487,freeway,freeway,9,30.0,25000
8,period,4100096,43487,freeway,freeway,10,25.0,25000
8,period,4125184,43503,freeway,breakout,1,6.0,682
8,period,4125184,43503,freeway,breakout,2,5.0,682
8,period,4125184,43503,freeway,breakout,3,6.0,682
8,period,4125184,43503,freeway,breakout,4,6.0,682
8,period,4125184,43503,freeway,breakout,5,6.0,682
8,period,4125184,43503,freeway,breakout,6,5.0,682
8,period,4125184,43503,freeway,breakout,7,6.0,682
8,period,4125184,43503,freeway,breakout,8,6.0,682
8,period,4125184,43503,freeway,breakout,9,5.0,682
8,period,4125184,43503,freeway,breakout,10,6.0,682
8,period,4125184,43503,freeway,space_invaders,1,41.0,2348
8,period,4125184,43503,freeway,space_invaders,2,9.0,2348
8,period,4125184,43503,freeway,space_invaders,3,33.0,2348
8,period,4125184,43503,freeway,space_invaders,4,9.0,2348
8,period,4125184,43503,freeway,space_invaders,5,17.0,2348
8,period,4125184,43503,freeway,space_invaders,6,71.0,2348
8,period,4125184,43503,freeway,space_invaders,7,47.0,2348
8,period,4125184,43503,freeway,space_invaders,8,23.0,2348
8,period,4125184,43503,freeway,space_invaders,9,9.0,2348
8,period,4125184,43503,freeway,space_invaders,10,36.0,2348
8,period,4125184,43503,freeway,freeway,1,31.0,25000
8,period,4125184,43503,freeway,freeway,2,29.0,25000
8,period,4125184,43503,freeway,freeway,3,25.0,25000
8,period,4125184,43503,freeway,freeway,4,32.0,25000
8,period,4125184,43503,freeway,freeway,5,21.0,25000
8,period,4125184,43503,freeway,freeway,6,23.0,25000
8,period,4125184,43503,freeway,freeway,7,26.0,25000
8,period,4125184,43503,freeway,freeway,8,26.0,25000
8,period,4125184,43503,freeway,freeway,9,23.0,25000
8,period,4125184,43503,freeway,freeway,10,21.0,25000
8,period,4150016,43503,freeway,breakout,1,5.0,568
8,period,4150016,43503,freeway,breakout,2,5.0,568
8,period,4150016,43503,freeway,breakout,3,3.0,568
8,period,4150016,43503,freeway,breakout,4,5.0,568
8,period,4150016,43503,freeway,breakout,5,6.0,568
8,period,4150016,43503,freeway,breakout,6,6.0,568
8,period,4150016,43503,freeway,breakout,7,6.0,568
8,period,4150016,43503,freeway,breakout,8,6.0,568
8,period,4150016,43503,freeway,breakout,9,0.0,568
8,period,4150016,43503,freeway,breakout,10,5.0,568
8,period,4150016,43503,freeway,space_invaders,1,23.0,1524
8,period,4150016,43503,freeway,space_invaders,2,22.0,1524
8,period,4150016,43503,freeway,space_invaders,3,27.0,1524
8,period,4150016,43503,freeway,space_invaders,4,5.0,1524
8,period,4150016,43503,freeway,space_invaders,5,50.0,1524
8,period,4150016,43503,freeway,space_invaders,6,16.0,1524
8,period,4150016,43503,freeway,space_invaders,7,3.0,1524
8,period,4150016,43503,freeway,space_invaders,8,9.0,1524
8,period,4150016,43503,freeway,space_invaders,9,9.0,1524
8,period,4150016,43503,freeway,space_invaders,10,34.0,1524
8,period,4150016,43503,freeway,freeway,1,23.0,25000
8,period,4150016,43503,freeway,freeway,2,20.0,25000
8,period,4150016,43503,freeway,freeway,3,17.0,25000
8,period,4150016,43503,freeway,freeway,4,21.0,25000
8,period,4150016,43503,freeway,freeway,5,12.0,25000
8,period,4150016,43503,freeway,freeway,6,33.0,25000
8,period,4150016,43503,freeway,freeway,7,25.0,25000
8,period,4150016,43503,freeway,freeway,8,25.0,25000
8,period,4150016,43503,freeway,freeway,9,25.0,25000
8,period,4150016,43503,freeway,freeway,10,14.0,25000
8,period,4175104,43519,freeway,breakout,1,6.0,654
8,period,4175104,43519,freeway,breakout,2,6.0,654
8,period,4175104,43519,freeway,breakout,3,6.0,654
8,period,4175104,43519,freeway,breakout,4,5.0,654
8,period,4175104,43519,freeway,breakout,5,5.0,654
8,period,4175104,43519,freeway,breakout,6,6.0,654
8,period,4175104,43519,freeway,breakout,7,5.0,654
8,period,4175104,43519,freeway,breakout,8,5.0,654
8,period,4175104,43519,freeway,breakout,9,5.0,654
8,period,4175104,43519,freeway,breakout,10,6.0,654
8,period,4175104,43519,freeway,space_invaders,1,22.0,1438
8,period,4175104,43519,freeway,space_invaders,2,11.0,1438
8,period,4175104,43519,freeway,space_invaders,3,9.0,1438
8,period,4175104,43519,freeway,space_invaders,4,10.0,1438
8,period,4175104,43519,freeway,space_invaders,5,5.0,1438
8,period,4175104,43519,freeway,space_invaders,6,47.0,1438
8,period,4175104,43519,freeway,space_invaders,7,19.0,1438
8,period,4175104,43519,freeway,space_invaders,8,47.0,1438
8,period,4175104,43519,freeway,space_invaders,9,17.0,1438
8,period,4175104,43519,freeway,space_invaders,10,7.0,1438
8,period,4175104,43519,freeway,freeway,1,24.0,25000
8,period,4175104,43519,freeway,freeway,2,19.0,25000
8,period,4175104,43519,freeway,freeway,3,33.0,25000
8,period,4175104,43519,freeway,freeway,4,29.0,25000
8,period,4175104,43519,freeway,freeway,5,26.0,25000
8,period,4175104,43519,freeway,freeway,6,20.0,25000
8,period,4175104,43519,freeway,freeway,7,19.0,25000
8,period,4175104,43519,freeway,freeway,8,17.0,25000
8,period,4175104,43519,freeway,freeway,9,31.0,25000
8,period,4175104,43519,freeway,freeway,10,16.0,25000
8,period,4200192,43535,freeway,breakout,1,6.0,652
8,period,4200192,43535,freeway,breakout,2,5.0,652
8,period,4200192,43535,freeway,breakout,3,6.0,652
8,period,4200192,43535,freeway,breakout,4,6.0,652
8,period,4200192,43535,freeway,breakout,5,5.0,652
8,period,4200192,43535,freeway,breakout,6,6.0,652
8,period,4200192,43535,freeway,breakout,7,6.0,652
8,period,4200192,43535,freeway,breakout,8,4.0,652
8,period,4200192,43535,freeway,breakout,9,5.0,652
8,period,4200192,43535,freeway,breakout,10,5.0,652
8,period,4200192,43535,freeway,space_invaders,1,20.0,1712
8,period,4200192,43535,freeway,space_invaders,2,8.0,1712
8,period,4200192,43535,freeway,space_invaders,3,17.0,1712
8,period,4200192,43535,freeway,space_invaders,4,35.0,1712
8,period,4200192,43535,freeway,space_invaders,5,23.0,1712
8,period,4200192,43535,freeway,space_invaders,6,8.0,1712
8,period,4200192,43535,freeway,space_invaders,7,46.0,1712
8,period,4200192,43535,freeway,space_invaders,8,40.0,1712
8,period,4200192,43535,freeway,space_invaders,9,3.0,1712
8,period,4200192,43535,freeway,space_invaders,10,21.0,1712
8,period,4200192,43535,freeway,freeway,1,32.0,25000
8,period,4200192,43535,freeway,freeway,2,23.0,25000
8,period,4200192,43535,freeway,freeway,3,17.0,25000
8,period,4200192,43535,freeway,freeway,4,20.0,25000
8,period,4200192,43535,freeway,freeway,5,27.0,25000
8,period,4200192,43535,freeway,freeway,6,26.0,25000
8,period,4200192,43535,freeway,freeway,7,21.0,25000
8,period,4200192,43535,freeway,freeway,8,16.0,25000
8,period,4200192,43535,freeway,freeway,9,18.0,25000
8,period,4200192,43535,freeway,freeway,10,18.0,25000
8,period,4225024,43535,freeway,breakout,1,4.0,614
8,period,4225024,43535,freeway,breakout,2,3.0,614
8,period,4225024,43535,freeway,breakout,3,4.0,614
8,period,4225024,43535,freeway,breakout,4,6.0,614
8,period,4225024,43535,freeway,breakout,5,6.0,614
8,period,4225024,43535,freeway,breakout,6,6.0,614
8,period,4225024,43535,freeway,breakout,7,5.0,614
8,period,4225024,43535,freeway,breakout,8,5.0,614
8,period,4225024,43535,freeway,breakout,9,6.0,614
8,period,4225024,43535,freeway,breakout,10,6.0,614
8,period,4225024,43535,freeway,space_invaders,1,13.0,2049
8,period,4225024,43535,freeway,space_invaders,2,23.0,2049
8,period,4225024,43535,freeway,space_invaders,3,46.0,2049
8,period,4225024,43535,freeway,space_invaders,4,45.0,2049
8,period,4225024,43535,freeway,space_invaders,5,47.0,2049
8,period,4225024,43535,freeway,space_invaders,6,5.0,2049
8,period,4225024,43535,freeway,space_invaders,7,15.0,2049
8,period,4225024,43535,freeway,space_invaders,8,23.0,2049
8,period,4225024,43535,freeway,space_invaders,9,7.0,2049
8,period,4225024,43535,freeway,space_invaders,10,31.0,2049
8,period,4225024,43535,freeway,freeway,1,19.0,25000
8,period,4225024,43535,freeway,freeway,2,30.0,25000
8,period,4225024,43535,freeway,freeway,3,23.0,25000
8,period,4225024,43535,freeway,freeway,4,16.0,25000
8,period,4225024,43535,freeway,freeway,5,26.0,25000
8,period,4225024,43535,freeway,freeway,6,30.0,25000
8,period,4225024,43535,freeway,freeway,7,22.0,25000
8,period,4225024,43535,freeway,freeway,8,22.0,25000
8,period,4225024,43535,freeway,freeway,9,25.0,25000
8,period,4225024,43535,freeway,freeway,10,20.0,25000
8,period,4250112,43551,freeway,breakout,1,6.0,632
8,period,4250112,43551,freeway,breakout,2,5.0,632
8,period,4250112,43551,freeway,breakout,3,5.0,632
8,period,4250112,43551,freeway,breakout,4,5.0,632
8,period,4250112,43551,freeway,breakout,5,5.0,632
8,period,4250112,43551,freeway,breakout,6,6.0,632
8,period,4250112,43551,freeway,breakout,7,5.0,632
8,period,4250112,43551,freeway,breakout,8,6.0,632
8,period,4250112,43551,freeway,breakout,9,5.0,632
8,period,4250112,43551,freeway,breakout,10,5.0,632
8,period,4250112,43551,freeway,space_invaders,1,71.0,2271
8,period,4250112,43551,freeway,space_invaders,2,16.0,2271
8,period,4250112,43551,freeway,space_invaders,3,32.0,2271
8,period,4250112,43551,freeway,space_invaders,4,7.0,2271
8,period,4250112,43551,freeway,space_invaders,5,5.0,2271
8,period,4250112,43551,freeway,space_invaders,6,11.0,2271
8,period,4250112,43551,freeway,space_invaders,7,23.0,2271
8,period,4250112,43551,freeway,space_invaders,8,68.0,2271
8,period,4250112,43551,freeway,space_invaders,9,5.0,2271
8,period,4250112,43551,freeway,space_invaders,10,59.0,2271
8,period,4250112,43551,freeway,freeway,1,17.0,25000
8,period,4250112,43551,freeway,freeway,2,25.0,25000
8,period,4250112,43551,freeway,freeway,3,11.0,25000
8,period,4250112,43551,freeway,freeway,4,21.0,25000
8,period,4250112,43551,freeway,freeway,5,4.0,25000
8,period,4250112,43551,freeway,freeway,6,19.0,25000
8,period,4250112,43551,freeway,freeway,7,26.0,25000
8,period,4250112,43551,freeway,freeway,8,24.0,25000
8,period,4250112,43551,freeway,freeway,9,18.0,25000
8,period,4250112,43551,freeway,freeway,10,17.0,25000
8,period,4275200,43551,freeway,breakout,1,4.0,588
8,period,4275200,43551,freeway,breakout,2,6.0,588
8,period,4275200,43551,freeway,breakout,3,6.0,588
8,period,4275200,43551,freeway,breakout,4,5.0,588
8,period,4275200,43551,freeway,breakout,5,2.0,588
8,period,4275200,43551,freeway,breakout,6,5.0,588
8,period,4275200,43551,freeway,breakout,7,5.0,588
8,period,4275200,43551,freeway,breakout,8,5.0,588
8,period,4275200,43551,freeway,breakout,9,5.0,588
8,period,4275200,43551,freeway,breakout,10,6.0,588
8,period,4275200,43551,freeway,space_invaders,1,5.0,1544
8,period,4275200,43551,freeway,space_invaders,2,9.0,1544
8,period,4275200,43551,freeway,space_invaders,3,23.0,1544
8,period,4275200,43551,freeway,space_invaders,4,35.0,1544
8,period,4275200,43551,freeway,space_invaders,5,10.0,1544
8,period,4275200,43551,freeway,space_invaders,6,23.0,1544
8,period,4275200,43551,freeway,space_invaders,7,11.0,1544
8,period,4275200,43551,freeway,space_invaders,8,34.0,1544
8,period,4275200,43551,freeway,space_invaders,9,38.0,1544
8,period,4275200,43551,freeway,space_invaders,10,14.0,1544
8,period,4275200,43551,freeway,freeway,1,23.0,25000
8,period,4275200,43551,freeway,freeway,2,26.0,25000
8,period,4275200,43551,freeway,freeway,3,22.0,25000
8,period,4275200,43551,freeway,freeway,4,26.0,25000
8,period,4275200,43551,freeway,freeway,5,24.0,25000
8,period,4275200,43551,freeway,freeway,6,30.0,25000
8,period,4275200,43551,freeway,freeway,7,5.0,25000
8,period,4275200,43551,freeway,freeway,8,27.0,25000
8,period,4275200,43551,freeway,freeway,9,30.0,25000
8,period,4275200,43551,freeway,freeway,10,23.0,25000
8,period,4300032,43567,freeway,breakout,1,5.0,630
8,period,4300032,43567,freeway,breakout,2,4.0,630
8,period,4300032,43567,freeway,breakout,3,5.0,630
8,period,4300032,43567,freeway,breakout,4,5.0,630
8,period,4300032,43567,freeway,breakout,5,5.0,630
8,period,4300032,43567,freeway,breakout,6,6.0,630
8,period,4300032,43567,freeway,breakout,7,6.0,630
8,period,4300032,43567,freeway,breakout,8,5.0,630
8,period,4300032,43567,freeway,breakout,9,6.0,630
8,period,4300032,43567,freeway,breakout,10,6.0,630
8,period,4300032,43567,freeway,space_invaders,1,8.0,1601
8,period,4300032,43567,freeway,space_invaders,2,34.0,1601
8,period,4300032,43567,freeway,space_invaders,3,23.0,1601
8,period,4300032,43567,freeway,space_invaders,4,23.0,1601
8,period,4300032,43567,freeway,space_invaders,5,21.0,1601
8,period,4300032,43567,freeway,space_invaders,6,5.0,1601
8,period,4300032,43567,freeway,space_invaders,7,19.0,1601
8,period,4300032,43567,freeway,space_invaders,8,11.0,1601
8,period,4300032,43567,freeway,space_invaders,9,43.0,1601
8,period,4300032,43567,freeway,space_invaders,10,23.0,1601
8,period,4300032,43567,freeway,freeway,1,25.0,25000
8,period,4300032,43567,freeway,freeway,2,31.0,25000
8,period,4300032,43567,freeway,freeway,3,28.0,25000
8,period,4300032,43567,freeway,freeway,4,19.0,25000
8,period,4300032,43567,freeway,freeway,5,27.0,25000
8,period,4300032,43567,freeway,freeway,6,12.0,25000
8,period,4300032,43567,freeway,freeway,7,24.0,25000
8,period,4300032,43567,freeway,freeway,8,20.0,25000
8,period,4300032,43567,freeway,freeway,9,20.0,25000
8,period,4300032,43567,freeway,freeway,10,29.0,25000
8,period,4325120,43583,freeway,breakout,1,5.0,652
8,period,4325120,43583,freeway,breakout,2,4.0,652
8,period,4325120,43583,freeway,breakout,3,6.0,652
8,period,4325120,43583,freeway,breakout,4,6.0,652
8,period,4325120,43583,freeway,breakout,5,5.0,652
8,period,4325120,43583,freeway,breakout,6,6.0,652
8,period,4325120,43583,freeway,breakout,7,6.0,652
8,period,4325120,43583,freeway,breakout,8,6.0,652
8,period,4325120,43583,freeway,breakout,9,4.0,652
8,period,4325120,43583,freeway,breakout,10,7.0,652
8,period,4325120,43583,freeway,space_invaders,1,23.0,1575
8,period,4325120,43583,freeway,space_invaders,2,3.0,1575
8,period,4325120,43583,freeway,space_invaders,3,14.0,1575
8,period,4325120,43583,freeway,space_invaders,4,47.0,1575
8,period,4325120,43583,freeway,space_invaders,5,8.0,1575
8,period,4325120,43583,freeway,space_invaders,6,7.0,1575
8,period,4325120,43583,freeway,space_invaders,7,61.0,1575
8,period,4325120,43583,freeway,space_invaders,8,10.0,1575
8,period,4325120,43583,freeway,space_invaders,9,6.0,1575
8,period,4325120,43583,freeway,space_invaders,10,15.0,1575
8,period,4325120,43583,freeway,freeway,1,22.0,25000
8,period,4325120,43583,freeway,freeway,2,29.0,25000
8,period,4325120,43583,freeway,freeway,3,24.0,25000
8,period,4325120,43583,freeway,freeway,4,22.0,25000
8,period,4325120,43583,freeway,freeway,5,27.0,25000
8,period,4325120,43583,freeway,freeway,6,30.0,25000
8,period,4325120,43583,freeway,freeway,7,26.0,25000
8,period,4325120,43583,freeway,freeway,8,29.0,25000
8,period,4325120,43583,freeway,freeway,9,26.0,25000
8,period,4325120,43583,freeway,freeway,10,18.0,25000
8,period,4350208,43583,freeway,breakout,1,6.0,728
8,period,4350208,43583,freeway,breakout,2,6.0,728
8,period,4350208,43583,freeway,breakout,3,6.0,728
8,period,4350208,43583,freeway,breakout,4,6.0,728
8,period,4350208,43583,freeway,breakout,5,6.0,728
8,period,4350208,43583,freeway,breakout,6,8.0,728
8,period,4350208,43583,freeway,breakout,7,6.0,728
8,period,4350208,43583,freeway,breakout,8,6.0,728
8,period,4350208,43583,freeway,breakout,9,6.0,728
8,period,4350208,43583,freeway,breakout,10,6.0,728
8,period,4350208,43583,freeway,space_invaders,1,23.0,2263
8,period,4350208,43583,freeway,space_invaders,2,23.0,2263
8,period,4350208,43583,freeway,space_invaders,3,86.0,2263
8,period,4350208,43583,freeway,space_invaders,4,27.0,2263
8,period,4350208,43583,freeway,space_invaders,5,10.0,2263
8,period,4350208,43583,freeway,space_invaders,6,38.0,2263
8,period,4350208,43583,freeway,space_invaders,7,9.0,2263
8,period,4350208,43583,freeway,space_invaders,8,23.0,2263
8,period,4350208,43583,freeway,space_invaders,9,34.0,2263
8,period,4350208,43583,freeway,space_invaders,10,16.0,2263
8,period,4350208,43583,freeway,freeway,1,19.0,25000
8,period,4350208,43583,freeway,freeway,2,25.0,25000
8,period,4350208,43583,freeway,freeway,3,25.0,25000
8,period,4350208,43583,freeway,freeway,4,27.0,25000
8,period,4350208,43583,freeway,freeway,5,30.0,25000
8,period,4350208,43583,freeway,freeway,6,23.0,25000
8,period,4350208,43583,freeway,freeway,7,31.0,25000
8,period,4350208,43583,freeway,freeway,8,27.0,25000
8,period,4350208,43583,freeway,freeway,9,23.0,25000
8,period,4350208,43583,freeway,freeway,10,28.0,25000
8,period,4375040,43599,freeway,breakout,1,3.0,564
8,period,4375040,43599,freeway,breakout,2,5.0,564
8,period,4375040,43599,freeway,breakout,3,3.0,564
8,period,4375040,43599,freeway,breakout,4,5.0,564
8,period,4375040,43599,freeway,breakout,5,6.0,564
8,period,4375040,43599,freeway,breakout,6,5.0,564
8,period,4375040,43599,freeway,breakout,7,6.0,564
8,period,4375040,43599,freeway,breakout,8,5.0,564
8,period,4375040,43599,freeway,breakout,9,5.0,564
8,period,4375040,43599,freeway,breakout,10,3.0,564
8,period,4375040,43599,freeway,space_invaders,1,23.0,1817
8,period,4375040,43599,freeway,space_invaders,2,21.0,1817
8,period,4375040,43599,freeway,space_invaders,3,23.0,1817
8,period,4375040,43599,freeway,space_invaders,4,8.0,1817
8,period,4375040,43599,freeway,space_invaders,5,9.0,1817
8,period,4375040,43599,freeway,space_invaders,6,23.0,1817
8,period,4375040,43599,freeway,space_invaders,7,64.0,1817
8,period,4375040,43599,freeway,space_invaders,8,18.0,1817
8,period,4375040,43599,freeway,space_invaders,9,22.0,1817
8,period,4375040,43599,freeway,space_invaders,10,22.0,1817
8,period,4375040,43599,freeway,freeway,1,17.0,25000
8,period,4375040,43599,freeway,freeway,2,15.0,25000
8,period,4375040,43599,freeway,freeway,3,25.0,25000
8,period,4375040,43599,freeway,freeway,4,26.0,25000
8,period,4375040,43599,freeway,freeway,5,23.0,25000
8,period,4375040,43599,freeway,freeway,6,19.0,25000
8,period,4375040,43599,freeway,freeway,7,20.0,25000
8,period,4375040,43599,freeway,freeway,8,26.0,25000
8,period,4375040,43599,freeway,freeway,9,18.0,25000
8,period,4375040,43599,freeway,freeway,10,22.0,25000
8,period,4400128,43615,freeway,breakout,1,5.0,588
8,period,4400128,43615,freeway,breakout,2,5.0,588
8,period,4400128,43615,freeway,breakout,3,5.0,588
8,period,4400128,43615,freeway,breakout,4,5.0,588
8,period,4400128,43615,freeway,breakout,5,5.0,588
8,period,4400128,43615,freeway,breakout,6,5.0,588
8,period,4400128,43615,freeway,breakout,7,1.0,588
8,period,4400128,43615,freeway,breakout,8,6.0,588
8,period,4400128,43615,freeway,breakout,9,5.0,588
8,period,4400128,43615,freeway,breakout,10,6.0,588
8,period,4400128,43615,freeway,space_invaders,1,8.0,1073
8,period,4400128,43615,freeway,space_invaders,2,9.0,1073
8,period,4400128,43615,freeway,space_invaders,3,10.0,1073
8,period,4400128,43615,freeway,space_invaders,4,35.0,1073
8,period,4400128,43615,freeway,space_invaders,5,20.0,1073
8,period,4400128,43615,freeway,space_invaders,6,16.0,1073
8,period,4400128,43615,freeway,space_invaders,7,19.0,1073
8,period,4400128,43615,freeway,space_invaders,8,10.0,1073
8,period,4400128,43615,freeway,space_invaders,9,17.0,1073
8,period,4400128,43615,freeway,space_invaders,10,3.0,1073
8,period,4400128,43615,freeway,freeway,1,32.0,25000
8,period,4400128,43615,freeway,freeway,2,23.0,25000
8,period,4400128,43615,freeway,freeway,3,26.0,25000
8,period,4400128,43615,freeway,freeway,4,26.0,25000
8,period,4400128,43615,freeway,freeway,5,29.0,25000
8,period,4400128,43615,freeway,freeway,6,27.0,25000
8,period,4400128,43615,freeway,freeway,7,23.0,25000
8,period,4400128,43615,freeway,freeway,8,20.0,25000
8,period,4400128,43615,freeway,freeway,9,15.0,25000
8,period,4400128,43615,freeway,freeway,10,18.0,25000
8,period,4425216,43615,freeway,breakout,1,6.0,622
8,period,4425216,43615,freeway,breakout,2,6.0,622
8,period,4425216,43615,freeway,breakout,3,5.0,622
8,period,4425216,43615,freeway,breakout,4,5.0,622
8,period,4425216,43615,freeway,breakout,5,5.0,622
8,period,4425216,43615,freeway,breakout,6,5.0,622
8,period,4425216,43615,freeway,breakout,7,6.0,622
8,period,4425216,43615,freeway,breakout,8,6.0,622
8,period,4425216,43615,freeway,breakout,9,5.0,622
8,period,4425216,43615,freeway,breakout,10,3.0,622
8,period,4425216,43615,freeway,space_invaders,1,23.0,1427
8,period,4425216,43615,freeway,space_invaders,2,37.0,1427
8,period,4425216,43615,freeway,space_invaders,3,10.0,1427
8,period,4425216,43615,freeway,space_invaders,4,22.0,1427
8,period,4425216,43615,freeway,space_invaders,5,7.0,1427
8,period,4425216,43615,freeway,space_invaders,6,3.0,1427
8,period,4425216,43615,freeway,space_invaders,7,38.0,1427
8,period,4425216,43615,freeway,space_invaders,8,19.0,1427
8,period,4425216,43615,freeway,space_invaders,9,10.0,1427
8,period,4425216,43615,freeway,space_invaders,10,20.0,1427
8,period,4425216,43615,freeway,freeway,1,27.0,25000
8,period,4425216,43615,freeway,freeway,2,23.0,25000
8,period,4425216,43615,freeway,freeway,3,20.0,25000
8,period,4425216,43615,freeway,freeway,4,23.0,25000
8,period,4425216,43615,freeway,freeway,5,24.0,25000
8,period,4425216,43615,freeway,freeway,6,25.0,25000
8,period,4425216,43615,freeway,freeway,7,22.0,25000
8,period,4425216,43615,freeway,freeway,8,19.0,25000
8,period,4425216,43615,freeway,freeway,9,27.0,25000
8,period,4425216,43615,freeway,freeway,10,21.0,25000
8,period,4450048,43631,freeway,breakout,1,6.0,644
8,period,4450048,43631,freeway,breakout,2,5.0,644
8,period,4450048,43631,freeway,breakout,3,5.0,644
8,period,4450048,43631,freeway,breakout,4,5.0,644
8,period,4450048,43631,freeway,breakout,5,6.0,644
8,period,4450048,43631,freeway,breakout,6,6.0,644
8,period,4450048,43631,freeway,breakout,7,5.0,644
8,period,4450048,43631,freeway,breakout,8,6.0,644
8,period,4450048,43631,freeway,breakout,9,5.0,644
8,period,4450048,43631,freeway,breakout,10,5.0,644
8,period,4450048,43631,freeway,space_invaders,1,15.0,1610
8,period,4450048,43631,freeway,space_invaders,2,20.0,1610
8,period,4450048,43631,freeway,space_invaders,3,23.0,1610
8,period,4450048,43631,freeway,space_invaders,4,20.0,1610
8,period,4450048,43631,freeway,space_invaders,5,47.0,1610
8,period,4450048,43631,freeway,space_invaders,6,17.0,1610
8,period,4450048,43631,freeway,space_invaders,7,5.0,1610
8,period,4450048,43631,freeway,space_invaders,8,18.0,1610
8,period,4450048,43631,freeway,space_invaders,9,40.0,1610
8,period,4450048,43631,freeway,space_invaders,10,7.0,1610
8,period,4450048,43631,freeway,freeway,1,19.0,25000
8,period,4450048,43631,freeway,freeway,2,19.0,25000
8,period,4450048,43631,freeway,freeway,3,26.0,25000
8,period,4450048,43631,freeway,freeway,4,25.0,25000
8,period,4450048,43631,freeway,freeway,5,19.0,25000
8,period,4450048,43631,freeway,freeway,6,22.0,25000
8,period,4450048,43631,freeway,freeway,7,33.0,25000
8,period,4450048,43631,freeway,freeway,8,24.0,25000
8,period,4450048,43631,freeway,freeway,9,15.0,25000
8,period,4450048,43631,freeway,freeway,10,26.0,25000
8,period,4475136,43631,freeway,breakout,1,3.0,580
8,period,4475136,43631,freeway,breakout,2,5.0,580
8,period,4475136,43631,freeway,breakout,3,5.0,580
8,period,4475136,43631,freeway,breakout,4,6.0,580
8,period,4475136,43631,freeway,breakout,5,5.0,580
8,period,4475136,43631,freeway,breakout,6,5.0,580
8,period,4475136,43631,freeway,breakout,7,5.0,580
8,period,4475136,43631,freeway,breakout,8,3.0,580
8,period,4475136,43631,freeway,breakout,9,6.0,580
8,period,4475136,43631,freeway,breakout,10,5.0,580
8,period,4475136,43631,freeway,space_invaders,1,8.0,2319
8,period,4475136,43631,freeway,space_invaders,2,44.0,2319
8,period,4475136,43631,freeway,space_invaders,3,16.0,2319
8,period,4475136,43631,freeway,space_invaders,4,20.0,2319
8,period,4475136,43631,freeway,space_invaders,5,7.0,2319
8,period,4475136,43631,freeway,space_invaders,6,20.0,2319
8,period,4475136,43631,freeway,space_invaders,7,8.0,2319
8,period,4475136,43631,freeway,space_invaders,8,71.0,2319
8,period,4475136,43631,freeway,space_invaders,9,10.0,2319
8,period,4475136,43631,freeway,space_invaders,10,95.0,2319
8,period,4475136,43631,freeway,freeway,1,25.0,25000
8,period,4475136,43631,freeway,freeway,2,27.0,25000
8,period,4475136,43631,freeway,freeway,3,13.0,25000
8,period,4475136,43631,freeway,freeway,4,22.0,25000
8,period,4475136,43631,freeway,freeway,5,21.0,25000
8,period,4475136,43631,freeway,freeway,6,24.0,25000
8,period,4475136,43631,freeway,freeway,7,30.0,25000
8,period,4475136,43631,freeway,freeway,8,25.0,25000
8,period,4475136,43631,freeway,freeway,9,28.0,25000
8,period,4475136,43631,freeway,freeway,10,26.0,25000
9,boundary,4999680,51487,breakout,breakout,1,5.0,672
9,boundary,4999680,51487,breakout,breakout,2,6.0,672
9,boundary,4999680,51487,breakout,breakout,3,6.0,672
9,boundary,4999680,51487,breakout,breakout,4,5.0,672
9,boundary,4999680,51487,breakout,breakout,5,5.0,672
9,boundary,4999680,51487,breakout,breakout,6,6.0,672
9,boundary,4999680,51487,breakout,breakout,7,5.0,672
9,boundary,4999680,51487,breakout,breakout,8,6.0,672
9,boundary,4999680,51487,breakout,breakout,9,7.0,672
9,boundary,4999680,51487,breakout,breakout,10,6.0,672
9,boundary,4999680,51487,breakout,space_invaders,1,27.0,1593
9,boundary,4999680,51487,breakout,space_invaders,2,31.0,1593
9,boundary,4999680,51487,breakout,space_invaders,3,32.0,1593
9,boundary,4999680,51487,breakout,space_invaders,4,8.0,1593
9,boundary,4999680,51487,breakout,space_invaders,5,10.0,1593
9,boundary,4999680,51487,breakout,space_invaders,6,41.0,1593
9,boundary,4999680,51487,breakout,space_invaders,7,8.0,1593
9,boundary,4999680,51487,breakout,space_invaders,8,3.0,1593
9,boundary,4999680,51487,breakout,space_invaders,9,25.0,1593
9,boundary,4999680,51487,breakout,space_invaders,10,23.0,1593
9,boundary,4999680,51487,breakout,freeway,1,24.0,25000
9,boundary,4999680,51487,breakout,freeway,2,20.0,25000
9,boundary,4999680,51487,breakout,freeway,3,18.0,25000
9,boundary,4999680,51487,breakout,freeway,4,22.0,25000
9,boundary,4999680,51487,breakout,freeway,5,19.0,25000
9,boundary,4999680,51487,breakout,freeway,6,19.0,25000
9,boundary,4999680,51487,breakout,freeway,7,25.0,25000
9,boundary,4999680,51487,breakout,freeway,8,11.0,25000
9,boundary,4999680,51487,breakout,freeway,9,24.0,25000
9,boundary,4999680,51487,breakout,freeway,10,24.0,25000
9,period,4500224,43648,breakout,breakout,1,6.0,644
9,period,4500224,43648,breakout,breakout,2,5.0,644
9,period,4500224,43648,breakout,breakout,3,6.0,644
9,period,4500224,43648,breakout,breakout,4,6.0,644
9,period,4500224,43648,breakout,breakout,5,5.0,644
9,period,4500224,43648,breakout,breakout,6,5.0,644
9,period,4500224,43648,breakout,breakout,7,6.0,644
9,period,4500224,43648,breakout,breakout,8,5.0,644
9,period,4500224,43648,breakout,breakout,9,6.0,644
9,period,4500224,43648,breakout,breakout,10,4.0,644
9,period,4500224,43648,breakout,space_invaders,1,3.0,1596
9,period,4500224,43648,breakout,space_invaders,2,7.0,1596
9,period,4500224,43648,breakout,space_invaders,3,10.0,1596
9,period,4500224,43648,breakout,space_invaders,4,8.0,1596
9,period,4500224,43648,breakout,space_invaders,5,19.0,1596
9,period,4500224,43648,breakout,space_invaders,6,47.0,1596
9,period,4500224,43648,breakout,space_invaders,7,23.0,1596
9,period,4500224,43648,breakout,space_invaders,8,9.0,1596
9,period,4500224,43648,breakout,space_invaders,9,46.0,1596
9,period,4500224,43648,breakout,space_invaders,10,23.0,1596
9,period,4500224,43648,breakout,freeway,1,13.0,25000
9,period,4500224,43648,breakout,freeway,2,14.0,25000
9,period,4500224,43648,breakout,freeway,3,30.0,25000
9,period,4500224,43648,breakout,freeway,4,25.0,25000
9,period,4500224,43648,breakout,freeway,5,25.0,25000
9,period,4500224,43648,breakout,freeway,6,20.0,25000
9,period,4500224,43648,breakout,freeway,7,16.0,25000
9,period,4500224,43648,breakout,freeway,8,17.0,25000
9,period,4500224,43648,breakout,freeway,9,20.0,25000
9,period,4500224,43648,breakout,freeway,10,19.0,25000
9,period,4525056,44047,breakout,breakout,1,5.0,638
9,period,4525056,44047,breakout,breakout,2,5.0,638
9,period,4525056,44047,breakout,breakout,3,5.0,638
9,period,4525056,44047,breakout,breakout,4,5.0,638
9,period,4525056,44047,breakout,breakout,5,7.0,638
9,period,4525056,44047,breakout,breakout,6,6.0,638
9,period,4525056,44047,breakout,breakout,7,5.0,638
9,period,4525056,44047,breakout,breakout,8,6.0,638
9,period,4525056,44047,breakout,breakout,9,5.0,638
9,period,4525056,44047,breakout,breakout,10,5.0,638
9,period,4525056,44047,breakout,space_invaders,1,23.0,1233
9,period,4525056,44047,breakout,space_invaders,2,3.0,1233
9,period,4525056,44047,breakout,space_invaders,3,17.0,1233
9,period,4525056,44047,breakout,space_invaders,4,9.0,1233
9,period,4525056,44047,breakout,space_invaders,5,50.0,1233
9,period,4525056,44047,breakout,space_invaders,6,23.0,1233
9,period,4525056,44047,breakout,space_invaders,7,8.0,1233
9,period,4525056,44047,breakout,space_invaders,8,5.0,1233
9,period,4525056,44047,breakout,space_invaders,9,6.0,1233
9,period,4525056,44047,breakout,space_invaders,10,30.0,1233
9,period,4525056,44047,breakout,freeway,1,25.0,25000
9,period,4525056,44047,breakout,freeway,2,22.0,25000
9,period,4525056,44047,breakout,freeway,3,27.0,25000
9,period,4525056,44047,breakout,freeway,4,22.0,25000
9,period,4525056,44047,breakout,freeway,5,17.0,25000
9,period,4525056,44047,breakout,freeway,6,15.0,25000
9,period,4525056,44047,breakout,freeway,7,19.0,25000
9,period,4525056,44047,breakout,freeway,8,22.0,25000
9,period,4525056,44047,breakout,freeway,9,21.0,25000
9,period,4525056,44047,breakout,freeway,10,25.0,25000
9,period,4550144,44448,breakout,breakout,1,5.0,646
9,period,4550144,44448,breakout,breakout,2,6.0,646
9,period,4550144,44448,breakout,breakout,3,5.0,646
9,period,4550144,44448,breakout,breakout,4,5.0,646
9,period,4550144,44448,breakout,breakout,5,6.0,646
9,period,4550144,44448,breakout,breakout,6,5.0,646
9,period,4550144,44448,breakout,breakout,7,5.0,646
9,period,4550144,44448,breakout,breakout,8,6.0,646
9,period,4550144,44448,breakout,breakout,9,5.0,646
9,period,4550144,44448,breakout,breakout,10,6.0,646
9,period,4550144,44448,breakout,space_invaders,1,68.0,2335
9,period,4550144,44448,breakout,space_invaders,2,8.0,2335
9,period,4550144,44448,breakout,space_invaders,3,29.0,2335
9,period,4550144,44448,breakout,space_invaders,4,10.0,2335
9,period,4550144,44448,breakout,space_invaders,5,34.0,2335
9,period,4550144,44448,breakout,space_invaders,6,23.0,2335
9,period,4550144,44448,breakout,space_invaders,7,38.0,2335
9,period,4550144,44448,breakout,space_invaders,8,39.0,2335
9,period,4550144,44448,breakout,space_invaders,9,6.0,2335
9,period,4550144,44448,breakout,space_invaders,10,45.0,2335
9,period,4550144,44448,breakout,freeway,1,18.0,25000
9,period,4550144,44448,breakout,freeway,2,24.0,25000
9,period,4550144,44448,breakout,freeway,3,18.0,25000
9,period,4550144,44448,breakout,freeway,4,17.0,25000
9,period,4550144,44448,breakout,freeway,5,19.0,25000
9,period,4550144,44448,breakout,freeway,6,29.0,25000
9,period,4550144,44448,breakout,freeway,7,27.0,25000
9,period,4550144,44448,breakout,freeway,8,16.0,25000
9,period,4550144,44448,breakout,freeway,9,20.0,25000
9,period,4550144,44448,breakout,freeway,10,19.0,25000
9,period,4575232,44853,breakout,breakout,1,6.0,644
9,period,4575232,44853,breakout,breakout,2,6.0,644
9,period,4575232,44853,breakout,breakout,3,5.0,644
9,period,4575232,44853,breakout,breakout,4,6.0,644
9,period,4575232,44853,breakout,breakout,5,5.0,644
9,period,4575232,44853,breakout,breakout,6,6.0,644
9,period,4575232,44853,breakout,breakout,7,5.0,644
9,period,4575232,44853,breakout,breakout,8,5.0,644
9,period,4575232,44853,breakout,breakout,9,5.0,644
9,period,4575232,44853,breakout,breakout,10,5.0,644
9,period,4575232,44853,breakout,space_invaders,1,7.0,924
9,period,4575232,44853,breakout,space_invaders,2,5.0,924
9,period,4575232,44853,breakout,space_invaders,3,10.0,924
9,period,4575232,44853,breakout,space_invaders,4,3.0,924
9,period,4575232,44853,breakout,space_invaders,5,3.0,924
9,period,4575232,44853,breakout,space_invaders,6,27.0,924
9,period,4575232,44853,breakout,space_invaders,7,28.0,924
9,period,4575232,44853,breakout,space_invaders,8,3.0,924
9,period,4575232,44853,breakout,space_invaders,9,10.0,924
9,period,4575232,44853,breakout,space_invaders,10,22.0,924
9,period,4575232,44853,breakout,freeway,1,26.0,25000
9,period,4575232,44853,breakout,freeway,2,23.0,25000
9,period,4575232,44853,breakout,freeway,3,21.0,25000
9,period,4575232,44853,breakout,freeway,4,12.0,25000
9,period,4575232,44853,breakout,freeway,5,19.0,25000
9,period,4575232,44853,breakout,freeway,6,20.0,25000
9,period,4575232,44853,breakout,freeway,7,23.0,25000
9,period,4575232,44853,breakout,freeway,8,27.0,25000
9,period,4575232,44853,breakout,freeway,9,27.0,25000
9,period,4575232,44853,breakout,freeway,10,23.0,25000
9,period,4600064,45251,breakout,breakout,1,5.0,630
9,period,4600064,45251,breakout,breakout,2,5.0,630
9,period,4600064,45251,breakout,breakout,3,4.0,630
9,period,4600064,45251,breakout,breakout,4,7.0,630
9,period,4600064,45251,breakout,breakout,5,5.0,630
9,period,4600064,45251,breakout,breakout,6,5.0,630
9,period,4600064,45251,breakout,breakout,7,5.0,630
9,period,4600064,45251,breakout,breakout,8,6.0,630
9,period,4600064,45251,breakout,breakout,9,6.0,630
9,period,4600064,45251,breakout,breakout,10,5.0,630
9,period,4600064,45251,breakout,space_invaders,1,10.0,1433
9,period,4600064,45251,breakout,space_invaders,2,38.0,1433
9,period,4600064,45251,breakout,space_invaders,3,36.0,1433
9,period,4600064,45251,breakout,space_invaders,4,11.0,1433
9,period,4600064,45251,breakout,space_invaders,5,30.0,1433
9,period,4600064,45251,breakout,space_invaders,6,16.0,1433
9,period,4600064,45251,breakout,space_invaders,7,10.0,1433
9,period,4600064,45251,breakout,space_invaders,8,7.0,1433
9,period,4600064,45251,breakout,space_invaders,9,10.0,1433
9,period,4600064,45251,breakout,space_invaders,10,31.0,1433
9,period,4600064,45251,breakout,freeway,1,11.0,25000
9,period,4600064,45251,breakout,freeway,2,27.0,25000
9,period,4600064,45251,breakout,freeway,3,28.0,25000
9,period,4600064,45251,breakout,freeway,4,19.0,25000
9,period,4600064,45251,breakout,freeway,5,20.0,25000
9,period,4600064,45251,breakout,freeway,6,26.0,25000
9,period,4600064,45251,breakout,freeway,7,20.0,25000
9,period,4600064,45251,breakout,freeway,8,25.0,25000
9,period,4600064,45251,breakout,freeway,9,22.0,25000
9,period,4600064,45251,breakout,freeway,10,19.0,25000
9,period,4625152,45645,breakout,breakout,1,5.0,522
9,period,4625152,45645,breakout,breakout,2,5.0,522
9,period,4625152,45645,breakout,breakout,3,4.0,522
9,period,4625152,45645,breakout,breakout,4,6.0,522
9,period,4625152,45645,breakout,breakout,5,0.0,522
9,period,4625152,45645,breakout,breakout,6,3.0,522
9,period,4625152,45645,breakout,breakout,7,5.0,522
9,period,4625152,45645,breakout,breakout,8,5.0,522
9,period,4625152,45645,breakout,breakout,9,4.0,522
9,period,4625152,45645,breakout,breakout,10,6.0,522
9,period,4625152,45645,breakout,space_invaders,1,47.0,2210
9,period,4625152,45645,breakout,space_invaders,2,9.0,2210
9,period,4625152,45645,breakout,space_invaders,3,6.0,2210
9,period,4625152,45645,breakout,space_invaders,4,47.0,2210
9,period,4625152,45645,breakout,space_invaders,5,76.0,2210
9,period,4625152,45645,breakout,space_invaders,6,30.0,2210
9,period,4625152,45645,breakout,space_invaders,7,9.0,2210
9,period,4625152,45645,breakout,space_invaders,8,23.0,2210
9,period,4625152,45645,breakout,space_invaders,9,10.0,2210
9,period,4625152,45645,breakout,space_invaders,10,18.0,2210
9,period,4625152,45645,breakout,freeway,1,21.0,25000
9,period,4625152,45645,breakout,freeway,2,18.0,25000
9,period,4625152,45645,breakout,freeway,3,16.0,25000
9,period,4625152,45645,breakout,freeway,4,13.0,25000
9,period,4625152,45645,breakout,freeway,5,18.0,25000
9,period,4625152,45645,breakout,freeway,6,20.0,25000
9,period,4625152,45645,breakout,freeway,7,19.0,25000
9,period,4625152,45645,breakout,freeway,8,24.0,25000
9,period,4625152,45645,breakout,freeway,9,13.0,25000
9,period,4625152,45645,breakout,freeway,10,19.0,25000
9,period,4650240,46047,breakout,breakout,1,6.0,660
9,period,4650240,46047,breakout,breakout,2,5.0,660
9,period,4650240,46047,breakout,breakout,3,6.0,660
9,period,4650240,46047,breakout,breakout,4,5.0,660
9,period,4650240,46047,breakout,breakout,5,5.0,660
9,period,4650240,46047,breakout,breakout,6,5.0,660
9,period,4650240,46047,breakout,breakout,7,6.0,660
9,period,4650240,46047,breakout,breakout,8,8.0,660
9,period,4650240,46047,breakout,breakout,9,5.0,660
9,period,4650240,46047,breakout,breakout,10,5.0,660
9,period,4650240,46047,breakout,space_invaders,1,31.0,1479
9,period,4650240,46047,breakout,space_invaders,2,8.0,1479
9,period,4650240,46047,breakout,space_invaders,3,17.0,1479
9,period,4650240,46047,breakout,space_invaders,4,7.0,1479
9,period,4650240,46047,breakout,space_invaders,5,23.0,1479
9,period,4650240,46047,breakout,space_invaders,6,3.0,1479
9,period,4650240,46047,breakout,space_invaders,7,40.0,1479
9,period,4650240,46047,breakout,space_invaders,8,10.0,1479
9,period,4650240,46047,breakout,space_invaders,9,23.0,1479
9,period,4650240,46047,breakout,space_invaders,10,23.0,1479
9,period,4650240,46047,breakout,freeway,1,26.0,25000
9,period,4650240,46047,breakout,freeway,2,15.0,25000
9,period,4650240,46047,breakout,freeway,3,24.0,25000
9,period,4650240,46047,breakout,freeway,4,21.0,25000
9,period,4650240,46047,breakout,freeway,5,20.0,25000
9,period,4650240,46047,breakout,freeway,6,16.0,25000
9,period,4650240,46047,breakout,freeway,7,5.0,25000
9,period,4650240,46047,breakout,freeway,8,15.0,25000
9,period,4650240,46047,breakout,freeway,9,21.0,25000
9,period,4650240,46047,breakout,freeway,10,18.0,25000
9,period,4675072,46439,breakout,breakout,1,6.0,650
9,period,4675072,46439,breakout,breakout,2,5.0,650
9,period,4675072,46439,breakout,breakout,3,5.0,650
9,period,4675072,46439,breakout,breakout,4,6.0,650
9,period,4675072,46439,breakout,breakout,5,5.0,650
9,period,4675072,46439,breakout,breakout,6,7.0,650
9,period,4675072,46439,breakout,breakout,7,5.0,650
9,period,4675072,46439,breakout,breakout,8,5.0,650
9,period,4675072,46439,breakout,breakout,9,5.0,650
9,period,4675072,46439,breakout,breakout,10,6.0,650
9,period,4675072,46439,breakout,space_invaders,1,5.0,1093
9,period,4675072,46439,breakout,space_invaders,2,10.0,1093
9,period,4675072,46439,breakout,space_invaders,3,10.0,1093
9,period,4675072,46439,breakout,space_invaders,4,9.0,1093
9,period,4675072,46439,breakout,space_invaders,5,16.0,1093
9,period,4675072,46439,breakout,space_invaders,6,47.0,1093
9,period,4675072,46439,breakout,space_invaders,7,10.0,1093
9,period,4675072,46439,breakout,space_invaders,8,3.0,1093
9,period,4675072,46439,breakout,space_invaders,9,22.0,1093
9,period,4675072,46439,breakout,space_invaders,10,12.0,1093
9,period,4675072,46439,breakout,freeway,1,21.0,25000
9,period,4675072,46439,breakout,freeway,2,28.0,25000
9,period,4675072,46439,breakout,freeway,3,23.0,25000
9,period,4675072,46439,breakout,freeway,4,25.0,25000
9,period,4675072,46439,breakout,freeway,5,19.0,25000
9,period,4675072,46439,breakout,freeway,6,25.0,25000
9,period,4675072,46439,breakout,freeway,7,20.0,25000
9,period,4675072,46439,breakout,freeway,8,21.0,25000
9,period,4675072,46439,breakout,freeway,9,28.0,25000
9,period,4675072,46439,breakout,freeway,10,21.0,25000
9,period,4700160,46829,breakout,breakout,1,6.0,658
9,period,4700160,46829,breakout,breakout,2,6.0,658
9,period,4700160,46829,breakout,breakout,3,6.0,658
9,period,4700160,46829,breakout,breakout,4,5.0,658
9,period,4700160,46829,breakout,breakout,5,6.0,658
9,period,4700160,46829,breakout,breakout,6,5.0,658
9,period,4700160,46829,breakout,breakout,7,5.0,658
9,period,4700160,46829,breakout,breakout,8,6.0,658
9,period,4700160,46829,breakout,breakout,9,4.0,658
9,period,4700160,46829,breakout,breakout,10,6.0,658
9,period,4700160,46829,breakout,space_invaders,1,45.0,2197
9,period,4700160,46829,breakout,space_invaders,2,27.0,2197
9,period,4700160,46829,breakout,space_invaders,3,70.0,2197
9,period,4700160,46829,breakout,space_invaders,4,14.0,2197
9,period,4700160,46829,breakout,space_invaders,5,44.0,2197
9,period,4700160,46829,breakout,space_invaders,6,37.0,2197
9,period,4700160,46829,breakout,space_invaders,7,7.0,2197
9,period,4700160,46829,breakout,space_invaders,8,7.0,2197
9,period,4700160,46829,breakout,space_invaders,9,14.0,2197
9,period,4700160,46829,breakout,space_invaders,10,23.0,2197
9,period,4700160,46829,breakout,freeway,1,28.0,25000
9,period,4700160,46829,breakout,freeway,2,28.0,25000
9,period,4700160,46829,breakout,freeway,3,12.0,25000
9,period,4700160,46829,breakout,freeway,4,21.0,25000
9,period,4700160,46829,breakout,freeway,5,15.0,25000
9,period,4700160,46829,breakout,freeway,6,20.0,25000
9,period,4700160,46829,breakout,freeway,7,21.0,25000
9,period,4700160,46829,breakout,freeway,8,23.0,25000
9,period,4700160,46829,breakout,freeway,9,17.0,25000
9,period,4700160,46829,breakout,freeway,10,21.0,25000
9,period,4725248,47218,breakout,breakout,1,5.0,578
9,period,4725248,47218,breakout,breakout,2,0.0,578
9,period,4725248,47218,breakout,breakout,3,6.0,578
9,period,4725248,47218,breakout,breakout,4,5.0,578
9,period,4725248,47218,breakout,breakout,5,5.0,578
9,period,4725248,47218,breakout,breakout,6,5.0,578
9,period,4725248,47218,breakout,breakout,7,5.0,578
9,period,4725248,47218,breakout,breakout,8,6.0,578
9,period,4725248,47218,breakout,breakout,9,6.0,578
9,period,4725248,47218,breakout,breakout,10,5.0,578
9,period,4725248,47218,breakout,space_invaders,1,9.0,2317
9,period,4725248,47218,breakout,space_invaders,2,32.0,2317
9,period,4725248,47218,breakout,space_invaders,3,29.0,2317
9,period,4725248,47218,breakout,space_invaders,4,56.0,2317
9,period,4725248,47218,breakout,space_invaders,5,18.0,2317
9,period,4725248,47218,breakout,space_invaders,6,23.0,2317
9,period,4725248,47218,breakout,space_invaders,7,10.0,2317
9,period,4725248,47218,breakout,space_invaders,8,6.0,2317
9,period,4725248,47218,breakout,space_invaders,9,34.0,2317
9,period,4725248,47218,breakout,space_invaders,10,47.0,2317
9,period,4725248,47218,breakout,freeway,1,21.0,25000
9,period,4725248,47218,breakout,freeway,2,19.0,25000
9,period,4725248,47218,breakout,freeway,3,22.0,25000
9,period,4725248,47218,breakout,freeway,4,25.0,25000
9,period,4725248,47218,breakout,freeway,5,18.0,25000
9,period,4725248,47218,breakout,freeway,6,20.0,25000
9,period,4725248,47218,breakout,freeway,7,14.0,25000
9,period,4725248,47218,breakout,freeway,8,25.0,25000
9,period,4725248,47218,breakout,freeway,9,25.0,25000
9,period,4725248,47218,breakout,freeway,10,21.0,25000
9,period,4750080,47608,breakout,breakout,1,3.0,624
9,period,4750080,47608,breakout,breakout,2,5.0,624
9,period,4750080,47608,breakout,breakout,3,5.0,624
9,period,4750080,47608,breakout,breakout,4,5.0,624
9,period,4750080,47608,breakout,breakout,5,6.0,624
9,period,4750080,47608,breakout,breakout,6,6.0,624
9,period,4750080,47608,breakout,breakout,7,6.0,624
9,period,4750080,47608,breakout,breakout,8,5.0,624
9,period,4750080,47608,breakout,breakout,9,5.0,624
9,period,4750080,47608,breakout,breakout,10,6.0,624
9,period,4750080,47608,breakout,space_invaders,1,23.0,1586
9,period,4750080,47608,breakout,space_invaders,2,10.0,1586
9,period,4750080,47608,breakout,space_invaders,3,7.0,1586
9,period,4750080,47608,breakout,space_invaders,4,37.0,1586
9,period,4750080,47608,breakout,space_invaders,5,35.0,1586
9,period,4750080,47608,breakout,space_invaders,6,9.0,1586
9,period,4750080,47608,breakout,space_invaders,7,31.0,1586
9,period,4750080,47608,breakout,space_invaders,8,7.0,1586
9,period,4750080,47608,breakout,space_invaders,9,35.0,1586
9,period,4750080,47608,breakout,space_invaders,10,8.0,1586
9,period,4750080,47608,breakout,freeway,1,13.0,25000
9,period,4750080,47608,breakout,freeway,2,14.0,25000
9,period,4750080,47608,breakout,freeway,3,28.0,25000
9,period,4750080,47608,breakout,freeway,4,27.0,25000
9,period,4750080,47608,breakout,freeway,5,29.0,25000
9,period,4750080,47608,breakout,freeway,6,21.0,25000
9,period,4750080,47608,breakout,freeway,7,20.0,25000
9,period,4750080,47608,breakout,freeway,8,22.0,25000
9,period,4750080,47608,breakout,freeway,9,19.0,25000
9,period,4750080,47608,breakout,freeway,10,16.0,25000
9,period,4775168,48008,breakout,breakout,1,6.0,674
9,period,4775168,48008,breakout,breakout,2,5.0,674
9,period,4775168,48008,breakout,breakout,3,6.0,674
9,period,4775168,48008,breakout,breakout,4,6.0,674
9,period,4775168,48008,breakout,breakout,5,6.0,674
9,period,4775168,48008,breakout,breakout,6,5.0,674
9,period,4775168,48008,breakout,breakout,7,6.0,674
9,period,4775168,48008,breakout,breakout,8,6.0,674
9,period,4775168,48008,breakout,breakout,9,5.0,674
9,period,4775168,48008,breakout,breakout,10,6.0,674
9,period,4775168,48008,breakout,space_invaders,1,3.0,1059
9,period,4775168,48008,breakout,space_invaders,2,22.0,1059
9,period,4775168,48008,breakout,space_invaders,3,10.0,1059
9,period,4775168,48008,breakout,space_invaders,4,5.0,1059
9,period,4775168,48008,breakout,space_invaders,5,3.0,1059
9,period,4775168,48008,breakout,space_invaders,6,28.0,1059
9,period,4775168,48008,breakout,space_invaders,7,8.0,1059
9,period,4775168,48008,breakout,space_invaders,8,23.0,1059
9,period,4775168,48008,breakout,space_invaders,9,5.0,1059
9,period,4775168,48008,breakout,space_invaders,10,26.0,1059
9,period,4775168,48008,breakout,freeway,1,27.0,25000
9,period,4775168,48008,breakout,freeway,2,24.0,25000
9,period,4775168,48008,breakout,freeway,3,15.0,25000
9,period,4775168,48008,breakout,freeway,4,19.0,25000
9,period,4775168,48008,breakout,freeway,5,24.0,25000
9,period,4775168,48008,breakout,freeway,6,21.0,25000
9,period,4775168,48008,breakout,freeway,7,24.0,25000
9,period,4775168,48008,breakout,freeway,8,24.0,25000
9,period,4775168,48008,breakout,freeway,9,14.0,25000
9,period,4775168,48008,breakout,freeway,10,26.0,25000
9,period,4800000,48389,breakout,breakout,1,6.0,652
9,period,4800000,48389,breakout,breakout,2,5.0,652
9,period,4800000,48389,breakout,breakout,3,6.0,652
9,period,4800000,48389,breakout,breakout,4,5.0,652
9,period,4800000,48389,breakout,breakout,5,6.0,652
9,period,4800000,48389,breakout,breakout,6,5.0,652
9,period,4800000,48389,breakout,breakout,7,5.0,652
9,period,4800000,48389,breakout,breakout,8,6.0,652
9,period,4800000,48389,breakout,breakout,9,5.0,652
9,period,4800000,48389,breakout,breakout,10,6.0,652
9,period,4800000,48389,breakout,space_invaders,1,3.0,1308
9,period,4800000,48389,breakout,space_invaders,2,10.0,1308
9,period,4800000,48389,breakout,space_invaders,3,22.0,1308
9,period,4800000,48389,breakout,space_invaders,4,33.0,1308
9,period,4800000,48389,breakout,space_invaders,5,5.0,1308
9,period,4800000,48389,breakout,space_invaders,6,6.0,1308
9,period,4800000,48389,breakout,space_invaders,7,16.0,1308
9,period,4800000,48389,breakout,space_invaders,8,46.0,1308
9,period,4800000,48389,breakout,space_invaders,9,22.0,1308
9,period,4800000,48389,breakout,space_invaders,10,3.0,1308
9,period,4800000,48389,breakout,freeway,1,20.0,25000
9,period,4800000,48389,breakout,freeway,2,29.0,25000
9,period,4800000,48389,breakout,freeway,3,25.0,25000
9,period,4800000,48389,breakout,freeway,4,6.0,25000
9,period,4800000,48389,breakout,freeway,5,23.0,25000
9,period,4800000,48389,breakout,freeway,6,19.0,25000
9,period,4800000,48389,breakout,freeway,7,24.0,25000
9,period,4800000,48389,breakout,freeway,8,15.0,25000
9,period,4800000,48389,breakout,freeway,9,20.0,25000
9,period,4800000,48389,breakout,freeway,10,17.0,25000
9,period,4825088,48780,breakout,breakout,1,6.0,682
9,period,4825088,48780,breakout,breakout,2,5.0,682
9,period,4825088,48780,breakout,breakout,3,5.0,682
9,period,4825088,48780,breakout,breakout,4,9.0,682
9,period,4825088,48780,breakout,breakout,5,5.0,682
9,period,4825088,48780,breakout,breakout,6,5.0,682
9,period,4825088,48780,breakout,breakout,7,6.0,682
9,period,4825088,48780,breakout,breakout,8,6.0,682
9,period,4825088,48780,breakout,breakout,9,5.0,682
9,period,4825088,48780,breakout,breakout,10,6.0,682
9,period,4825088,48780,breakout,space_invaders,1,15.0,1851
9,period,4825088,48780,breakout,space_invaders,2,7.0,1851
9,period,4825088,48780,breakout,space_invaders,3,10.0,1851
9,period,4825088,48780,breakout,space_invaders,4,23.0,1851
9,period,4825088,48780,breakout,space_invaders,5,3.0,1851
9,period,4825088,48780,breakout,space_invaders,6,20.0,1851
9,period,4825088,48780,breakout,space_invaders,7,7.0,1851
9,period,4825088,48780,breakout,space_invaders,8,65.0,1851
9,period,4825088,48780,breakout,space_invaders,9,53.0,1851
9,period,4825088,48780,breakout,space_invaders,10,23.0,1851
9,period,4825088,48780,breakout,freeway,1,25.0,25000
9,period,4825088,48780,breakout,freeway,2,20.0,25000
9,period,4825088,48780,breakout,freeway,3,22.0,25000
9,period,4825088,48780,breakout,freeway,4,13.0,25000
9,period,4825088,48780,breakout,freeway,5,16.0,25000
9,period,4825088,48780,breakout,freeway,6,22.0,25000
9,period,4825088,48780,breakout,freeway,7,24.0,25000
9,period,4825088,48780,breakout,freeway,8,10.0,25000
9,period,4825088,48780,breakout,freeway,9,22.0,25000
9,period,4825088,48780,breakout,freeway,10,20.0,25000
9,period,4850176,49174,breakout,breakout,1,5.0,596
9,period,4850176,49174,breakout,breakout,2,5.0,596
9,period,4850176,49174,breakout,breakout,3,6.0,596
9,period,4850176,49174,breakout,breakout,4,5.0,596
9,period,4850176,49174,breakout,breakout,5,5.0,596
9,period,4850176,49174,breakout,breakout,6,2.0,596
9,period,4850176,49174,breakout,breakout,7,5.0,596
9,period,4850176,49174,breakout,breakout,8,5.0,596
9,period,4850176,49174,breakout,breakout,9,6.0,596
9,period,4850176,49174,breakout,breakout,10,6.0,596
9,period,4850176,49174,breakout,space_invaders,1,12.0,1329
9,period,4850176,49174,breakout,space_invaders,2,47.0,1329
9,period,4850176,49174,breakout,space_invaders,3,9.0,1329
9,period,4850176,49174,breakout,space_invaders,4,17.0,1329
9,period,4850176,49174,breakout,space_invaders,5,15.0,1329
9,period,4850176,49174,breakout,space_invaders,6,8.0,1329
9,period,4850176,49174,breakout,space_invaders,7,6.0,1329
9,period,4850176,49174,breakout,space_invaders,8,8.0,1329
9,period,4850176,49174,breakout,space_invaders,9,46.0,1329
9,period,4850176,49174,breakout,space_invaders,10,5.0,1329
9,period,4850176,49174,breakout,freeway,1,20.0,25000
9,period,4850176,49174,breakout,freeway,2,18.0,25000
9,period,4850176,49174,breakout,freeway,3,20.0,25000
9,period,4850176,49174,breakout,freeway,4,15.0,25000
9,period,4850176,49174,breakout,freeway,5,15.0,25000
9,period,4850176,49174,breakout,freeway,6,15.0,25000
9,period,4850176,49174,breakout,freeway,7,18.0,25000
9,period,4850176,49174,breakout,freeway,8,17.0,25000
9,period,4850176,49174,breakout,freeway,9,13.0,25000
9,period,4850176,49174,breakout,freeway,10,23.0,25000
9,period,4875008,49556,breakout,breakout,1,6.0,680
9,period,4875008,49556,breakout,breakout,2,5.0,680
9,period,4875008,49556,breakout,breakout,3,6.0,680
9,period,4875008,49556,breakout,breakout,4,6.0,680
9,period,4875008,49556,breakout,breakout,5,5.0,680
9,period,4875008,49556,breakout,breakout,6,6.0,680
9,period,4875008,49556,breakout,breakout,7,6.0,680
9,period,4875008,49556,breakout,breakout,8,6.0,680
9,period,4875008,49556,breakout,breakout,9,6.0,680
9,period,4875008,49556,breakout,breakout,10,6.0,680
9,period,4875008,49556,breakout,space_invaders,1,26.0,1997
9,period,4875008,49556,breakout,space_invaders,2,43.0,1997
9,period,4875008,49556,breakout,space_invaders,3,20.0,1997
9,period,4875008,49556,breakout,space_invaders,4,21.0,1997
9,period,4875008,49556,breakout,space_invaders,5,4.0,1997
9,period,4875008,49556,breakout,space_invaders,6,27.0,1997
9,period,4875008,49556,breakout,space_invaders,7,5.0,1997
9,period,4875008,49556,breakout,space_invaders,8,45.0,1997
9,period,4875008,49556,breakout,space_invaders,9,71.0,1997
9,period,4875008,49556,breakout,space_invaders,10,8.0,1997
9,period,4875008,49556,breakout,freeway,1,18.0,25000
9,period,4875008,49556,breakout,freeway,2,26.0,25000
9,period,4875008,49556,breakout,freeway,3,23.0,25000
9,period,4875008,49556,breakout,freeway,4,17.0,25000
9,period,4875008,49556,breakout,freeway,5,23.0,25000
9,period,4875008,49556,breakout,freeway,6,20.0,25000
9,period,4875008,49556,breakout,freeway,7,21.0,25000
9,period,4875008,49556,breakout,freeway,8,21.0,25000
9,period,4875008,49556,breakout,freeway,9,20.0,25000
9,period,4875008,49556,breakout,freeway,10,23.0,25000
9,period,4900096,49942,breakout,breakout,1,5.0,572
9,period,4900096,49942,breakout,breakout,2,8.0,572
9,period,4900096,49942,breakout,breakout,3,1.0,572
9,period,4900096,49942,breakout,breakout,4,6.0,572
9,period,4900096,49942,breakout,breakout,5,6.0,572
9,period,4900096,49942,breakout,breakout,6,5.0,572
9,period,4900096,49942,breakout,breakout,7,6.0,572
9,period,4900096,49942,breakout,breakout,8,1.0,572
9,period,4900096,49942,breakout,breakout,9,5.0,572
9,period,4900096,49942,breakout,breakout,10,5.0,572
9,period,4900096,49942,breakout,space_invaders,1,23.0,1503
9,period,4900096,49942,breakout,space_invaders,2,42.0,1503
9,period,4900096,49942,breakout,space_invaders,3,9.0,1503
9,period,4900096,49942,breakout,space_invaders,4,16.0,1503
9,period,4900096,49942,breakout,space_invaders,5,36.0,1503
9,period,4900096,49942,breakout,space_invaders,6,22.0,1503
9,period,4900096,49942,breakout,space_invaders,7,7.0,1503
9,period,4900096,49942,breakout,space_invaders,8,23.0,1503
9,period,4900096,49942,breakout,space_invaders,9,21.0,1503
9,period,4900096,49942,breakout,space_invaders,10,3.0,1503
9,period,4900096,49942,breakout,freeway,1,22.0,25000
9,period,4900096,49942,breakout,freeway,2,16.0,25000
9,period,4900096,49942,breakout,freeway,3,20.0,25000
9,period,4900096,49942,breakout,freeway,4,28.0,25000
9,period,4900096,49942,breakout,freeway,5,16.0,25000
9,period,4900096,49942,breakout,freeway,6,22.0,25000
9,period,4900096,49942,breakout,freeway,7,17.0,25000
9,period,4900096,49942,breakout,freeway,8,16.0,25000
9,period,4900096,49942,breakout,freeway,9,22.0,25000
9,period,4900096,49942,breakout,freeway,10,18.0,25000
9,period,4925184,50337,breakout,breakout,1,6.0,638
9,period,4925184,50337,breakout,breakout,2,5.0,638
9,period,4925184,50337,breakout,breakout,3,6.0,638
9,period,4925184,50337,breakout,breakout,4,6.0,638
9,period,4925184,50337,breakout,breakout,5,5.0,638
9,period,4925184,50337,breakout,breakout,6,4.0,638
9,period,4925184,50337,breakout,breakout,7,6.0,638
9,period,4925184,50337,breakout,breakout,8,5.0,638
9,period,4925184,50337,breakout,breakout,9,5.0,638
9,period,4925184,50337,breakout,breakout,10,6.0,638
9,period,4925184,50337,breakout,space_invaders,1,21.0,1558
9,period,4925184,50337,breakout,space_invaders,2,21.0,1558
9,period,4925184,50337,breakout,space_invaders,3,10.0,1558
9,period,4925184,50337,breakout,space_invaders,4,9.0,1558
9,period,4925184,50337,breakout,space_invaders,5,23.0,1558
9,period,4925184,50337,breakout,space_invaders,6,34.0,1558
9,period,4925184,50337,breakout,space_invaders,7,25.0,1558
9,period,4925184,50337,breakout,space_invaders,8,10.0,1558
9,period,4925184,50337,breakout,space_invaders,9,5.0,1558
9,period,4925184,50337,breakout,space_invaders,10,38.0,1558
9,period,4925184,50337,breakout,freeway,1,2.0,25000
9,period,4925184,50337,breakout,freeway,2,20.0,25000
9,period,4925184,50337,breakout,freeway,3,21.0,25000
9,period,4925184,50337,breakout,freeway,4,19.0,25000
9,period,4925184,50337,breakout,freeway,5,26.0,25000
9,period,4925184,50337,breakout,freeway,6,19.0,25000
9,period,4925184,50337,breakout,freeway,7,23.0,25000
9,period,4925184,50337,breakout,freeway,8,18.0,25000
9,period,4925184,50337,breakout,freeway,9,11.0,25000
9,period,4925184,50337,breakout,freeway,10,22.0,25000
9,period,4950016,50723,breakout,breakout,1,6.0,652
9,period,4950016,50723,breakout,breakout,2,6.0,652
9,period,4950016,50723,breakout,breakout,3,6.0,652
9,period,4950016,50723,breakout,breakout,4,5.0,652
9,period,4950016,50723,breakout,breakout,5,5.0,652
9,period,4950016,50723,breakout,breakout,6,5.0,652
9,period,4950016,50723,breakout,breakout,7,5.0,652
9,period,4950016,50723,breakout,breakout,8,6.0,652
9,period,4950016,50723,breakout,breakout,9,6.0,652
9,period,4950016,50723,breakout,breakout,10,5.0,652
9,period,4950016,50723,breakout,space_invaders,1,36.0,1781
9,period,4950016,50723,breakout,space_invaders,2,10.0,1781
9,period,4950016,50723,breakout,space_invaders,3,3.0,1781
9,period,4950016,50723,breakout,space_invaders,4,23.0,1781
9,period,4950016,50723,breakout,space_invaders,5,23.0,1781
9,period,4950016,50723,breakout,space_invaders,6,23.0,1781
9,period,4950016,50723,breakout,space_invaders,7,5.0,1781
9,period,4950016,50723,breakout,space_invaders,8,3.0,1781
9,period,4950016,50723,breakout,space_invaders,9,80.0,1781
9,period,4950016,50723,breakout,space_invaders,10,14.0,1781
9,period,4950016,50723,breakout,freeway,1,22.0,25000
9,period,4950016,50723,breakout,freeway,2,25.0,25000
9,period,4950016,50723,breakout,freeway,3,16.0,25000
9,period,4950016,50723,breakout,freeway,4,18.0,25000
9,period,4950016,50723,breakout,freeway,5,26.0,25000
9,period,4950016,50723,breakout,freeway,6,27.0,25000
9,period,4950016,50723,breakout,freeway,7,20.0,25000
9,period,4950016,50723,breakout,freeway,8,27.0,25000
9,period,4950016,50723,breakout,freeway,9,26.0,25000
9,period,4950016,50723,breakout,freeway,10,30.0,25000
9,period,4975104,51112,breakout,breakout,1,6.0,650
9,period,4975104,51112,breakout,breakout,2,6.0,650
9,period,4975104,51112,breakout,breakout,3,5.0,650
9,period,4975104,51112,breakout,breakout,4,6.0,650
9,period,4975104,51112,breakout,breakout,5,5.0,650
9,period,4975104,51112,breakout,breakout,6,6.0,650
9,period,4975104,51112,breakout,breakout,7,5.0,650
9,period,4975104,51112,breakout,breakout,8,6.0,650
9,period,4975104,51112,breakout,breakout,9,5.0,650
9,period,4975104,51112,breakout,breakout,10,5.0,650
9,period,4975104,51112,breakout,space_invaders,1,27.0,1766
9,period,4975104,51112,breakout,space_invaders,2,3.0,1766
9,period,4975104,51112,breakout,space_invaders,3,23.0,1766
9,period,4975104,51112,breakout,space_invaders,4,3.0,1766
9,period,4975104,51112,breakout,space_invaders,5,94.0,1766
9,period,4975104,51112,breakout,space_invaders,6,3.0,1766
9,period,4975104,51112,breakout,space_invaders,7,10.0,1766
9,period,4975104,51112,breakout,space_invaders,8,31.0,1766
9,period,4975104,51112,breakout,space_invaders,9,5.0,1766
9,period,4975104,51112,breakout,space_invaders,10,15.0,1766
9,period,4975104,51112,breakout,freeway,1,20.0,25000
9,period,4975104,51112,breakout,freeway,2,30.0,25000
9,period,4975104,51112,breakout,freeway,3,34.0,25000
9,period,4975104,51112,breakout,freeway,4,21.0,25000
9,period,4975104,51112,breakout,freeway,5,20.0,25000
9,period,4975104,51112,breakout,freeway,6,21.0,25000
9,period,4975104,51112,breakout,freeway,7,26.0,25000
9,period,4975104,51112,breakout,freeway,8,25.0,25000
9,period,4975104,51112,breakout,freeway,9,24.0,25000
9,period,4975104,51112,breakout,freeway,10,17.0,25000
10,boundary,5499648,53519,space_invaders,breakout,1,6.0,664
10,boundary,5499648,53519,space_invaders,breakout,2,6.0,664
10,boundary,5499648,53519,space_invaders,breakout,3,6.0,664
10,boundary,5499648,53519,space_invaders,breakout,4,6.0,664
10,boundary,5499648,53519,space_invaders,breakout,5,6.0,664
10,boundary,5499648,53519,space_invaders,breakout,6,5.0,664
10,boundary,5499648,53519,space_invaders,breakout,7,5.0,664
10,boundary,5499648,53519,space_invaders,breakout,8,6.0,664
10,boundary,5499648,53519,space_invaders,breakout,9,5.0,664
10,boundary,5499648,53519,space_invaders,breakout,10,5.0,664
10,boundary,5499648,53519,space_invaders,space_invaders,1,23.0,3281
10,boundary,5499648,53519,space_invaders,space_invaders,2,35.0,3281
10,boundary,5499648,53519,space_invaders,space_invaders,3,47.0,3281
10,boundary,5499648,53519,space_invaders,space_invaders,4,51.0,3281
10,boundary,5499648,53519,space_invaders,space_invaders,5,68.0,3281
10,boundary,5499648,53519,space_invaders,space_invaders,6,26.0,3281
10,boundary,5499648,53519,space_invaders,space_invaders,7,45.0,3281
10,boundary,5499648,53519,space_invaders,space_invaders,8,33.0,3281
10,boundary,5499648,53519,space_invaders,space_invaders,9,39.0,3281
10,boundary,5499648,53519,space_invaders,space_invaders,10,19.0,3281
10,boundary,5499648,53519,space_invaders,freeway,1,27.0,25000
10,boundary,5499648,53519,space_invaders,freeway,2,15.0,25000
10,boundary,5499648,53519,space_invaders,freeway,3,15.0,25000
10,boundary,5499648,53519,space_invaders,freeway,4,25.0,25000
10,boundary,5499648,53519,space_invaders,freeway,5,23.0,25000
10,boundary,5499648,53519,space_invaders,freeway,6,15.0,25000
10,boundary,5499648,53519,space_invaders,freeway,7,16.0,25000
10,boundary,5499648,53519,space_invaders,freeway,8,23.0,25000
10,boundary,5499648,53519,space_invaders,freeway,9,13.0,25000
10,boundary,5499648,53519,space_invaders,freeway,10,16.0,25000
10,period,5000192,51490,space_invaders,breakout,1,6.0,680
10,period,5000192,51490,space_invaders,breakout,2,6.0,680
10,period,5000192,51490,space_invaders,breakout,3,6.0,680
10,period,5000192,51490,space_invaders,breakout,4,6.0,680
10,period,5000192,51490,space_invaders,breakout,5,6.0,680
10,period,5000192,51490,space_invaders,breakout,6,6.0,680
10,period,5000192,51490,space_invaders,breakout,7,6.0,680
10,period,5000192,51490,space_invaders,breakout,8,5.0,680
10,period,5000192,51490,space_invaders,breakout,9,5.0,680
10,period,5000192,51490,space_invaders,breakout,10,6.0,680
10,period,5000192,51490,space_invaders,space_invaders,1,3.0,1420
10,period,5000192,51490,space_invaders,space_invaders,2,5.0,1420
10,period,5000192,51490,space_invaders,space_invaders,3,6.0,1420
10,period,5000192,51490,space_invaders,space_invaders,4,33.0,1420
10,period,5000192,51490,space_invaders,space_invaders,5,23.0,1420
10,period,5000192,51490,space_invaders,space_invaders,6,8.0,1420
10,period,5000192,51490,space_invaders,space_invaders,7,23.0,1420
10,period,5000192,51490,space_invaders,space_invaders,8,22.0,1420
10,period,5000192,51490,space_invaders,space_invaders,9,15.0,1420
10,period,5000192,51490,space_invaders,space_invaders,10,30.0,1420
10,period,5000192,51490,space_invaders,freeway,1,31.0,25000
10,period,5000192,51490,space_invaders,freeway,2,20.0,25000
10,period,5000192,51490,space_invaders,freeway,3,26.0,25000
10,period,5000192,51490,space_invaders,freeway,4,15.0,25000
10,period,5000192,51490,space_invaders,freeway,5,16.0,25000
10,period,5000192,51490,space_invaders,freeway,6,17.0,25000
10,period,5000192,51490,space_invaders,freeway,7,20.0,25000
10,period,5000192,51490,space_invaders,freeway,8,20.0,25000
10,period,5000192,51490,space_invaders,freeway,9,12.0,25000
10,period,5000192,51490,space_invaders,freeway,10,13.0,25000
10,period,5025024,51646,space_invaders,breakout,1,5.0,682
10,period,5025024,51646,space_invaders,breakout,2,5.0,682
10,period,5025024,51646,space_invaders,breakout,3,5.0,682
10,period,5025024,51646,space_invaders,breakout,4,6.0,682
10,period,5025024,51646,space_invaders,breakout,5,6.0,682
10,period,5025024,51646,space_invaders,breakout,6,6.0,682
10,period,5025024,51646,space_invaders,breakout,7,6.0,682
10,period,5025024,51646,space_invaders,breakout,8,5.0,682
10,period,5025024,51646,space_invaders,breakout,9,8.0,682
10,period,5025024,51646,space_invaders,breakout,10,6.0,682
10,period,5025024,51646,space_invaders,space_invaders,1,23.0,2389
10,period,5025024,51646,space_invaders,space_invaders,2,28.0,2389
10,period,5025024,51646,space_invaders,space_invaders,3,20.0,2389
10,period,5025024,51646,space_invaders,space_invaders,4,29.0,2389
10,period,5025024,51646,space_invaders,space_invaders,5,31.0,2389
10,period,5025024,51646,space_invaders,space_invaders,6,71.0,2389
10,period,5025024,51646,space_invaders,space_invaders,7,16.0,2389
10,period,5025024,51646,space_invaders,space_invaders,8,44.0,2389
10,period,5025024,51646,space_invaders,space_invaders,9,18.0,2389
10,period,5025024,51646,space_invaders,space_invaders,10,10.0,2389
10,period,5025024,51646,space_invaders,freeway,1,14.0,25000
10,period,5025024,51646,space_invaders,freeway,2,23.0,25000
10,period,5025024,51646,space_invaders,freeway,3,23.0,25000
10,period,5025024,51646,space_invaders,freeway,4,27.0,25000
10,period,5025024,51646,space_invaders,freeway,5,16.0,25000
10,period,5025024,51646,space_invaders,freeway,6,22.0,25000
10,period,5025024,51646,space_invaders,freeway,7,10.0,25000
10,period,5025024,51646,space_invaders,freeway,8,14.0,25000
10,period,5025024,51646,space_invaders,freeway,9,22.0,25000
10,period,5025024,51646,space_invaders,freeway,10,19.0,25000
10,period,5050112,51770,space_invaders,breakout,1,7.0,656
10,period,5050112,51770,space_invaders,breakout,2,5.0,656
10,period,5050112,51770,space_invaders,breakout,3,7.0,656
10,period,5050112,51770,space_invaders,breakout,4,8.0,656
10,period,5050112,51770,space_invaders,breakout,5,5.0,656
10,period,5050112,51770,space_invaders,breakout,6,6.0,656
10,period,5050112,51770,space_invaders,breakout,7,2.0,656
10,period,5050112,51770,space_invaders,breakout,8,5.0,656
10,period,5050112,51770,space_invaders,breakout,9,6.0,656
10,period,5050112,51770,space_invaders,breakout,10,5.0,656
10,period,5050112,51770,space_invaders,space_invaders,1,23.0,1303
10,period,5050112,51770,space_invaders,space_invaders,2,8.0,1303
10,period,5050112,51770,space_invaders,space_invaders,3,31.0,1303
10,period,5050112,51770,space_invaders,space_invaders,4,22.0,1303
10,period,5050112,51770,space_invaders,space_invaders,5,31.0,1303
10,period,5050112,51770,space_invaders,space_invaders,6,7.0,1303
10,period,5050112,51770,space_invaders,space_invaders,7,5.0,1303
10,period,5050112,51770,space_invaders,space_invaders,8,23.0,1303
10,period,5050112,51770,space_invaders,space_invaders,9,9.0,1303
10,period,5050112,51770,space_invaders,space_invaders,10,7.0,1303
10,period,5050112,51770,space_invaders,freeway,1,23.0,25000
10,period,5050112,51770,space_invaders,freeway,2,16.0,25000
10,period,5050112,51770,space_invaders,freeway,3,20.0,25000
10,period,5050112,51770,space_invaders,freeway,4,20.0,25000
10,period,5050112,51770,space_invaders,freeway,5,22.0,25000
10,period,5050112,51770,space_invaders,freeway,6,29.0,25000
10,period,5050112,51770,space_invaders,freeway,7,22.0,25000
10,period,5050112,51770,space_invaders,freeway,8,24.0,25000
10,period,5050112,51770,space_invaders,freeway,9,25.0,25000
10,period,5050112,51770,space_invaders,freeway,10,17.0,25000
10,period,5075200,51891,space_invaders,breakout,1,5.0,600
10,period,5075200,51891,space_invaders,breakout,2,2.0,600
10,period,5075200,51891,space_invaders,breakout,3,5.0,600
10,period,5075200,51891,space_invaders,breakout,4,6.0,600
10,period,5075200,51891,space_invaders,breakout,5,6.0,600
10,period,5075200,51891,space_invaders,breakout,6,5.0,600
10,period,5075200,51891,space_invaders,breakout,7,5.0,600
10,period,5075200,51891,space_invaders,breakout,8,5.0,600
10,period,5075200,51891,space_invaders,breakout,9,6.0,600
10,period,5075200,51891,space_invaders,breakout,10,5.0,600
10,period,5075200,51891,space_invaders,space_invaders,1,23.0,2040
10,period,5075200,51891,space_invaders,space_invaders,2,47.0,2040
10,period,5075200,51891,space_invaders,space_invaders,3,4.0,2040
10,period,5075200,51891,space_invaders,space_invaders,4,66.0,2040
10,period,5075200,51891,space_invaders,space_invaders,5,27.0,2040
10,period,5075200,51891,space_invaders,space_invaders,6,15.0,2040
10,period,5075200,51891,space_invaders,space_invaders,7,6.0,2040
10,period,5075200,51891,space_invaders,space_invaders,8,36.0,2040
10,period,5075200,51891,space_invaders,space_invaders,9,9.0,2040
10,period,5075200,51891,space_invaders,space_invaders,10,33.0,2040
10,period,5075200,51891,space_invaders,freeway,1,26.0,25000
10,period,5075200,51891,space_invaders,freeway,2,25.0,25000
10,period,5075200,51891,space_invaders,freeway,3,15.0,25000
10,period,5075200,51891,space_invaders,freeway,4,24.0,25000
10,period,5075200,51891,space_invaders,freeway,5,19.0,25000
10,period,5075200,51891,space_invaders,freeway,6,20.0,25000
10,period,5075200,51891,space_invaders,freeway,7,25.0,25000
10,period,5075200,51891,space_invaders,freeway,8,27.0,25000
10,period,5075200,51891,space_invaders,freeway,9,18.0,25000
10,period,5075200,51891,space_invaders,freeway,10,16.0,25000
10,period,5100032,52015,space_invaders,breakout,1,6.0,628
10,period,5100032,52015,space_invaders,breakout,2,7.0,628
10,period,5100032,52015,space_invaders,breakout,3,5.0,628
10,period,5100032,52015,space_invaders,breakout,4,5.0,628
10,period,5100032,52015,space_invaders,breakout,5,6.0,628
10,period,5100032,52015,space_invaders,breakout,6,5.0,628
10,period,5100032,52015,space_invaders,breakout,7,6.0,628
10,period,5100032,52015,space_invaders,breakout,8,6.0,628
10,period,5100032,52015,space_invaders,breakout,9,2.0,628
10,period,5100032,52015,space_invaders,breakout,10,5.0,628
10,period,5100032,52015,space_invaders,space_invaders,1,21.0,1877
10,period,5100032,52015,space_invaders,space_invaders,2,27.0,1877
10,period,5100032,52015,space_invaders,space_invaders,3,19.0,1877
10,period,5100032,52015,space_invaders,space_invaders,4,7.0,1877
10,period,5100032,52015,space_invaders,space_invaders,5,34.0,1877
10,period,5100032,52015,space_invaders,space_invaders,6,47.0,1877
10,period,5100032,52015,space_invaders,space_invaders,7,47.0,1877
10,period,5100032,52015,space_invaders,space_invaders,8,5.0,1877
10,period,5100032,52015,space_invaders,space_invaders,9,9.0,1877
10,period,5100032,52015,space_invaders,space_invaders,10,36.0,1877
10,period,5100032,52015,space_invaders,freeway,1,20.0,25000
10,period,5100032,52015,space_invaders,freeway,2,24.0,25000
10,period,5100032,52015,space_invaders,freeway,3,18.0,25000
10,period,5100032,52015,space_invaders,freeway,4,14.0,25000
10,period,5100032,52015,space_invaders,freeway,5,14.0,25000
10,period,5100032,52015,space_invaders,freeway,6,19.0,25000
10,period,5100032,52015,space_invaders,freeway,7,12.0,25000
10,period,5100032,52015,space_invaders,freeway,8,13.0,25000
10,period,5100032,52015,space_invaders,freeway,9,18.0,25000
10,period,5100032,52015,space_invaders,freeway,10,8.0,25000
10,period,5125120,52132,space_invaders,breakout,1,7.0,690
10,period,5125120,52132,space_invaders,breakout,2,5.0,690
10,period,5125120,52132,space_invaders,breakout,3,6.0,690
10,period,5125120,52132,space_invaders,breakout,4,5.0,690
10,period,5125120,52132,space_invaders,breakout,5,6.0,690
10,period,5125120,52132,space_invaders,breakout,6,7.0,690
10,period,5125120,52132,space_invaders,breakout,7,5.0,690
10,period,5125120,52132,space_invaders,breakout,8,6.0,690
10,period,5125120,52132,space_invaders,breakout,9,6.0,690
10,period,5125120,52132,space_invaders,breakout,10,6.0,690
10,period,5125120,52132,space_invaders,space_invaders,1,8.0,1547
10,period,5125120,52132,space_invaders,space_invaders,2,34.0,1547
10,period,5125120,52132,space_invaders,space_invaders,3,9.0,1547
10,period,5125120,52132,space_invaders,space_invaders,4,23.0,1547
10,period,5125120,52132,space_invaders,space_invaders,5,32.0,1547
10,period,5125120,52132,space_invaders,space_invaders,6,8.0,1547
10,period,5125120,52132,space_invaders,space_invaders,7,3.0,1547
10,period,5125120,52132,space_invaders,space_invaders,8,59.0,1547
10,period,5125120,52132,space_invaders,space_invaders,9,12.0,1547
10,period,5125120,52132,space_invaders,space_invaders,10,23.0,1547
10,period,5125120,52132,space_invaders,freeway,1,20.0,25000
10,period,5125120,52132,space_invaders,freeway,2,16.0,25000
10,period,5125120,52132,space_invaders,freeway,3,17.0,25000
10,period,5125120,52132,space_invaders,freeway,4,18.0,25000
10,period,5125120,52132,space_invaders,freeway,5,19.0,25000
10,period,5125120,52132,space_invaders,freeway,6,21.0,25000
10,period,5125120,52132,space_invaders,freeway,7,17.0,25000
10,period,5125120,52132,space_invaders,freeway,8,17.0,25000
10,period,5125120,52132,space_invaders,freeway,9,14.0,25000
10,period,5125120,52132,space_invaders,freeway,10,12.0,25000
10,period,5150208,52213,space_invaders,breakout,1,6.0,642
10,period,5150208,52213,space_invaders,breakout,2,5.0,642
10,period,5150208,52213,space_invaders,breakout,3,6.0,642
10,period,5150208,52213,space_invaders,breakout,4,6.0,642
10,period,5150208,52213,space_invaders,breakout,5,5.0,642
10,period,5150208,52213,space_invaders,breakout,6,4.0,642
10,period,5150208,52213,space_invaders,breakout,7,6.0,642
10,period,5150208,52213,space_invaders,breakout,8,6.0,642
10,period,5150208,52213,space_invaders,breakout,9,5.0,642
10,period,5150208,52213,space_invaders,breakout,10,5.0,642
10,period,5150208,52213,space_invaders,space_invaders,1,10.0,1589
10,period,5150208,52213,space_invaders,space_invaders,2,23.0,1589
10,period,5150208,52213,space_invaders,space_invaders,3,23.0,1589
10,period,5150208,52213,space_invaders,space_invaders,4,9.0,1589
10,period,5150208,52213,space_invaders,space_invaders,5,7.0,1589
10,period,5150208,52213,space_invaders,space_invaders,6,13.0,1589
10,period,5150208,52213,space_invaders,space_invaders,7,23.0,1589
10,period,5150208,52213,space_invaders,space_invaders,8,44.0,1589
10,period,5150208,52213,space_invaders,space_invaders,9,13.0,1589
10,period,5150208,52213,space_invaders,space_invaders,10,9.0,1589
10,period,5150208,52213,space_invaders,freeway,1,20.0,25000
10,period,5150208,52213,space_invaders,freeway,2,19.0,25000
10,period,5150208,52213,space_invaders,freeway,3,13.0,25000
10,period,5150208,52213,space_invaders,freeway,4,17.0,25000
10,period,5150208,52213,space_invaders,freeway,5,14.0,25000
10,period,5150208,52213,space_invaders,freeway,6,17.0,25000
10,period,5150208,52213,space_invaders,freeway,7,18.0,25000
10,period,5150208,52213,space_invaders,freeway,8,13.0,25000
10,period,5150208,52213,space_invaders,freeway,9,21.0,25000
10,period,5150208,52213,space_invaders,freeway,10,16.0,25000
10,period,5175040,52307,space_invaders,breakout,1,7.0,680
10,period,5175040,52307,space_invaders,breakout,2,6.0,680
10,period,5175040,52307,space_invaders,breakout,3,6.0,680
10,period,5175040,52307,space_invaders,breakout,4,6.0,680
10,period,5175040,52307,space_invaders,breakout,5,6.0,680
10,period,5175040,52307,space_invaders,breakout,6,5.0,680
10,period,5175040,52307,space_invaders,breakout,7,6.0,680
10,period,5175040,52307,space_invaders,breakout,8,6.0,680
10,period,5175040,52307,space_invaders,breakout,9,5.0,680
10,period,5175040,52307,space_invaders,breakout,10,5.0,680
10,period,5175040,52307,space_invaders,space_invaders,1,23.0,2629
10,period,5175040,52307,space_invaders,space_invaders,2,23.0,2629
10,period,5175040,52307,space_invaders,space_invaders,3,9.0,2629
10,period,5175040,52307,space_invaders,space_invaders,4,53.0,2629
10,period,5175040,52307,space_invaders,space_invaders,5,21.0,2629
10,period,5175040,52307,space_invaders,space_invaders,6,9.0,2629
10,period,5175040,52307,space_invaders,space_invaders,7,11.0,2629
10,period,5175040,52307,space_invaders,space_invaders,8,5.0,2629
10,period,5175040,52307,space_invaders,space_invaders,9,71.0,2629
10,period,5175040,52307,space_invaders,space_invaders,10,112.0,2629
10,period,5175040,52307,space_invaders,freeway,1,10.0,25000
10,period,5175040,52307,space_invaders,freeway,2,14.0,25000
10,period,5175040,52307,space_invaders,freeway,3,19.0,25000
10,period,5175040,52307,space_invaders,freeway,4,21.0,25000
10,period,5175040,52307,space_invaders,freeway,5,18.0,25000
10,period,5175040,52307,space_invaders,freeway,6,19.0,25000
10,period,5175040,52307,space_invaders,freeway,7,18.0,25000
10,period,5175040,52307,space_invaders,freeway,8,11.0,25000
10,period,5175040,52307,space_invaders,freeway,9,14.0,25000
10,period,5175040,52307,space_invaders,freeway,10,17.0,25000
10,period,5200128,52411,space_invaders,breakout,1,6.0,622
10,period,5200128,52411,space_invaders,breakout,2,5.0,622
10,period,5200128,52411,space_invaders,breakout,3,5.0,622
10,period,5200128,52411,space_invaders,breakout,4,5.0,622
10,period,5200128,52411,space_invaders,breakout,5,5.0,622
10,period,5200128,52411,space_invaders,breakout,6,5.0,622
10,period,5200128,52411,space_invaders,breakout,7,5.0,622
10,period,5200128,52411,space_invaders,breakout,8,5.0,622
10,period,5200128,52411,space_invaders,breakout,9,6.0,622
10,period,5200128,52411,space_invaders,breakout,10,5.0,622
10,period,5200128,52411,space_invaders,space_invaders,1,48.0,1754
10,period,5200128,52411,space_invaders,space_invaders,2,36.0,1754
10,period,5200128,52411,space_invaders,space_invaders,3,22.0,1754
10,period,5200128,52411,space_invaders,space_invaders,4,38.0,1754
10,period,5200128,52411,space_invaders,space_invaders,5,17.0,1754
10,period,5200128,52411,space_invaders,space_invaders,6,13.0,1754
10,period,5200128,52411,space_invaders,space_invaders,7,9.0,1754
10,period,5200128,52411,space_invaders,space_invaders,8,38.0,1754
10,period,5200128,52411,space_invaders,space_invaders,9,6.0,1754
10,period,5200128,52411,space_invaders,space_invaders,10,7.0,1754
10,period,5200128,52411,space_invaders,freeway,1,20.0,25000
10,period,5200128,52411,space_invaders,freeway,2,16.0,25000
10,period,5200128,52411,space_invaders,freeway,3,26.0,25000
10,period,5200128,52411,space_invaders,freeway,4,27.0,25000
10,period,5200128,52411,space_invaders,freeway,5,21.0,25000
10,period,5200128,52411,space_invaders,freeway,6,21.0,25000
10,period,5200128,52411,space_invaders,freeway,7,13.0,25000
10,period,5200128,52411,space_invaders,freeway,8,21.0,25000
10,period,5200128,52411,space_invaders,freeway,9,21.0,25000
10,period,5200128,52411,space_invaders,freeway,10,23.0,25000
10,period,5225216,52506,space_invaders,breakout,1,6.0,662
10,period,5225216,52506,space_invaders,breakout,2,6.0,662
10,period,5225216,52506,space_invaders,breakout,3,5.0,662
10,period,5225216,52506,space_invaders,breakout,4,5.0,662
10,period,5225216,52506,space_invaders,breakout,5,6.0,662
10,period,5225216,52506,space_invaders,breakout,6,5.0,662
10,period,5225216,52506,space_invaders,breakout,7,5.0,662
10,period,5225216,52506,space_invaders,breakout,8,6.0,662
10,period,5225216,52506,space_invaders,breakout,9,6.0,662
10,period,5225216,52506,space_invaders,breakout,10,6.0,662
10,period,5225216,52506,space_invaders,space_invaders,1,10.0,2495
10,period,5225216,52506,space_invaders,space_invaders,2,27.0,2495
10,period,5225216,52506,space_invaders,space_invaders,3,68.0,2495
10,period,5225216,52506,space_invaders,space_invaders,4,44.0,2495
10,period,5225216,52506,space_invaders,space_invaders,5,16.0,2495
10,period,5225216,52506,space_invaders,space_invaders,6,11.0,2495
10,period,5225216,52506,space_invaders,space_invaders,7,17.0,2495
10,period,5225216,52506,space_invaders,space_invaders,8,39.0,2495
10,period,5225216,52506,space_invaders,space_invaders,9,23.0,2495
10,period,5225216,52506,space_invaders,space_invaders,10,46.0,2495
10,period,5225216,52506,space_invaders,freeway,1,13.0,25000
10,period,5225216,52506,space_invaders,freeway,2,23.0,25000
10,period,5225216,52506,space_invaders,freeway,3,12.0,25000
10,period,5225216,52506,space_invaders,freeway,4,8.0,25000
10,period,5225216,52506,space_invaders,freeway,5,24.0,25000
10,period,5225216,52506,space_invaders,freeway,6,27.0,25000
10,period,5225216,52506,space_invaders,freeway,7,16.0,25000
10,period,5225216,52506,space_invaders,freeway,8,21.0,25000
10,period,5225216,52506,space_invaders,freeway,9,21.0,25000
10,period,5225216,52506,space_invaders,freeway,10,13.0,25000
10,period,5250048,52605,space_invaders,breakout,1,6.0,652
10,period,5250048,52605,space_invaders,breakout,2,5.0,652
10,period,5250048,52605,space_invaders,breakout,3,5.0,652
10,period,5250048,52605,space_invaders,breakout,4,5.0,652
10,period,5250048,52605,space_invaders,breakout,5,6.0,652
10,period,5250048,52605,space_invaders,breakout,6,5.0,652
10,period,5250048,52605,space_invaders,breakout,7,6.0,652
10,period,5250048,52605,space_invaders,breakout,8,6.0,652
10,period,5250048,52605,space_invaders,breakout,9,5.0,652
10,period,5250048,52605,space_invaders,breakout,10,6.0,652
10,period,5250048,52605,space_invaders,space_invaders,1,24.0,2332
10,period,5250048,52605,space_invaders,space_invaders,2,7.0,2332
10,period,5250048,52605,space_invaders,space_invaders,3,38.0,2332
10,period,5250048,52605,space_invaders,space_invaders,4,13.0,2332
10,period,5250048,52605,space_invaders,space_invaders,5,58.0,2332
10,period,5250048,52605,space_invaders,space_invaders,6,34.0,2332
10,period,5250048,52605,space_invaders,space_invaders,7,45.0,2332
10,period,5250048,52605,space_invaders,space_invaders,8,7.0,2332
10,period,5250048,52605,space_invaders,space_invaders,9,56.0,2332
10,period,5250048,52605,space_invaders,space_invaders,10,30.0,2332
10,period,5250048,52605,space_invaders,freeway,1,19.0,25000
10,period,5250048,52605,space_invaders,freeway,2,18.0,25000
10,period,5250048,52605,space_invaders,freeway,3,23.0,25000
10,period,5250048,52605,space_invaders,freeway,4,19.0,25000
10,period,5250048,52605,space_invaders,freeway,5,16.0,25000
10,period,5250048,52605,space_invaders,freeway,6,18.0,25000
10,period,5250048,52605,space_invaders,freeway,7,20.0,25000
10,period,5250048,52605,space_invaders,freeway,8,23.0,25000
10,period,5250048,52605,space_invaders,freeway,9,26.0,25000
10,period,5250048,52605,space_invaders,freeway,10,18.0,25000
10,period,5275136,52694,space_invaders,breakout,1,5.0,662
10,period,5275136,52694,space_invaders,breakout,2,6.0,662
10,period,5275136,52694,space_invaders,breakout,3,6.0,662
10,period,5275136,52694,space_invaders,breakout,4,5.0,662
10,period,5275136,52694,space_invaders,breakout,5,5.0,662
10,period,5275136,52694,space_invaders,breakout,6,6.0,662
10,period,5275136,52694,space_invaders,breakout,7,6.0,662
10,period,5275136,52694,space_invaders,breakout,8,6.0,662
10,period,5275136,52694,space_invaders,breakout,9,5.0,662
10,period,5275136,52694,space_invaders,breakout,10,6.0,662
10,period,5275136,52694,space_invaders,space_invaders,1,21.0,2522
10,period,5275136,52694,space_invaders,space_invaders,2,31.0,2522
10,period,5275136,52694,space_invaders,space_invaders,3,5.0,2522
10,period,5275136,52694,space_invaders,space_invaders,4,75.0,2522
10,period,5275136,52694,space_invaders,space_invaders,5,23.0,2522
10,period,5275136,52694,space_invaders,space_invaders,6,16.0,2522
10,period,5275136,52694,space_invaders,space_invaders,7,8.0,2522
10,period,5275136,52694,space_invaders,space_invaders,8,71.0,2522
10,period,5275136,52694,space_invaders,space_invaders,9,31.0,2522
10,period,5275136,52694,space_invaders,space_invaders,10,22.0,2522
10,period,5275136,52694,space_invaders,freeway,1,16.0,25000
10,period,5275136,52694,space_invaders,freeway,2,15.0,25000
10,period,5275136,52694,space_invaders,freeway,3,22.0,25000
10,period,5275136,52694,space_invaders,freeway,4,22.0,25000
10,period,5275136,52694,space_invaders,freeway,5,19.0,25000
10,period,5275136,52694,space_invaders,freeway,6,18.0,25000
10,period,5275136,52694,space_invaders,freeway,7,9.0,25000
10,period,5275136,52694,space_invaders,freeway,8,24.0,25000
10,period,5275136,52694,space_invaders,freeway,9,31.0,25000
10,period,5275136,52694,space_invaders,freeway,10,22.0,25000
10,period,5300224,52792,space_invaders,breakout,1,6.0,690
10,period,5300224,52792,space_invaders,breakout,2,6.0,690
10,period,5300224,52792,space_invaders,breakout,3,6.0,690
10,period,5300224,52792,space_invaders,breakout,4,5.0,690
10,period,5300224,52792,space_invaders,breakout,5,6.0,690
10,period,5300224,52792,space_invaders,breakout,6,6.0,690
10,period,5300224,52792,space_invaders,breakout,7,5.0,690
10,period,5300224,52792,space_invaders,breakout,8,6.0,690
10,period,5300224,52792,space_invaders,breakout,9,5.0,690
10,period,5300224,52792,space_invaders,breakout,10,8.0,690
10,period,5300224,52792,space_invaders,space_invaders,1,38.0,3580
10,period,5300224,52792,space_invaders,space_invaders,2,22.0,3580
10,period,5300224,52792,space_invaders,space_invaders,3,20.0,3580
10,period,5300224,52792,space_invaders,space_invaders,4,35.0,3580
10,period,5300224,52792,space_invaders,space_invaders,5,69.0,3580
10,period,5300224,52792,space_invaders,space_invaders,6,71.0,3580
10,period,5300224,52792,space_invaders,space_invaders,7,33.0,3580
10,period,5300224,52792,space_invaders,space_invaders,8,39.0,3580
10,period,5300224,52792,space_invaders,space_invaders,9,42.0,3580
10,period,5300224,52792,space_invaders,space_invaders,10,63.0,3580
10,period,5300224,52792,space_invaders,freeway,1,19.0,25000
10,period,5300224,52792,space_invaders,freeway,2,11.0,25000
10,period,5300224,52792,space_invaders,freeway,3,20.0,25000
10,period,5300224,52792,space_invaders,freeway,4,25.0,25000
10,period,5300224,52792,space_invaders,freeway,5,25.0,25000
10,period,5300224,52792,space_invaders,freeway,6,25.0,25000
10,period,5300224,52792,space_invaders,freeway,7,21.0,25000
10,period,5300224,52792,space_invaders,freeway,8,20.0,25000
10,period,5300224,52792,space_invaders,freeway,9,21.0,25000
10,period,5300224,52792,space_invaders,freeway,10,15.0,25000
10,period,5325056,52886,space_invaders,breakout,1,8.0,650
10,period,5325056,52886,space_invaders,breakout,2,6.0,650
10,period,5325056,52886,space_invaders,breakout,3,6.0,650
10,period,5325056,52886,space_invaders,breakout,4,6.0,650
10,period,5325056,52886,space_invaders,breakout,5,5.0,650
10,period,5325056,52886,space_invaders,breakout,6,5.0,650
10,period,5325056,52886,space_invaders,breakout,7,5.0,650
10,period,5325056,52886,space_invaders,breakout,8,6.0,650
10,period,5325056,52886,space_invaders,breakout,9,6.0,650
10,period,5325056,52886,space_invaders,breakout,10,2.0,650
10,period,5325056,52886,space_invaders,space_invaders,1,45.0,3019
10,period,5325056,52886,space_invaders,space_invaders,2,27.0,3019
10,period,5325056,52886,space_invaders,space_invaders,3,47.0,3019
10,period,5325056,52886,space_invaders,space_invaders,4,13.0,3019
10,period,5325056,52886,space_invaders,space_invaders,5,33.0,3019
10,period,5325056,52886,space_invaders,space_invaders,6,26.0,3019
10,period,5325056,52886,space_invaders,space_invaders,7,71.0,3019
10,period,5325056,52886,space_invaders,space_invaders,8,37.0,3019
10,period,5325056,52886,space_invaders,space_invaders,9,26.0,3019
10,period,5325056,52886,space_invaders,space_invaders,10,28.0,3019
10,period,5325056,52886,space_invaders,freeway,1,13.0,25000
10,period,5325056,52886,space_invaders,freeway,2,24.0,25000
10,period,5325056,52886,space_invaders,freeway,3,7.0,25000
10,period,5325056,52886,space_invaders,freeway,4,19.0,25000
10,period,5325056,52886,space_invaders,freeway,5,17.0,25000
10,period,5325056,52886,space_invaders,freeway,6,20.0,25000
10,period,5325056,52886,space_invaders,freeway,7,14.0,25000
10,period,5325056,52886,space_invaders,freeway,8,20.0,25000
10,period,5325056,52886,space_invaders,freeway,9,17.0,25000
10,period,5325056,52886,space_invaders,freeway,10,26.0,25000
10,period,5350144,52983,space_invaders,breakout,1,5.0,662
10,period,5350144,52983,space_invaders,breakout,2,7.0,662
10,period,5350144,52983,space_invaders,breakout,3,5.0,662
10,period,5350144,52983,space_invaders,breakout,4,6.0,662
10,period,5350144,52983,space_invaders,breakout,5,6.0,662
10,period,5350144,52983,space_invaders,breakout,6,6.0,662
10,period,5350144,52983,space_invaders,breakout,7,5.0,662
10,period,5350144,52983,space_invaders,breakout,8,4.0,662
10,period,5350144,52983,space_invaders,breakout,9,6.0,662
10,period,5350144,52983,space_invaders,breakout,10,6.0,662
10,period,5350144,52983,space_invaders,space_invaders,1,15.0,3304
10,period,5350144,52983,space_invaders,space_invaders,2,20.0,3304
10,period,5350144,52983,space_invaders,space_invaders,3,22.0,3304
10,period,5350144,52983,space_invaders,space_invaders,4,91.0,3304
10,period,5350144,52983,space_invaders,space_invaders,5,42.0,3304
10,period,5350144,52983,space_invaders,space_invaders,6,27.0,3304
10,period,5350144,52983,space_invaders,space_invaders,7,70.0,3304
10,period,5350144,52983,space_invaders,space_invaders,8,75.0,3304
10,period,5350144,52983,space_invaders,space_invaders,9,30.0,3304
10,period,5350144,52983,space_invaders,space_invaders,10,11.0,3304
10,period,5350144,52983,space_invaders,freeway,1,16.0,25000
10,period,5350144,52983,space_invaders,freeway,2,14.0,25000
10,period,5350144,52983,space_invaders,freeway,3,14.0,25000
10,period,5350144,52983,space_invaders,freeway,4,22.0,25000
10,period,5350144,52983,space_invaders,freeway,5,17.0,25000
10,period,5350144,52983,space_invaders,freeway,6,16.0,25000
10,period,5350144,52983,space_invaders,freeway,7,21.0,25000
10,period,5350144,52983,space_invaders,freeway,8,16.0,25000
10,period,5350144,52983,space_invaders,freeway,9,13.0,25000
10,period,5350144,52983,space_invaders,freeway,10,14.0,25000
10,period,5375232,53083,space_invaders,breakout,1,6.0,652
10,period,5375232,53083,space_invaders,breakout,2,3.0,652
10,period,5375232,53083,space_invaders,breakout,3,6.0,652
10,period,5375232,53083,space_invaders,breakout,4,5.0,652
10,period,5375232,53083,space_invaders,breakout,5,5.0,652
10,period,5375232,53083,space_invaders,breakout,6,6.0,652
10,period,5375232,53083,space_invaders,breakout,7,6.0,652
10,period,5375232,53083,space_invaders,breakout,8,6.0,652
10,period,5375232,53083,space_invaders,breakout,9,6.0,652
10,period,5375232,53083,space_invaders,breakout,10,6.0,652
10,period,5375232,53083,space_invaders,space_invaders,1,59.0,2834
10,period,5375232,53083,space_invaders,space_invaders,2,10.0,2834
10,period,5375232,53083,space_invaders,space_invaders,3,20.0,2834
10,period,5375232,53083,space_invaders,space_invaders,4,46.0,2834
10,period,5375232,53083,space_invaders,space_invaders,5,51.0,2834
10,period,5375232,53083,space_invaders,space_invaders,6,12.0,2834
10,period,5375232,53083,space_invaders,space_invaders,7,33.0,2834
10,period,5375232,53083,space_invaders,space_invaders,8,18.0,2834
10,period,5375232,53083,space_invaders,space_invaders,9,46.0,2834
10,period,5375232,53083,space_invaders,space_invaders,10,67.0,2834
10,period,5375232,53083,space_invaders,freeway,1,22.0,25000
10,period,5375232,53083,space_invaders,freeway,2,23.0,25000
10,period,5375232,53083,space_invaders,freeway,3,20.0,25000
10,period,5375232,53083,space_invaders,freeway,4,21.0,25000
10,period,5375232,53083,space_invaders,freeway,5,15.0,25000
10,period,5375232,53083,space_invaders,freeway,6,18.0,25000
10,period,5375232,53083,space_invaders,freeway,7,20.0,25000
10,period,5375232,53083,space_invaders,freeway,8,16.0,25000
10,period,5375232,53083,space_invaders,freeway,9,23.0,25000
10,period,5375232,53083,space_invaders,freeway,10,19.0,25000
10,period,5400064,53179,space_invaders,breakout,1,5.0,634
10,period,5400064,53179,space_invaders,breakout,2,5.0,634
10,period,5400064,53179,space_invaders,breakout,3,5.0,634
10,period,5400064,53179,space_invaders,breakout,4,6.0,634
10,period,5400064,53179,space_invaders,breakout,5,5.0,634
10,period,5400064,53179,space_invaders,breakout,6,6.0,634
10,period,5400064,53179,space_invaders,breakout,7,3.0,634
10,period,5400064,53179,space_invaders,breakout,8,6.0,634
10,period,5400064,53179,space_invaders,breakout,9,6.0,634
10,period,5400064,53179,space_invaders,breakout,10,6.0,634
10,period,5400064,53179,space_invaders,space_invaders,1,71.0,3925
10,period,5400064,53179,space_invaders,space_invaders,2,55.0,3925
10,period,5400064,53179,space_invaders,space_invaders,3,23.0,3925
10,period,5400064,53179,space_invaders,space_invaders,4,46.0,3925
10,period,5400064,53179,space_invaders,space_invaders,5,9.0,3925
10,period,5400064,53179,space_invaders,space_invaders,6,23.0,3925
10,period,5400064,53179,space_invaders,space_invaders,7,84.0,3925
10,period,5400064,53179,space_invaders,space_invaders,8,83.0,3925
10,period,5400064,53179,space_invaders,space_invaders,9,40.0,3925
10,period,5400064,53179,space_invaders,space_invaders,10,27.0,3925
10,period,5400064,53179,space_invaders,freeway,1,22.0,25000
10,period,5400064,53179,space_invaders,freeway,2,17.0,25000
10,period,5400064,53179,space_invaders,freeway,3,21.0,25000
10,period,5400064,53179,space_invaders,freeway,4,23.0,25000
10,period,5400064,53179,space_invaders,freeway,5,17.0,25000
10,period,5400064,53179,space_invaders,freeway,6,21.0,25000
10,period,5400064,53179,space_invaders,freeway,7,17.0,25000
10,period,5400064,53179,space_invaders,freeway,8,14.0,25000
10,period,5400064,53179,space_invaders,freeway,9,19.0,25000
10,period,5400064,53179,space_invaders,freeway,10,20.0,25000
10,period,5425152,53262,space_invaders,breakout,1,5.0,646
10,period,5425152,53262,space_invaders,breakout,2,6.0,646
10,period,5425152,53262,space_invaders,breakout,3,5.0,646
10,period,5425152,53262,space_invaders,breakout,4,5.0,646
10,period,5425152,53262,space_invaders,breakout,5,6.0,646
10,period,5425152,53262,space_invaders,breakout,6,5.0,646
10,period,5425152,53262,space_invaders,breakout,7,6.0,646
10,period,5425152,53262,space_invaders,breakout,8,5.0,646
10,period,5425152,53262,space_invaders,breakout,9,5.0,646
10,period,5425152,53262,space_invaders,breakout,10,6.0,646
10,period,5425152,53262,space_invaders,space_invaders,1,39.0,3360
10,period,5425152,53262,space_invaders,space_invaders,2,47.0,3360
10,period,5425152,53262,space_invaders,space_invaders,3,50.0,3360
10,period,5425152,53262,space_invaders,space_invaders,4,71.0,3360
10,period,5425152,53262,space_invaders,space_invaders,5,71.0,3360
10,period,5425152,53262,space_invaders,space_invaders,6,17.0,3360
10,period,5425152,53262,space_invaders,space_invaders,7,20.0,3360
10,period,5425152,53262,space_invaders,space_invaders,8,40.0,3360
10,period,5425152,53262,space_invaders,space_invaders,9,7.0,3360
10,period,5425152,53262,space_invaders,space_invaders,10,46.0,3360
10,period,5425152,53262,space_invaders,freeway,1,12.0,25000
10,period,5425152,53262,space_invaders,freeway,2,22.0,25000
10,period,5425152,53262,space_invaders,freeway,3,12.0,25000
10,period,5425152,53262,space_invaders,freeway,4,14.0,25000
10,period,5425152,53262,space_invaders,freeway,5,16.0,25000
10,period,5425152,53262,space_invaders,freeway,6,11.0,25000
10,period,5425152,53262,space_invaders,freeway,7,15.0,25000
10,period,5425152,53262,space_invaders,freeway,8,19.0,25000
10,period,5425152,53262,space_invaders,freeway,9,13.0,25000
10,period,5425152,53262,space_invaders,freeway,10,22.0,25000
10,period,5450240,53353,space_invaders,breakout,1,7.0,576
10,period,5450240,53353,space_invaders,breakout,2,6.0,576
10,period,5450240,53353,space_invaders,breakout,3,1.0,576
10,period,5450240,53353,space_invaders,breakout,4,5.0,576
10,period,5450240,53353,space_invaders,breakout,5,5.0,576
10,period,5450240,53353,space_invaders,breakout,6,5.0,576
10,period,5450240,53353,space_invaders,breakout,7,5.0,576
10,period,5450240,53353,space_invaders,breakout,8,6.0,576
10,period,5450240,53353,space_invaders,breakout,9,5.0,576
10,period,5450240,53353,space_invaders,breakout,10,3.0,576
10,period,5450240,53353,space_invaders,space_invaders,1,142.0,4528
10,period,5450240,53353,space_invaders,space_invaders,2,9.0,4528
10,period,5450240,53353,space_invaders,space_invaders,3,53.0,4528
10,period,5450240,53353,space_invaders,space_invaders,4,71.0,4528
10,period,5450240,53353,space_invaders,space_invaders,5,84.0,4528
10,period,5450240,53353,space_invaders,space_invaders,6,52.0,4528
10,period,5450240,53353,space_invaders,space_invaders,7,65.0,4528
10,period,5450240,53353,space_invaders,space_invaders,8,14.0,4528
10,period,5450240,53353,space_invaders,space_invaders,9,16.0,4528
10,period,5450240,53353,space_invaders,space_invaders,10,68.0,4528
10,period,5450240,53353,space_invaders,freeway,1,22.0,25000
10,period,5450240,53353,space_invaders,freeway,2,5.0,25000
10,period,5450240,53353,space_invaders,freeway,3,13.0,25000
10,period,5450240,53353,space_invaders,freeway,4,23.0,25000
10,period,5450240,53353,space_invaders,freeway,5,21.0,25000
10,period,5450240,53353,space_invaders,freeway,6,21.0,25000
10,period,5450240,53353,space_invaders,freeway,7,14.0,25000
10,period,5450240,53353,space_invaders,freeway,8,21.0,25000
10,period,5450240,53353,space_invaders,freeway,9,20.0,25000
10,period,5450240,53353,space_invaders,freeway,10,12.0,25000
10,period,5475072,53437,space_invaders,breakout,1,5.0,620
10,period,5475072,53437,space_invaders,breakout,2,6.0,620
10,period,5475072,53437,space_invaders,breakout,3,5.0,620
10,period,5475072,53437,space_invaders,breakout,4,2.0,620
10,period,5475072,53437,space_invaders,breakout,5,6.0,620
10,period,5475072,53437,space_invaders,breakout,6,6.0,620
10,period,5475072,53437,space_invaders,breakout,7,5.0,620
10,period,5475072,53437,space_invaders,breakout,8,6.0,620
10,period,5475072,53437,space_invaders,breakout,9,5.0,620
10,period,5475072,53437,space_invaders,breakout,10,6.0,620
10,period,5475072,53437,space_invaders,space_invaders,1,40.0,2413
10,period,5475072,53437,space_invaders,space_invaders,2,22.0,2413
10,period,5475072,53437,space_invaders,space_invaders,3,34.0,2413
10,period,5475072,53437,space_invaders,space_invaders,4,46.0,2413
10,period,5475072,53437,space_invaders,space_invaders,5,35.0,2413
10,period,5475072,53437,space_invaders,space_invaders,6,29.0,2413
10,period,5475072,53437,space_invaders,space_invaders,7,26.0,2413
10,period,5475072,53437,space_invaders,space_invaders,8,5.0,2413
10,period,5475072,53437,space_invaders,space_invaders,9,35.0,2413
10,period,5475072,53437,space_invaders,space_invaders,10,23.0,2413
10,period,5475072,53437,space_invaders,freeway,1,19.0,25000
10,period,5475072,53437,space_invaders,freeway,2,22.0,25000
10,period,5475072,53437,space_invaders,freeway,3,15.0,25000
10,period,5475072,53437,space_invaders,freeway,4,15.0,25000
10,period,5475072,53437,space_invaders,freeway,5,23.0,25000
10,period,5475072,53437,space_invaders,freeway,6,19.0,25000
10,period,5475072,53437,space_invaders,freeway,7,18.0,25000
10,period,5475072,53437,space_invaders,freeway,8,23.0,25000
10,period,5475072,53437,space_invaders,freeway,9,21.0,25000
10,period,5475072,53437,space_invaders,freeway,10,21.0,25000
11,boundary,5999616,53711,freeway,breakout,1,6.0,640
11,boundary,5999616,53711,freeway,breakout,2,5.0,640
11,boundary,5999616,53711,freeway,breakout,3,5.0,640
11,boundary,5999616,53711,freeway,breakout,4,6.0,640
11,boundary,5999616,53711,freeway,breakout,5,5.0,640
11,boundary,5999616,53711,freeway,breakout,6,5.0,640
11,boundary,5999616,53711,freeway,breakout,7,5.0,640
11,boundary,5999616,53711,freeway,breakout,8,6.0,640
11,boundary,5999616,53711,freeway,breakout,9,6.0,640
11,boundary,5999616,53711,freeway,breakout,10,5.0,640
11,boundary,5999616,53711,freeway,space_invaders,1,23.0,2711
11,boundary,5999616,53711,freeway,space_invaders,2,9.0,2711
11,boundary,5999616,53711,freeway,space_invaders,3,7.0,2711
11,boundary,5999616,53711,freeway,space_invaders,4,51.0,2711
11,boundary,5999616,53711,freeway,space_invaders,5,47.0,2711
11,boundary,5999616,53711,freeway,space_invaders,6,64.0,2711
11,boundary,5999616,53711,freeway,space_invaders,7,90.0,2711
11,boundary,5999616,53711,freeway,space_invaders,8,26.0,2711
11,boundary,5999616,53711,freeway,space_invaders,9,5.0,2711
11,boundary,5999616,53711,freeway,space_invaders,10,11.0,2711
11,boundary,5999616,53711,freeway,freeway,1,26.0,25000
11,boundary,5999616,53711,freeway,freeway,2,26.0,25000
11,boundary,5999616,53711,freeway,freeway,3,18.0,25000
11,boundary,5999616,53711,freeway,freeway,4,22.0,25000
11,boundary,5999616,53711,freeway,freeway,5,20.0,25000
11,boundary,5999616,53711,freeway,freeway,6,19.0,25000
11,boundary,5999616,53711,freeway,freeway,7,32.0,25000
11,boundary,5999616,53711,freeway,freeway,8,16.0,25000
11,boundary,5999616,53711,freeway,freeway,9,24.0,25000
11,boundary,5999616,53711,freeway,freeway,10,20.0,25000
11,period,5500160,53519,freeway,breakout,1,8.0,652
11,period,5500160,53519,freeway,breakout,2,5.0,652
11,period,5500160,53519,freeway,breakout,3,5.0,652
11,period,5500160,53519,freeway,breakout,4,6.0,652
11,period,5500160,53519,freeway,breakout,5,5.0,652
11,period,5500160,53519,freeway,breakout,6,5.0,652
11,period,5500160,53519,freeway,breakout,7,6.0,652
11,period,5500160,53519,freeway,breakout,8,5.0,652
11,period,5500160,53519,freeway,breakout,9,5.0,652
11,period,5500160,53519,freeway,breakout,10,5.0,652
11,period,5500160,53519,freeway,space_invaders,1,23.0,2769
11,period,5500160,53519,freeway,space_invaders,2,30.0,2769
11,period,5500160,53519,freeway,space_invaders,3,47.0,2769
11,period,5500160,53519,freeway,space_invaders,4,9.0,2769
11,period,5500160,53519,freeway,space_invaders,5,7.0,2769
11,period,5500160,53519,freeway,space_invaders,6,46.0,2769
11,period,5500160,53519,freeway,space_invaders,7,79.0,2769
11,period,5500160,53519,freeway,space_invaders,8,18.0,2769
11,period,5500160,53519,freeway,space_invaders,9,33.0,2769
11,period,5500160,53519,freeway,space_invaders,10,23.0,2769
11,period,5500160,53519,freeway,freeway,1,23.0,25000
11,period,5500160,53519,freeway,freeway,2,20.0,25000
11,period,5500160,53519,freeway,freeway,3,23.0,25000
11,period,5500160,53519,freeway,freeway,4,20.0,25000
11,period,5500160,53519,freeway,freeway,5,19.0,25000
11,period,5500160,53519,freeway,freeway,6,20.0,25000
11,period,5500160,53519,freeway,freeway,7,15.0,25000
11,period,5500160,53519,freeway,freeway,8,23.0,25000
11,period,5500160,53519,freeway,freeway,9,24.0,25000
11,period,5500160,53519,freeway,freeway,10,21.0,25000
11,period,5525248,53519,freeway,breakout,1,6.0,622
11,period,5525248,53519,freeway,breakout,2,6.0,622
11,period,5525248,53519,freeway,breakout,3,6.0,622
11,period,5525248,53519,freeway,breakout,4,5.0,622
11,period,5525248,53519,freeway,breakout,5,5.0,622
11,period,5525248,53519,freeway,breakout,6,5.0,622
11,period,5525248,53519,freeway,breakout,7,5.0,622
11,period,5525248,53519,freeway,breakout,8,5.0,622
11,period,5525248,53519,freeway,breakout,9,7.0,622
11,period,5525248,53519,freeway,breakout,10,2.0,622
11,period,5525248,53519,freeway,space_invaders,1,31.0,3662
11,period,5525248,53519,freeway,space_invaders,2,35.0,3662
11,period,5525248,53519,freeway,space_invaders,3,22.0,3662
11,period,5525248,53519,freeway,space_invaders,4,8.0,3662
11,period,5525248,53519,freeway,space_invaders,5,10.0,3662
11,period,5525248,53519,freeway,space_invaders,6,47.0,3662
11,period,5525248,53519,freeway,space_invaders,7,23.0,3662
11,period,5525248,53519,freeway,space_invaders,8,90.0,3662
11,period,5525248,53519,freeway,space_invaders,9,133.0,3662
11,period,5525248,53519,freeway,space_invaders,10,40.0,3662
11,period,5525248,53519,freeway,freeway,1,29.0,25000
11,period,5525248,53519,freeway,freeway,2,26.0,25000
11,period,5525248,53519,freeway,freeway,3,14.0,25000
11,period,5525248,53519,freeway,freeway,4,28.0,25000
11,period,5525248,53519,freeway,freeway,5,28.0,25000
11,period,5525248,53519,freeway,freeway,6,21.0,25000
11,period,5525248,53519,freeway,freeway,7,23.0,25000
11,period,5525248,53519,freeway,freeway,8,28.0,25000
11,period,5525248,53519,freeway,freeway,9,26.0,25000
11,period,5525248,53519,freeway,freeway,10,24.0,25000
11,period,5550080,53535,freeway,breakout,1,8.0,672
11,period,5550080,53535,freeway,breakout,2,7.0,672
11,period,5550080,53535,freeway,breakout,3,5.0,672
11,period,5550080,53535,freeway,breakout,4,5.0,672
11,period,5550080,53535,freeway,breakout,5,5.0,672
11,period,5550080,53535,freeway,breakout,6,5.0,672
11,period,5550080,53535,freeway,breakout,7,6.0,672
11,period,5550080,53535,freeway,breakout,8,5.0,672
11,period,5550080,53535,freeway,breakout,9,5.0,672
11,period,5550080,53535,freeway,breakout,10,6.0,672
11,period,5550080,53535,freeway,space_invaders,1,47.0,4136
11,period,5550080,53535,freeway,space_invaders,2,47.0,4136
11,period,5550080,53535,freeway,space_invaders,3,47.0,4136
11,period,5550080,53535,freeway,space_invaders,4,115.0,4136
11,period,5550080,53535,freeway,space_invaders,5,40.0,4136
11,period,5550080,53535,freeway,space_invaders,6,37.0,4136
11,period,5550080,53535,freeway,space_invaders,7,17.0,4136
11,period,5550080,53535,freeway,space_invaders,8,27.0,4136
11,period,5550080,53535,freeway,space_invaders,9,62.0,4136
11,period,5550080,53535,freeway,space_invaders,10,47.0,4136
11,period,5550080,53535,freeway,freeway,1,25.0,25000
11,period,5550080,53535,freeway,freeway,2,7.0,25000
11,period,5550080,53535,freeway,freeway,3,24.0,25000
11,period,5550080,53535,freeway,freeway,4,30.0,25000
11,period,5550080,53535,freeway,freeway,5,26.0,25000
11,period,5550080,53535,freeway,freeway,6,16.0,25000
11,period,5550080,53535,freeway,freeway,7,23.0,25000
11,period,5550080,53535,freeway,freeway,8,23.0,25000
11,period,5550080,53535,freeway,freeway,9,21.0,25000
11,period,5550080,53535,freeway,freeway,10,28.0,25000
11,period,5575168,53535,freeway,breakout,1,5.0,652
11,period,5575168,53535,freeway,breakout,2,6.0,652
11,period,5575168,53535,freeway,breakout,3,7.0,652
11,period,5575168,53535,freeway,breakout,4,6.0,652
11,period,5575168,53535,freeway,breakout,5,6.0,652
11,period,5575168,53535,freeway,breakout,6,5.0,652
11,period,5575168,53535,freeway,breakout,7,5.0,652
11,period,5575168,53535,freeway,breakout,8,3.0,652
11,period,5575168,53535,freeway,breakout,9,6.0,652
11,period,5575168,53535,freeway,breakout,10,6.0,652
11,period,5575168,53535,freeway,space_invaders,1,71.0,3967
11,period,5575168,53535,freeway,space_invaders,2,88.0,3967
11,period,5575168,53535,freeway,space_invaders,3,10.0,3967
11,period,5575168,53535,freeway,space_invaders,4,26.0,3967
11,period,5575168,53535,freeway,space_invaders,5,56.0,3967
11,period,5575168,53535,freeway,space_invaders,6,71.0,3967
11,period,5575168,53535,freeway,space_invaders,7,28.0,3967
11,period,5575168,53535,freeway,space_invaders,8,18.0,3967
11,period,5575168,53535,freeway,space_invaders,9,5.0,3967
11,period,5575168,53535,freeway,space_invaders,10,112.0,3967
11,period,5575168,53535,freeway,freeway,1,29.0,25000
11,period,5575168,53535,freeway,freeway,2,28.0,25000
11,period,5575168,53535,freeway,freeway,3,22.0,25000
11,period,5575168,53535,freeway,freeway,4,22.0,25000
11,period,5575168,53535,freeway,freeway,5,26.0,25000
11,period,5575168,53535,freeway,freeway,6,22.0,25000
11,period,5575168,53535,freeway,freeway,7,21.0,25000
11,period,5575168,53535,freeway,freeway,8,32.0,25000
11,period,5575168,53535,freeway,freeway,9,31.0,25000
11,period,5575168,53535,freeway,freeway,10,22.0,25000
11,period,5600000,53551,freeway,breakout,1,4.0,566
11,period,5600000,53551,freeway,breakout,2,5.0,566
11,period,5600000,53551,freeway,breakout,3,5.0,566
11,period,5600000,53551,freeway,breakout,4,6.0,566
11,period,5600000,53551,freeway,breakout,5,5.0,566
11,period,5600000,53551,freeway,breakout,6,5.0,566
11,period,5600000,53551,freeway,breakout,7,5.0,566
11,period,5600000,53551,freeway,breakout,8,5.0,566
11,period,5600000,53551,freeway,breakout,9,1.0,566
11,period,5600000,53551,freeway,breakout,10,6.0,566
11,period,5600000,53551,freeway,space_invaders,1,9.0,3225
11,period,5600000,53551,freeway,space_invaders,2,77.0,3225
11,period,5600000,53551,freeway,space_invaders,3,29.0,3225
11,period,5600000,53551,freeway,space_invaders,4,86.0,3225
11,period,5600000,53551,freeway,space_invaders,5,29.0,3225
11,period,5600000,53551,freeway,space_invaders,6,47.0,3225
11,period,5600000,53551,freeway,space_invaders,7,47.0,3225
11,period,5600000,53551,freeway,space_invaders,8,38.0,3225
11,period,5600000,53551,freeway,space_invaders,9,10.0,3225
11,period,5600000,53551,freeway,space_invaders,10,23.0,3225
11,period,5600000,53551,freeway,freeway,1,31.0,25000
11,period,5600000,53551,freeway,freeway,2,21.0,25000
11,period,5600000,53551,freeway,freeway,3,16.0,25000
11,period,5600000,53551,freeway,freeway,4,35.0,25000
11,period,5600000,53551,freeway,freeway,5,32.0,25000
11,period,5600000,53551,freeway,freeway,6,27.0,25000
11,period,5600000,53551,freeway,freeway,7,27.0,25000
11,period,5600000,53551,freeway,freeway,8,28.0,25000
11,period,5600000,53551,freeway,freeway,9,29.0,25000
11,period,5600000,53551,freeway,freeway,10,24.0,25000
11,period,5625088,53567,freeway,breakout,1,6.0,606
11,period,5625088,53567,freeway,breakout,2,1.0,606
11,period,5625088,53567,freeway,breakout,3,6.0,606
11,period,5625088,53567,freeway,breakout,4,5.0,606
11,period,5625088,53567,freeway,breakout,5,5.0,606
11,period,5625088,53567,freeway,breakout,6,5.0,606
11,period,5625088,53567,freeway,breakout,7,6.0,606
11,period,5625088,53567,freeway,breakout,8,6.0,606
11,period,5625088,53567,freeway,breakout,9,6.0,606
11,period,5625088,53567,freeway,breakout,10,5.0,606
11,period,5625088,53567,freeway,space_invaders,1,37.0,4463
11,period,5625088,53567,freeway,space_invaders,2,33.0,4463
11,period,5625088,53567,freeway,space_invaders,3,37.0,4463
11,period,5625088,53567,freeway,space_invaders,4,105.0,4463
11,period,5625088,53567,freeway,space_invaders,5,139.0,4463
11,period,5625088,53567,freeway,space_invaders,6,9.0,4463
11,period,5625088,53567,freeway,space_invaders,7,16.0,4463
11,period,5625088,53567,freeway,space_invaders,8,91.0,4463
11,period,5625088,53567,freeway,space_invaders,9,47.0,4463
11,period,5625088,53567,freeway,space_invaders,10,46.0,4463
11,period,5625088,53567,freeway,freeway,1,17.0,25000
11,period,5625088,53567,freeway,freeway,2,22.0,25000
11,period,5625088,53567,freeway,freeway,3,28.0,25000
11,period,5625088,53567,freeway,freeway,4,20.0,25000
11,period,5625088,53567,freeway,freeway,5,29.0,25000
11,period,5625088,53567,freeway,freeway,6,24.0,25000
11,period,5625088,53567,freeway,freeway,7,23.0,25000
11,period,5625088,53567,freeway,freeway,8,25.0,25000
11,period,5625088,53567,freeway,freeway,9,34.0,25000
11,period,5625088,53567,freeway,freeway,10,24.0,25000
11,period,5650176,53567,freeway,breakout,1,6.0,600
11,period,5650176,53567,freeway,breakout,2,5.0,600
11,period,5650176,53567,freeway,breakout,3,2.0,600
11,period,5650176,53567,freeway,breakout,4,6.0,600
11,period,5650176,53567,freeway,breakout,5,5.0,600
11,period,5650176,53567,freeway,breakout,6,6.0,600
11,period,5650176,53567,freeway,breakout,7,5.0,600
11,period,5650176,53567,freeway,breakout,8,5.0,600
11,period,5650176,53567,freeway,breakout,9,5.0,600
11,period,5650176,53567,freeway,breakout,10,5.0,600
11,period,5650176,53567,freeway,space_invaders,1,88.0,2770
11,period,5650176,53567,freeway,space_invaders,2,19.0,2770
11,period,5650176,53567,freeway,space_invaders,3,23.0,2770
11,period,5650176,53567,freeway,space_invaders,4,56.0,2770
11,period,5650176,53567,freeway,space_invaders,5,9.0,2770
11,period,5650176,53567,freeway,space_invaders,6,10.0,2770
11,period,5650176,53567,freeway,space_invaders,7,40.0,2770
11,period,5650176,53567,freeway,space_invaders,8,3.0,2770
11,period,5650176,53567,freeway,space_invaders,9,18.0,2770
11,period,5650176,53567,freeway,space_invaders,10,95.0,2770
11,period,5650176,53567,freeway,freeway,1,25.0,25000
11,period,5650176,53567,freeway,freeway,2,32.0,25000
11,period,5650176,53567,freeway,freeway,3,25.0,25000
11,period,5650176,53567,freeway,freeway,4,20.0,25000
11,period,5650176,53567,freeway,freeway,5,23.0,25000
11,period,5650176,53567,freeway,freeway,6,24.0,25000
11,period,5650176,53567,freeway,freeway,7,23.0,25000
11,period,5650176,53567,freeway,freeway,8,26.0,25000
11,period,5650176,53567,freeway,freeway,9,26.0,25000
11,period,5650176,53567,freeway,freeway,10,24.0,25000
11,period,5675008,53583,freeway,breakout,1,5.0,676
11,period,5675008,53583,freeway,breakout,2,6.0,676
11,period,5675008,53583,freeway,breakout,3,5.0,676
11,period,5675008,53583,freeway,breakout,4,5.0,676
11,period,5675008,53583,freeway,breakout,5,6.0,676
11,period,5675008,53583,freeway,breakout,6,5.0,676
11,period,5675008,53583,freeway,breakout,7,5.0,676
11,period,5675008,53583,freeway,breakout,8,8.0,676
11,period,5675008,53583,freeway,breakout,9,7.0,676
11,period,5675008,53583,freeway,breakout,10,5.0,676
11,period,5675008,53583,freeway,space_invaders,1,46.0,3573
11,period,5675008,53583,freeway,space_invaders,2,22.0,3573
11,period,5675008,53583,freeway,space_invaders,3,51.0,3573
11,period,5675008,53583,freeway,space_invaders,4,105.0,3573
11,period,5675008,53583,freeway,space_invaders,5,62.0,3573
11,period,5675008,53583,freeway,space_invaders,6,10.0,3573
11,period,5675008,53583,freeway,space_invaders,7,57.0,3573
11,period,5675008,53583,freeway,space_invaders,8,6.0,3573
11,period,5675008,53583,freeway,space_invaders,9,8.0,3573
11,period,5675008,53583,freeway,space_invaders,10,85.0,3573
11,period,5675008,53583,freeway,freeway,1,23.0,25000
11,period,5675008,53583,freeway,freeway,2,23.0,25000
11,period,5675008,53583,freeway,freeway,3,31.0,25000
11,period,5675008,53583,freeway,freeway,4,25.0,25000
11,period,5675008,53583,freeway,freeway,5,16.0,25000
11,period,5675008,53583,freeway,freeway,6,21.0,25000
11,period,5675008,53583,freeway,freeway,7,29.0,25000
11,period,5675008,53583,freeway,freeway,8,24.0,25000
11,period,5675008,53583,freeway,freeway,9,23.0,25000
11,period,5675008,53583,freeway,freeway,10,32.0,25000
11,period,5700096,53599,freeway,breakout,1,5.0,636
11,period,5700096,53599,freeway,breakout,2,6.0,636
11,period,5700096,53599,freeway,breakout,3,5.0,636
11,period,5700096,53599,freeway,breakout,4,6.0,636
11,period,5700096,53599,freeway,breakout,5,8.0,636
11,period,5700096,53599,freeway,breakout,6,1.0,636
11,period,5700096,53599,freeway,breakout,7,5.0,636
11,period,5700096,53599,freeway,breakout,8,8.0,636
11,period,5700096,53599,freeway,breakout,9,5.0,636
11,period,5700096,53599,freeway,breakout,10,5.0,636
11,period,5700096,53599,freeway,space_invaders,1,8.0,1614
11,period,5700096,53599,freeway,space_invaders,2,3.0,1614
11,period,5700096,53599,freeway,space_invaders,3,23.0,1614
11,period,5700096,53599,freeway,space_invaders,4,27.0,1614
11,period,5700096,53599,freeway,space_invaders,5,50.0,1614
11,period,5700096,53599,freeway,space_invaders,6,8.0,1614
11,period,5700096,53599,freeway,space_invaders,7,16.0,1614
11,period,5700096,53599,freeway,space_invaders,8,9.0,1614
11,period,5700096,53599,freeway,space_invaders,9,27.0,1614
11,period,5700096,53599,freeway,space_invaders,10,28.0,1614
11,period,5700096,53599,freeway,freeway,1,36.0,25000
11,period,5700096,53599,freeway,freeway,2,29.0,25000
11,period,5700096,53599,freeway,freeway,3,21.0,25000
11,period,5700096,53599,freeway,freeway,4,24.0,25000
11,period,5700096,53599,freeway,freeway,5,26.0,25000
11,period,5700096,53599,freeway,freeway,6,25.0,25000
11,period,5700096,53599,freeway,freeway,7,18.0,25000
11,period,5700096,53599,freeway,freeway,8,22.0,25000
11,period,5700096,53599,freeway,freeway,9,32.0,25000
11,period,5700096,53599,freeway,freeway,10,28.0,25000
11,period,5725184,53599,freeway,breakout,1,6.0,670
11,period,5725184,53599,freeway,breakout,2,6.0,670
11,period,5725184,53599,freeway,breakout,3,5.0,670
11,period,5725184,53599,freeway,breakout,4,5.0,670
11,period,5725184,53599,freeway,breakout,5,6.0,670
11,period,5725184,53599,freeway,breakout,6,5.0,670
11,period,5725184,53599,freeway,breakout,7,6.0,670
11,period,5725184,53599,freeway,breakout,8,6.0,670
11,period,5725184,53599,freeway,breakout,9,6.0,670
11,period,5725184,53599,freeway,breakout,10,5.0,670
11,period,5725184,53599,freeway,space_invaders,1,53.0,3840
11,period,5725184,53599,freeway,space_invaders,2,33.0,3840
11,period,5725184,53599,freeway,space_invaders,3,24.0,3840
11,period,5725184,53599,freeway,space_invaders,4,95.0,3840
11,period,5725184,53599,freeway,space_invaders,5,12.0,3840
11,period,5725184,53599,freeway,space_invaders,6,9.0,3840
11,period,5725184,53599,freeway,space_invaders,7,6.0,3840
11,period,5725184,53599,freeway,space_invaders,8,22.0,3840
11,period,5725184,53599,freeway,space_invaders,9,118.0,3840
11,period,5725184,53599,freeway,space_invaders,10,90.0,3840
11,period,5725184,53599,freeway,freeway,1,24.0,25000
11,period,5725184,53599,freeway,freeway,2,19.0,25000
11,period,5725184,53599,freeway,freeway,3,14.0,25000
11,period,5725184,53599,freeway,freeway,4,19.0,25000
11,period,5725184,53599,freeway,freeway,5,16.0,25000
11,period,5725184,53599,freeway,freeway,6,25.0,25000
11,period,5725184,53599,freeway,freeway,7,28.0,25000
11,period,5725184,53599,freeway,freeway,8,25.0,25000
11,period,5725184,53599,freeway,freeway,9,11.0,25000
11,period,5725184,53599,freeway,freeway,10,24.0,25000
11,period,5750016,53615,freeway,breakout,1,6.0,648
11,period,5750016,53615,freeway,breakout,2,5.0,648
11,period,5750016,53615,freeway,breakout,3,2.0,648
11,period,5750016,53615,freeway,breakout,4,6.0,648
11,period,5750016,53615,freeway,breakout,5,6.0,648
11,period,5750016,53615,freeway,breakout,6,5.0,648
11,period,5750016,53615,freeway,breakout,7,8.0,648
11,period,5750016,53615,freeway,breakout,8,6.0,648
11,period,5750016,53615,freeway,breakout,9,6.0,648
11,period,5750016,53615,freeway,breakout,10,5.0,648
11,period,5750016,53615,freeway,space_invaders,1,30.0,5726
11,period,5750016,53615,freeway,space_invaders,2,71.0,5726
11,period,5750016,53615,freeway,space_invaders,3,71.0,5726
11,period,5750016,53615,freeway,space_invaders,4,34.0,5726
11,period,5750016,53615,freeway,space_invaders,5,39.0,5726
11,period,5750016,53615,freeway,space_invaders,6,85.0,5726
11,period,5750016,53615,freeway,space_invaders,7,71.0,5726
11,period,5750016,53615,freeway,space_invaders,8,67.0,5726
11,period,5750016,53615,freeway,space_invaders,9,53.0,5726
11,period,5750016,53615,freeway,space_invaders,10,142.0,5726
11,period,5750016,53615,freeway,freeway,1,25.0,25000
11,period,5750016,53615,freeway,freeway,2,25.0,25000
11,period,5750016,53615,freeway,freeway,3,22.0,25000
11,period,5750016,53615,freeway,freeway,4,25.0,25000
11,period,5750016,53615,freeway,freeway,5,27.0,25000
11,period,5750016,53615,freeway,freeway,6,24.0,25000
11,period,5750016,53615,freeway,freeway,7,16.0,25000
11,period,5750016,53615,freeway,freeway,8,24.0,25000
11,period,5750016,53615,freeway,freeway,9,30.0,25000
11,period,5750016,53615,freeway,freeway,10,37.0,25000
11,period,5775104,53615,freeway,breakout,1,7.0,678
11,period,5775104,53615,freeway,breakout,2,6.0,678
11,period,5775104,53615,freeway,breakout,3,6.0,678
11,period,5775104,53615,freeway,breakout,4,6.0,678
11,period,5775104,53615,freeway,breakout,5,6.0,678
11,period,5775104,53615,freeway,breakout,6,5.0,678
11,period,5775104,53615,freeway,breakout,7,6.0,678
11,period,5775104,53615,freeway,breakout,8,5.0,678
11,period,5775104,53615,freeway,breakout,9,5.0,678
11,period,5775104,53615,freeway,breakout,10,5.0,678
11,period,5775104,53615,freeway,space_invaders,1,47.0,2826
11,period,5775104,53615,freeway,space_invaders,2,94.0,2826
11,period,5775104,53615,freeway,space_invaders,3,5.0,2826
11,period,5775104,53615,freeway,space_invaders,4,20.0,2826
11,period,5775104,53615,freeway,space_invaders,5,30.0,2826
11,period,5775104,53615,freeway,space_invaders,6,23.0,2826
11,period,5775104,53615,freeway,space_invaders,7,31.0,2826
11,period,5775104,53615,freeway,space_invaders,8,15.0,2826
11,period,5775104,53615,freeway,space_invaders,9,21.0,2826
11,period,5775104,53615,freeway,space_invaders,10,23.0,2826
11,period,5775104,53615,freeway,freeway,1,23.0,25000
11,period,5775104,53615,freeway,freeway,2,22.0,25000
11,period,5775104,53615,freeway,freeway,3,24.0,25000
11,period,5775104,53615,freeway,freeway,4,29.0,25000
11,period,5775104,53615,freeway,freeway,5,29.0,25000
11,period,5775104,53615,freeway,freeway,6,27.0,25000
11,period,5775104,53615,freeway,freeway,7,27.0,25000
11,period,5775104,53615,freeway,freeway,8,28.0,25000
11,period,5775104,53615,freeway,freeway,9,26.0,25000
11,period,5775104,53615,freeway,freeway,10,21.0,25000
11,period,5800192,53631,freeway,breakout,1,6.0,668
11,period,5800192,53631,freeway,breakout,2,5.0,668
11,period,5800192,53631,freeway,breakout,3,5.0,668
11,period,5800192,53631,freeway,breakout,4,5.0,668
11,period,5800192,53631,freeway,breakout,5,5.0,668
11,period,5800192,53631,freeway,breakout,6,9.0,668
11,period,5800192,53631,freeway,breakout,7,5.0,668
11,period,5800192,53631,freeway,breakout,8,6.0,668
11,period,5800192,53631,freeway,breakout,9,5.0,668
11,period,5800192,53631,freeway,breakout,10,5.0,668
11,period,5800192,53631,freeway,space_invaders,1,62.0,2096
11,period,5800192,53631,freeway,space_invaders,2,8.0,2096
11,period,5800192,53631,freeway,space_invaders,3,6.0,2096
11,period,5800192,53631,freeway,space_invaders,4,32.0,2096
11,period,5800192,53631,freeway,space_invaders,5,18.0,2096
11,period,5800192,53631,freeway,space_invaders,6,6.0,2096
11,period,5800192,53631,freeway,space_invaders,7,21.0,2096
11,period,5800192,53631,freeway,space_invaders,8,31.0,2096
11,period,5800192,53631,freeway,space_invaders,9,52.0,2096
11,period,5800192,53631,freeway,space_invaders,10,33.0,2096
11,period,5800192,53631,freeway,freeway,1,26.0,25000
11,period,5800192,53631,freeway,freeway,2,27.0,25000
11,period,5800192,53631,freeway,freeway,3,28.0,25000
11,period,5800192,53631,freeway,freeway,4,22.0,25000
11,period,5800192,53631,freeway,freeway,5,31.0,25000
11,period,5800192,53631,freeway,freeway,6,26.0,25000
11,period,5800192,53631,freeway,freeway,7,28.0,25000
11,period,5800192,53631,freeway,freeway,8,23.0,25000
11,period,5800192,53631,freeway,freeway,9,28.0,25000
11,period,5800192,53631,freeway,freeway,10,30.0,25000
11,period,5825024,53647,freeway,breakout,1,5.0,652
11,period,5825024,53647,freeway,breakout,2,6.0,652
11,period,5825024,53647,freeway,breakout,3,5.0,652
11,period,5825024,53647,freeway,breakout,4,6.0,652
11,period,5825024,53647,freeway,breakout,5,5.0,652
11,period,5825024,53647,freeway,breakout,6,5.0,652
11,period,5825024,53647,freeway,breakout,7,5.0,652
11,period,5825024,53647,freeway,breakout,8,6.0,652
11,period,5825024,53647,freeway,breakout,9,6.0,652
11,period,5825024,53647,freeway,breakout,10,6.0,652
11,period,5825024,53647,freeway,space_invaders,1,47.0,3391
11,period,5825024,53647,freeway,space_invaders,2,50.0,3391
11,period,5825024,53647,freeway,space_invaders,3,9.0,3391
11,period,5825024,53647,freeway,space_invaders,4,51.0,3391
11,period,5825024,53647,freeway,space_invaders,5,47.0,3391
11,period,5825024,53647,freeway,space_invaders,6,8.0,3391
11,period,5825024,53647,freeway,space_invaders,7,46.0,3391
11,period,5825024,53647,freeway,space_invaders,8,23.0,3391
11,period,5825024,53647,freeway,space_invaders,9,71.0,3391
11,period,5825024,53647,freeway,space_invaders,10,35.0,3391
11,period,5825024,53647,freeway,freeway,1,18.0,25000
11,period,5825024,53647,freeway,freeway,2,15.0,25000
11,period,5825024,53647,freeway,freeway,3,20.0,25000
11,period,5825024,53647,freeway,freeway,4,25.0,25000
11,period,5825024,53647,freeway,freeway,5,24.0,25000
11,period,5825024,53647,freeway,freeway,6,18.0,25000
11,period,5825024,53647,freeway,freeway,7,27.0,25000
11,period,5825024,53647,freeway,freeway,8,19.0,25000
11,period,5825024,53647,freeway,freeway,9,27.0,25000
11,period,5825024,53647,freeway,freeway,10,16.0,25000
11,period,5850112,53647,freeway,breakout,1,5.0,590
11,period,5850112,53647,freeway,breakout,2,5.0,590
11,period,5850112,53647,freeway,breakout,3,5.0,590
11,period,5850112,53647,freeway,breakout,4,5.0,590
11,period,5850112,53647,freeway,breakout,5,5.0,590
11,period,5850112,53647,freeway,breakout,6,5.0,590
11,period,5850112,53647,freeway,breakout,7,5.0,590
11,period,5850112,53647,freeway,breakout,8,3.0,590
11,period,5850112,53647,freeway,breakout,9,6.0,590
11,period,5850112,53647,freeway,breakout,10,5.0,590
11,period,5850112,53647,freeway,space_invaders,1,23.0,1756
11,period,5850112,53647,freeway,space_invaders,2,8.0,1756
11,period,5850112,53647,freeway,space_invaders,3,15.0,1756
11,period,5850112,53647,freeway,space_invaders,4,3.0,1756
11,period,5850112,53647,freeway,space_invaders,5,60.0,1756
11,period,5850112,53647,freeway,space_invaders,6,23.0,1756
11,period,5850112,53647,freeway,space_invaders,7,26.0,1756
11,period,5850112,53647,freeway,space_invaders,8,23.0,1756
11,period,5850112,53647,freeway,space_invaders,9,33.0,1756
11,period,5850112,53647,freeway,space_invaders,10,7.0,1756
11,period,5850112,53647,freeway,freeway,1,21.0,25000
11,period,5850112,53647,freeway,freeway,2,27.0,25000
11,period,5850112,53647,freeway,freeway,3,29.0,25000
11,period,5850112,53647,freeway,freeway,4,16.0,25000
11,period,5850112,53647,freeway,freeway,5,26.0,25000
11,period,5850112,53647,freeway,freeway,6,29.0,25000
11,period,5850112,53647,freeway,freeway,7,21.0,25000
11,period,5850112,53647,freeway,freeway,8,25.0,25000
11,period,5850112,53647,freeway,freeway,9,15.0,25000
11,period,5850112,53647,freeway,freeway,10,31.0,25000
11,period,5875200,53663,freeway,breakout,1,6.0,654
11,period,5875200,53663,freeway,breakout,2,6.0,654
11,period,5875200,53663,freeway,breakout,3,6.0,654
11,period,5875200,53663,freeway,breakout,4,5.0,654
11,period,5875200,53663,freeway,breakout,5,5.0,654
11,period,5875200,53663,freeway,breakout,6,5.0,654
11,period,5875200,53663,freeway,breakout,7,5.0,654
11,period,5875200,53663,freeway,breakout,8,6.0,654
11,period,5875200,53663,freeway,breakout,9,6.0,654
11,period,5875200,53663,freeway,breakout,10,5.0,654
11,period,5875200,53663,freeway,space_invaders,1,26.0,1686
11,period,5875200,53663,freeway,space_invaders,2,16.0,1686
11,period,5875200,53663,freeway,space_invaders,3,32.0,1686
11,period,5875200,53663,freeway,space_invaders,4,3.0,1686
11,period,5875200,53663,freeway,space_invaders,5,23.0,1686
11,period,5875200,53663,freeway,space_invaders,6,5.0,1686
11,period,5875200,53663,freeway,space_invaders,7,39.0,1686
11,period,5875200,53663,freeway,space_invaders,8,23.0,1686
11,period,5875200,53663,freeway,space_invaders,9,19.0,1686
11,period,5875200,53663,freeway,space_invaders,10,24.0,1686
11,period,5875200,53663,freeway,freeway,1,25.0,25000
11,period,5875200,53663,freeway,freeway,2,19.0,25000
11,period,5875200,53663,freeway,freeway,3,29.0,25000
11,period,5875200,53663,freeway,freeway,4,26.0,25000
11,period,5875200,53663,freeway,freeway,5,27.0,25000
11,period,5875200,53663,freeway,freeway,6,25.0,25000
11,period,5875200,53663,freeway,freeway,7,18.0,25000
11,period,5875200,53663,freeway,freeway,8,19.0,25000
11,period,5875200,53663,freeway,freeway,9,26.0,25000
11,period,5875200,53663,freeway,freeway,10,22.0,25000
11,period,5900032,53679,freeway,breakout,1,5.0,624
11,period,5900032,53679,freeway,breakout,2,5.0,624
11,period,5900032,53679,freeway,breakout,3,5.0,624
11,period,5900032,53679,freeway,breakout,4,5.0,624
11,period,5900032,53679,freeway,breakout,5,5.0,624
11,period,5900032,53679,freeway,breakout,6,5.0,624
11,period,5900032,53679,freeway,breakout,7,5.0,624
11,period,5900032,53679,freeway,breakout,8,6.0,624
11,period,5900032,53679,freeway,breakout,9,5.0,624
11,period,5900032,53679,freeway,breakout,10,5.0,624
11,period,5900032,53679,freeway,space_invaders,1,5.0,822
11,period,5900032,53679,freeway,space_invaders,2,28.0,822
11,period,5900032,53679,freeway,space_invaders,3,5.0,822
11,period,5900032,53679,freeway,space_invaders,4,47.0,822
11,period,5900032,53679,freeway,space_invaders,5,5.0,822
11,period,5900032,53679,freeway,space_invaders,6,7.0,822
11,period,5900032,53679,freeway,space_invaders,7,5.0,822
11,period,5900032,53679,freeway,space_invaders,8,5.0,822
11,period,5900032,53679,freeway,space_invaders,9,3.0,822
11,period,5900032,53679,freeway,space_invaders,10,3.0,822
11,period,5900032,53679,freeway,freeway,1,18.0,25000
11,period,5900032,53679,freeway,freeway,2,34.0,25000
11,period,5900032,53679,freeway,freeway,3,29.0,25000
11,period,5900032,53679,freeway,freeway,4,19.0,25000
11,period,5900032,53679,freeway,freeway,5,23.0,25000
11,period,5900032,53679,freeway,freeway,6,29.0,25000
11,period,5900032,53679,freeway,freeway,7,26.0,25000
11,period,5900032,53679,freeway,freeway,8,30.0,25000
11,period,5900032,53679,freeway,freeway,9,31.0,25000
11,period,5900032,53679,freeway,freeway,10,22.0,25000
11,period,5925120,53679,freeway,breakout,1,5.0,684
11,period,5925120,53679,freeway,breakout,2,6.0,684
11,period,5925120,53679,freeway,breakout,3,7.0,684
11,period,5925120,53679,freeway,breakout,4,6.0,684
11,period,5925120,53679,freeway,breakout,5,5.0,684
11,period,5925120,53679,freeway,breakout,6,6.0,684
11,period,5925120,53679,freeway,breakout,7,6.0,684
11,period,5925120,53679,freeway,breakout,8,6.0,684
11,period,5925120,53679,freeway,breakout,9,5.0,684
11,period,5925120,53679,freeway,breakout,10,6.0,684
11,period,5925120,53679,freeway,space_invaders,1,44.0,2200
11,period,5925120,53679,freeway,space_invaders,2,5.0,2200
11,period,5925120,53679,freeway,space_invaders,3,3.0,2200
11,period,5925120,53679,freeway,space_invaders,4,42.0,2200
11,period,5925120,53679,freeway,space_invaders,5,27.0,2200
11,period,5925120,53679,freeway,space_invaders,6,5.0,2200
11,period,5925120,53679,freeway,space_invaders,7,70.0,2200
11,period,5925120,53679,freeway,space_invaders,8,3.0,2200
11,period,5925120,53679,freeway,space_invaders,9,23.0,2200
11,period,5925120,53679,freeway,space_invaders,10,31.0,2200
11,period,5925120,53679,freeway,freeway,1,28.0,25000
11,period,5925120,53679,freeway,freeway,2,18.0,25000
11,period,5925120,53679,freeway,freeway,3,26.0,25000
11,period,5925120,53679,freeway,freeway,4,21.0,25000
11,period,5925120,53679,freeway,freeway,5,23.0,25000
11,period,5925120,53679,freeway,freeway,6,28.0,25000
11,period,5925120,53679,freeway,freeway,7,24.0,25000
11,period,5925120,53679,freeway,freeway,8,27.0,25000
11,period,5925120,53679,freeway,freeway,9,28.0,25000
11,period,5925120,53679,freeway,freeway,10,26.0,25000
11,period,5950208,53695,freeway,breakout,1,5.0,532
11,period,5950208,53695,freeway,breakout,2,0.0,532
11,period,5950208,53695,freeway,breakout,3,6.0,532
11,period,5950208,53695,freeway,breakout,4,1.0,532
11,period,5950208,53695,freeway,breakout,5,6.0,532
11,period,5950208,53695,freeway,breakout,6,6.0,532
11,period,5950208,53695,freeway,breakout,7,6.0,532
11,period,5950208,53695,freeway,breakout,8,3.0,532
11,period,5950208,53695,freeway,breakout,9,6.0,532
11,period,5950208,53695,freeway,breakout,10,5.0,532
11,period,5950208,53695,freeway,space_invaders,1,2.0,999
11,period,5950208,53695,freeway,space_invaders,2,4.0,999
11,period,5950208,53695,freeway,space_invaders,3,32.0,999
11,period,5950208,53695,freeway,space_invaders,4,5.0,999
11,period,5950208,53695,freeway,space_invaders,5,22.0,999
11,period,5950208,53695,freeway,space_invaders,6,5.0,999
11,period,5950208,53695,freeway,space_invaders,7,7.0,999
11,period,5950208,53695,freeway,space_invaders,8,5.0,999
11,period,5950208,53695,freeway,space_invaders,9,25.0,999
11,period,5950208,53695,freeway,space_invaders,10,25.0,999
11,period,5950208,53695,freeway,freeway,1,28.0,25000
11,period,5950208,53695,freeway,freeway,2,30.0,25000
11,period,5950208,53695,freeway,freeway,3,23.0,25000
11,period,5950208,53695,freeway,freeway,4,25.0,25000
11,period,5950208,53695,freeway,freeway,5,31.0,25000
11,period,5950208,53695,freeway,freeway,6,21.0,25000
11,period,5950208,53695,freeway,freeway,7,25.0,25000
11,period,5950208,53695,freeway,freeway,8,25.0,25000
11,period,5950208,53695,freeway,freeway,9,16.0,25000
11,period,5950208,53695,freeway,freeway,10,20.0,25000
11,period,5975040,53695,freeway,breakout,1,6.0,604
11,period,5975040,53695,freeway,breakout,2,5.0,604
11,period,5975040,53695,freeway,breakout,3,5.0,604
11,period,5975040,53695,freeway,breakout,4,5.0,604
11,period,5975040,53695,freeway,breakout,5,6.0,604
11,period,5975040,53695,freeway,breakout,6,5.0,604
11,period,5975040,53695,freeway,breakout,7,5.0,604
11,period,5975040,53695,freeway,breakout,8,5.0,604
11,period,5975040,53695,freeway,breakout,9,3.0,604
11,period,5975040,53695,freeway,breakout,10,5.0,604
11,period,5975040,53695,freeway,space_invaders,1,5.0,2105
11,period,5975040,53695,freeway,space_invaders,2,3.0,2105
11,period,5975040,53695,freeway,space_invaders,3,95.0,2105
11,period,5975040,53695,freeway,space_invaders,4,78.0,2105
11,period,5975040,53695,freeway,space_invaders,5,10.0,2105
11,period,5975040,53695,freeway,space_invaders,6,32.0,2105
11,period,5975040,53695,freeway,space_invaders,7,26.0,2105
11,period,5975040,53695,freeway,space_invaders,8,3.0,2105
11,period,5975040,53695,freeway,space_invaders,9,5.0,2105
11,period,5975040,53695,freeway,space_invaders,10,19.0,2105
11,period,5975040,53695,freeway,freeway,1,20.0,25000
11,period,5975040,53695,freeway,freeway,2,25.0,25000
11,period,5975040,53695,freeway,freeway,3,22.0,25000
11,period,5975040,53695,freeway,freeway,4,19.0,25000
11,period,5975040,53695,freeway,freeway,5,30.0,25000
11,period,5975040,53695,freeway,freeway,6,25.0,25000
11,period,5975040,53695,freeway,freeway,7,28.0,25000
11,period,5975040,53695,freeway,freeway,8,17.0,25000
11,period,5975040,53695,freeway,freeway,9,27.0,25000
11,period,5975040,53695,freeway,freeway,10,22.0,25000
12,boundary,6499584,61434,breakout,breakout,1,5.0,654
12,boundary,6499584,61434,breakout,breakout,2,6.0,654
12,boundary,6499584,61434,breakout,breakout,3,6.0,654
12,boundary,6499584,61434,breakout,breakout,4,5.0,654
12,boundary,6499584,61434,breakout,breakout,5,6.0,654
12,boundary,6499584,61434,breakout,breakout,6,6.0,654
12,boundary,6499584,61434,breakout,breakout,7,5.0,654
12,boundary,6499584,61434,breakout,breakout,8,5.0,654
12,boundary,6499584,61434,breakout,breakout,9,6.0,654
12,boundary,6499584,61434,breakout,breakout,10,5.0,654
12,boundary,6499584,61434,breakout,space_invaders,1,26.0,713
12,boundary,6499584,61434,breakout,space_invaders,2,5.0,713
12,boundary,6499584,61434,breakout,space_invaders,3,5.0,713
12,boundary,6499584,61434,breakout,space_invaders,4,5.0,713
12,boundary,6499584,61434,breakout,space_invaders,5,23.0,713
12,boundary,6499584,61434,breakout,space_invaders,6,7.0,713
12,boundary,6499584,61434,breakout,space_invaders,7,5.0,713
12,boundary,6499584,61434,breakout,space_invaders,8,5.0,713
12,boundary,6499584,61434,breakout,space_invaders,9,5.0,713
12,boundary,6499584,61434,breakout,space_invaders,10,7.0,713
12,boundary,6499584,61434,breakout,freeway,1,23.0,25000
12,boundary,6499584,61434,breakout,freeway,2,15.0,25000
12,boundary,6499584,61434,breakout,freeway,3,23.0,25000
12,boundary,6499584,61434,breakout,freeway,4,18.0,25000
12,boundary,6499584,61434,breakout,freeway,5,14.0,25000
12,boundary,6499584,61434,breakout,freeway,6,22.0,25000
12,boundary,6499584,61434,breakout,freeway,7,20.0,25000
12,boundary,6499584,61434,breakout,freeway,8,18.0,25000
12,boundary,6499584,61434,breakout,freeway,9,13.0,25000
12,boundary,6499584,61434,breakout,freeway,10,23.0,25000
12,period,6000128,53711,breakout,breakout,1,6.0,598
12,period,6000128,53711,breakout,breakout,2,0.0,598
12,period,6000128,53711,breakout,breakout,3,5.0,598
12,period,6000128,53711,breakout,breakout,4,6.0,598
12,period,6000128,53711,breakout,breakout,5,6.0,598
12,period,6000128,53711,breakout,breakout,6,5.0,598
12,period,6000128,53711,breakout,breakout,7,5.0,598
12,period,6000128,53711,breakout,breakout,8,5.0,598
12,period,6000128,53711,breakout,breakout,9,6.0,598
12,period,6000128,53711,breakout,breakout,10,6.0,598
12,period,6000128,53711,breakout,space_invaders,1,23.0,2070
12,period,6000128,53711,breakout,space_invaders,2,46.0,2070
12,period,6000128,53711,breakout,space_invaders,3,68.0,2070
12,period,6000128,53711,breakout,space_invaders,4,7.0,2070
12,period,6000128,53711,breakout,space_invaders,5,22.0,2070
12,period,6000128,53711,breakout,space_invaders,6,17.0,2070
12,period,6000128,53711,breakout,space_invaders,7,23.0,2070
12,period,6000128,53711,breakout,space_invaders,8,23.0,2070
12,period,6000128,53711,breakout,space_invaders,9,9.0,2070
12,period,6000128,53711,breakout,space_invaders,10,5.0,2070
12,period,6000128,53711,breakout,freeway,1,29.0,25000
12,period,6000128,53711,breakout,freeway,2,26.0,25000
12,period,6000128,53711,breakout,freeway,3,27.0,25000
12,period,6000128,53711,breakout,freeway,4,22.0,25000
12,period,6000128,53711,breakout,freeway,5,30.0,25000
12,period,6000128,53711,breakout,freeway,6,30.0,25000
12,period,6000128,53711,breakout,freeway,7,23.0,25000
12,period,6000128,53711,breakout,freeway,8,27.0,25000
12,period,6000128,53711,breakout,freeway,9,19.0,25000
12,period,6000128,53711,breakout,freeway,10,19.0,25000
12,period,6025216,54123,breakout,breakout,1,5.0,660
12,period,6025216,54123,breakout,breakout,2,6.0,660
12,period,6025216,54123,breakout,breakout,3,5.0,660
12,period,6025216,54123,breakout,breakout,4,6.0,660
12,period,6025216,54123,breakout,breakout,5,6.0,660
12,period,6025216,54123,breakout,breakout,6,5.0,660
12,period,6025216,54123,breakout,breakout,7,7.0,660
12,period,6025216,54123,breakout,breakout,8,6.0,660
12,period,6025216,54123,breakout,breakout,9,5.0,660
12,period,6025216,54123,breakout,breakout,10,5.0,660
12,period,6025216,54123,breakout,space_invaders,1,36.0,2428
12,period,6025216,54123,breakout,space_invaders,2,26.0,2428
12,period,6025216,54123,breakout,space_invaders,3,31.0,2428
12,period,6025216,54123,breakout,space_invaders,4,3.0,2428
12,period,6025216,54123,breakout,space_invaders,5,27.0,2428
12,period,6025216,54123,breakout,space_invaders,6,8.0,2428
12,period,6025216,54123,breakout,space_invaders,7,63.0,2428
12,period,6025216,54123,breakout,space_invaders,8,25.0,2428
12,period,6025216,54123,breakout,space_invaders,9,74.0,2428
12,period,6025216,54123,breakout,space_invaders,10,5.0,2428
12,period,6025216,54123,breakout,freeway,1,23.0,25000
12,period,6025216,54123,breakout,freeway,2,22.0,25000
12,period,6025216,54123,breakout,freeway,3,26.0,25000
12,period,6025216,54123,breakout,freeway,4,21.0,25000
12,period,6025216,54123,breakout,freeway,5,23.0,25000
12,period,6025216,54123,breakout,freeway,6,24.0,25000
12,period,6025216,54123,breakout,freeway,7,21.0,25000
12,period,6025216,54123,breakout,freeway,8,18.0,25000
12,period,6025216,54123,breakout,freeway,9,19.0,25000
12,period,6025216,54123,breakout,freeway,10,24.0,25000
12,period,6050048,54510,breakout,breakout,1,6.0,652
12,period,6050048,54510,breakout,breakout,2,5.0,652
12,period,6050048,54510,breakout,breakout,3,5.0,652
12,period,6050048,54510,breakout,breakout,4,6.0,652
12,period,6050048,54510,breakout,breakout,5,5.0,652
12,period,6050048,54510,breakout,breakout,6,6.0,652
12,period,6050048,54510,breakout,breakout,7,5.0,652
12,period,6050048,54510,breakout,breakout,8,6.0,652
12,period,6050048,54510,breakout,breakout,9,5.0,652
12,period,6050048,54510,breakout,breakout,10,5.0,652
12,period,6050048,54510,breakout,space_invaders,1,5.0,1589
12,period,6050048,54510,breakout,space_invaders,2,5.0,1589
12,period,6050048,54510,breakout,space_invaders,3,27.0,1589
12,period,6050048,54510,breakout,space_invaders,4,23.0,1589
12,period,6050048,54510,breakout,space_invaders,5,7.0,1589
12,period,6050048,54510,breakout,space_invaders,6,17.0,1589
12,period,6050048,54510,breakout,space_invaders,7,23.0,1589
12,period,6050048,54510,breakout,space_invaders,8,12.0,1589
12,period,6050048,54510,breakout,space_invaders,9,35.0,1589
12,period,6050048,54510,breakout,space_invaders,10,40.0,1589
12,period,6050048,54510,breakout,freeway,1,18.0,25000
12,period,6050048,54510,breakout,freeway,2,27.0,25000
12,period,6050048,54510,breakout,freeway,3,20.0,25000
12,period,6050048,54510,breakout,freeway,4,18.0,25000
12,period,6050048,54510,breakout,freeway,5,20.0,25000
12,period,6050048,54510,breakout,freeway,6,21.0,25000
12,period,6050048,54510,breakout,freeway,7,23.0,25000
12,period,6050048,54510,breakout,freeway,8,16.0,25000
12,period,6050048,54510,breakout,freeway,9,23.0,25000
12,period,6050048,54510,breakout,freeway,10,25.0,25000
12,period,6075136,54901,breakout,breakout,1,6.0,690
12,period,6075136,54901,breakout,breakout,2,5.0,690
12,period,6075136,54901,breakout,breakout,3,6.0,690
12,period,6075136,54901,breakout,breakout,4,8.0,690
12,period,6075136,54901,breakout,breakout,5,5.0,690
12,period,6075136,54901,breakout,breakout,6,5.0,690
12,period,6075136,54901,breakout,breakout,7,5.0,690
12,period,6075136,54901,breakout,breakout,8,5.0,690
12,period,6075136,54901,breakout,breakout,9,6.0,690
12,period,6075136,54901,breakout,breakout,10,8.0,690
12,period,6075136,54901,breakout,space_invaders,1,5.0,251
12,period,6075136,54901,breakout,space_invaders,2,5.0,251
12,period,6075136,54901,breakout,space_invaders,3,5.0,251
12,period,6075136,54901,breakout,space_invaders,4,5.0,251
12,period,6075136,54901,breakout,space_invaders,5,5.0,251
12,period,6075136,54901,breakout,space_invaders,6,5.0,251
12,period,6075136,54901,breakout,space_invaders,7,5.0,251
12,period,6075136,54901,breakout,space_invaders,8,3.0,251
12,period,6075136,54901,breakout,space_invaders,9,3.0,251
12,period,6075136,54901,breakout,space_invaders,10,3.0,251
12,period,6075136,54901,breakout,freeway,1,29.0,25000
12,period,6075136,54901,breakout,freeway,2,18.0,25000
12,period,6075136,54901,breakout,freeway,3,23.0,25000
12,period,6075136,54901,breakout,freeway,4,18.0,25000
12,period,6075136,54901,breakout,freeway,5,26.0,25000
12,period,6075136,54901,breakout,freeway,6,16.0,25000
12,period,6075136,54901,breakout,freeway,7,6.0,25000
12,period,6075136,54901,breakout,freeway,8,21.0,25000
12,period,6075136,54901,breakout,freeway,9,25.0,25000
12,period,6075136,54901,breakout,freeway,10,20.0,25000
12,period,6100224,55288,breakout,breakout,1,6.0,654
12,period,6100224,55288,breakout,breakout,2,5.0,654
12,period,6100224,55288,breakout,breakout,3,5.0,654
12,period,6100224,55288,breakout,breakout,4,6.0,654
12,period,6100224,55288,breakout,breakout,5,5.0,654
12,period,6100224,55288,breakout,breakout,6,5.0,654
12,period,6100224,55288,breakout,breakout,7,5.0,654
12,period,6100224,55288,breakout,breakout,8,5.0,654
12,period,6100224,55288,breakout,breakout,9,6.0,654
12,period,6100224,55288,breakout,breakout,10,7.0,654
12,period,6100224,55288,breakout,space_invaders,1,3.0,567
12,period,6100224,55288,breakout,space_invaders,2,7.0,567
12,period,6100224,55288,breakout,space_invaders,3,5.0,567
12,period,6100224,55288,breakout,space_invaders,4,3.0,567
12,period,6100224,55288,breakout,space_invaders,5,3.0,567
12,period,6100224,55288,breakout,space_invaders,6,26.0,567
12,period,6100224,55288,breakout,space_invaders,7,25.0,567
12,period,6100224,55288,breakout,space_invaders,8,5.0,567
12,period,6100224,55288,breakout,space_invaders,9,3.0,567
12,period,6100224,55288,breakout,space_invaders,10,5.0,567
12,period,6100224,55288,breakout,freeway,1,19.0,25000
12,period,6100224,55288,breakout,freeway,2,20.0,25000
12,period,6100224,55288,breakout,freeway,3,21.0,25000
12,period,6100224,55288,breakout,freeway,4,25.0,25000
12,period,6100224,55288,breakout,freeway,5,15.0,25000
12,period,6100224,55288,breakout,freeway,6,21.0,25000
12,period,6100224,55288,breakout,freeway,7,20.0,25000
12,period,6100224,55288,breakout,freeway,8,20.0,25000
12,period,6100224,55288,breakout,freeway,9,23.0,25000
12,period,6100224,55288,breakout,freeway,10,29.0,25000
12,period,6125056,55671,breakout,breakout,1,6.0,662
12,period,6125056,55671,breakout,breakout,2,5.0,662
12,period,6125056,55671,breakout,breakout,3,6.0,662
12,period,6125056,55671,breakout,breakout,4,5.0,662
12,period,6125056,55671,breakout,breakout,5,6.0,662
12,period,6125056,55671,breakout,breakout,6,5.0,662
12,period,6125056,55671,breakout,breakout,7,6.0,662
12,period,6125056,55671,breakout,breakout,8,4.0,662
12,period,6125056,55671,breakout,breakout,9,5.0,662
12,period,6125056,55671,breakout,breakout,10,8.0,662
12,period,6125056,55671,breakout,space_invaders,1,47.0,1433
12,period,6125056,55671,breakout,space_invaders,2,4.0,1433
12,period,6125056,55671,breakout,space_invaders,3,5.0,1433
12,period,6125056,55671,breakout,space_invaders,4,23.0,1433
12,period,6125056,55671,breakout,space_invaders,5,5.0,1433
12,period,6125056,55671,breakout,space_invaders,6,9.0,1433
12,period,6125056,55671,breakout,space_invaders,7,27.0,1433
12,period,6125056,55671,breakout,space_invaders,8,5.0,1433
12,period,6125056,55671,breakout,space_invaders,9,45.0,1433
12,period,6125056,55671,breakout,space_invaders,10,5.0,1433
12,period,6125056,55671,breakout,freeway,1,20.0,25000
12,period,6125056,55671,breakout,freeway,2,27.0,25000
12,period,6125056,55671,breakout,freeway,3,25.0,25000
12,period,6125056,55671,breakout,freeway,4,15.0,25000
12,period,6125056,55671,breakout,freeway,5,28.0,25000
12,period,6125056,55671,breakout,freeway,6,15.0,25000
12,period,6125056,55671,breakout,freeway,7,19.0,25000
12,period,6125056,55671,breakout,freeway,8,21.0,25000
12,period,6125056,55671,breakout,freeway,9,17.0,25000
12,period,6125056,55671,breakout,freeway,10,19.0,25000
12,period,6150144,56062,breakout,breakout,1,6.0,684
12,period,6150144,56062,breakout,breakout,2,5.0,684
12,period,6150144,56062,breakout,breakout,3,5.0,684
12,period,6150144,56062,breakout,breakout,4,7.0,684
12,period,6150144,56062,breakout,breakout,5,7.0,684
12,period,6150144,56062,breakout,breakout,6,6.0,684
12,period,6150144,56062,breakout,breakout,7,6.0,684
12,period,6150144,56062,breakout,breakout,8,5.0,684
12,period,6150144,56062,breakout,breakout,9,5.0,684
12,period,6150144,56062,breakout,breakout,10,6.0,684
12,period,6150144,56062,breakout,space_invaders,1,22.0,1940
12,period,6150144,56062,breakout,space_invaders,2,61.0,1940
12,period,6150144,56062,breakout,space_invaders,3,23.0,1940
12,period,6150144,56062,breakout,space_invaders,4,6.0,1940
12,period,6150144,56062,breakout,space_invaders,5,71.0,1940
12,period,6150144,56062,breakout,space_invaders,6,43.0,1940
12,period,6150144,56062,breakout,space_invaders,7,7.0,1940
12,period,6150144,56062,breakout,space_invaders,8,7.0,1940
12,period,6150144,56062,breakout,space_invaders,9,7.0,1940
12,period,6150144,56062,breakout,space_invaders,10,8.0,1940
12,period,6150144,56062,breakout,freeway,1,27.0,25000
12,period,6150144,56062,breakout,freeway,2,24.0,25000
12,period,6150144,56062,breakout,freeway,3,27.0,25000
12,period,6150144,56062,breakout,freeway,4,19.0,25000
12,period,6150144,56062,breakout,freeway,5,29.0,25000
12,period,6150144,56062,breakout,freeway,6,23.0,25000
12,period,6150144,56062,breakout,freeway,7,19.0,25000
12,period,6150144,56062,breakout,freeway,8,21.0,25000
12,period,6150144,56062,breakout,freeway,9,24.0,25000
12,period,6150144,56062,breakout,freeway,10,17.0,25000
12,period,6175232,56450,breakout,breakout,1,5.0,658
12,period,6175232,56450,breakout,breakout,2,5.0,658
12,period,6175232,56450,breakout,breakout,3,5.0,658
12,period,6175232,56450,breakout,breakout,4,3.0,658
12,period,6175232,56450,breakout,breakout,5,8.0,658
12,period,6175232,56450,breakout,breakout,6,8.0,658
12,period,6175232,56450,breakout,breakout,7,6.0,658
12,period,6175232,56450,breakout,breakout,8,6.0,658
12,period,6175232,56450,breakout,breakout,9,5.0,658
12,period,6175232,56450,breakout,breakout,10,5.0,658
12,period,6175232,56450,breakout,space_invaders,1,29.0,1166
12,period,6175232,56450,breakout,space_invaders,2,7.0,1166
12,period,6175232,56450,breakout,space_invaders,3,5.0,1166
12,period,6175232,56450,breakout,space_invaders,4,23.0,1166
12,period,6175232,56450,breakout,space_invaders,5,5.0,1166
12,period,6175232,56450,breakout,space_invaders,6,16.0,1166
12,period,6175232,56450,breakout,space_invaders,7,7.0,1166
12,period,6175232,56450,breakout,space_invaders,8,17.0,1166
12,period,6175232,56450,breakout,space_invaders,9,6.0,1166
12,period,6175232,56450,breakout,space_invaders,10,35.0,1166
12,period,6175232,56450,breakout,freeway,1,23.0,25000
12,period,6175232,56450,breakout,freeway,2,18.0,25000
12,period,6175232,56450,breakout,freeway,3,21.0,25000
12,period,6175232,56450,breakout,freeway,4,27.0,25000
12,period,6175232,56450,breakout,freeway,5,27.0,25000
12,period,6175232,56450,breakout,freeway,6,10.0,25000
12,period,6175232,56450,breakout,freeway,7,19.0,25000
12,period,6175232,56450,breakout,freeway,8,21.0,25000
12,period,6175232,56450,breakout,freeway,9,29.0,25000
12,period,6175232,56450,breakout,freeway,10,21.0,25000
12,period,6200064,56834,breakout,breakout,1,5.0,674
12,period,6200064,56834,breakout,breakout,2,6.0,674
12,period,6200064,56834,breakout,breakout,3,5.0,674
12,period,6200064,56834,breakout,breakout,4,6.0,674
12,period,6200064,56834,breakout,breakout,5,8.0,674
12,period,6200064,56834,breakout,breakout,6,5.0,674
12,period,6200064,56834,breakout,breakout,7,6.0,674
12,period,6200064,56834,breakout,breakout,8,5.0,674
12,period,6200064,56834,breakout,breakout,9,5.0,674
12,period,6200064,56834,breakout,breakout,10,6.0,674
12,period,6200064,56834,breakout,space_invaders,1,7.0,1707
12,period,6200064,56834,breakout,space_invaders,2,5.0,1707
12,period,6200064,56834,breakout,space_invaders,3,5.0,1707
12,period,6200064,56834,breakout,space_invaders,4,87.0,1707
12,period,6200064,56834,breakout,space_invaders,5,5.0,1707
12,period,6200064,56834,breakout,space_invaders,6,70.0,1707
12,period,6200064,56834,breakout,space_invaders,7,5.0,1707
12,period,6200064,56834,breakout,space_invaders,8,5.0,1707
12,period,6200064,56834,breakout,space_invaders,9,5.0,1707
12,period,6200064,56834,breakout,space_invaders,10,23.0,1707
12,period,6200064,56834,breakout,freeway,1,18.0,25000
12,period,6200064,56834,breakout,freeway,2,24.0,25000
12,period,6200064,56834,breakout,freeway,3,18.0,25000
12,period,6200064,56834,breakout,freeway,4,17.0,25000
12,period,6200064,56834,breakout,freeway,5,20.0,25000
12,period,6200064,56834,breakout,freeway,6,19.0,25000
12,period,6200064,56834,breakout,freeway,7,24.0,25000
12,period,6200064,56834,breakout,freeway,8,4.0,25000
12,period,6200064,56834,breakout,freeway,9,24.0,25000
12,period,6200064,56834,breakout,freeway,10,20.0,25000
12,period,6225152,57226,breakout,breakout,1,6.0,626
12,period,6225152,57226,breakout,breakout,2,6.0,626
12,period,6225152,57226,breakout,breakout,3,7.0,626
12,period,6225152,57226,breakout,breakout,4,5.0,626
12,period,6225152,57226,breakout,breakout,5,6.0,626
12,period,6225152,57226,breakout,breakout,6,1.0,626
12,period,6225152,57226,breakout,breakout,7,5.0,626
12,period,6225152,57226,breakout,breakout,8,6.0,626
12,period,6225152,57226,breakout,breakout,9,6.0,626
12,period,6225152,57226,breakout,breakout,10,5.0,626
12,period,6225152,57226,breakout,space_invaders,1,26.0,2729
12,period,6225152,57226,breakout,space_invaders,2,27.0,2729
12,period,6225152,57226,breakout,space_invaders,3,16.0,2729
12,period,6225152,57226,breakout,space_invaders,4,10.0,2729
12,period,6225152,57226,breakout,space_invaders,5,10.0,2729
12,period,6225152,57226,breakout,space_invaders,6,71.0,2729
12,period,6225152,57226,breakout,space_invaders,7,104.0,2729
12,period,6225152,57226,breakout,space_invaders,8,8.0,2729
12,period,6225152,57226,breakout,space_invaders,9,3.0,2729
12,period,6225152,57226,breakout,space_invaders,10,47.0,2729
12,period,6225152,57226,breakout,freeway,1,16.0,25000
12,period,6225152,57226,breakout,freeway,2,10.0,25000
12,period,6225152,57226,breakout,freeway,3,32.0,25000
12,period,6225152,57226,breakout,freeway,4,29.0,25000
12,period,6225152,57226,breakout,freeway,5,20.0,25000
12,period,6225152,57226,breakout,freeway,6,31.0,25000
12,period,6225152,57226,breakout,freeway,7,13.0,25000
12,period,6225152,57226,breakout,freeway,8,22.0,25000
12,period,6225152,57226,breakout,freeway,9,19.0,25000
12,period,6225152,57226,breakout,freeway,10,15.0,25000
12,period,6250240,57616,breakout,breakout,1,5.0,642
12,period,6250240,57616,breakout,breakout,2,5.0,642
12,period,6250240,57616,breakout,breakout,3,6.0,642
12,period,6250240,57616,breakout,breakout,4,6.0,642
12,period,6250240,57616,breakout,breakout,5,6.0,642
12,period,6250240,57616,breakout,breakout,6,5.0,642
12,period,6250240,57616,breakout,breakout,7,5.0,642
12,period,6250240,57616,breakout,breakout,8,5.0,642
12,period,6250240,57616,breakout,breakout,9,6.0,642
12,period,6250240,57616,breakout,breakout,10,5.0,642
12,period,6250240,57616,breakout,space_invaders,1,7.0,3786
12,period,6250240,57616,breakout,space_invaders,2,27.0,3786
12,period,6250240,57616,breakout,space_invaders,3,37.0,3786
12,period,6250240,57616,breakout,space_invaders,4,61.0,3786
12,period,6250240,57616,breakout,space_invaders,5,17.0,3786
12,period,6250240,57616,breakout,space_invaders,6,95.0,3786
12,period,6250240,57616,breakout,space_invaders,7,3.0,3786
12,period,6250240,57616,breakout,space_invaders,8,121.0,3786
12,period,6250240,57616,breakout,space_invaders,9,28.0,3786
12,period,6250240,57616,breakout,space_invaders,10,71.0,3786
12,period,6250240,57616,breakout,freeway,1,11.0,25000
12,period,6250240,57616,breakout,freeway,2,21.0,25000
12,period,6250240,57616,breakout,freeway,3,24.0,25000
12,period,6250240,57616,breakout,freeway,4,22.0,25000
12,period,6250240,57616,breakout,freeway,5,31.0,25000
12,period,6250240,57616,breakout,freeway,6,17.0,25000
12,period,6250240,57616,breakout,freeway,7,20.0,25000
12,period,6250240,57616,breakout,freeway,8,23.0,25000
12,period,6250240,57616,breakout,freeway,9,17.0,25000
12,period,6250240,57616,breakout,freeway,10,23.0,25000
12,period,6275072,57997,breakout,breakout,1,6.0,670
12,period,6275072,57997,breakout,breakout,2,5.0,670
12,period,6275072,57997,breakout,breakout,3,6.0,670
12,period,6275072,57997,breakout,breakout,4,3.0,670
12,period,6275072,57997,breakout,breakout,5,8.0,670
12,period,6275072,57997,breakout,breakout,6,6.0,670
12,period,6275072,57997,breakout,breakout,7,6.0,670
12,period,6275072,57997,breakout,breakout,8,6.0,670
12,period,6275072,57997,breakout,breakout,9,6.0,670
12,period,6275072,57997,breakout,breakout,10,5.0,670
12,period,6275072,57997,breakout,space_invaders,1,47.0,1337
12,period,6275072,57997,breakout,space_invaders,2,5.0,1337
12,period,6275072,57997,breakout,space_invaders,3,5.0,1337
12,period,6275072,57997,breakout,space_invaders,4,23.0,1337
12,period,6275072,57997,breakout,space_invaders,5,5.0,1337
12,period,6275072,57997,breakout,space_invaders,6,27.0,1337
12,period,6275072,57997,breakout,space_invaders,7,20.0,1337
12,period,6275072,57997,breakout,space_invaders,8,5.0,1337
12,period,6275072,57997,breakout,space_invaders,9,23.0,1337
12,period,6275072,57997,breakout,space_invaders,10,5.0,1337
12,period,6275072,57997,breakout,freeway,1,15.0,25000
12,period,6275072,57997,breakout,freeway,2,32.0,25000
12,period,6275072,57997,breakout,freeway,3,19.0,25000
12,period,6275072,57997,breakout,freeway,4,24.0,25000
12,period,6275072,57997,breakout,freeway,5,18.0,25000
12,period,6275072,57997,breakout,freeway,6,19.0,25000
12,period,6275072,57997,breakout,freeway,7,22.0,25000
12,period,6275072,57997,breakout,freeway,8,25.0,25000
12,period,6275072,57997,breakout,freeway,9,22.0,25000
12,period,6275072,57997,breakout,freeway,10,23.0,25000
12,period,6300160,58378,breakout,breakout,1,5.0,608
12,period,6300160,58378,breakout,breakout,2,5.0,608
12,period,6300160,58378,breakout,breakout,3,6.0,608
12,period,6300160,58378,breakout,breakout,4,8.0,608
12,period,6300160,58378,breakout,breakout,5,5.0,608
12,period,6300160,58378,breakout,breakout,6,5.0,608
12,period,6300160,58378,breakout,breakout,7,5.0,608
12,period,6300160,58378,breakout,breakout,8,5.0,608
12,period,6300160,58378,breakout,breakout,9,6.0,608
12,period,6300160,58378,breakout,breakout,10,1.0,608
12,period,6300160,58378,breakout,space_invaders,1,5.0,1697
12,period,6300160,58378,breakout,space_invaders,2,74.0,1697
12,period,6300160,58378,breakout,space_invaders,3,5.0,1697
12,period,6300160,58378,breakout,space_invaders,4,5.0,1697
12,period,6300160,58378,breakout,space_invaders,5,5.0,1697
12,period,6300160,58378,breakout,space_invaders,6,108.0,1697
12,period,6300160,58378,breakout,space_invaders,7,5.0,1697
12,period,6300160,58378,breakout,space_invaders,8,6.0,1697
12,period,6300160,58378,breakout,space_invaders,9,5.0,1697
12,period,6300160,58378,breakout,space_invaders,10,3.0,1697
12,period,6300160,58378,breakout,freeway,1,23.0,25000
12,period,6300160,58378,breakout,freeway,2,25.0,25000
12,period,6300160,58378,breakout,freeway,3,23.0,25000
12,period,6300160,58378,breakout,freeway,4,18.0,25000
12,period,6300160,58378,breakout,freeway,5,17.0,25000
12,period,6300160,58378,breakout,freeway,6,16.0,25000
12,period,6300160,58378,breakout,freeway,7,28.0,25000
12,period,6300160,58378,breakout,freeway,8,23.0,25000
12,period,6300160,58378,breakout,freeway,9,19.0,25000
12,period,6300160,58378,breakout,freeway,10,20.0,25000
12,period,6325248,58763,breakout,breakout,1,5.0,646
12,period,6325248,58763,breakout,breakout,2,5.0,646
12,period,6325248,58763,breakout,breakout,3,6.0,646
12,period,6325248,58763,breakout,breakout,4,6.0,646
12,period,6325248,58763,breakout,breakout,5,5.0,646
12,period,6325248,58763,breakout,breakout,6,5.0,646
12,period,6325248,58763,breakout,breakout,7,5.0,646
12,period,6325248,58763,breakout,breakout,8,6.0,646
12,period,6325248,58763,breakout,breakout,9,5.0,646
12,period,6325248,58763,breakout,breakout,10,6.0,646
12,period,6325248,58763,breakout,space_invaders,1,5.0,486
12,period,6325248,58763,breakout,space_invaders,2,5.0,486
12,period,6325248,58763,breakout,space_invaders,3,22.0,486
12,period,6325248,58763,breakout,space_invaders,4,5.0,486
12,period,6325248,58763,breakout,space_invaders,5,5.0,486
12,period,6325248,58763,breakout,space_invaders,6,5.0,486
12,period,6325248,58763,breakout,space_invaders,7,5.0,486
12,period,6325248,58763,breakout,space_invaders,8,5.0,486
12,period,6325248,58763,breakout,space_invaders,9,5.0,486
12,period,6325248,58763,breakout,space_invaders,10,5.0,486
12,period,6325248,58763,breakout,freeway,1,25.0,25000
12,period,6325248,58763,breakout,freeway,2,24.0,25000
12,period,6325248,58763,breakout,freeway,3,27.0,25000
12,period,6325248,58763,breakout,freeway,4,24.0,25000
12,period,6325248,58763,breakout,freeway,5,16.0,25000
12,period,6325248,58763,breakout,freeway,6,25.0,25000
12,period,6325248,58763,breakout,freeway,7,11.0,25000
12,period,6325248,58763,breakout,freeway,8,22.0,25000
12,period,6325248,58763,breakout,freeway,9,23.0,25000
12,period,6325248,58763,breakout,freeway,10,19.0,25000
12,period,6350080,59146,breakout,breakout,1,6.0,618
12,period,6350080,59146,breakout,breakout,2,5.0,618
12,period,6350080,59146,breakout,breakout,3,5.0,618
12,period,6350080,59146,breakout,breakout,4,5.0,618
12,period,6350080,59146,breakout,breakout,5,6.0,618
12,period,6350080,59146,breakout,breakout,6,5.0,618
12,period,6350080,59146,breakout,breakout,7,5.0,618
12,period,6350080,59146,breakout,breakout,8,6.0,618
12,period,6350080,59146,breakout,breakout,9,6.0,618
12,period,6350080,59146,breakout,breakout,10,3.0,618
12,period,6350080,59146,breakout,space_invaders,1,5.0,289
12,period,6350080,59146,breakout,space_invaders,2,5.0,289
12,period,6350080,59146,breakout,space_invaders,3,5.0,289
12,period,6350080,59146,breakout,space_invaders,4,5.0,289
12,period,6350080,59146,breakout,space_invaders,5,7.0,289
12,period,6350080,59146,breakout,space_invaders,6,5.0,289
12,period,6350080,59146,breakout,space_invaders,7,5.0,289
12,period,6350080,59146,breakout,space_invaders,8,5.0,289
12,period,6350080,59146,breakout,space_invaders,9,5.0,289
12,period,6350080,59146,breakout,space_invaders,10,5.0,289
12,period,6350080,59146,breakout,freeway,1,24.0,25000
12,period,6350080,59146,breakout,freeway,2,29.0,25000
12,period,6350080,59146,breakout,freeway,3,19.0,25000
12,period,6350080,59146,breakout,freeway,4,20.0,25000
12,period,6350080,59146,breakout,freeway,5,17.0,25000
12,period,6350080,59146,breakout,freeway,6,19.0,25000
12,period,6350080,59146,breakout,freeway,7,14.0,25000
12,period,6350080,59146,breakout,freeway,8,19.0,25000
12,period,6350080,59146,breakout,freeway,9,14.0,25000
12,period,6350080,59146,breakout,freeway,10,14.0,25000
12,period,6375168,59532,breakout,breakout,1,6.0,658
12,period,6375168,59532,breakout,breakout,2,5.0,658
12,period,6375168,59532,breakout,breakout,3,6.0,658
12,period,6375168,59532,breakout,breakout,4,5.0,658
12,period,6375168,59532,breakout,breakout,5,5.0,658
12,period,6375168,59532,breakout,breakout,6,6.0,658
12,period,6375168,59532,breakout,breakout,7,5.0,658
12,period,6375168,59532,breakout,breakout,8,6.0,658
12,period,6375168,59532,breakout,breakout,9,6.0,658
12,period,6375168,59532,breakout,breakout,10,5.0,658
12,period,6375168,59532,breakout,space_invaders,1,71.0,2026
12,period,6375168,59532,breakout,space_invaders,2,3.0,2026
12,period,6375168,59532,breakout,space_invaders,3,20.0,2026
12,period,6375168,59532,breakout,space_invaders,4,5.0,2026
12,period,6375168,59532,breakout,space_invaders,5,32.0,2026
12,period,6375168,59532,breakout,space_invaders,6,5.0,2026
12,period,6375168,59532,breakout,space_invaders,7,65.0,2026
12,period,6375168,59532,breakout,space_invaders,8,5.0,2026
12,period,6375168,59532,breakout,space_invaders,9,5.0,2026
12,period,6375168,59532,breakout,space_invaders,10,43.0,2026
12,period,6375168,59532,breakout,freeway,1,18.0,25000
12,period,6375168,59532,breakout,freeway,2,15.0,25000
12,period,6375168,59532,breakout,freeway,3,21.0,25000
12,period,6375168,59532,breakout,freeway,4,23.0,25000
12,period,6375168,59532,breakout,freeway,5,24.0,25000
12,period,6375168,59532,breakout,freeway,6,22.0,25000
12,period,6375168,59532,breakout,freeway,7,23.0,25000
12,period,6375168,59532,breakout,freeway,8,19.0,25000
12,period,6375168,59532,breakout,freeway,9,22.0,25000
12,period,6375168,59532,breakout,freeway,10,22.0,25000
12,period,6400000,59913,breakout,breakout,1,6.0,684
12,period,6400000,59913,breakout,breakout,2,6.0,684
12,period,6400000,59913,breakout,breakout,3,6.0,684
12,period,6400000,59913,breakout,breakout,4,5.0,684
12,period,6400000,59913,breakout,breakout,5,6.0,684
12,period,6400000,59913,breakout,breakout,6,6.0,684
12,period,6400000,59913,breakout,breakout,7,5.0,684
12,period,6400000,59913,breakout,breakout,8,6.0,684
12,period,6400000,59913,breakout,breakout,9,6.0,684
12,period,6400000,59913,breakout,breakout,10,6.0,684
12,period,6400000,59913,breakout,space_invaders,1,9.0,799
12,period,6400000,59913,breakout,space_invaders,2,5.0,799
12,period,6400000,59913,breakout,space_invaders,3,5.0,799
12,period,6400000,59913,breakout,space_invaders,4,35.0,799
12,period,6400000,59913,breakout,space_invaders,5,4.0,799
12,period,6400000,59913,breakout,space_invaders,6,5.0,799
12,period,6400000,59913,breakout,space_invaders,7,35.0,799
12,period,6400000,59913,breakout,space_invaders,8,5.0,799
12,period,6400000,59913,breakout,space_invaders,9,5.0,799
12,period,6400000,59913,breakout,space_invaders,10,3.0,799
12,period,6400000,59913,breakout,freeway,1,25.0,25000
12,period,6400000,59913,breakout,freeway,2,24.0,25000
12,period,6400000,59913,breakout,freeway,3,22.0,25000
12,period,6400000,59913,breakout,freeway,4,18.0,25000
12,period,6400000,59913,breakout,freeway,5,18.0,25000
12,period,6400000,59913,breakout,freeway,6,20.0,25000
12,period,6400000,59913,breakout,freeway,7,23.0,25000
12,period,6400000,59913,breakout,freeway,8,18.0,25000
12,period,6400000,59913,breakout,freeway,9,25.0,25000
12,period,6400000,59913,breakout,freeway,10,25.0,25000
12,period,6425088,60296,breakout,breakout,1,6.0,672
12,period,6425088,60296,breakout,breakout,2,5.0,672
12,period,6425088,60296,breakout,breakout,3,5.0,672
12,period,6425088,60296,breakout,breakout,4,8.0,672
12,period,6425088,60296,breakout,breakout,5,5.0,672
12,period,6425088,60296,breakout,breakout,6,6.0,672
12,period,6425088,60296,breakout,breakout,7,6.0,672
12,period,6425088,60296,breakout,breakout,8,6.0,672
12,period,6425088,60296,breakout,breakout,9,5.0,672
12,period,6425088,60296,breakout,breakout,10,5.0,672
12,period,6425088,60296,breakout,space_invaders,1,5.0,498
12,period,6425088,60296,breakout,space_invaders,2,6.0,498
12,period,6425088,60296,breakout,space_invaders,3,5.0,498
12,period,6425088,60296,breakout,space_invaders,4,5.0,498
12,period,6425088,60296,breakout,space_invaders,5,5.0,498
12,period,6425088,60296,breakout,space_invaders,6,27.0,498
12,period,6425088,60296,breakout,space_invaders,7,5.0,498
12,period,6425088,60296,breakout,space_invaders,8,5.0,498
12,period,6425088,60296,breakout,space_invaders,9,5.0,498
12,period,6425088,60296,breakout,space_invaders,10,5.0,498
12,period,6425088,60296,breakout,freeway,1,29.0,25000
12,period,6425088,60296,breakout,freeway,2,27.0,25000
12,period,6425088,60296,breakout,freeway,3,16.0,25000
12,period,6425088,60296,breakout,freeway,4,26.0,25000
12,period,6425088,60296,breakout,freeway,5,23.0,25000
12,period,6425088,60296,breakout,freeway,6,25.0,25000
12,period,6425088,60296,breakout,freeway,7,25.0,25000
12,period,6425088,60296,breakout,freeway,8,30.0,25000
12,period,6425088,60296,breakout,freeway,9,20.0,25000
12,period,6425088,60296,breakout,freeway,10,33.0,25000
12,period,6450176,60678,breakout,breakout,1,6.0,652
12,period,6450176,60678,breakout,breakout,2,6.0,652
12,period,6450176,60678,breakout,breakout,3,8.0,652
12,period,6450176,60678,breakout,breakout,4,5.0,652
12,period,6450176,60678,breakout,breakout,5,5.0,652
12,period,6450176,60678,breakout,breakout,6,5.0,652
12,period,6450176,60678,breakout,breakout,7,5.0,652
12,period,6450176,60678,breakout,breakout,8,5.0,652
12,period,6450176,60678,breakout,breakout,9,5.0,652
12,period,6450176,60678,breakout,breakout,10,5.0,652
12,period,6450176,60678,breakout,space_invaders,1,5.0,289
12,period,6450176,60678,breakout,space_invaders,2,5.0,289
12,period,6450176,60678,breakout,space_invaders,3,5.0,289
12,period,6450176,60678,breakout,space_invaders,4,5.0,289
12,period,6450176,60678,breakout,space_invaders,5,6.0,289
12,period,6450176,60678,breakout,space_invaders,6,5.0,289
12,period,6450176,60678,breakout,space_invaders,7,5.0,289
12,period,6450176,60678,breakout,space_invaders,8,5.0,289
12,period,6450176,60678,breakout,space_invaders,9,5.0,289
12,period,6450176,60678,breakout,space_invaders,10,5.0,289
12,period,6450176,60678,breakout,freeway,1,22.0,25000
12,period,6450176,60678,breakout,freeway,2,21.0,25000
12,period,6450176,60678,breakout,freeway,3,20.0,25000
12,period,6450176,60678,breakout,freeway,4,23.0,25000
12,period,6450176,60678,breakout,freeway,5,11.0,25000
12,period,6450176,60678,breakout,freeway,6,19.0,25000
12,period,6450176,60678,breakout,freeway,7,23.0,25000
12,period,6450176,60678,breakout,freeway,8,24.0,25000
12,period,6450176,60678,breakout,freeway,9,22.0,25000
12,period,6450176,60678,breakout,freeway,10,20.0,25000
12,period,6475008,61058,breakout,breakout,1,5.0,650
12,period,6475008,61058,breakout,breakout,2,5.0,650
12,period,6475008,61058,breakout,breakout,3,6.0,650
12,period,6475008,61058,breakout,breakout,4,6.0,650
12,period,6475008,61058,breakout,breakout,5,6.0,650
12,period,6475008,61058,breakout,breakout,6,5.0,650
12,period,6475008,61058,breakout,breakout,7,6.0,650
12,period,6475008,61058,breakout,breakout,8,5.0,650
12,period,6475008,61058,breakout,breakout,9,5.0,650
12,period,6475008,61058,breakout,breakout,10,6.0,650
12,period,6475008,61058,breakout,space_invaders,1,5.0,290
12,period,6475008,61058,breakout,space_invaders,2,5.0,290
12,period,6475008,61058,breakout,space_invaders,3,5.0,290
12,period,6475008,61058,breakout,space_invaders,4,5.0,290
12,period,6475008,61058,breakout,space_invaders,5,7.0,290
12,period,6475008,61058,breakout,space_invaders,6,5.0,290
12,period,6475008,61058,breakout,space_invaders,7,5.0,290
12,period,6475008,61058,breakout,space_invaders,8,5.0,290
12,period,6475008,61058,breakout,space_invaders,9,5.0,290
12,period,6475008,61058,breakout,space_invaders,10,5.0,290
12,period,6475008,61058,breakout,freeway,1,25.0,25000
12,period,6475008,61058,breakout,freeway,2,23.0,25000
12,period,6475008,61058,breakout,freeway,3,15.0,25000
12,period,6475008,61058,breakout,freeway,4,23.0,25000
12,period,6475008,61058,breakout,freeway,5,23.0,25000
12,period,6475008,61058,breakout,freeway,6,21.0,25000
12,period,6475008,61058,breakout,freeway,7,16.0,25000
12,period,6475008,61058,breakout,freeway,8,24.0,25000
12,period,6475008,61058,breakout,freeway,9,15.0,25000
12,period,6475008,61058,breakout,freeway,10,19.0,25000
13,boundary,6999552,63192,space_invaders,breakout,1,5.0,596
13,boundary,6999552,63192,space_invaders,breakout,2,6.0,596
13,boundary,6999552,63192,space_invaders,breakout,3,5.0,596
13,boundary,6999552,63192,space_invaders,breakout,4,2.0,596
13,boundary,6999552,63192,space_invaders,breakout,5,6.0,596
13,boundary,6999552,63192,space_invaders,breakout,6,6.0,596
13,boundary,6999552,63192,space_invaders,breakout,7,2.0,596
13,boundary,6999552,63192,space_invaders,breakout,8,7.0,596
13,boundary,6999552,63192,space_invaders,breakout,9,6.0,596
13,boundary,6999552,63192,space_invaders,breakout,10,5.0,596
13,boundary,6999552,63192,space_invaders,space_invaders,1,10.0,4250
13,boundary,6999552,63192,space_invaders,space_invaders,2,69.0,4250
13,boundary,6999552,63192,space_invaders,space_invaders,3,149.0,4250
13,boundary,6999552,63192,space_invaders,space_invaders,4,47.0,4250
13,boundary,6999552,63192,space_invaders,space_invaders,5,7.0,4250
13,boundary,6999552,63192,space_invaders,space_invaders,6,47.0,4250
13,boundary,6999552,63192,space_invaders,space_invaders,7,23.0,4250
13,boundary,6999552,63192,space_invaders,space_invaders,8,23.0,4250
13,boundary,6999552,63192,space_invaders,space_invaders,9,28.0,4250
13,boundary,6999552,63192,space_invaders,space_invaders,10,103.0,4250
13,boundary,6999552,63192,space_invaders,freeway,1,20.0,25000
13,boundary,6999552,63192,space_invaders,freeway,2,17.0,25000
13,boundary,6999552,63192,space_invaders,freeway,3,22.0,25000
13,boundary,6999552,63192,space_invaders,freeway,4,25.0,25000
13,boundary,6999552,63192,space_invaders,freeway,5,15.0,25000
13,boundary,6999552,63192,space_invaders,freeway,6,16.0,25000
13,boundary,6999552,63192,space_invaders,freeway,7,12.0,25000
13,boundary,6999552,63192,space_invaders,freeway,8,17.0,25000
13,boundary,6999552,63192,space_invaders,freeway,9,22.0,25000
13,boundary,6999552,63192,space_invaders,freeway,10,17.0,25000
13,period,6500096,61444,space_invaders,breakout,1,7.0,678
13,period,6500096,61444,space_invaders,breakout,2,5.0,678
13,period,6500096,61444,space_invaders,breakout,3,5.0,678
13,period,6500096,61444,space_invaders,breakout,4,6.0,678
13,period,6500096,61444,space_invaders,breakout,5,6.0,678
13,period,6500096,61444,space_invaders,breakout,6,5.0,678
13,period,6500096,61444,space_invaders,breakout,7,5.0,678
13,period,6500096,61444,space_invaders,breakout,8,6.0,678
13,period,6500096,61444,space_invaders,breakout,9,6.0,678
13,period,6500096,61444,space_invaders,breakout,10,6.0,678
13,period,6500096,61444,space_invaders,space_invaders,1,5.0,769
13,period,6500096,61444,space_invaders,space_invaders,2,60.0,769
13,period,6500096,61444,space_invaders,space_invaders,3,5.0,769
13,period,6500096,61444,space_invaders,space_invaders,4,5.0,769
13,period,6500096,61444,space_invaders,space_invaders,5,3.0,769
13,period,6500096,61444,space_invaders,space_invaders,6,8.0,769
13,period,6500096,61444,space_invaders,space_invaders,7,5.0,769
13,period,6500096,61444,space_invaders,space_invaders,8,5.0,769
13,period,6500096,61444,space_invaders,space_invaders,9,5.0,769
13,period,6500096,61444,space_invaders,space_invaders,10,7.0,769
13,period,6500096,61444,space_invaders,freeway,1,23.0,25000
13,period,6500096,61444,space_invaders,freeway,2,22.0,25000
13,period,6500096,61444,space_invaders,freeway,3,27.0,25000
13,period,6500096,61444,space_invaders,freeway,4,18.0,25000
13,period,6500096,61444,space_invaders,freeway,5,17.0,25000
13,period,6500096,61444,space_invaders,freeway,6,19.0,25000
13,period,6500096,61444,space_invaders,freeway,7,22.0,25000
13,period,6500096,61444,space_invaders,freeway,8,12.0,25000
13,period,6500096,61444,space_invaders,freeway,9,22.0,25000
13,period,6500096,61444,space_invaders,freeway,10,21.0,25000
13,period,6525184,61576,space_invaders,breakout,1,6.0,664
13,period,6525184,61576,space_invaders,breakout,2,6.0,664
13,period,6525184,61576,space_invaders,breakout,3,6.0,664
13,period,6525184,61576,space_invaders,breakout,4,6.0,664
13,period,6525184,61576,space_invaders,breakout,5,5.0,664
13,period,6525184,61576,space_invaders,breakout,6,6.0,664
13,period,6525184,61576,space_invaders,breakout,7,6.0,664
13,period,6525184,61576,space_invaders,breakout,8,3.0,664
13,period,6525184,61576,space_invaders,breakout,9,6.0,664
13,period,6525184,61576,space_invaders,breakout,10,6.0,664
13,period,6525184,61576,space_invaders,space_invaders,1,7.0,2425
13,period,6525184,61576,space_invaders,space_invaders,2,9.0,2425
13,period,6525184,61576,space_invaders,space_invaders,3,30.0,2425
13,period,6525184,61576,space_invaders,space_invaders,4,22.0,2425
13,period,6525184,61576,space_invaders,space_invaders,5,25.0,2425
13,period,6525184,61576,space_invaders,space_invaders,6,64.0,2425
13,period,6525184,61576,space_invaders,space_invaders,7,25.0,2425
13,period,6525184,61576,space_invaders,space_invaders,8,65.0,2425
13,period,6525184,61576,space_invaders,space_invaders,9,26.0,2425
13,period,6525184,61576,space_invaders,space_invaders,10,23.0,2425
13,period,6525184,61576,space_invaders,freeway,1,24.0,25000
13,period,6525184,61576,space_invaders,freeway,2,23.0,25000
13,period,6525184,61576,space_invaders,freeway,3,30.0,25000
13,period,6525184,61576,space_invaders,freeway,4,24.0,25000
13,period,6525184,61576,space_invaders,freeway,5,19.0,25000
13,period,6525184,61576,space_invaders,freeway,6,24.0,25000
13,period,6525184,61576,space_invaders,freeway,7,19.0,25000
13,period,6525184,61576,space_invaders,freeway,8,22.0,25000
13,period,6525184,61576,space_invaders,freeway,9,23.0,25000
13,period,6525184,61576,space_invaders,freeway,10,24.0,25000
13,period,6550016,61689,space_invaders,breakout,1,6.0,622
13,period,6550016,61689,space_invaders,breakout,2,5.0,622
13,period,6550016,61689,space_invaders,breakout,3,6.0,622
13,period,6550016,61689,space_invaders,breakout,4,6.0,622
13,period,6550016,61689,space_invaders,breakout,5,6.0,622
13,period,6550016,61689,space_invaders,breakout,6,5.0,622
13,period,6550016,61689,space_invaders,breakout,7,6.0,622
13,period,6550016,61689,space_invaders,breakout,8,6.0,622
13,period,6550016,61689,space_invaders,breakout,9,5.0,622
13,period,6550016,61689,space_invaders,breakout,10,1.0,622
13,period,6550016,61689,space_invaders,space_invaders,1,28.0,3052
13,period,6550016,61689,space_invaders,space_invaders,2,47.0,3052
13,period,6550016,61689,space_invaders,space_invaders,3,23.0,3052
13,period,6550016,61689,space_invaders,space_invaders,4,13.0,3052
13,period,6550016,61689,space_invaders,space_invaders,5,23.0,3052
13,period,6550016,61689,space_invaders,space_invaders,6,25.0,3052
13,period,6550016,61689,space_invaders,space_invaders,7,75.0,3052
13,period,6550016,61689,space_invaders,space_invaders,8,87.0,3052
13,period,6550016,61689,space_invaders,space_invaders,9,3.0,3052
13,period,6550016,61689,space_invaders,space_invaders,10,22.0,3052
13,period,6550016,61689,space_invaders,freeway,1,21.0,25000
13,period,6550016,61689,space_invaders,freeway,2,20.0,25000
13,period,6550016,61689,space_invaders,freeway,3,25.0,25000
13,period,6550016,61689,space_invaders,freeway,4,17.0,25000
13,period,6550016,61689,space_invaders,freeway,5,28.0,25000
13,period,6550016,61689,space_invaders,freeway,6,28.0,25000
13,period,6550016,61689,space_invaders,freeway,7,24.0,25000
13,period,6550016,61689,space_invaders,freeway,8,21.0,25000
13,period,6550016,61689,space_invaders,freeway,9,11.0,25000
13,period,6550016,61689,space_invaders,freeway,10,21.0,25000
13,period,6575104,61821,space_invaders,breakout,1,5.0,652
13,period,6575104,61821,space_invaders,breakout,2,5.0,652
13,period,6575104,61821,space_invaders,breakout,3,5.0,652
13,period,6575104,61821,space_invaders,breakout,4,5.0,652
13,period,6575104,61821,space_invaders,breakout,5,7.0,652
13,period,6575104,61821,space_invaders,breakout,6,5.0,652
13,period,6575104,61821,space_invaders,breakout,7,5.0,652
13,period,6575104,61821,space_invaders,breakout,8,6.0,652
13,period,6575104,61821,space_invaders,breakout,9,6.0,652
13,period,6575104,61821,space_invaders,breakout,10,6.0,652
13,period,6575104,61821,space_invaders,space_invaders,1,16.0,2204
13,period,6575104,61821,space_invaders,space_invaders,2,28.0,2204
13,period,6575104,61821,space_invaders,space_invaders,3,23.0,2204
13,period,6575104,61821,space_invaders,space_invaders,4,23.0,2204
13,period,6575104,61821,space_invaders,space_invaders,5,23.0,2204
13,period,6575104,61821,space_invaders,space_invaders,6,27.0,2204
13,period,6575104,61821,space_invaders,space_invaders,7,28.0,2204
13,period,6575104,61821,space_invaders,space_invaders,8,17.0,2204
13,period,6575104,61821,space_invaders,space_invaders,9,23.0,2204
13,period,6575104,61821,space_invaders,space_invaders,10,28.0,2204
13,period,6575104,61821,space_invaders,freeway,1,23.0,25000
13,period,6575104,61821,space_invaders,freeway,2,16.0,25000
13,period,6575104,61821,space_invaders,freeway,3,24.0,25000
13,period,6575104,61821,space_invaders,freeway,4,19.0,25000
13,period,6575104,61821,space_invaders,freeway,5,26.0,25000
13,period,6575104,61821,space_invaders,freeway,6,23.0,25000
13,period,6575104,61821,space_invaders,freeway,7,17.0,25000
13,period,6575104,61821,space_invaders,freeway,8,20.0,25000
13,period,6575104,61821,space_invaders,freeway,9,22.0,25000
13,period,6575104,61821,space_invaders,freeway,10,19.0,25000
13,period,6600192,61908,space_invaders,breakout,1,6.0,662
13,period,6600192,61908,space_invaders,breakout,2,5.0,662
13,period,6600192,61908,space_invaders,breakout,3,5.0,662
13,period,6600192,61908,space_invaders,breakout,4,6.0,662
13,period,6600192,61908,space_invaders,breakout,5,5.0,662
13,period,6600192,61908,space_invaders,breakout,6,5.0,662
13,period,6600192,61908,space_invaders,breakout,7,5.0,662
13,period,6600192,61908,space_invaders,breakout,8,6.0,662
13,period,6600192,61908,space_invaders,breakout,9,8.0,662
13,period,6600192,61908,space_invaders,breakout,10,5.0,662
13,period,6600192,61908,space_invaders,space_invaders,1,9.0,2052
13,period,6600192,61908,space_invaders,space_invaders,2,10.0,2052
13,period,6600192,61908,space_invaders,space_invaders,3,8.0,2052
13,period,6600192,61908,space_invaders,space_invaders,4,31.0,2052
13,period,6600192,61908,space_invaders,space_invaders,5,49.0,2052
13,period,6600192,61908,space_invaders,space_invaders,6,43.0,2052
13,period,6600192,61908,space_invaders,space_invaders,7,9.0,2052
13,period,6600192,61908,space_invaders,space_invaders,8,36.0,2052
13,period,6600192,61908,space_invaders,space_invaders,9,46.0,2052
13,period,6600192,61908,space_invaders,space_invaders,10,24.0,2052
13,period,6600192,61908,space_invaders,freeway,1,17.0,25000
13,period,6600192,61908,space_invaders,freeway,2,17.0,25000
13,period,6600192,61908,space_invaders,freeway,3,23.0,25000
13,period,6600192,61908,space_invaders,freeway,4,23.0,25000
13,period,6600192,61908,space_invaders,freeway,5,17.0,25000
13,period,6600192,61908,space_invaders,freeway,6,22.0,25000
13,period,6600192,61908,space_invaders,freeway,7,13.0,25000
13,period,6600192,61908,space_invaders,freeway,8,21.0,25000
13,period,6600192,61908,space_invaders,freeway,9,8.0,25000
13,period,6600192,61908,space_invaders,freeway,10,27.0,25000
13,period,6625024,61989,space_invaders,breakout,1,6.0,746
13,period,6625024,61989,space_invaders,breakout,2,5.0,746
13,period,6625024,61989,space_invaders,breakout,3,5.0,746
13,period,6625024,61989,space_invaders,breakout,4,8.0,746
13,period,6625024,61989,space_invaders,breakout,5,8.0,746
13,period,6625024,61989,space_invaders,breakout,6,6.0,746
13,period,6625024,61989,space_invaders,breakout,7,8.0,746
13,period,6625024,61989,space_invaders,breakout,8,6.0,746
13,period,6625024,61989,space_invaders,breakout,9,6.0,746
13,period,6625024,61989,space_invaders,breakout,10,6.0,746
13,period,6625024,61989,space_invaders,space_invaders,1,9.0,2613
13,period,6625024,61989,space_invaders,space_invaders,2,10.0,2613
13,period,6625024,61989,space_invaders,space_invaders,3,35.0,2613
13,period,6625024,61989,space_invaders,space_invaders,4,23.0,2613
13,period,6625024,61989,space_invaders,space_invaders,5,55.0,2613
13,period,6625024,61989,space_invaders,space_invaders,6,76.0,2613
13,period,6625024,61989,space_invaders,space_invaders,7,35.0,2613
13,period,6625024,61989,space_invaders,space_invaders,8,18.0,2613
13,period,6625024,61989,space_invaders,space_invaders,9,31.0,2613
13,period,6625024,61989,space_invaders,space_invaders,10,33.0,2613
13,period,6625024,61989,space_invaders,freeway,1,26.0,25000
13,period,6625024,61989,space_invaders,freeway,2,19.0,25000
13,period,6625024,61989,space_invaders,freeway,3,19.0,25000
13,period,6625024,61989,space_invaders,freeway,4,16.0,25000
13,period,6625024,61989,space_invaders,freeway,5,21.0,25000
13,period,6625024,61989,space_invaders,freeway,6,26.0,25000
13,period,6625024,61989,space_invaders,freeway,7,15.0,25000
13,period,6625024,61989,space_invaders,freeway,8,27.0,25000
13,period,6625024,61989,space_invaders,freeway,9,26.0,25000
13,period,6625024,61989,space_invaders,freeway,10,14.0,25000
13,period,6650112,62067,space_invaders,breakout,1,5.0,648
13,period,6650112,62067,space_invaders,breakout,2,6.0,648
13,period,6650112,62067,space_invaders,breakout,3,5.0,648
13,period,6650112,62067,space_invaders,breakout,4,5.0,648
13,period,6650112,62067,space_invaders,breakout,5,6.0,648
13,period,6650112,62067,space_invaders,breakout,6,5.0,648
13,period,6650112,62067,space_invaders,breakout,7,6.0,648
13,period,6650112,62067,space_invaders,breakout,8,5.0,648
13,period,6650112,62067,space_invaders,breakout,9,6.0,648
13,period,6650112,62067,space_invaders,breakout,10,5.0,648
13,period,6650112,62067,space_invaders,space_invaders,1,113.0,4246
13,period,6650112,62067,space_invaders,space_invaders,2,75.0,4246
13,period,6650112,62067,space_invaders,space_invaders,3,53.0,4246
13,period,6650112,62067,space_invaders,space_invaders,4,9.0,4246
13,period,6650112,62067,space_invaders,space_invaders,5,20.0,4246
13,period,6650112,62067,space_invaders,space_invaders,6,105.0,4246
13,period,6650112,62067,space_invaders,space_invaders,7,64.0,4246
13,period,6650112,62067,space_invaders,space_invaders,8,47.0,4246
13,period,6650112,62067,space_invaders,space_invaders,9,10.0,4246
13,period,6650112,62067,space_invaders,space_invaders,10,53.0,4246
13,period,6650112,62067,space_invaders,freeway,1,23.0,25000
13,period,6650112,62067,space_invaders,freeway,2,23.0,25000
13,period,6650112,62067,space_invaders,freeway,3,20.0,25000
13,period,6650112,62067,space_invaders,freeway,4,21.0,25000
13,period,6650112,62067,space_invaders,freeway,5,27.0,25000
13,period,6650112,62067,space_invaders,freeway,6,15.0,25000
13,period,6650112,62067,space_invaders,freeway,7,21.0,25000
13,period,6650112,62067,space_invaders,freeway,8,14.0,25000
13,period,6650112,62067,space_invaders,freeway,9,21.0,25000
13,period,6650112,62067,space_invaders,freeway,10,23.0,25000
13,period,6675200,62140,space_invaders,breakout,1,1.0,566
13,period,6675200,62140,space_invaders,breakout,2,5.0,566
13,period,6675200,62140,space_invaders,breakout,3,5.0,566
13,period,6675200,62140,space_invaders,breakout,4,5.0,566
13,period,6675200,62140,space_invaders,breakout,5,5.0,566
13,period,6675200,62140,space_invaders,breakout,6,6.0,566
13,period,6675200,62140,space_invaders,breakout,7,5.0,566
13,period,6675200,62140,space_invaders,breakout,8,5.0,566
13,period,6675200,62140,space_invaders,breakout,9,5.0,566
13,period,6675200,62140,space_invaders,breakout,10,5.0,566
13,period,6675200,62140,space_invaders,space_invaders,1,68.0,4216
13,period,6675200,62140,space_invaders,space_invaders,2,107.0,4216
13,period,6675200,62140,space_invaders,space_invaders,3,68.0,4216
13,period,6675200,62140,space_invaders,space_invaders,4,29.0,4216
13,period,6675200,62140,space_invaders,space_invaders,5,23.0,4216
13,period,6675200,62140,space_invaders,space_invaders,6,22.0,4216
13,period,6675200,62140,space_invaders,space_invaders,7,23.0,4216
13,period,6675200,62140,space_invaders,space_invaders,8,90.0,4216
13,period,6675200,62140,space_invaders,space_invaders,9,33.0,4216
13,period,6675200,62140,space_invaders,space_invaders,10,49.0,4216
13,period,6675200,62140,space_invaders,freeway,1,9.0,25000
13,period,6675200,62140,space_invaders,freeway,2,20.0,25000
13,period,6675200,62140,space_invaders,freeway,3,17.0,25000
13,period,6675200,62140,space_invaders,freeway,4,21.0,25000
13,period,6675200,62140,space_invaders,freeway,5,21.0,25000
13,period,6675200,62140,space_invaders,freeway,6,19.0,25000
13,period,6675200,62140,space_invaders,freeway,7,20.0,25000
13,period,6675200,62140,space_invaders,freeway,8,19.0,25000
13,period,6675200,62140,space_invaders,freeway,9,28.0,25000
13,period,6675200,62140,space_invaders,freeway,10,18.0,25000
13,period,6700032,62209,space_invaders,breakout,1,6.0,670
13,period,6700032,62209,space_invaders,breakout,2,5.0,670
13,period,6700032,62209,space_invaders,breakout,3,8.0,670
13,period,6700032,62209,space_invaders,breakout,4,5.0,670
13,period,6700032,62209,space_invaders,breakout,5,5.0,670
13,period,6700032,62209,space_invaders,breakout,6,5.0,670
13,period,6700032,62209,space_invaders,breakout,7,5.0,670
13,period,6700032,62209,space_invaders,breakout,8,6.0,670
13,period,6700032,62209,space_invaders,breakout,9,6.0,670
13,period,6700032,62209,space_invaders,breakout,10,6.0,670
13,period,6700032,62209,space_invaders,space_invaders,1,36.0,2389
13,period,6700032,62209,space_invaders,space_invaders,2,36.0,2389
13,period,6700032,62209,space_invaders,space_invaders,3,21.0,2389
13,period,6700032,62209,space_invaders,space_invaders,4,19.0,2389
13,period,6700032,62209,space_invaders,space_invaders,5,23.0,2389
13,period,6700032,62209,space_invaders,space_invaders,6,38.0,2389
13,period,6700032,62209,space_invaders,space_invaders,7,27.0,2389
13,period,6700032,62209,space_invaders,space_invaders,8,35.0,2389
13,period,6700032,62209,space_invaders,space_invaders,9,39.0,2389
13,period,6700032,62209,space_invaders,space_invaders,10,32.0,2389
13,period,6700032,62209,space_invaders,freeway,1,23.0,25000
13,period,6700032,62209,space_invaders,freeway,2,24.0,25000
13,period,6700032,62209,space_invaders,freeway,3,15.0,25000
13,period,6700032,62209,space_invaders,freeway,4,28.0,25000
13,period,6700032,62209,space_invaders,freeway,5,17.0,25000
13,period,6700032,62209,space_invaders,freeway,6,22.0,25000
13,period,6700032,62209,space_invaders,freeway,7,20.0,25000
13,period,6700032,62209,space_invaders,freeway,8,22.0,25000
13,period,6700032,62209,space_invaders,freeway,9,18.0,25000
13,period,6700032,62209,space_invaders,freeway,10,25.0,25000
13,period,6725120,62288,space_invaders,breakout,1,6.0,714
13,period,6725120,62288,space_invaders,breakout,2,8.0,714
13,period,6725120,62288,space_invaders,breakout,3,7.0,714
13,period,6725120,62288,space_invaders,breakout,4,5.0,714
13,period,6725120,62288,space_invaders,breakout,5,5.0,714
13,period,6725120,62288,space_invaders,breakout,6,5.0,714
13,period,6725120,62288,space_invaders,breakout,7,8.0,714
13,period,6725120,62288,space_invaders,breakout,8,6.0,714
13,period,6725120,62288,space_invaders,breakout,9,6.0,714
13,period,6725120,62288,space_invaders,breakout,10,5.0,714
13,period,6725120,62288,space_invaders,space_invaders,1,18.0,3249
13,period,6725120,62288,space_invaders,space_invaders,2,40.0,3249
13,period,6725120,62288,space_invaders,space_invaders,3,71.0,3249
13,period,6725120,62288,space_invaders,space_invaders,4,27.0,3249
13,period,6725120,62288,space_invaders,space_invaders,5,20.0,3249
13,period,6725120,62288,space_invaders,space_invaders,6,23.0,3249
13,period,6725120,62288,space_invaders,space_invaders,7,28.0,3249
13,period,6725120,62288,space_invaders,space_invaders,8,4.0,3249
13,period,6725120,62288,space_invaders,space_invaders,9,45.0,3249
13,period,6725120,62288,space_invaders,space_invaders,10,128.0,3249
13,period,6725120,62288,space_invaders,freeway,1,21.0,25000
13,period,6725120,62288,space_invaders,freeway,2,25.0,25000
13,period,6725120,62288,space_invaders,freeway,3,25.0,25000
13,period,6725120,62288,space_invaders,freeway,4,21.0,25000
13,period,6725120,62288,space_invaders,freeway,5,21.0,25000
13,period,6725120,62288,space_invaders,freeway,6,18.0,25000
13,period,6725120,62288,space_invaders,freeway,7,23.0,25000
13,period,6725120,62288,space_invaders,freeway,8,17.0,25000
13,period,6725120,62288,space_invaders,freeway,9,18.0,25000
13,period,6725120,62288,space_invaders,freeway,10,16.0,25000
13,period,6750208,62361,space_invaders,breakout,1,6.0,680
13,period,6750208,62361,space_invaders,breakout,2,5.0,680
13,period,6750208,62361,space_invaders,breakout,3,5.0,680
13,period,6750208,62361,space_invaders,breakout,4,6.0,680
13,period,6750208,62361,space_invaders,breakout,5,6.0,680
13,period,6750208,62361,space_invaders,breakout,6,5.0,680
13,period,6750208,62361,space_invaders,breakout,7,5.0,680
13,period,6750208,62361,space_invaders,breakout,8,7.0,680
13,period,6750208,62361,space_invaders,breakout,9,6.0,680
13,period,6750208,62361,space_invaders,breakout,10,6.0,680
13,period,6750208,62361,space_invaders,space_invaders,1,39.0,2580
13,period,6750208,62361,space_invaders,space_invaders,2,85.0,2580
13,period,6750208,62361,space_invaders,space_invaders,3,47.0,2580
13,period,6750208,62361,space_invaders,space_invaders,4,19.0,2580
13,period,6750208,62361,space_invaders,space_invaders,5,18.0,2580
13,period,6750208,62361,space_invaders,space_invaders,6,7.0,2580
13,period,6750208,62361,space_invaders,space_invaders,7,10.0,2580
13,period,6750208,62361,space_invaders,space_invaders,8,20.0,2580
13,period,6750208,62361,space_invaders,space_invaders,9,23.0,2580
13,period,6750208,62361,space_invaders,space_invaders,10,66.0,2580
13,period,6750208,62361,space_invaders,freeway,1,15.0,25000
13,period,6750208,62361,space_invaders,freeway,2,26.0,25000
13,period,6750208,62361,space_invaders,freeway,3,22.0,25000
13,period,6750208,62361,space_invaders,freeway,4,16.0,25000
13,period,6750208,62361,space_invaders,freeway,5,22.0,25000
13,period,6750208,62361,space_invaders,freeway,6,20.0,25000
13,period,6750208,62361,space_invaders,freeway,7,23.0,25000
13,period,6750208,62361,space_invaders,freeway,8,14.0,25000
13,period,6750208,62361,space_invaders,freeway,9,19.0,25000
13,period,6750208,62361,space_invaders,freeway,10,16.0,25000
13,period,6775040,62443,space_invaders,breakout,1,5.0,620
13,period,6775040,62443,space_invaders,breakout,2,5.0,620
13,period,6775040,62443,space_invaders,breakout,3,5.0,620
13,period,6775040,62443,space_invaders,breakout,4,5.0,620
13,period,6775040,62443,space_invaders,breakout,5,6.0,620
13,period,6775040,62443,space_invaders,breakout,6,5.0,620
13,period,6775040,62443,space_invaders,breakout,7,5.0,620
13,period,6775040,62443,space_invaders,breakout,8,5.0,620
13,period,6775040,62443,space_invaders,breakout,9,5.0,620
13,period,6775040,62443,space_invaders,breakout,10,6.0,620
13,period,6775040,62443,space_invaders,space_invaders,1,40.0,3024
13,period,6775040,62443,space_invaders,space_invaders,2,9.0,3024
13,period,6775040,62443,space_invaders,space_invaders,3,53.0,3024
13,period,6775040,62443,space_invaders,space_invaders,4,94.0,3024
13,period,6775040,62443,space_invaders,space_invaders,5,71.0,3024
13,period,6775040,62443,space_invaders,space_invaders,6,29.0,3024
13,period,6775040,62443,space_invaders,space_invaders,7,19.0,3024
13,period,6775040,62443,space_invaders,space_invaders,8,3.0,3024
13,period,6775040,62443,space_invaders,space_invaders,9,23.0,3024
13,period,6775040,62443,space_invaders,space_invaders,10,28.0,3024
13,period,6775040,62443,space_invaders,freeway,1,18.0,25000
13,period,6775040,62443,space_invaders,freeway,2,23.0,25000
13,period,6775040,62443,space_invaders,freeway,3,27.0,25000
13,period,6775040,62443,space_invaders,freeway,4,13.0,25000
13,period,6775040,62443,space_invaders,freeway,5,15.0,25000
13,period,6775040,62443,space_invaders,freeway,6,19.0,25000
13,period,6775040,62443,space_invaders,freeway,7,16.0,25000
13,period,6775040,62443,space_invaders,freeway,8,20.0,25000
13,period,6775040,62443,space_invaders,freeway,9,24.0,25000
13,period,6775040,62443,space_invaders,freeway,10,18.0,25000
13,period,6800128,62527,space_invaders,breakout,1,5.0,634
13,period,6800128,62527,space_invaders,breakout,2,3.0,634
13,period,6800128,62527,space_invaders,breakout,3,5.0,634
13,period,6800128,62527,space_invaders,breakout,4,6.0,634
13,period,6800128,62527,space_invaders,breakout,5,8.0,634
13,period,6800128,62527,space_invaders,breakout,6,5.0,634
13,period,6800128,62527,space_invaders,breakout,7,5.0,634
13,period,6800128,62527,space_invaders,breakout,8,5.0,634
13,period,6800128,62527,space_invaders,breakout,9,6.0,634
13,period,6800128,62527,space_invaders,breakout,10,5.0,634
13,period,6800128,62527,space_invaders,space_invaders,1,64.0,3251
13,period,6800128,62527,space_invaders,space_invaders,2,30.0,3251
13,period,6800128,62527,space_invaders,space_invaders,3,59.0,3251
13,period,6800128,62527,space_invaders,space_invaders,4,27.0,3251
13,period,6800128,62527,space_invaders,space_invaders,5,9.0,3251
13,period,6800128,62527,space_invaders,space_invaders,6,26.0,3251
13,period,6800128,62527,space_invaders,space_invaders,7,23.0,3251
13,period,6800128,62527,space_invaders,space_invaders,8,29.0,3251
13,period,6800128,62527,space_invaders,space_invaders,9,105.0,3251
13,period,6800128,62527,space_invaders,space_invaders,10,8.0,3251
13,period,6800128,62527,space_invaders,freeway,1,24.0,25000
13,period,6800128,62527,space_invaders,freeway,2,19.0,25000
13,period,6800128,62527,space_invaders,freeway,3,7.0,25000
13,period,6800128,62527,space_invaders,freeway,4,22.0,25000
13,period,6800128,62527,space_invaders,freeway,5,18.0,25000
13,period,6800128,62527,space_invaders,freeway,6,18.0,25000
13,period,6800128,62527,space_invaders,freeway,7,24.0,25000
13,period,6800128,62527,space_invaders,freeway,8,17.0,25000
13,period,6800128,62527,space_invaders,freeway,9,20.0,25000
13,period,6800128,62527,space_invaders,freeway,10,20.0,25000
13,period,6825216,62593,space_invaders,breakout,1,5.0,644
13,period,6825216,62593,space_invaders,breakout,2,5.0,644
13,period,6825216,62593,space_invaders,breakout,3,6.0,644
13,period,6825216,62593,space_invaders,breakout,4,6.0,644
13,period,6825216,62593,space_invaders,breakout,5,5.0,644
13,period,6825216,62593,space_invaders,breakout,6,5.0,644
13,period,6825216,62593,space_invaders,breakout,7,5.0,644
13,period,6825216,62593,space_invaders,breakout,8,6.0,644
13,period,6825216,62593,space_invaders,breakout,9,6.0,644
13,period,6825216,62593,space_invaders,breakout,10,5.0,644
13,period,6825216,62593,space_invaders,space_invaders,1,46.0,4157
13,period,6825216,62593,space_invaders,space_invaders,2,137.0,4157
13,period,6825216,62593,space_invaders,space_invaders,3,74.0,4157
13,period,6825216,62593,space_invaders,space_invaders,4,8.0,4157
13,period,6825216,62593,space_invaders,space_invaders,5,13.0,4157
13,period,6825216,62593,space_invaders,space_invaders,6,99.0,4157
13,period,6825216,62593,space_invaders,space_invaders,7,23.0,4157
13,period,6825216,62593,space_invaders,space_invaders,8,4.0,4157
13,period,6825216,62593,space_invaders,space_invaders,9,71.0,4157
13,period,6825216,62593,space_invaders,space_invaders,10,52.0,4157
13,period,6825216,62593,space_invaders,freeway,1,22.0,25000
13,period,6825216,62593,space_invaders,freeway,2,22.0,25000
13,period,6825216,62593,space_invaders,freeway,3,29.0,25000
13,period,6825216,62593,space_invaders,freeway,4,25.0,25000
13,period,6825216,62593,space_invaders,freeway,5,19.0,25000
13,period,6825216,62593,space_invaders,freeway,6,23.0,25000
13,period,6825216,62593,space_invaders,freeway,7,18.0,25000
13,period,6825216,62593,space_invaders,freeway,8,22.0,25000
13,period,6825216,62593,space_invaders,freeway,9,24.0,25000
13,period,6825216,62593,space_invaders,freeway,10,17.0,25000
13,period,6850048,62675,space_invaders,breakout,1,6.0,596
13,period,6850048,62675,space_invaders,breakout,2,3.0,596
13,period,6850048,62675,space_invaders,breakout,3,6.0,596
13,period,6850048,62675,space_invaders,breakout,4,3.0,596
13,period,6850048,62675,space_invaders,breakout,5,5.0,596
13,period,6850048,62675,space_invaders,breakout,6,6.0,596
13,period,6850048,62675,space_invaders,breakout,7,5.0,596
13,period,6850048,62675,space_invaders,breakout,8,6.0,596
13,period,6850048,62675,space_invaders,breakout,9,5.0,596
13,period,6850048,62675,space_invaders,breakout,10,5.0,596
13,period,6850048,62675,space_invaders,space_invaders,1,49.0,1955
13,period,6850048,62675,space_invaders,space_invaders,2,23.0,1955
13,period,6850048,62675,space_invaders,space_invaders,3,3.0,1955
13,period,6850048,62675,space_invaders,space_invaders,4,6.0,1955
13,period,6850048,62675,space_invaders,space_invaders,5,8.0,1955
13,period,6850048,62675,space_invaders,space_invaders,6,5.0,1955
13,period,6850048,62675,space_invaders,space_invaders,7,46.0,1955
13,period,6850048,62675,space_invaders,space_invaders,8,26.0,1955
13,period,6850048,62675,space_invaders,space_invaders,9,29.0,1955
13,period,6850048,62675,space_invaders,space_invaders,10,47.0,1955
13,period,6850048,62675,space_invaders,freeway,1,23.0,25000
13,period,6850048,62675,space_invaders,freeway,2,25.0,25000
13,period,6850048,62675,space_invaders,freeway,3,23.0,25000
13,period,6850048,62675,space_invaders,freeway,4,20.0,25000
13,period,6850048,62675,space_invaders,freeway,5,21.0,25000
13,period,6850048,62675,space_invaders,freeway,6,6.0,25000
13,period,6850048,62675,space_invaders,freeway,7,24.0,25000
13,period,6850048,62675,space_invaders,freeway,8,24.0,25000
13,period,6850048,62675,space_invaders,freeway,9,16.0,25000
13,period,6850048,62675,space_invaders,freeway,10,19.0,25000
13,period,6875136,62775,space_invaders,breakout,1,5.0,674
13,period,6875136,62775,space_invaders,breakout,2,6.0,674
13,period,6875136,62775,space_invaders,breakout,3,6.0,674
13,period,6875136,62775,space_invaders,breakout,4,6.0,674
13,period,6875136,62775,space_invaders,breakout,5,5.0,674
13,period,6875136,62775,space_invaders,breakout,6,6.0,674
13,period,6875136,62775,space_invaders,breakout,7,6.0,674
13,period,6875136,62775,space_invaders,breakout,8,6.0,674
13,period,6875136,62775,space_invaders,breakout,9,5.0,674
13,period,6875136,62775,space_invaders,breakout,10,6.0,674
13,period,6875136,62775,space_invaders,space_invaders,1,55.0,2847
13,period,6875136,62775,space_invaders,space_invaders,2,54.0,2847
13,period,6875136,62775,space_invaders,space_invaders,3,36.0,2847
13,period,6875136,62775,space_invaders,space_invaders,4,43.0,2847
13,period,6875136,62775,space_invaders,space_invaders,5,22.0,2847
13,period,6875136,62775,space_invaders,space_invaders,6,7.0,2847
13,period,6875136,62775,space_invaders,space_invaders,7,64.0,2847
13,period,6875136,62775,space_invaders,space_invaders,8,7.0,2847
13,period,6875136,62775,space_invaders,space_invaders,9,25.0,2847
13,period,6875136,62775,space_invaders,space_invaders,10,47.0,2847
13,period,6875136,62775,space_invaders,freeway,1,17.0,25000
13,period,6875136,62775,space_invaders,freeway,2,19.0,25000
13,period,6875136,62775,space_invaders,freeway,3,16.0,25000
13,period,6875136,62775,space_invaders,freeway,4,22.0,25000
13,period,6875136,62775,space_invaders,freeway,5,19.0,25000
13,period,6875136,62775,space_invaders,freeway,6,18.0,25000
13,period,6875136,62775,space_invaders,freeway,7,17.0,25000
13,period,6875136,62775,space_invaders,freeway,8,12.0,25000
13,period,6875136,62775,space_invaders,freeway,9,19.0,25000
13,period,6875136,62775,space_invaders,freeway,10,15.0,25000
13,period,6900224,62866,space_invaders,breakout,1,5.0,646
13,period,6900224,62866,space_invaders,breakout,2,6.0,646
13,period,6900224,62866,space_invaders,breakout,3,7.0,646
13,period,6900224,62866,space_invaders,breakout,4,5.0,646
13,period,6900224,62866,space_invaders,breakout,5,5.0,646
13,period,6900224,62866,space_invaders,breakout,6,6.0,646
13,period,6900224,62866,space_invaders,breakout,7,5.0,646
13,period,6900224,62866,space_invaders,breakout,8,4.0,646
13,period,6900224,62866,space_invaders,breakout,9,5.0,646
13,period,6900224,62866,space_invaders,breakout,10,6.0,646
13,period,6900224,62866,space_invaders,space_invaders,1,48.0,3096
13,period,6900224,62866,space_invaders,space_invaders,2,71.0,3096
13,period,6900224,62866,space_invaders,space_invaders,3,31.0,3096
13,period,6900224,62866,space_invaders,space_invaders,4,65.0,3096
13,period,6900224,62866,space_invaders,space_invaders,5,57.0,3096
13,period,6900224,62866,space_invaders,space_invaders,6,15.0,3096
13,period,6900224,62866,space_invaders,space_invaders,7,16.0,3096
13,period,6900224,62866,space_invaders,space_invaders,8,17.0,3096
13,period,6900224,62866,space_invaders,space_invaders,9,56.0,3096
13,period,6900224,62866,space_invaders,space_invaders,10,23.0,3096
13,period,6900224,62866,space_invaders,freeway,1,22.0,25000
13,period,6900224,62866,space_invaders,freeway,2,12.0,25000
13,period,6900224,62866,space_invaders,freeway,3,13.0,25000
13,period,6900224,62866,space_invaders,freeway,4,9.0,25000
13,period,6900224,62866,space_invaders,freeway,5,20.0,25000
13,period,6900224,62866,space_invaders,freeway,6,17.0,25000
13,period,6900224,62866,space_invaders,freeway,7,24.0,25000
13,period,6900224,62866,space_invaders,freeway,8,23.0,25000
13,period,6900224,62866,space_invaders,freeway,9,23.0,25000
13,period,6900224,62866,space_invaders,freeway,10,25.0,25000
13,period,6925056,62952,space_invaders,breakout,1,6.0,666
13,period,6925056,62952,space_invaders,breakout,2,6.0,666
13,period,6925056,62952,space_invaders,breakout,3,5.0,666
13,period,6925056,62952,space_invaders,breakout,4,5.0,666
13,period,6925056,62952,space_invaders,breakout,5,8.0,666
13,period,6925056,62952,space_invaders,breakout,6,5.0,666
13,period,6925056,62952,space_invaders,breakout,7,6.0,666
13,period,6925056,62952,space_invaders,breakout,8,3.0,666
13,period,6925056,62952,space_invaders,breakout,9,6.0,666
13,period,6925056,62952,space_invaders,breakout,10,6.0,666
13,period,6925056,62952,space_invaders,space_invaders,1,76.0,2455
13,period,6925056,62952,space_invaders,space_invaders,2,20.0,2455
13,period,6925056,62952,space_invaders,space_invaders,3,45.0,2455
13,period,6925056,62952,space_invaders,space_invaders,4,8.0,2455
13,period,6925056,62952,space_invaders,space_invaders,5,3.0,2455
13,period,6925056,62952,space_invaders,space_invaders,6,69.0,2455
13,period,6925056,62952,space_invaders,space_invaders,7,16.0,2455
13,period,6925056,62952,space_invaders,space_invaders,8,25.0,2455
13,period,6925056,62952,space_invaders,space_invaders,9,30.0,2455
13,period,6925056,62952,space_invaders,space_invaders,10,57.0,2455
13,period,6925056,62952,space_invaders,freeway,1,26.0,25000
13,period,6925056,62952,space_invaders,freeway,2,20.0,25000
13,period,6925056,62952,space_invaders,freeway,3,26.0,25000
13,period,6925056,62952,space_invaders,freeway,4,15.0,25000
13,period,6925056,62952,space_invaders,freeway,5,22.0,25000
13,period,6925056,62952,space_invaders,freeway,6,27.0,25000
13,period,6925056,62952,space_invaders,freeway,7,21.0,25000
13,period,6925056,62952,space_invaders,freeway,8,15.0,25000
13,period,6925056,62952,space_invaders,freeway,9,17.0,25000
13,period,6925056,62952,space_invaders,freeway,10,18.0,25000
13,period,6950144,63024,space_invaders,breakout,1,6.0,684
13,period,6950144,63024,space_invaders,breakout,2,6.0,684
13,period,6950144,63024,space_invaders,breakout,3,6.0,684
13,period,6950144,63024,space_invaders,breakout,4,5.0,684
13,period,6950144,63024,space_invaders,breakout,5,6.0,684
13,period,6950144,63024,space_invaders,breakout,6,6.0,684
13,period,6950144,63024,space_invaders,breakout,7,6.0,684
13,period,6950144,63024,space_invaders,breakout,8,6.0,684
13,period,6950144,63024,space_invaders,breakout,9,5.0,684
13,period,6950144,63024,space_invaders,breakout,10,6.0,684
13,period,6950144,63024,space_invaders,space_invaders,1,27.0,2469
13,period,6950144,63024,space_invaders,space_invaders,2,65.0,2469
13,period,6950144,63024,space_invaders,space_invaders,3,11.0,2469
13,period,6950144,63024,space_invaders,space_invaders,4,38.0,2469
13,period,6950144,63024,space_invaders,space_invaders,5,16.0,2469
13,period,6950144,63024,space_invaders,space_invaders,6,43.0,2469
13,period,6950144,63024,space_invaders,space_invaders,7,47.0,2469
13,period,6950144,63024,space_invaders,space_invaders,8,35.0,2469
13,period,6950144,63024,space_invaders,space_invaders,9,34.0,2469
13,period,6950144,63024,space_invaders,space_invaders,10,19.0,2469
13,period,6950144,63024,space_invaders,freeway,1,29.0,25000
13,period,6950144,63024,space_invaders,freeway,2,20.0,25000
13,period,6950144,63024,space_invaders,freeway,3,15.0,25000
13,period,6950144,63024,space_invaders,freeway,4,16.0,25000
13,period,6950144,63024,space_invaders,freeway,5,10.0,25000
13,period,6950144,63024,space_invaders,freeway,6,12.0,25000
13,period,6950144,63024,space_invaders,freeway,7,19.0,25000
13,period,6950144,63024,space_invaders,freeway,8,12.0,25000
13,period,6950144,63024,space_invaders,freeway,9,24.0,25000
13,period,6950144,63024,space_invaders,freeway,10,22.0,25000
13,period,6975232,63113,space_invaders,breakout,1,5.0,620
13,period,6975232,63113,space_invaders,breakout,2,7.0,620
13,period,6975232,63113,space_invaders,breakout,3,5.0,620
13,period,6975232,63113,space_invaders,breakout,4,6.0,620
13,period,6975232,63113,space_invaders,breakout,5,4.0,620
13,period,6975232,63113,space_invaders,breakout,6,5.0,620
13,period,6975232,63113,space_invaders,breakout,7,5.0,620
13,period,6975232,63113,space_invaders,breakout,8,5.0,620
13,period,6975232,63113,space_invaders,breakout,9,5.0,620
13,period,6975232,63113,space_invaders,breakout,10,5.0,620
13,period,6975232,63113,space_invaders,space_invaders,1,34.0,3112
13,period,6975232,63113,space_invaders,space_invaders,2,35.0,3112
13,period,6975232,63113,space_invaders,space_invaders,3,68.0,3112
13,period,6975232,63113,space_invaders,space_invaders,4,59.0,3112
13,period,6975232,63113,space_invaders,space_invaders,5,23.0,3112
13,period,6975232,63113,space_invaders,space_invaders,6,24.0,3112
13,period,6975232,63113,space_invaders,space_invaders,7,13.0,3112
13,period,6975232,63113,space_invaders,space_invaders,8,32.0,3112
13,period,6975232,63113,space_invaders,space_invaders,9,79.0,3112
13,period,6975232,63113,space_invaders,space_invaders,10,38.0,3112
13,period,6975232,63113,space_invaders,freeway,1,22.0,25000
13,period,6975232,63113,space_invaders,freeway,2,16.0,25000
13,period,6975232,63113,space_invaders,freeway,3,25.0,25000
13,period,6975232,63113,space_invaders,freeway,4,19.0,25000
13,period,6975232,63113,space_invaders,freeway,5,19.0,25000
13,period,6975232,63113,space_invaders,freeway,6,15.0,25000
13,period,6975232,63113,space_invaders,freeway,7,20.0,25000
13,period,6975232,63113,space_invaders,freeway,8,25.0,25000
13,period,6975232,63113,space_invaders,freeway,9,20.0,25000
13,period,6975232,63113,space_invaders,freeway,10,23.0,25000
14,boundary,7499520,63384,freeway,breakout,1,5.0,642
14,boundary,7499520,63384,freeway,breakout,2,6.0,642
14,boundary,7499520,63384,freeway,breakout,3,4.0,642
14,boundary,7499520,63384,freeway,breakout,4,6.0,642
14,boundary,7499520,63384,freeway,breakout,5,6.0,642
14,boundary,7499520,63384,freeway,breakout,6,6.0,642
14,boundary,7499520,63384,freeway,breakout,7,6.0,642
14,boundary,7499520,63384,freeway,breakout,8,6.0,642
14,boundary,7499520,63384,freeway,breakout,9,5.0,642
14,boundary,7499520,63384,freeway,breakout,10,4.0,642
14,boundary,7499520,63384,freeway,space_invaders,1,53.0,2137
14,boundary,7499520,63384,freeway,space_invaders,2,55.0,2137
14,boundary,7499520,63384,freeway,space_invaders,3,27.0,2137
14,boundary,7499520,63384,freeway,space_invaders,4,3.0,2137
14,boundary,7499520,63384,freeway,space_invaders,5,3.0,2137
14,boundary,7499520,63384,freeway,space_invaders,6,40.0,2137
14,boundary,7499520,63384,freeway,space_invaders,7,7.0,2137
14,boundary,7499520,63384,freeway,space_invaders,8,31.0,2137
14,boundary,7499520,63384,freeway,space_invaders,9,3.0,2137
14,boundary,7499520,63384,freeway,space_invaders,10,60.0,2137
14,boundary,7499520,63384,freeway,freeway,1,29.0,25000
14,boundary,7499520,63384,freeway,freeway,2,21.0,25000
14,boundary,7499520,63384,freeway,freeway,3,25.0,25000
14,boundary,7499520,63384,freeway,freeway,4,22.0,25000
14,boundary,7499520,63384,freeway,freeway,5,27.0,25000
14,boundary,7499520,63384,freeway,freeway,6,30.0,25000
14,boundary,7499520,63384,freeway,freeway,7,16.0,25000
14,boundary,7499520,63384,freeway,freeway,8,16.0,25000
14,boundary,7499520,63384,freeway,freeway,9,27.0,25000
14,boundary,7499520,63384,freeway,freeway,10,21.0,25000
14,period,7000064,63192,freeway,breakout,1,6.0,632
14,period,7000064,63192,freeway,breakout,2,5.0,632
14,period,7000064,63192,freeway,breakout,3,5.0,632
14,period,7000064,63192,freeway,breakout,4,5.0,632
14,period,7000064,63192,freeway,breakout,5,5.0,632
14,period,7000064,63192,freeway,breakout,6,4.0,632
14,period,7000064,63192,freeway,breakout,7,6.0,632
14,period,7000064,63192,freeway,breakout,8,6.0,632
14,period,7000064,63192,freeway,breakout,9,5.0,632
14,period,7000064,63192,freeway,breakout,10,6.0,632
14,period,7000064,63192,freeway,space_invaders,1,9.0,3413
14,period,7000064,63192,freeway,space_invaders,2,69.0,3413
14,period,7000064,63192,freeway,space_invaders,3,46.0,3413
14,period,7000064,63192,freeway,space_invaders,4,50.0,3413
14,period,7000064,63192,freeway,space_invaders,5,8.0,3413
14,period,7000064,63192,freeway,space_invaders,6,10.0,3413
14,period,7000064,63192,freeway,space_invaders,7,79.0,3413
14,period,7000064,63192,freeway,space_invaders,8,23.0,3413
14,period,7000064,63192,freeway,space_invaders,9,117.0,3413
14,period,7000064,63192,freeway,space_invaders,10,28.0,3413
14,period,7000064,63192,freeway,freeway,1,22.0,25000
14,period,7000064,63192,freeway,freeway,2,15.0,25000
14,period,7000064,63192,freeway,freeway,3,13.0,25000
14,period,7000064,63192,freeway,freeway,4,25.0,25000
14,period,7000064,63192,freeway,freeway,5,23.0,25000
14,period,7000064,63192,freeway,freeway,6,21.0,25000
14,period,7000064,63192,freeway,freeway,7,19.0,25000
14,period,7000064,63192,freeway,freeway,8,16.0,25000
14,period,7000064,63192,freeway,freeway,9,18.0,25000
14,period,7000064,63192,freeway,freeway,10,24.0,25000
14,period,7025152,63192,freeway,breakout,1,6.0,682
14,period,7025152,63192,freeway,breakout,2,6.0,682
14,period,7025152,63192,freeway,breakout,3,5.0,682
14,period,7025152,63192,freeway,breakout,4,6.0,682
14,period,7025152,63192,freeway,breakout,5,5.0,682
14,period,7025152,63192,freeway,breakout,6,5.0,682
14,period,7025152,63192,freeway,breakout,7,7.0,682
14,period,7025152,63192,freeway,breakout,8,6.0,682
14,period,7025152,63192,freeway,breakout,9,6.0,682
14,period,7025152,63192,freeway,breakout,10,6.0,682
14,period,7025152,63192,freeway,space_invaders,1,108.0,5295
14,period,7025152,63192,freeway,space_invaders,2,75.0,5295
14,period,7025152,63192,freeway,space_invaders,3,116.0,5295
14,period,7025152,63192,freeway,space_invaders,4,64.0,5295
14,period,7025152,63192,freeway,space_invaders,5,88.0,5295
14,period,7025152,63192,freeway,space_invaders,6,98.0,5295
14,period,7025152,63192,freeway,space_invaders,7,71.0,5295
14,period,7025152,63192,freeway,space_invaders,8,10.0,5295
14,period,7025152,63192,freeway,space_invaders,9,36.0,5295
14,period,7025152,63192,freeway,space_invaders,10,18.0,5295
14,period,7025152,63192,freeway,freeway,1,23.0,25000
14,period,7025152,63192,freeway,freeway,2,27.0,25000
14,period,7025152,63192,freeway,freeway,3,32.0,25000
14,period,7025152,63192,freeway,freeway,4,22.0,25000
14,period,7025152,63192,freeway,freeway,5,24.0,25000
14,period,7025152,63192,freeway,freeway,6,27.0,25000
14,period,7025152,63192,freeway,freeway,7,23.0,25000
14,period,7025152,63192,freeway,freeway,8,15.0,25000
14,period,7025152,63192,freeway,freeway,9,22.0,25000
14,period,7025152,63192,freeway,freeway,10,27.0,25000
14,period,7050240,63208,freeway,breakout,1,6.0,546
14,period,7050240,63208,freeway,breakout,2,6.0,546
14,period,7050240,63208,freeway,breakout,3,5.0,546
14,period,7050240,63208,freeway,breakout,4,1.0,546
14,period,7050240,63208,freeway,breakout,5,5.0,546
14,period,7050240,63208,freeway,breakout,6,1.0,546
14,period,7050240,63208,freeway,breakout,7,5.0,546
14,period,7050240,63208,freeway,breakout,8,5.0,546
14,period,7050240,63208,freeway,breakout,9,6.0,546
14,period,7050240,63208,freeway,breakout,10,5.0,546
14,period,7050240,63208,freeway,space_invaders,1,132.0,4054
14,period,7050240,63208,freeway,space_invaders,2,37.0,4054
14,period,7050240,63208,freeway,space_invaders,3,19.0,4054
14,period,7050240,63208,freeway,space_invaders,4,78.0,4054
14,period,7050240,63208,freeway,space_invaders,5,46.0,4054
14,period,7050240,63208,freeway,space_invaders,6,24.0,4054
14,period,7050240,63208,freeway,space_invaders,7,24.0,4054
14,period,7050240,63208,freeway,space_invaders,8,44.0,4054
14,period,7050240,63208,freeway,space_invaders,9,47.0,4054
14,period,7050240,63208,freeway,space_invaders,10,71.0,4054
14,period,7050240,63208,freeway,freeway,1,22.0,25000
14,period,7050240,63208,freeway,freeway,2,17.0,25000
14,period,7050240,63208,freeway,freeway,3,19.0,25000
14,period,7050240,63208,freeway,freeway,4,30.0,25000
14,period,7050240,63208,freeway,freeway,5,22.0,25000
14,period,7050240,63208,freeway,freeway,6,27.0,25000
14,period,7050240,63208,freeway,freeway,7,15.0,25000
14,period,7050240,63208,freeway,freeway,8,19.0,25000
14,period,7050240,63208,freeway,freeway,9,27.0,25000
14,period,7050240,63208,freeway,freeway,10,24.0,25000
14,period,7075072,63208,freeway,breakout,1,6.0,618
14,period,7075072,63208,freeway,breakout,2,6.0,618
14,period,7075072,63208,freeway,breakout,3,6.0,618
14,period,7075072,63208,freeway,breakout,4,2.0,618
14,period,7075072,63208,freeway,breakout,5,6.0,618
14,period,7075072,63208,freeway,breakout,6,6.0,618
14,period,7075072,63208,freeway,breakout,7,5.0,618
14,period,7075072,63208,freeway,breakout,8,5.0,618
14,period,7075072,63208,freeway,breakout,9,5.0,618
14,period,7075072,63208,freeway,breakout,10,5.0,618
14,period,7075072,63208,freeway,space_invaders,1,23.0,3707
14,period,7075072,63208,freeway,space_invaders,2,3.0,3707
14,period,7075072,63208,freeway,space_invaders,3,7.0,3707
14,period,7075072,63208,freeway,space_invaders,4,23.0,3707
14,period,7075072,63208,freeway,space_invaders,5,41.0,3707
14,period,7075072,63208,freeway,space_invaders,6,27.0,3707
14,period,7075072,63208,freeway,space_invaders,7,54.0,3707
14,period,7075072,63208,freeway,space_invaders,8,17.0,3707
14,period,7075072,63208,freeway,space_invaders,9,142.0,3707
14,period,7075072,63208,freeway,space_invaders,10,119.0,3707
14,period,7075072,63208,freeway,freeway,1,19.0,25000
14,period,7075072,63208,freeway,freeway,2,27.0,25000
14,period,7075072,63208,freeway,freeway,3,25.0,25000
14,period,7075072,63208,freeway,freeway,4,22.0,25000
14,period,7075072,63208,freeway,freeway,5,22.0,25000
14,period,7075072,63208,freeway,freeway,6,19.0,25000
14,period,7075072,63208,freeway,freeway,7,27.0,25000
14,period,7075072,63208,freeway,freeway,8,28.0,25000
14,period,7075072,63208,freeway,freeway,9,24.0,25000
14,period,7075072,63208,freeway,freeway,10,30.0,25000
14,period,7100160,63224,freeway,breakout,1,6.0,684
14,period,7100160,63224,freeway,breakout,2,6.0,684
14,period,7100160,63224,freeway,breakout,3,6.0,684
14,period,7100160,63224,freeway,breakout,4,6.0,684
14,period,7100160,63224,freeway,breakout,5,5.0,684
14,period,7100160,63224,freeway,breakout,6,6.0,684
14,period,7100160,63224,freeway,breakout,7,7.0,684
14,period,7100160,63224,freeway,breakout,8,5.0,684
14,period,7100160,63224,freeway,breakout,9,6.0,684
14,period,7100160,63224,freeway,breakout,10,5.0,684
14,period,7100160,63224,freeway,space_invaders,1,119.0,5004
14,period,7100160,63224,freeway,space_invaders,2,42.0,5004
14,period,7100160,63224,freeway,space_invaders,3,58.0,5004
14,period,7100160,63224,freeway,space_invaders,4,23.0,5004
14,period,7100160,63224,freeway,space_invaders,5,122.0,5004
14,period,7100160,63224,freeway,space_invaders,6,40.0,5004
14,period,7100160,63224,freeway,space_invaders,7,143.0,5004
14,period,7100160,63224,freeway,space_invaders,8,51.0,5004
14,period,7100160,63224,freeway,space_invaders,9,23.0,5004
14,period,7100160,63224,freeway,space_invaders,10,9.0,5004
14,period,7100160,63224,freeway,freeway,1,26.0,25000
14,period,7100160,63224,freeway,freeway,2,18.0,25000
14,period,7100160,63224,freeway,freeway,3,17.0,25000
14,period,7100160,63224,freeway,freeway,4,18.0,25000
14,period,7100160,63224,freeway,freeway,5,23.0,25000
14,period,7100160,63224,freeway,freeway,6,25.0,25000
14,period,7100160,63224,freeway,freeway,7,29.0,25000
14,period,7100160,63224,freeway,freeway,8,22.0,25000
14,period,7100160,63224,freeway,freeway,9,21.0,25000
14,period,7100160,63224,freeway,freeway,10,19.0,25000
14,period,7125248,63240,freeway,breakout,1,5.0,690
14,period,7125248,63240,freeway,breakout,2,6.0,690
14,period,7125248,63240,freeway,breakout,3,5.0,690
14,period,7125248,63240,freeway,breakout,4,6.0,690
14,period,7125248,63240,freeway,breakout,5,6.0,690
14,period,7125248,63240,freeway,breakout,6,6.0,690
14,period,7125248,63240,freeway,breakout,7,7.0,690
14,period,7125248,63240,freeway,breakout,8,6.0,690
14,period,7125248,63240,freeway,breakout,9,6.0,690
14,period,7125248,63240,freeway,breakout,10,6.0,690
14,period,7125248,63240,freeway,space_invaders,1,24.0,3654
14,period,7125248,63240,freeway,space_invaders,2,19.0,3654
14,period,7125248,63240,freeway,space_invaders,3,54.0,3654
14,period,7125248,63240,freeway,space_invaders,4,47.0,3654
14,period,7125248,63240,freeway,space_invaders,5,68.0,3654
14,period,7125248,63240,freeway,space_invaders,6,60.0,3654
14,period,7125248,63240,freeway,space_invaders,7,47.0,3654
14,period,7125248,63240,freeway,space_invaders,8,118.0,3654
14,period,7125248,63240,freeway,space_invaders,9,12.0,3654
14,period,7125248,63240,freeway,space_invaders,10,18.0,3654
14,period,7125248,63240,freeway,freeway,1,28.0,25000
14,period,7125248,63240,freeway,freeway,2,26.0,25000
14,period,7125248,63240,freeway,freeway,3,24.0,25000
14,period,7125248,63240,freeway,freeway,4,23.0,25000
14,period,7125248,63240,freeway,freeway,5,25.0,25000
14,period,7125248,63240,freeway,freeway,6,28.0,25000
14,period,7125248,63240,freeway,freeway,7,22.0,25000
14,period,7125248,63240,freeway,freeway,8,25.0,25000
14,period,7125248,63240,freeway,freeway,9,20.0,25000
14,period,7125248,63240,freeway,freeway,10,20.0,25000
14,period,7150080,63240,freeway,breakout,1,5.0,680
14,period,7150080,63240,freeway,breakout,2,6.0,680
14,period,7150080,63240,freeway,breakout,3,6.0,680
14,period,7150080,63240,freeway,breakout,4,6.0,680
14,period,7150080,63240,freeway,breakout,5,6.0,680
14,period,7150080,63240,freeway,breakout,6,6.0,680
14,period,7150080,63240,freeway,breakout,7,6.0,680
14,period,7150080,63240,freeway,breakout,8,5.0,680
14,period,7150080,63240,freeway,breakout,9,6.0,680
14,period,7150080,63240,freeway,breakout,10,6.0,680
14,period,7150080,63240,freeway,space_invaders,1,34.0,2955
14,period,7150080,63240,freeway,space_invaders,2,48.0,2955
14,period,7150080,63240,freeway,space_invaders,3,70.0,2955
14,period,7150080,63240,freeway,space_invaders,4,44.0,2955
14,period,7150080,63240,freeway,space_invaders,5,8.0,2955
14,period,7150080,63240,freeway,space_invaders,6,23.0,2955
14,period,7150080,63240,freeway,space_invaders,7,18.0,2955
14,period,7150080,63240,freeway,space_invaders,8,70.0,2955
14,period,7150080,63240,freeway,space_invaders,9,36.0,2955
14,period,7150080,63240,freeway,space_invaders,10,27.0,2955
14,period,7150080,63240,freeway,freeway,1,19.0,25000
14,period,7150080,63240,freeway,freeway,2,25.0,25000
14,period,7150080,63240,freeway,freeway,3,16.0,25000
14,period,7150080,63240,freeway,freeway,4,20.0,25000
14,period,7150080,63240,freeway,freeway,5,16.0,25000
14,period,7150080,63240,freeway,freeway,6,13.0,25000
14,period,7150080,63240,freeway,freeway,7,19.0,25000
14,period,7150080,63240,freeway,freeway,8,21.0,25000
14,period,7150080,63240,freeway,freeway,9,15.0,25000
14,period,7150080,63240,freeway,freeway,10,15.0,25000
14,period,7175168,63256,freeway,breakout,1,5.0,654
14,period,7175168,63256,freeway,breakout,2,5.0,654
14,period,7175168,63256,freeway,breakout,3,5.0,654
14,period,7175168,63256,freeway,breakout,4,6.0,654
14,period,7175168,63256,freeway,breakout,5,6.0,654
14,period,7175168,63256,freeway,breakout,6,6.0,654
14,period,7175168,63256,freeway,breakout,7,5.0,654
14,period,7175168,63256,freeway,breakout,8,6.0,654
14,period,7175168,63256,freeway,breakout,9,6.0,654
14,period,7175168,63256,freeway,breakout,10,5.0,654
14,period,7175168,63256,freeway,space_invaders,1,45.0,3317
14,period,7175168,63256,freeway,space_invaders,2,3.0,3317
14,period,7175168,63256,freeway,space_invaders,3,47.0,3317
14,period,7175168,63256,freeway,space_invaders,4,49.0,3317
14,period,7175168,63256,freeway,space_invaders,5,31.0,3317
14,period,7175168,63256,freeway,space_invaders,6,37.0,3317
14,period,7175168,63256,freeway,space_invaders,7,24.0,3317
14,period,7175168,63256,freeway,space_invaders,8,31.0,3317
14,period,7175168,63256,freeway,space_invaders,9,36.0,3317
14,period,7175168,63256,freeway,space_invaders,10,95.0,3317
14,period,7175168,63256,freeway,freeway,1,26.0,25000
14,period,7175168,63256,freeway,freeway,2,28.0,25000
14,period,7175168,63256,freeway,freeway,3,28.0,25000
14,period,7175168,63256,freeway,freeway,4,22.0,25000
14,period,7175168,63256,freeway,freeway,5,24.0,25000
14,period,7175168,63256,freeway,freeway,6,28.0,25000
14,period,7175168,63256,freeway,freeway,7,29.0,25000
14,period,7175168,63256,freeway,freeway,8,24.0,25000
14,period,7175168,63256,freeway,freeway,9,20.0,25000
14,period,7175168,63256,freeway,freeway,10,30.0,25000
14,period,7200000,63272,freeway,breakout,1,6.0,630
14,period,7200000,63272,freeway,breakout,2,5.0,630
14,period,7200000,63272,freeway,breakout,3,5.0,630
14,period,7200000,63272,freeway,breakout,4,6.0,630
14,period,7200000,63272,freeway,breakout,5,6.0,630
14,period,7200000,63272,freeway,breakout,6,6.0,630
14,period,7200000,63272,freeway,breakout,7,5.0,630
14,period,7200000,63272,freeway,breakout,8,5.0,630
14,period,7200000,63272,freeway,breakout,9,6.0,630
14,period,7200000,63272,freeway,breakout,10,3.0,630
14,period,7200000,63272,freeway,space_invaders,1,9.0,4045
14,period,7200000,63272,freeway,space_invaders,2,37.0,4045
14,period,7200000,63272,freeway,space_invaders,3,108.0,4045
14,period,7200000,63272,freeway,space_invaders,4,93.0,4045
14,period,7200000,63272,freeway,space_invaders,5,73.0,4045
14,period,7200000,63272,freeway,space_invaders,6,41.0,4045
14,period,7200000,63272,freeway,space_invaders,7,51.0,4045
14,period,7200000,63272,freeway,space_invaders,8,47.0,4045
14,period,7200000,63272,freeway,space_invaders,9,24.0,4045
14,period,7200000,63272,freeway,space_invaders,10,33.0,4045
14,period,7200000,63272,freeway,freeway,1,21.0,25000
14,period,7200000,63272,freeway,freeway,2,19.0,25000
14,period,7200000,63272,freeway,freeway,3,18.0,25000
14,period,7200000,63272,freeway,freeway,4,31.0,25000
14,period,7200000,63272,freeway,freeway,5,29.0,25000
14,period,7200000,63272,freeway,freeway,6,16.0,25000
14,period,7200000,63272,freeway,freeway,7,18.0,25000
14,period,7200000,63272,freeway,freeway,8,25.0,25000
14,period,7200000,63272,freeway,freeway,9,25.0,25000
14,period,7200000,63272,freeway,freeway,10,24.0,25000
14,period,7225088,63272,freeway,breakout,1,8.0,678
14,period,7225088,63272,freeway,breakout,2,5.0,678
14,period,7225088,63272,freeway,breakout,3,5.0,678
14,period,7225088,63272,freeway,breakout,4,6.0,678
14,period,7225088,63272,freeway,breakout,5,8.0,678
14,period,7225088,63272,freeway,breakout,6,5.0,678
14,period,7225088,63272,freeway,breakout,7,6.0,678
14,period,7225088,63272,freeway,breakout,8,3.0,678
14,period,7225088,63272,freeway,breakout,9,6.0,678
14,period,7225088,63272,freeway,breakout,10,5.0,678
14,period,7225088,63272,freeway,space_invaders,1,23.0,2365
14,period,7225088,63272,freeway,space_invaders,2,23.0,2365
14,period,7225088,63272,freeway,space_invaders,3,46.0,2365
14,period,7225088,63272,freeway,space_invaders,4,26.0,2365
14,period,7225088,63272,freeway,space_invaders,5,10.0,2365
14,period,7225088,63272,freeway,space_invaders,6,12.0,2365
14,period,7225088,63272,freeway,space_invaders,7,20.0,2365
14,period,7225088,63272,freeway,space_invaders,8,47.0,2365
14,period,7225088,63272,freeway,space_invaders,9,47.0,2365
14,period,7225088,63272,freeway,space_invaders,10,22.0,2365
14,period,7225088,63272,freeway,freeway,1,29.0,25000
14,period,7225088,63272,freeway,freeway,2,25.0,25000
14,period,7225088,63272,freeway,freeway,3,31.0,25000
14,period,7225088,63272,freeway,freeway,4,16.0,25000
14,period,7225088,63272,freeway,freeway,5,25.0,25000
14,period,7225088,63272,freeway,freeway,6,33.0,25000
14,period,7225088,63272,freeway,freeway,7,26.0,25000
14,period,7225088,63272,freeway,freeway,8,24.0,25000
14,period,7225088,63272,freeway,freeway,9,28.0,25000
14,period,7225088,63272,freeway,freeway,10,22.0,25000
14,period,7250176,63288,freeway,breakout,1,6.0,630
14,period,7250176,63288,freeway,breakout,2,5.0,630
14,period,7250176,63288,freeway,breakout,3,5.0,630
14,period,7250176,63288,freeway,breakout,4,5.0,630
14,period,7250176,63288,freeway,breakout,5,5.0,630
14,period,7250176,63288,freeway,breakout,6,6.0,630
14,period,7250176,63288,freeway,breakout,7,5.0,630
14,period,7250176,63288,freeway,breakout,8,5.0,630
14,period,7250176,63288,freeway,breakout,9,5.0,630
14,period,7250176,63288,freeway,breakout,10,6.0,630
14,period,7250176,63288,freeway,space_invaders,1,12.0,1815
14,period,7250176,63288,freeway,space_invaders,2,35.0,1815
14,period,7250176,63288,freeway,space_invaders,3,36.0,1815
14,period,7250176,63288,freeway,space_invaders,4,23.0,1815
14,period,7250176,63288,freeway,space_invaders,5,13.0,1815
14,period,7250176,63288,freeway,space_invaders,6,3.0,1815
14,period,7250176,63288,freeway,space_invaders,7,32.0,1815
14,period,7250176,63288,freeway,space_invaders,8,30.0,1815
14,period,7250176,63288,freeway,space_invaders,9,27.0,1815
14,period,7250176,63288,freeway,space_invaders,10,27.0,1815
14,period,7250176,63288,freeway,freeway,1,29.0,25000
14,period,7250176,63288,freeway,freeway,2,11.0,25000
14,period,7250176,63288,freeway,freeway,3,29.0,25000
14,period,7250176,63288,freeway,freeway,4,18.0,25000
14,period,7250176,63288,freeway,freeway,5,22.0,25000
14,period,7250176,63288,freeway,freeway,6,25.0,25000
14,period,7250176,63288,freeway,freeway,7,21.0,25000
14,period,7250176,63288,freeway,freeway,8,30.0,25000
14,period,7250176,63288,freeway,freeway,9,33.0,25000
14,period,7250176,63288,freeway,freeway,10,29.0,25000
14,period,7275008,63288,freeway,breakout,1,5.0,680
14,period,7275008,63288,freeway,breakout,2,5.0,680
14,period,7275008,63288,freeway,breakout,3,8.0,680
14,period,7275008,63288,freeway,breakout,4,5.0,680
14,period,7275008,63288,freeway,breakout,5,6.0,680
14,period,7275008,63288,freeway,breakout,6,6.0,680
14,period,7275008,63288,freeway,breakout,7,7.0,680
14,period,7275008,63288,freeway,breakout,8,5.0,680
14,period,7275008,63288,freeway,breakout,9,5.0,680
14,period,7275008,63288,freeway,breakout,10,6.0,680
14,period,7275008,63288,freeway,space_invaders,1,25.0,2934
14,period,7275008,63288,freeway,space_invaders,2,11.0,2934
14,period,7275008,63288,freeway,space_invaders,3,23.0,2934
14,period,7275008,63288,freeway,space_invaders,4,119.0,2934
14,period,7275008,63288,freeway,space_invaders,5,32.0,2934
14,period,7275008,63288,freeway,space_invaders,6,9.0,2934
14,period,7275008,63288,freeway,space_invaders,7,47.0,2934
14,period,7275008,63288,freeway,space_invaders,8,28.0,2934
14,period,7275008,63288,freeway,space_invaders,9,10.0,2934
14,period,7275008,63288,freeway,space_invaders,10,73.0,2934
14,period,7275008,63288,freeway,freeway,1,22.0,25000
14,period,7275008,63288,freeway,freeway,2,31.0,25000
14,period,7275008,63288,freeway,freeway,3,29.0,25000
14,period,7275008,63288,freeway,freeway,4,29.0,25000
14,period,7275008,63288,freeway,freeway,5,27.0,25000
14,period,7275008,63288,freeway,freeway,6,29.0,25000
14,period,7275008,63288,freeway,freeway,7,22.0,25000
14,period,7275008,63288,freeway,freeway,8,29.0,25000
14,period,7275008,63288,freeway,freeway,9,29.0,25000
14,period,7275008,63288,freeway,freeway,10,22.0,25000
14,period,7300096,63304,freeway,breakout,1,5.0,608
14,period,7300096,63304,freeway,breakout,2,3.0,608
14,period,7300096,63304,freeway,breakout,3,6.0,608
14,period,7300096,63304,freeway,breakout,4,5.0,608
14,period,7300096,63304,freeway,breakout,5,6.0,608
14,period,7300096,63304,freeway,breakout,6,5.0,608
14,period,7300096,63304,freeway,breakout,7,4.0,608
14,period,7300096,63304,freeway,breakout,8,5.0,608
14,period,7300096,63304,freeway,breakout,9,6.0,608
14,period,7300096,63304,freeway,breakout,10,6.0,608
14,period,7300096,63304,freeway,space_invaders,1,6.0,3244
14,period,7300096,63304,freeway,space_invaders,2,115.0,3244
14,period,7300096,63304,freeway,space_invaders,3,7.0,3244
14,period,7300096,63304,freeway,space_invaders,4,94.0,3244
14,period,7300096,63304,freeway,space_invaders,5,8.0,3244
14,period,7300096,63304,freeway,space_invaders,6,24.0,3244
14,period,7300096,63304,freeway,space_invaders,7,5.0,3244
14,period,7300096,63304,freeway,space_invaders,8,47.0,3244
14,period,7300096,63304,freeway,space_invaders,9,86.0,3244
14,period,7300096,63304,freeway,space_invaders,10,39.0,3244
14,period,7300096,63304,freeway,freeway,1,37.0,25000
14,period,7300096,63304,freeway,freeway,2,28.0,25000
14,period,7300096,63304,freeway,freeway,3,31.0,25000
14,period,7300096,63304,freeway,freeway,4,30.0,25000
14,period,7300096,63304,freeway,freeway,5,28.0,25000
14,period,7300096,63304,freeway,freeway,6,22.0,25000
14,period,7300096,63304,freeway,freeway,7,36.0,25000
14,period,7300096,63304,freeway,freeway,8,33.0,25000
14,period,7300096,63304,freeway,freeway,9,26.0,25000
14,period,7300096,63304,freeway,freeway,10,29.0,25000
14,period,7325184,63320,freeway,breakout,1,6.0,646
14,period,7325184,63320,freeway,breakout,2,6.0,646
14,period,7325184,63320,freeway,breakout,3,5.0,646
14,period,7325184,63320,freeway,breakout,4,6.0,646
14,period,7325184,63320,freeway,breakout,5,5.0,646
14,period,7325184,63320,freeway,breakout,6,2.0,646
14,period,7325184,63320,freeway,breakout,7,6.0,646
14,period,7325184,63320,freeway,breakout,8,6.0,646
14,period,7325184,63320,freeway,breakout,9,5.0,646
14,period,7325184,63320,freeway,breakout,10,7.0,646
14,period,7325184,63320,freeway,space_invaders,1,22.0,3453
14,period,7325184,63320,freeway,space_invaders,2,42.0,3453
14,period,7325184,63320,freeway,space_invaders,3,14.0,3453
14,period,7325184,63320,freeway,space_invaders,4,39.0,3453
14,period,7325184,63320,freeway,space_invaders,5,42.0,3453
14,period,7325184,63320,freeway,space_invaders,6,8.0,3453
14,period,7325184,63320,freeway,space_invaders,7,64.0,3453
14,period,7325184,63320,freeway,space_invaders,8,70.0,3453
14,period,7325184,63320,freeway,space_invaders,9,120.0,3453
14,period,7325184,63320,freeway,space_invaders,10,26.0,3453
14,period,7325184,63320,freeway,freeway,1,26.0,25000
14,period,7325184,63320,freeway,freeway,2,23.0,25000
14,period,7325184,63320,freeway,freeway,3,22.0,25000
14,period,7325184,63320,freeway,freeway,4,23.0,25000
14,period,7325184,63320,freeway,freeway,5,25.0,25000
14,period,7325184,63320,freeway,freeway,6,26.0,25000
14,period,7325184,63320,freeway,freeway,7,39.0,25000
14,period,7325184,63320,freeway,freeway,8,27.0,25000
14,period,7325184,63320,freeway,freeway,9,20.0,25000
14,period,7325184,63320,freeway,freeway,10,20.0,25000
14,period,7350016,63320,freeway,breakout,1,6.0,700
14,period,7350016,63320,freeway,breakout,2,6.0,700
14,period,7350016,63320,freeway,breakout,3,8.0,700
14,period,7350016,63320,freeway,breakout,4,7.0,700
14,period,7350016,63320,freeway,breakout,5,6.0,700
14,period,7350016,63320,freeway,breakout,6,5.0,700
14,period,7350016,63320,freeway,breakout,7,5.0,700
14,period,7350016,63320,freeway,breakout,8,6.0,700
14,period,7350016,63320,freeway,breakout,9,5.0,700
14,period,7350016,63320,freeway,breakout,10,6.0,700
14,period,7350016,63320,freeway,space_invaders,1,8.0,3634
14,period,7350016,63320,freeway,space_invaders,2,17.0,3634
14,period,7350016,63320,freeway,space_invaders,3,3.0,3634
14,period,7350016,63320,freeway,space_invaders,4,23.0,3634
14,period,7350016,63320,freeway,space_invaders,5,119.0,3634
14,period,7350016,63320,freeway,space_invaders,6,39.0,3634
14,period,7350016,63320,freeway,space_invaders,7,59.0,3634
14,period,7350016,63320,freeway,space_invaders,8,70.0,3634
14,period,7350016,63320,freeway,space_invaders,9,106.0,3634
14,period,7350016,63320,freeway,space_invaders,10,22.0,3634
14,period,7350016,63320,freeway,freeway,1,30.0,25000
14,period,7350016,63320,freeway,freeway,2,22.0,25000
14,period,7350016,63320,freeway,freeway,3,27.0,25000
14,period,7350016,63320,freeway,freeway,4,27.0,25000
14,period,7350016,63320,freeway,freeway,5,19.0,25000
14,period,7350016,63320,freeway,freeway,6,24.0,25000
14,period,7350016,63320,freeway,freeway,7,29.0,25000
14,period,7350016,63320,freeway,freeway,8,30.0,25000
14,period,7350016,63320,freeway,freeway,9,35.0,25000
14,period,7350016,63320,freeway,freeway,10,16.0,25000
14,period,7375104,63336,freeway,breakout,1,4.0,656
14,period,7375104,63336,freeway,breakout,2,6.0,656
14,period,7375104,63336,freeway,breakout,3,6.0,656
14,period,7375104,63336,freeway,breakout,4,6.0,656
14,period,7375104,63336,freeway,breakout,5,5.0,656
14,period,7375104,63336,freeway,breakout,6,6.0,656
14,period,7375104,63336,freeway,breakout,7,5.0,656
14,period,7375104,63336,freeway,breakout,8,5.0,656
14,period,7375104,63336,freeway,breakout,9,6.0,656
14,period,7375104,63336,freeway,breakout,10,6.0,656
14,period,7375104,63336,freeway,space_invaders,1,47.0,4166
14,period,7375104,63336,freeway,space_invaders,2,10.0,4166
14,period,7375104,63336,freeway,space_invaders,3,91.0,4166
14,period,7375104,63336,freeway,space_invaders,4,70.0,4166
14,period,7375104,63336,freeway,space_invaders,5,51.0,4166
14,period,7375104,63336,freeway,space_invaders,6,47.0,4166
14,period,7375104,63336,freeway,space_invaders,7,71.0,4166
14,period,7375104,63336,freeway,space_invaders,8,23.0,4166
14,period,7375104,63336,freeway,space_invaders,9,31.0,4166
14,period,7375104,63336,freeway,space_invaders,10,61.0,4166
14,period,7375104,63336,freeway,freeway,1,25.0,25000
14,period,7375104,63336,freeway,freeway,2,20.0,25000
14,period,7375104,63336,freeway,freeway,3,27.0,25000
14,period,7375104,63336,freeway,freeway,4,29.0,25000
14,period,7375104,63336,freeway,freeway,5,27.0,25000
14,period,7375104,63336,freeway,freeway,6,25.0,25000
14,period,7375104,63336,freeway,freeway,7,12.0,25000
14,period,7375104,63336,freeway,freeway,8,24.0,25000
14,period,7375104,63336,freeway,freeway,9,25.0,25000
14,period,7375104,63336,freeway,freeway,10,27.0,25000
14,period,7400192,63352,freeway,breakout,1,5.0,670
14,period,7400192,63352,freeway,breakout,2,5.0,670
14,period,7400192,63352,freeway,breakout,3,6.0,670
14,period,7400192,63352,freeway,breakout,4,5.0,670
14,period,7400192,63352,freeway,breakout,5,5.0,670
14,period,7400192,63352,freeway,breakout,6,6.0,670
14,period,7400192,63352,freeway,breakout,7,5.0,670
14,period,7400192,63352,freeway,breakout,8,6.0,670
14,period,7400192,63352,freeway,breakout,9,6.0,670
14,period,7400192,63352,freeway,breakout,10,8.0,670
14,period,7400192,63352,freeway,space_invaders,1,27.0,2521
14,period,7400192,63352,freeway,space_invaders,2,36.0,2521
14,period,7400192,63352,freeway,space_invaders,3,5.0,2521
14,period,7400192,63352,freeway,space_invaders,4,105.0,2521
14,period,7400192,63352,freeway,space_invaders,5,34.0,2521
14,period,7400192,63352,freeway,space_invaders,6,8.0,2521
14,period,7400192,63352,freeway,space_invaders,7,7.0,2521
14,period,7400192,63352,freeway,space_invaders,8,48.0,2521
14,period,7400192,63352,freeway,space_invaders,9,31.0,2521
14,period,7400192,63352,freeway,space_invaders,10,23.0,2521
14,period,7400192,63352,freeway,freeway,1,24.0,25000
14,period,7400192,63352,freeway,freeway,2,27.0,25000
14,period,7400192,63352,freeway,freeway,3,23.0,25000
14,period,7400192,63352,freeway,freeway,4,20.0,25000
14,period,7400192,63352,freeway,freeway,5,19.0,25000
14,period,7400192,63352,freeway,freeway,6,16.0,25000
14,period,7400192,63352,freeway,freeway,7,27.0,25000
14,period,7400192,63352,freeway,freeway,8,29.0,25000
14,period,7400192,63352,freeway,freeway,9,29.0,25000
14,period,7400192,63352,freeway,freeway,10,18.0,25000
14,period,7425024,63352,freeway,breakout,1,6.0,664
14,period,7425024,63352,freeway,breakout,2,6.0,664
14,period,7425024,63352,freeway,breakout,3,5.0,664
14,period,7425024,63352,freeway,breakout,4,5.0,664
14,period,7425024,63352,freeway,breakout,5,6.0,664
14,period,7425024,63352,freeway,breakout,6,6.0,664
14,period,7425024,63352,freeway,breakout,7,5.0,664
14,period,7425024,63352,freeway,breakout,8,5.0,664
14,period,7425024,63352,freeway,breakout,9,6.0,664
14,period,7425024,63352,freeway,breakout,10,6.0,664
14,period,7425024,63352,freeway,space_invaders,1,5.0,4050
14,period,7425024,63352,freeway,space_invaders,2,33.0,4050
14,period,7425024,63352,freeway,space_invaders,3,29.0,4050
14,period,7425024,63352,freeway,space_invaders,4,18.0,4050
14,period,7425024,63352,freeway,space_invaders,5,75.0,4050
14,period,7425024,63352,freeway,space_invaders,6,23.0,4050
14,period,7425024,63352,freeway,space_invaders,7,160.0,4050
14,period,7425024,63352,freeway,space_invaders,8,65.0,4050
14,period,7425024,63352,freeway,space_invaders,9,7.0,4050
14,period,7425024,63352,freeway,space_invaders,10,88.0,4050
14,period,7425024,63352,freeway,freeway,1,30.0,25000
14,period,7425024,63352,freeway,freeway,2,31.0,25000
14,period,7425024,63352,freeway,freeway,3,29.0,25000
14,period,7425024,63352,freeway,freeway,4,24.0,25000
14,period,7425024,63352,freeway,freeway,5,22.0,25000
14,period,7425024,63352,freeway,freeway,6,26.0,25000
14,period,7425024,63352,freeway,freeway,7,24.0,25000
14,period,7425024,63352,freeway,freeway,8,31.0,25000
14,period,7425024,63352,freeway,freeway,9,31.0,25000
14,period,7425024,63352,freeway,freeway,10,25.0,25000
14,period,7450112,63368,freeway,breakout,1,5.0,630
14,period,7450112,63368,freeway,breakout,2,5.0,630
14,period,7450112,63368,freeway,breakout,3,6.0,630
14,period,7450112,63368,freeway,breakout,4,5.0,630
14,period,7450112,63368,freeway,breakout,5,6.0,630
14,period,7450112,63368,freeway,breakout,6,6.0,630
14,period,7450112,63368,freeway,breakout,7,5.0,630
14,period,7450112,63368,freeway,breakout,8,5.0,630
14,period,7450112,63368,freeway,breakout,9,5.0,630
14,period,7450112,63368,freeway,breakout,10,5.0,630
14,period,7450112,63368,freeway,space_invaders,1,44.0,3101
14,period,7450112,63368,freeway,space_invaders,2,23.0,3101
14,period,7450112,63368,freeway,space_invaders,3,17.0,3101
14,period,7450112,63368,freeway,space_invaders,4,23.0,3101
14,period,7450112,63368,freeway,space_invaders,5,26.0,3101
14,period,7450112,63368,freeway,space_invaders,6,71.0,3101
14,period,7450112,63368,freeway,space_invaders,7,17.0,3101
14,period,7450112,63368,freeway,space_invaders,8,29.0,3101
14,period,7450112,63368,freeway,space_invaders,9,21.0,3101
14,period,7450112,63368,freeway,space_invaders,10,108.0,3101
14,period,7450112,63368,freeway,freeway,1,29.0,25000
14,period,7450112,63368,freeway,freeway,2,30.0,25000
14,period,7450112,63368,freeway,freeway,3,32.0,25000
14,period,7450112,63368,freeway,freeway,4,24.0,25000
14,period,7450112,63368,freeway,freeway,5,33.0,25000
14,period,7450112,63368,freeway,freeway,6,27.0,25000
14,period,7450112,63368,freeway,freeway,7,25.0,25000
14,period,7450112,63368,freeway,freeway,8,24.0,25000
14,period,7450112,63368,freeway,freeway,9,30.0,25000
14,period,7450112,63368,freeway,freeway,10,23.0,25000
14,period,7475200,63368,freeway,breakout,1,5.0,642
14,period,7475200,63368,freeway,breakout,2,3.0,642
14,period,7475200,63368,freeway,breakout,3,6.0,642
14,period,7475200,63368,freeway,breakout,4,6.0,642
14,period,7475200,63368,freeway,breakout,5,6.0,642
14,period,7475200,63368,freeway,breakout,6,5.0,642
14,period,7475200,63368,freeway,breakout,7,5.0,642
14,period,7475200,63368,freeway,breakout,8,7.0,642
14,period,7475200,63368,freeway,breakout,9,6.0,642
14,period,7475200,63368,freeway,breakout,10,5.0,642
14,period,7475200,63368,freeway,space_invaders,1,94.0,2801
14,period,7475200,63368,freeway,space_invaders,2,37.0,2801
14,period,7475200,63368,freeway,space_invaders,3,30.0,2801
14,period,7475200,63368,freeway,space_invaders,4,37.0,2801
14,period,7475200,63368,freeway,space_invaders,5,47.0,2801
14,period,7475200,63368,freeway,space_invaders,6,20.0,2801
14,period,7475200,63368,freeway,space_invaders,7,71.0,2801
14,period,7475200,63368,freeway,space_invaders,8,23.0,2801
14,period,7475200,63368,freeway,space_invaders,9,7.0,2801
14,period,7475200,63368,freeway,space_invaders,10,5.0,2801
14,period,7475200,63368,freeway,freeway,1,31.0,25000
14,period,7475200,63368,freeway,freeway,2,21.0,25000
14,period,7475200,63368,freeway,freeway,3,27.0,25000
14,period,7475200,63368,freeway,freeway,4,27.0,25000
14,period,7475200,63368,freeway,freeway,5,31.0,25000
14,period,7475200,63368,freeway,freeway,6,29.0,25000
14,period,7475200,63368,freeway,freeway,7,32.0,25000
14,period,7475200,63368,freeway,freeway,8,25.0,25000
14,period,7475200,63368,freeway,freeway,9,26.0,25000
14,period,7475200,63368,freeway,freeway,10,20.0,25000
