block,scope,env_steps,train_episodes,block_task,task,episode,return,eval_steps
-1,boundary,0,0,,breakout,1,0.0,100
-1,boundary,0,0,,breakout,2,1.0,100
-1,boundary,0,0,,breakout,3,0.0,100
-1,boundary,0,0,,breakout,4,0.0,100
-1,boundary,0,0,,breakout,5,0.0,100
-1,boundary,0,0,,breakout,6,1.0,100
-1,boundary,0,0,,breakout,7,0.0,100
-1,boundary,0,0,,breakout,8,1.0,100
-1,boundary,0,0,,breakout,9,1.0,100
-1,boundary,0,0,,breakout,10,0.0,100
-1,boundary,0,0,,space_invaders,1,0.0,389
-1,boundary,0,0,,space_invaders,2,2.0,389
-1,boundary,0,0,,space_invaders,3,3.0,389
-1,boundary,0,0,,space_invaders,4,1.0,389
-1,boundary,0,0,,space_invaders,5,1.0,389
-1,boundary,0,0,,space_invaders,6,0.0,389
-1,boundary,0,0,,space_invaders,7,1.0,389
-1,boundary,0,0,,space_invaders,8,1.0,389
-1,boundary,0,0,,space_invaders,9,2.0,389
-1,boundary,0,0,,space_invaders,10,2.0,389
-1,boundary,0,0,,freeway,1,0.0,25000
-1,boundary,0,0,,freeway,2,0.0,25000
-1,boundary,0,0,,freeway,3,1.0,25000
-1,boundary,0,0,,freeway,4,0.0,25000
-1,boundary,0,0,,freeway,5,0.0,25000
-1,boundary,0,0,,freeway,6,0.0,25000
-1,boundary,0,0,,freeway,7,0.0,25000
-1,boundary,0,0,,freeway,8,0.0,25000
-1,boundary,0,0,,freeway,9,0.0,25000
-1,boundary,0,0,,freeway,10,0.0,25000
0,boundary,499968,15084,breakout,breakout,1,5.0,600
0,boundary,499968,15084,breakout,breakout,2,2.0,600
0,boundary,499968,15084,breakout,breakout,3,6.0,600
0,boundary,499968,15084,breakout,breakout,4,6.0,600
0,boundary,499968,15084,breakout,breakout,5,5.0,600
0,boundary,499968,15084,breakout,breakout,6,6.0,600
0,boundary,499968,15084,breakout,breakout,7,7.0,600
0,boundary,499968,15084,breakout,breakout,8,5.0,600
0,boundary,499968,15084,breakout,breakout,9,5.0,600
0,boundary,499968,15084,breakout,breakout,10,3.0,600
0,boundary,499968,15084,breakout,space_invaders,1,5.0,272
0,boundary,499968,15084,breakout,space_invaders,2,1.0,272
0,boundary,499968,15084,breakout,space_invaders,3,1.0,272
0,boundary,499968,15084,breakout,space_invaders,4,1.0,272
0,boundary,499968,15084,breakout,space_invaders,5,1.0,272
0,boundary,499968,15084,breakout,space_invaders,6,1.0,272
0,boundary,499968,15084,breakout,space_invaders,7,1.0,272
0,boundary,499968,15084,breakout,space_invaders,8,2.0,272
0,boundary,499968,15084,breakout,space_invaders,9,3.0,272
0,boundary,499968,15084,breakout,space_invaders,10,1.0,272
0,boundary,499968,15084,breakout,freeway,1,0.0,25000
0,boundary,499968,15084,breakout,freeway,2,0.0,25000
0,boundary,499968,15084,breakout,freeway,3,0.0,25000
0,boundary,499968,15084,breakout,freeway,4,0.0,25000
0,boundary,499968,15084,breakout,freeway,5,0.0,25000
0,boundary,499968,15084,breakout,freeway,6,0.0,25000
0,boundary,499968,15084,breakout,freeway,7,0.0,25000
0,boundary,499968,15084,breakout,freeway,8,0.0,25000
0,boundary,499968,15084,breakout,freeway,9,0.0,25000
0,boundary,499968,15084,breakout,freeway,10,0.0,25000
0,period,25088,2124,breakout,breakout,1,1.0,164
0,period,25088,2124,breakout,breakout,2,0.0,164
0,period,25088,2124,breakout,breakout,3,1.0,164
0,period,25088,2124,breakout,breakout,4,0.0,164
0,period,25088,2124,breakout,breakout,5,2.0,164
0,period,25088,2124,breakout,breakout,6,1.0,164
0,period,25088,2124,breakout,breakout,7,2.0,164
0,period,25088,2124,breakout,breakout,8,2.0,164
0,period,25088,2124,breakout,breakout,9,1.0,164
0,period,25088,2124,breakout,breakout,10,0.0,164
0,period,25088,2124,breakout,space_invaders,1,2.0,527
0,period,25088,2124,breakout,space_invaders,2,8.0,527
0,period,25088,2124,breakout,space_invaders,3,0.0,527
0,period,25088,2124,breakout,space_invaders,4,0.0,527
0,period,25088,2124,breakout,space_invaders,5,1.0,527
0,period,25088,2124,breakout,space_invaders,6,1.0,527
0,period,25088,2124,breakout,space_invaders,7,2.0,527
0,period,25088,2124,breakout,space_invaders,8,1.0,527
0,period,25088,2124,breakout,space_invaders,9,2.0,527
0,period,25088,2124,breakout,space_invaders,10,1.0,527
0,period,25088,2124,breakout,freeway,1,0.0,25000
0,period,25088,2124,breakout,freeway,2,0.0,25000
0,period,25088,2124,breakout,freeway,3,0.0,25000
0,period,25088,2124,breakout,freeway,4,0.0,25000
0,period,25088,2124,breakout,freeway,5,0.0,25000
0,period,25088,2124,breakout,freeway,6,0.0,25000
0,period,25088,2124,breakout,freeway,7,0.0,25000
0,period,25088,2124,breakout,freeway,8,0.0,25000
0,period,25088,2124,breakout,freeway,9,0.0,25000
0,period,25088,2124,breakout,freeway,10,0.0,25000
0,period,50176,3946,breakout,breakout,1,1.0,142
0,period,50176,3946,breakout,breakout,2,0.0,142
0,period,50176,3946,breakout,breakout,3,1.0,142
0,period,50176,3946,breakout,breakout,4,0.0,142
0,period,50176,3946,breakout,breakout,5,2.0,142
0,period,50176,3946,breakout,breakout,6,0.0,142
0,period,50176,3946,breakout,breakout,7,2.0,142
0,period,50176,3946,breakout,breakout,8,0.0,142
0,period,50176,3946,breakout,breakout,9,1.0,142
0,period,50176,3946,breakout,breakout,10,1.0,142
0,period,50176,3946,breakout,space_invaders,1,1.0,400
0,period,50176,3946,breakout,space_invaders,2,2.0,400
0,period,50176,3946,breakout,space_invaders,3,1.0,400
0,period,50176,3946,breakout,space_invaders,4,2.0,400
0,period,50176,3946,breakout,space_invaders,5,1.0,400
0,period,50176,3946,breakout,space_invaders,6,3.0,400
0,period,50176,3946,breakout,space_invaders,7,4.0,400
0,period,50176,3946,breakout,space_invaders,8,2.0,400
0,period,50176,3946,breakout,space_invaders,9,2.0,400
0,period,50176,3946,breakout,space_invaders,10,1.0,400
0,period,50176,3946,breakout,freeway,1,0.0,25000
0,period,50176,3946,breakout,freeway,2,0.0,25000
0,period,50176,3946,breakout,freeway,3,0.0,25000
0,period,50176,3946,breakout,freeway,4,0.0,25000
0,period,50176,3946,breakout,freeway,5,0.0,25000
0,period,50176,3946,breakout,freeway,6,0.0,25000
0,period,50176,3946,breakout,freeway,7,0.0,25000
0,period,50176,3946,breakout,freeway,8,0.0,25000
0,period,50176,3946,breakout,freeway,9,0.0,25000
0,period,50176,3946,breakout,freeway,10,1.0,25000
0,period,75008,5216,breakout,breakout,1,1.0,204
0,period,75008,5216,breakout,breakout,2,1.0,204
0,period,75008,5216,breakout,breakout,3,2.0,204
0,period,75008,5216,breakout,breakout,4,1.0,204
0,period,75008,5216,breakout,breakout,5,3.0,204
0,period,75008,5216,breakout,breakout,6,0.0,204
0,period,75008,5216,breakout,breakout,7,3.0,204
0,period,75008,5216,breakout,breakout,8,2.0,204
0,period,75008,5216,breakout,breakout,9,1.0,204
0,period,75008,5216,breakout,breakout,10,0.0,204
0,period,75008,5216,breakout,space_invaders,1,5.0,526
0,period,75008,5216,breakout,space_invaders,2,1.0,526
0,period,75008,5216,breakout,space_invaders,3,1.0,526
0,period,75008,5216,breakout,space_invaders,4,4.0,526
0,period,75008,5216,breakout,space_invaders,5,1.0,526
0,period,75008,5216,breakout,space_invaders,6,3.0,526
0,period,75008,5216,breakout,space_invaders,7,2.0,526
0,period,75008,5216,breakout,space_invaders,8,1.0,526
0,period,75008,5216,breakout,space_invaders,9,3.0,526
0,period,75008,5216,breakout,space_invaders,10,1.0,526
0,period,75008,5216,breakout,freeway,1,0.0,25000
0,period,75008,5216,breakout,freeway,2,0.0,25000
0,period,75008,5216,breakout,freeway,3,0.0,25000
0,period,75008,5216,breakout,freeway,4,0.0,25000
0,period,75008,5216,breakout,freeway,5,0.0,25000
0,period,75008,5216,breakout,freeway,6,0.0,25000
0,period,75008,5216,breakout,freeway,7,0.0,25000
0,period,75008,5216,breakout,freeway,8,0.0,25000
0,period,75008,5216,breakout,freeway,9,0.0,25000
0,period,75008,5216,breakout,freeway,10,0.0,25000
0,period,100096,6040,breakout,breakout,1,5.0,414
0,period,100096,6040,breakout,breakout,2,1.0,414
0,period,100096,6040,breakout,breakout,3,3.0,414
0,period,100096,6040,breakout,breakout,4,1.0,414
0,period,100096,6040,breakout,breakout,5,5.0,414
0,period,100096,6040,breakout,breakout,6,3.0,414
0,period,100096,6040,breakout,breakout,7,6.0,414
0,period,100096,6040,breakout,breakout,8,3.0,414
0,period,100096,6040,breakout,breakout,9,3.0,414
0,period,100096,6040,breakout,breakout,10,3.0,414
0,period,100096,6040,breakout,space_invaders,1,0.0,303
0,period,100096,6040,breakout,space_invaders,2,3.0,303
0,period,100096,6040,breakout,space_invaders,3,3.0,303
0,period,100096,6040,breakout,space_invaders,4,2.0,303
0,period,100096,6040,breakout,space_invaders,5,4.0,303
0,period,100096,6040,breakout,space_invaders,6,3.0,303
0,period,100096,6040,breakout,space_invaders,7,2.0,303
0,period,100096,6040,breakout,space_invaders,8,2.0,303
0,period,100096,6040,breakout,space_invaders,9,2.0,303
0,period,100096,6040,breakout,space_invaders,10,1.0,303
0,period,100096,6040,breakout,freeway,1,0.0,25000
0,period,100096,6040,breakout,freeway,2,0.0,25000
0,period,100096,6040,breakout,freeway,3,0.0,25000
0,period,100096,6040,breakout,freeway,4,0.0,25000
0,period,100096,6040,breakout,freeway,5,0.0,25000
0,period,100096,6040,breakout,freeway,6,0.0,25000
0,period,100096,6040,breakout,freeway,7,0.0,25000
0,period,100096,6040,breakout,freeway,8,0.0,25000
0,period,100096,6040,breakout,freeway,9,0.0,25000
0,period,100096,6040,breakout,freeway,10,0.0,25000
0,period,125184,6698,breakout,breakout,1,1.0,404
0,period,125184,6698,breakout,breakout,2,3.0,404
0,period,125184,6698,breakout,breakout,3,6.0,404
0,period,125184,6698,breakout,breakout,4,3.0,404
0,period,125184,6698,breakout,breakout,5,5.0,404
0,period,125184,6698,breakout,breakout,6,3.0,404
0,period,125184,6698,breakout,breakout,7,2.0,404
0,period,125184,6698,breakout,breakout,8,3.0,404
0,period,125184,6698,breakout,breakout,9,3.0,404
0,period,125184,6698,breakout,breakout,10,3.0,404
0,period,125184,6698,breakout,space_invaders,1,7.0,281
0,period,125184,6698,breakout,space_invaders,2,1.0,281
0,period,125184,6698,breakout,space_invaders,3,0.0,281
0,period,125184,6698,breakout,space_invaders,4,1.0,281
0,period,125184,6698,breakout,space_invaders,5,1.0,281
0,period,125184,6698,breakout,space_invaders,6,3.0,281
0,period,125184,6698,breakout,space_invaders,7,1.0,281
0,period,125184,6698,breakout,space_invaders,8,1.0,281
0,period,125184,6698,breakout,space_invaders,9,2.0,281
0,period,125184,6698,breakout,space_invaders,10,1.0,281
0,period,125184,6698,breakout,freeway,1,0.0,25000
0,period,125184,6698,breakout,freeway,2,0.0,25000
0,period,125184,6698,breakout,freeway,3,0.0,25000
0,period,125184,6698,breakout,freeway,4,1.0,25000
0,period,125184,6698,breakout,freeway,5,0.0,25000
0,period,125184,6698,breakout,freeway,6,0.0,25000
0,period,125184,6698,breakout,freeway,7,0.0,25000
0,period,125184,6698,breakout,freeway,8,0.0,25000
0,period,125184,6698,breakout,freeway,9,0.0,25000
0,period,125184,6698,breakout,freeway,10,0.0,25000
0,period,150016,7343,breakout,breakout,1,4.0,392
0,period,150016,7343,breakout,breakout,2,5.0,392
0,period,150016,7343,breakout,breakout,3,3.0,392
0,period,150016,7343,breakout,breakout,4,5.0,392
0,period,150016,7343,breakout,breakout,5,3.0,392
0,period,150016,7343,breakout,breakout,6,3.0,392
0,period,150016,7343,breakout,breakout,7,3.0,392
0,period,150016,7343,breakout,breakout,8,1.0,392
0,period,150016,7343,breakout,breakout,9,3.0,392
0,period,150016,7343,breakout,breakout,10,1.0,392
0,period,150016,7343,breakout,space_invaders,1,3.0,430
0,period,150016,7343,breakout,space_invaders,2,6.0,430
0,period,150016,7343,breakout,space_invaders,3,3.0,430
0,period,150016,7343,breakout,space_invaders,4,1.0,430
0,period,150016,7343,breakout,space_invaders,5,5.0,430
0,period,150016,7343,breakout,space_invaders,6,5.0,430
0,period,150016,7343,breakout,space_invaders,7,1.0,430
0,period,150016,7343,breakout,space_invaders,8,3.0,430
0,period,150016,7343,breakout,space_invaders,9,3.0,430
0,period,150016,7343,breakout,space_invaders,10,1.0,430
0,period,150016,7343,breakout,freeway,1,1.0,25000
0,period,150016,7343,breakout,freeway,2,0.0,25000
0,period,150016,7343,breakout,freeway,3,1.0,25000
0,period,150016,7343,breakout,freeway,4,0.0,25000
0,period,150016,7343,breakout,freeway,5,0.0,25000
0,period,150016,7343,breakout,freeway,6,0.0,25000
0,period,150016,7343,breakout,freeway,7,0.0,25000
0,period,150016,7343,breakout,freeway,8,0.0,25000
0,period,150016,7343,breakout,freeway,9,0.0,25000
0,period,150016,7343,breakout,freeway,10,0.0,25000
0,period,175104,7988,breakout,breakout,1,1.0,436
0,period,175104,7988,breakout,breakout,2,5.0,436
0,period,175104,7988,breakout,breakout,3,3.0,436
0,period,175104,7988,breakout,breakout,4,3.0,436
0,period,175104,7988,breakout,breakout,5,3.0,436
0,period,175104,7988,breakout,breakout,6,3.0,436
0,period,175104,7988,breakout,breakout,7,5.0,436
0,period,175104,7988,breakout,breakout,8,3.0,436
0,period,175104,7988,breakout,breakout,9,6.0,436
0,period,175104,7988,breakout,breakout,10,3.0,436
0,period,175104,7988,breakout,space_invaders,1,4.0,404
0,period,175104,7988,breakout,space_invaders,2,3.0,404
0,period,175104,7988,breakout,space_invaders,3,2.0,404
0,period,175104,7988,breakout,space_invaders,4,1.0,404
0,period,175104,7988,breakout,space_invaders,5,5.0,404
0,period,175104,7988,breakout,space_invaders,6,0.0,404
0,period,175104,7988,breakout,space_invaders,7,0.0,404
0,period,175104,7988,breakout,space_invaders,8,8.0,404
0,period,175104,7988,breakout,space_invaders,9,4.0,404
0,period,175104,7988,breakout,space_invaders,10,0.0,404
0,period,175104,7988,breakout,freeway,1,0.0,25000
0,period,175104,7988,breakout,freeway,2,0.0,25000
0,period,175104,7988,breakout,freeway,3,0.0,25000
0,period,175104,7988,breakout,freeway,4,0.0,25000
0,period,175104,7988,breakout,freeway,5,1.0,25000
0,period,175104,7988,breakout,freeway,6,0.0,25000
0,period,175104,7988,breakout,freeway,7,1.0,25000
0,period,175104,7988,breakout,freeway,8,0.0,25000
0,period,175104,7988,breakout,freeway,9,0.0,25000
0,period,175104,7988,breakout,freeway,10,0.0,25000
0,period,200192,8636,breakout,breakout,1,3.0,300
0,period,200192,8636,breakout,breakout,2,1.0,300
0,period,200192,8636,breakout,breakout,3,4.0,300
0,period,200192,8636,breakout,breakout,4,2.0,300
0,period,200192,8636,breakout,breakout,5,1.0,300
0,period,200192,8636,breakout,breakout,6,1.0,300
0,period,200192,8636,breakout,breakout,7,1.0,300
0,period,200192,8636,breakout,breakout,8,4.0,300
0,period,200192,8636,breakout,breakout,9,3.0,300
0,period,200192,8636,breakout,breakout,10,3.0,300
0,period,200192,8636,breakout,space_invaders,1,2.0,330
0,period,200192,8636,breakout,space_invaders,2,1.0,330
0,period,200192,8636,breakout,space_invaders,3,4.0,330
0,period,200192,8636,breakout,space_invaders,4,8.0,330
0,period,200192,8636,breakout,space_invaders,5,0.0,330
0,period,200192,8636,breakout,space_invaders,6,2.0,330
0,period,200192,8636,breakout,space_invaders,7,1.0,330
0,period,200192,8636,breakout,space_invaders,8,1.0,330
0,period,200192,8636,breakout,space_invaders,9,5.0,330
0,period,200192,8636,breakout,space_invaders,10,1.0,330
0,period,200192,8636,breakout,freeway,1,0.0,25000
0,period,200192,8636,breakout,freeway,2,0.0,25000
0,period,200192,8636,breakout,freeway,3,0.0,25000
0,period,200192,8636,breakout,freeway,4,1.0,25000
0,period,200192,8636,breakout,freeway,5,0.0,25000
0,period,200192,8636,breakout,freeway,6,0.0,25000
0,period,200192,8636,breakout,freeway,7,0.0,25000
0,period,200192,8636,breakout,freeway,8,0.0,25000
0,period,200192,8636,breakout,freeway,9,0.0,25000
0,period,200192,8636,breakout,freeway,10,0.0,25000
0,period,225024,9259,breakout,breakout,1,6.0,522
0,period,225024,9259,breakout,breakout,2,3.0,522
0,period,225024,9259,breakout,breakout,3,5.0,522
0,period,225024,9259,breakout,breakout,4,5.0,522
0,period,225024,9259,breakout,breakout,5,6.0,522
0,period,225024,9259,breakout,breakout,6,5.0,522
0,period,225024,9259,breakout,breakout,7,6.0,522
0,period,225024,9259,breakout,breakout,8,3.0,522
0,period,225024,9259,breakout,breakout,9,1.0,522
0,period,225024,9259,breakout,breakout,10,3.0,522
0,period,225024,9259,breakout,space_invaders,1,3.0,432
0,period,225024,9259,breakout,space_invaders,2,3.0,432
0,period,225024,9259,breakout,space_invaders,3,5.0,432
0,period,225024,9259,breakout,space_invaders,4,1.0,432
0,period,225024,9259,breakout,space_invaders,5,5.0,432
0,period,225024,9259,breakout,space_invaders,6,1.0,432
0,period,225024,9259,breakout,space_invaders,7,0.0,432
0,period,225024,9259,breakout,space_invaders,8,1.0,432
0,period,225024,9259,breakout,space_invaders,9,5.0,432
0,period,225024,9259,breakout,space_invaders,10,4.0,432
0,period,225024,9259,breakout,freeway,1,0.0,25000
0,period,225024,9259,breakout,freeway,2,0.0,25000
0,period,225024,9259,breakout,freeway,3,0.0,25000
0,period,225024,9259,breakout,freeway,4,0.0,25000
0,period,225024,9259,breakout,freeway,5,0.0,25000
0,period,225024,9259,breakout,freeway,6,0.0,25000
0,period,225024,9259,breakout,freeway,7,0.0,25000
0,period,225024,9259,breakout,freeway,8,1.0,25000
0,period,225024,9259,breakout,freeway,9,1.0,25000
0,period,225024,9259,breakout,freeway,10,0.0,25000
0,period,250112,9866,breakout,breakout,1,3.0,414
0,period,250112,9866,breakout,breakout,2,3.0,414
0,period,250112,9866,breakout,breakout,3,3.0,414
0,period,250112,9866,breakout,breakout,4,3.0,414
0,period,250112,9866,breakout,breakout,5,1.0,414
0,period,250112,9866,breakout,breakout,6,3.0,414
0,period,250112,9866,breakout,breakout,7,3.0,414
0,period,250112,9866,breakout,breakout,8,5.0,414
0,period,250112,9866,breakout,breakout,9,6.0,414
0,period,250112,9866,breakout,breakout,10,3.0,414
0,period,250112,9866,breakout,space_invaders,1,2.0,303
0,period,250112,9866,breakout,space_invaders,2,2.0,303
0,period,250112,9866,breakout,space_invaders,3,4.0,303
0,period,250112,9866,breakout,space_invaders,4,5.0,303
0,period,250112,9866,breakout,space_invaders,5,1.0,303
0,period,250112,9866,breakout,space_invaders,6,4.0,303
0,period,250112,9866,breakout,space_invaders,7,6.0,303
0,period,250112,9866,breakout,space_invaders,8,1.0,303
0,period,250112,9866,breakout,space_invaders,9,3.0,303
0,period,250112,9866,breakout,space_invaders,10,0.0,303
0,period,250112,9866,breakout,freeway,1,1.0,25000
0,period,250112,9866,breakout,freeway,2,0.0,25000
0,period,250112,9866,breakout,freeway,3,0.0,25000
0,period,250112,9866,breakout,freeway,4,0.0,25000
0,period,250112,9866,breakout,freeway,5,0.0,25000
0,period,250112,9866,breakout,freeway,6,0.0,25000
0,period,250112,9866,breakout,freeway,7,0.0,25000
0,period,250112,9866,breakout,freeway,8,0.0,25000
0,period,250112,9866,breakout,freeway,9,0.0,25000
0,period,250112,9866,breakout,freeway,10,0.0,25000
0,period,275200,10486,breakout,breakout,1,6.0,614
0,period,275200,10486,breakout,breakout,2,5.0,614
0,period,275200,10486,breakout,breakout,3,5.0,614
0,period,275200,10486,breakout,breakout,4,5.0,614
0,period,275200,10486,breakout,breakout,5,6.0,614
0,period,275200,10486,breakout,breakout,6,3.0,614
0,period,275200,10486,breakout,breakout,7,6.0,614
0,period,275200,10486,breakout,breakout,8,6.0,614
0,period,275200,10486,breakout,breakout,9,5.0,614
0,period,275200,10486,breakout,breakout,10,5.0,614
0,period,275200,10486,breakout,space_invaders,1,3.0,251
0,period,275200,10486,breakout,space_invaders,2,2.0,251
0,period,275200,10486,breakout,space_invaders,3,0.0,251
0,period,275200,10486,breakout,space_invaders,4,1.0,251
0,period,275200,10486,breakout,space_invaders,5,2.0,251
0,period,275200,10486,breakout,space_invaders,6,2.0,251
0,period,275200,10486,breakout,space_invaders,7,3.0,251
0,period,275200,10486,breakout,space_invaders,8,3.0,251
0,period,275200,10486,breakout,space_invaders,9,2.0,251
0,period,275200,10486,breakout,space_invaders,10,3.0,251
0,period,275200,10486,breakout,freeway,1,0.0,25000
0,period,275200,10486,breakout,freeway,2,0.0,25000
0,period,275200,10486,breakout,freeway,3,0.0,25000
0,period,275200,10486,breakout,freeway,4,0.0,25000
0,period,275200,10486,breakout,freeway,5,0.0,25000
0,period,275200,10486,breakout,freeway,6,1.0,25000
0,period,275200,10486,breakout,freeway,7,1.0,25000
0,period,275200,10486,breakout,freeway,8,0.0,25000
0,period,275200,10486,breakout,freeway,9,0.0,25000
0,period,275200,10486,breakout,freeway,10,0.0,25000
0,period,300032,11059,breakout,breakout,1,5.0,434
0,period,300032,11059,breakout,breakout,2,1.0,434
0,period,300032,11059,breakout,breakout,3,5.0,434
0,period,300032,11059,breakout,breakout,4,3.0,434
0,period,300032,11059,breakout,breakout,5,3.0,434
0,period,300032,11059,breakout,breakout,6,4.0,434
0,period,300032,11059,breakout,breakout,7,3.0,434
0,period,300032,11059,breakout,breakout,8,5.0,434
0,period,300032,11059,breakout,breakout,9,3.0,434
0,period,300032,11059,breakout,breakout,10,3.0,434
0,period,300032,11059,breakout,space_invaders,1,1.0,281
0,period,300032,11059,breakout,space_invaders,2,2.0,281
0,period,300032,11059,breakout,space_invaders,3,3.0,281
0,period,300032,11059,breakout,space_invaders,4,2.0,281
0,period,300032,11059,breakout,space_invaders,5,5.0,281
0,period,300032,11059,breakout,space_invaders,6,2.0,281
0,period,300032,11059,breakout,space_invaders,7,1.0,281
0,period,300032,11059,breakout,space_invaders,8,1.0,281
0,period,300032,11059,breakout,space_invaders,9,3.0,281
0,period,300032,11059,breakout,space_invaders,10,1.0,281
0,period,300032,11059,breakout,freeway,1,0.0,25000
0,period,300032,11059,breakout,freeway,2,0.0,25000
0,period,300032,11059,breakout,freeway,3,0.0,25000
0,period,300032,11059,breakout,freeway,4,0.0,25000
0,period,300032,11059,breakout,freeway,5,1.0,25000
0,period,300032,11059,breakout,freeway,6,0.0,25000
0,period,300032,11059,breakout,freeway,7,0.0,25000
0,period,300032,11059,breakout,freeway,8,0.0,25000
0,period,300032,11059,breakout,freeway,9,0.0,25000
0,period,300032,11059,breakout,freeway,10,0.0,25000
0,period,325120,11623,breakout,breakout,1,1.0,490
0,period,325120,11623,breakout,breakout,2,6.0,490
0,period,325120,11623,breakout,breakout,3,3.0,490
0,period,325120,11623,breakout,breakout,4,6.0,490
0,period,325120,11623,breakout,breakout,5,5.0,490
0,period,325120,11623,breakout,breakout,6,3.0,490
0,period,325120,11623,breakout,breakout,7,3.0,490
0,period,325120,11623,breakout,breakout,8,5.0,490
0,period,325120,11623,breakout,breakout,9,3.0,490
0,period,325120,11623,breakout,breakout,10,5.0,490
0,period,325120,11623,breakout,space_invaders,1,3.0,408
0,period,325120,11623,breakout,space_invaders,2,5.0,408
0,period,325120,11623,breakout,space_invaders,3,3.0,408
0,period,325120,11623,breakout,space_invaders,4,6.0,408
0,period,325120,11623,breakout,space_invaders,5,3.0,408
0,period,325120,11623,breakout,space_invaders,6,0.0,408
0,period,325120,11623,breakout,space_invaders,7,6.0,408
0,period,325120,11623,breakout,space_invaders,8,1.0,408
0,period,325120,11623,breakout,space_invaders,9,1.0,408
0,period,325120,11623,breakout,space_invaders,10,2.0,408
0,period,325120,11623,breakout,freeway,1,1.0,25000
0,period,325120,11623,breakout,freeway,2,0.0,25000
0,period,325120,11623,breakout,freeway,3,0.0,25000
0,period,325120,11623,breakout,freeway,4,0.0,25000
0,period,325120,11623,breakout,freeway,5,0.0,25000
0,period,325120,11623,breakout,freeway,6,0.0,25000
0,period,325120,11623,breakout,freeway,7,0.0,25000
0,period,325120,11623,breakout,freeway,8,0.0,25000
0,period,325120,11623,breakout,freeway,9,0.0,25000
0,period,325120,11623,breakout,freeway,10,0.0,25000
0,period,350208,12148,breakout,breakout,1,2.0,306
0,period,350208,12148,breakout,breakout,2,1.0,306
0,period,350208,12148,breakout,breakout,3,3.0,306
0,period,350208,12148,breakout,breakout,4,3.0,306
0,period,350208,12148,breakout,breakout,5,3.0,306
0,period,350208,12148,breakout,breakout,6,5.0,306
0,period,350208,12148,breakout,breakout,7,1.0,306
0,period,350208,12148,breakout,breakout,8,3.0,306
0,period,350208,12148,breakout,breakout,9,0.0,306
0,period,350208,12148,breakout,breakout,10,2.0,306
0,period,350208,12148,breakout,space_invaders,1,2.0,409
0,period,350208,12148,breakout,space_invaders,2,4.0,409
0,period,350208,12148,breakout,space_invaders,3,0.0,409
0,period,350208,12148,breakout,space_invaders,4,1.0,409
0,period,350208,12148,breakout,space_invaders,5,1.0,409
0,period,350208,12148,breakout,space_invaders,6,2.0,409
0,period,350208,12148,breakout,space_invaders,7,0.0,409
0,period,350208,12148,breakout,space_invaders,8,1.0,409
0,period,350208,12148,breakout,space_invaders,9,2.0,409
0,period,350208,12148,breakout,space_invaders,10,2.0,409
0,period,350208,12148,breakout,freeway,1,0.0,25000
0,period,350208,12148,breakout,freeway,2,1.0,25000
0,period,350208,12148,breakout,freeway,3,2.0,25000
0,period,350208,12148,breakout,freeway,4,0.0,25000
0,period,350208,12148,breakout,freeway,5,2.0,25000
0,period,350208,12148,breakout,freeway,6,0.0,25000
0,period,350208,12148,breakout,freeway,7,0.0,25000
0,period,350208,12148,breakout,freeway,8,1.0,25000
0,period,350208,12148,breakout,freeway,9,0.0,25000
0,period,350208,12148,breakout,freeway,10,0.0,25000
0,period,375040,12677,breakout,breakout,1,6.0,550
0,period,375040,12677,breakout,breakout,2,3.0,550
0,period,375040,12677,breakout,breakout,3,6.0,550
0,period,375040,12677,breakout,breakout,4,5.0,550
0,period,375040,12677,breakout,breakout,5,4.0,550
0,period,375040,12677,breakout,breakout,6,3.0,550
0,period,375040,12677,breakout,breakout,7,4.0,550
0,period,375040,12677,breakout,breakout,8,6.0,550
0,period,375040,12677,breakout,breakout,9,6.0,550
0,period,375040,12677,breakout,breakout,10,3.0,550
0,period,375040,12677,breakout,space_invaders,1,1.0,202
0,period,375040,12677,breakout,space_invaders,2,1.0,202
0,period,375040,12677,breakout,space_invaders,3,2.0,202
0,period,375040,12677,breakout,space_invaders,4,1.0,202
0,period,375040,12677,breakout,space_invaders,5,0.0,202
0,period,375040,12677,breakout,space_invaders,6,1.0,202
0,period,375040,12677,breakout,space_invaders,7,1.0,202
0,period,375040,12677,breakout,space_invaders,8,1.0,202
0,period,375040,12677,breakout,space_invaders,9,0.0,202
0,period,375040,12677,breakout,space_invaders,10,3.0,202
0,period,375040,12677,breakout,freeway,1,0.0,25000
0,period,375040,12677,breakout,freeway,2,0.0,25000
0,period,375040,12677,breakout,freeway,3,0.0,25000
0,period,375040,12677,breakout,freeway,4,0.0,25000
0,period,375040,12677,breakout,freeway,5,0.0,25000
0,period,375040,12677,breakout,freeway,6,0.0,25000
0,period,375040,12677,breakout,freeway,7,0.0,25000
0,period,375040,12677,breakout,freeway,8,0.0,25000
0,period,375040,12677,breakout,freeway,9,0.0,25000
0,period,375040,12677,breakout,freeway,10,0.0,25000
0,period,400128,13165,breakout,breakout,1,5.0,444
0,period,400128,13165,breakout,breakout,2,6.0,444
0,period,400128,13165,breakout,breakout,3,1.0,444
0,period,400128,13165,breakout,breakout,4,6.0,444
0,period,400128,13165,breakout,breakout,5,3.0,444
0,period,400128,13165,breakout,breakout,6,2.0,444
0,period,400128,13165,breakout,breakout,7,1.0,444
0,period,400128,13165,breakout,breakout,8,2.0,444
0,period,400128,13165,breakout,breakout,9,5.0,444
0,period,400128,13165,breakout,breakout,10,5.0,444
0,period,400128,13165,breakout,space_invaders,1,2.0,293
0,period,400128,13165,breakout,space_invaders,2,1.0,293
0,period,400128,13165,breakout,space_invaders,3,1.0,293
0,period,400128,13165,breakout,space_invaders,4,5.0,293
0,period,400128,13165,breakout,space_invaders,5,5.0,293
0,period,400128,13165,breakout,space_invaders,6,2.0,293
0,period,400128,13165,breakout,space_invaders,7,1.0,293
0,period,400128,13165,breakout,space_invaders,8,1.0,293
0,period,400128,13165,breakout,space_invaders,9,5.0,293
0,period,400128,13165,breakout,space_invaders,10,1.0,293
0,period,400128,13165,breakout,freeway,1,0.0,25000
0,period,400128,13165,breakout,freeway,2,0.0,25000
0,period,400128,13165,breakout,freeway,3,0.0,25000
0,period,400128,13165,breakout,freeway,4,0.0,25000
0,period,400128,13165,breakout,freeway,5,0.0,25000
0,period,400128,13165,breakout,freeway,6,0.0,25000
0,period,400128,13165,breakout,freeway,7,0.0,25000
0,period,400128,13165,breakout,freeway,8,0.0,25000
0,period,400128,13165,breakout,freeway,9,0.0,25000
0,period,400128,13165,breakout,freeway,10,0.0,25000
0,period,425216,13641,breakout,breakout,1,5.0,512
0,period,425216,13641,breakout,breakout,2,4.0,512
0,period,425216,13641,breakout,breakout,3,5.0,512
0,period,425216,13641,breakout,breakout,4,5.0,512
0,period,425216,13641,breakout,breakout,5,5.0,512
0,period,425216,13641,breakout,breakout,6,5.0,512
0,period,425216,13641,breakout,breakout,7,1.0,512
0,period,425216,13641,breakout,breakout,8,2.0,512
0,period,425216,13641,breakout,breakout,9,4.0,512
0,period,425216,13641,breakout,breakout,10,6.0,512
0,period,425216,13641,breakout,space_invaders,1,4.0,323
0,period,425216,13641,breakout,space_invaders,2,4.0,323
0,period,425216,13641,breakout,space_invaders,3,4.0,323
0,period,425216,13641,breakout,space_invaders,4,1.0,323
0,period,425216,13641,breakout,space_invaders,5,2.0,323
0,period,425216,13641,breakout,space_invaders,6,1.0,323
0,period,425216,13641,breakout,space_invaders,7,3.0,323
0,period,425216,13641,breakout,space_invaders,8,6.0,323
0,period,425216,13641,breakout,space_invaders,9,3.0,323
0,period,425216,13641,breakout,space_invaders,10,1.0,323
0,period,425216,13641,breakout,freeway,1,0.0,25000
0,period,425216,13641,breakout,freeway,2,0.0,25000
0,period,425216,13641,breakout,freeway,3,0.0,25000
0,period,425216,13641,breakout,freeway,4,0.0,25000
0,period,425216,13641,breakout,freeway,5,0.0,25000
0,period,425216,13641,breakout,freeway,6,0.0,25000
0,period,425216,13641,breakout,freeway,7,0.0,25000
0,period,425216,13641,breakout,freeway,8,0.0,25000
0,period,425216,13641,breakout,freeway,9,0.0,25000
0,period,425216,13641,breakout,freeway,10,0.0,25000
0,period,450048,14124,breakout,breakout,1,5.0,478
0,period,450048,14124,breakout,breakout,2,1.0,478
0,period,450048,14124,breakout,breakout,3,6.0,478
0,period,450048,14124,breakout,breakout,4,3.0,478
0,period,450048,14124,breakout,breakout,5,3.0,478
0,period,450048,14124,breakout,breakout,6,3.0,478
0,period,450048,14124,breakout,breakout,7,5.0,478
0,period,450048,14124,breakout,breakout,8,3.0,478
0,period,450048,14124,breakout,breakout,9,5.0,478
0,period,450048,14124,breakout,breakout,10,5.0,478
0,period,450048,14124,breakout,space_invaders,1,1.0,252
0,period,450048,14124,breakout,space_invaders,2,3.0,252
0,period,450048,14124,breakout,space_invaders,3,2.0,252
0,period,450048,14124,breakout,space_invaders,4,4.0,252
0,period,450048,14124,breakout,space_invaders,5,2.0,252
0,period,450048,14124,breakout,space_invaders,6,3.0,252
0,period,450048,14124,breakout,space_invaders,7,1.0,252
0,period,450048,14124,breakout,space_invaders,8,1.0,252
0,period,450048,14124,breakout,space_invaders,9,1.0,252
0,period,450048,14124,breakout,space_invaders,10,3.0,252
0,period,450048,14124,breakout,freeway,1,0.0,25000
0,period,450048,14124,breakout,freeway,2,0.0,25000
0,period,450048,14124,breakout,freeway,3,0.0,25000
0,period,450048,14124,breakout,freeway,4,0.0,25000
0,period,450048,14124,breakout,freeway,5,0.0,25000
0,period,450048,14124,breakout,freeway,6,0.0,25000
0,period,450048,14124,breakout,freeway,7,0.0,25000
0,period,450048,14124,breakout,freeway,8,0.0,25000
0,period,450048,14124,breakout,freeway,9,0.0,25000
0,period,450048,14124,breakout,freeway,10,0.0,25000
0,period,475136,14609,breakout,breakout,1,1.0,438
0,period,475136,14609,breakout,breakout,2,3.0,438
0,period,475136,14609,breakout,breakout,3,1.0,438
0,period,475136,14609,breakout,breakout,4,5.0,438
0,period,475136,14609,breakout,breakout,5,5.0,438
0,period,475136,14609,breakout,breakout,6,3.0,438
0,period,475136,14609,breakout,breakout,7,1.0,438
0,period,475136,14609,breakout,breakout,8,5.0,438
0,period,475136,14609,breakout,breakout,9,6.0,438
0,period,475136,14609,breakout,breakout,10,5.0,438
0,period,475136,14609,breakout,space_invaders,1,2.0,302
0,period,475136,14609,breakout,space_invaders,2,1.0,302
0,period,475136,14609,breakout,space_invaders,3,4.0,302
0,period,475136,14609,breakout,space_invaders,4,3.0,302
0,period,475136,14609,breakout,space_invaders,5,2.0,302
0,period,475136,14609,breakout,space_invaders,6,0.0,302
0,period,475136,14609,breakout,space_invaders,7,4.0,302
0,period,475136,14609,breakout,space_invaders,8,2.0,302
0,period,475136,14609,breakout,space_invaders,9,2.0,302
0,period,475136,14609,breakout,space_invaders,10,1.0,302
0,period,475136,14609,breakout,freeway,1,0.0,25000
0,period,475136,14609,breakout,freeway,2,0.0,25000
0,period,475136,14609,breakout,freeway,3,0.0,25000
0,period,475136,14609,breakout,freeway,4,0.0,25000
0,period,475136,14609,breakout,freeway,5,0.0,25000
0,period,475136,14609,breakout,freeway,6,0.0,25000
0,period,475136,14609,breakout,freeway,7,0.0,25000
0,period,475136,14609,breakout,freeway,8,0.0,25000
0,period,475136,14609,breakout,freeway,9,0.0,25000
0,period,475136,14609,breakout,freeway,10,0.0,25000
1,boundary,999936,19097,space_invaders,breakout,1,3.0,400
1,boundary,999936,19097,space_invaders,breakout,2,3.0,400
1,boundary,999936,19097,space_invaders,breakout,3,3.0,400
1,boundary,999936,19097,space_invaders,breakout,4,3.0,400
1,boundary,999936,19097,space_invaders,breakout,5,6.0,400
1,boundary,999936,19097,space_invaders,breakout,6,1.0,400
1,boundary,999936,19097,space_invaders,breakout,7,3.0,400
1,boundary,999936,19097,space_invaders,breakout,8,3.0,400
1,boundary,999936,19097,space_invaders,breakout,9,4.0,400
1,boundary,999936,19097,space_invaders,breakout,10,3.0,400
1,boundary,999936,19097,space_invaders,space_invaders,1,2.0,1853
1,boundary,999936,19097,space_invaders,space_invaders,2,21.0,1853
1,boundary,999936,19097,space_invaders,space_invaders,3,23.0,1853
1,boundary,999936,19097,space_invaders,space_invaders,4,23.0,1853
1,boundary,999936,19097,space_invaders,space_invaders,5,23.0,1853
1,boundary,999936,19097,space_invaders,space_invaders,6,23.0,1853
1,boundary,999936,19097,space_invaders,space_invaders,7,21.0,1853
1,boundary,999936,19097,space_invaders,space_invaders,8,7.0,1853
1,boundary,999936,19097,space_invaders,space_invaders,9,20.0,1853
1,boundary,999936,19097,space_invaders,space_invaders,10,13.0,1853
1,boundary,999936,19097,space_invaders,freeway,1,0.0,25000
1,boundary,999936,19097,space_invaders,freeway,2,0.0,25000
1,boundary,999936,19097,space_invaders,freeway,3,0.0,25000
1,boundary,999936,19097,space_invaders,freeway,4,0.0,25000
1,boundary,999936,19097,space_invaders,freeway,5,0.0,25000
1,boundary,999936,19097,space_invaders,freeway,6,0.0,25000
1,boundary,999936,19097,space_invaders,freeway,7,0.0,25000
1,boundary,999936,19097,space_invaders,freeway,8,0.0,25000
1,boundary,999936,19097,space_invaders,freeway,9,0.0,25000
1,boundary,999936,19097,space_invaders,freeway,10,0.0,25000
1,period,500224,15084,space_invaders,breakout,1,6.0,600
1,period,500224,15084,space_invaders,breakout,2,3.0,600
1,period,500224,15084,space_invaders,breakout,3,5.0,600
1,period,500224,15084,space_invaders,breakout,4,6.0,600
1,period,500224,15084,space_invaders,breakout,5,5.0,600
1,period,500224,15084,space_invaders,breakout,6,4.0,600
1,period,500224,15084,space_invaders,breakout,7,6.0,600
1,period,500224,15084,space_invaders,breakout,8,6.0,600
1,period,500224,15084,space_invaders,breakout,9,6.0,600
1,period,500224,15084,space_invaders,breakout,10,3.0,600
1,period,500224,15084,space_invaders,space_invaders,1,0.0,253
1,period,500224,15084,space_invaders,space_invaders,2,1.0,253
1,period,500224,15084,space_invaders,space_invaders,3,5.0,253
1,period,500224,15084,space_invaders,space_invaders,4,2.0,253
1,period,500224,15084,space_invaders,space_invaders,5,1.0,253
1,period,500224,15084,space_invaders,space_invaders,6,1.0,253
1,period,500224,15084,space_invaders,space_invaders,7,1.0,253
1,period,500224,15084,space_invaders,space_invaders,8,2.0,253
1,period,500224,15084,space_invaders,space_invaders,9,3.0,253
1,period,500224,15084,space_invaders,space_invaders,10,0.0,253
1,period,500224,15084,space_invaders,freeway,1,0.0,25000
1,period,500224,15084,space_invaders,freeway,2,0.0,25000
1,period,500224,15084,space_invaders,freeway,3,0.0,25000
1,period,500224,15084,space_invaders,freeway,4,0.0,25000
1,period,500224,15084,space_invaders,freeway,5,0.0,25000
1,period,500224,15084,space_invaders,freeway,6,0.0,25000
1,period,500224,15084,space_invaders,freeway,7,0.0,25000
1,period,500224,15084,space_invaders,freeway,8,0.0,25000
1,period,500224,15084,space_invaders,freeway,9,0.0,25000
1,period,500224,15084,space_invaders,freeway,10,0.0,25000
1,period,525056,15454,space_invaders,breakout,1,6.0,546
1,period,525056,15454,space_invaders,breakout,2,6.0,546
1,period,525056,15454,space_invaders,breakout,3,5.0,546
1,period,525056,15454,space_invaders,breakout,4,1.0,546
1,period,525056,15454,space_invaders,breakout,5,1.0,546
1,period,525056,15454,space_invaders,breakout,6,3.0,546
1,period,525056,15454,space_invaders,breakout,7,6.0,546
1,period,525056,15454,space_invaders,breakout,8,6.0,546
1,period,525056,15454,space_invaders,breakout,9,5.0,546
1,period,525056,15454,space_invaders,breakout,10,6.0,546
1,period,525056,15454,space_invaders,space_invaders,1,4.0,777
1,period,525056,15454,space_invaders,space_invaders,2,7.0,777
1,period,525056,15454,space_invaders,space_invaders,3,3.0,777
1,period,525056,15454,space_invaders,space_invaders,4,15.0,777
1,period,525056,15454,space_invaders,space_invaders,5,9.0,777
1,period,525056,15454,space_invaders,space_invaders,6,2.0,777
1,period,525056,15454,space_invaders,space_invaders,7,7.0,777
1,period,525056,15454,space_invaders,space_invaders,8,9.0,777
1,period,525056,15454,space_invaders,space_invaders,9,5.0,777
1,period,525056,15454,space_invaders,space_invaders,10,18.0,777
1,period,525056,15454,space_invaders,freeway,1,0.0,25000
1,period,525056,15454,space_invaders,freeway,2,0.0,25000
1,period,525056,15454,space_invaders,freeway,3,0.0,25000
1,period,525056,15454,space_invaders,freeway,4,0.0,25000
1,period,525056,15454,space_invaders,freeway,5,0.0,25000
1,period,525056,15454,space_invaders,freeway,6,0.0,25000
1,period,525056,15454,space_invaders,freeway,7,0.0,25000
1,period,525056,15454,space_invaders,freeway,8,0.0,25000
1,period,525056,15454,space_invaders,freeway,9,0.0,25000
1,period,525056,15454,space_invaders,freeway,10,0.0,25000
1,period,550144,15747,space_invaders,breakout,1,5.0,552
1,period,550144,15747,space_invaders,breakout,2,3.0,552
1,period,550144,15747,space_invaders,breakout,3,5.0,552
1,period,550144,15747,space_invaders,breakout,4,6.0,552
1,period,550144,15747,space_invaders,breakout,5,6.0,552
1,period,550144,15747,space_invaders,breakout,6,5.0,552
1,period,550144,15747,space_invaders,breakout,7,5.0,552
1,period,550144,15747,space_invaders,breakout,8,4.0,552
1,period,550144,15747,space_invaders,breakout,9,1.0,552
1,period,550144,15747,space_invaders,breakout,10,6.0,552
1,period,550144,15747,space_invaders,space_invaders,1,4.0,538
1,period,550144,15747,space_invaders,space_invaders,2,8.0,538
1,period,550144,15747,space_invaders,space_invaders,3,4.0,538
1,period,550144,15747,space_invaders,space_invaders,4,7.0,538
1,period,550144,15747,space_invaders,space_invaders,5,13.0,538
1,period,550144,15747,space_invaders,space_invaders,6,14.0,538
1,period,550144,15747,space_invaders,space_invaders,7,8.0,538
1,period,550144,15747,space_invaders,space_invaders,8,7.0,538
1,period,550144,15747,space_invaders,space_invaders,9,3.0,538
1,period,550144,15747,space_invaders,space_invaders,10,8.0,538
1,period,550144,15747,space_invaders,freeway,1,0.0,25000
1,period,550144,15747,space_invaders,freeway,2,0.0,25000
1,period,550144,15747,space_invaders,freeway,3,0.0,25000
1,period,550144,15747,space_invaders,freeway,4,0.0,25000
1,period,550144,15747,space_invaders,freeway,5,0.0,25000
1,period,550144,15747,space_invaders,freeway,6,0.0,25000
1,period,550144,15747,space_invaders,freeway,7,0.0,25000
1,period,550144,15747,space_invaders,freeway,8,0.0,25000
1,period,550144,15747,space_invaders,freeway,9,0.0,25000
1,period,550144,15747,space_invaders,freeway,10,0.0,25000
1,period,575232,16004,space_invaders,breakout,1,5.0,620
1,period,575232,16004,space_invaders,breakout,2,5.0,620
1,period,575232,16004,space_invaders,breakout,3,3.0,620
1,period,575232,16004,space_invaders,breakout,4,5.0,620
1,period,575232,16004,space_invaders,breakout,5,6.0,620
1,period,575232,16004,space_invaders,breakout,6,5.0,620
1,period,575232,16004,space_invaders,breakout,7,6.0,620
1,period,575232,16004,space_invaders,breakout,8,6.0,620
1,period,575232,16004,space_invaders,breakout,9,6.0,620
1,period,575232,16004,space_invaders,breakout,10,5.0,620
1,period,575232,16004,space_invaders,space_invaders,1,13.0,1262
1,period,575232,16004,space_invaders,space_invaders,2,11.0,1262
1,period,575232,16004,space_invaders,space_invaders,3,7.0,1262
1,period,575232,16004,space_invaders,space_invaders,4,6.0,1262
1,period,575232,16004,space_invaders,space_invaders,5,14.0,1262
1,period,575232,16004,space_invaders,space_invaders,6,12.0,1262
1,period,575232,16004,space_invaders,space_invaders,7,7.0,1262
1,period,575232,16004,space_invaders,space_invaders,8,22.0,1262
1,period,575232,16004,space_invaders,space_invaders,9,9.0,1262
1,period,575232,16004,space_invaders,space_invaders,10,20.0,1262
1,period,575232,16004,space_invaders,freeway,1,0.0,25000
1,period,575232,16004,space_invaders,freeway,2,0.0,25000
1,period,575232,16004,space_invaders,freeway,3,0.0,25000
1,period,575232,16004,space_invaders,freeway,4,0.0,25000
1,period,575232,16004,space_invaders,freeway,5,0.0,25000
1,period,575232,16004,space_invaders,freeway,6,0.0,25000
1,period,575232,16004,space_invaders,freeway,7,0.0,25000
1,period,575232,16004,space_invaders,freeway,8,0.0,25000
1,period,575232,16004,space_invaders,freeway,9,0.0,25000
1,period,575232,16004,space_invaders,freeway,10,0.0,25000
1,period,600064,16248,space_invaders,breakout,1,6.0,532
1,period,600064,16248,space_invaders,breakout,2,5.0,532
1,period,600064,16248,space_invaders,breakout,3,6.0,532
1,period,600064,16248,space_invaders,breakout,4,6.0,532
1,period,600064,16248,space_invaders,breakout,5,6.0,532
1,period,600064,16248,space_invaders,breakout,6,2.0,532
1,period,600064,16248,space_invaders,breakout,7,2.0,532
1,period,600064,16248,space_invaders,breakout,8,5.0,532
1,period,600064,16248,space_invaders,breakout,9,1.0,532
1,period,600064,16248,space_invaders,breakout,10,5.0,532
1,period,600064,16248,space_invaders,space_invaders,1,7.0,875
1,period,600064,16248,space_invaders,space_invaders,2,7.0,875
1,period,600064,16248,space_invaders,space_invaders,3,11.0,875
1,period,600064,16248,space_invaders,space_invaders,4,7.0,875
1,period,600064,16248,space_invaders,space_invaders,5,9.0,875
1,period,600064,16248,space_invaders,space_invaders,6,9.0,875
1,period,600064,16248,space_invaders,space_invaders,7,11.0,875
1,period,600064,16248,space_invaders,space_invaders,8,11.0,875
1,period,600064,16248,space_invaders,space_invaders,9,15.0,875
1,period,600064,16248,space_invaders,space_invaders,10,6.0,875
1,period,600064,16248,space_invaders,freeway,1,0.0,25000
1,period,600064,16248,space_invaders,freeway,2,0.0,25000
1,period,600064,16248,space_invaders,freeway,3,0.0,25000
1,period,600064,16248,space_invaders,freeway,4,0.0,25000
1,period,600064,16248,space_invaders,freeway,5,0.0,25000
1,period,600064,16248,space_invaders,freeway,6,0.0,25000
1,period,600064,16248,space_invaders,freeway,7,0.0,25000
1,period,600064,16248,space_invaders,freeway,8,0.0,25000
1,period,600064,16248,space_invaders,freeway,9,0.0,25000
1,period,600064,16248,space_invaders,freeway,10,0.0,25000
1,period,625152,16477,space_invaders,breakout,1,5.0,582
1,period,625152,16477,space_invaders,breakout,2,6.0,582
1,period,625152,16477,space_invaders,breakout,3,4.0,582
1,period,625152,16477,space_invaders,breakout,4,4.0,582
1,period,625152,16477,space_invaders,breakout,5,2.0,582
1,period,625152,16477,space_invaders,breakout,6,5.0,582
1,period,625152,16477,space_invaders,breakout,7,5.0,582
1,period,625152,16477,space_invaders,breakout,8,6.0,582
1,period,625152,16477,space_invaders,breakout,9,6.0,582
1,period,625152,16477,space_invaders,breakout,10,6.0,582
1,period,625152,16477,space_invaders,space_invaders,1,12.0,1388
1,period,625152,16477,space_invaders,space_invaders,2,12.0,1388
1,period,625152,16477,space_invaders,space_invaders,3,13.0,1388
1,period,625152,16477,space_invaders,space_invaders,4,14.0,1388
1,period,625152,16477,space_invaders,space_invaders,5,16.0,1388
1,period,625152,16477,space_invaders,space_invaders,6,6.0,1388
1,period,625152,16477,space_invaders,space_invaders,7,13.0,1388
1,period,625152,16477,space_invaders,space_invaders,8,6.0,1388
1,period,625152,16477,space_invaders,space_invaders,9,13.0,1388
1,period,625152,16477,space_invaders,space_invaders,10,18.0,1388
1,period,625152,16477,space_invaders,freeway,1,0.0,25000
1,period,625152,16477,space_invaders,freeway,2,0.0,25000
1,period,625152,16477,space_invaders,freeway,3,0.0,25000
1,period,625152,16477,space_invaders,freeway,4,0.0,25000
1,period,625152,16477,space_invaders,freeway,5,0.0,25000
1,period,625152,16477,space_invaders,freeway,6,0.0,25000
1,period,625152,16477,space_invaders,freeway,7,0.0,25000
1,period,625152,16477,space_invaders,freeway,8,0.0,25000
1,period,625152,16477,space_invaders,freeway,9,0.0,25000
1,period,625152,16477,space_invaders,freeway,10,0.0,25000
1,period,650240,16679,space_invaders,breakout,1,5.0,506
1,period,650240,16679,space_invaders,breakout,2,2.0,506
1,period,650240,16679,space_invaders,breakout,3,6.0,506
1,period,650240,16679,space_invaders,breakout,4,4.0,506
1,period,650240,16679,space_invaders,breakout,5,3.0,506
1,period,650240,16679,space_invaders,breakout,6,1.0,506
1,period,650240,16679,space_invaders,breakout,7,3.0,506
1,period,650240,16679,space_invaders,breakout,8,6.0,506
1,period,650240,16679,space_invaders,breakout,9,6.0,506
1,period,650240,16679,space_invaders,breakout,10,6.0,506
1,period,650240,16679,space_invaders,space_invaders,1,9.0,1698
1,period,650240,16679,space_invaders,space_invaders,2,15.0,1698
1,period,650240,16679,space_invaders,space_invaders,3,12.0,1698
1,period,650240,16679,space_invaders,space_invaders,4,12.0,1698
1,period,650240,16679,space_invaders,space_invaders,5,19.0,1698
1,period,650240,16679,space_invaders,space_invaders,6,14.0,1698
1,period,650240,16679,space_invaders,space_invaders,7,8.0,1698
1,period,650240,16679,space_invaders,space_invaders,8,16.0,1698
1,period,650240,16679,space_invaders,space_invaders,9,16.0,1698
1,period,650240,16679,space_invaders,space_invaders,10,11.0,1698
1,period,650240,16679,space_invaders,freeway,1,0.0,25000
1,period,650240,16679,space_invaders,freeway,2,0.0,25000
1,period,650240,16679,space_invaders,freeway,3,0.0,25000
1,period,650240,16679,space_invaders,freeway,4,0.0,25000
1,period,650240,16679,space_invaders,freeway,5,0.0,25000
1,period,650240,16679,space_invaders,freeway,6,1.0,25000
1,period,650240,16679,space_invaders,freeway,7,0.0,25000
1,period,650240,16679,space_invaders,freeway,8,0.0,25000
1,period,650240,16679,space_invaders,freeway,9,0.0,25000
1,period,650240,16679,space_invaders,freeway,10,0.0,25000
1,period,675072,16865,space_invaders,breakout,1,4.0,474
1,period,675072,16865,space_invaders,breakout,2,4.0,474
1,period,675072,16865,space_invaders,breakout,3,6.0,474
1,period,675072,16865,space_invaders,breakout,4,2.0,474
1,period,675072,16865,space_invaders,breakout,5,5.0,474
1,period,675072,16865,space_invaders,breakout,6,6.0,474
1,period,675072,16865,space_invaders,breakout,7,2.0,474
1,period,675072,16865,space_invaders,breakout,8,1.0,474
1,period,675072,16865,space_invaders,breakout,9,3.0,474
1,period,675072,16865,space_invaders,breakout,10,6.0,474
1,period,675072,16865,space_invaders,space_invaders,1,17.0,1652
1,period,675072,16865,space_invaders,space_invaders,2,14.0,1652
1,period,675072,16865,space_invaders,space_invaders,3,12.0,1652
1,period,675072,16865,space_invaders,space_invaders,4,12.0,1652
1,period,675072,16865,space_invaders,space_invaders,5,15.0,1652
1,period,675072,16865,space_invaders,space_invaders,6,13.0,1652
1,period,675072,16865,space_invaders,space_invaders,7,21.0,1652
1,period,675072,16865,space_invaders,space_invaders,8,9.0,1652
1,period,675072,16865,space_invaders,space_invaders,9,11.0,1652
1,period,675072,16865,space_invaders,space_invaders,10,13.0,1652
1,period,675072,16865,space_invaders,freeway,1,0.0,25000
1,period,675072,16865,space_invaders,freeway,2,0.0,25000
1,period,675072,16865,space_invaders,freeway,3,0.0,25000
1,period,675072,16865,space_invaders,freeway,4,0.0,25000
1,period,675072,16865,space_invaders,freeway,5,0.0,25000
1,period,675072,16865,space_invaders,freeway,6,0.0,25000
1,period,675072,16865,space_invaders,freeway,7,0.0,25000
1,period,675072,16865,space_invaders,freeway,8,0.0,25000
1,period,675072,16865,space_invaders,freeway,9,0.0,25000
1,period,675072,16865,space_invaders,freeway,10,0.0,25000
1,period,700160,17054,space_invaders,breakout,1,2.0,530
1,period,700160,17054,space_invaders,breakout,2,6.0,530
1,period,700160,17054,space_invaders,breakout,3,5.0,530
1,period,700160,17054,space_invaders,breakout,4,3.0,530
1,period,700160,17054,space_invaders,breakout,5,4.0,530
1,period,700160,17054,space_invaders,breakout,6,6.0,530
1,period,700160,17054,space_invaders,breakout,7,5.0,530
1,period,700160,17054,space_invaders,breakout,8,6.0,530
1,period,700160,17054,space_invaders,breakout,9,5.0,530
1,period,700160,17054,space_invaders,breakout,10,2.0,530
1,period,700160,17054,space_invaders,space_invaders,1,12.0,1580
1,period,700160,17054,space_invaders,space_invaders,2,13.0,1580
1,period,700160,17054,space_invaders,space_invaders,3,18.0,1580
1,period,700160,17054,space_invaders,space_invaders,4,19.0,1580
1,period,700160,17054,space_invaders,space_invaders,5,8.0,1580
1,period,700160,17054,space_invaders,space_invaders,6,9.0,1580
1,period,700160,17054,space_invaders,space_invaders,7,13.0,1580
1,period,700160,17054,space_invaders,space_invaders,8,18.0,1580
1,period,700160,17054,space_invaders,space_invaders,9,13.0,1580
1,period,700160,17054,space_invaders,space_invaders,10,18.0,1580
1,period,700160,17054,space_invaders,freeway,1,0.0,25000
1,period,700160,17054,space_invaders,freeway,2,0.0,25000
1,period,700160,17054,space_invaders,freeway,3,0.0,25000
1,period,700160,17054,space_invaders,freeway,4,0.0,25000
1,period,700160,17054,space_invaders,freeway,5,0.0,25000
1,period,700160,17054,space_invaders,freeway,6,0.0,25000
1,period,700160,17054,space_invaders,freeway,7,0.0,25000
1,period,700160,17054,space_invaders,freeway,8,0.0,25000
1,period,700160,17054,space_invaders,freeway,9,0.0,25000
1,period,700160,17054,space_invaders,freeway,10,0.0,25000
1,period,725248,17248,space_invaders,breakout,1,5.0,542
1,period,725248,17248,space_invaders,breakout,2,3.0,542
1,period,725248,17248,space_invaders,breakout,3,1.0,542
1,period,725248,17248,space_invaders,breakout,4,5.0,542
1,period,725248,17248,space_invaders,breakout,5,6.0,542
1,period,725248,17248,space_invaders,breakout,6,5.0,542
1,period,725248,17248,space_invaders,breakout,7,6.0,542
1,period,725248,17248,space_invaders,breakout,8,6.0,542
1,period,725248,17248,space_invaders,breakout,9,3.0,542
1,period,725248,17248,space_invaders,breakout,10,5.0,542
1,period,725248,17248,space_invaders,space_invaders,1,14.0,1389
1,period,725248,17248,space_invaders,space_invaders,2,12.0,1389
1,period,725248,17248,space_invaders,space_invaders,3,21.0,1389
1,period,725248,17248,space_invaders,space_invaders,4,14.0,1389
1,period,725248,17248,space_invaders,space_invaders,5,7.0,1389
1,period,725248,17248,space_invaders,space_invaders,6,14.0,1389
1,period,725248,17248,space_invaders,space_invaders,7,14.0,1389
1,period,725248,17248,space_invaders,space_invaders,8,9.0,1389
1,period,725248,17248,space_invaders,space_invaders,9,14.0,1389
1,period,725248,17248,space_invaders,space_invaders,10,12.0,1389
1,period,725248,17248,space_invaders,freeway,1,0.0,25000
1,period,725248,17248,space_invaders,freeway,2,0.0,25000
1,period,725248,17248,space_invaders,freeway,3,0.0,25000
1,period,725248,17248,space_invaders,freeway,4,0.0,25000
1,period,725248,17248,space_invaders,freeway,5,0.0,25000
1,period,725248,17248,space_invaders,freeway,6,0.0,25000
1,period,725248,17248,space_invaders,freeway,7,0.0,25000
1,period,725248,17248,space_invaders,freeway,8,0.0,25000
1,period,725248,17248,space_invaders,freeway,9,0.0,25000
1,period,725248,17248,space_invaders,freeway,10,0.0,25000
1,period,750080,17436,space_invaders,breakout,1,3.0,588
1,period,750080,17436,space_invaders,breakout,2,5.0,588
1,period,750080,17436,space_invaders,breakout,3,5.0,588
1,period,750080,17436,space_invaders,breakout,4,5.0,588
1,period,750080,17436,space_invaders,breakout,5,5.0,588
1,period,750080,17436,space_invaders,breakout,6,5.0,588
1,period,750080,17436,space_invaders,breakout,7,6.0,588
1,period,750080,17436,space_invaders,breakout,8,3.0,588
1,period,750080,17436,space_invaders,breakout,9,6.0,588
1,period,750080,17436,space_invaders,breakout,10,6.0,588
1,period,750080,17436,space_invaders,space_invaders,1,6.0,953
1,period,750080,17436,space_invaders,space_invaders,2,10.0,953
1,period,750080,17436,space_invaders,space_invaders,3,6.0,953
1,period,750080,17436,space_invaders,space_invaders,4,16.0,953
1,period,750080,17436,space_invaders,space_invaders,5,11.0,953
1,period,750080,17436,space_invaders,space_invaders,6,12.0,953
1,period,750080,17436,space_invaders,space_invaders,7,13.0,953
1,period,750080,17436,space_invaders,space_invaders,8,15.0,953
1,period,750080,17436,space_invaders,space_invaders,9,15.0,953
1,period,750080,17436,space_invaders,space_invaders,10,10.0,953
1,period,750080,17436,space_invaders,freeway,1,0.0,25000
1,period,750080,17436,space_invaders,freeway,2,0.0,25000
1,period,750080,17436,space_invaders,freeway,3,0.0,25000
1,period,750080,17436,space_invaders,freeway,4,0.0,25000
1,period,750080,17436,space_invaders,freeway,5,0.0,25000
1,period,750080,17436,space_invaders,freeway,6,0.0,25000
1,period,750080,17436,space_invaders,freeway,7,0.0,25000
1,period,750080,17436,space_invaders,freeway,8,0.0,25000
1,period,750080,17436,space_invaders,freeway,9,0.0,25000
1,period,750080,17436,space_invaders,freeway,10,0.0,25000
1,period,775168,17640,space_invaders,breakout,1,6.0,426
1,period,775168,17640,space_invaders,breakout,2,3.0,426
1,period,775168,17640,space_invaders,breakout,3,5.0,426
1,period,775168,17640,space_invaders,breakout,4,5.0,426
1,period,775168,17640,space_invaders,breakout,5,3.0,426
1,period,775168,17640,space_invaders,breakout,6,2.0,426
1,period,775168,17640,space_invaders,breakout,7,1.0,426
1,period,775168,17640,space_invaders,breakout,8,3.0,426
1,period,775168,17640,space_invaders,breakout,9,1.0,426
1,period,775168,17640,space_invaders,breakout,10,5.0,426
1,period,775168,17640,space_invaders,space_invaders,1,15.0,1134
1,period,775168,17640,space_invaders,space_invaders,2,9.0,1134
1,period,775168,17640,space_invaders,space_invaders,3,12.0,1134
1,period,775168,17640,space_invaders,space_invaders,4,7.0,1134
1,period,775168,17640,space_invaders,space_invaders,5,9.0,1134
1,period,775168,17640,space_invaders,space_invaders,6,14.0,1134
1,period,775168,17640,space_invaders,space_invaders,7,7.0,1134
1,period,775168,17640,space_invaders,space_invaders,8,7.0,1134
1,period,775168,17640,space_invaders,space_invaders,9,13.0,1134
1,period,775168,17640,space_invaders,space_invaders,10,14.0,1134
1,period,775168,17640,space_invaders,freeway,1,0.0,25000
1,period,775168,17640,space_invaders,freeway,2,0.0,25000
1,period,775168,17640,space_invaders,freeway,3,0.0,25000
1,period,775168,17640,space_invaders,freeway,4,0.0,25000
1,period,775168,17640,space_invaders,freeway,5,0.0,25000
1,period,775168,17640,space_invaders,freeway,6,0.0,25000
1,period,775168,17640,space_invaders,freeway,7,0.0,25000
1,period,775168,17640,space_invaders,freeway,8,0.0,25000
1,period,775168,17640,space_invaders,freeway,9,0.0,25000
1,period,775168,17640,space_invaders,freeway,10,0.0,25000
1,period,800000,17830,space_invaders,breakout,1,6.0,620
1,period,800000,17830,space_invaders,breakout,2,5.0,620
1,period,800000,17830,space_invaders,breakout,3,6.0,620
1,period,800000,17830,space_invaders,breakout,4,6.0,620
1,period,800000,17830,space_invaders,breakout,5,6.0,620
1,period,800000,17830,space_invaders,breakout,6,5.0,620
1,period,800000,17830,space_invaders,breakout,7,6.0,620
1,period,800000,17830,space_invaders,breakout,8,0.0,620
1,period,800000,17830,space_invaders,breakout,9,6.0,620
1,period,800000,17830,space_invaders,breakout,10,6.0,620
1,period,800000,17830,space_invaders,space_invaders,1,12.0,1632
1,period,800000,17830,space_invaders,space_invaders,2,10.0,1632
1,period,800000,17830,space_invaders,space_invaders,3,18.0,1632
1,period,800000,17830,space_invaders,space_invaders,4,12.0,1632
1,period,800000,17830,space_invaders,space_invaders,5,12.0,1632
1,period,800000,17830,space_invaders,space_invaders,6,19.0,1632
1,period,800000,17830,space_invaders,space_invaders,7,17.0,1632
1,period,800000,17830,space_invaders,space_invaders,8,15.0,1632
1,period,800000,17830,space_invaders,space_invaders,9,11.0,1632
1,period,800000,17830,space_invaders,space_invaders,10,14.0,1632
1,period,800000,17830,space_invaders,freeway,1,0.0,25000
1,period,800000,17830,space_invaders,freeway,2,0.0,25000
1,period,800000,17830,space_invaders,freeway,3,0.0,25000
1,period,800000,17830,space_invaders,freeway,4,0.0,25000
1,period,800000,17830,space_invaders,freeway,5,0.0,25000
1,period,800000,17830,space_invaders,freeway,6,0.0,25000
1,period,800000,17830,space_invaders,freeway,7,0.0,25000
1,period,800000,17830,space_invaders,freeway,8,0.0,25000
1,period,800000,17830,space_invaders,freeway,9,0.0,25000
1,period,800000,17830,space_invaders,freeway,10,0.0,25000
1,period,825088,18010,space_invaders,breakout,1,1.0,490
1,period,825088,18010,space_invaders,breakout,2,3.0,490
1,period,825088,18010,space_invaders,breakout,3,4.0,490
1,period,825088,18010,space_invaders,breakout,4,6.0,490
1,period,825088,18010,space_invaders,breakout,5,0.0,490
1,period,825088,18010,space_invaders,breakout,6,6.0,490
1,period,825088,18010,space_invaders,breakout,7,3.0,490
1,period,825088,18010,space_invaders,breakout,8,6.0,490
1,period,825088,18010,space_invaders,breakout,9,6.0,490
1,period,825088,18010,space_invaders,breakout,10,5.0,490
1,period,825088,18010,space_invaders,space_invaders,1,19.0,1476
1,period,825088,18010,space_invaders,space_invaders,2,10.0,1476
1,period,825088,18010,space_invaders,space_invaders,3,12.0,1476
1,period,825088,18010,space_invaders,space_invaders,4,23.0,1476
1,period,825088,18010,space_invaders,space_invaders,5,7.0,1476
1,period,825088,18010,space_invaders,space_invaders,6,23.0,1476
1,period,825088,18010,space_invaders,space_invaders,7,15.0,1476
1,period,825088,18010,space_invaders,space_invaders,8,19.0,1476
1,period,825088,18010,space_invaders,space_invaders,9,7.0,1476
1,period,825088,18010,space_invaders,space_invaders,10,15.0,1476
1,period,825088,18010,space_invaders,freeway,1,0.0,25000
1,period,825088,18010,space_invaders,freeway,2,0.0,25000
1,period,825088,18010,space_invaders,freeway,3,0.0,25000
1,period,825088,18010,space_invaders,freeway,4,0.0,25000
1,period,825088,18010,space_invaders,freeway,5,0.0,25000
1,period,825088,18010,space_invaders,freeway,6,0.0,25000
1,period,825088,18010,space_invaders,freeway,7,0.0,25000
1,period,825088,18010,space_invaders,freeway,8,0.0,25000
1,period,825088,18010,space_invaders,freeway,9,0.0,25000
1,period,825088,18010,space_invaders,freeway,10,0.0,25000
1,period,850176,18207,space_invaders,breakout,1,5.0,414
1,period,850176,18207,space_invaders,breakout,2,5.0,414
1,period,850176,18207,space_invaders,breakout,3,0.0,414
1,period,850176,18207,space_invaders,breakout,4,3.0,414
1,period,850176,18207,space_invaders,breakout,5,6.0,414
1,period,850176,18207,space_invaders,breakout,6,1.0,414
1,period,850176,18207,space_invaders,breakout,7,3.0,414
1,period,850176,18207,space_invaders,breakout,8,6.0,414
1,period,850176,18207,space_invaders,breakout,9,1.0,414
1,period,850176,18207,space_invaders,breakout,10,3.0,414
1,period,850176,18207,space_invaders,space_invaders,1,6.0,1039
1,period,850176,18207,space_invaders,space_invaders,2,11.0,1039
1,period,850176,18207,space_invaders,space_invaders,3,9.0,1039
1,period,850176,18207,space_invaders,space_invaders,4,14.0,1039
1,period,850176,18207,space_invaders,space_invaders,5,11.0,1039
1,period,850176,18207,space_invaders,space_invaders,6,23.0,1039
1,period,850176,18207,space_invaders,space_invaders,7,13.0,1039
1,period,850176,18207,space_invaders,space_invaders,8,14.0,1039
1,period,850176,18207,space_invaders,space_invaders,9,8.0,1039
1,period,850176,18207,space_invaders,space_invaders,10,15.0,1039
1,period,850176,18207,space_invaders,freeway,1,0.0,25000
1,period,850176,18207,space_invaders,freeway,2,0.0,25000
1,period,850176,18207,space_invaders,freeway,3,0.0,25000
1,period,850176,18207,space_invaders,freeway,4,0.0,25000
1,period,850176,18207,space_invaders,freeway,5,0.0,25000
1,period,850176,18207,space_invaders,freeway,6,1.0,25000
1,period,850176,18207,space_invaders,freeway,7,0.0,25000
1,period,850176,18207,space_invaders,freeway,8,0.0,25000
1,period,850176,18207,space_invaders,freeway,9,0.0,25000
1,period,850176,18207,space_invaders,freeway,10,0.0,25000
1,period,875008,18398,space_invaders,breakout,1,3.0,520
1,period,875008,18398,space_invaders,breakout,2,2.0,520
1,period,875008,18398,space_invaders,breakout,3,3.0,520
1,period,875008,18398,space_invaders,breakout,4,6.0,520
1,period,875008,18398,space_invaders,breakout,5,6.0,520
1,period,875008,18398,space_invaders,breakout,6,5.0,520
1,period,875008,18398,space_invaders,breakout,7,3.0,520
1,period,875008,18398,space_invaders,breakout,8,3.0,520
1,period,875008,18398,space_invaders,breakout,9,6.0,520
1,period,875008,18398,space_invaders,breakout,10,6.0,520
1,period,875008,18398,space_invaders,space_invaders,1,14.0,1442
1,period,875008,18398,space_invaders,space_invaders,2,21.0,1442
1,period,875008,18398,space_invaders,space_invaders,3,16.0,1442
1,period,875008,18398,space_invaders,space_invaders,4,13.0,1442
1,period,875008,18398,space_invaders,space_invaders,5,23.0,1442
1,period,875008,18398,space_invaders,space_invaders,6,18.0,1442
1,period,875008,18398,space_invaders,space_invaders,7,7.0,1442
1,period,875008,18398,space_invaders,space_invaders,8,11.0,1442
1,period,875008,18398,space_invaders,space_invaders,9,9.0,1442
1,period,875008,18398,space_invaders,space_invaders,10,18.0,1442
1,period,875008,18398,space_invaders,freeway,1,0.0,25000
1,period,875008,18398,space_invaders,freeway,2,0.0,25000
1,period,875008,18398,space_invaders,freeway,3,0.0,25000
1,period,875008,18398,space_invaders,freeway,4,0.0,25000
1,period,875008,18398,space_invaders,freeway,5,0.0,25000
1,period,875008,18398,space_invaders,freeway,6,0.0,25000
1,period,875008,18398,space_invaders,freeway,7,0.0,25000
1,period,875008,18398,space_invaders,freeway,8,0.0,25000
1,period,875008,18398,space_invaders,freeway,9,0.0,25000
1,period,875008,18398,space_invaders,freeway,10,0.0,25000
1,period,900096,18561,space_invaders,breakout,1,4.0,412
1,period,900096,18561,space_invaders,breakout,2,3.0,412
1,period,900096,18561,space_invaders,breakout,3,4.0,412
1,period,900096,18561,space_invaders,breakout,4,3.0,412
1,period,900096,18561,space_invaders,breakout,5,2.0,412
1,period,900096,18561,space_invaders,breakout,6,1.0,412
1,period,900096,18561,space_invaders,breakout,7,6.0,412
1,period,900096,18561,space_invaders,breakout,8,2.0,412
1,period,900096,18561,space_invaders,breakout,9,5.0,412
1,period,900096,18561,space_invaders,breakout,10,3.0,412
1,period,900096,18561,space_invaders,space_invaders,1,7.0,1711
1,period,900096,18561,space_invaders,space_invaders,2,19.0,1711
1,period,900096,18561,space_invaders,space_invaders,3,17.0,1711
1,period,900096,18561,space_invaders,space_invaders,4,26.0,1711
1,period,900096,18561,space_invaders,space_invaders,5,23.0,1711
1,period,900096,18561,space_invaders,space_invaders,6,10.0,1711
1,period,900096,18561,space_invaders,space_invaders,7,10.0,1711
1,period,900096,18561,space_invaders,space_invaders,8,27.0,1711
1,period,900096,18561,space_invaders,space_invaders,9,16.0,1711
1,period,900096,18561,space_invaders,space_invaders,10,20.0,1711
1,period,900096,18561,space_invaders,freeway,1,0.0,25000
1,period,900096,18561,space_invaders,freeway,2,0.0,25000
1,period,900096,18561,space_invaders,freeway,3,0.0,25000
1,period,900096,18561,space_invaders,freeway,4,0.0,25000
1,period,900096,18561,space_invaders,freeway,5,0.0,25000
1,period,900096,18561,space_invaders,freeway,6,0.0,25000
1,period,900096,18561,space_invaders,freeway,7,0.0,25000
1,period,900096,18561,space_invaders,freeway,8,0.0,25000
1,period,900096,18561,space_invaders,freeway,9,0.0,25000
1,period,900096,18561,space_invaders,freeway,10,0.0,25000
1,period,925184,18697,space_invaders,breakout,1,3.0,406
1,period,925184,18697,space_invaders,breakout,2,3.0,406
1,period,925184,18697,space_invaders,breakout,3,1.0,406
1,period,925184,18697,space_invaders,breakout,4,2.0,406
1,period,925184,18697,space_invaders,breakout,5,3.0,406
1,period,925184,18697,space_invaders,breakout,6,3.0,406
1,period,925184,18697,space_invaders,breakout,7,3.0,406
1,period,925184,18697,space_invaders,breakout,8,5.0,406
1,period,925184,18697,space_invaders,breakout,9,3.0,406
1,period,925184,18697,space_invaders,breakout,10,6.0,406
1,period,925184,18697,space_invaders,space_invaders,1,13.0,1957
1,period,925184,18697,space_invaders,space_invaders,2,11.0,1957
1,period,925184,18697,space_invaders,space_invaders,3,17.0,1957
1,period,925184,18697,space_invaders,space_invaders,4,21.0,1957
1,period,925184,18697,space_invaders,space_invaders,5,21.0,1957
1,period,925184,18697,space_invaders,space_invaders,6,37.0,1957
1,period,925184,18697,space_invaders,space_invaders,7,11.0,1957
1,period,925184,18697,space_invaders,space_invaders,8,22.0,1957
1,period,925184,18697,space_invaders,space_invaders,9,22.0,1957
1,period,925184,18697,space_invaders,space_invaders,10,20.0,1957
1,period,925184,18697,space_invaders,freeway,1,0.0,25000
1,period,925184,18697,space_invaders,freeway,2,0.0,25000
1,period,925184,18697,space_invaders,freeway,3,0.0,25000
1,period,925184,18697,space_invaders,freeway,4,0.0,25000
1,period,925184,18697,space_invaders,freeway,5,0.0,25000
1,period,925184,18697,space_invaders,freeway,6,0.0,25000
1,period,925184,18697,space_invaders,freeway,7,0.0,25000
1,period,925184,18697,space_invaders,freeway,8,0.0,25000
1,period,925184,18697,space_invaders,freeway,9,0.0,25000
1,period,925184,18697,space_invaders,freeway,10,0.0,25000
1,period,950016,18830,space_invaders,breakout,1,3.0,368
1,period,950016,18830,space_invaders,breakout,2,6.0,368
1,period,950016,18830,space_invaders,breakout,3,3.0,368
1,period,950016,18830,space_invaders,breakout,4,3.0,368
1,period,950016,18830,space_invaders,breakout,5,1.0,368
1,period,950016,18830,space_invaders,breakout,6,3.0,368
1,period,950016,18830,space_invaders,breakout,7,3.0,368
1,period,950016,18830,space_invaders,breakout,8,3.0,368
1,period,950016,18830,space_invaders,breakout,9,3.0,368
1,period,950016,18830,space_invaders,breakout,10,1.0,368
1,period,950016,18830,space_invaders,space_invaders,1,23.0,1790
1,period,950016,18830,space_invaders,space_invaders,2,13.0,1790
1,period,950016,18830,space_invaders,space_invaders,3,23.0,1790
1,period,950016,18830,space_invaders,space_invaders,4,12.0,1790
1,period,950016,18830,space_invaders,space_invaders,5,23.0,1790
1,period,950016,18830,space_invaders,space_invaders,6,15.0,1790
1,period,950016,18830,space_invaders,space_invaders,7,22.0,1790
1,period,950016,18830,space_invaders,space_invaders,8,12.0,1790
1,period,950016,18830,space_invaders,space_invaders,9,12.0,1790
1,period,950016,18830,space_invaders,space_invaders,10,11.0,1790
1,period,950016,18830,space_invaders,freeway,1,0.0,25000
1,period,950016,18830,space_invaders,freeway,2,0.0,25000
1,period,950016,18830,space_invaders,freeway,3,0.0,25000
1,period,950016,18830,space_invaders,freeway,4,0.0,25000
1,period,950016,18830,space_invaders,freeway,5,0.0,25000
1,period,950016,18830,space_invaders,freeway,6,0.0,25000
1,period,950016,18830,space_invaders,freeway,7,0.0,25000
1,period,950016,18830,space_invaders,freeway,8,0.0,25000
1,period,950016,18830,space_invaders,freeway,9,0.0,25000
1,period,950016,18830,space_invaders,freeway,10,0.0,25000
1,period,975104,18977,space_invaders,breakout,1,3.0,422
1,period,975104,18977,space_invaders,breakout,2,3.0,422
1,period,975104,18977,space_invaders,breakout,3,1.0,422
1,period,975104,18977,space_invaders,breakout,4,6.0,422
1,period,975104,18977,space_invaders,breakout,5,3.0,422
1,period,975104,18977,space_invaders,breakout,6,2.0,422
1,period,975104,18977,space_invaders,breakout,7,3.0,422
1,period,975104,18977,space_invaders,breakout,8,6.0,422
1,period,975104,18977,space_invaders,breakout,9,3.0,422
1,period,975104,18977,space_invaders,breakout,10,4.0,422
1,period,975104,18977,space_invaders,space_invaders,1,14.0,1307
1,period,975104,18977,space_invaders,space_invaders,2,4.0,1307
1,period,975104,18977,space_invaders,space_invaders,3,7.0,1307
1,period,975104,18977,space_invaders,space_invaders,4,4.0,1307
1,period,975104,18977,space_invaders,space_invaders,5,23.0,1307
1,period,975104,18977,space_invaders,space_invaders,6,15.0,1307
1,period,975104,18977,space_invaders,space_invaders,7,23.0,1307
1,period,975104,18977,space_invaders,space_invaders,8,23.0,1307
1,period,975104,18977,space_invaders,space_invaders,9,15.0,1307
1,period,975104,18977,space_invaders,space_invaders,10,19.0,1307
1,period,975104,18977,space_invaders,freeway,1,0.0,25000
1,period,975104,18977,space_invaders,freeway,2,0.0,25000
1,period,975104,18977,space_invaders,freeway,3,0.0,25000
1,period,975104,18977,space_invaders,freeway,4,0.0,25000
1,period,975104,18977,space_invaders,freeway,5,0.0,25000
1,period,975104,18977,space_invaders,freeway,6,0.0,25000
1,period,975104,18977,space_invaders,freeway,7,0.0,25000
1,period,975104,18977,space_invaders,freeway,8,0.0,25000
1,period,975104,18977,space_invaders,freeway,9,0.0,25000
1,period,975104,18977,space_invaders,freeway,10,0.0,25000
2,boundary,1499904,19289,freeway,breakout,1,1.0,160
2,boundary,1499904,19289,freeway,breakout,2,1.0,160
2,boundary,1499904,19289,freeway,breakout,3,2.0,160
2,boundary,1499904,19289,freeway,breakout,4,0.0,160
2,boundary,1499904,19289,freeway,breakout,5,1.0,160
2,boundary,1499904,19289,freeway,breakout,6,1.0,160
2,boundary,1499904,19289,freeway,breakout,7,1.0,160
2,boundary,1499904,19289,freeway,breakout,8,1.0,160
2,boundary,1499904,19289,freeway,breakout,9,1.0,160
2,boundary,1499904,19289,freeway,breakout,10,1.0,160
2,boundary,1499904,19289,freeway,space_invaders,1,0.0,190
2,boundary,1499904,19289,freeway,space_invaders,2,0.0,190
2,boundary,1499904,19289,freeway,space_invaders,3,0.0,190
2,boundary,1499904,19289,freeway,space_invaders,4,0.0,190
2,boundary,1499904,19289,freeway,space_invaders,5,0.0,190
2,boundary,1499904,19289,freeway,space_invaders,6,0.0,190
2,boundary,1499904,19289,freeway,space_invaders,7,0.0,190
2,boundary,1499904,19289,freeway,space_invaders,8,0.0,190
2,boundary,1499904,19289,freeway,space_invaders,9,1.0,190
2,boundary,1499904,19289,freeway,space_invaders,10,0.0,190
2,boundary,1499904,19289,freeway,freeway,1,29.0,25000
2,boundary,1499904,19289,freeway,freeway,2,12.0,25000
2,boundary,1499904,19289,freeway,freeway,3,28.0,25000
2,boundary,1499904,19289,freeway,freeway,4,24.0,25000
2,boundary,1499904,19289,freeway,freeway,5,21.0,25000
2,boundary,1499904,19289,freeway,freeway,6,20.0,25000
2,boundary,1499904,19289,freeway,freeway,7,14.0,25000
2,boundary,1499904,19289,freeway,freeway,8,20.0,25000
2,boundary,1499904,19289,freeway,freeway,9,19.0,25000
2,boundary,1499904,19289,freeway,freeway,10,27.0,25000
2,period,1000192,19097,freeway,breakout,1,1.0,402
2,period,1000192,19097,freeway,breakout,2,6.0,402
2,period,1000192,19097,freeway,breakout,3,3.0,402
2,period,1000192,19097,freeway,breakout,4,3.0,402
2,period,1000192,19097,freeway,breakout,5,6.0,402
2,period,1000192,19097,freeway,breakout,6,3.0,402
2,period,1000192,19097,freeway,breakout,7,3.0,402
2,period,1000192,19097,freeway,breakout,8,1.0,402
2,period,1000192,19097,freeway,breakout,9,3.0,402
2,period,1000192,19097,freeway,breakout,10,3.0,402
2,period,1000192,19097,freeway,space_invaders,1,19.0,1741
2,period,1000192,19097,freeway,space_invaders,2,4.0,1741
2,period,1000192,19097,freeway,space_invaders,3,4.0,1741
2,period,1000192,19097,freeway,space_invaders,4,25.0,1741
2,period,1000192,19097,freeway,space_invaders,5,13.0,1741
2,period,1000192,19097,freeway,space_invaders,6,44.0,1741
2,period,1000192,19097,freeway,space_invaders,7,23.0,1741
2,period,1000192,19097,freeway,space_invaders,8,19.0,1741
2,period,1000192,19097,freeway,space_invaders,9,9.0,1741
2,period,1000192,19097,freeway,space_invaders,10,4.0,1741
2,period,1000192,19097,freeway,freeway,1,0.0,25000
2,period,1000192,19097,freeway,freeway,2,0.0,25000
2,period,1000192,19097,freeway,freeway,3,0.0,25000
2,period,1000192,19097,freeway,freeway,4,0.0,25000
2,period,1000192,19097,freeway,freeway,5,0.0,25000
2,period,1000192,19097,freeway,freeway,6,0.0,25000
2,period,1000192,19097,freeway,freeway,7,0.0,25000
2,period,1000192,19097,freeway,freeway,8,0.0,25000
2,period,1000192,19097,freeway,freeway,9,0.0,25000
2,period,1000192,19097,freeway,freeway,10,0.0,25000
2,period,1025024,19097,freeway,breakout,1,6.0,390
2,period,1025024,19097,freeway,breakout,2,3.0,390
2,period,1025024,19097,freeway,breakout,3,6.0,390
2,period,1025024,19097,freeway,breakout,4,3.0,390
2,period,1025024,19097,freeway,breakout,5,1.0,390
2,period,1025024,19097,freeway,breakout,6,3.0,390
2,period,1025024,19097,freeway,breakout,7,1.0,390
2,period,1025024,19097,freeway,breakout,8,3.0,390
2,period,1025024,19097,freeway,breakout,9,2.0,390
2,period,1025024,19097,freeway,breakout,10,3.0,390
2,period,1025024,19097,freeway,space_invaders,1,9.0,1107
2,period,1025024,19097,freeway,space_invaders,2,12.0,1107
2,period,1025024,19097,freeway,space_invaders,3,4.0,1107
2,period,1025024,19097,freeway,space_invaders,4,4.0,1107
2,period,1025024,19097,freeway,space_invaders,5,34.0,1107
2,period,1025024,19097,freeway,space_invaders,6,16.0,1107
2,period,1025024,19097,freeway,space_invaders,7,11.0,1107
2,period,1025024,19097,freeway,space_invaders,8,11.0,1107
2,period,1025024,19097,freeway,space_invaders,9,10.0,1107
2,period,1025024,19097,freeway,space_invaders,10,3.0,1107
2,period,1025024,19097,freeway,freeway,1,0.0,25000
2,period,1025024,19097,freeway,freeway,2,0.0,25000
2,period,1025024,19097,freeway,freeway,3,0.0,25000
2,period,1025024,19097,freeway,freeway,4,0.0,25000
2,period,1025024,19097,freeway,freeway,5,0.0,25000
2,period,1025024,19097,freeway,freeway,6,0.0,25000
2,period,1025024,19097,freeway,freeway,7,0.0,25000
2,period,1025024,19097,freeway,freeway,8,0.0,25000
2,period,1025024,19097,freeway,freeway,9,0.0,25000
2,period,1025024,19097,freeway,freeway,10,0.0,25000
2,period,1050112,19113,freeway,breakout,1,5.0,436
2,period,1050112,19113,freeway,breakout,2,3.0,436
2,period,1050112,19113,freeway,breakout,3,3.0,436
2,period,1050112,19113,freeway,breakout,4,3.0,436
2,period,1050112,19113,freeway,breakout,5,3.0,436
2,period,1050112,19113,freeway,breakout,6,3.0,436
2,period,1050112,19113,freeway,breakout,7,3.0,436
2,period,1050112,19113,freeway,breakout,8,6.0,436
2,period,1050112,19113,freeway,breakout,9,3.0,436
2,period,1050112,19113,freeway,breakout,10,3.0,436
2,period,1050112,19113,freeway,space_invaders,1,7.0,1418
2,period,1050112,19113,freeway,space_invaders,2,13.0,1418
2,period,1050112,19113,freeway,space_invaders,3,21.0,1418
2,period,1050112,19113,freeway,space_invaders,4,14.0,1418
2,period,1050112,19113,freeway,space_invaders,5,33.0,1418
2,period,1050112,19113,freeway,space_invaders,6,15.0,1418
2,period,1050112,19113,freeway,space_invaders,7,12.0,1418
2,period,1050112,19113,freeway,space_invaders,8,9.0,1418
2,period,1050112,19113,freeway,space_invaders,9,11.0,1418
2,period,1050112,19113,freeway,space_invaders,10,15.0,1418
2,period,1050112,19113,freeway,freeway,1,0.0,25000
2,period,1050112,19113,freeway,freeway,2,0.0,25000
2,period,1050112,19113,freeway,freeway,3,0.0,25000
2,period,1050112,19113,freeway,freeway,4,0.0,25000
2,period,1050112,19113,freeway,freeway,5,0.0,25000
2,period,1050112,19113,freeway,freeway,6,0.0,25000
2,period,1050112,19113,freeway,freeway,7,0.0,25000
2,period,1050112,19113,freeway,freeway,8,0.0,25000
2,period,1050112,19113,freeway,freeway,9,0.0,25000
2,period,1050112,19113,freeway,freeway,10,0.0,25000
2,period,1075200,19113,freeway,breakout,1,0.0,422
2,period,1075200,19113,freeway,breakout,2,3.0,422
2,period,1075200,19113,freeway,breakout,3,3.0,422
2,period,1075200,19113,freeway,breakout,4,4.0,422
2,period,1075200,19113,freeway,breakout,5,6.0,422
2,period,1075200,19113,freeway,breakout,6,2.0,422
2,period,1075200,19113,freeway,breakout,7,6.0,422
2,period,1075200,19113,freeway,breakout,8,4.0,422
2,period,1075200,19113,freeway,breakout,9,3.0,422
2,period,1075200,19113,freeway,breakout,10,3.0,422
2,period,1075200,19113,freeway,space_invaders,1,14.0,1399
2,period,1075200,19113,freeway,space_invaders,2,8.0,1399
2,period,1075200,19113,freeway,space_invaders,3,5.0,1399
2,period,1075200,19113,freeway,space_invaders,4,10.0,1399
2,period,1075200,19113,freeway,space_invaders,5,4.0,1399
2,period,1075200,19113,freeway,space_invaders,6,15.0,1399
2,period,1075200,19113,freeway,space_invaders,7,25.0,1399
2,period,1075200,19113,freeway,space_invaders,8,23.0,1399
2,period,1075200,19113,freeway,space_invaders,9,32.0,1399
2,period,1075200,19113,freeway,space_invaders,10,7.0,1399
2,period,1075200,19113,freeway,freeway,1,0.0,25000
2,period,1075200,19113,freeway,freeway,2,0.0,25000
2,period,1075200,19113,freeway,freeway,3,0.0,25000
2,period,1075200,19113,freeway,freeway,4,0.0,25000
2,period,1075200,19113,freeway,freeway,5,0.0,25000
2,period,1075200,19113,freeway,freeway,6,0.0,25000
2,period,1075200,19113,freeway,freeway,7,0.0,25000
2,period,1075200,19113,freeway,freeway,8,0.0,25000
2,period,1075200,19113,freeway,freeway,9,0.0,25000
2,period,1075200,19113,freeway,freeway,10,0.0,25000
2,period,1100032,19129,freeway,breakout,1,0.0,312
2,period,1100032,19129,freeway,breakout,2,2.0,312
2,period,1100032,19129,freeway,breakout,3,6.0,312
2,period,1100032,19129,freeway,breakout,4,4.0,312
2,period,1100032,19129,freeway,breakout,5,4.0,312
2,period,1100032,19129,freeway,breakout,6,3.0,312
2,period,1100032,19129,freeway,breakout,7,1.0,312
2,period,1100032,19129,freeway,breakout,8,4.0,312
2,period,1100032,19129,freeway,breakout,9,0.0,312
2,period,1100032,19129,freeway,breakout,10,0.0,312
2,period,1100032,19129,freeway,space_invaders,1,23.0,1158
2,period,1100032,19129,freeway,space_invaders,2,4.0,1158
2,period,1100032,19129,freeway,space_invaders,3,4.0,1158
2,period,1100032,19129,freeway,space_invaders,4,4.0,1158
2,period,1100032,19129,freeway,space_invaders,5,23.0,1158
2,period,1100032,19129,freeway,space_invaders,6,23.0,1158
2,period,1100032,19129,freeway,space_invaders,7,4.0,1158
2,period,1100032,19129,freeway,space_invaders,8,13.0,1158
2,period,1100032,19129,freeway,space_invaders,9,10.0,1158
2,period,1100032,19129,freeway,space_invaders,10,4.0,1158
2,period,1100032,19129,freeway,freeway,1,0.0,25000
2,period,1100032,19129,freeway,freeway,2,0.0,25000
2,period,1100032,19129,freeway,freeway,3,0.0,25000
2,period,1100032,19129,freeway,freeway,4,1.0,25000
2,period,1100032,19129,freeway,freeway,5,0.0,25000
2,period,1100032,19129,freeway,freeway,6,0.0,25000
2,period,1100032,19129,freeway,freeway,7,0.0,25000
2,period,1100032,19129,freeway,freeway,8,0.0,25000
2,period,1100032,19129,freeway,freeway,9,0.0,25000
2,period,1100032,19129,freeway,freeway,10,0.0,25000
2,period,1125120,19145,freeway,breakout,1,1.0,338
2,period,1125120,19145,freeway,breakout,2,0.0,338
2,period,1125120,19145,freeway,breakout,3,1.0,338
2,period,1125120,19145,freeway,breakout,4,3.0,338
2,period,1125120,19145,freeway,breakout,5,3.0,338
2,period,1125120,19145,freeway,breakout,6,1.0,338
2,period,1125120,19145,freeway,breakout,7,6.0,338
2,period,1125120,19145,freeway,breakout,8,0.0,338
2,period,1125120,19145,freeway,breakout,9,5.0,338
2,period,1125120,19145,freeway,breakout,10,6.0,338
2,period,1125120,19145,freeway,space_invaders,1,4.0,1643
2,period,1125120,19145,freeway,space_invaders,2,26.0,1643
2,period,1125120,19145,freeway,space_invaders,3,18.0,1643
2,period,1125120,19145,freeway,space_invaders,4,12.0,1643
2,period,1125120,19145,freeway,space_invaders,5,11.0,1643
2,period,1125120,19145,freeway,space_invaders,6,8.0,1643
2,period,1125120,19145,freeway,space_invaders,7,15.0,1643
2,period,1125120,19145,freeway,space_invaders,8,10.0,1643
2,period,1125120,19145,freeway,space_invaders,9,11.0,1643
2,period,1125120,19145,freeway,space_invaders,10,21.0,1643
2,period,1125120,19145,freeway,freeway,1,0.0,25000
2,period,1125120,19145,freeway,freeway,2,0.0,25000
2,period,1125120,19145,freeway,freeway,3,1.0,25000
2,period,1125120,19145,freeway,freeway,4,1.0,25000
2,period,1125120,19145,freeway,freeway,5,0.0,25000
2,period,1125120,19145,freeway,freeway,6,1.0,25000
2,period,1125120,19145,freeway,freeway,7,0.0,25000
2,period,1125120,19145,freeway,freeway,8,1.0,25000
2,period,1125120,19145,freeway,freeway,9,1.0,25000
2,period,1125120,19145,freeway,freeway,10,1.0,25000
2,period,1150208,19145,freeway,breakout,1,4.0,328
2,period,1150208,19145,freeway,breakout,2,5.0,328
2,period,1150208,19145,freeway,breakout,3,0.0,328
2,period,1150208,19145,freeway,breakout,4,6.0,328
2,period,1150208,19145,freeway,breakout,5,0.0,328
2,period,1150208,19145,freeway,breakout,6,5.0,328
2,period,1150208,19145,freeway,breakout,7,0.0,328
2,period,1150208,19145,freeway,breakout,8,1.0,328
2,period,1150208,19145,freeway,breakout,9,3.0,328
2,period,1150208,19145,freeway,breakout,10,1.0,328
2,period,1150208,19145,freeway,space_invaders,1,10.0,1882
2,period,1150208,19145,freeway,space_invaders,2,19.0,1882
2,period,1150208,19145,freeway,space_invaders,3,23.0,1882
2,period,1150208,19145,freeway,space_invaders,4,23.0,1882
2,period,1150208,19145,freeway,space_invaders,5,10.0,1882
2,period,1150208,19145,freeway,space_invaders,6,7.0,1882
2,period,1150208,19145,freeway,space_invaders,7,20.0,1882
2,period,1150208,19145,freeway,space_invaders,8,23.0,1882
2,period,1150208,19145,freeway,space_invaders,9,14.0,1882
2,period,1150208,19145,freeway,space_invaders,10,12.0,1882
2,period,1150208,19145,freeway,freeway,1,0.0,25000
2,period,1150208,19145,freeway,freeway,2,0.0,25000
2,period,1150208,19145,freeway,freeway,3,2.0,25000
2,period,1150208,19145,freeway,freeway,4,0.0,25000
2,period,1150208,19145,freeway,freeway,5,0.0,25000
2,period,1150208,19145,freeway,freeway,6,0.0,25000
2,period,1150208,19145,freeway,freeway,7,0.0,25000
2,period,1150208,19145,freeway,freeway,8,1.0,25000
2,period,1150208,19145,freeway,freeway,9,0.0,25000
2,period,1150208,19145,freeway,freeway,10,0.0,25000
2,period,1175040,19161,freeway,breakout,1,1.0,226
2,period,1175040,19161,freeway,breakout,2,0.0,226
2,period,1175040,19161,freeway,breakout,3,2.0,226
2,period,1175040,19161,freeway,breakout,4,4.0,226
2,period,1175040,19161,freeway,breakout,5,0.0,226
2,period,1175040,19161,freeway,breakout,6,0.0,226
2,period,1175040,19161,freeway,breakout,7,4.0,226
2,period,1175040,19161,freeway,breakout,8,0.0,226
2,period,1175040,19161,freeway,breakout,9,1.0,226
2,period,1175040,19161,freeway,breakout,10,4.0,226
2,period,1175040,19161,freeway,space_invaders,1,12.0,1366
2,period,1175040,19161,freeway,space_invaders,2,12.0,1366
2,period,1175040,19161,freeway,space_invaders,3,9.0,1366
2,period,1175040,19161,freeway,space_invaders,4,11.0,1366
2,period,1175040,19161,freeway,space_invaders,5,5.0,1366
2,period,1175040,19161,freeway,space_invaders,6,11.0,1366
2,period,1175040,19161,freeway,space_invaders,7,9.0,1366
2,period,1175040,19161,freeway,space_invaders,8,25.0,1366
2,period,1175040,19161,freeway,space_invaders,9,17.0,1366
2,period,1175040,19161,freeway,space_invaders,10,10.0,1366
2,period,1175040,19161,freeway,freeway,1,0.0,25000
2,period,1175040,19161,freeway,freeway,2,0.0,25000
2,period,1175040,19161,freeway,freeway,3,1.0,25000
2,period,1175040,19161,freeway,freeway,4,0.0,25000
2,period,1175040,19161,freeway,freeway,5,0.0,25000
2,period,1175040,19161,freeway,freeway,6,0.0,25000
2,period,1175040,19161,freeway,freeway,7,1.0,25000
2,period,1175040,19161,freeway,freeway,8,0.0,25000
2,period,1175040,19161,freeway,freeway,9,0.0,25000
2,period,1175040,19161,freeway,freeway,10,0.0,25000
2,period,1200128,19177,freeway,breakout,1,2.0,238
2,period,1200128,19177,freeway,breakout,2,4.0,238
2,period,1200128,19177,freeway,breakout,3,2.0,238
2,period,1200128,19177,freeway,breakout,4,0.0,238
2,period,1200128,19177,freeway,breakout,5,1.0,238
2,period,1200128,19177,freeway,breakout,6,3.0,238
2,period,1200128,19177,freeway,breakout,7,2.0,238
2,period,1200128,19177,freeway,breakout,8,0.0,238
2,period,1200128,19177,freeway,breakout,9,0.0,238
2,period,1200128,19177,freeway,breakout,10,3.0,238
2,period,1200128,19177,freeway,space_invaders,1,23.0,1313
2,period,1200128,19177,freeway,space_invaders,2,4.0,1313
2,period,1200128,19177,freeway,space_invaders,3,11.0,1313
2,period,1200128,19177,freeway,space_invaders,4,8.0,1313
2,period,1200128,19177,freeway,space_invaders,5,4.0,1313
2,period,1200128,19177,freeway,space_invaders,6,29.0,1313
2,period,1200128,19177,freeway,space_invaders,7,9.0,1313
2,period,1200128,19177,freeway,space_invaders,8,10.0,1313
2,period,1200128,19177,freeway,space_invaders,9,7.0,1313
2,period,1200128,19177,freeway,space_invaders,10,8.0,1313
2,period,1200128,19177,freeway,freeway,1,1.0,25000
2,period,1200128,19177,freeway,freeway,2,0.0,25000
2,period,1200128,19177,freeway,freeway,3,1.0,25000
2,period,1200128,19177,freeway,freeway,4,1.0,25000
2,period,1200128,19177,freeway,freeway,5,0.0,25000
2,period,1200128,19177,freeway,freeway,6,1.0,25000
2,period,1200128,19177,freeway,freeway,7,0.0,25000
2,period,1200128,19177,freeway,freeway,8,2.0,25000
2,period,1200128,19177,freeway,freeway,9,1.0,25000
2,period,1200128,19177,freeway,freeway,10,2.0,25000
2,period,1225216,19177,freeway,breakout,1,1.0,324
2,period,1225216,19177,freeway,breakout,2,4.0,324
2,period,1225216,19177,freeway,breakout,3,3.0,324
2,period,1225216,19177,freeway,breakout,4,1.0,324
2,period,1225216,19177,freeway,breakout,5,3.0,324
2,period,1225216,19177,freeway,breakout,6,3.0,324
2,period,1225216,19177,freeway,breakout,7,3.0,324
2,period,1225216,19177,freeway,breakout,8,0.0,324
2,period,1225216,19177,freeway,breakout,9,2.0,324
2,period,1225216,19177,freeway,breakout,10,5.0,324
2,period,1225216,19177,freeway,space_invaders,1,3.0,452
2,period,1225216,19177,freeway,space_invaders,2,7.0,452
2,period,1225216,19177,freeway,space_invaders,3,11.0,452
2,period,1225216,19177,freeway,space_invaders,4,5.0,452
2,period,1225216,19177,freeway,space_invaders,5,3.0,452
2,period,1225216,19177,freeway,space_invaders,6,3.0,452
2,period,1225216,19177,freeway,space_invaders,7,7.0,452
2,period,1225216,19177,freeway,space_invaders,8,12.0,452
2,period,1225216,19177,freeway,space_invaders,9,4.0,452
2,period,1225216,19177,freeway,space_invaders,10,2.0,452
2,period,1225216,19177,freeway,freeway,1,2.0,25000
2,period,1225216,19177,freeway,freeway,2,0.0,25000
2,period,1225216,19177,freeway,freeway,3,4.0,25000
2,period,1225216,19177,freeway,freeway,4,4.0,25000
2,period,1225216,19177,freeway,freeway,5,1.0,25000
2,period,1225216,19177,freeway,freeway,6,4.0,25000
2,period,1225216,19177,freeway,freeway,7,3.0,25000
2,period,1225216,19177,freeway,freeway,8,1.0,25000
2,period,1225216,19177,freeway,freeway,9,2.0,25000
2,period,1225216,19177,freeway,freeway,10,4.0,25000
2,period,1250048,19193,freeway,breakout,1,0.0,110
2,period,1250048,19193,freeway,breakout,2,1.0,110
2,period,1250048,19193,freeway,breakout,3,1.0,110
2,period,1250048,19193,freeway,breakout,4,1.0,110
2,period,1250048,19193,freeway,breakout,5,1.0,110
2,period,1250048,19193,freeway,breakout,6,0.0,110
2,period,1250048,19193,freeway,breakout,7,0.0,110
2,period,1250048,19193,freeway,breakout,8,0.0,110
2,period,1250048,19193,freeway,breakout,9,1.0,110
2,period,1250048,19193,freeway,breakout,10,0.0,110
2,period,1250048,19193,freeway,space_invaders,1,0.0,180
2,period,1250048,19193,freeway,space_invaders,2,0.0,180
2,period,1250048,19193,freeway,space_invaders,3,0.0,180
2,period,1250048,19193,freeway,space_invaders,4,0.0,180
2,period,1250048,19193,freeway,space_invaders,5,0.0,180
2,period,1250048,19193,freeway,space_invaders,6,0.0,180
2,period,1250048,19193,freeway,space_invaders,7,0.0,180
2,period,1250048,19193,freeway,space_invaders,8,0.0,180
2,period,1250048,19193,freeway,space_invaders,9,0.0,180
2,period,1250048,19193,freeway,space_invaders,10,0.0,180
2,period,1250048,19193,freeway,freeway,1,24.0,25000
2,period,1250048,19193,freeway,freeway,2,24.0,25000
2,period,1250048,19193,freeway,freeway,3,26.0,25000
2,period,1250048,19193,freeway,freeway,4,26.0,25000
2,period,1250048,19193,freeway,freeway,5,16.0,25000
2,period,1250048,19193,freeway,freeway,6,29.0,25000
2,period,1250048,19193,freeway,freeway,7,24.0,25000
2,period,1250048,19193,freeway,freeway,8,26.0,25000
2,period,1250048,19193,freeway,freeway,9,23.0,25000
2,period,1250048,19193,freeway,freeway,10,32.0,25000
2,period,1275136,19193,freeway,breakout,1,3.0,194
2,period,1275136,19193,freeway,breakout,2,2.0,194
2,period,1275136,19193,freeway,breakout,3,1.0,194
2,period,1275136,19193,freeway,breakout,4,0.0,194
2,period,1275136,19193,freeway,breakout,5,3.0,194
2,period,1275136,19193,freeway,breakout,6,1.0,194
2,period,1275136,19193,freeway,breakout,7,0.0,194
2,period,1275136,19193,freeway,breakout,8,0.0,194
2,period,1275136,19193,freeway,breakout,9,1.0,194
2,period,1275136,19193,freeway,breakout,10,2.0,194
2,period,1275136,19193,freeway,space_invaders,1,0.0,180
2,period,1275136,19193,freeway,space_invaders,2,0.0,180
2,period,1275136,19193,freeway,space_invaders,3,1.0,180
2,period,1275136,19193,freeway,space_invaders,4,0.0,180
2,period,1275136,19193,freeway,space_invaders,5,0.0,180
2,period,1275136,19193,freeway,space_invaders,6,0.0,180
2,period,1275136,19193,freeway,space_invaders,7,0.0,180
2,period,1275136,19193,freeway,space_invaders,8,0.0,180
2,period,1275136,19193,freeway,space_invaders,9,0.0,180
2,period,1275136,19193,freeway,space_invaders,10,0.0,180
2,period,1275136,19193,freeway,freeway,1,18.0,25000
2,period,1275136,19193,freeway,freeway,2,32.0,25000
2,period,1275136,19193,freeway,freeway,3,25.0,25000
2,period,1275136,19193,freeway,freeway,4,23.0,25000
2,period,1275136,19193,freeway,freeway,5,27.0,25000
2,period,1275136,19193,freeway,freeway,6,27.0,25000
2,period,1275136,19193,freeway,freeway,7,24.0,25000
2,period,1275136,19193,freeway,freeway,8,23.0,25000
2,period,1275136,19193,freeway,freeway,9,29.0,25000
2,period,1275136,19193,freeway,freeway,10,14.0,25000
2,period,1300224,19209,freeway,breakout,1,0.0,204
2,period,1300224,19209,freeway,breakout,2,3.0,204
2,period,1300224,19209,freeway,breakout,3,0.0,204
2,period,1300224,19209,freeway,breakout,4,3.0,204
2,period,1300224,19209,freeway,breakout,5,1.0,204
2,period,1300224,19209,freeway,breakout,6,2.0,204
2,period,1300224,19209,freeway,breakout,7,1.0,204
2,period,1300224,19209,freeway,breakout,8,2.0,204
2,period,1300224,19209,freeway,breakout,9,1.0,204
2,period,1300224,19209,freeway,breakout,10,1.0,204
2,period,1300224,19209,freeway,space_invaders,1,0.0,180
2,period,1300224,19209,freeway,space_invaders,2,0.0,180
2,period,1300224,19209,freeway,space_invaders,3,0.0,180
2,period,1300224,19209,freeway,space_invaders,4,0.0,180
2,period,1300224,19209,freeway,space_invaders,5,0.0,180
2,period,1300224,19209,freeway,space_invaders,6,0.0,180
2,period,1300224,19209,freeway,space_invaders,7,0.0,180
2,period,1300224,19209,freeway,space_invaders,8,0.0,180
2,period,1300224,19209,freeway,space_invaders,9,0.0,180
2,period,1300224,19209,freeway,space_invaders,10,0.0,180
2,period,1300224,19209,freeway,freeway,1,32.0,25000
2,period,1300224,19209,freeway,freeway,2,29.0,25000
2,period,1300224,19209,freeway,freeway,3,32.0,25000
2,period,1300224,19209,freeway,freeway,4,20.0,25000
2,period,1300224,19209,freeway,freeway,5,24.0,25000
2,period,1300224,19209,freeway,freeway,6,27.0,25000
2,period,1300224,19209,freeway,freeway,7,26.0,25000
2,period,1300224,19209,freeway,freeway,8,28.0,25000
2,period,1300224,19209,freeway,freeway,9,24.0,25000
2,period,1300224,19209,freeway,freeway,10,19.0,25000
2,period,1325056,19225,freeway,breakout,1,1.0,150
2,period,1325056,19225,freeway,breakout,2,1.0,150
2,period,1325056,19225,freeway,breakout,3,2.0,150
2,period,1325056,19225,freeway,breakout,4,1.0,150
2,period,1325056,19225,freeway,breakout,5,1.0,150
2,period,1325056,19225,freeway,breakout,6,1.0,150
2,period,1325056,19225,freeway,breakout,7,1.0,150
2,period,1325056,19225,freeway,breakout,8,0.0,150
2,period,1325056,19225,freeway,breakout,9,1.0,150
2,period,1325056,19225,freeway,breakout,10,0.0,150
2,period,1325056,19225,freeway,space_invaders,1,1.0,182
2,period,1325056,19225,freeway,space_invaders,2,0.0,182
2,period,1325056,19225,freeway,space_invaders,3,0.0,182
2,period,1325056,19225,freeway,space_invaders,4,0.0,182
2,period,1325056,19225,freeway,space_invaders,5,0.0,182
2,period,1325056,19225,freeway,space_invaders,6,0.0,182
2,period,1325056,19225,freeway,space_invaders,7,1.0,182
2,period,1325056,19225,freeway,space_invaders,8,0.0,182
2,period,1325056,19225,freeway,space_invaders,9,2.0,182
2,period,1325056,19225,freeway,space_invaders,10,0.0,182
2,period,1325056,19225,freeway,freeway,1,35.0,25000
2,period,1325056,19225,freeway,freeway,2,27.0,25000
2,period,1325056,19225,freeway,freeway,3,29.0,25000
2,period,1325056,19225,freeway,freeway,4,23.0,25000
2,period,1325056,19225,freeway,freeway,5,21.0,25000
2,period,1325056,19225,freeway,freeway,6,11.0,25000
2,period,1325056,19225,freeway,freeway,7,37.0,25000
2,period,1325056,19225,freeway,freeway,8,20.0,25000
2,period,1325056,19225,freeway,freeway,9,28.0,25000
2,period,1325056,19225,freeway,freeway,10,18.0,25000
2,period,1350144,19225,freeway,breakout,1,0.0,120
2,period,1350144,19225,freeway,breakout,2,1.0,120
2,period,1350144,19225,freeway,breakout,3,1.0,120
2,period,1350144,19225,freeway,breakout,4,0.0,120
2,period,1350144,19225,freeway,breakout,5,0.0,120
2,period,1350144,19225,freeway,breakout,6,1.0,120
2,period,1350144,19225,freeway,breakout,7,1.0,120
2,period,1350144,19225,freeway,breakout,8,1.0,120
2,period,1350144,19225,freeway,breakout,9,0.0,120
2,period,1350144,19225,freeway,breakout,10,1.0,120
2,period,1350144,19225,freeway,space_invaders,1,0.0,180
2,period,1350144,19225,freeway,space_invaders,2,0.0,180
2,period,1350144,19225,freeway,space_invaders,3,0.0,180
2,period,1350144,19225,freeway,space_invaders,4,0.0,180
2,period,1350144,19225,freeway,space_invaders,5,0.0,180
2,period,1350144,19225,freeway,space_invaders,6,0.0,180
2,period,1350144,19225,freeway,space_invaders,7,0.0,180
2,period,1350144,19225,freeway,space_invaders,8,0.0,180
2,period,1350144,19225,freeway,space_invaders,9,0.0,180
2,period,1350144,19225,freeway,space_invaders,10,0.0,180
2,period,1350144,19225,freeway,freeway,1,29.0,25000
2,period,1350144,19225,freeway,freeway,2,27.0,25000
2,period,1350144,19225,freeway,freeway,3,30.0,25000
2,period,1350144,19225,freeway,freeway,4,22.0,25000
2,period,1350144,19225,freeway,freeway,5,24.0,25000
2,period,1350144,19225,freeway,freeway,6,28.0,25000
2,period,1350144,19225,freeway,freeway,7,23.0,25000
2,period,1350144,19225,freeway,freeway,8,33.0,25000
2,period,1350144,19225,freeway,freeway,9,30.0,25000
2,period,1350144,19225,freeway,freeway,10,27.0,25000
2,period,1375232,19241,freeway,breakout,1,0.0,90
2,period,1375232,19241,freeway,breakout,2,0.0,90
2,period,1375232,19241,freeway,breakout,3,0.0,90
2,period,1375232,19241,freeway,breakout,4,0.0,90
2,period,1375232,19241,freeway,breakout,5,1.0,90
2,period,1375232,19241,freeway,breakout,6,0.0,90
2,period,1375232,19241,freeway,breakout,7,1.0,90
2,period,1375232,19241,freeway,breakout,8,0.0,90
2,period,1375232,19241,freeway,breakout,9,1.0,90
2,period,1375232,19241,freeway,breakout,10,0.0,90
2,period,1375232,19241,freeway,space_invaders,1,0.0,219
2,period,1375232,19241,freeway,space_invaders,2,0.0,219
2,period,1375232,19241,freeway,space_invaders,3,0.0,219
2,period,1375232,19241,freeway,space_invaders,4,0.0,219
2,period,1375232,19241,freeway,space_invaders,5,0.0,219
2,period,1375232,19241,freeway,space_invaders,6,0.0,219
2,period,1375232,19241,freeway,space_invaders,7,0.0,219
2,period,1375232,19241,freeway,space_invaders,8,0.0,219
2,period,1375232,19241,freeway,space_invaders,9,0.0,219
2,period,1375232,19241,freeway,space_invaders,10,0.0,219
2,period,1375232,19241,freeway,freeway,1,23.0,25000
2,period,1375232,19241,freeway,freeway,2,23.0,25000
2,period,1375232,19241,freeway,freeway,3,27.0,25000
2,period,1375232,19241,freeway,freeway,4,31.0,25000
2,period,1375232,19241,freeway,freeway,5,35.0,25000
2,period,1375232,19241,freeway,freeway,6,36.0,25000
2,period,1375232,19241,freeway,freeway,7,21.0,25000
2,period,1375232,19241,freeway,freeway,8,27.0,25000
2,period,1375232,19241,freeway,freeway,9,30.0,25000
2,period,1375232,19241,freeway,freeway,10,25.0,25000
2,period,1400064,19257,freeway,breakout,1,0.0,100
2,period,1400064,19257,freeway,breakout,2,0.0,100
2,period,1400064,19257,freeway,breakout,3,0.0,100
2,period,1400064,19257,freeway,breakout,4,1.0,100
2,period,1400064,19257,freeway,breakout,5,1.0,100
2,period,1400064,19257,freeway,breakout,6,1.0,100
2,period,1400064,19257,freeway,breakout,7,0.0,100
2,period,1400064,19257,freeway,breakout,8,0.0,100
2,period,1400064,19257,freeway,breakout,9,0.0,100
2,period,1400064,19257,freeway,breakout,10,1.0,100
2,period,1400064,19257,freeway,space_invaders,1,0.0,170
2,period,1400064,19257,freeway,space_invaders,2,0.0,170
2,period,1400064,19257,freeway,space_invaders,3,0.0,170
2,period,1400064,19257,freeway,space_invaders,4,0.0,170
2,period,1400064,19257,freeway,space_invaders,5,0.0,170
2,period,1400064,19257,freeway,space_invaders,6,0.0,170
2,period,1400064,19257,freeway,space_invaders,7,0.0,170
2,period,1400064,19257,freeway,space_invaders,8,1.0,170
2,period,1400064,19257,freeway,space_invaders,9,0.0,170
2,period,1400064,19257,freeway,space_invaders,10,0.0,170
2,period,1400064,19257,freeway,freeway,1,28.0,25000
2,period,1400064,19257,freeway,freeway,2,23.0,25000
2,period,1400064,19257,freeway,freeway,3,34.0,25000
2,period,1400064,19257,freeway,freeway,4,31.0,25000
2,period,1400064,19257,freeway,freeway,5,26.0,25000
2,period,1400064,19257,freeway,freeway,6,31.0,25000
2,period,1400064,19257,freeway,freeway,7,20.0,25000
2,period,1400064,19257,freeway,freeway,8,33.0,25000
2,period,1400064,19257,freeway,freeway,9,21.0,25000
2,period,1400064,19257,freeway,freeway,10,37.0,25000
2,period,1425152,19257,freeway,breakout,1,1.0,130
2,period,1425152,19257,freeway,breakout,2,0.0,130
2,period,1425152,19257,freeway,breakout,3,2.0,130
2,period,1425152,19257,freeway,breakout,4,1.0,130
2,period,1425152,19257,freeway,breakout,5,1.0,130
2,period,1425152,19257,freeway,breakout,6,0.0,130
2,period,1425152,19257,freeway,breakout,7,0.0,130
2,period,1425152,19257,freeway,breakout,8,1.0,130
2,period,1425152,19257,freeway,breakout,9,1.0,130
2,period,1425152,19257,freeway,breakout,10,0.0,130
2,period,1425152,19257,freeway,space_invaders,1,0.0,171
2,period,1425152,19257,freeway,space_invaders,2,0.0,171
2,period,1425152,19257,freeway,space_invaders,3,0.0,171
2,period,1425152,19257,freeway,space_invaders,4,1.0,171
2,period,1425152,19257,freeway,space_invaders,5,0.0,171
2,period,1425152,19257,freeway,space_invaders,6,0.0,171
2,period,1425152,19257,freeway,space_invaders,7,0.0,171
2,period,1425152,19257,freeway,space_invaders,8,0.0,171
2,period,1425152,19257,freeway,space_invaders,9,0.0,171
2,period,1425152,19257,freeway,space_invaders,10,0.0,171
2,period,1425152,19257,freeway,freeway,1,28.0,25000
2,period,1425152,19257,freeway,freeway,2,19.0,25000
2,period,1425152,19257,freeway,freeway,3,29.0,25000
2,period,1425152,19257,freeway,freeway,4,26.0,25000
2,period,1425152,19257,freeway,freeway,5,29.0,25000
2,period,1425152,19257,freeway,freeway,6,26.0,25000
2,period,1425152,19257,freeway,freeway,7,35.0,25000
2,period,1425152,19257,freeway,freeway,8,29.0,25000
2,period,1425152,19257,freeway,freeway,9,20.0,25000
2,period,1425152,19257,freeway,freeway,10,20.0,25000
2,period,1450240,19273,freeway,breakout,1,0.0,110
2,period,1450240,19273,freeway,breakout,2,1.0,110
2,period,1450240,19273,freeway,breakout,3,0.0,110
2,period,1450240,19273,freeway,breakout,4,1.0,110
2,period,1450240,19273,freeway,breakout,5,1.0,110
2,period,1450240,19273,freeway,breakout,6,0.0,110
2,period,1450240,19273,freeway,breakout,7,0.0,110
2,period,1450240,19273,freeway,breakout,8,0.0,110
2,period,1450240,19273,freeway,breakout,9,1.0,110
2,period,1450240,19273,freeway,breakout,10,1.0,110
2,period,1450240,19273,freeway,space_invaders,1,0.0,180
2,period,1450240,19273,freeway,space_invaders,2,0.0,180
2,period,1450240,19273,freeway,space_invaders,3,0.0,180
2,period,1450240,19273,freeway,space_invaders,4,0.0,180
2,period,1450240,19273,freeway,space_invaders,5,0.0,180
2,period,1450240,19273,freeway,space_invaders,6,0.0,180
2,period,1450240,19273,freeway,space_invaders,7,0.0,180
2,period,1450240,19273,freeway,space_invaders,8,0.0,180
2,period,1450240,19273,freeway,space_invaders,9,0.0,180
2,period,1450240,19273,freeway,space_invaders,10,0.0,180
2,period,1450240,19273,freeway,freeway,1,30.0,25000
2,period,1450240,19273,freeway,freeway,2,28.0,25000
2,period,1450240,19273,freeway,freeway,3,16.0,25000
2,period,1450240,19273,freeway,freeway,4,23.0,25000
2,period,1450240,19273,freeway,freeway,5,35.0,25000
2,period,1450240,19273,freeway,freeway,6,31.0,25000
2,period,1450240,19273,freeway,freeway,7,23.0,25000
2,period,1450240,19273,freeway,freeway,8,26.0,25000
2,period,1450240,19273,freeway,freeway,9,28.0,25000
2,period,1450240,19273,freeway,freeway,10,26.0,25000
2,period,1475072,19273,freeway,breakout,1,1.0,130
2,period,1475072,19273,freeway,breakout,2,0.0,130
2,period,1475072,19273,freeway,breakout,3,0.0,130
2,period,1475072,19273,freeway,breakout,4,1.0,130
2,period,1475072,19273,freeway,breakout,5,1.0,130
2,period,1475072,19273,freeway,breakout,6,1.0,130
2,period,1475072,19273,freeway,breakout,7,0.0,130
2,period,1475072,19273,freeway,breakout,8,0.0,130
2,period,1475072,19273,freeway,breakout,9,1.0,130
2,period,1475072,19273,freeway,breakout,10,2.0,130
2,period,1475072,19273,freeway,space_invaders,1,0.0,170
2,period,1475072,19273,freeway,space_invaders,2,0.0,170
2,period,1475072,19273,freeway,space_invaders,3,0.0,170
2,period,1475072,19273,freeway,space_invaders,4,0.0,170
2,period,1475072,19273,freeway,space_invaders,5,0.0,170
2,period,1475072,19273,freeway,space_invaders,6,0.0,170
2,period,1475072,19273,freeway,space_invaders,7,0.0,170
2,period,1475072,19273,freeway,space_invaders,8,0.0,170
2,period,1475072,19273,freeway,space_invaders,9,0.0,170
2,period,1475072,19273,freeway,space_invaders,10,0.0,170
2,period,1475072,19273,freeway,freeway,1,23.0,25000
2,period,1475072,19273,freeway,freeway,2,24.0,25000
2,period,1475072,19273,freeway,freeway,3,22.0,25000
2,period,1475072,19273,freeway,freeway,4,23.0,25000
2,period,1475072,19273,freeway,freeway,5,21.0,25000
2,period,1475072,19273,freeway,freeway,6,26.0,25000
2,period,1475072,19273,freeway,freeway,7,22.0,25000
2,period,1475072,19273,freeway,freeway,8,25.0,25000
2,period,1475072,19273,freeway,freeway,9,24.0,25000
2,period,1475072,19273,freeway,freeway,10,24.0,25000
3,boundary,1999872,28646,breakout,breakout,1,6.0,566
3,boundary,1999872,28646,breakout,breakout,2,5.0,566
3,boundary,1999872,28646,breakout,breakout,3,5.0,566
3,boundary,1999872,28646,breakout,breakout,4,2.0,566
3,boundary,1999872,28646,breakout,breakout,5,2.0,566
3,boundary,1999872,28646,breakout,breakout,6,6.0,566
3,boundary,1999872,28646,breakout,breakout,7,6.0,566
3,boundary,1999872,28646,breakout,breakout,8,5.0,566
3,boundary,1999872,28646,breakout,breakout,9,5.0,566
3,boundary,1999872,28646,breakout,breakout,10,5.0,566
3,boundary,1999872,28646,breakout,space_invaders,1,0.0,171
3,boundary,1999872,28646,breakout,space_invaders,2,1.0,171
3,boundary,1999872,28646,breakout,space_invaders,3,0.0,171
3,boundary,1999872,28646,breakout,space_invaders,4,1.0,171
3,boundary,1999872,28646,breakout,space_invaders,5,0.0,171
3,boundary,1999872,28646,breakout,space_invaders,6,0.0,171
3,boundary,1999872,28646,breakout,space_invaders,7,0.0,171
3,boundary,1999872,28646,breakout,space_invaders,8,0.0,171
3,boundary,1999872,28646,breakout,space_invaders,9,0.0,171
3,boundary,1999872,28646,breakout,space_invaders,10,0.0,171
3,boundary,1999872,28646,breakout,freeway,1,13.0,25000
3,boundary,1999872,28646,breakout,freeway,2,12.0,25000
3,boundary,1999872,28646,breakout,freeway,3,13.0,25000
3,boundary,1999872,28646,breakout,freeway,4,18.0,25000
3,boundary,1999872,28646,breakout,freeway,5,21.0,25000
3,boundary,1999872,28646,breakout,freeway,6,23.0,25000
3,boundary,1999872,28646,breakout,freeway,7,10.0,25000
3,boundary,1999872,28646,breakout,freeway,8,23.0,25000
3,boundary,1999872,28646,breakout,freeway,9,20.0,25000
3,boundary,1999872,28646,breakout,freeway,10,20.0,25000
3,period,1500160,19306,breakout,breakout,1,0.0,122
3,period,1500160,19306,breakout,breakout,2,1.0,122
3,period,1500160,19306,breakout,breakout,3,3.0,122
3,period,1500160,19306,breakout,breakout,4,1.0,122
3,period,1500160,19306,breakout,breakout,5,0.0,122
3,period,1500160,19306,breakout,breakout,6,0.0,122
3,period,1500160,19306,breakout,breakout,7,0.0,122
3,period,1500160,19306,breakout,breakout,8,0.0,122
3,period,1500160,19306,breakout,breakout,9,1.0,122
3,period,1500160,19306,breakout,breakout,10,0.0,122
3,period,1500160,19306,breakout,space_invaders,1,0.0,170
3,period,1500160,19306,breakout,space_invaders,2,0.0,170
3,period,1500160,19306,breakout,space_invaders,3,0.0,170
3,period,1500160,19306,breakout,space_invaders,4,0.0,170
3,period,1500160,19306,breakout,space_invaders,5,0.0,170
3,period,1500160,19306,breakout,space_invaders,6,0.0,170
3,period,1500160,19306,breakout,space_invaders,7,0.0,170
3,period,1500160,19306,breakout,space_invaders,8,0.0,170
3,period,1500160,19306,breakout,space_invaders,9,0.0,170
3,period,1500160,19306,breakout,space_invaders,10,0.0,170
3,period,1500160,19306,breakout,freeway,1,22.0,25000
3,period,1500160,19306,breakout,freeway,2,27.0,25000
3,period,1500160,19306,breakout,freeway,3,31.0,25000
3,period,1500160,19306,breakout,freeway,4,19.0,25000
3,period,1500160,19306,breakout,freeway,5,30.0,25000
3,period,1500160,19306,breakout,freeway,6,28.0,25000
3,period,1500160,19306,breakout,freeway,7,24.0,25000
3,period,1500160,19306,breakout,freeway,8,23.0,25000
3,period,1500160,19306,breakout,freeway,9,28.0,25000
3,period,1500160,19306,breakout,freeway,10,25.0,25000
3,period,1525248,19960,breakout,breakout,1,6.0,456
3,period,1525248,19960,breakout,breakout,2,3.0,456
3,period,1525248,19960,breakout,breakout,3,3.0,456
3,period,1525248,19960,breakout,breakout,4,5.0,456
3,period,1525248,19960,breakout,breakout,5,5.0,456
3,period,1525248,19960,breakout,breakout,6,1.0,456
3,period,1525248,19960,breakout,breakout,7,5.0,456
3,period,1525248,19960,breakout,breakout,8,2.0,456
3,period,1525248,19960,breakout,breakout,9,4.0,456
3,period,1525248,19960,breakout,breakout,10,3.0,456
3,period,1525248,19960,breakout,space_invaders,1,1.0,309
3,period,1525248,19960,breakout,space_invaders,2,0.0,309
3,period,1525248,19960,breakout,space_invaders,3,1.0,309
3,period,1525248,19960,breakout,space_invaders,4,0.0,309
3,period,1525248,19960,breakout,space_invaders,5,0.0,309
3,period,1525248,19960,breakout,space_invaders,6,2.0,309
3,period,1525248,19960,breakout,space_invaders,7,2.0,309
3,period,1525248,19960,breakout,space_invaders,8,2.0,309
3,period,1525248,19960,breakout,space_invaders,9,0.0,309
3,period,1525248,19960,breakout,space_invaders,10,1.0,309
3,period,1525248,19960,breakout,freeway,1,13.0,25000
3,period,1525248,19960,breakout,freeway,2,21.0,25000
3,period,1525248,19960,breakout,freeway,3,17.0,25000
3,period,1525248,19960,breakout,freeway,4,13.0,25000
3,period,1525248,19960,breakout,freeway,5,14.0,25000
3,period,1525248,19960,breakout,freeway,6,12.0,25000
3,period,1525248,19960,breakout,freeway,7,16.0,25000
3,period,1525248,19960,breakout,freeway,8,14.0,25000
3,period,1525248,19960,breakout,freeway,9,19.0,25000
3,period,1525248,19960,breakout,freeway,10,24.0,25000
3,period,1550080,20447,breakout,breakout,1,6.0,548
3,period,1550080,20447,breakout,breakout,2,5.0,548
3,period,1550080,20447,breakout,breakout,3,2.0,548
3,period,1550080,20447,breakout,breakout,4,5.0,548
3,period,1550080,20447,breakout,breakout,5,5.0,548
3,period,1550080,20447,breakout,breakout,6,5.0,548
3,period,1550080,20447,breakout,breakout,7,5.0,548
3,period,1550080,20447,breakout,breakout,8,5.0,548
3,period,1550080,20447,breakout,breakout,9,5.0,548
3,period,1550080,20447,breakout,breakout,10,2.0,548
3,period,1550080,20447,breakout,space_invaders,1,0.0,340
3,period,1550080,20447,breakout,space_invaders,2,1.0,340
3,period,1550080,20447,breakout,space_invaders,3,1.0,340
3,period,1550080,20447,breakout,space_invaders,4,0.0,340
3,period,1550080,20447,breakout,space_invaders,5,1.0,340
3,period,1550080,20447,breakout,space_invaders,6,1.0,340
3,period,1550080,20447,breakout,space_invaders,7,0.0,340
3,period,1550080,20447,breakout,space_invaders,8,1.0,340
3,period,1550080,20447,breakout,space_invaders,9,4.0,340
3,period,1550080,20447,breakout,space_invaders,10,0.0,340
3,period,1550080,20447,breakout,freeway,1,23.0,25000
3,period,1550080,20447,breakout,freeway,2,10.0,25000
3,period,1550080,20447,breakout,freeway,3,11.0,25000
3,period,1550080,20447,breakout,freeway,4,12.0,25000
3,period,1550080,20447,breakout,freeway,5,18.0,25000
3,period,1550080,20447,breakout,freeway,6,17.0,25000
3,period,1550080,20447,breakout,freeway,7,16.0,25000
3,period,1550080,20447,breakout,freeway,8,22.0,25000
3,period,1550080,20447,breakout,freeway,9,23.0,25000
3,period,1550080,20447,breakout,freeway,10,17.0,25000
3,period,1575168,20934,breakout,breakout,1,6.0,608
3,period,1575168,20934,breakout,breakout,2,5.0,608
3,period,1575168,20934,breakout,breakout,3,6.0,608
3,period,1575168,20934,breakout,breakout,4,5.0,608
3,period,1575168,20934,breakout,breakout,5,6.0,608
3,period,1575168,20934,breakout,breakout,6,2.0,608
3,period,1575168,20934,breakout,breakout,7,4.0,608
3,period,1575168,20934,breakout,breakout,8,6.0,608
3,period,1575168,20934,breakout,breakout,9,6.0,608
3,period,1575168,20934,breakout,breakout,10,5.0,608
3,period,1575168,20934,breakout,space_invaders,1,0.0,229
3,period,1575168,20934,breakout,space_invaders,2,0.0,229
3,period,1575168,20934,breakout,space_invaders,3,0.0,229
3,period,1575168,20934,breakout,space_invaders,4,1.0,229
3,period,1575168,20934,breakout,space_invaders,5,0.0,229
3,period,1575168,20934,breakout,space_invaders,6,0.0,229
3,period,1575168,20934,breakout,space_invaders,7,0.0,229
3,period,1575168,20934,breakout,space_invaders,8,0.0,229
3,period,1575168,20934,breakout,space_invaders,9,0.0,229
3,period,1575168,20934,breakout,space_invaders,10,1.0,229
3,period,1575168,20934,breakout,freeway,1,15.0,25000
3,period,1575168,20934,breakout,freeway,2,21.0,25000
3,period,1575168,20934,breakout,freeway,3,26.0,25000
3,period,1575168,20934,breakout,freeway,4,15.0,25000
3,period,1575168,20934,breakout,freeway,5,9.0,25000
3,period,1575168,20934,breakout,freeway,6,26.0,25000
3,period,1575168,20934,breakout,freeway,7,18.0,25000
3,period,1575168,20934,breakout,freeway,8,24.0,25000
3,period,1575168,20934,breakout,freeway,9,14.0,25000
3,period,1575168,20934,breakout,freeway,10,15.0,25000
3,period,1600000,21404,breakout,breakout,1,5.0,548
3,period,1600000,21404,breakout,breakout,2,1.0,548
3,period,1600000,21404,breakout,breakout,3,4.0,548
3,period,1600000,21404,breakout,breakout,4,6.0,548
3,period,1600000,21404,breakout,breakout,5,6.0,548
3,period,1600000,21404,breakout,breakout,6,4.0,548
3,period,1600000,21404,breakout,breakout,7,6.0,548
3,period,1600000,21404,breakout,breakout,8,6.0,548
3,period,1600000,21404,breakout,breakout,9,6.0,548
3,period,1600000,21404,breakout,breakout,10,2.0,548
3,period,1600000,21404,breakout,space_invaders,1,0.0,191
3,period,1600000,21404,breakout,space_invaders,2,0.0,191
3,period,1600000,21404,breakout,space_invaders,3,0.0,191
3,period,1600000,21404,breakout,space_invaders,4,0.0,191
3,period,1600000,21404,breakout,space_invaders,5,1.0,191
3,period,1600000,21404,breakout,space_invaders,6,0.0,191
3,period,1600000,21404,breakout,space_invaders,7,0.0,191
3,period,1600000,21404,breakout,space_invaders,8,0.0,191
3,period,1600000,21404,breakout,space_invaders,9,1.0,191
3,period,1600000,21404,breakout,space_invaders,10,0.0,191
3,period,1600000,21404,breakout,freeway,1,24.0,25000
3,period,1600000,21404,breakout,freeway,2,14.0,25000
3,period,1600000,21404,breakout,freeway,3,21.0,25000
3,period,1600000,21404,breakout,freeway,4,23.0,25000
3,period,1600000,21404,breakout,freeway,5,24.0,25000
3,period,1600000,21404,breakout,freeway,6,16.0,25000
3,period,1600000,21404,breakout,freeway,7,18.0,25000
3,period,1600000,21404,breakout,freeway,8,20.0,25000
3,period,1600000,21404,breakout,freeway,9,23.0,25000
3,period,1600000,21404,breakout,freeway,10,17.0,25000
3,period,1625088,21870,breakout,breakout,1,6.0,616
3,period,1625088,21870,breakout,breakout,2,6.0,616
3,period,1625088,21870,breakout,breakout,3,6.0,616
3,period,1625088,21870,breakout,breakout,4,3.0,616
3,period,1625088,21870,breakout,breakout,5,6.0,616
3,period,1625088,21870,breakout,breakout,6,6.0,616
3,period,1625088,21870,breakout,breakout,7,5.0,616
3,period,1625088,21870,breakout,breakout,8,6.0,616
3,period,1625088,21870,breakout,breakout,9,3.0,616
3,period,1625088,21870,breakout,breakout,10,5.0,616
3,period,1625088,21870,breakout,space_invaders,1,0.0,192
3,period,1625088,21870,breakout,space_invaders,2,2.0,192
3,period,1625088,21870,breakout,space_invaders,3,0.0,192
3,period,1625088,21870,breakout,space_invaders,4,0.0,192
3,period,1625088,21870,breakout,space_invaders,5,0.0,192
3,period,1625088,21870,breakout,space_invaders,6,0.0,192
3,period,1625088,21870,breakout,space_invaders,7,0.0,192
3,period,1625088,21870,breakout,space_invaders,8,1.0,192
3,period,1625088,21870,breakout,space_invaders,9,1.0,192
3,period,1625088,21870,breakout,space_invaders,10,0.0,192
3,period,1625088,21870,breakout,freeway,1,26.0,25000
3,period,1625088,21870,breakout,freeway,2,18.0,25000
3,period,1625088,21870,breakout,freeway,3,15.0,25000
3,period,1625088,21870,breakout,freeway,4,21.0,25000
3,period,1625088,21870,breakout,freeway,5,16.0,25000
3,period,1625088,21870,breakout,freeway,6,18.0,25000
3,period,1625088,21870,breakout,freeway,7,25.0,25000
3,period,1625088,21870,breakout,freeway,8,17.0,25000
3,period,1625088,21870,breakout,freeway,9,25.0,25000
3,period,1625088,21870,breakout,freeway,10,27.0,25000
3,period,1650176,22330,breakout,breakout,1,4.0,464
3,period,1650176,22330,breakout,breakout,2,5.0,464
3,period,1650176,22330,breakout,breakout,3,5.0,464
3,period,1650176,22330,breakout,breakout,4,5.0,464
3,period,1650176,22330,breakout,breakout,5,1.0,464
3,period,1650176,22330,breakout,breakout,6,3.0,464
3,period,1650176,22330,breakout,breakout,7,5.0,464
3,period,1650176,22330,breakout,breakout,8,6.0,464
3,period,1650176,22330,breakout,breakout,9,2.0,464
3,period,1650176,22330,breakout,breakout,10,2.0,464
3,period,1650176,22330,breakout,space_invaders,1,0.0,180
3,period,1650176,22330,breakout,space_invaders,2,1.0,180
3,period,1650176,22330,breakout,space_invaders,3,0.0,180
3,period,1650176,22330,breakout,space_invaders,4,0.0,180
3,period,1650176,22330,breakout,space_invaders,5,0.0,180
3,period,1650176,22330,breakout,space_invaders,6,0.0,180
3,period,1650176,22330,breakout,space_invaders,7,0.0,180
3,period,1650176,22330,breakout,space_invaders,8,1.0,180
3,period,1650176,22330,breakout,space_invaders,9,0.0,180
3,period,1650176,22330,breakout,space_invaders,10,0.0,180
3,period,1650176,22330,breakout,freeway,1,20.0,25000
3,period,1650176,22330,breakout,freeway,2,23.0,25000
3,period,1650176,22330,breakout,freeway,3,15.0,25000
3,period,1650176,22330,breakout,freeway,4,18.0,25000
3,period,1650176,22330,breakout,freeway,5,22.0,25000
3,period,1650176,22330,breakout,freeway,6,24.0,25000
3,period,1650176,22330,breakout,freeway,7,19.0,25000
3,period,1650176,22330,breakout,freeway,8,25.0,25000
3,period,1650176,22330,breakout,freeway,9,16.0,25000
3,period,1650176,22330,breakout,freeway,10,20.0,25000
3,period,1675008,22783,breakout,breakout,1,6.0,606
3,period,1675008,22783,breakout,breakout,2,5.0,606
3,period,1675008,22783,breakout,breakout,3,4.0,606
3,period,1675008,22783,breakout,breakout,4,6.0,606
3,period,1675008,22783,breakout,breakout,5,6.0,606
3,period,1675008,22783,breakout,breakout,6,6.0,606
3,period,1675008,22783,breakout,breakout,7,5.0,606
3,period,1675008,22783,breakout,breakout,8,5.0,606
3,period,1675008,22783,breakout,breakout,9,5.0,606
3,period,1675008,22783,breakout,breakout,10,3.0,606
3,period,1675008,22783,breakout,space_invaders,1,0.0,283
3,period,1675008,22783,breakout,space_invaders,2,1.0,283
3,period,1675008,22783,breakout,space_invaders,3,2.0,283
3,period,1675008,22783,breakout,space_invaders,4,1.0,283
3,period,1675008,22783,breakout,space_invaders,5,1.0,283
3,period,1675008,22783,breakout,space_invaders,6,1.0,283
3,period,1675008,22783,breakout,space_invaders,7,2.0,283
3,period,1675008,22783,breakout,space_invaders,8,1.0,283
3,period,1675008,22783,breakout,space_invaders,9,2.0,283
3,period,1675008,22783,breakout,space_invaders,10,9.0,283
3,period,1675008,22783,breakout,freeway,1,19.0,25000
3,period,1675008,22783,breakout,freeway,2,18.0,25000
3,period,1675008,22783,breakout,freeway,3,21.0,25000
3,period,1675008,22783,breakout,freeway,4,16.0,25000
3,period,1675008,22783,breakout,freeway,5,16.0,25000
3,period,1675008,22783,breakout,freeway,6,17.0,25000
3,period,1675008,22783,breakout,freeway,7,21.0,25000
3,period,1675008,22783,breakout,freeway,8,21.0,25000
3,period,1675008,22783,breakout,freeway,9,17.0,25000
3,period,1675008,22783,breakout,freeway,10,3.0,25000
3,period,1700096,23253,breakout,breakout,1,5.0,584
3,period,1700096,23253,breakout,breakout,2,6.0,584
3,period,1700096,23253,breakout,breakout,3,5.0,584
3,period,1700096,23253,breakout,breakout,4,6.0,584
3,period,1700096,23253,breakout,breakout,5,2.0,584
3,period,1700096,23253,breakout,breakout,6,6.0,584
3,period,1700096,23253,breakout,breakout,7,5.0,584
3,period,1700096,23253,breakout,breakout,8,6.0,584
3,period,1700096,23253,breakout,breakout,9,5.0,584
3,period,1700096,23253,breakout,breakout,10,3.0,584
3,period,1700096,23253,breakout,space_invaders,1,0.0,192
3,period,1700096,23253,breakout,space_invaders,2,0.0,192
3,period,1700096,23253,breakout,space_invaders,3,1.0,192
3,period,1700096,23253,breakout,space_invaders,4,1.0,192
3,period,1700096,23253,breakout,space_invaders,5,0.0,192
3,period,1700096,23253,breakout,space_invaders,6,0.0,192
3,period,1700096,23253,breakout,space_invaders,7,0.0,192
3,period,1700096,23253,breakout,space_invaders,8,1.0,192
3,period,1700096,23253,breakout,space_invaders,9,1.0,192
3,period,1700096,23253,breakout,space_invaders,10,1.0,192
3,period,1700096,23253,breakout,freeway,1,27.0,25000
3,period,1700096,23253,breakout,freeway,2,18.0,25000
3,period,1700096,23253,breakout,freeway,3,22.0,25000
3,period,1700096,23253,breakout,freeway,4,24.0,25000
3,period,1700096,23253,breakout,freeway,5,26.0,25000
3,period,1700096,23253,breakout,freeway,6,18.0,25000
3,period,1700096,23253,breakout,freeway,7,20.0,25000
3,period,1700096,23253,breakout,freeway,8,23.0,25000
3,period,1700096,23253,breakout,freeway,9,21.0,25000
3,period,1700096,23253,breakout,freeway,10,22.0,25000
3,period,1725184,23711,breakout,breakout,1,5.0,530
3,period,1725184,23711,breakout,breakout,2,5.0,530
3,period,1725184,23711,breakout,breakout,3,6.0,530
3,period,1725184,23711,breakout,breakout,4,5.0,530
3,period,1725184,23711,breakout,breakout,5,6.0,530
3,period,1725184,23711,breakout,breakout,6,5.0,530
3,period,1725184,23711,breakout,breakout,7,4.0,530
3,period,1725184,23711,breakout,breakout,8,5.0,530
3,period,1725184,23711,breakout,breakout,9,2.0,530
3,period,1725184,23711,breakout,breakout,10,1.0,530
3,period,1725184,23711,breakout,space_invaders,1,1.0,180
3,period,1725184,23711,breakout,space_invaders,2,0.0,180
3,period,1725184,23711,breakout,space_invaders,3,0.0,180
3,period,1725184,23711,breakout,space_invaders,4,0.0,180
3,period,1725184,23711,breakout,space_invaders,5,0.0,180
3,period,1725184,23711,breakout,space_invaders,6,0.0,180
3,period,1725184,23711,breakout,space_invaders,7,0.0,180
3,period,1725184,23711,breakout,space_invaders,8,0.0,180
3,period,1725184,23711,breakout,space_invaders,9,0.0,180
3,period,1725184,23711,breakout,space_invaders,10,0.0,180
3,period,1725184,23711,breakout,freeway,1,17.0,25000
3,period,1725184,23711,breakout,freeway,2,23.0,25000
3,period,1725184,23711,breakout,freeway,3,23.0,25000
3,period,1725184,23711,breakout,freeway,4,25.0,25000
3,period,1725184,23711,breakout,freeway,5,23.0,25000
3,period,1725184,23711,breakout,freeway,6,26.0,25000
3,period,1725184,23711,breakout,freeway,7,14.0,25000
3,period,1725184,23711,breakout,freeway,8,22.0,25000
3,period,1725184,23711,breakout,freeway,9,18.0,25000
3,period,1725184,23711,breakout,freeway,10,23.0,25000
3,period,1750016,24168,breakout,breakout,1,6.0,512
3,period,1750016,24168,breakout,breakout,2,5.0,512
3,period,1750016,24168,breakout,breakout,3,2.0,512
3,period,1750016,24168,breakout,breakout,4,1.0,512
3,period,1750016,24168,breakout,breakout,5,1.0,512
3,period,1750016,24168,breakout,breakout,6,5.0,512
3,period,1750016,24168,breakout,breakout,7,6.0,512
3,period,1750016,24168,breakout,breakout,8,6.0,512
3,period,1750016,24168,breakout,breakout,9,4.0,512
3,period,1750016,24168,breakout,breakout,10,6.0,512
3,period,1750016,24168,breakout,space_invaders,1,0.0,190
3,period,1750016,24168,breakout,space_invaders,2,0.0,190
3,period,1750016,24168,breakout,space_invaders,3,0.0,190
3,period,1750016,24168,breakout,space_invaders,4,0.0,190
3,period,1750016,24168,breakout,space_invaders,5,0.0,190
3,period,1750016,24168,breakout,space_invaders,6,0.0,190
3,period,1750016,24168,breakout,space_invaders,7,0.0,190
3,period,1750016,24168,breakout,space_invaders,8,0.0,190
3,period,1750016,24168,breakout,space_invaders,9,0.0,190
3,period,1750016,24168,breakout,space_invaders,10,0.0,190
3,period,1750016,24168,breakout,freeway,1,23.0,25000
3,period,1750016,24168,breakout,freeway,2,20.0,25000
3,period,1750016,24168,breakout,freeway,3,18.0,25000
3,period,1750016,24168,breakout,freeway,4,22.0,25000
3,period,1750016,24168,breakout,freeway,5,25.0,25000
3,period,1750016,24168,breakout,freeway,6,16.0,25000
3,period,1750016,24168,breakout,freeway,7,16.0,25000
3,period,1750016,24168,breakout,freeway,8,18.0,25000
3,period,1750016,24168,breakout,freeway,9,18.0,25000
3,period,1750016,24168,breakout,freeway,10,20.0,25000
3,period,1775104,24621,breakout,breakout,1,6.0,498
3,period,1775104,24621,breakout,breakout,2,0.0,498
3,period,1775104,24621,breakout,breakout,3,3.0,498
3,period,1775104,24621,breakout,breakout,4,6.0,498
3,period,1775104,24621,breakout,breakout,5,3.0,498
3,period,1775104,24621,breakout,breakout,6,6.0,498
3,period,1775104,24621,breakout,breakout,7,3.0,498
3,period,1775104,24621,breakout,breakout,8,6.0,498
3,period,1775104,24621,breakout,breakout,9,3.0,498
3,period,1775104,24621,breakout,breakout,10,5.0,498
3,period,1775104,24621,breakout,space_invaders,1,0.0,260
3,period,1775104,24621,breakout,space_invaders,2,0.0,260
3,period,1775104,24621,breakout,space_invaders,3,1.0,260
3,period,1775104,24621,breakout,space_invaders,4,0.0,260
3,period,1775104,24621,breakout,space_invaders,5,1.0,260
3,period,1775104,24621,breakout,space_invaders,6,0.0,260
3,period,1775104,24621,breakout,space_invaders,7,0.0,260
3,period,1775104,24621,breakout,space_invaders,8,0.0,260
3,period,1775104,24621,breakout,space_invaders,9,2.0,260
3,period,1775104,24621,breakout,space_invaders,10,0.0,260
3,period,1775104,24621,breakout,freeway,1,13.0,25000
3,period,1775104,24621,breakout,freeway,2,19.0,25000
3,period,1775104,24621,breakout,freeway,3,24.0,25000
3,period,1775104,24621,breakout,freeway,4,20.0,25000
3,period,1775104,24621,breakout,freeway,5,20.0,25000
3,period,1775104,24621,breakout,freeway,6,17.0,25000
3,period,1775104,24621,breakout,freeway,7,20.0,25000
3,period,1775104,24621,breakout,freeway,8,19.0,25000
3,period,1775104,24621,breakout,freeway,9,23.0,25000
3,period,1775104,24621,breakout,freeway,10,11.0,25000
3,period,1800192,25063,breakout,breakout,1,6.0,600
3,period,1800192,25063,breakout,breakout,2,5.0,600
3,period,1800192,25063,breakout,breakout,3,3.0,600
3,period,1800192,25063,breakout,breakout,4,5.0,600
3,period,1800192,25063,breakout,breakout,5,5.0,600
3,period,1800192,25063,breakout,breakout,6,5.0,600
3,period,1800192,25063,breakout,breakout,7,5.0,600
3,period,1800192,25063,breakout,breakout,8,5.0,600
3,period,1800192,25063,breakout,breakout,9,5.0,600
3,period,1800192,25063,breakout,breakout,10,6.0,600
3,period,1800192,25063,breakout,space_invaders,1,1.0,203
3,period,1800192,25063,breakout,space_invaders,2,1.0,203
3,period,1800192,25063,breakout,space_invaders,3,1.0,203
3,period,1800192,25063,breakout,space_invaders,4,1.0,203
3,period,1800192,25063,breakout,space_invaders,5,1.0,203
3,period,1800192,25063,breakout,space_invaders,6,0.0,203
3,period,1800192,25063,breakout,space_invaders,7,1.0,203
3,period,1800192,25063,breakout,space_invaders,8,2.0,203
3,period,1800192,25063,breakout,space_invaders,9,0.0,203
3,period,1800192,25063,breakout,space_invaders,10,2.0,203
3,period,1800192,25063,breakout,freeway,1,14.0,25000
3,period,1800192,25063,breakout,freeway,2,15.0,25000
3,period,1800192,25063,breakout,freeway,3,16.0,25000
3,period,1800192,25063,breakout,freeway,4,15.0,25000
3,period,1800192,25063,breakout,freeway,5,16.0,25000
3,period,1800192,25063,breakout,freeway,6,20.0,25000
3,period,1800192,25063,breakout,freeway,7,18.0,25000
3,period,1800192,25063,breakout,freeway,8,26.0,25000
3,period,1800192,25063,breakout,freeway,9,17.0,25000
3,period,1800192,25063,breakout,freeway,10,23.0,25000
3,period,1825024,25513,breakout,breakout,1,6.0,600
3,period,1825024,25513,breakout,breakout,2,5.0,600
3,period,1825024,25513,breakout,breakout,3,6.0,600
3,period,1825024,25513,breakout,breakout,4,3.0,600
3,period,1825024,25513,breakout,breakout,5,6.0,600
3,period,1825024,25513,breakout,breakout,6,5.0,600
3,period,1825024,25513,breakout,breakout,7,5.0,600
3,period,1825024,25513,breakout,breakout,8,6.0,600
3,period,1825024,25513,breakout,breakout,9,3.0,600
3,period,1825024,25513,breakout,breakout,10,5.0,600
3,period,1825024,25513,breakout,space_invaders,1,0.0,181
3,period,1825024,25513,breakout,space_invaders,2,0.0,181
3,period,1825024,25513,breakout,space_invaders,3,0.0,181
3,period,1825024,25513,breakout,space_invaders,4,0.0,181
3,period,1825024,25513,breakout,space_invaders,5,0.0,181
3,period,1825024,25513,breakout,space_invaders,6,1.0,181
3,period,1825024,25513,breakout,space_invaders,7,1.0,181
3,period,1825024,25513,breakout,space_invaders,8,0.0,181
3,period,1825024,25513,breakout,space_invaders,9,0.0,181
3,period,1825024,25513,breakout,space_invaders,10,0.0,181
3,period,1825024,25513,breakout,freeway,1,18.0,25000
3,period,1825024,25513,breakout,freeway,2,21.0,25000
3,period,1825024,25513,breakout,freeway,3,22.0,25000
3,period,1825024,25513,breakout,freeway,4,14.0,25000
3,period,1825024,25513,breakout,freeway,5,23.0,25000
3,period,1825024,25513,breakout,freeway,6,25.0,25000
3,period,1825024,25513,breakout,freeway,7,5.0,25000
3,period,1825024,25513,breakout,freeway,8,21.0,25000
3,period,1825024,25513,breakout,freeway,9,20.0,25000
3,period,1825024,25513,breakout,freeway,10,18.0,25000
3,period,1850112,25962,breakout,breakout,1,5.0,588
3,period,1850112,25962,breakout,breakout,2,5.0,588
3,period,1850112,25962,breakout,breakout,3,5.0,588
3,period,1850112,25962,breakout,breakout,4,6.0,588
3,period,1850112,25962,breakout,breakout,5,6.0,588
3,period,1850112,25962,breakout,breakout,6,5.0,588
3,period,1850112,25962,breakout,breakout,7,2.0,588
3,period,1850112,25962,breakout,breakout,8,4.0,588
3,period,1850112,25962,breakout,breakout,9,5.0,588
3,period,1850112,25962,breakout,breakout,10,6.0,588
3,period,1850112,25962,breakout,space_invaders,1,0.0,180
3,period,1850112,25962,breakout,space_invaders,2,0.0,180
3,period,1850112,25962,breakout,space_invaders,3,0.0,180
3,period,1850112,25962,breakout,space_invaders,4,0.0,180
3,period,1850112,25962,breakout,space_invaders,5,0.0,180
3,period,1850112,25962,breakout,space_invaders,6,0.0,180
3,period,1850112,25962,breakout,space_invaders,7,0.0,180
3,period,1850112,25962,breakout,space_invaders,8,0.0,180
3,period,1850112,25962,breakout,space_invaders,9,0.0,180
3,period,1850112,25962,breakout,space_invaders,10,0.0,180
3,period,1850112,25962,breakout,freeway,1,17.0,25000
3,period,1850112,25962,breakout,freeway,2,29.0,25000
3,period,1850112,25962,breakout,freeway,3,22.0,25000
3,period,1850112,25962,breakout,freeway,4,18.0,25000
3,period,1850112,25962,breakout,freeway,5,21.0,25000
3,period,1850112,25962,breakout,freeway,6,20.0,25000
3,period,1850112,25962,breakout,freeway,7,20.0,25000
3,period,1850112,25962,breakout,freeway,8,25.0,25000
3,period,1850112,25962,breakout,freeway,9,17.0,25000
3,period,1850112,25962,breakout,freeway,10,21.0,25000
3,period,1875200,26416,breakout,breakout,1,4.0,596
3,period,1875200,26416,breakout,breakout,2,5.0,596
3,period,1875200,26416,breakout,breakout,3,6.0,596
3,period,1875200,26416,breakout,breakout,4,5.0,596
3,period,1875200,26416,breakout,breakout,5,5.0,596
3,period,1875200,26416,breakout,breakout,6,6.0,596
3,period,1875200,26416,breakout,breakout,7,6.0,596
3,period,1875200,26416,breakout,breakout,8,4.0,596
3,period,1875200,26416,breakout,breakout,9,6.0,596
3,period,1875200,26416,breakout,breakout,10,3.0,596
3,period,1875200,26416,breakout,space_invaders,1,0.0,180
3,period,1875200,26416,breakout,space_invaders,2,0.0,180
3,period,1875200,26416,breakout,space_invaders,3,1.0,180
3,period,1875200,26416,breakout,space_invaders,4,0.0,180
3,period,1875200,26416,breakout,space_invaders,5,0.0,180
3,period,1875200,26416,breakout,space_invaders,6,0.0,180
3,period,1875200,26416,breakout,space_invaders,7,0.0,180
3,period,1875200,26416,breakout,space_invaders,8,0.0,180
3,period,1875200,26416,breakout,space_invaders,9,0.0,180
3,period,1875200,26416,breakout,space_invaders,10,0.0,180
3,period,1875200,26416,breakout,freeway,1,12.0,25000
3,period,1875200,26416,breakout,freeway,2,30.0,25000
3,period,1875200,26416,breakout,freeway,3,19.0,25000
3,period,1875200,26416,breakout,freeway,4,21.0,25000
3,period,1875200,26416,breakout,freeway,5,24.0,25000
3,period,1875200,26416,breakout,freeway,6,23.0,25000
3,period,1875200,26416,breakout,freeway,7,20.0,25000
3,period,1875200,26416,breakout,freeway,8,25.0,25000
3,period,1875200,26416,breakout,freeway,9,19.0,25000
3,period,1875200,26416,breakout,freeway,10,26.0,25000
3,period,1900032,26876,breakout,breakout,1,6.0,586
3,period,1900032,26876,breakout,breakout,2,5.0,586
3,period,1900032,26876,breakout,breakout,3,6.0,586
3,period,1900032,26876,breakout,breakout,4,2.0,586
3,period,1900032,26876,breakout,breakout,5,5.0,586
3,period,1900032,26876,breakout,breakout,6,6.0,586
3,period,1900032,26876,breakout,breakout,7,3.0,586
3,period,1900032,26876,breakout,breakout,8,5.0,586
3,period,1900032,26876,breakout,breakout,9,6.0,586
3,period,1900032,26876,breakout,breakout,10,5.0,586
3,period,1900032,26876,breakout,space_invaders,1,0.0,180
3,period,1900032,26876,breakout,space_invaders,2,1.0,180
3,period,1900032,26876,breakout,space_invaders,3,1.0,180
3,period,1900032,26876,breakout,space_invaders,4,0.0,180
3,period,1900032,26876,breakout,space_invaders,5,1.0,180
3,period,1900032,26876,breakout,space_invaders,6,0.0,180
3,period,1900032,26876,breakout,space_invaders,7,1.0,180
3,period,1900032,26876,breakout,space_invaders,8,0.0,180
3,period,1900032,26876,breakout,space_invaders,9,0.0,180
3,period,1900032,26876,breakout,space_invaders,10,1.0,180
3,period,1900032,26876,breakout,freeway,1,19.0,25000
3,period,1900032,26876,breakout,freeway,2,11.0,25000
3,period,1900032,26876,breakout,freeway,3,18.0,25000
3,period,1900032,26876,breakout,freeway,4,26.0,25000
3,period,1900032,26876,breakout,freeway,5,9.0,25000
3,period,1900032,26876,breakout,freeway,6,14.0,25000
3,period,1900032,26876,breakout,freeway,7,18.0,25000
3,period,1900032,26876,breakout,freeway,8,14.0,25000
3,period,1900032,26876,breakout,freeway,9,21.0,25000
3,period,1900032,26876,breakout,freeway,10,22.0,25000
3,period,1925120,27313,breakout,breakout,1,6.0,498
3,period,1925120,27313,breakout,breakout,2,2.0,498
3,period,1925120,27313,breakout,breakout,3,5.0,498
3,period,1925120,27313,breakout,breakout,4,4.0,498
3,period,1925120,27313,breakout,breakout,5,4.0,498
3,period,1925120,27313,breakout,breakout,6,6.0,498
3,period,1925120,27313,breakout,breakout,7,1.0,498
3,period,1925120,27313,breakout,breakout,8,4.0,498
3,period,1925120,27313,breakout,breakout,9,3.0,498
3,period,1925120,27313,breakout,breakout,10,6.0,498
3,period,1925120,27313,breakout,space_invaders,1,0.0,190
3,period,1925120,27313,breakout,space_invaders,2,0.0,190
3,period,1925120,27313,breakout,space_invaders,3,0.0,190
3,period,1925120,27313,breakout,space_invaders,4,0.0,190
3,period,1925120,27313,breakout,space_invaders,5,0.0,190
3,period,1925120,27313,breakout,space_invaders,6,1.0,190
3,period,1925120,27313,breakout,space_invaders,7,0.0,190
3,period,1925120,27313,breakout,space_invaders,8,1.0,190
3,period,1925120,27313,breakout,space_invaders,9,0.0,190
3,period,1925120,27313,breakout,space_invaders,10,0.0,190
3,period,1925120,27313,breakout,freeway,1,12.0,25000
3,period,1925120,27313,breakout,freeway,2,18.0,25000
3,period,1925120,27313,breakout,freeway,3,14.0,25000
3,period,1925120,27313,breakout,freeway,4,18.0,25000
3,period,1925120,27313,breakout,freeway,5,14.0,25000
3,period,1925120,27313,breakout,freeway,6,11.0,25000
3,period,1925120,27313,breakout,freeway,7,19.0,25000
3,period,1925120,27313,breakout,freeway,8,12.0,25000
3,period,1925120,27313,breakout,freeway,9,18.0,25000
3,period,1925120,27313,breakout,freeway,10,26.0,25000
3,period,1950208,27765,breakout,breakout,1,6.0,534
3,period,1950208,27765,breakout,breakout,2,5.0,534
3,period,1950208,27765,breakout,breakout,3,6.0,534
3,period,1950208,27765,breakout,breakout,4,3.0,534
3,period,1950208,27765,breakout,breakout,5,3.0,534
3,period,1950208,27765,breakout,breakout,6,6.0,534
3,period,1950208,27765,breakout,breakout,7,5.0,534
3,period,1950208,27765,breakout,breakout,8,2.0,534
3,period,1950208,27765,breakout,breakout,9,5.0,534
3,period,1950208,27765,breakout,breakout,10,3.0,534
3,period,1950208,27765,breakout,space_invaders,1,0.0,200
3,period,1950208,27765,breakout,space_invaders,2,0.0,200
3,period,1950208,27765,breakout,space_invaders,3,0.0,200
3,period,1950208,27765,breakout,space_invaders,4,0.0,200
3,period,1950208,27765,breakout,space_invaders,5,0.0,200
3,period,1950208,27765,breakout,space_invaders,6,1.0,200
3,period,1950208,27765,breakout,space_invaders,7,0.0,200
3,period,1950208,27765,breakout,space_invaders,8,0.0,200
3,period,1950208,27765,breakout,space_invaders,9,0.0,200
3,period,1950208,27765,breakout,space_invaders,10,0.0,200
3,period,1950208,27765,breakout,freeway,1,19.0,25000
3,period,1950208,27765,breakout,freeway,2,16.0,25000
3,period,1950208,27765,breakout,freeway,3,22.0,25000
3,period,1950208,27765,breakout,freeway,4,21.0,25000
3,period,1950208,27765,breakout,freeway,5,15.0,25000
3,period,1950208,27765,breakout,freeway,6,19.0,25000
3,period,1950208,27765,breakout,freeway,7,20.0,25000
3,period,1950208,27765,breakout,freeway,8,13.0,25000
3,period,1950208,27765,breakout,freeway,9,15.0,25000
3,period,1950208,27765,breakout,freeway,10,18.0,25000
3,period,1975040,28201,breakout,breakout,1,6.0,574
3,period,1975040,28201,breakout,breakout,2,6.0,574
3,period,1975040,28201,breakout,breakout,3,6.0,574
3,period,1975040,28201,breakout,breakout,4,5.0,574
3,period,1975040,28201,breakout,breakout,5,6.0,574
3,period,1975040,28201,breakout,breakout,6,2.0,574
3,period,1975040,28201,breakout,breakout,7,6.0,574
3,period,1975040,28201,breakout,breakout,8,4.0,574
3,period,1975040,28201,breakout,breakout,9,2.0,574
3,period,1975040,28201,breakout,breakout,10,5.0,574
3,period,1975040,28201,breakout,space_invaders,1,0.0,201
3,period,1975040,28201,breakout,space_invaders,2,0.0,201
3,period,1975040,28201,breakout,space_invaders,3,0.0,201
3,period,1975040,28201,breakout,space_invaders,4,0.0,201
3,period,1975040,28201,breakout,space_invaders,5,0.0,201
3,period,1975040,28201,breakout,space_invaders,6,0.0,201
3,period,1975040,28201,breakout,space_invaders,7,0.0,201
3,period,1975040,28201,breakout,space_invaders,8,0.0,201
3,period,1975040,28201,breakout,space_invaders,9,1.0,201
3,period,1975040,28201,breakout,space_invaders,10,2.0,201
3,period,1975040,28201,breakout,freeway,1,17.0,25000
3,period,1975040,28201,breakout,freeway,2,17.0,25000
3,period,1975040,28201,breakout,freeway,3,22.0,25000
3,period,1975040,28201,breakout,freeway,4,19.0,25000
3,period,1975040,28201,breakout,freeway,5,28.0,25000
3,period,1975040,28201,breakout,freeway,6,11.0,25000
3,period,1975040,28201,breakout,freeway,7,21.0,25000
3,period,1975040,28201,breakout,freeway,8,15.0,25000
3,period,1975040,28201,breakout,freeway,9,15.0,25000
3,period,1975040,28201,breakout,freeway,10,10.0,25000
4,boundary,2499840,31122,space_invaders,breakout,1,1.0,164
4,boundary,2499840,31122,space_invaders,breakout,2,0.0,164
4,boundary,2499840,31122,space_invaders,breakout,3,1.0,164
4,boundary,2499840,31122,space_invaders,breakout,4,2.0,164
4,boundary,2499840,31122,space_invaders,breakout,5,2.0,164
4,boundary,2499840,31122,space_invaders,breakout,6,0.0,164
4,boundary,2499840,31122,space_invaders,breakout,7,1.0,164
4,boundary,2499840,31122,space_invaders,breakout,8,1.0,164
4,boundary,2499840,31122,space_invaders,breakout,9,1.0,164
4,boundary,2499840,31122,space_invaders,breakout,10,1.0,164
4,boundary,2499840,31122,space_invaders,space_invaders,1,95.0,3217
4,boundary,2499840,31122,space_invaders,space_invaders,2,23.0,3217
4,boundary,2499840,31122,space_invaders,space_invaders,3,9.0,3217
4,boundary,2499840,31122,space_invaders,space_invaders,4,4.0,3217
4,boundary,2499840,31122,space_invaders,space_invaders,5,23.0,3217
4,boundary,2499840,31122,space_invaders,space_invaders,6,26.0,3217
4,boundary,2499840,31122,space_invaders,space_invaders,7,22.0,3217
4,boundary,2499840,31122,space_invaders,space_invaders,8,52.0,3217
4,boundary,2499840,31122,space_invaders,space_invaders,9,23.0,3217
4,boundary,2499840,31122,space_invaders,space_invaders,10,71.0,3217
4,boundary,2499840,31122,space_invaders,freeway,1,0.0,25000
4,boundary,2499840,31122,space_invaders,freeway,2,0.0,25000
4,boundary,2499840,31122,space_invaders,freeway,3,0.0,25000
4,boundary,2499840,31122,space_invaders,freeway,4,0.0,25000
4,boundary,2499840,31122,space_invaders,freeway,5,0.0,25000
4,boundary,2499840,31122,space_invaders,freeway,6,0.0,25000
4,boundary,2499840,31122,space_invaders,freeway,7,0.0,25000
4,boundary,2499840,31122,space_invaders,freeway,8,0.0,25000
4,boundary,2499840,31122,space_invaders,freeway,9,0.0,25000
4,boundary,2499840,31122,space_invaders,freeway,10,1.0,25000
4,period,2000128,28646,space_invaders,breakout,1,5.0,560
4,period,2000128,28646,space_invaders,breakout,2,5.0,560
4,period,2000128,28646,space_invaders,breakout,3,4.0,560
4,period,2000128,28646,space_invaders,breakout,4,6.0,560
4,period,2000128,28646,space_invaders,breakout,5,2.0,560
4,period,2000128,28646,space_invaders,breakout,6,6.0,560
4,period,2000128,28646,space_invaders,breakout,7,6.0,560
4,period,2000128,28646,space_invaders,breakout,8,5.0,560
4,period,2000128,28646,space_invaders,breakout,9,2.0,560
4,period,2000128,28646,space_invaders,breakout,10,6.0,560
4,period,2000128,28646,space_invaders,space_invaders,1,1.0,190
4,period,2000128,28646,space_invaders,space_invaders,2,0.0,190
4,period,2000128,28646,space_invaders,space_invaders,3,0.0,190
4,period,2000128,28646,space_invaders,space_invaders,4,0.0,190
4,period,2000128,28646,space_invaders,space_invaders,5,1.0,190
4,period,2000128,28646,space_invaders,space_invaders,6,0.0,190
4,period,2000128,28646,space_invaders,space_invaders,7,0.0,190
4,period,2000128,28646,space_invaders,space_invaders,8,0.0,190
4,period,2000128,28646,space_invaders,space_invaders,9,0.0,190
4,period,2000128,28646,space_invaders,space_invaders,10,0.0,190
4,period,2000128,28646,space_invaders,freeway,1,11.0,25000
4,period,2000128,28646,space_invaders,freeway,2,14.0,25000
4,period,2000128,28646,space_invaders,freeway,3,18.0,25000
4,period,2000128,28646,space_invaders,freeway,4,21.0,25000
4,period,2000128,28646,space_invaders,freeway,5,18.0,25000
4,period,2000128,28646,space_invaders,freeway,6,20.0,25000
4,period,2000128,28646,space_invaders,freeway,7,9.0,25000
4,period,2000128,28646,space_invaders,freeway,8,20.0,25000
4,period,2000128,28646,space_invaders,freeway,9,20.0,25000
4,period,2000128,28646,space_invaders,freeway,10,19.0,25000
4,period,2025216,29009,space_invaders,breakout,1,2.0,530
4,period,2025216,29009,space_invaders,breakout,2,6.0,530
4,period,2025216,29009,space_invaders,breakout,3,3.0,530
4,period,2025216,29009,space_invaders,breakout,4,2.0,530
4,period,2025216,29009,space_invaders,breakout,5,5.0,530
4,period,2025216,29009,space_invaders,breakout,6,6.0,530
4,period,2025216,29009,space_invaders,breakout,7,3.0,530
4,period,2025216,29009,space_invaders,breakout,8,6.0,530
4,period,2025216,29009,space_invaders,breakout,9,6.0,530
4,period,2025216,29009,space_invaders,breakout,10,5.0,530
4,period,2025216,29009,space_invaders,space_invaders,1,7.0,497
4,period,2025216,29009,space_invaders,space_invaders,2,6.0,497
4,period,2025216,29009,space_invaders,space_invaders,3,4.0,497
4,period,2025216,29009,space_invaders,space_invaders,4,4.0,497
4,period,2025216,29009,space_invaders,space_invaders,5,4.0,497
4,period,2025216,29009,space_invaders,space_invaders,6,5.0,497
4,period,2025216,29009,space_invaders,space_invaders,7,4.0,497
4,period,2025216,29009,space_invaders,space_invaders,8,11.0,497
4,period,2025216,29009,space_invaders,space_invaders,9,4.0,497
4,period,2025216,29009,space_invaders,space_invaders,10,8.0,497
4,period,2025216,29009,space_invaders,freeway,1,1.0,25000
4,period,2025216,29009,space_invaders,freeway,2,1.0,25000
4,period,2025216,29009,space_invaders,freeway,3,0.0,25000
4,period,2025216,29009,space_invaders,freeway,4,0.0,25000
4,period,2025216,29009,space_invaders,freeway,5,2.0,25000
4,period,2025216,29009,space_invaders,freeway,6,0.0,25000
4,period,2025216,29009,space_invaders,freeway,7,2.0,25000
4,period,2025216,29009,space_invaders,freeway,8,1.0,25000
4,period,2025216,29009,space_invaders,freeway,9,0.0,25000
4,period,2025216,29009,space_invaders,freeway,10,1.0,25000
4,period,2050048,29252,space_invaders,breakout,1,6.0,620
4,period,2050048,29252,space_invaders,breakout,2,6.0,620
4,period,2050048,29252,space_invaders,breakout,3,6.0,620
4,period,2050048,29252,space_invaders,breakout,4,3.0,620
4,period,2050048,29252,space_invaders,breakout,5,6.0,620
4,period,2050048,29252,space_invaders,breakout,6,6.0,620
4,period,2050048,29252,space_invaders,breakout,7,6.0,620
4,period,2050048,29252,space_invaders,breakout,8,5.0,620
4,period,2050048,29252,space_invaders,breakout,9,6.0,620
4,period,2050048,29252,space_invaders,breakout,10,2.0,620
4,period,2050048,29252,space_invaders,space_invaders,1,10.0,882
4,period,2050048,29252,space_invaders,space_invaders,2,18.0,882
4,period,2050048,29252,space_invaders,space_invaders,3,12.0,882
4,period,2050048,29252,space_invaders,space_invaders,4,9.0,882
4,period,2050048,29252,space_invaders,space_invaders,5,6.0,882
4,period,2050048,29252,space_invaders,space_invaders,6,12.0,882
4,period,2050048,29252,space_invaders,space_invaders,7,13.0,882
4,period,2050048,29252,space_invaders,space_invaders,8,10.0,882
4,period,2050048,29252,space_invaders,space_invaders,9,12.0,882
4,period,2050048,29252,space_invaders,space_invaders,10,16.0,882
4,period,2050048,29252,space_invaders,freeway,1,0.0,25000
4,period,2050048,29252,space_invaders,freeway,2,3.0,25000
4,period,2050048,29252,space_invaders,freeway,3,1.0,25000
4,period,2050048,29252,space_invaders,freeway,4,0.0,25000
4,period,2050048,29252,space_invaders,freeway,5,2.0,25000
4,period,2050048,29252,space_invaders,freeway,6,1.0,25000
4,period,2050048,29252,space_invaders,freeway,7,5.0,25000
4,period,2050048,29252,space_invaders,freeway,8,3.0,25000
4,period,2050048,29252,space_invaders,freeway,9,2.0,25000
4,period,2050048,29252,space_invaders,freeway,10,1.0,25000
4,period,2075136,29470,space_invaders,breakout,1,0.0,102
4,period,2075136,29470,space_invaders,breakout,2,0.0,102
4,period,2075136,29470,space_invaders,breakout,3,1.0,102
4,period,2075136,29470,space_invaders,breakout,4,0.0,102
4,period,2075136,29470,space_invaders,breakout,5,0.0,102
4,period,2075136,29470,space_invaders,breakout,6,0.0,102
4,period,2075136,29470,space_invaders,breakout,7,0.0,102
4,period,2075136,29470,space_invaders,breakout,8,3.0,102
4,period,2075136,29470,space_invaders,breakout,9,0.0,102
4,period,2075136,29470,space_invaders,breakout,10,0.0,102
4,period,2075136,29470,space_invaders,space_invaders,1,22.0,1149
4,period,2075136,29470,space_invaders,space_invaders,2,4.0,1149
4,period,2075136,29470,space_invaders,space_invaders,3,23.0,1149
4,period,2075136,29470,space_invaders,space_invaders,4,8.0,1149
4,period,2075136,29470,space_invaders,space_invaders,5,15.0,1149
4,period,2075136,29470,space_invaders,space_invaders,6,19.0,1149
4,period,2075136,29470,space_invaders,space_invaders,7,14.0,1149
4,period,2075136,29470,space_invaders,space_invaders,8,17.0,1149
4,period,2075136,29470,space_invaders,space_invaders,9,8.0,1149
4,period,2075136,29470,space_invaders,space_invaders,10,11.0,1149
4,period,2075136,29470,space_invaders,freeway,1,0.0,25000
4,period,2075136,29470,space_invaders,freeway,2,0.0,25000
4,period,2075136,29470,space_invaders,freeway,3,0.0,25000
4,period,2075136,29470,space_invaders,freeway,4,0.0,25000
4,period,2075136,29470,space_invaders,freeway,5,0.0,25000
4,period,2075136,29470,space_invaders,freeway,6,0.0,25000
4,period,2075136,29470,space_invaders,freeway,7,0.0,25000
4,period,2075136,29470,space_invaders,freeway,8,0.0,25000
4,period,2075136,29470,space_invaders,freeway,9,0.0,25000
4,period,2075136,29470,space_invaders,freeway,10,1.0,25000
4,period,2100224,29603,space_invaders,breakout,1,1.0,212
4,period,2100224,29603,space_invaders,breakout,2,0.0,212
4,period,2100224,29603,space_invaders,breakout,3,2.0,212
4,period,2100224,29603,space_invaders,breakout,4,0.0,212
4,period,2100224,29603,space_invaders,breakout,5,2.0,212
4,period,2100224,29603,space_invaders,breakout,6,2.0,212
4,period,2100224,29603,space_invaders,breakout,7,2.0,212
4,period,2100224,29603,space_invaders,breakout,8,2.0,212
4,period,2100224,29603,space_invaders,breakout,9,0.0,212
4,period,2100224,29603,space_invaders,breakout,10,3.0,212
4,period,2100224,29603,space_invaders,space_invaders,1,22.0,2381
4,period,2100224,29603,space_invaders,space_invaders,2,23.0,2381
4,period,2100224,29603,space_invaders,space_invaders,3,23.0,2381
4,period,2100224,29603,space_invaders,space_invaders,4,22.0,2381
4,period,2100224,29603,space_invaders,space_invaders,5,19.0,2381
4,period,2100224,29603,space_invaders,space_invaders,6,11.0,2381
4,period,2100224,29603,space_invaders,space_invaders,7,22.0,2381
4,period,2100224,29603,space_invaders,space_invaders,8,23.0,2381
4,period,2100224,29603,space_invaders,space_invaders,9,44.0,2381
4,period,2100224,29603,space_invaders,space_invaders,10,33.0,2381
4,period,2100224,29603,space_invaders,freeway,1,0.0,25000
4,period,2100224,29603,space_invaders,freeway,2,0.0,25000
4,period,2100224,29603,space_invaders,freeway,3,0.0,25000
4,period,2100224,29603,space_invaders,freeway,4,0.0,25000
4,period,2100224,29603,space_invaders,freeway,5,0.0,25000
4,period,2100224,29603,space_invaders,freeway,6,0.0,25000
4,period,2100224,29603,space_invaders,freeway,7,0.0,25000
4,period,2100224,29603,space_invaders,freeway,8,0.0,25000
4,period,2100224,29603,space_invaders,freeway,9,0.0,25000
4,period,2100224,29603,space_invaders,freeway,10,0.0,25000
4,period,2125056,29714,space_invaders,breakout,1,1.0,124
4,period,2125056,29714,space_invaders,breakout,2,0.0,124
4,period,2125056,29714,space_invaders,breakout,3,0.0,124
4,period,2125056,29714,space_invaders,breakout,4,2.0,124
4,period,2125056,29714,space_invaders,breakout,5,0.0,124
4,period,2125056,29714,space_invaders,breakout,6,1.0,124
4,period,2125056,29714,space_invaders,breakout,7,0.0,124
4,period,2125056,29714,space_invaders,breakout,8,2.0,124
4,period,2125056,29714,space_invaders,breakout,9,0.0,124
4,period,2125056,29714,space_invaders,breakout,10,0.0,124
4,period,2125056,29714,space_invaders,space_invaders,1,67.0,3010
4,period,2125056,29714,space_invaders,space_invaders,2,47.0,3010
4,period,2125056,29714,space_invaders,space_invaders,3,13.0,3010
4,period,2125056,29714,space_invaders,space_invaders,4,46.0,3010
4,period,2125056,29714,space_invaders,space_invaders,5,36.0,3010
4,period,2125056,29714,space_invaders,space_invaders,6,19.0,3010
4,period,2125056,29714,space_invaders,space_invaders,7,23.0,3010
4,period,2125056,29714,space_invaders,space_invaders,8,23.0,3010
4,period,2125056,29714,space_invaders,space_invaders,9,20.0,3010
4,period,2125056,29714,space_invaders,space_invaders,10,23.0,3010
4,period,2125056,29714,space_invaders,freeway,1,0.0,25000
4,period,2125056,29714,space_invaders,freeway,2,1.0,25000
4,period,2125056,29714,space_invaders,freeway,3,0.0,25000
4,period,2125056,29714,space_invaders,freeway,4,0.0,25000
4,period,2125056,29714,space_invaders,freeway,5,0.0,25000
4,period,2125056,29714,space_invaders,freeway,6,0.0,25000
4,period,2125056,29714,space_invaders,freeway,7,0.0,25000
4,period,2125056,29714,space_invaders,freeway,8,1.0,25000
4,period,2125056,29714,space_invaders,freeway,9,0.0,25000
4,period,2125056,29714,space_invaders,freeway,10,0.0,25000
4,period,2150144,29815,space_invaders,breakout,1,0.0,122
4,period,2150144,29815,space_invaders,breakout,2,0.0,122
4,period,2150144,29815,space_invaders,breakout,3,1.0,122
4,period,2150144,29815,space_invaders,breakout,4,0.0,122
4,period,2150144,29815,space_invaders,breakout,5,0.0,122
4,period,2150144,29815,space_invaders,breakout,6,2.0,122
4,period,2150144,29815,space_invaders,breakout,7,1.0,122
4,period,2150144,29815,space_invaders,breakout,8,1.0,122
4,period,2150144,29815,space_invaders,breakout,9,1.0,122
4,period,2150144,29815,space_invaders,breakout,10,0.0,122
4,period,2150144,29815,space_invaders,space_invaders,1,9.0,1756
4,period,2150144,29815,space_invaders,space_invaders,2,16.0,1756
4,period,2150144,29815,space_invaders,space_invaders,3,9.0,1756
4,period,2150144,29815,space_invaders,space_invaders,4,8.0,1756
4,period,2150144,29815,space_invaders,space_invaders,5,3.0,1756
4,period,2150144,29815,space_invaders,space_invaders,6,47.0,1756
4,period,2150144,29815,space_invaders,space_invaders,7,42.0,1756
4,period,2150144,29815,space_invaders,space_invaders,8,23.0,1756
4,period,2150144,29815,space_invaders,space_invaders,9,40.0,1756
4,period,2150144,29815,space_invaders,space_invaders,10,4.0,1756
4,period,2150144,29815,space_invaders,freeway,1,0.0,25000
4,period,2150144,29815,space_invaders,freeway,2,0.0,25000
4,period,2150144,29815,space_invaders,freeway,3,0.0,25000
4,period,2150144,29815,space_invaders,freeway,4,0.0,25000
4,period,2150144,29815,space_invaders,freeway,5,0.0,25000
4,period,2150144,29815,space_invaders,freeway,6,0.0,25000
4,period,2150144,29815,space_invaders,freeway,7,0.0,25000
4,period,2150144,29815,space_invaders,freeway,8,0.0,25000
4,period,2150144,29815,space_invaders,freeway,9,0.0,25000
4,period,2150144,29815,space_invaders,freeway,10,0.0,25000
4,period,2175232,29924,space_invaders,breakout,1,2.0,154
4,period,2175232,29924,space_invaders,breakout,2,2.0,154
4,period,2175232,29924,space_invaders,breakout,3,0.0,154
4,period,2175232,29924,space_invaders,breakout,4,1.0,154
4,period,2175232,29924,space_invaders,breakout,5,1.0,154
4,period,2175232,29924,space_invaders,breakout,6,0.0,154
4,period,2175232,29924,space_invaders,breakout,7,1.0,154
4,period,2175232,29924,space_invaders,breakout,8,1.0,154
4,period,2175232,29924,space_invaders,breakout,9,1.0,154
4,period,2175232,29924,space_invaders,breakout,10,0.0,154
4,period,2175232,29924,space_invaders,space_invaders,1,71.0,2029
4,period,2175232,29924,space_invaders,space_invaders,2,15.0,2029
4,period,2175232,29924,space_invaders,space_invaders,3,23.0,2029
4,period,2175232,29924,space_invaders,space_invaders,4,20.0,2029
4,period,2175232,29924,space_invaders,space_invaders,5,8.0,2029
4,period,2175232,29924,space_invaders,space_invaders,6,3.0,2029
4,period,2175232,29924,space_invaders,space_invaders,7,8.0,2029
4,period,2175232,29924,space_invaders,space_invaders,8,10.0,2029
4,period,2175232,29924,space_invaders,space_invaders,9,34.0,2029
4,period,2175232,29924,space_invaders,space_invaders,10,50.0,2029
4,period,2175232,29924,space_invaders,freeway,1,0.0,25000
4,period,2175232,29924,space_invaders,freeway,2,0.0,25000
4,period,2175232,29924,space_invaders,freeway,3,0.0,25000
4,period,2175232,29924,space_invaders,freeway,4,0.0,25000
4,period,2175232,29924,space_invaders,freeway,5,0.0,25000
4,period,2175232,29924,space_invaders,freeway,6,0.0,25000
4,period,2175232,29924,space_invaders,freeway,7,0.0,25000
4,period,2175232,29924,space_invaders,freeway,8,1.0,25000
4,period,2175232,29924,space_invaders,freeway,9,0.0,25000
4,period,2175232,29924,space_invaders,freeway,10,0.0,25000
4,period,2200064,30010,space_invaders,breakout,1,1.0,80
4,period,2200064,30010,space_invaders,breakout,2,0.0,80
4,period,2200064,30010,space_invaders,breakout,3,0.0,80
4,period,2200064,30010,space_invaders,breakout,4,0.0,80
4,period,2200064,30010,space_invaders,breakout,5,1.0,80
4,period,2200064,30010,space_invaders,breakout,6,0.0,80
4,period,2200064,30010,space_invaders,breakout,7,0.0,80
4,period,2200064,30010,space_invaders,breakout,8,0.0,80
4,period,2200064,30010,space_invaders,breakout,9,0.0,80
4,period,2200064,30010,space_invaders,breakout,10,0.0,80
4,period,2200064,30010,space_invaders,space_invaders,1,9.0,2144
4,period,2200064,30010,space_invaders,space_invaders,2,10.0,2144
4,period,2200064,30010,space_invaders,space_invaders,3,22.0,2144
4,period,2200064,30010,space_invaders,space_invaders,4,46.0,2144
4,period,2200064,30010,space_invaders,space_invaders,5,11.0,2144
4,period,2200064,30010,space_invaders,space_invaders,6,38.0,2144
4,period,2200064,30010,space_invaders,space_invaders,7,47.0,2144
4,period,2200064,30010,space_invaders,space_invaders,8,6.0,2144
4,period,2200064,30010,space_invaders,space_invaders,9,26.0,2144
4,period,2200064,30010,space_invaders,space_invaders,10,23.0,2144
4,period,2200064,30010,space_invaders,freeway,1,0.0,25000
4,period,2200064,30010,space_invaders,freeway,2,0.0,25000
4,period,2200064,30010,space_invaders,freeway,3,0.0,25000
4,period,2200064,30010,space_invaders,freeway,4,0.0,25000
4,period,2200064,30010,space_invaders,freeway,5,0.0,25000
4,period,2200064,30010,space_invaders,freeway,6,0.0,25000
4,period,2200064,30010,space_invaders,freeway,7,0.0,25000
4,period,2200064,30010,space_invaders,freeway,8,0.0,25000
4,period,2200064,30010,space_invaders,freeway,9,0.0,25000
4,period,2200064,30010,space_invaders,freeway,10,0.0,25000
4,period,2225152,30109,space_invaders,breakout,1,1.0,110
4,period,2225152,30109,space_invaders,breakout,2,0.0,110
4,period,2225152,30109,space_invaders,breakout,3,1.0,110
4,period,2225152,30109,space_invaders,breakout,4,1.0,110
4,period,2225152,30109,space_invaders,breakout,5,0.0,110
4,period,2225152,30109,space_invaders,breakout,6,1.0,110
4,period,2225152,30109,space_invaders,breakout,7,0.0,110
4,period,2225152,30109,space_invaders,breakout,8,1.0,110
4,period,2225152,30109,space_invaders,breakout,9,0.0,110
4,period,2225152,30109,space_invaders,breakout,10,0.0,110
4,period,2225152,30109,space_invaders,space_invaders,1,22.0,2253
4,period,2225152,30109,space_invaders,space_invaders,2,20.0,2253
4,period,2225152,30109,space_invaders,space_invaders,3,4.0,2253
4,period,2225152,30109,space_invaders,space_invaders,4,23.0,2253
4,period,2225152,30109,space_invaders,space_invaders,5,14.0,2253
4,period,2225152,30109,space_invaders,space_invaders,6,23.0,2253
4,period,2225152,30109,space_invaders,space_invaders,7,63.0,2253
4,period,2225152,30109,space_invaders,space_invaders,8,23.0,2253
4,period,2225152,30109,space_invaders,space_invaders,9,56.0,2253
4,period,2225152,30109,space_invaders,space_invaders,10,8.0,2253
4,period,2225152,30109,space_invaders,freeway,1,0.0,25000
4,period,2225152,30109,space_invaders,freeway,2,0.0,25000
4,period,2225152,30109,space_invaders,freeway,3,0.0,25000
4,period,2225152,30109,space_invaders,freeway,4,0.0,25000
4,period,2225152,30109,space_invaders,freeway,5,0.0,25000
4,period,2225152,30109,space_invaders,freeway,6,0.0,25000
4,period,2225152,30109,space_invaders,freeway,7,1.0,25000
4,period,2225152,30109,space_invaders,freeway,8,0.0,25000
4,period,2225152,30109,space_invaders,freeway,9,0.0,25000
4,period,2225152,30109,space_invaders,freeway,10,0.0,25000
4,period,2250240,30197,space_invaders,breakout,1,0.0,120
4,period,2250240,30197,space_invaders,breakout,2,0.0,120
4,period,2250240,30197,space_invaders,breakout,3,0.0,120
4,period,2250240,30197,space_invaders,breakout,4,1.0,120
4,period,2250240,30197,space_invaders,breakout,5,0.0,120
4,period,2250240,30197,space_invaders,breakout,6,1.0,120
4,period,2250240,30197,space_invaders,breakout,7,1.0,120
4,period,2250240,30197,space_invaders,breakout,8,1.0,120
4,period,2250240,30197,space_invaders,breakout,9,1.0,120
4,period,2250240,30197,space_invaders,breakout,10,1.0,120
4,period,2250240,30197,space_invaders,space_invaders,1,22.0,1489
4,period,2250240,30197,space_invaders,space_invaders,2,5.0,1489
4,period,2250240,30197,space_invaders,space_invaders,3,2.0,1489
4,period,2250240,30197,space_invaders,space_invaders,4,47.0,1489
4,period,2250240,30197,space_invaders,space_invaders,5,6.0,1489
4,period,2250240,30197,space_invaders,space_invaders,6,3.0,1489
4,period,2250240,30197,space_invaders,space_invaders,7,16.0,1489
4,period,2250240,30197,space_invaders,space_invaders,8,22.0,1489
4,period,2250240,30197,space_invaders,space_invaders,9,11.0,1489
4,period,2250240,30197,space_invaders,space_invaders,10,3.0,1489
4,period,2250240,30197,space_invaders,freeway,1,0.0,25000
4,period,2250240,30197,space_invaders,freeway,2,0.0,25000
4,period,2250240,30197,space_invaders,freeway,3,0.0,25000
4,period,2250240,30197,space_invaders,freeway,4,0.0,25000
4,period,2250240,30197,space_invaders,freeway,5,1.0,25000
4,period,2250240,30197,space_invaders,freeway,6,0.0,25000
4,period,2250240,30197,space_invaders,freeway,7,0.0,25000
4,period,2250240,30197,space_invaders,freeway,8,0.0,25000
4,period,2250240,30197,space_invaders,freeway,9,0.0,25000
4,period,2250240,30197,space_invaders,freeway,10,0.0,25000
4,period,2275072,30356,space_invaders,breakout,1,1.0,100
4,period,2275072,30356,space_invaders,breakout,2,1.0,100
4,period,2275072,30356,space_invaders,breakout,3,1.0,100
4,period,2275072,30356,space_invaders,breakout,4,0.0,100
4,period,2275072,30356,space_invaders,breakout,5,0.0,100
4,period,2275072,30356,space_invaders,breakout,6,0.0,100
4,period,2275072,30356,space_invaders,breakout,7,1.0,100
4,period,2275072,30356,space_invaders,breakout,8,0.0,100
4,period,2275072,30356,space_invaders,breakout,9,0.0,100
4,period,2275072,30356,space_invaders,breakout,10,0.0,100
4,period,2275072,30356,space_invaders,space_invaders,1,46.0,3903
4,period,2275072,30356,space_invaders,space_invaders,2,40.0,3903
4,period,2275072,30356,space_invaders,space_invaders,3,47.0,3903
4,period,2275072,30356,space_invaders,space_invaders,4,23.0,3903
4,period,2275072,30356,space_invaders,space_invaders,5,46.0,3903
4,period,2275072,30356,space_invaders,space_invaders,6,71.0,3903
4,period,2275072,30356,space_invaders,space_invaders,7,34.0,3903
4,period,2275072,30356,space_invaders,space_invaders,8,23.0,3903
4,period,2275072,30356,space_invaders,space_invaders,9,23.0,3903
4,period,2275072,30356,space_invaders,space_invaders,10,71.0,3903
4,period,2275072,30356,space_invaders,freeway,1,0.0,25000
4,period,2275072,30356,space_invaders,freeway,2,0.0,25000
4,period,2275072,30356,space_invaders,freeway,3,0.0,25000
4,period,2275072,30356,space_invaders,freeway,4,0.0,25000
4,period,2275072,30356,space_invaders,freeway,5,0.0,25000
4,period,2275072,30356,space_invaders,freeway,6,0.0,25000
4,period,2275072,30356,space_invaders,freeway,7,0.0,25000
4,period,2275072,30356,space_invaders,freeway,8,0.0,25000
4,period,2275072,30356,space_invaders,freeway,9,0.0,25000
4,period,2275072,30356,space_invaders,freeway,10,0.0,25000
4,period,2300160,30465,space_invaders,breakout,1,0.0,70
4,period,2300160,30465,space_invaders,breakout,2,0.0,70
4,period,2300160,30465,space_invaders,breakout,3,0.0,70
4,period,2300160,30465,space_invaders,breakout,4,0.0,70
4,period,2300160,30465,space_invaders,breakout,5,1.0,70
4,period,2300160,30465,space_invaders,breakout,6,0.0,70
4,period,2300160,30465,space_invaders,breakout,7,0.0,70
4,period,2300160,30465,space_invaders,breakout,8,0.0,70
4,period,2300160,30465,space_invaders,breakout,9,0.0,70
4,period,2300160,30465,space_invaders,breakout,10,0.0,70
4,period,2300160,30465,space_invaders,space_invaders,1,23.0,2897
4,period,2300160,30465,space_invaders,space_invaders,2,27.0,2897
4,period,2300160,30465,space_invaders,space_invaders,3,22.0,2897
4,period,2300160,30465,space_invaders,space_invaders,4,75.0,2897
4,period,2300160,30465,space_invaders,space_invaders,5,23.0,2897
4,period,2300160,30465,space_invaders,space_invaders,6,23.0,2897
4,period,2300160,30465,space_invaders,space_invaders,7,23.0,2897
4,period,2300160,30465,space_invaders,space_invaders,8,28.0,2897
4,period,2300160,30465,space_invaders,space_invaders,9,27.0,2897
4,period,2300160,30465,space_invaders,space_invaders,10,6.0,2897
4,period,2300160,30465,space_invaders,freeway,1,0.0,25000
4,period,2300160,30465,space_invaders,freeway,2,0.0,25000
4,period,2300160,30465,space_invaders,freeway,3,0.0,25000
4,period,2300160,30465,space_invaders,freeway,4,0.0,25000
4,period,2300160,30465,space_invaders,freeway,5,0.0,25000
4,period,2300160,30465,space_invaders,freeway,6,0.0,25000
4,period,2300160,30465,space_invaders,freeway,7,0.0,25000
4,period,2300160,30465,space_invaders,freeway,8,0.0,25000
4,period,2300160,30465,space_invaders,freeway,9,0.0,25000
4,period,2300160,30465,space_invaders,freeway,10,0.0,25000
4,period,2325248,30567,space_invaders,breakout,1,1.0,132
4,period,2325248,30567,space_invaders,breakout,2,2.0,132
4,period,2325248,30567,space_invaders,breakout,3,1.0,132
4,period,2325248,30567,space_invaders,breakout,4,1.0,132
4,period,2325248,30567,space_invaders,breakout,5,1.0,132
4,period,2325248,30567,space_invaders,breakout,6,0.0,132
4,period,2325248,30567,space_invaders,breakout,7,0.0,132
4,period,2325248,30567,space_invaders,breakout,8,1.0,132
4,period,2325248,30567,space_invaders,breakout,9,0.0,132
4,period,2325248,30567,space_invaders,breakout,10,0.0,132
4,period,2325248,30567,space_invaders,space_invaders,1,23.0,3855
4,period,2325248,30567,space_invaders,space_invaders,2,23.0,3855
4,period,2325248,30567,space_invaders,space_invaders,3,23.0,3855
4,period,2325248,30567,space_invaders,space_invaders,4,23.0,3855
4,period,2325248,30567,space_invaders,space_invaders,5,95.0,3855
4,period,2325248,30567,space_invaders,space_invaders,6,95.0,3855
4,period,2325248,30567,space_invaders,space_invaders,7,47.0,3855
4,period,2325248,30567,space_invaders,space_invaders,8,23.0,3855
4,period,2325248,30567,space_invaders,space_invaders,9,29.0,3855
4,period,2325248,30567,space_invaders,space_invaders,10,26.0,3855
4,period,2325248,30567,space_invaders,freeway,1,0.0,25000
4,period,2325248,30567,space_invaders,freeway,2,0.0,25000
4,period,2325248,30567,space_invaders,freeway,3,0.0,25000
4,period,2325248,30567,space_invaders,freeway,4,0.0,25000
4,period,2325248,30567,space_invaders,freeway,5,0.0,25000
4,period,2325248,30567,space_invaders,freeway,6,0.0,25000
4,period,2325248,30567,space_invaders,freeway,7,0.0,25000
4,period,2325248,30567,space_invaders,freeway,8,0.0,25000
4,period,2325248,30567,space_invaders,freeway,9,0.0,25000
4,period,2325248,30567,space_invaders,freeway,10,0.0,25000
4,period,2350080,30645,space_invaders,breakout,1,0.0,186
4,period,2350080,30645,space_invaders,breakout,2,1.0,186
4,period,2350080,30645,space_invaders,breakout,3,2.0,186
4,period,2350080,30645,space_invaders,breakout,4,1.0,186
4,period,2350080,30645,space_invaders,breakout,5,1.0,186
4,period,2350080,30645,space_invaders,breakout,6,2.0,186
4,period,2350080,30645,space_invaders,breakout,7,2.0,186
4,period,2350080,30645,space_invaders,breakout,8,1.0,186
4,period,2350080,30645,space_invaders,breakout,9,1.0,186
4,period,2350080,30645,space_invaders,breakout,10,1.0,186
4,period,2350080,30645,space_invaders,space_invaders,1,35.0,3437
4,period,2350080,30645,space_invaders,space_invaders,2,46.0,3437
4,period,2350080,30645,space_invaders,space_invaders,3,17.0,3437
4,period,2350080,30645,space_invaders,space_invaders,4,29.0,3437
4,period,2350080,30645,space_invaders,space_invaders,5,46.0,3437
4,period,2350080,30645,space_invaders,space_invaders,6,27.0,3437
4,period,2350080,30645,space_invaders,space_invaders,7,23.0,3437
4,period,2350080,30645,space_invaders,space_invaders,8,95.0,3437
4,period,2350080,30645,space_invaders,space_invaders,9,17.0,3437
4,period,2350080,30645,space_invaders,space_invaders,10,67.0,3437
4,period,2350080,30645,space_invaders,freeway,1,0.0,25000
4,period,2350080,30645,space_invaders,freeway,2,0.0,25000
4,period,2350080,30645,space_invaders,freeway,3,0.0,25000
4,period,2350080,30645,space_invaders,freeway,4,0.0,25000
4,period,2350080,30645,space_invaders,freeway,5,0.0,25000
4,period,2350080,30645,space_invaders,freeway,6,0.0,25000
4,period,2350080,30645,space_invaders,freeway,7,0.0,25000
4,period,2350080,30645,space_invaders,freeway,8,0.0,25000
4,period,2350080,30645,space_invaders,freeway,9,0.0,25000
4,period,2350080,30645,space_invaders,freeway,10,0.0,25000
4,period,2375168,30751,space_invaders,breakout,1,0.0,80
4,period,2375168,30751,space_invaders,breakout,2,0.0,80
4,period,2375168,30751,space_invaders,breakout,3,0.0,80
4,period,2375168,30751,space_invaders,breakout,4,0.0,80
4,period,2375168,30751,space_invaders,breakout,5,1.0,80
4,period,2375168,30751,space_invaders,breakout,6,0.0,80
4,period,2375168,30751,space_invaders,breakout,7,1.0,80
4,period,2375168,30751,space_invaders,breakout,8,0.0,80
4,period,2375168,30751,space_invaders,breakout,9,0.0,80
4,period,2375168,30751,space_invaders,breakout,10,0.0,80
4,period,2375168,30751,space_invaders,space_invaders,1,71.0,3997
4,period,2375168,30751,space_invaders,space_invaders,2,50.0,3997
4,period,2375168,30751,space_invaders,space_invaders,3,45.0,3997
4,period,2375168,30751,space_invaders,space_invaders,4,25.0,3997
4,period,2375168,30751,space_invaders,space_invaders,5,47.0,3997
4,period,2375168,30751,space_invaders,space_invaders,6,71.0,3997
4,period,2375168,30751,space_invaders,space_invaders,7,40.0,3997
4,period,2375168,30751,space_invaders,space_invaders,8,20.0,3997
4,period,2375168,30751,space_invaders,space_invaders,9,19.0,3997
4,period,2375168,30751,space_invaders,space_invaders,10,26.0,3997
4,period,2375168,30751,space_invaders,freeway,1,0.0,25000
4,period,2375168,30751,space_invaders,freeway,2,0.0,25000
4,period,2375168,30751,space_invaders,freeway,3,0.0,25000
4,period,2375168,30751,space_invaders,freeway,4,0.0,25000
4,period,2375168,30751,space_invaders,freeway,5,0.0,25000
4,period,2375168,30751,space_invaders,freeway,6,0.0,25000
4,period,2375168,30751,space_invaders,freeway,7,0.0,25000
4,period,2375168,30751,space_invaders,freeway,8,0.0,25000
4,period,2375168,30751,space_invaders,freeway,9,0.0,25000
4,period,2375168,30751,space_invaders,freeway,10,0.0,25000
4,period,2400000,30834,space_invaders,breakout,1,1.0,202
4,period,2400000,30834,space_invaders,breakout,2,2.0,202
4,period,2400000,30834,space_invaders,breakout,3,1.0,202
4,period,2400000,30834,space_invaders,breakout,4,1.0,202
4,period,2400000,30834,space_invaders,breakout,5,2.0,202
4,period,2400000,30834,space_invaders,breakout,6,2.0,202
4,period,2400000,30834,space_invaders,breakout,7,1.0,202
4,period,2400000,30834,space_invaders,breakout,8,2.0,202
4,period,2400000,30834,space_invaders,breakout,9,1.0,202
4,period,2400000,30834,space_invaders,breakout,10,1.0,202
4,period,2400000,30834,space_invaders,space_invaders,1,9.0,2956
4,period,2400000,30834,space_invaders,space_invaders,2,23.0,2956
4,period,2400000,30834,space_invaders,space_invaders,3,23.0,2956
4,period,2400000,30834,space_invaders,space_invaders,4,28.0,2956
4,period,2400000,30834,space_invaders,space_invaders,5,95.0,2956
4,period,2400000,30834,space_invaders,space_invaders,6,64.0,2956
4,period,2400000,30834,space_invaders,space_invaders,7,26.0,2956
4,period,2400000,30834,space_invaders,space_invaders,8,11.0,2956
4,period,2400000,30834,space_invaders,space_invaders,9,23.0,2956
4,period,2400000,30834,space_invaders,space_invaders,10,8.0,2956
4,period,2400000,30834,space_invaders,freeway,1,0.0,25000
4,period,2400000,30834,space_invaders,freeway,2,0.0,25000
4,period,2400000,30834,space_invaders,freeway,3,0.0,25000
4,period,2400000,30834,space_invaders,freeway,4,0.0,25000
4,period,2400000,30834,space_invaders,freeway,5,0.0,25000
4,period,2400000,30834,space_invaders,freeway,6,0.0,25000
4,period,2400000,30834,space_invaders,freeway,7,0.0,25000
4,period,2400000,30834,space_invaders,freeway,8,0.0,25000
4,period,2400000,30834,space_invaders,freeway,9,0.0,25000
4,period,2400000,30834,space_invaders,freeway,10,0.0,25000
4,period,2425088,30912,space_invaders,breakout,1,1.0,142
4,period,2425088,30912,space_invaders,breakout,2,1.0,142
4,period,2425088,30912,space_invaders,breakout,3,1.0,142
4,period,2425088,30912,space_invaders,breakout,4,2.0,142
4,period,2425088,30912,space_invaders,breakout,5,1.0,142
4,period,2425088,30912,space_invaders,breakout,6,0.0,142
4,period,2425088,30912,space_invaders,breakout,7,0.0,142
4,period,2425088,30912,space_invaders,breakout,8,1.0,142
4,period,2425088,30912,space_invaders,breakout,9,0.0,142
4,period,2425088,30912,space_invaders,breakout,10,1.0,142
4,period,2425088,30912,space_invaders,space_invaders,1,23.0,3006
4,period,2425088,30912,space_invaders,space_invaders,2,23.0,3006
4,period,2425088,30912,space_invaders,space_invaders,3,23.0,3006
4,period,2425088,30912,space_invaders,space_invaders,4,47.0,3006
4,period,2425088,30912,space_invaders,space_invaders,5,8.0,3006
4,period,2425088,30912,space_invaders,space_invaders,6,46.0,3006
4,period,2425088,30912,space_invaders,space_invaders,7,49.0,3006
4,period,2425088,30912,space_invaders,space_invaders,8,23.0,3006
4,period,2425088,30912,space_invaders,space_invaders,9,35.0,3006
4,period,2425088,30912,space_invaders,space_invaders,10,47.0,3006
4,period,2425088,30912,space_invaders,freeway,1,0.0,25000
4,period,2425088,30912,space_invaders,freeway,2,0.0,25000
4,period,2425088,30912,space_invaders,freeway,3,0.0,25000
4,period,2425088,30912,space_invaders,freeway,4,0.0,25000
4,period,2425088,30912,space_invaders,freeway,5,0.0,25000
4,period,2425088,30912,space_invaders,freeway,6,0.0,25000
4,period,2425088,30912,space_invaders,freeway,7,0.0,25000
4,period,2425088,30912,space_invaders,freeway,8,0.0,25000
4,period,2425088,30912,space_invaders,freeway,9,0.0,25000
4,period,2425088,30912,space_invaders,freeway,10,0.0,25000
4,period,2450176,30978,space_invaders,breakout,1,1.0,174
4,period,2450176,30978,space_invaders,breakout,2,2.0,174
4,period,2450176,30978,space_invaders,breakout,3,2.0,174
4,period,2450176,30978,space_invaders,breakout,4,1.0,174
4,period,2450176,30978,space_invaders,breakout,5,1.0,174
4,period,2450176,30978,space_invaders,breakout,6,1.0,174
4,period,2450176,30978,space_invaders,breakout,7,1.0,174
4,period,2450176,30978,space_invaders,breakout,8,1.0,174
4,period,2450176,30978,space_invaders,breakout,9,1.0,174
4,period,2450176,30978,space_invaders,breakout,10,0.0,174
4,period,2450176,30978,space_invaders,space_invaders,1,23.0,3528
4,period,2450176,30978,space_invaders,space_invaders,2,46.0,3528
4,period,2450176,30978,space_invaders,space_invaders,3,26.0,3528
4,period,2450176,30978,space_invaders,space_invaders,4,47.0,3528
4,period,2450176,30978,space_invaders,space_invaders,5,76.0,3528
4,period,2450176,30978,space_invaders,space_invaders,6,21.0,3528
4,period,2450176,30978,space_invaders,space_invaders,7,23.0,3528
4,period,2450176,30978,space_invaders,space_invaders,8,23.0,3528
4,period,2450176,30978,space_invaders,space_invaders,9,23.0,3528
4,period,2450176,30978,space_invaders,space_invaders,10,71.0,3528
4,period,2450176,30978,space_invaders,freeway,1,0.0,25000
4,period,2450176,30978,space_invaders,freeway,2,0.0,25000
4,period,2450176,30978,space_invaders,freeway,3,0.0,25000
4,period,2450176,30978,space_invaders,freeway,4,0.0,25000
4,period,2450176,30978,space_invaders,freeway,5,0.0,25000
4,period,2450176,30978,space_invaders,freeway,6,0.0,25000
4,period,2450176,30978,space_invaders,freeway,7,0.0,25000
4,period,2450176,30978,space_invaders,freeway,8,0.0,25000
4,period,2450176,30978,space_invaders,freeway,9,0.0,25000
4,period,2450176,30978,space_invaders,freeway,10,0.0,25000
4,period,2475008,31047,space_invaders,breakout,1,0.0,162
4,period,2475008,31047,space_invaders,breakout,2,1.0,162
4,period,2475008,31047,space_invaders,breakout,3,1.0,162
4,period,2475008,31047,space_invaders,breakout,4,1.0,162
4,period,2475008,31047,space_invaders,breakout,5,1.0,162
4,period,2475008,31047,space_invaders,breakout,6,2.0,162
4,period,2475008,31047,space_invaders,breakout,7,1.0,162
4,period,2475008,31047,space_invaders,breakout,8,1.0,162
4,period,2475008,31047,space_invaders,breakout,9,1.0,162
4,period,2475008,31047,space_invaders,breakout,10,1.0,162
4,period,2475008,31047,space_invaders,space_invaders,1,2.0,1330
4,period,2475008,31047,space_invaders,space_invaders,2,10.0,1330
4,period,2475008,31047,space_invaders,space_invaders,3,9.0,1330
4,period,2475008,31047,space_invaders,space_invaders,4,23.0,1330
4,period,2475008,31047,space_invaders,space_invaders,5,4.0,1330
4,period,2475008,31047,space_invaders,space_invaders,6,21.0,1330
4,period,2475008,31047,space_invaders,space_invaders,7,23.0,1330
4,period,2475008,31047,space_invaders,space_invaders,8,23.0,1330
4,period,2475008,31047,space_invaders,space_invaders,9,4.0,1330
4,period,2475008,31047,space_invaders,space_invaders,10,34.0,1330
4,period,2475008,31047,space_invaders,freeway,1,0.0,25000
4,period,2475008,31047,space_invaders,freeway,2,0.0,25000
4,period,2475008,31047,space_invaders,freeway,3,0.0,25000
4,period,2475008,31047,space_invaders,freeway,4,0.0,25000
4,period,2475008,31047,space_invaders,freeway,5,0.0,25000
4,period,2475008,31047,space_invaders,freeway,6,0.0,25000
4,period,2475008,31047,space_invaders,freeway,7,0.0,25000
4,period,2475008,31047,space_invaders,freeway,8,0.0,25000
4,period,2475008,31047,space_invaders,freeway,9,0.0,25000
4,period,2475008,31047,space_invaders,freeway,10,0.0,25000
5,boundary,2999808,31314,freeway,breakout,1,6.0,424
5,boundary,2999808,31314,freeway,breakout,2,3.0,424
5,boundary,2999808,31314,freeway,breakout,3,1.0,424
5,boundary,2999808,31314,freeway,breakout,4,3.0,424
5,boundary,2999808,31314,freeway,breakout,5,6.0,424
5,boundary,2999808,31314,freeway,breakout,6,2.0,424
5,boundary,2999808,31314,freeway,breakout,7,6.0,424
5,boundary,2999808,31314,freeway,breakout,8,1.0,424
5,boundary,2999808,31314,freeway,breakout,9,3.0,424
5,boundary,2999808,31314,freeway,breakout,10,3.0,424
5,boundary,2999808,31314,freeway,space_invaders,1,36.0,1375
5,boundary,2999808,31314,freeway,space_invaders,2,23.0,1375
5,boundary,2999808,31314,freeway,space_invaders,3,14.0,1375
5,boundary,2999808,31314,freeway,space_invaders,4,16.0,1375
5,boundary,2999808,31314,freeway,space_invaders,5,14.0,1375
5,boundary,2999808,31314,freeway,space_invaders,6,14.0,1375
5,boundary,2999808,31314,freeway,space_invaders,7,13.0,1375
5,boundary,2999808,31314,freeway,space_invaders,8,13.0,1375
5,boundary,2999808,31314,freeway,space_invaders,9,2.0,1375
5,boundary,2999808,31314,freeway,space_invaders,10,23.0,1375
5,boundary,2999808,31314,freeway,freeway,1,25.0,25000
5,boundary,2999808,31314,freeway,freeway,2,27.0,25000
5,boundary,2999808,31314,freeway,freeway,3,25.0,25000
5,boundary,2999808,31314,freeway,freeway,4,23.0,25000
5,boundary,2999808,31314,freeway,freeway,5,30.0,25000
5,boundary,2999808,31314,freeway,freeway,6,21.0,25000
5,boundary,2999808,31314,freeway,freeway,7,26.0,25000
5,boundary,2999808,31314,freeway,freeway,8,24.0,25000
5,boundary,2999808,31314,freeway,freeway,9,17.0,25000
5,boundary,2999808,31314,freeway,freeway,10,25.0,25000
5,period,2500096,31122,freeway,breakout,1,1.0,176
5,period,2500096,31122,freeway,breakout,2,0.0,176
5,period,2500096,31122,freeway,breakout,3,2.0,176
5,period,2500096,31122,freeway,breakout,4,1.0,176
5,period,2500096,31122,freeway,breakout,5,1.0,176
5,period,2500096,31122,freeway,breakout,6,2.0,176
5,period,2500096,31122,freeway,breakout,7,0.0,176
5,period,2500096,31122,freeway,breakout,8,2.0,176
5,period,2500096,31122,freeway,breakout,9,1.0,176
5,period,2500096,31122,freeway,breakout,10,1.0,176
5,period,2500096,31122,freeway,space_invaders,1,9.0,2891
5,period,2500096,31122,freeway,space_invaders,2,23.0,2891
5,period,2500096,31122,freeway,space_invaders,3,28.0,2891
5,period,2500096,31122,freeway,space_invaders,4,43.0,2891
5,period,2500096,31122,freeway,space_invaders,5,23.0,2891
5,period,2500096,31122,freeway,space_invaders,6,47.0,2891
5,period,2500096,31122,freeway,space_invaders,7,6.0,2891
5,period,2500096,31122,freeway,space_invaders,8,32.0,2891
5,period,2500096,31122,freeway,space_invaders,9,69.0,2891
5,period,2500096,31122,freeway,space_invaders,10,47.0,2891
5,period,2500096,31122,freeway,freeway,1,0.0,25000
5,period,2500096,31122,freeway,freeway,2,1.0,25000
5,period,2500096,31122,freeway,freeway,3,0.0,25000
5,period,2500096,31122,freeway,freeway,4,1.0,25000
5,period,2500096,31122,freeway,freeway,5,1.0,25000
5,period,2500096,31122,freeway,freeway,6,0.0,25000
5,period,2500096,31122,freeway,freeway,7,0.0,25000
5,period,2500096,31122,freeway,freeway,8,0.0,25000
5,period,2500096,31122,freeway,freeway,9,0.0,25000
5,period,2500096,31122,freeway,freeway,10,0.0,25000
5,period,2525184,31122,freeway,breakout,1,3.0,320
5,period,2525184,31122,freeway,breakout,2,3.0,320
5,period,2525184,31122,freeway,breakout,3,3.0,320
5,period,2525184,31122,freeway,breakout,4,2.0,320
5,period,2525184,31122,freeway,breakout,5,2.0,320
5,period,2525184,31122,freeway,breakout,6,2.0,320
5,period,2525184,31122,freeway,breakout,7,2.0,320
5,period,2525184,31122,freeway,breakout,8,2.0,320
5,period,2525184,31122,freeway,breakout,9,2.0,320
5,period,2525184,31122,freeway,breakout,10,3.0,320
5,period,2525184,31122,freeway,space_invaders,1,2.0,1692
5,period,2525184,31122,freeway,space_invaders,2,5.0,1692
5,period,2525184,31122,freeway,space_invaders,3,23.0,1692
5,period,2525184,31122,freeway,space_invaders,4,15.0,1692
5,period,2525184,31122,freeway,space_invaders,5,2.0,1692
5,period,2525184,31122,freeway,space_invaders,6,28.0,1692
5,period,2525184,31122,freeway,space_invaders,7,8.0,1692
5,period,2525184,31122,freeway,space_invaders,8,49.0,1692
5,period,2525184,31122,freeway,space_invaders,9,47.0,1692
5,period,2525184,31122,freeway,space_invaders,10,9.0,1692
5,period,2525184,31122,freeway,freeway,1,1.0,25000
5,period,2525184,31122,freeway,freeway,2,1.0,25000
5,period,2525184,31122,freeway,freeway,3,1.0,25000
5,period,2525184,31122,freeway,freeway,4,0.0,25000
5,period,2525184,31122,freeway,freeway,5,0.0,25000
5,period,2525184,31122,freeway,freeway,6,0.0,25000
5,period,2525184,31122,freeway,freeway,7,1.0,25000
5,period,2525184,31122,freeway,freeway,8,0.0,25000
5,period,2525184,31122,freeway,freeway,9,0.0,25000
5,period,2525184,31122,freeway,freeway,10,0.0,25000
5,period,2550016,31138,freeway,breakout,1,2.0,250
5,period,2550016,31138,freeway,breakout,2,3.0,250
5,period,2550016,31138,freeway,breakout,3,1.0,250
5,period,2550016,31138,freeway,breakout,4,1.0,250
5,period,2550016,31138,freeway,breakout,5,1.0,250
5,period,2550016,31138,freeway,breakout,6,1.0,250
5,period,2550016,31138,freeway,breakout,7,1.0,250
5,period,2550016,31138,freeway,breakout,8,3.0,250
5,period,2550016,31138,freeway,breakout,9,3.0,250
5,period,2550016,31138,freeway,breakout,10,2.0,250
5,period,2550016,31138,freeway,space_invaders,1,4.0,1023
5,period,2550016,31138,freeway,space_invaders,2,23.0,1023
5,period,2550016,31138,freeway,space_invaders,3,13.0,1023
5,period,2550016,31138,freeway,space_invaders,4,2.0,1023
5,period,2550016,31138,freeway,space_invaders,5,4.0,1023
5,period,2550016,31138,freeway,space_invaders,6,26.0,1023
5,period,2550016,31138,freeway,space_invaders,7,26.0,1023
5,period,2550016,31138,freeway,space_invaders,8,11.0,1023
5,period,2550016,31138,freeway,space_invaders,9,5.0,1023
5,period,2550016,31138,freeway,space_invaders,10,13.0,1023
5,period,2550016,31138,freeway,freeway,1,0.0,25000
5,period,2550016,31138,freeway,freeway,2,2.0,25000
5,period,2550016,31138,freeway,freeway,3,1.0,25000
5,period,2550016,31138,freeway,freeway,4,0.0,25000
5,period,2550016,31138,freeway,freeway,5,1.0,25000
5,period,2550016,31138,freeway,freeway,6,1.0,25000
5,period,2550016,31138,freeway,freeway,7,0.0,25000
5,period,2550016,31138,freeway,freeway,8,0.0,25000
5,period,2550016,31138,freeway,freeway,9,0.0,25000
5,period,2550016,31138,freeway,freeway,10,1.0,25000
5,period,2575104,31138,freeway,breakout,1,1.0,272
5,period,2575104,31138,freeway,breakout,2,1.0,272
5,period,2575104,31138,freeway,breakout,3,3.0,272
5,period,2575104,31138,freeway,breakout,4,3.0,272
5,period,2575104,31138,freeway,breakout,5,3.0,272
5,period,2575104,31138,freeway,breakout,6,3.0,272
5,period,2575104,31138,freeway,breakout,7,1.0,272
5,period,2575104,31138,freeway,breakout,8,0.0,272
5,period,2575104,31138,freeway,breakout,9,2.0,272
5,period,2575104,31138,freeway,breakout,10,3.0,272
5,period,2575104,31138,freeway,space_invaders,1,2.0,2305
5,period,2575104,31138,freeway,space_invaders,2,26.0,2305
5,period,2575104,31138,freeway,space_invaders,3,32.0,2305
5,period,2575104,31138,freeway,space_invaders,4,49.0,2305
5,period,2575104,31138,freeway,space_invaders,5,2.0,2305
5,period,2575104,31138,freeway,space_invaders,6,28.0,2305
5,period,2575104,31138,freeway,space_invaders,7,25.0,2305
5,period,2575104,31138,freeway,space_invaders,8,23.0,2305
5,period,2575104,31138,freeway,space_invaders,9,27.0,2305
5,period,2575104,31138,freeway,space_invaders,10,47.0,2305
5,period,2575104,31138,freeway,freeway,1,8.0,25000
5,period,2575104,31138,freeway,freeway,2,11.0,25000
5,period,2575104,31138,freeway,freeway,3,6.0,25000
5,period,2575104,31138,freeway,freeway,4,6.0,25000
5,period,2575104,31138,freeway,freeway,5,6.0,25000
5,period,2575104,31138,freeway,freeway,6,0.0,25000
5,period,2575104,31138,freeway,freeway,7,10.0,25000
5,period,2575104,31138,freeway,freeway,8,7.0,25000
5,period,2575104,31138,freeway,freeway,9,5.0,25000
5,period,2575104,31138,freeway,freeway,10,8.0,25000
5,period,2600192,31154,freeway,breakout,1,6.0,218
5,period,2600192,31154,freeway,breakout,2,1.0,218
5,period,2600192,31154,freeway,breakout,3,1.0,218
5,period,2600192,31154,freeway,breakout,4,1.0,218
5,period,2600192,31154,freeway,breakout,5,1.0,218
5,period,2600192,31154,freeway,breakout,6,1.0,218
5,period,2600192,31154,freeway,breakout,7,0.0,218
5,period,2600192,31154,freeway,breakout,8,2.0,218
5,period,2600192,31154,freeway,breakout,9,1.0,218
5,period,2600192,31154,freeway,breakout,10,1.0,218
5,period,2600192,31154,freeway,space_invaders,1,26.0,791
5,period,2600192,31154,freeway,space_invaders,2,5.0,791
5,period,2600192,31154,freeway,space_invaders,3,2.0,791
5,period,2600192,31154,freeway,space_invaders,4,4.0,791
5,period,2600192,31154,freeway,space_invaders,5,9.0,791
5,period,2600192,31154,freeway,space_invaders,6,18.0,791
5,period,2600192,31154,freeway,space_invaders,7,23.0,791
5,period,2600192,31154,freeway,space_invaders,8,2.0,791
5,period,2600192,31154,freeway,space_invaders,9,2.0,791
5,period,2600192,31154,freeway,space_invaders,10,2.0,791
5,period,2600192,31154,freeway,freeway,1,18.0,25000
5,period,2600192,31154,freeway,freeway,2,14.0,25000
5,period,2600192,31154,freeway,freeway,3,22.0,25000
5,period,2600192,31154,freeway,freeway,4,15.0,25000
5,period,2600192,31154,freeway,freeway,5,23.0,25000
5,period,2600192,31154,freeway,freeway,6,26.0,25000
5,period,2600192,31154,freeway,freeway,7,16.0,25000
5,period,2600192,31154,freeway,freeway,8,23.0,25000
5,period,2600192,31154,freeway,freeway,9,22.0,25000
5,period,2600192,31154,freeway,freeway,10,24.0,25000
5,period,2625024,31170,freeway,breakout,1,1.0,316
5,period,2625024,31170,freeway,breakout,2,3.0,316
5,period,2625024,31170,freeway,breakout,3,3.0,316
5,period,2625024,31170,freeway,breakout,4,1.0,316
5,period,2625024,31170,freeway,breakout,5,3.0,316
5,period,2625024,31170,freeway,breakout,6,2.0,316
5,period,2625024,31170,freeway,breakout,7,2.0,316
5,period,2625024,31170,freeway,breakout,8,3.0,316
5,period,2625024,31170,freeway,breakout,9,3.0,316
5,period,2625024,31170,freeway,breakout,10,3.0,316
5,period,2625024,31170,freeway,space_invaders,1,22.0,1244
5,period,2625024,31170,freeway,space_invaders,2,22.0,1244
5,period,2625024,31170,freeway,space_invaders,3,25.0,1244
5,period,2625024,31170,freeway,space_invaders,4,13.0,1244
5,period,2625024,31170,freeway,space_invaders,5,5.0,1244
5,period,2625024,31170,freeway,space_invaders,6,4.0,1244
5,period,2625024,31170,freeway,space_invaders,7,5.0,1244
5,period,2625024,31170,freeway,space_invaders,8,2.0,1244
5,period,2625024,31170,freeway,space_invaders,9,23.0,1244
5,period,2625024,31170,freeway,space_invaders,10,3.0,1244
5,period,2625024,31170,freeway,freeway,1,33.0,25000
5,period,2625024,31170,freeway,freeway,2,25.0,25000
5,period,2625024,31170,freeway,freeway,3,3.0,25000
5,period,2625024,31170,freeway,freeway,4,30.0,25000
5,period,2625024,31170,freeway,freeway,5,32.0,25000
5,period,2625024,31170,freeway,freeway,6,32.0,25000
5,period,2625024,31170,freeway,freeway,7,30.0,25000
5,period,2625024,31170,freeway,freeway,8,26.0,25000
5,period,2625024,31170,freeway,freeway,9,32.0,25000
5,period,2625024,31170,freeway,freeway,10,28.0,25000
5,period,2650112,31170,freeway,breakout,1,1.0,294
5,period,2650112,31170,freeway,breakout,2,2.0,294
5,period,2650112,31170,freeway,breakout,3,0.0,294
5,period,2650112,31170,freeway,breakout,4,3.0,294
5,period,2650112,31170,freeway,breakout,5,2.0,294
5,period,2650112,31170,freeway,breakout,6,3.0,294
5,period,2650112,31170,freeway,breakout,7,2.0,294
5,period,2650112,31170,freeway,breakout,8,3.0,294
5,period,2650112,31170,freeway,breakout,9,3.0,294
5,period,2650112,31170,freeway,breakout,10,3.0,294
5,period,2650112,31170,freeway,space_invaders,1,2.0,1047
5,period,2650112,31170,freeway,space_invaders,2,2.0,1047
5,period,2650112,31170,freeway,space_invaders,3,23.0,1047
5,period,2650112,31170,freeway,space_invaders,4,2.0,1047
5,period,2650112,31170,freeway,space_invaders,5,2.0,1047
5,period,2650112,31170,freeway,space_invaders,6,19.0,1047
5,period,2650112,31170,freeway,space_invaders,7,23.0,1047
5,period,2650112,31170,freeway,space_invaders,8,4.0,1047
5,period,2650112,31170,freeway,space_invaders,9,26.0,1047
5,period,2650112,31170,freeway,space_invaders,10,4.0,1047
5,period,2650112,31170,freeway,freeway,1,14.0,25000
5,period,2650112,31170,freeway,freeway,2,6.0,25000
5,period,2650112,31170,freeway,freeway,3,10.0,25000
5,period,2650112,31170,freeway,freeway,4,25.0,25000
5,period,2650112,31170,freeway,freeway,5,24.0,25000
5,period,2650112,31170,freeway,freeway,6,23.0,25000
5,period,2650112,31170,freeway,freeway,7,16.0,25000
5,period,2650112,31170,freeway,freeway,8,18.0,25000
5,period,2650112,31170,freeway,freeway,9,15.0,25000
5,period,2650112,31170,freeway,freeway,10,25.0,25000
5,period,2675200,31186,freeway,breakout,1,6.0,360
5,period,2675200,31186,freeway,breakout,2,2.0,360
5,period,2675200,31186,freeway,breakout,3,1.0,360
5,period,2675200,31186,freeway,breakout,4,3.0,360
5,period,2675200,31186,freeway,breakout,5,1.0,360
5,period,2675200,31186,freeway,breakout,6,3.0,360
5,period,2675200,31186,freeway,breakout,7,6.0,360
5,period,2675200,31186,freeway,breakout,8,3.0,360
5,period,2675200,31186,freeway,breakout,9,1.0,360
5,period,2675200,31186,freeway,breakout,10,2.0,360
5,period,2675200,31186,freeway,space_invaders,1,4.0,947
5,period,2675200,31186,freeway,space_invaders,2,20.0,947
5,period,2675200,31186,freeway,space_invaders,3,25.0,947
5,period,2675200,31186,freeway,space_invaders,4,2.0,947
5,period,2675200,31186,freeway,space_invaders,5,4.0,947
5,period,2675200,31186,freeway,space_invaders,6,2.0,947
5,period,2675200,31186,freeway,space_invaders,7,11.0,947
5,period,2675200,31186,freeway,space_invaders,8,4.0,947
5,period,2675200,31186,freeway,space_invaders,9,27.0,947
5,period,2675200,31186,freeway,space_invaders,10,14.0,947
5,period,2675200,31186,freeway,freeway,1,22.0,25000
5,period,2675200,31186,freeway,freeway,2,30.0,25000
5,period,2675200,31186,freeway,freeway,3,29.0,25000
5,period,2675200,31186,freeway,freeway,4,14.0,25000
5,period,2675200,31186,freeway,freeway,5,36.0,25000
5,period,2675200,31186,freeway,freeway,6,24.0,25000
5,period,2675200,31186,freeway,freeway,7,29.0,25000
5,period,2675200,31186,freeway,freeway,8,23.0,25000
5,period,2675200,31186,freeway,freeway,9,32.0,25000
5,period,2675200,31186,freeway,freeway,10,22.0,25000
5,period,2700032,31202,freeway,breakout,1,2.0,394
5,period,2700032,31202,freeway,breakout,2,1.0,394
5,period,2700032,31202,freeway,breakout,3,3.0,394
5,period,2700032,31202,freeway,breakout,4,5.0,394
5,period,2700032,31202,freeway,breakout,5,6.0,394
5,period,2700032,31202,freeway,breakout,6,3.0,394
5,period,2700032,31202,freeway,breakout,7,1.0,394
5,period,2700032,31202,freeway,breakout,8,1.0,394
5,period,2700032,31202,freeway,breakout,9,3.0,394
5,period,2700032,31202,freeway,breakout,10,6.0,394
5,period,2700032,31202,freeway,space_invaders,1,11.0,984
5,period,2700032,31202,freeway,space_invaders,2,27.0,984
5,period,2700032,31202,freeway,space_invaders,3,2.0,984
5,period,2700032,31202,freeway,space_invaders,4,4.0,984
5,period,2700032,31202,freeway,space_invaders,5,23.0,984
5,period,2700032,31202,freeway,space_invaders,6,2.0,984
5,period,2700032,31202,freeway,space_invaders,7,16.0,984
5,period,2700032,31202,freeway,space_invaders,8,19.0,984
5,period,2700032,31202,freeway,space_invaders,9,14.0,984
5,period,2700032,31202,freeway,space_invaders,10,2.0,984
5,period,2700032,31202,freeway,freeway,1,24.0,25000
5,period,2700032,31202,freeway,freeway,2,13.0,25000
5,period,2700032,31202,freeway,freeway,3,21.0,25000
5,period,2700032,31202,freeway,freeway,4,16.0,25000
5,period,2700032,31202,freeway,freeway,5,20.0,25000
5,period,2700032,31202,freeway,freeway,6,25.0,25000
5,period,2700032,31202,freeway,freeway,7,23.0,25000
5,period,2700032,31202,freeway,freeway,8,25.0,25000
5,period,2700032,31202,freeway,freeway,9,22.0,25000
5,period,2700032,31202,freeway,freeway,10,26.0,25000
5,period,2725120,31202,freeway,breakout,1,2.0,426
5,period,2725120,31202,freeway,breakout,2,1.0,426
5,period,2725120,31202,freeway,breakout,3,3.0,426
5,period,2725120,31202,freeway,breakout,4,3.0,426
5,period,2725120,31202,freeway,breakout,5,3.0,426
5,period,2725120,31202,freeway,breakout,6,1.0,426
5,period,2725120,31202,freeway,breakout,7,3.0,426
5,period,2725120,31202,freeway,breakout,8,6.0,426
5,period,2725120,31202,freeway,breakout,9,6.0,426
5,period,2725120,31202,freeway,breakout,10,6.0,426
5,period,2725120,31202,freeway,space_invaders,1,26.0,1245
5,period,2725120,31202,freeway,space_invaders,2,13.0,1245
5,period,2725120,31202,freeway,space_invaders,3,22.0,1245
5,period,2725120,31202,freeway,space_invaders,4,16.0,1245
5,period,2725120,31202,freeway,space_invaders,5,14.0,1245
5,period,2725120,31202,freeway,space_invaders,6,28.0,1245
5,period,2725120,31202,freeway,space_invaders,7,9.0,1245
5,period,2725120,31202,freeway,space_invaders,8,2.0,1245
5,period,2725120,31202,freeway,space_invaders,9,11.0,1245
5,period,2725120,31202,freeway,space_invaders,10,17.0,1245
5,period,2725120,31202,freeway,freeway,1,22.0,25000
5,period,2725120,31202,freeway,freeway,2,24.0,25000
5,period,2725120,31202,freeway,freeway,3,17.0,25000
5,period,2725120,31202,freeway,freeway,4,36.0,25000
5,period,2725120,31202,freeway,freeway,5,19.0,25000
5,period,2725120,31202,freeway,freeway,6,31.0,25000
5,period,2725120,31202,freeway,freeway,7,29.0,25000
5,period,2725120,31202,freeway,freeway,8,22.0,25000
5,period,2725120,31202,freeway,freeway,9,28.0,25000
5,period,2725120,31202,freeway,freeway,10,24.0,25000
5,period,2750208,31218,freeway,breakout,1,6.0,348
5,period,2750208,31218,freeway,breakout,2,1.0,348
5,period,2750208,31218,freeway,breakout,3,1.0,348
5,period,2750208,31218,freeway,breakout,4,2.0,348
5,period,2750208,31218,freeway,breakout,5,3.0,348
5,period,2750208,31218,freeway,breakout,6,3.0,348
5,period,2750208,31218,freeway,breakout,7,3.0,348
5,period,2750208,31218,freeway,breakout,8,1.0,348
5,period,2750208,31218,freeway,breakout,9,6.0,348
5,period,2750208,31218,freeway,breakout,10,1.0,348
5,period,2750208,31218,freeway,space_invaders,1,4.0,570
5,period,2750208,31218,freeway,space_invaders,2,7.0,570
5,period,2750208,31218,freeway,space_invaders,3,9.0,570
5,period,2750208,31218,freeway,space_invaders,4,12.0,570
5,period,2750208,31218,freeway,space_invaders,5,7.0,570
5,period,2750208,31218,freeway,space_invaders,6,9.0,570
5,period,2750208,31218,freeway,space_invaders,7,6.0,570
5,period,2750208,31218,freeway,space_invaders,8,2.0,570
5,period,2750208,31218,freeway,space_invaders,9,12.0,570
5,period,2750208,31218,freeway,space_invaders,10,6.0,570
5,period,2750208,31218,freeway,freeway,1,32.0,25000
5,period,2750208,31218,freeway,freeway,2,19.0,25000
5,period,2750208,31218,freeway,freeway,3,29.0,25000
5,period,2750208,31218,freeway,freeway,4,25.0,25000
5,period,2750208,31218,freeway,freeway,5,16.0,25000
5,period,2750208,31218,freeway,freeway,6,35.0,25000
5,period,2750208,31218,freeway,freeway,7,18.0,25000
5,period,2750208,31218,freeway,freeway,8,34.0,25000
5,period,2750208,31218,freeway,freeway,9,24.0,25000
5,period,2750208,31218,freeway,freeway,10,26.0,25000
5,period,2775040,31218,freeway,breakout,1,3.0,346
5,period,2775040,31218,freeway,breakout,2,3.0,346
5,period,2775040,31218,freeway,breakout,3,2.0,346
5,period,2775040,31218,freeway,breakout,4,1.0,346
5,period,2775040,31218,freeway,breakout,5,1.0,346
5,period,2775040,31218,freeway,breakout,6,1.0,346
5,period,2775040,31218,freeway,breakout,7,3.0,346
5,period,2775040,31218,freeway,breakout,8,5.0,346
5,period,2775040,31218,freeway,breakout,9,2.0,346
5,period,2775040,31218,freeway,breakout,10,6.0,346
5,period,2775040,31218,freeway,space_invaders,1,10.0,1113
5,period,2775040,31218,freeway,space_invaders,2,9.0,1113
5,period,2775040,31218,freeway,space_invaders,3,10.0,1113
5,period,2775040,31218,freeway,space_invaders,4,25.0,1113
5,period,2775040,31218,freeway,space_invaders,5,12.0,1113
5,period,2775040,31218,freeway,space_invaders,6,23.0,1113
5,period,2775040,31218,freeway,space_invaders,7,12.0,1113
5,period,2775040,31218,freeway,space_invaders,8,12.0,1113
5,period,2775040,31218,freeway,space_invaders,9,13.0,1113
5,period,2775040,31218,freeway,space_invaders,10,4.0,1113
5,period,2775040,31218,freeway,freeway,1,22.0,25000
5,period,2775040,31218,freeway,freeway,2,31.0,25000
5,period,2775040,31218,freeway,freeway,3,22.0,25000
5,period,2775040,31218,freeway,freeway,4,28.0,25000
5,period,2775040,31218,freeway,freeway,5,30.0,25000
5,period,2775040,31218,freeway,freeway,6,26.0,25000
5,period,2775040,31218,freeway,freeway,7,37.0,25000
5,period,2775040,31218,freeway,freeway,8,25.0,25000
5,period,2775040,31218,freeway,freeway,9,25.0,25000
5,period,2775040,31218,freeway,freeway,10,24.0,25000
5,period,2800128,31234,freeway,breakout,1,1.0,326
5,period,2800128,31234,freeway,breakout,2,1.0,326
5,period,2800128,31234,freeway,breakout,3,1.0,326
5,period,2800128,31234,freeway,breakout,4,5.0,326
5,period,2800128,31234,freeway,breakout,5,3.0,326
5,period,2800128,31234,freeway,breakout,6,3.0,326
5,period,2800128,31234,freeway,breakout,7,1.0,326
5,period,2800128,31234,freeway,breakout,8,3.0,326
5,period,2800128,31234,freeway,breakout,9,4.0,326
5,period,2800128,31234,freeway,breakout,10,3.0,326
5,period,2800128,31234,freeway,space_invaders,1,39.0,1244
5,period,2800128,31234,freeway,space_invaders,2,10.0,1244
5,period,2800128,31234,freeway,space_invaders,3,2.0,1244
5,period,2800128,31234,freeway,space_invaders,4,23.0,1244
5,period,2800128,31234,freeway,space_invaders,5,12.0,1244
5,period,2800128,31234,freeway,space_invaders,6,13.0,1244
5,period,2800128,31234,freeway,space_invaders,7,13.0,1244
5,period,2800128,31234,freeway,space_invaders,8,20.0,1244
5,period,2800128,31234,freeway,space_invaders,9,9.0,1244
5,period,2800128,31234,freeway,space_invaders,10,8.0,1244
5,period,2800128,31234,freeway,freeway,1,29.0,25000
5,period,2800128,31234,freeway,freeway,2,30.0,25000
5,period,2800128,31234,freeway,freeway,3,27.0,25000
5,period,2800128,31234,freeway,freeway,4,25.0,25000
5,period,2800128,31234,freeway,freeway,5,25.0,25000
5,period,2800128,31234,freeway,freeway,6,26.0,25000
5,period,2800128,31234,freeway,freeway,7,23.0,25000
5,period,2800128,31234,freeway,freeway,8,28.0,25000
5,period,2800128,31234,freeway,freeway,9,28.0,25000
5,period,2800128,31234,freeway,freeway,10,23.0,25000
5,period,2825216,31250,freeway,breakout,1,3.0,492
5,period,2825216,31250,freeway,breakout,2,6.0,492
5,period,2825216,31250,freeway,breakout,3,6.0,492
5,period,2825216,31250,freeway,breakout,4,6.0,492
5,period,2825216,31250,freeway,breakout,5,3.0,492
5,period,2825216,31250,freeway,breakout,6,3.0,492
5,period,2825216,31250,freeway,breakout,7,3.0,492
5,period,2825216,31250,freeway,breakout,8,1.0,492
5,period,2825216,31250,freeway,breakout,9,6.0,492
5,period,2825216,31250,freeway,breakout,10,3.0,492
5,period,2825216,31250,freeway,space_invaders,1,9.0,810
5,period,2825216,31250,freeway,space_invaders,2,10.0,810
5,period,2825216,31250,freeway,space_invaders,3,11.0,810
5,period,2825216,31250,freeway,space_invaders,4,9.0,810
5,period,2825216,31250,freeway,space_invaders,5,8.0,810
5,period,2825216,31250,freeway,space_invaders,6,8.0,810
5,period,2825216,31250,freeway,space_invaders,7,6.0,810
5,period,2825216,31250,freeway,space_invaders,8,18.0,810
5,period,2825216,31250,freeway,space_invaders,9,11.0,810
5,period,2825216,31250,freeway,space_invaders,10,13.0,810
5,period,2825216,31250,freeway,freeway,1,33.0,25000
5,period,2825216,31250,freeway,freeway,2,26.0,25000
5,period,2825216,31250,freeway,freeway,3,27.0,25000
5,period,2825216,31250,freeway,freeway,4,10.0,25000
5,period,2825216,31250,freeway,freeway,5,25.0,25000
5,period,2825216,31250,freeway,freeway,6,34.0,25000
5,period,2825216,31250,freeway,freeway,7,25.0,25000
5,period,2825216,31250,freeway,freeway,8,21.0,25000
5,period,2825216,31250,freeway,freeway,9,31.0,25000
5,period,2825216,31250,freeway,freeway,10,26.0,25000
5,period,2850048,31250,freeway,breakout,1,1.0,294
5,period,2850048,31250,freeway,breakout,2,6.0,294
5,period,2850048,31250,freeway,breakout,3,1.0,294
5,period,2850048,31250,freeway,breakout,4,1.0,294
5,period,2850048,31250,freeway,breakout,5,1.0,294
5,period,2850048,31250,freeway,breakout,6,1.0,294
5,period,2850048,31250,freeway,breakout,7,6.0,294
5,period,2850048,31250,freeway,breakout,8,1.0,294
5,period,2850048,31250,freeway,breakout,9,3.0,294
5,period,2850048,31250,freeway,breakout,10,1.0,294
5,period,2850048,31250,freeway,space_invaders,1,13.0,1655
5,period,2850048,31250,freeway,space_invaders,2,33.0,1655
5,period,2850048,31250,freeway,space_invaders,3,17.0,1655
5,period,2850048,31250,freeway,space_invaders,4,13.0,1655
5,period,2850048,31250,freeway,space_invaders,5,38.0,1655
5,period,2850048,31250,freeway,space_invaders,6,4.0,1655
5,period,2850048,31250,freeway,space_invaders,7,9.0,1655
5,period,2850048,31250,freeway,space_invaders,8,13.0,1655
5,period,2850048,31250,freeway,space_invaders,9,22.0,1655
5,period,2850048,31250,freeway,space_invaders,10,23.0,1655
5,period,2850048,31250,freeway,freeway,1,19.0,25000
5,period,2850048,31250,freeway,freeway,2,22.0,25000
5,period,2850048,31250,freeway,freeway,3,27.0,25000
5,period,2850048,31250,freeway,freeway,4,24.0,25000
5,period,2850048,31250,freeway,freeway,5,31.0,25000
5,period,2850048,31250,freeway,freeway,6,27.0,25000
5,period,2850048,31250,freeway,freeway,7,21.0,25000
5,period,2850048,31250,freeway,freeway,8,24.0,25000
5,period,2850048,31250,freeway,freeway,9,34.0,25000
5,period,2850048,31250,freeway,freeway,10,24.0,25000
5,period,2875136,31266,freeway,breakout,1,6.0,386
5,period,2875136,31266,freeway,breakout,2,1.0,386
5,period,2875136,31266,freeway,breakout,3,1.0,386
5,period,2875136,31266,freeway,breakout,4,3.0,386
5,period,2875136,31266,freeway,breakout,5,5.0,386
5,period,2875136,31266,freeway,breakout,6,3.0,386
5,period,2875136,31266,freeway,breakout,7,1.0,386
5,period,2875136,31266,freeway,breakout,8,2.0,386
5,period,2875136,31266,freeway,breakout,9,6.0,386
5,period,2875136,31266,freeway,breakout,10,2.0,386
5,period,2875136,31266,freeway,space_invaders,1,27.0,1428
5,period,2875136,31266,freeway,space_invaders,2,17.0,1428
5,period,2875136,31266,freeway,space_invaders,3,15.0,1428
5,period,2875136,31266,freeway,space_invaders,4,27.0,1428
5,period,2875136,31266,freeway,space_invaders,5,2.0,1428
5,period,2875136,31266,freeway,space_invaders,6,9.0,1428
5,period,2875136,31266,freeway,space_invaders,7,22.0,1428
5,period,2875136,31266,freeway,space_invaders,8,13.0,1428
5,period,2875136,31266,freeway,space_invaders,9,14.0,1428
5,period,2875136,31266,freeway,space_invaders,10,15.0,1428
5,period,2875136,31266,freeway,freeway,1,35.0,25000
5,period,2875136,31266,freeway,freeway,2,32.0,25000
5,period,2875136,31266,freeway,freeway,3,37.0,25000
5,period,2875136,31266,freeway,freeway,4,24.0,25000
5,period,2875136,31266,freeway,freeway,5,29.0,25000
5,period,2875136,31266,freeway,freeway,6,29.0,25000
5,period,2875136,31266,freeway,freeway,7,30.0,25000
5,period,2875136,31266,freeway,freeway,8,32.0,25000
5,period,2875136,31266,freeway,freeway,9,24.0,25000
5,period,2875136,31266,freeway,freeway,10,32.0,25000
5,period,2900224,31282,freeway,breakout,1,1.0,394
5,period,2900224,31282,freeway,breakout,2,5.0,394
5,period,2900224,31282,freeway,breakout,3,5.0,394
5,period,2900224,31282,freeway,breakout,4,1.0,394
5,period,2900224,31282,freeway,breakout,5,2.0,394
5,period,2900224,31282,freeway,breakout,6,1.0,394
5,period,2900224,31282,freeway,breakout,7,6.0,394
5,period,2900224,31282,freeway,breakout,8,3.0,394
5,period,2900224,31282,freeway,breakout,9,5.0,394
5,period,2900224,31282,freeway,breakout,10,2.0,394
5,period,2900224,31282,freeway,space_invaders,1,10.0,1069
5,period,2900224,31282,freeway,space_invaders,2,14.0,1069
5,period,2900224,31282,freeway,space_invaders,3,8.0,1069
5,period,2900224,31282,freeway,space_invaders,4,13.0,1069
5,period,2900224,31282,freeway,space_invaders,5,2.0,1069
5,period,2900224,31282,freeway,space_invaders,6,10.0,1069
5,period,2900224,31282,freeway,space_invaders,7,23.0,1069
5,period,2900224,31282,freeway,space_invaders,8,12.0,1069
5,period,2900224,31282,freeway,space_invaders,9,26.0,1069
5,period,2900224,31282,freeway,space_invaders,10,6.0,1069
5,period,2900224,31282,freeway,freeway,1,28.0,25000
5,period,2900224,31282,freeway,freeway,2,14.0,25000
5,period,2900224,31282,freeway,freeway,3,25.0,25000
5,period,2900224,31282,freeway,freeway,4,26.0,25000
5,period,2900224,31282,freeway,freeway,5,21.0,25000
5,period,2900224,31282,freeway,freeway,6,28.0,25000
5,period,2900224,31282,freeway,freeway,7,16.0,25000
5,period,2900224,31282,freeway,freeway,8,30.0,25000
5,period,2900224,31282,freeway,freeway,9,27.0,25000
5,period,2900224,31282,freeway,freeway,10,35.0,25000
5,period,2925056,31282,freeway,breakout,1,3.0,382
5,period,2925056,31282,freeway,breakout,2,3.0,382
5,period,2925056,31282,freeway,breakout,3,3.0,382
5,period,2925056,31282,freeway,breakout,4,6.0,382
5,period,2925056,31282,freeway,breakout,5,3.0,382
5,period,2925056,31282,freeway,breakout,6,6.0,382
5,period,2925056,31282,freeway,breakout,7,1.0,382
5,period,2925056,31282,freeway,breakout,8,3.0,382
5,period,2925056,31282,freeway,breakout,9,1.0,382
5,period,2925056,31282,freeway,breakout,10,1.0,382
5,period,2925056,31282,freeway,space_invaders,1,8.0,1744
5,period,2925056,31282,freeway,space_invaders,2,26.0,1744
5,period,2925056,31282,freeway,space_invaders,3,23.0,1744
5,period,2925056,31282,freeway,space_invaders,4,23.0,1744
5,period,2925056,31282,freeway,space_invaders,5,23.0,1744
5,period,2925056,31282,freeway,space_invaders,6,23.0,1744
5,period,2925056,31282,freeway,space_invaders,7,2.0,1744
5,period,2925056,31282,freeway,space_invaders,8,17.0,1744
5,period,2925056,31282,freeway,space_invaders,9,14.0,1744
5,period,2925056,31282,freeway,space_invaders,10,19.0,1744
5,period,2925056,31282,freeway,freeway,1,26.0,25000
5,period,2925056,31282,freeway,freeway,2,30.0,25000
5,period,2925056,31282,freeway,freeway,3,29.0,25000
5,period,2925056,31282,freeway,freeway,4,25.0,25000
5,period,2925056,31282,freeway,freeway,5,24.0,25000
5,period,2925056,31282,freeway,freeway,6,28.0,25000
5,period,2925056,31282,freeway,freeway,7,28.0,25000
5,period,2925056,31282,freeway,freeway,8,25.0,25000
5,period,2925056,31282,freeway,freeway,9,23.0,25000
5,period,2925056,31282,freeway,freeway,10,18.0,25000
5,period,2950144,31298,freeway,breakout,1,5.0,418
5,period,2950144,31298,freeway,breakout,2,2.0,418
5,period,2950144,31298,freeway,breakout,3,3.0,418
5,period,2950144,31298,freeway,breakout,4,3.0,418
5,period,2950144,31298,freeway,breakout,5,3.0,418
5,period,2950144,31298,freeway,breakout,6,1.0,418
5,period,2950144,31298,freeway,breakout,7,3.0,418
5,period,2950144,31298,freeway,breakout,8,6.0,418
5,period,2950144,31298,freeway,breakout,9,6.0,418
5,period,2950144,31298,freeway,breakout,10,1.0,418
5,period,2950144,31298,freeway,space_invaders,1,11.0,1447
5,period,2950144,31298,freeway,space_invaders,2,14.0,1447
5,period,2950144,31298,freeway,space_invaders,3,23.0,1447
5,period,2950144,31298,freeway,space_invaders,4,2.0,1447
5,period,2950144,31298,freeway,space_invaders,5,13.0,1447
5,period,2950144,31298,freeway,space_invaders,6,35.0,1447
5,period,2950144,31298,freeway,space_invaders,7,14.0,1447
5,period,2950144,31298,freeway,space_invaders,8,4.0,1447
5,period,2950144,31298,freeway,space_invaders,9,22.0,1447
5,period,2950144,31298,freeway,space_invaders,10,21.0,1447
5,period,2950144,31298,freeway,freeway,1,36.0,25000
5,period,2950144,31298,freeway,freeway,2,26.0,25000
5,period,2950144,31298,freeway,freeway,3,21.0,25000
5,period,2950144,31298,freeway,freeway,4,26.0,25000
5,period,2950144,31298,freeway,freeway,5,22.0,25000
5,period,2950144,31298,freeway,freeway,6,26.0,25000
5,period,2950144,31298,freeway,freeway,7,28.0,25000
5,period,2950144,31298,freeway,freeway,8,25.0,25000
5,period,2950144,31298,freeway,freeway,9,23.0,25000
5,period,2950144,31298,freeway,freeway,10,27.0,25000
5,period,2975232,31298,freeway,breakout,1,3.0,380
5,period,2975232,31298,freeway,breakout,2,6.0,380
5,period,2975232,31298,freeway,breakout,3,2.0,380
5,period,2975232,31298,freeway,breakout,4,1.0,380
5,period,2975232,31298,freeway,breakout,5,2.0,380
5,period,2975232,31298,freeway,breakout,6,6.0,380
5,period,2975232,31298,freeway,breakout,7,4.0,380
5,period,2975232,31298,freeway,breakout,8,3.0,380
5,period,2975232,31298,freeway,breakout,9,2.0,380
5,period,2975232,31298,freeway,breakout,10,1.0,380
5,period,2975232,31298,freeway,space_invaders,1,12.0,680
5,period,2975232,31298,freeway,space_invaders,2,6.0,680
5,period,2975232,31298,freeway,space_invaders,3,12.0,680
5,period,2975232,31298,freeway,space_invaders,4,6.0,680
5,period,2975232,31298,freeway,space_invaders,5,2.0,680
5,period,2975232,31298,freeway,space_invaders,6,15.0,680
5,period,2975232,31298,freeway,space_invaders,7,4.0,680
5,period,2975232,31298,freeway,space_invaders,8,13.0,680
5,period,2975232,31298,freeway,space_invaders,9,8.0,680
5,period,2975232,31298,freeway,space_invaders,10,15.0,680
5,period,2975232,31298,freeway,freeway,1,33.0,25000
5,period,2975232,31298,freeway,freeway,2,25.0,25000
5,period,2975232,31298,freeway,freeway,3,37.0,25000
5,period,2975232,31298,freeway,freeway,4,33.0,25000
5,period,2975232,31298,freeway,freeway,5,26.0,25000
5,period,2975232,31298,freeway,freeway,6,19.0,25000
5,period,2975232,31298,freeway,freeway,7,31.0,25000
5,period,2975232,31298,freeway,freeway,8,34.0,25000
5,period,2975232,31298,freeway,freeway,9,30.0,25000
5,period,2975232,31298,freeway,freeway,10,37.0,25000
6,boundary,3499776,40178,breakout,breakout,1,3.0,508
6,boundary,3499776,40178,breakout,breakout,2,5.0,508
6,boundary,3499776,40178,breakout,breakout,3,6.0,508
6,boundary,3499776,40178,breakout,breakout,4,6.0,508
6,boundary,3499776,40178,breakout,breakout,5,5.0,508
6,boundary,3499776,40178,breakout,breakout,6,2.0,508
6,boundary,3499776,40178,breakout,breakout,7,0.0,508
6,boundary,3499776,40178,breakout,breakout,8,6.0,508
6,boundary,3499776,40178,breakout,breakout,9,3.0,508
6,boundary,3499776,40178,breakout,breakout,10,6.0,508
6,boundary,3499776,40178,breakout,space_invaders,1,9.0,531
6,boundary,3499776,40178,breakout,space_invaders,2,2.0,531
6,boundary,3499776,40178,breakout,space_invaders,3,7.0,531
6,boundary,3499776,40178,breakout,space_invaders,4,9.0,531
6,boundary,3499776,40178,breakout,space_invaders,5,2.0,531
6,boundary,3499776,40178,breakout,space_invaders,6,4.0,531
6,boundary,3499776,40178,breakout,space_invaders,7,4.0,531
6,boundary,3499776,40178,breakout,space_invaders,8,14.0,531
6,boundary,3499776,40178,breakout,space_invaders,9,5.0,531
6,boundary,3499776,40178,breakout,space_invaders,10,2.0,531
6,boundary,3499776,40178,breakout,freeway,1,20.0,25000
6,boundary,3499776,40178,breakout,freeway,2,19.0,25000
6,boundary,3499776,40178,breakout,freeway,3,24.0,25000
6,boundary,3499776,40178,breakout,freeway,4,26.0,25000
6,boundary,3499776,40178,breakout,freeway,5,27.0,25000
6,boundary,3499776,40178,breakout,freeway,6,28.0,25000
6,boundary,3499776,40178,breakout,freeway,7,27.0,25000
6,boundary,3499776,40178,breakout,freeway,8,29.0,25000
6,boundary,3499776,40178,breakout,freeway,9,22.0,25000
6,boundary,3499776,40178,breakout,freeway,10,12.0,25000
6,period,3000064,31318,breakout,breakout,1,5.0,306
6,period,3000064,31318,breakout,breakout,2,3.0,306
6,period,3000064,31318,breakout,breakout,3,2.0,306
6,period,3000064,31318,breakout,breakout,4,3.0,306
6,period,3000064,31318,breakout,breakout,5,1.0,306
6,period,3000064,31318,breakout,breakout,6,6.0,306
6,period,3000064,31318,breakout,breakout,7,0.0,306
6,period,3000064,31318,breakout,breakout,8,1.0,306
6,period,3000064,31318,breakout,breakout,9,1.0,306
6,period,3000064,31318,breakout,breakout,10,1.0,306
6,period,3000064,31318,breakout,space_invaders,1,47.0,1201
6,period,3000064,31318,breakout,space_invaders,2,23.0,1201
6,period,3000064,31318,breakout,space_invaders,3,4.0,1201
6,period,3000064,31318,breakout,space_invaders,4,15.0,1201
6,period,3000064,31318,breakout,space_invaders,5,6.0,1201
6,period,3000064,31318,breakout,space_invaders,6,8.0,1201
6,period,3000064,31318,breakout,space_invaders,7,14.0,1201
6,period,3000064,31318,breakout,space_invaders,8,4.0,1201
6,period,3000064,31318,breakout,space_invaders,9,9.0,1201
6,period,3000064,31318,breakout,space_invaders,10,12.0,1201
6,period,3000064,31318,breakout,freeway,1,24.0,25000
6,period,3000064,31318,breakout,freeway,2,27.0,25000
6,period,3000064,31318,breakout,freeway,3,21.0,25000
6,period,3000064,31318,breakout,freeway,4,28.0,25000
6,period,3000064,31318,breakout,freeway,5,19.0,25000
6,period,3000064,31318,breakout,freeway,6,23.0,25000
6,period,3000064,31318,breakout,freeway,7,32.0,25000
6,period,3000064,31318,breakout,freeway,8,18.0,25000
6,period,3000064,31318,breakout,freeway,9,30.0,25000
6,period,3000064,31318,breakout,freeway,10,21.0,25000
6,period,3025152,31806,breakout,breakout,1,1.0,468
6,period,3025152,31806,breakout,breakout,2,2.0,468
6,period,3025152,31806,breakout,breakout,3,2.0,468
6,period,3025152,31806,breakout,breakout,4,5.0,468
6,period,3025152,31806,breakout,breakout,5,6.0,468
6,period,3025152,31806,breakout,breakout,6,5.0,468
6,period,3025152,31806,breakout,breakout,7,6.0,468
6,period,3025152,31806,breakout,breakout,8,4.0,468
6,period,3025152,31806,breakout,breakout,9,6.0,468
6,period,3025152,31806,breakout,breakout,10,1.0,468
6,period,3025152,31806,breakout,space_invaders,1,2.0,646
6,period,3025152,31806,breakout,space_invaders,2,9.0,646
6,period,3025152,31806,breakout,space_invaders,3,4.0,646
6,period,3025152,31806,breakout,space_invaders,4,10.0,646
6,period,3025152,31806,breakout,space_invaders,5,8.0,646
6,period,3025152,31806,breakout,space_invaders,6,2.0,646
6,period,3025152,31806,breakout,space_invaders,7,11.0,646
6,period,3025152,31806,breakout,space_invaders,8,6.0,646
6,period,3025152,31806,breakout,space_invaders,9,9.0,646
6,period,3025152,31806,breakout,space_invaders,10,11.0,646
6,period,3025152,31806,breakout,freeway,1,24.0,25000
6,period,3025152,31806,breakout,freeway,2,27.0,25000
6,period,3025152,31806,breakout,freeway,3,25.0,25000
6,period,3025152,31806,breakout,freeway,4,25.0,25000
6,period,3025152,31806,breakout,freeway,5,26.0,25000
6,period,3025152,31806,breakout,freeway,6,20.0,25000
6,period,3025152,31806,breakout,freeway,7,24.0,25000
6,period,3025152,31806,breakout,freeway,8,30.0,25000
6,period,3025152,31806,breakout,freeway,9,21.0,25000
6,period,3025152,31806,breakout,freeway,10,11.0,25000
6,period,3050240,32257,breakout,breakout,1,3.0,552
6,period,3050240,32257,breakout,breakout,2,5.0,552
6,period,3050240,32257,breakout,breakout,3,2.0,552
6,period,3050240,32257,breakout,breakout,4,6.0,552
6,period,3050240,32257,breakout,breakout,5,6.0,552
6,period,3050240,32257,breakout,breakout,6,6.0,552
6,period,3050240,32257,breakout,breakout,7,6.0,552
6,period,3050240,32257,breakout,breakout,8,3.0,552
6,period,3050240,32257,breakout,breakout,9,3.0,552
6,period,3050240,32257,breakout,breakout,10,6.0,552
6,period,3050240,32257,breakout,space_invaders,1,8.0,499
6,period,3050240,32257,breakout,space_invaders,2,4.0,499
6,period,3050240,32257,breakout,space_invaders,3,9.0,499
6,period,3050240,32257,breakout,space_invaders,4,4.0,499
6,period,3050240,32257,breakout,space_invaders,5,8.0,499
6,period,3050240,32257,breakout,space_invaders,6,9.0,499
6,period,3050240,32257,breakout,space_invaders,7,7.0,499
6,period,3050240,32257,breakout,space_invaders,8,4.0,499
6,period,3050240,32257,breakout,space_invaders,9,9.0,499
6,period,3050240,32257,breakout,space_invaders,10,10.0,499
6,period,3050240,32257,breakout,freeway,1,31.0,25000
6,period,3050240,32257,breakout,freeway,2,20.0,25000
6,period,3050240,32257,breakout,freeway,3,20.0,25000
6,period,3050240,32257,breakout,freeway,4,24.0,25000
6,period,3050240,32257,breakout,freeway,5,21.0,25000
6,period,3050240,32257,breakout,freeway,6,26.0,25000
6,period,3050240,32257,breakout,freeway,7,27.0,25000
6,period,3050240,32257,breakout,freeway,8,14.0,25000
6,period,3050240,32257,breakout,freeway,9,19.0,25000
6,period,3050240,32257,breakout,freeway,10,24.0,25000
6,period,3075072,32713,breakout,breakout,1,6.0,540
6,period,3075072,32713,breakout,breakout,2,5.0,540
6,period,3075072,32713,breakout,breakout,3,6.0,540
6,period,3075072,32713,breakout,breakout,4,2.0,540
6,period,3075072,32713,breakout,breakout,5,3.0,540
6,period,3075072,32713,breakout,breakout,6,5.0,540
6,period,3075072,32713,breakout,breakout,7,6.0,540
6,period,3075072,32713,breakout,breakout,8,0.0,540
6,period,3075072,32713,breakout,breakout,9,6.0,540
6,period,3075072,32713,breakout,breakout,10,6.0,540
6,period,3075072,32713,breakout,space_invaders,1,7.0,518
6,period,3075072,32713,breakout,space_invaders,2,9.0,518
6,period,3075072,32713,breakout,space_invaders,3,11.0,518
6,period,3075072,32713,breakout,space_invaders,4,8.0,518
6,period,3075072,32713,breakout,space_invaders,5,7.0,518
6,period,3075072,32713,breakout,space_invaders,6,7.0,518
6,period,3075072,32713,breakout,space_invaders,7,2.0,518
6,period,3075072,32713,breakout,space_invaders,8,7.0,518
6,period,3075072,32713,breakout,space_invaders,9,6.0,518
6,period,3075072,32713,breakout,space_invaders,10,4.0,518
6,period,3075072,32713,breakout,freeway,1,20.0,25000
6,period,3075072,32713,breakout,freeway,2,29.0,25000
6,period,3075072,32713,breakout,freeway,3,25.0,25000
6,period,3075072,32713,breakout,freeway,4,19.0,25000
6,period,3075072,32713,breakout,freeway,5,17.0,25000
6,period,3075072,32713,breakout,freeway,6,20.0,25000
6,period,3075072,32713,breakout,freeway,7,26.0,25000
6,period,3075072,32713,breakout,freeway,8,23.0,25000
6,period,3075072,32713,breakout,freeway,9,25.0,25000
6,period,3075072,32713,breakout,freeway,10,24.0,25000
6,period,3100160,33165,breakout,breakout,1,6.0,662
6,period,3100160,33165,breakout,breakout,2,6.0,662
6,period,3100160,33165,breakout,breakout,3,6.0,662
6,period,3100160,33165,breakout,breakout,4,5.0,662
6,period,3100160,33165,breakout,breakout,5,5.0,662
6,period,3100160,33165,breakout,breakout,6,6.0,662
6,period,3100160,33165,breakout,breakout,7,6.0,662
6,period,3100160,33165,breakout,breakout,8,6.0,662
6,period,3100160,33165,breakout,breakout,9,5.0,662
6,period,3100160,33165,breakout,breakout,10,5.0,662
6,period,3100160,33165,breakout,space_invaders,1,9.0,540
6,period,3100160,33165,breakout,space_invaders,2,7.0,540
6,period,3100160,33165,breakout,space_invaders,3,9.0,540
6,period,3100160,33165,breakout,space_invaders,4,2.0,540
6,period,3100160,33165,breakout,space_invaders,5,8.0,540
6,period,3100160,33165,breakout,space_invaders,6,6.0,540
6,period,3100160,33165,breakout,space_invaders,7,10.0,540
6,period,3100160,33165,breakout,space_invaders,8,8.0,540
6,period,3100160,33165,breakout,space_invaders,9,6.0,540
6,period,3100160,33165,breakout,space_invaders,10,5.0,540
6,period,3100160,33165,breakout,freeway,1,27.0,25000
6,period,3100160,33165,breakout,freeway,2,22.0,25000
6,period,3100160,33165,breakout,freeway,3,21.0,25000
6,period,3100160,33165,breakout,freeway,4,23.0,25000
6,period,3100160,33165,breakout,freeway,5,23.0,25000
6,period,3100160,33165,breakout,freeway,6,29.0,25000
6,period,3100160,33165,breakout,freeway,7,24.0,25000
6,period,3100160,33165,breakout,freeway,8,28.0,25000
6,period,3100160,33165,breakout,freeway,9,25.0,25000
6,period,3100160,33165,breakout,freeway,10,29.0,25000
6,period,3125248,33620,breakout,breakout,1,5.0,608
6,period,3125248,33620,breakout,breakout,2,5.0,608
6,period,3125248,33620,breakout,breakout,3,5.0,608
6,period,3125248,33620,breakout,breakout,4,5.0,608
6,period,3125248,33620,breakout,breakout,5,5.0,608
6,period,3125248,33620,breakout,breakout,6,5.0,608
6,period,3125248,33620,breakout,breakout,7,6.0,608
6,period,3125248,33620,breakout,breakout,8,6.0,608
6,period,3125248,33620,breakout,breakout,9,5.0,608
6,period,3125248,33620,breakout,breakout,10,4.0,608
6,period,3125248,33620,breakout,space_invaders,1,9.0,454
6,period,3125248,33620,breakout,space_invaders,2,9.0,454
6,period,3125248,33620,breakout,space_invaders,3,3.0,454
6,period,3125248,33620,breakout,space_invaders,4,2.0,454
6,period,3125248,33620,breakout,space_invaders,5,2.0,454
6,period,3125248,33620,breakout,space_invaders,6,7.0,454
6,period,3125248,33620,breakout,space_invaders,7,11.0,454
6,period,3125248,33620,breakout,space_invaders,8,11.0,454
6,period,3125248,33620,breakout,space_invaders,9,4.0,454
6,period,3125248,33620,breakout,space_invaders,10,8.0,454
6,period,3125248,33620,breakout,freeway,1,26.0,25000
6,period,3125248,33620,breakout,freeway,2,31.0,25000
6,period,3125248,33620,breakout,freeway,3,13.0,25000
6,period,3125248,33620,breakout,freeway,4,20.0,25000
6,period,3125248,33620,breakout,freeway,5,26.0,25000
6,period,3125248,33620,breakout,freeway,6,28.0,25000
6,period,3125248,33620,breakout,freeway,7,23.0,25000
6,period,3125248,33620,breakout,freeway,8,20.0,25000
6,period,3125248,33620,breakout,freeway,9,22.0,25000
6,period,3125248,33620,breakout,freeway,10,33.0,25000
6,period,3150080,34063,breakout,breakout,1,5.0,520
6,period,3150080,34063,breakout,breakout,2,6.0,520
6,period,3150080,34063,breakout,breakout,3,0.0,520
6,period,3150080,34063,breakout,breakout,4,5.0,520
6,period,3150080,34063,breakout,breakout,5,5.0,520
6,period,3150080,34063,breakout,breakout,6,5.0,520
6,period,3150080,34063,breakout,breakout,7,6.0,520
6,period,3150080,34063,breakout,breakout,8,6.0,520
6,period,3150080,34063,breakout,breakout,9,4.0,520
6,period,3150080,34063,breakout,breakout,10,1.0,520
6,period,3150080,34063,breakout,space_invaders,1,12.0,919
6,period,3150080,34063,breakout,space_invaders,2,11.0,919
6,period,3150080,34063,breakout,space_invaders,3,21.0,919
6,period,3150080,34063,breakout,space_invaders,4,13.0,919
6,period,3150080,34063,breakout,space_invaders,5,11.0,919
6,period,3150080,34063,breakout,space_invaders,6,10.0,919
6,period,3150080,34063,breakout,space_invaders,7,7.0,919
6,period,3150080,34063,breakout,space_invaders,8,13.0,919
6,period,3150080,34063,breakout,space_invaders,9,8.0,919
6,period,3150080,34063,breakout,space_invaders,10,11.0,919
6,period,3150080,34063,breakout,freeway,1,29.0,25000
6,period,3150080,34063,breakout,freeway,2,24.0,25000
6,period,3150080,34063,breakout,freeway,3,27.0,25000
6,period,3150080,34063,breakout,freeway,4,25.0,25000
6,period,3150080,34063,breakout,freeway,5,23.0,25000
6,period,3150080,34063,breakout,freeway,6,28.0,25000
6,period,3150080,34063,breakout,freeway,7,27.0,25000
6,period,3150080,34063,breakout,freeway,8,24.0,25000
6,period,3150080,34063,breakout,freeway,9,19.0,25000
6,period,3150080,34063,breakout,freeway,10,27.0,25000
6,period,3175168,34516,breakout,breakout,1,5.0,504
6,period,3175168,34516,breakout,breakout,2,6.0,504
6,period,3175168,34516,breakout,breakout,3,2.0,504
6,period,3175168,34516,breakout,breakout,4,5.0,504
6,period,3175168,34516,breakout,breakout,5,2.0,504
6,period,3175168,34516,breakout,breakout,6,5.0,504
6,period,3175168,34516,breakout,breakout,7,5.0,504
6,period,3175168,34516,breakout,breakout,8,6.0,504
6,period,3175168,34516,breakout,breakout,9,0.0,504
6,period,3175168,34516,breakout,breakout,10,5.0,504
6,period,3175168,34516,breakout,space_invaders,1,10.0,791
6,period,3175168,34516,breakout,space_invaders,2,9.0,791
6,period,3175168,34516,breakout,space_invaders,3,23.0,791
6,period,3175168,34516,breakout,space_invaders,4,10.0,791
6,period,3175168,34516,breakout,space_invaders,5,12.0,791
6,period,3175168,34516,breakout,space_invaders,6,8.0,791
6,period,3175168,34516,breakout,space_invaders,7,10.0,791
6,period,3175168,34516,breakout,space_invaders,8,9.0,791
6,period,3175168,34516,breakout,space_invaders,9,2.0,791
6,period,3175168,34516,breakout,space_invaders,10,14.0,791
6,period,3175168,34516,breakout,freeway,1,18.0,25000
6,period,3175168,34516,breakout,freeway,2,24.0,25000
6,period,3175168,34516,breakout,freeway,3,21.0,25000
6,period,3175168,34516,breakout,freeway,4,32.0,25000
6,period,3175168,34516,breakout,freeway,5,20.0,25000
6,period,3175168,34516,breakout,freeway,6,20.0,25000
6,period,3175168,34516,breakout,freeway,7,22.0,25000
6,period,3175168,34516,breakout,freeway,8,21.0,25000
6,period,3175168,34516,breakout,freeway,9,21.0,25000
6,period,3175168,34516,breakout,freeway,10,28.0,25000
6,period,3200000,34958,breakout,breakout,1,6.0,594
6,period,3200000,34958,breakout,breakout,2,6.0,594
6,period,3200000,34958,breakout,breakout,3,6.0,594
6,period,3200000,34958,breakout,breakout,4,3.0,594
6,period,3200000,34958,breakout,breakout,5,6.0,594
6,period,3200000,34958,breakout,breakout,6,2.0,594
6,period,3200000,34958,breakout,breakout,7,5.0,594
6,period,3200000,34958,breakout,breakout,8,5.0,594
6,period,3200000,34958,breakout,breakout,9,5.0,594
6,period,3200000,34958,breakout,breakout,10,6.0,594
6,period,3200000,34958,breakout,space_invaders,1,10.0,967
6,period,3200000,34958,breakout,space_invaders,2,29.0,967
6,period,3200000,34958,breakout,space_invaders,3,8.0,967
6,period,3200000,34958,breakout,space_invaders,4,9.0,967
6,period,3200000,34958,breakout,space_invaders,5,3.0,967
6,period,3200000,34958,breakout,space_invaders,6,12.0,967
6,period,3200000,34958,breakout,space_invaders,7,11.0,967
6,period,3200000,34958,breakout,space_invaders,8,6.0,967
6,period,3200000,34958,breakout,space_invaders,9,23.0,967
6,period,3200000,34958,breakout,space_invaders,10,8.0,967
6,period,3200000,34958,breakout,freeway,1,27.0,25000
6,period,3200000,34958,breakout,freeway,2,27.0,25000
6,period,3200000,34958,breakout,freeway,3,30.0,25000
6,period,3200000,34958,breakout,freeway,4,31.0,25000
6,period,3200000,34958,breakout,freeway,5,18.0,25000
6,period,3200000,34958,breakout,freeway,6,27.0,25000
6,period,3200000,34958,breakout,freeway,7,17.0,25000
6,period,3200000,34958,breakout,freeway,8,27.0,25000
6,period,3200000,34958,breakout,freeway,9,33.0,25000
6,period,3200000,34958,breakout,freeway,10,30.0,25000
6,period,3225088,35407,breakout,breakout,1,2.0,442
6,period,3225088,35407,breakout,breakout,2,6.0,442
6,period,3225088,35407,breakout,breakout,3,5.0,442
6,period,3225088,35407,breakout,breakout,4,3.0,442
6,period,3225088,35407,breakout,breakout,5,1.0,442
6,period,3225088,35407,breakout,breakout,6,5.0,442
6,period,3225088,35407,breakout,breakout,7,2.0,442
6,period,3225088,35407,breakout,breakout,8,5.0,442
6,period,3225088,35407,breakout,breakout,9,6.0,442
6,period,3225088,35407,breakout,breakout,10,1.0,442
6,period,3225088,35407,breakout,space_invaders,1,3.0,563
6,period,3225088,35407,breakout,space_invaders,2,10.0,563
6,period,3225088,35407,breakout,space_invaders,3,6.0,563
6,period,3225088,35407,breakout,space_invaders,4,8.0,563
6,period,3225088,35407,breakout,space_invaders,5,4.0,563
6,period,3225088,35407,breakout,space_invaders,6,5.0,563
6,period,3225088,35407,breakout,space_invaders,7,9.0,563
6,period,3225088,35407,breakout,space_invaders,8,4.0,563
6,period,3225088,35407,breakout,space_invaders,9,12.0,563
6,period,3225088,35407,breakout,space_invaders,10,8.0,563
6,period,3225088,35407,breakout,freeway,1,30.0,25000
6,period,3225088,35407,breakout,freeway,2,21.0,25000
6,period,3225088,35407,breakout,freeway,3,23.0,25000
6,period,3225088,35407,breakout,freeway,4,19.0,25000
6,period,3225088,35407,breakout,freeway,5,31.0,25000
6,period,3225088,35407,breakout,freeway,6,23.0,25000
6,period,3225088,35407,breakout,freeway,7,20.0,25000
6,period,3225088,35407,breakout,freeway,8,22.0,25000
6,period,3225088,35407,breakout,freeway,9,19.0,25000
6,period,3225088,35407,breakout,freeway,10,25.0,25000
6,period,3250176,35838,breakout,breakout,1,3.0,584
6,period,3250176,35838,breakout,breakout,2,6.0,584
6,period,3250176,35838,breakout,breakout,3,5.0,584
6,period,3250176,35838,breakout,breakout,4,6.0,584
6,period,3250176,35838,breakout,breakout,5,6.0,584
6,period,3250176,35838,breakout,breakout,6,5.0,584
6,period,3250176,35838,breakout,breakout,7,2.0,584
6,period,3250176,35838,breakout,breakout,8,6.0,584
6,period,3250176,35838,breakout,breakout,9,5.0,584
6,period,3250176,35838,breakout,breakout,10,5.0,584
6,period,3250176,35838,breakout,space_invaders,1,12.0,608
6,period,3250176,35838,breakout,space_invaders,2,16.0,608
6,period,3250176,35838,breakout,space_invaders,3,9.0,608
6,period,3250176,35838,breakout,space_invaders,4,4.0,608
6,period,3250176,35838,breakout,space_invaders,5,8.0,608
6,period,3250176,35838,breakout,space_invaders,6,5.0,608
6,period,3250176,35838,breakout,space_invaders,7,7.0,608
6,period,3250176,35838,breakout,space_invaders,8,7.0,608
6,period,3250176,35838,breakout,space_invaders,9,4.0,608
6,period,3250176,35838,breakout,space_invaders,10,4.0,608
6,period,3250176,35838,breakout,freeway,1,19.0,25000
6,period,3250176,35838,breakout,freeway,2,31.0,25000
6,period,3250176,35838,breakout,freeway,3,25.0,25000
6,period,3250176,35838,breakout,freeway,4,30.0,25000
6,period,3250176,35838,breakout,freeway,5,30.0,25000
6,period,3250176,35838,breakout,freeway,6,27.0,25000
6,period,3250176,35838,breakout,freeway,7,19.0,25000
6,period,3250176,35838,breakout,freeway,8,22.0,25000
6,period,3250176,35838,breakout,freeway,9,27.0,25000
6,period,3250176,35838,breakout,freeway,10,26.0,25000
6,period,3275008,36266,breakout,breakout,1,5.0,570
6,period,3275008,36266,breakout,breakout,2,6.0,570
6,period,3275008,36266,breakout,breakout,3,3.0,570
6,period,3275008,36266,breakout,breakout,4,6.0,570
6,period,3275008,36266,breakout,breakout,5,5.0,570
6,period,3275008,36266,breakout,breakout,6,1.0,570
6,period,3275008,36266,breakout,breakout,7,5.0,570
6,period,3275008,36266,breakout,breakout,8,6.0,570
6,period,3275008,36266,breakout,breakout,9,5.0,570
6,period,3275008,36266,breakout,breakout,10,5.0,570
6,period,3275008,36266,breakout,space_invaders,1,9.0,1002
6,period,3275008,36266,breakout,space_invaders,2,22.0,1002
6,period,3275008,36266,breakout,space_invaders,3,12.0,1002
6,period,3275008,36266,breakout,space_invaders,4,8.0,1002
6,period,3275008,36266,breakout,space_invaders,5,8.0,1002
6,period,3275008,36266,breakout,space_invaders,6,4.0,1002
6,period,3275008,36266,breakout,space_invaders,7,8.0,1002
6,period,3275008,36266,breakout,space_invaders,8,12.0,1002
6,period,3275008,36266,breakout,space_invaders,9,15.0,1002
6,period,3275008,36266,breakout,space_invaders,10,5.0,1002
6,period,3275008,36266,breakout,freeway,1,22.0,25000
6,period,3275008,36266,breakout,freeway,2,29.0,25000
6,period,3275008,36266,breakout,freeway,3,19.0,25000
6,period,3275008,36266,breakout,freeway,4,27.0,25000
6,period,3275008,36266,breakout,freeway,5,29.0,25000
6,period,3275008,36266,breakout,freeway,6,26.0,25000
6,period,3275008,36266,breakout,freeway,7,22.0,25000
6,period,3275008,36266,breakout,freeway,8,28.0,25000
6,period,3275008,36266,breakout,freeway,9,24.0,25000
6,period,3275008,36266,breakout,freeway,10,23.0,25000
6,period,3300096,36699,breakout,breakout,1,6.0,576
6,period,3300096,36699,breakout,breakout,2,2.0,576
6,period,3300096,36699,breakout,breakout,3,6.0,576
6,period,3300096,36699,breakout,breakout,4,6.0,576
6,period,3300096,36699,breakout,breakout,5,5.0,576
6,period,3300096,36699,breakout,breakout,6,5.0,576
6,period,3300096,36699,breakout,breakout,7,1.0,576
6,period,3300096,36699,breakout,breakout,8,5.0,576
6,period,3300096,36699,breakout,breakout,9,6.0,576
6,period,3300096,36699,breakout,breakout,10,6.0,576
6,period,3300096,36699,breakout,space_invaders,1,5.0,577
6,period,3300096,36699,breakout,space_invaders,2,8.0,577
6,period,3300096,36699,breakout,space_invaders,3,3.0,577
6,period,3300096,36699,breakout,space_invaders,4,2.0,577
6,period,3300096,36699,breakout,space_invaders,5,9.0,577
6,period,3300096,36699,breakout,space_invaders,6,19.0,577
6,period,3300096,36699,breakout,space_invaders,7,8.0,577
6,period,3300096,36699,breakout,space_invaders,8,6.0,577
6,period,3300096,36699,breakout,space_invaders,9,9.0,577
6,period,3300096,36699,breakout,space_invaders,10,4.0,577
6,period,3300096,36699,breakout,freeway,1,27.0,25000
6,period,3300096,36699,breakout,freeway,2,21.0,25000
6,period,3300096,36699,breakout,freeway,3,22.0,25000
6,period,3300096,36699,breakout,freeway,4,27.0,25000
6,period,3300096,36699,breakout,freeway,5,26.0,25000
6,period,3300096,36699,breakout,freeway,6,26.0,25000
6,period,3300096,36699,breakout,freeway,7,18.0,25000
6,period,3300096,36699,breakout,freeway,8,23.0,25000
6,period,3300096,36699,breakout,freeway,9,28.0,25000
6,period,3300096,36699,breakout,freeway,10,27.0,25000
6,period,3325184,37139,breakout,breakout,1,5.0,562
6,period,3325184,37139,breakout,breakout,2,6.0,562
6,period,3325184,37139,breakout,breakout,3,5.0,562
6,period,3325184,37139,breakout,breakout,4,6.0,562
6,period,3325184,37139,breakout,breakout,5,6.0,562
6,period,3325184,37139,breakout,breakout,6,6.0,562
6,period,3325184,37139,breakout,breakout,7,6.0,562
6,period,3325184,37139,breakout,breakout,8,1.0,562
6,period,3325184,37139,breakout,breakout,9,5.0,562
6,period,3325184,37139,breakout,breakout,10,1.0,562
6,period,3325184,37139,breakout,space_invaders,1,8.0,776
6,period,3325184,37139,breakout,space_invaders,2,10.0,776
6,period,3325184,37139,breakout,space_invaders,3,6.0,776
6,period,3325184,37139,breakout,space_invaders,4,8.0,776
6,period,3325184,37139,breakout,space_invaders,5,5.0,776
6,period,3325184,37139,breakout,space_invaders,6,7.0,776
6,period,3325184,37139,breakout,space_invaders,7,10.0,776
6,period,3325184,37139,breakout,space_invaders,8,3.0,776
6,period,3325184,37139,breakout,space_invaders,9,3.0,776
6,period,3325184,37139,breakout,space_invaders,10,20.0,776
6,period,3325184,37139,breakout,freeway,1,27.0,25000
6,period,3325184,37139,breakout,freeway,2,24.0,25000
6,period,3325184,37139,breakout,freeway,3,23.0,25000
6,period,3325184,37139,breakout,freeway,4,24.0,25000
6,period,3325184,37139,breakout,freeway,5,30.0,25000
6,period,3325184,37139,breakout,freeway,6,19.0,25000
6,period,3325184,37139,breakout,freeway,7,28.0,25000
6,period,3325184,37139,breakout,freeway,8,25.0,25000
6,period,3325184,37139,breakout,freeway,9,33.0,25000
6,period,3325184,37139,breakout,freeway,10,28.0,25000
6,period,3350016,37566,breakout,breakout,1,5.0,564
6,period,3350016,37566,breakout,breakout,2,5.0,564
6,period,3350016,37566,breakout,breakout,3,6.0,564
6,period,3350016,37566,breakout,breakout,4,3.0,564
6,period,3350016,37566,breakout,breakout,5,6.0,564
6,period,3350016,37566,breakout,breakout,6,6.0,564
6,period,3350016,37566,breakout,breakout,7,5.0,564
6,period,3350016,37566,breakout,breakout,8,4.0,564
6,period,3350016,37566,breakout,breakout,9,1.0,564
6,period,3350016,37566,breakout,breakout,10,6.0,564
6,period,3350016,37566,breakout,space_invaders,1,4.0,621
6,period,3350016,37566,breakout,space_invaders,2,13.0,621
6,period,3350016,37566,breakout,space_invaders,3,12.0,621
6,period,3350016,37566,breakout,space_invaders,4,7.0,621
6,period,3350016,37566,breakout,space_invaders,5,13.0,621
6,period,3350016,37566,breakout,space_invaders,6,6.0,621
6,period,3350016,37566,breakout,space_invaders,7,4.0,621
6,period,3350016,37566,breakout,space_invaders,8,9.0,621
6,period,3350016,37566,breakout,space_invaders,9,7.0,621
6,period,3350016,37566,breakout,space_invaders,10,3.0,621
6,period,3350016,37566,breakout,freeway,1,19.0,25000
6,period,3350016,37566,breakout,freeway,2,25.0,25000
6,period,3350016,37566,breakout,freeway,3,23.0,25000
6,period,3350016,37566,breakout,freeway,4,24.0,25000
6,period,3350016,37566,breakout,freeway,5,29.0,25000
6,period,3350016,37566,breakout,freeway,6,16.0,25000
6,period,3350016,37566,breakout,freeway,7,32.0,25000
6,period,3350016,37566,breakout,freeway,8,27.0,25000
6,period,3350016,37566,breakout,freeway,9,22.0,25000
6,period,3350016,37566,breakout,freeway,10,21.0,25000
6,period,3375104,38010,breakout,breakout,1,5.0,516
6,period,3375104,38010,breakout,breakout,2,6.0,516
6,period,3375104,38010,breakout,breakout,3,6.0,516
6,period,3375104,38010,breakout,breakout,4,6.0,516
6,period,3375104,38010,breakout,breakout,5,4.0,516
6,period,3375104,38010,breakout,breakout,6,1.0,516
6,period,3375104,38010,breakout,breakout,7,1.0,516
6,period,3375104,38010,breakout,breakout,8,6.0,516
6,period,3375104,38010,breakout,breakout,9,6.0,516
6,period,3375104,38010,breakout,breakout,10,2.0,516
6,period,3375104,38010,breakout,space_invaders,1,11.0,461
6,period,3375104,38010,breakout,space_invaders,2,2.0,461
6,period,3375104,38010,breakout,space_invaders,3,10.0,461
6,period,3375104,38010,breakout,space_invaders,4,5.0,461
6,period,3375104,38010,breakout,space_invaders,5,11.0,461
6,period,3375104,38010,breakout,space_invaders,6,5.0,461
6,period,3375104,38010,breakout,space_invaders,7,2.0,461
6,period,3375104,38010,breakout,space_invaders,8,8.0,461
6,period,3375104,38010,breakout,space_invaders,9,4.0,461
6,period,3375104,38010,breakout,space_invaders,10,8.0,461
6,period,3375104,38010,breakout,freeway,1,28.0,25000
6,period,3375104,38010,breakout,freeway,2,26.0,25000
6,period,3375104,38010,breakout,freeway,3,31.0,25000
6,period,3375104,38010,breakout,freeway,4,27.0,25000
6,period,3375104,38010,breakout,freeway,5,25.0,25000
6,period,3375104,38010,breakout,freeway,6,19.0,25000
6,period,3375104,38010,breakout,freeway,7,24.0,25000
6,period,3375104,38010,breakout,freeway,8,20.0,25000
6,period,3375104,38010,breakout,freeway,9,17.0,25000
6,period,3375104,38010,breakout,freeway,10,26.0,25000
6,period,3400192,38445,breakout,breakout,1,6.0,608
6,period,3400192,38445,breakout,breakout,2,4.0,608
6,period,3400192,38445,breakout,breakout,3,5.0,608
6,period,3400192,38445,breakout,breakout,4,6.0,608
6,period,3400192,38445,breakout,breakout,5,5.0,608
6,period,3400192,38445,breakout,breakout,6,5.0,608
6,period,3400192,38445,breakout,breakout,7,5.0,608
6,period,3400192,38445,breakout,breakout,8,3.0,608
6,period,3400192,38445,breakout,breakout,9,6.0,608
6,period,3400192,38445,breakout,breakout,10,6.0,608
6,period,3400192,38445,breakout,space_invaders,1,18.0,755
6,period,3400192,38445,breakout,space_invaders,2,10.0,755
6,period,3400192,38445,breakout,space_invaders,3,2.0,755
6,period,3400192,38445,breakout,space_invaders,4,4.0,755
6,period,3400192,38445,breakout,space_invaders,5,2.0,755
6,period,3400192,38445,breakout,space_invaders,6,11.0,755
6,period,3400192,38445,breakout,space_invaders,7,2.0,755
6,period,3400192,38445,breakout,space_invaders,8,9.0,755
6,period,3400192,38445,breakout,space_invaders,9,29.0,755
6,period,3400192,38445,breakout,space_invaders,10,13.0,755
6,period,3400192,38445,breakout,freeway,1,22.0,25000
6,period,3400192,38445,breakout,freeway,2,29.0,25000
6,period,3400192,38445,breakout,freeway,3,30.0,25000
6,period,3400192,38445,breakout,freeway,4,22.0,25000
6,period,3400192,38445,breakout,freeway,5,24.0,25000
6,period,3400192,38445,breakout,freeway,6,15.0,25000
6,period,3400192,38445,breakout,freeway,7,25.0,25000
6,period,3400192,38445,breakout,freeway,8,21.0,25000
6,period,3400192,38445,breakout,freeway,9,12.0,25000
6,period,3400192,38445,breakout,freeway,10,16.0,25000
6,period,3425024,38873,breakout,breakout,1,5.0,586
6,period,3425024,38873,breakout,breakout,2,1.0,586
6,period,3425024,38873,breakout,breakout,3,5.0,586
6,period,3425024,38873,breakout,breakout,4,5.0,586
6,period,3425024,38873,breakout,breakout,5,5.0,586
6,period,3425024,38873,breakout,breakout,6,6.0,586
6,period,3425024,38873,breakout,breakout,7,6.0,586
6,period,3425024,38873,breakout,breakout,8,6.0,586
6,period,3425024,38873,breakout,breakout,9,5.0,586
6,period,3425024,38873,breakout,breakout,10,5.0,586
6,period,3425024,38873,breakout,space_invaders,1,8.0,638
6,period,3425024,38873,breakout,space_invaders,2,7.0,638
6,period,3425024,38873,breakout,space_invaders,3,2.0,638
6,period,3425024,38873,breakout,space_invaders,4,4.0,638
6,period,3425024,38873,breakout,space_invaders,5,9.0,638
6,period,3425024,38873,breakout,space_invaders,6,10.0,638
6,period,3425024,38873,breakout,space_invaders,7,4.0,638
6,period,3425024,38873,breakout,space_invaders,8,19.0,638
6,period,3425024,38873,breakout,space_invaders,9,9.0,638
6,period,3425024,38873,breakout,space_invaders,10,7.0,638
6,period,3425024,38873,breakout,freeway,1,23.0,25000
6,period,3425024,38873,breakout,freeway,2,20.0,25000
6,period,3425024,38873,breakout,freeway,3,24.0,25000
6,period,3425024,38873,breakout,freeway,4,23.0,25000
6,period,3425024,38873,breakout,freeway,5,23.0,25000
6,period,3425024,38873,breakout,freeway,6,21.0,25000
6,period,3425024,38873,breakout,freeway,7,19.0,25000
6,period,3425024,38873,breakout,freeway,8,29.0,25000
6,period,3425024,38873,breakout,freeway,9,26.0,25000
6,period,3425024,38873,breakout,freeway,10,24.0,25000
6,period,3450112,39314,breakout,breakout,1,6.0,620
6,period,3450112,39314,breakout,breakout,2,5.0,620
6,period,3450112,39314,breakout,breakout,3,6.0,620
6,period,3450112,39314,breakout,breakout,4,6.0,620
6,period,3450112,39314,breakout,breakout,5,5.0,620
6,period,3450112,39314,breakout,breakout,6,6.0,620
6,period,3450112,39314,breakout,breakout,7,5.0,620
6,period,3450112,39314,breakout,breakout,8,5.0,620
6,period,3450112,39314,breakout,breakout,9,5.0,620
6,period,3450112,39314,breakout,breakout,10,3.0,620
6,period,3450112,39314,breakout,space_invaders,1,2.0,555
6,period,3450112,39314,breakout,space_invaders,2,9.0,555
6,period,3450112,39314,breakout,space_invaders,3,6.0,555
6,period,3450112,39314,breakout,space_invaders,4,4.0,555
6,period,3450112,39314,breakout,space_invaders,5,5.0,555
6,period,3450112,39314,breakout,space_invaders,6,14.0,555
6,period,3450112,39314,breakout,space_invaders,7,17.0,555
6,period,3450112,39314,breakout,space_invaders,8,9.0,555
6,period,3450112,39314,breakout,space_invaders,9,9.0,555
6,period,3450112,39314,breakout,space_invaders,10,2.0,555
6,period,3450112,39314,breakout,freeway,1,18.0,25000
6,period,3450112,39314,breakout,freeway,2,22.0,25000
6,period,3450112,39314,breakout,freeway,3,14.0,25000
6,period,3450112,39314,breakout,freeway,4,17.0,25000
6,period,3450112,39314,breakout,freeway,5,10.0,25000
6,period,3450112,39314,breakout,freeway,6,21.0,25000
6,period,3450112,39314,breakout,freeway,7,22.0,25000
6,period,3450112,39314,breakout,freeway,8,28.0,25000
6,period,3450112,39314,breakout,freeway,9,22.0,25000
6,period,3450112,39314,breakout,freeway,10,17.0,25000
6,period,3475200,39752,breakout,breakout,1,5.0,590
6,period,3475200,39752,breakout,breakout,2,3.0,590
6,period,3475200,39752,breakout,breakout,3,5.0,590
6,period,3475200,39752,breakout,breakout,4,6.0,590
6,period,3475200,39752,breakout,breakout,5,5.0,590
6,period,3475200,39752,breakout,breakout,6,5.0,590
6,period,3475200,39752,breakout,breakout,7,5.0,590
6,period,3475200,39752,breakout,breakout,8,5.0,590
6,period,3475200,39752,breakout,breakout,9,5.0,590
6,period,3475200,39752,breakout,breakout,10,5.0,590
6,period,3475200,39752,breakout,space_invaders,1,10.0,562
6,period,3475200,39752,breakout,space_invaders,2,13.0,562
6,period,3475200,39752,breakout,space_invaders,3,11.0,562
6,period,3475200,39752,breakout,space_invaders,4,2.0,562
6,period,3475200,39752,breakout,space_invaders,5,4.0,562
6,period,3475200,39752,breakout,space_invaders,6,8.0,562
6,period,3475200,39752,breakout,space_invaders,7,2.0,562
6,period,3475200,39752,breakout,space_invaders,8,8.0,562
6,period,3475200,39752,breakout,space_invaders,9,6.0,562
6,period,3475200,39752,breakout,space_invaders,10,12.0,562
6,period,3475200,39752,breakout,freeway,1,24.0,25000
6,period,3475200,39752,breakout,freeway,2,29.0,25000
6,period,3475200,39752,breakout,freeway,3,19.0,25000
6,period,3475200,39752,breakout,freeway,4,27.0,25000
6,period,3475200,39752,breakout,freeway,5,11.0,25000
6,period,3475200,39752,breakout,freeway,6,13.0,25000
6,period,3475200,39752,breakout,freeway,7,11.0,25000
6,period,3475200,39752,breakout,freeway,8,29.0,25000
6,period,3475200,39752,breakout,freeway,9,20.0,25000
6,period,3475200,39752,breakout,freeway,10,22.0,25000
7,boundary,3999744,41917,space_invaders,breakout,1,3.0,220
7,boundary,3999744,41917,space_invaders,breakout,2,0.0,220
7,boundary,3999744,41917,space_invaders,breakout,3,3.0,220
7,boundary,3999744,41917,space_invaders,breakout,4,0.0,220
7,boundary,3999744,41917,space_invaders,breakout,5,3.0,220
7,boundary,3999744,41917,space_invaders,breakout,6,0.0,220
7,boundary,3999744,41917,space_invaders,breakout,7,3.0,220
7,boundary,3999744,41917,space_invaders,breakout,8,0.0,220
7,boundary,3999744,41917,space_invaders,breakout,9,3.0,220
7,boundary,3999744,41917,space_invaders,breakout,10,0.0,220
7,boundary,3999744,41917,space_invaders,space_invaders,1,95.0,3819
7,boundary,3999744,41917,space_invaders,space_invaders,2,23.0,3819
7,boundary,3999744,41917,space_invaders,space_invaders,3,47.0,3819
7,boundary,3999744,41917,space_invaders,space_invaders,4,49.0,3819
7,boundary,3999744,41917,space_invaders,space_invaders,5,23.0,3819
7,boundary,3999744,41917,space_invaders,space_invaders,6,23.0,3819
7,boundary,3999744,41917,space_invaders,space_invaders,7,35.0,3819
7,boundary,3999744,41917,space_invaders,space_invaders,8,17.0,3819
7,boundary,3999744,41917,space_invaders,space_invaders,9,61.0,3819
7,boundary,3999744,41917,space_invaders,space_invaders,10,84.0,3819
7,boundary,3999744,41917,space_invaders,freeway,1,6.0,25000
7,boundary,3999744,41917,space_invaders,freeway,2,9.0,25000
7,boundary,3999744,41917,space_invaders,freeway,3,14.0,25000
7,boundary,3999744,41917,space_invaders,freeway,4,12.0,25000
7,boundary,3999744,41917,space_invaders,freeway,5,13.0,25000
7,boundary,3999744,41917,space_invaders,freeway,6,10.0,25000
7,boundary,3999744,41917,space_invaders,freeway,7,6.0,25000
7,boundary,3999744,41917,space_invaders,freeway,8,18.0,25000
7,boundary,3999744,41917,space_invaders,freeway,9,10.0,25000
7,boundary,3999744,41917,space_invaders,freeway,10,12.0,25000
7,period,3500032,40178,space_invaders,breakout,1,5.0,554
7,period,3500032,40178,space_invaders,breakout,2,3.0,554
7,period,3500032,40178,space_invaders,breakout,3,5.0,554
7,period,3500032,40178,space_invaders,breakout,4,1.0,554
7,period,3500032,40178,space_invaders,breakout,5,6.0,554
7,period,3500032,40178,space_invaders,breakout,6,5.0,554
7,period,3500032,40178,space_invaders,breakout,7,6.0,554
7,period,3500032,40178,space_invaders,breakout,8,4.0,554
7,period,3500032,40178,space_invaders,breakout,9,5.0,554
7,period,3500032,40178,space_invaders,breakout,10,6.0,554
7,period,3500032,40178,space_invaders,space_invaders,1,4.0,672
7,period,3500032,40178,space_invaders,space_invaders,2,3.0,672
7,period,3500032,40178,space_invaders,space_invaders,3,8.0,672
7,period,3500032,40178,space_invaders,space_invaders,4,6.0,672
7,period,3500032,40178,space_invaders,space_invaders,5,9.0,672
7,period,3500032,40178,space_invaders,space_invaders,6,4.0,672
7,period,3500032,40178,space_invaders,space_invaders,7,6.0,672
7,period,3500032,40178,space_invaders,space_invaders,8,18.0,672
7,period,3500032,40178,space_invaders,space_invaders,9,15.0,672
7,period,3500032,40178,space_invaders,space_invaders,10,10.0,672
7,period,3500032,40178,space_invaders,freeway,1,25.0,25000
7,period,3500032,40178,space_invaders,freeway,2,27.0,25000
7,period,3500032,40178,space_invaders,freeway,3,28.0,25000
7,period,3500032,40178,space_invaders,freeway,4,22.0,25000
7,period,3500032,40178,space_invaders,freeway,5,18.0,25000
7,period,3500032,40178,space_invaders,freeway,6,20.0,25000
7,period,3500032,40178,space_invaders,freeway,7,19.0,25000
7,period,3500032,40178,space_invaders,freeway,8,19.0,25000
7,period,3500032,40178,space_invaders,freeway,9,25.0,25000
7,period,3500032,40178,space_invaders,freeway,10,16.0,25000
7,period,3525120,40370,space_invaders,breakout,1,5.0,520
7,period,3525120,40370,space_invaders,breakout,2,1.0,520
7,period,3525120,40370,space_invaders,breakout,3,1.0,520
7,period,3525120,40370,space_invaders,breakout,4,5.0,520
7,period,3525120,40370,space_invaders,breakout,5,3.0,520
7,period,3525120,40370,space_invaders,breakout,6,6.0,520
7,period,3525120,40370,space_invaders,breakout,7,6.0,520
7,period,3525120,40370,space_invaders,breakout,8,5.0,520
7,period,3525120,40370,space_invaders,breakout,9,6.0,520
7,period,3525120,40370,space_invaders,breakout,10,5.0,520
7,period,3525120,40370,space_invaders,space_invaders,1,6.0,1443
7,period,3525120,40370,space_invaders,space_invaders,2,5.0,1443
7,period,3525120,40370,space_invaders,space_invaders,3,29.0,1443
7,period,3525120,40370,space_invaders,space_invaders,4,23.0,1443
7,period,3525120,40370,space_invaders,space_invaders,5,17.0,1443
7,period,3525120,40370,space_invaders,space_invaders,6,6.0,1443
7,period,3525120,40370,space_invaders,space_invaders,7,7.0,1443
7,period,3525120,40370,space_invaders,space_invaders,8,25.0,1443
7,period,3525120,40370,space_invaders,space_invaders,9,6.0,1443
7,period,3525120,40370,space_invaders,space_invaders,10,7.0,1443
7,period,3525120,40370,space_invaders,freeway,1,21.0,25000
7,period,3525120,40370,space_invaders,freeway,2,20.0,25000
7,period,3525120,40370,space_invaders,freeway,3,18.0,25000
7,period,3525120,40370,space_invaders,freeway,4,23.0,25000
7,period,3525120,40370,space_invaders,freeway,5,22.0,25000
7,period,3525120,40370,space_invaders,freeway,6,16.0,25000
7,period,3525120,40370,space_invaders,freeway,7,22.0,25000
7,period,3525120,40370,space_invaders,freeway,8,21.0,25000
7,period,3525120,40370,space_invaders,freeway,9,19.0,25000
7,period,3525120,40370,space_invaders,freeway,10,25.0,25000
7,period,3550208,40553,space_invaders,breakout,1,6.0,618
7,period,3550208,40553,space_invaders,breakout,2,6.0,618
7,period,3550208,40553,space_invaders,breakout,3,5.0,618
7,period,3550208,40553,space_invaders,breakout,4,5.0,618
7,period,3550208,40553,space_invaders,breakout,5,6.0,618
7,period,3550208,40553,space_invaders,breakout,6,2.0,618
7,period,3550208,40553,space_invaders,breakout,7,5.0,618
7,period,3550208,40553,space_invaders,breakout,8,6.0,618
7,period,3550208,40553,space_invaders,breakout,9,5.0,618
7,period,3550208,40553,space_invaders,breakout,10,6.0,618
7,period,3550208,40553,space_invaders,space_invaders,1,8.0,926
7,period,3550208,40553,space_invaders,space_invaders,2,26.0,926
7,period,3550208,40553,space_invaders,space_invaders,3,14.0,926
7,period,3550208,40553,space_invaders,space_invaders,4,25.0,926
7,period,3550208,40553,space_invaders,space_invaders,5,7.0,926
7,period,3550208,40553,space_invaders,space_invaders,6,10.0,926
7,period,3550208,40553,space_invaders,space_invaders,7,14.0,926
7,period,3550208,40553,space_invaders,space_invaders,8,7.0,926
7,period,3550208,40553,space_invaders,space_invaders,9,11.0,926
7,period,3550208,40553,space_invaders,space_invaders,10,6.0,926
7,period,3550208,40553,space_invaders,freeway,1,15.0,25000
7,period,3550208,40553,space_invaders,freeway,2,18.0,25000
7,period,3550208,40553,space_invaders,freeway,3,17.0,25000
7,period,3550208,40553,space_invaders,freeway,4,20.0,25000
7,period,3550208,40553,space_invaders,freeway,5,20.0,25000
7,period,3550208,40553,space_invaders,freeway,6,14.0,25000
7,period,3550208,40553,space_invaders,freeway,7,16.0,25000
7,period,3550208,40553,space_invaders,freeway,8,16.0,25000
7,period,3550208,40553,space_invaders,freeway,9,15.0,25000
7,period,3550208,40553,space_invaders,freeway,10,23.0,25000
7,period,3575040,40686,space_invaders,breakout,1,0.0,134
7,period,3575040,40686,space_invaders,breakout,2,2.0,134
7,period,3575040,40686,space_invaders,breakout,3,1.0,134
7,period,3575040,40686,space_invaders,breakout,4,1.0,134
7,period,3575040,40686,space_invaders,breakout,5,0.0,134
7,period,3575040,40686,space_invaders,breakout,6,2.0,134
7,period,3575040,40686,space_invaders,breakout,7,0.0,134
7,period,3575040,40686,space_invaders,breakout,8,0.0,134
7,period,3575040,40686,space_invaders,breakout,9,0.0,134
7,period,3575040,40686,space_invaders,breakout,10,1.0,134
7,period,3575040,40686,space_invaders,space_invaders,1,10.0,1566
7,period,3575040,40686,space_invaders,space_invaders,2,23.0,1566
7,period,3575040,40686,space_invaders,space_invaders,3,9.0,1566
7,period,3575040,40686,space_invaders,space_invaders,4,10.0,1566
7,period,3575040,40686,space_invaders,space_invaders,5,10.0,1566
7,period,3575040,40686,space_invaders,space_invaders,6,31.0,1566
7,period,3575040,40686,space_invaders,space_invaders,7,5.0,1566
7,period,3575040,40686,space_invaders,space_invaders,8,10.0,1566
7,period,3575040,40686,space_invaders,space_invaders,9,21.0,1566
7,period,3575040,40686,space_invaders,space_invaders,10,17.0,1566
7,period,3575040,40686,space_invaders,freeway,1,13.0,25000
7,period,3575040,40686,space_invaders,freeway,2,10.0,25000
7,period,3575040,40686,space_invaders,freeway,3,15.0,25000
7,period,3575040,40686,space_invaders,freeway,4,8.0,25000
7,period,3575040,40686,space_invaders,freeway,5,11.0,25000
7,period,3575040,40686,space_invaders,freeway,6,11.0,25000
7,period,3575040,40686,space_invaders,freeway,7,10.0,25000
7,period,3575040,40686,space_invaders,freeway,8,15.0,25000
7,period,3575040,40686,space_invaders,freeway,9,11.0,25000
7,period,3575040,40686,space_invaders,freeway,10,12.0,25000
7,period,3600128,40793,space_invaders,breakout,1,0.0,170
7,period,3600128,40793,space_invaders,breakout,2,0.0,170
7,period,3600128,40793,space_invaders,breakout,3,2.0,170
7,period,3600128,40793,space_invaders,breakout,4,0.0,170
7,period,3600128,40793,space_invaders,breakout,5,0.0,170
7,period,3600128,40793,space_invaders,breakout,6,4.0,170
7,period,3600128,40793,space_invaders,breakout,7,0.0,170
7,period,3600128,40793,space_invaders,breakout,8,2.0,170
7,period,3600128,40793,space_invaders,breakout,9,2.0,170
7,period,3600128,40793,space_invaders,breakout,10,0.0,170
7,period,3600128,40793,space_invaders,space_invaders,1,23.0,2493
7,period,3600128,40793,space_invaders,space_invaders,2,15.0,2493
7,period,3600128,40793,space_invaders,space_invaders,3,20.0,2493
7,period,3600128,40793,space_invaders,space_invaders,4,23.0,2493
7,period,3600128,40793,space_invaders,space_invaders,5,23.0,2493
7,period,3600128,40793,space_invaders,space_invaders,6,14.0,2493
7,period,3600128,40793,space_invaders,space_invaders,7,71.0,2493
7,period,3600128,40793,space_invaders,space_invaders,8,14.0,2493
7,period,3600128,40793,space_invaders,space_invaders,9,22.0,2493
7,period,3600128,40793,space_invaders,space_invaders,10,23.0,2493
7,period,3600128,40793,space_invaders,freeway,1,7.0,25000
7,period,3600128,40793,space_invaders,freeway,2,12.0,25000
7,period,3600128,40793,space_invaders,freeway,3,9.0,25000
7,period,3600128,40793,space_invaders,freeway,4,11.0,25000
7,period,3600128,40793,space_invaders,freeway,5,10.0,25000
7,period,3600128,40793,space_invaders,freeway,6,21.0,25000
7,period,3600128,40793,space_invaders,freeway,7,14.0,25000
7,period,3600128,40793,space_invaders,freeway,8,2.0,25000
7,period,3600128,40793,space_invaders,freeway,9,6.0,25000
7,period,3600128,40793,space_invaders,freeway,10,9.0,25000
7,period,3625216,40873,space_invaders,breakout,1,3.0,296
7,period,3625216,40873,space_invaders,breakout,2,3.0,296
7,period,3625216,40873,space_invaders,breakout,3,3.0,296
7,period,3625216,40873,space_invaders,breakout,4,0.0,296
7,period,3625216,40873,space_invaders,breakout,5,0.0,296
7,period,3625216,40873,space_invaders,breakout,6,1.0,296
7,period,3625216,40873,space_invaders,breakout,7,4.0,296
7,period,3625216,40873,space_invaders,breakout,8,3.0,296
7,period,3625216,40873,space_invaders,breakout,9,3.0,296
7,period,3625216,40873,space_invaders,breakout,10,2.0,296
7,period,3625216,40873,space_invaders,space_invaders,1,15.0,3227
7,period,3625216,40873,space_invaders,space_invaders,2,17.0,3227
7,period,3625216,40873,space_invaders,space_invaders,3,20.0,3227
7,period,3625216,40873,space_invaders,space_invaders,4,23.0,3227
7,period,3625216,40873,space_invaders,space_invaders,5,71.0,3227
7,period,3625216,40873,space_invaders,space_invaders,6,23.0,3227
7,period,3625216,40873,space_invaders,space_invaders,7,47.0,3227
7,period,3625216,40873,space_invaders,space_invaders,8,105.0,3227
7,period,3625216,40873,space_invaders,space_invaders,9,23.0,3227
7,period,3625216,40873,space_invaders,space_invaders,10,15.0,3227
7,period,3625216,40873,space_invaders,freeway,1,7.0,25000
7,period,3625216,40873,space_invaders,freeway,2,8.0,25000
7,period,3625216,40873,space_invaders,freeway,3,3.0,25000
7,period,3625216,40873,space_invaders,freeway,4,11.0,25000
7,period,3625216,40873,space_invaders,freeway,5,10.0,25000
7,period,3625216,40873,space_invaders,freeway,6,11.0,25000
7,period,3625216,40873,space_invaders,freeway,7,4.0,25000
7,period,3625216,40873,space_invaders,freeway,8,10.0,25000
7,period,3625216,40873,space_invaders,freeway,9,2.0,25000
7,period,3625216,40873,space_invaders,freeway,10,14.0,25000
7,period,3650048,40956,space_invaders,breakout,1,6.0,412
7,period,3650048,40956,space_invaders,breakout,2,5.0,412
7,period,3650048,40956,space_invaders,breakout,3,2.0,412
7,period,3650048,40956,space_invaders,breakout,4,1.0,412
7,period,3650048,40956,space_invaders,breakout,5,0.0,412
7,period,3650048,40956,space_invaders,breakout,6,6.0,412
7,period,3650048,40956,space_invaders,breakout,7,5.0,412
7,period,3650048,40956,space_invaders,breakout,8,4.0,412
7,period,3650048,40956,space_invaders,breakout,9,2.0,412
7,period,3650048,40956,space_invaders,breakout,10,2.0,412
7,period,3650048,40956,space_invaders,space_invaders,1,7.0,3346
7,period,3650048,40956,space_invaders,space_invaders,2,23.0,3346
7,period,3650048,40956,space_invaders,space_invaders,3,62.0,3346
7,period,3650048,40956,space_invaders,space_invaders,4,38.0,3346
7,period,3650048,40956,space_invaders,space_invaders,5,26.0,3346
7,period,3650048,40956,space_invaders,space_invaders,6,96.0,3346
7,period,3650048,40956,space_invaders,space_invaders,7,23.0,3346
7,period,3650048,40956,space_invaders,space_invaders,8,19.0,3346
7,period,3650048,40956,space_invaders,space_invaders,9,45.0,3346
7,period,3650048,40956,space_invaders,space_invaders,10,23.0,3346
7,period,3650048,40956,space_invaders,freeway,1,9.0,25000
7,period,3650048,40956,space_invaders,freeway,2,11.0,25000
7,period,3650048,40956,space_invaders,freeway,3,19.0,25000
7,period,3650048,40956,space_invaders,freeway,4,7.0,25000
7,period,3650048,40956,space_invaders,freeway,5,4.0,25000
7,period,3650048,40956,space_invaders,freeway,6,11.0,25000
7,period,3650048,40956,space_invaders,freeway,7,9.0,25000
7,period,3650048,40956,space_invaders,freeway,8,5.0,25000
7,period,3650048,40956,space_invaders,freeway,9,13.0,25000
7,period,3650048,40956,space_invaders,freeway,10,8.0,25000
7,period,3675136,41022,space_invaders,breakout,1,0.0,288
7,period,3675136,41022,space_invaders,breakout,2,3.0,288
7,period,3675136,41022,space_invaders,breakout,3,5.0,288
7,period,3675136,41022,space_invaders,breakout,4,3.0,288
7,period,3675136,41022,space_invaders,breakout,5,3.0,288
7,period,3675136,41022,space_invaders,breakout,6,0.0,288
7,period,3675136,41022,space_invaders,breakout,7,2.0,288
7,period,3675136,41022,space_invaders,breakout,8,0.0,288
7,period,3675136,41022,space_invaders,breakout,9,2.0,288
7,period,3675136,41022,space_invaders,breakout,10,3.0,288
7,period,3675136,41022,space_invaders,space_invaders,1,23.0,2002
7,period,3675136,41022,space_invaders,space_invaders,2,10.0,2002
7,period,3675136,41022,space_invaders,space_invaders,3,4.0,2002
7,period,3675136,41022,space_invaders,space_invaders,4,34.0,2002
7,period,3675136,41022,space_invaders,space_invaders,5,26.0,2002
7,period,3675136,41022,space_invaders,space_invaders,6,50.0,2002
7,period,3675136,41022,space_invaders,space_invaders,7,16.0,2002
7,period,3675136,41022,space_invaders,space_invaders,8,23.0,2002
7,period,3675136,41022,space_invaders,space_invaders,9,36.0,2002
7,period,3675136,41022,space_invaders,space_invaders,10,26.0,2002
7,period,3675136,41022,space_invaders,freeway,1,7.0,25000
7,period,3675136,41022,space_invaders,freeway,2,3.0,25000
7,period,3675136,41022,space_invaders,freeway,3,5.0,25000
7,period,3675136,41022,space_invaders,freeway,4,8.0,25000
7,period,3675136,41022,space_invaders,freeway,5,10.0,25000
7,period,3675136,41022,space_invaders,freeway,6,13.0,25000
7,period,3675136,41022,space_invaders,freeway,7,5.0,25000
7,period,3675136,41022,space_invaders,freeway,8,13.0,25000
7,period,3675136,41022,space_invaders,freeway,9,10.0,25000
7,period,3675136,41022,space_invaders,freeway,10,0.0,25000
7,period,3700224,41118,space_invaders,breakout,1,0.0,344
7,period,3700224,41118,space_invaders,breakout,2,0.0,344
7,period,3700224,41118,space_invaders,breakout,3,5.0,344
7,period,3700224,41118,space_invaders,breakout,4,6.0,344
7,period,3700224,41118,space_invaders,breakout,5,0.0,344
7,period,3700224,41118,space_invaders,breakout,6,3.0,344
7,period,3700224,41118,space_invaders,breakout,7,0.0,344
7,period,3700224,41118,space_invaders,breakout,8,3.0,344
7,period,3700224,41118,space_invaders,breakout,9,3.0,344
7,period,3700224,41118,space_invaders,breakout,10,6.0,344
7,period,3700224,41118,space_invaders,space_invaders,1,33.0,5112
7,period,3700224,41118,space_invaders,space_invaders,2,47.0,5112
7,period,3700224,41118,space_invaders,space_invaders,3,117.0,5112
7,period,3700224,41118,space_invaders,space_invaders,4,36.0,5112
7,period,3700224,41118,space_invaders,space_invaders,5,98.0,5112
7,period,3700224,41118,space_invaders,space_invaders,6,23.0,5112
7,period,3700224,41118,space_invaders,space_invaders,7,23.0,5112
7,period,3700224,41118,space_invaders,space_invaders,8,47.0,5112
7,period,3700224,41118,space_invaders,space_invaders,9,143.0,5112
7,period,3700224,41118,space_invaders,space_invaders,10,23.0,5112
7,period,3700224,41118,space_invaders,freeway,1,6.0,25000
7,period,3700224,41118,space_invaders,freeway,2,8.0,25000
7,period,3700224,41118,space_invaders,freeway,3,10.0,25000
7,period,3700224,41118,space_invaders,freeway,4,2.0,25000
7,period,3700224,41118,space_invaders,freeway,5,6.0,25000
7,period,3700224,41118,space_invaders,freeway,6,10.0,25000
7,period,3700224,41118,space_invaders,freeway,7,4.0,25000
7,period,3700224,41118,space_invaders,freeway,8,6.0,25000
7,period,3700224,41118,space_invaders,freeway,9,6.0,25000
7,period,3700224,41118,space_invaders,freeway,10,9.0,25000
7,period,3725056,41187,space_invaders,breakout,1,0.0,496
7,period,3725056,41187,space_invaders,breakout,2,5.0,496
7,period,3725056,41187,space_invaders,breakout,3,5.0,496
7,period,3725056,41187,space_invaders,breakout,4,5.0,496
7,period,3725056,41187,space_invaders,breakout,5,4.0,496
7,period,3725056,41187,space_invaders,breakout,6,3.0,496
7,period,3725056,41187,space_invaders,breakout,7,5.0,496
7,period,3725056,41187,space_invaders,breakout,8,6.0,496
7,period,3725056,41187,space_invaders,breakout,9,2.0,496
7,period,3725056,41187,space_invaders,breakout,10,5.0,496
7,period,3725056,41187,space_invaders,space_invaders,1,49.0,4788
7,period,3725056,41187,space_invaders,space_invaders,2,105.0,4788
7,period,3725056,41187,space_invaders,space_invaders,3,98.0,4788
7,period,3725056,41187,space_invaders,space_invaders,4,50.0,4788
7,period,3725056,41187,space_invaders,space_invaders,5,71.0,4788
7,period,3725056,41187,space_invaders,space_invaders,6,23.0,4788
7,period,3725056,41187,space_invaders,space_invaders,7,22.0,4788
7,period,3725056,41187,space_invaders,space_invaders,8,49.0,4788
7,period,3725056,41187,space_invaders,space_invaders,9,71.0,4788
7,period,3725056,41187,space_invaders,space_invaders,10,23.0,4788
7,period,3725056,41187,space_invaders,freeway,1,6.0,25000
7,period,3725056,41187,space_invaders,freeway,2,3.0,25000
7,period,3725056,41187,space_invaders,freeway,3,11.0,25000
7,period,3725056,41187,space_invaders,freeway,4,5.0,25000
7,period,3725056,41187,space_invaders,freeway,5,3.0,25000
7,period,3725056,41187,space_invaders,freeway,6,9.0,25000
7,period,3725056,41187,space_invaders,freeway,7,4.0,25000
7,period,3725056,41187,space_invaders,freeway,8,4.0,25000
7,period,3725056,41187,space_invaders,freeway,9,2.0,25000
7,period,3725056,41187,space_invaders,freeway,10,6.0,25000
7,period,3750144,41257,space_invaders,breakout,1,0.0,170
7,period,3750144,41257,space_invaders,breakout,2,3.0,170
7,period,3750144,41257,space_invaders,breakout,3,0.0,170
7,period,3750144,41257,space_invaders,breakout,4,5.0,170
7,period,3750144,41257,space_invaders,breakout,5,0.0,170
7,period,3750144,41257,space_invaders,breakout,6,2.0,170
7,period,3750144,41257,space_invaders,breakout,7,0.0,170
7,period,3750144,41257,space_invaders,breakout,8,0.0,170
7,period,3750144,41257,space_invaders,breakout,9,0.0,170
7,period,3750144,41257,space_invaders,breakout,10,0.0,170
7,period,3750144,41257,space_invaders,space_invaders,1,95.0,6016
7,period,3750144,41257,space_invaders,space_invaders,2,71.0,6016
7,period,3750144,41257,space_invaders,space_invaders,3,167.0,6016
7,period,3750144,41257,space_invaders,space_invaders,4,95.0,6016
7,period,3750144,41257,space_invaders,space_invaders,5,22.0,6016
7,period,3750144,41257,space_invaders,space_invaders,6,23.0,6016
7,period,3750144,41257,space_invaders,space_invaders,7,95.0,6016
7,period,3750144,41257,space_invaders,space_invaders,8,6.0,6016
7,period,3750144,41257,space_invaders,space_invaders,9,92.0,6016
7,period,3750144,41257,space_invaders,space_invaders,10,21.0,6016
7,period,3750144,41257,space_invaders,freeway,1,3.0,25000
7,period,3750144,41257,space_invaders,freeway,2,1.0,25000
7,period,3750144,41257,space_invaders,freeway,3,8.0,25000
7,period,3750144,41257,space_invaders,freeway,4,1.0,25000
7,period,3750144,41257,space_invaders,freeway,5,4.0,25000
7,period,3750144,41257,space_invaders,freeway,6,8.0,25000
7,period,3750144,41257,space_invaders,freeway,7,4.0,25000
7,period,3750144,41257,space_invaders,freeway,8,1.0,25000
7,period,3750144,41257,space_invaders,freeway,9,5.0,25000
7,period,3750144,41257,space_invaders,freeway,10,7.0,25000
7,period,3775232,41314,space_invaders,breakout,1,0.0,312
7,period,3775232,41314,space_invaders,breakout,2,1.0,312
7,period,3775232,41314,space_invaders,breakout,3,3.0,312
7,period,3775232,41314,space_invaders,breakout,4,3.0,312
7,period,3775232,41314,space_invaders,breakout,5,0.0,312
7,period,3775232,41314,space_invaders,breakout,6,5.0,312
7,period,3775232,41314,space_invaders,breakout,7,0.0,312
7,period,3775232,41314,space_invaders,breakout,8,6.0,312
7,period,3775232,41314,space_invaders,breakout,9,0.0,312
7,period,3775232,41314,space_invaders,breakout,10,5.0,312
7,period,3775232,41314,space_invaders,space_invaders,1,23.0,5784
7,period,3775232,41314,space_invaders,space_invaders,2,71.0,5784
7,period,3775232,41314,space_invaders,space_invaders,3,55.0,5784
7,period,3775232,41314,space_invaders,space_invaders,4,47.0,5784
7,period,3775232,41314,space_invaders,space_invaders,5,26.0,5784
7,period,3775232,41314,space_invaders,space_invaders,6,95.0,5784
7,period,3775232,41314,space_invaders,space_invaders,7,167.0,5784
7,period,3775232,41314,space_invaders,space_invaders,8,143.0,5784
7,period,3775232,41314,space_invaders,space_invaders,9,22.0,5784
7,period,3775232,41314,space_invaders,space_invaders,10,33.0,5784
7,period,3775232,41314,space_invaders,freeway,1,5.0,25000
7,period,3775232,41314,space_invaders,freeway,2,10.0,25000
7,period,3775232,41314,space_invaders,freeway,3,7.0,25000
7,period,3775232,41314,space_invaders,freeway,4,10.0,25000
7,period,3775232,41314,space_invaders,freeway,5,5.0,25000
7,period,3775232,41314,space_invaders,freeway,6,7.0,25000
7,period,3775232,41314,space_invaders,freeway,7,8.0,25000
7,period,3775232,41314,space_invaders,freeway,8,4.0,25000
7,period,3775232,41314,space_invaders,freeway,9,10.0,25000
7,period,3775232,41314,space_invaders,freeway,10,6.0,25000
7,period,3800064,41383,space_invaders,breakout,1,0.0,276
7,period,3800064,41383,space_invaders,breakout,2,0.0,276
7,period,3800064,41383,space_invaders,breakout,3,3.0,276
7,period,3800064,41383,space_invaders,breakout,4,3.0,276
7,period,3800064,41383,space_invaders,breakout,5,2.0,276
7,period,3800064,41383,space_invaders,breakout,6,0.0,276
7,period,3800064,41383,space_invaders,breakout,7,3.0,276
7,period,3800064,41383,space_invaders,breakout,8,6.0,276
7,period,3800064,41383,space_invaders,breakout,9,0.0,276
7,period,3800064,41383,space_invaders,breakout,10,3.0,276
7,period,3800064,41383,space_invaders,space_invaders,1,110.0,6031
7,period,3800064,41383,space_invaders,space_invaders,2,23.0,6031
7,period,3800064,41383,space_invaders,space_invaders,3,47.0,6031
7,period,3800064,41383,space_invaders,space_invaders,4,10.0,6031
7,period,3800064,41383,space_invaders,space_invaders,5,47.0,6031
7,period,3800064,41383,space_invaders,space_invaders,6,142.0,6031
7,period,3800064,41383,space_invaders,space_invaders,7,94.0,6031
7,period,3800064,41383,space_invaders,space_invaders,8,23.0,6031
7,period,3800064,41383,space_invaders,space_invaders,9,95.0,6031
7,period,3800064,41383,space_invaders,space_invaders,10,70.0,6031
7,period,3800064,41383,space_invaders,freeway,1,6.0,25000
7,period,3800064,41383,space_invaders,freeway,2,10.0,25000
7,period,3800064,41383,space_invaders,freeway,3,12.0,25000
7,period,3800064,41383,space_invaders,freeway,4,14.0,25000
7,period,3800064,41383,space_invaders,freeway,5,9.0,25000
7,period,3800064,41383,space_invaders,freeway,6,2.0,25000
7,period,3800064,41383,space_invaders,freeway,7,8.0,25000
7,period,3800064,41383,space_invaders,freeway,8,14.0,25000
7,period,3800064,41383,space_invaders,freeway,9,4.0,25000
7,period,3800064,41383,space_invaders,freeway,10,8.0,25000
7,period,3825152,41456,space_invaders,breakout,1,0.0,404
7,period,3825152,41456,space_invaders,breakout,2,4.0,404
7,period,3825152,41456,space_invaders,breakout,3,6.0,404
7,period,3825152,41456,space_invaders,breakout,4,2.0,404
7,period,3825152,41456,space_invaders,breakout,5,3.0,404
7,period,3825152,41456,space_invaders,breakout,6,3.0,404
7,period,3825152,41456,space_invaders,breakout,7,3.0,404
7,period,3825152,41456,space_invaders,breakout,8,3.0,404
7,period,3825152,41456,space_invaders,breakout,9,3.0,404
7,period,3825152,41456,space_invaders,breakout,10,5.0,404
7,period,3825152,41456,space_invaders,space_invaders,1,36.0,3346
7,period,3825152,41456,space_invaders,space_invaders,2,16.0,3346
7,period,3825152,41456,space_invaders,space_invaders,3,7.0,3346
7,period,3825152,41456,space_invaders,space_invaders,4,91.0,3346
7,period,3825152,41456,space_invaders,space_invaders,5,135.0,3346
7,period,3825152,41456,space_invaders,space_invaders,6,47.0,3346
7,period,3825152,41456,space_invaders,space_invaders,7,23.0,3346
7,period,3825152,41456,space_invaders,space_invaders,8,50.0,3346
7,period,3825152,41456,space_invaders,space_invaders,9,23.0,3346
7,period,3825152,41456,space_invaders,space_invaders,10,11.0,3346
7,period,3825152,41456,space_invaders,freeway,1,12.0,25000
7,period,3825152,41456,space_invaders,freeway,2,5.0,25000
7,period,3825152,41456,space_invaders,freeway,3,13.0,25000
7,period,3825152,41456,space_invaders,freeway,4,11.0,25000
7,period,3825152,41456,space_invaders,freeway,5,13.0,25000
7,period,3825152,41456,space_invaders,freeway,6,3.0,25000
7,period,3825152,41456,space_invaders,freeway,7,20.0,25000
7,period,3825152,41456,space_invaders,freeway,8,10.0,25000
7,period,3825152,41456,space_invaders,freeway,9,12.0,25000
7,period,3825152,41456,space_invaders,freeway,10,14.0,25000
7,period,3850240,41521,space_invaders,breakout,1,1.0,294
7,period,3850240,41521,space_invaders,breakout,2,3.0,294
7,period,3850240,41521,space_invaders,breakout,3,3.0,294
7,period,3850240,41521,space_invaders,breakout,4,0.0,294
7,period,3850240,41521,space_invaders,breakout,5,3.0,294
7,period,3850240,41521,space_invaders,breakout,6,3.0,294
7,period,3850240,41521,space_invaders,breakout,7,3.0,294
7,period,3850240,41521,space_invaders,breakout,8,3.0,294
7,period,3850240,41521,space_invaders,breakout,9,0.0,294
7,period,3850240,41521,space_invaders,breakout,10,3.0,294
7,period,3850240,41521,space_invaders,space_invaders,1,59.0,4355
7,period,3850240,41521,space_invaders,space_invaders,2,95.0,4355
7,period,3850240,41521,space_invaders,space_invaders,3,128.0,4355
7,period,3850240,41521,space_invaders,space_invaders,4,67.0,4355
7,period,3850240,41521,space_invaders,space_invaders,5,23.0,4355
7,period,3850240,41521,space_invaders,space_invaders,6,37.0,4355
7,period,3850240,41521,space_invaders,space_invaders,7,47.0,4355
7,period,3850240,41521,space_invaders,space_invaders,8,23.0,4355
7,period,3850240,41521,space_invaders,space_invaders,9,23.0,4355
7,period,3850240,41521,space_invaders,space_invaders,10,26.0,4355
7,period,3850240,41521,space_invaders,freeway,1,6.0,25000
7,period,3850240,41521,space_invaders,freeway,2,8.0,25000
7,period,3850240,41521,space_invaders,freeway,3,3.0,25000
7,period,3850240,41521,space_invaders,freeway,4,8.0,25000
7,period,3850240,41521,space_invaders,freeway,5,7.0,25000
7,period,3850240,41521,space_invaders,freeway,6,3.0,25000
7,period,3850240,41521,space_invaders,freeway,7,6.0,25000
7,period,3850240,41521,space_invaders,freeway,8,10.0,25000
7,period,3850240,41521,space_invaders,freeway,9,10.0,25000
7,period,3850240,41521,space_invaders,freeway,10,10.0,25000
7,period,3875072,41584,space_invaders,breakout,1,3.0,354
7,period,3875072,41584,space_invaders,breakout,2,0.0,354
7,period,3875072,41584,space_invaders,breakout,3,6.0,354
7,period,3875072,41584,space_invaders,breakout,4,0.0,354
7,period,3875072,41584,space_invaders,breakout,5,6.0,354
7,period,3875072,41584,space_invaders,breakout,6,5.0,354
7,period,3875072,41584,space_invaders,breakout,7,1.0,354
7,period,3875072,41584,space_invaders,breakout,8,1.0,354
7,period,3875072,41584,space_invaders,breakout,9,5.0,354
7,period,3875072,41584,space_invaders,breakout,10,0.0,354
7,period,3875072,41584,space_invaders,space_invaders,1,71.0,4125
7,period,3875072,41584,space_invaders,space_invaders,2,23.0,4125
7,period,3875072,41584,space_invaders,space_invaders,3,119.0,4125
7,period,3875072,41584,space_invaders,space_invaders,4,23.0,4125
7,period,3875072,41584,space_invaders,space_invaders,5,71.0,4125
7,period,3875072,41584,space_invaders,space_invaders,6,46.0,4125
7,period,3875072,41584,space_invaders,space_invaders,7,51.0,4125
7,period,3875072,41584,space_invaders,space_invaders,8,21.0,4125
7,period,3875072,41584,space_invaders,space_invaders,9,23.0,4125
7,period,3875072,41584,space_invaders,space_invaders,10,26.0,4125
7,period,3875072,41584,space_invaders,freeway,1,15.0,25000
7,period,3875072,41584,space_invaders,freeway,2,20.0,25000
7,period,3875072,41584,space_invaders,freeway,3,15.0,25000
7,period,3875072,41584,space_invaders,freeway,4,12.0,25000
7,period,3875072,41584,space_invaders,freeway,5,9.0,25000
7,period,3875072,41584,space_invaders,freeway,6,14.0,25000
7,period,3875072,41584,space_invaders,freeway,7,12.0,25000
7,period,3875072,41584,space_invaders,freeway,8,18.0,25000
7,period,3875072,41584,space_invaders,freeway,9,15.0,25000
7,period,3875072,41584,space_invaders,freeway,10,13.0,25000
7,period,3900160,41648,space_invaders,breakout,1,3.0,176
7,period,3900160,41648,space_invaders,breakout,2,0.0,176
7,period,3900160,41648,space_invaders,breakout,3,2.0,176
7,period,3900160,41648,space_invaders,breakout,4,1.0,176
7,period,3900160,41648,space_invaders,breakout,5,0.0,176
7,period,3900160,41648,space_invaders,breakout,6,0.0,176
7,period,3900160,41648,space_invaders,breakout,7,3.0,176
7,period,3900160,41648,space_invaders,breakout,8,0.0,176
7,period,3900160,41648,space_invaders,breakout,9,1.0,176
7,period,3900160,41648,space_invaders,breakout,10,1.0,176
7,period,3900160,41648,space_invaders,space_invaders,1,26.0,4984
7,period,3900160,41648,space_invaders,space_invaders,2,71.0,4984
7,period,3900160,41648,space_invaders,space_invaders,3,71.0,4984
7,period,3900160,41648,space_invaders,space_invaders,4,47.0,4984
7,period,3900160,41648,space_invaders,space_invaders,5,71.0,4984
7,period,3900160,41648,space_invaders,space_invaders,6,23.0,4984
7,period,3900160,41648,space_invaders,space_invaders,7,29.0,4984
7,period,3900160,41648,space_invaders,space_invaders,8,145.0,4984
7,period,3900160,41648,space_invaders,space_invaders,9,71.0,4984
7,period,3900160,41648,space_invaders,space_invaders,10,29.0,4984
7,period,3900160,41648,space_invaders,freeway,1,6.0,25000
7,period,3900160,41648,space_invaders,freeway,2,7.0,25000
7,period,3900160,41648,space_invaders,freeway,3,1.0,25000
7,period,3900160,41648,space_invaders,freeway,4,9.0,25000
7,period,3900160,41648,space_invaders,freeway,5,11.0,25000
7,period,3900160,41648,space_invaders,freeway,6,14.0,25000
7,period,3900160,41648,space_invaders,freeway,7,9.0,25000
7,period,3900160,41648,space_invaders,freeway,8,6.0,25000
7,period,3900160,41648,space_invaders,freeway,9,12.0,25000
7,period,3900160,41648,space_invaders,freeway,10,10.0,25000
7,period,3925248,41707,space_invaders,breakout,1,0.0,352
7,period,3925248,41707,space_invaders,breakout,2,3.0,352
7,period,3925248,41707,space_invaders,breakout,3,3.0,352
7,period,3925248,41707,space_invaders,breakout,4,3.0,352
7,period,3925248,41707,space_invaders,breakout,5,5.0,352
7,period,3925248,41707,space_invaders,breakout,6,3.0,352
7,period,3925248,41707,space_invaders,breakout,7,0.0,352
7,period,3925248,41707,space_invaders,breakout,8,6.0,352
7,period,3925248,41707,space_invaders,breakout,9,3.0,352
7,period,3925248,41707,space_invaders,breakout,10,1.0,352
7,period,3925248,41707,space_invaders,space_invaders,1,57.0,4918
7,period,3925248,41707,space_invaders,space_invaders,2,23.0,4918
7,period,3925248,41707,space_invaders,space_invaders,3,143.0,4918
7,period,3925248,41707,space_invaders,space_invaders,4,23.0,4918
7,period,3925248,41707,space_invaders,space_invaders,5,119.0,4918
7,period,3925248,41707,space_invaders,space_invaders,6,95.0,4918
7,period,3925248,41707,space_invaders,space_invaders,7,31.0,4918
7,period,3925248,41707,space_invaders,space_invaders,8,23.0,4918
7,period,3925248,41707,space_invaders,space_invaders,9,23.0,4918
7,period,3925248,41707,space_invaders,space_invaders,10,23.0,4918
7,period,3925248,41707,space_invaders,freeway,1,5.0,25000
7,period,3925248,41707,space_invaders,freeway,2,15.0,25000
7,period,3925248,41707,space_invaders,freeway,3,17.0,25000
7,period,3925248,41707,space_invaders,freeway,4,13.0,25000
7,period,3925248,41707,space_invaders,freeway,5,10.0,25000
7,period,3925248,41707,space_invaders,freeway,6,15.0,25000
7,period,3925248,41707,space_invaders,freeway,7,9.0,25000
7,period,3925248,41707,space_invaders,freeway,8,10.0,25000
7,period,3925248,41707,space_invaders,freeway,9,5.0,25000
7,period,3925248,41707,space_invaders,freeway,10,10.0,25000
7,period,3950080,41778,space_invaders,breakout,1,0.0,188
7,period,3950080,41778,space_invaders,breakout,2,0.0,188
7,period,3950080,41778,space_invaders,breakout,3,3.0,188
7,period,3950080,41778,space_invaders,breakout,4,3.0,188
7,period,3950080,41778,space_invaders,breakout,5,0.0,188
7,period,3950080,41778,space_invaders,breakout,6,0.0,188
7,period,3950080,41778,space_invaders,breakout,7,3.0,188
7,period,3950080,41778,space_invaders,breakout,8,0.0,188
7,period,3950080,41778,space_invaders,breakout,9,0.0,188
7,period,3950080,41778,space_invaders,breakout,10,3.0,188
7,period,3950080,41778,space_invaders,space_invaders,1,5.0,2192
7,period,3950080,41778,space_invaders,space_invaders,2,31.0,2192
7,period,3950080,41778,space_invaders,space_invaders,3,9.0,2192
7,period,3950080,41778,space_invaders,space_invaders,4,23.0,2192
7,period,3950080,41778,space_invaders,space_invaders,5,4.0,2192
7,period,3950080,41778,space_invaders,space_invaders,6,4.0,2192
7,period,3950080,41778,space_invaders,space_invaders,7,23.0,2192
7,period,3950080,41778,space_invaders,space_invaders,8,9.0,2192
7,period,3950080,41778,space_invaders,space_invaders,9,23.0,2192
7,period,3950080,41778,space_invaders,space_invaders,10,118.0,2192
7,period,3950080,41778,space_invaders,freeway,1,14.0,25000
7,period,3950080,41778,space_invaders,freeway,2,4.0,25000
7,period,3950080,41778,space_invaders,freeway,3,7.0,25000
7,period,3950080,41778,space_invaders,freeway,4,11.0,25000
7,period,3950080,41778,space_invaders,freeway,5,12.0,25000
7,period,3950080,41778,space_invaders,freeway,6,8.0,25000
7,period,3950080,41778,space_invaders,freeway,7,4.0,25000
7,period,3950080,41778,space_invaders,freeway,8,13.0,25000
7,period,3950080,41778,space_invaders,freeway,9,8.0,25000
7,period,3950080,41778,space_invaders,freeway,10,9.0,25000
7,period,3975168,41844,space_invaders,breakout,1,0.0,208
7,period,3975168,41844,space_invaders,breakout,2,0.0,208
7,period,3975168,41844,space_invaders,breakout,3,3.0,208
7,period,3975168,41844,space_invaders,breakout,4,1.0,208
7,period,3975168,41844,space_invaders,breakout,5,3.0,208
7,period,3975168,41844,space_invaders,breakout,6,0.0,208
7,period,3975168,41844,space_invaders,breakout,7,3.0,208
7,period,3975168,41844,space_invaders,breakout,8,3.0,208
7,period,3975168,41844,space_invaders,breakout,9,0.0,208
7,period,3975168,41844,space_invaders,breakout,10,1.0,208
7,period,3975168,41844,space_invaders,space_invaders,1,49.0,3320
7,period,3975168,41844,space_invaders,space_invaders,2,23.0,3320
7,period,3975168,41844,space_invaders,space_invaders,3,29.0,3320
7,period,3975168,41844,space_invaders,space_invaders,4,46.0,3320
7,period,3975168,41844,space_invaders,space_invaders,5,21.0,3320
7,period,3975168,41844,space_invaders,space_invaders,6,31.0,3320
7,period,3975168,41844,space_invaders,space_invaders,7,119.0,3320
7,period,3975168,41844,space_invaders,space_invaders,8,31.0,3320
7,period,3975168,41844,space_invaders,space_invaders,9,47.0,3320
7,period,3975168,41844,space_invaders,space_invaders,10,23.0,3320
7,period,3975168,41844,space_invaders,freeway,1,12.0,25000
7,period,3975168,41844,space_invaders,freeway,2,6.0,25000
7,period,3975168,41844,space_invaders,freeway,3,6.0,25000
7,period,3975168,41844,space_invaders,freeway,4,11.0,25000
7,period,3975168,41844,space_invaders,freeway,5,13.0,25000
7,period,3975168,41844,space_invaders,freeway,6,2.0,25000
7,period,3975168,41844,space_invaders,freeway,7,1.0,25000
7,period,3975168,41844,space_invaders,freeway,8,8.0,25000
7,period,3975168,41844,space_invaders,freeway,9,11.0,25000
7,period,3975168,41844,space_invaders,freeway,10,7.0,25000
8,boundary,4499712,42109,freeway,breakout,1,4.0,582
8,boundary,4499712,42109,freeway,breakout,2,6.0,582
8,boundary,4499712,42109,freeway,breakout,3,5.0,582
8,boundary,4499712,42109,freeway,breakout,4,1.0,582
8,boundary,4499712,42109,freeway,breakout,5,5.0,582
8,boundary,4499712,42109,freeway,breakout,6,6.0,582
8,boundary,4499712,42109,freeway,breakout,7,6.0,582
8,boundary,4499712,42109,freeway,breakout,8,6.0,582
8,boundary,4499712,42109,freeway,breakout,9,3.0,582
8,boundary,4499712,42109,freeway,breakout,10,6.0,582
8,boundary,4499712,42109,freeway,space_invaders,1,23.0,969
8,boundary,4499712,42109,freeway,space_invaders,2,9.0,969
8,boundary,4499712,42109,freeway,space_invaders,3,10.0,969
8,boundary,4499712,42109,freeway,space_invaders,4,2.0,969
8,boundary,4499712,42109,freeway,space_invaders,5,6.0,969
8,boundary,4499712,42109,freeway,space_invaders,6,11.0,969
8,boundary,4499712,42109,freeway,space_invaders,7,23.0,969
8,boundary,4499712,42109,freeway,space_invaders,8,14.0,969
8,boundary,4499712,42109,freeway,space_invaders,9,16.0,969
8,boundary,4499712,42109,freeway,space_invaders,10,14.0,969
8,boundary,4499712,42109,freeway,freeway,1,21.0,25000
8,boundary,4499712,42109,freeway,freeway,2,13.0,25000
8,boundary,4499712,42109,freeway,freeway,3,28.0,25000
8,boundary,4499712,42109,freeway,freeway,4,40.0,25000
8,boundary,4499712,42109,freeway,freeway,5,29.0,25000
8,boundary,4499712,42109,freeway,freeway,6,31.0,25000
8,boundary,4499712,42109,freeway,freeway,7,25.0,25000
8,boundary,4499712,42109,freeway,freeway,8,31.0,25000
8,boundary,4499712,42109,freeway,freeway,9,28.0,25000
8,boundary,4499712,42109,freeway,freeway,10,19.0,25000
8,period,4000000,41917,freeway,breakout,1,3.0,220
8,period,4000000,41917,freeway,breakout,2,0.0,220
8,period,4000000,41917,freeway,breakout,3,0.0,220
8,period,4000000,41917,freeway,breakout,4,3.0,220
8,period,4000000,41917,freeway,breakout,5,0.0,220
8,period,4000000,41917,freeway,breakout,6,3.0,220
8,period,4000000,41917,freeway,breakout,7,3.0,220
8,period,4000000,41917,freeway,breakout,8,0.0,220
8,period,4000000,41917,freeway,breakout,9,0.0,220
8,period,4000000,41917,freeway,breakout,10,3.0,220
8,period,4000000,41917,freeway,space_invaders,1,7.0,4335
8,period,4000000,41917,freeway,space_invaders,2,23.0,4335
8,period,4000000,41917,freeway,space_invaders,3,47.0,4335
8,period,4000000,41917,freeway,space_invaders,4,22.0,4335
8,period,4000000,41917,freeway,space_invaders,5,118.0,4335
8,period,4000000,41917,freeway,space_invaders,6,70.0,4335
8,period,4000000,41917,freeway,space_invaders,7,47.0,4335
8,period,4000000,41917,freeway,space_invaders,8,70.0,4335
8,period,4000000,41917,freeway,space_invaders,9,26.0,4335
8,period,4000000,41917,freeway,space_invaders,10,71.0,4335
8,period,4000000,41917,freeway,freeway,1,7.0,25000
8,period,4000000,41917,freeway,freeway,2,11.0,25000
8,period,4000000,41917,freeway,freeway,3,4.0,25000
8,period,4000000,41917,freeway,freeway,4,11.0,25000
8,period,4000000,41917,freeway,freeway,5,15.0,25000
8,period,4000000,41917,freeway,freeway,6,15.0,25000
8,period,4000000,41917,freeway,freeway,7,12.0,25000
8,period,4000000,41917,freeway,freeway,8,11.0,25000
8,period,4000000,41917,freeway,freeway,9,12.0,25000
8,period,4000000,41917,freeway,freeway,10,2.0,25000
8,period,4025088,41917,freeway,breakout,1,3.0,276
8,period,4025088,41917,freeway,breakout,2,5.0,276
8,period,4025088,41917,freeway,breakout,3,3.0,276
8,period,4025088,41917,freeway,breakout,4,3.0,276
8,period,4025088,41917,freeway,breakout,5,0.0,276
8,period,4025088,41917,freeway,breakout,6,0.0,276
8,period,4025088,41917,freeway,breakout,7,3.0,276
8,period,4025088,41917,freeway,breakout,8,0.0,276
8,period,4025088,41917,freeway,breakout,9,3.0,276
8,period,4025088,41917,freeway,breakout,10,0.0,276
8,period,4025088,41917,freeway,space_invaders,1,29.0,1861
8,period,4025088,41917,freeway,space_invaders,2,7.0,1861
8,period,4025088,41917,freeway,space_invaders,3,7.0,1861
8,period,4025088,41917,freeway,space_invaders,4,7.0,1861
8,period,4025088,41917,freeway,space_invaders,5,94.0,1861
8,period,4025088,41917,freeway,space_invaders,6,2.0,1861
8,period,4025088,41917,freeway,space_invaders,7,6.0,1861
8,period,4025088,41917,freeway,space_invaders,8,43.0,1861
8,period,4025088,41917,freeway,space_invaders,9,28.0,1861
8,period,4025088,41917,freeway,space_invaders,10,11.0,1861
8,period,4025088,41917,freeway,freeway,1,26.0,25000
8,period,4025088,41917,freeway,freeway,2,24.0,25000
8,period,4025088,41917,freeway,freeway,3,26.0,25000
8,period,4025088,41917,freeway,freeway,4,22.0,25000
8,period,4025088,41917,freeway,freeway,5,31.0,25000
8,period,4025088,41917,freeway,freeway,6,30.0,25000
8,period,4025088,41917,freeway,freeway,7,20.0,25000
8,period,4025088,41917,freeway,freeway,8,30.0,25000
8,period,4025088,41917,freeway,freeway,9,31.0,25000
8,period,4025088,41917,freeway,freeway,10,24.0,25000
8,period,4050176,41933,freeway,breakout,1,3.0,220
8,period,4050176,41933,freeway,breakout,2,0.0,220
8,period,4050176,41933,freeway,breakout,3,0.0,220
8,period,4050176,41933,freeway,breakout,4,3.0,220
8,period,4050176,41933,freeway,breakout,5,3.0,220
8,period,4050176,41933,freeway,breakout,6,3.0,220
8,period,4050176,41933,freeway,breakout,7,0.0,220
8,period,4050176,41933,freeway,breakout,8,3.0,220
8,period,4050176,41933,freeway,breakout,9,0.0,220
8,period,4050176,41933,freeway,breakout,10,0.0,220
8,period,4050176,41933,freeway,space_invaders,1,23.0,2762
8,period,4050176,41933,freeway,space_invaders,2,6.0,2762
8,period,4050176,41933,freeway,space_invaders,3,23.0,2762
8,period,4050176,41933,freeway,space_invaders,4,34.0,2762
8,period,4050176,41933,freeway,space_invaders,5,47.0,2762
8,period,4050176,41933,freeway,space_invaders,6,6.0,2762
8,period,4050176,41933,freeway,space_invaders,7,2.0,2762
8,period,4050176,41933,freeway,space_invaders,8,39.0,2762
8,period,4050176,41933,freeway,space_invaders,9,84.0,2762
8,period,4050176,41933,freeway,space_invaders,10,71.0,2762
8,period,4050176,41933,freeway,freeway,1,36.0,25000
8,period,4050176,41933,freeway,freeway,2,35.0,25000
8,period,4050176,41933,freeway,freeway,3,25.0,25000
8,period,4050176,41933,freeway,freeway,4,25.0,25000
8,period,4050176,41933,freeway,freeway,5,33.0,25000
8,period,4050176,41933,freeway,freeway,6,20.0,25000
8,period,4050176,41933,freeway,freeway,7,20.0,25000
8,period,4050176,41933,freeway,freeway,8,32.0,25000
8,period,4050176,41933,freeway,freeway,9,31.0,25000
8,period,4050176,41933,freeway,freeway,10,28.0,25000
8,period,4075008,41933,freeway,breakout,1,3.0,262
8,period,4075008,41933,freeway,breakout,2,0.0,262
8,period,4075008,41933,freeway,breakout,3,0.0,262
8,period,4075008,41933,freeway,breakout,4,3.0,262
8,period,4075008,41933,freeway,breakout,5,5.0,262
8,period,4075008,41933,freeway,breakout,6,0.0,262
8,period,4075008,41933,freeway,breakout,7,2.0,262
8,period,4075008,41933,freeway,breakout,8,0.0,262
8,period,4075008,41933,freeway,breakout,9,0.0,262
8,period,4075008,41933,freeway,breakout,10,6.0,262
8,period,4075008,41933,freeway,space_invaders,1,40.0,1010
8,period,4075008,41933,freeway,space_invaders,2,2.0,1010
8,period,4075008,41933,freeway,space_invaders,3,28.0,1010
8,period,4075008,41933,freeway,space_invaders,4,9.0,1010
8,period,4075008,41933,freeway,space_invaders,5,5.0,1010
8,period,4075008,41933,freeway,space_invaders,6,2.0,1010
8,period,4075008,41933,freeway,space_invaders,7,34.0,1010
8,period,4075008,41933,freeway,space_invaders,8,2.0,1010
8,period,4075008,41933,freeway,space_invaders,9,3.0,1010
8,period,4075008,41933,freeway,space_invaders,10,2.0,1010
8,period,4075008,41933,freeway,freeway,1,30.0,25000
8,period,4075008,41933,freeway,freeway,2,34.0,25000
8,period,4075008,41933,freeway,freeway,3,26.0,25000
8,period,4075008,41933,freeway,freeway,4,20.0,25000
8,period,4075008,41933,freeway,freeway,5,32.0,25000
8,period,4075008,41933,freeway,freeway,6,20.0,25000
8,period,4075008,41933,freeway,freeway,7,27.0,25000
8,period,4075008,41933,freeway,freeway,8,35.0,25000
8,period,4075008,41933,freeway,freeway,9,22.0,25000
8,period,4075008,41933,freeway,freeway,10,27.0,25000
8,period,4100096,41949,freeway,breakout,1,3.0,532
8,period,4100096,41949,freeway,breakout,2,5.0,532
8,period,4100096,41949,freeway,breakout,3,6.0,532
8,period,4100096,41949,freeway,breakout,4,6.0,532
8,period,4100096,41949,freeway,breakout,5,6.0,532
8,period,4100096,41949,freeway,breakout,6,6.0,532
8,period,4100096,41949,freeway,breakout,7,5.0,532
8,period,4100096,41949,freeway,breakout,8,0.0,532
8,period,4100096,41949,freeway,breakout,9,3.0,532
8,period,4100096,41949,freeway,breakout,10,3.0,532
8,period,4100096,41949,freeway,space_invaders,1,47.0,2097
8,period,4100096,41949,freeway,space_invaders,2,6.0,2097
8,period,4100096,41949,freeway,space_invaders,3,23.0,2097
8,period,4100096,41949,freeway,space_invaders,4,67.0,2097
8,period,4100096,41949,freeway,space_invaders,5,33.0,2097
8,period,4100096,41949,freeway,space_invaders,6,15.0,2097
8,period,4100096,41949,freeway,space_invaders,7,42.0,2097
8,period,4100096,41949,freeway,space_invaders,8,7.0,2097
8,period,4100096,41949,freeway,space_invaders,9,6.0,2097
8,period,4100096,41949,freeway,space_invaders,10,2.0,2097
8,period,4100096,41949,freeway,freeway,1,27.0,25000
8,period,4100096,41949,freeway,freeway,2,24.0,25000
8,period,4100096,41949,freeway,freeway,3,29.0,25000
8,period,4100096,41949,freeway,freeway,4,19.0,25000
8,period,4100096,41949,freeway,freeway,5,19.0,25000
8,period,4100096,41949,freeway,freeway,6,23.0,25000
8,period,4100096,41949,freeway,freeway,7,17.0,25000
8,period,4100096,41949,freeway,freeway,8,28.0,25000
8,period,4100096,41949,freeway,freeway,9,15.0,25000
8,period,4100096,41949,freeway,freeway,10,24.0,25000
8,period,4125184,41965,freeway,breakout,1,0.0,312
8,period,4125184,41965,freeway,breakout,2,5.0,312
8,period,4125184,41965,freeway,breakout,3,0.0,312
8,period,4125184,41965,freeway,breakout,4,6.0,312
8,period,4125184,41965,freeway,breakout,5,0.0,312
8,period,4125184,41965,freeway,breakout,6,3.0,312
8,period,4125184,41965,freeway,breakout,7,0.0,312
8,period,4125184,41965,freeway,breakout,8,6.0,312
8,period,4125184,41965,freeway,breakout,9,3.0,312
8,period,4125184,41965,freeway,breakout,10,0.0,312
8,period,4125184,41965,freeway,space_invaders,1,14.0,1421
8,period,4125184,41965,freeway,space_invaders,2,16.0,1421
8,period,4125184,41965,freeway,space_invaders,3,9.0,1421
8,period,4125184,41965,freeway,space_invaders,4,23.0,1421
8,period,4125184,41965,freeway,space_invaders,5,28.0,1421
8,period,4125184,41965,freeway,space_invaders,6,22.0,1421
8,period,4125184,41965,freeway,space_invaders,7,15.0,1421
8,period,4125184,41965,freeway,space_invaders,8,16.0,1421
8,period,4125184,41965,freeway,space_invaders,9,36.0,1421
8,period,4125184,41965,freeway,space_invaders,10,2.0,1421
8,period,4125184,41965,freeway,freeway,1,30.0,25000
8,period,4125184,41965,freeway,freeway,2,28.0,25000
8,period,4125184,41965,freeway,freeway,3,30.0,25000
8,period,4125184,41965,freeway,freeway,4,33.0,25000
8,period,4125184,41965,freeway,freeway,5,27.0,25000
8,period,4125184,41965,freeway,freeway,6,22.0,25000
8,period,4125184,41965,freeway,freeway,7,26.0,25000
8,period,4125184,41965,freeway,freeway,8,31.0,25000
8,period,4125184,41965,freeway,freeway,9,25.0,25000
8,period,4125184,41965,freeway,freeway,10,35.0,25000
8,period,4150016,41965,freeway,breakout,1,5.0,270
8,period,4150016,41965,freeway,breakout,2,3.0,270
8,period,4150016,41965,freeway,breakout,3,1.0,270
8,period,4150016,41965,freeway,breakout,4,5.0,270
8,period,4150016,41965,freeway,breakout,5,0.0,270
8,period,4150016,41965,freeway,breakout,6,0.0,270
8,period,4150016,41965,freeway,breakout,7,0.0,270
8,period,4150016,41965,freeway,breakout,8,0.0,270
8,period,4150016,41965,freeway,breakout,9,0.0,270
8,period,4150016,41965,freeway,breakout,10,5.0,270
8,period,4150016,41965,freeway,space_invaders,1,15.0,1406
8,period,4150016,41965,freeway,space_invaders,2,23.0,1406
8,period,4150016,41965,freeway,space_invaders,3,23.0,1406
8,period,4150016,41965,freeway,space_invaders,4,2.0,1406
8,period,4150016,41965,freeway,space_invaders,5,16.0,1406
8,period,4150016,41965,freeway,space_invaders,6,47.0,1406
8,period,4150016,41965,freeway,space_invaders,7,17.0,1406
8,period,4150016,41965,freeway,space_invaders,8,18.0,1406
8,period,4150016,41965,freeway,space_invaders,9,15.0,1406
8,period,4150016,41965,freeway,space_invaders,10,2.0,1406
8,period,4150016,41965,freeway,freeway,1,28.0,25000
8,period,4150016,41965,freeway,freeway,2,29.0,25000
8,period,4150016,41965,freeway,freeway,3,21.0,25000
8,period,4150016,41965,freeway,freeway,4,36.0,25000
8,period,4150016,41965,freeway,freeway,5,34.0,25000
8,period,4150016,41965,freeway,freeway,6,21.0,25000
8,period,4150016,41965,freeway,freeway,7,29.0,25000
8,period,4150016,41965,freeway,freeway,8,30.0,25000
8,period,4150016,41965,freeway,freeway,9,26.0,25000
8,period,4150016,41965,freeway,freeway,10,26.0,25000
8,period,4175104,41981,freeway,breakout,1,0.0,262
8,period,4175104,41981,freeway,breakout,2,4.0,262
8,period,4175104,41981,freeway,breakout,3,3.0,262
8,period,4175104,41981,freeway,breakout,4,0.0,262
8,period,4175104,41981,freeway,breakout,5,3.0,262
8,period,4175104,41981,freeway,breakout,6,0.0,262
8,period,4175104,41981,freeway,breakout,7,3.0,262
8,period,4175104,41981,freeway,breakout,8,3.0,262
8,period,4175104,41981,freeway,breakout,9,3.0,262
8,period,4175104,41981,freeway,breakout,10,0.0,262
8,period,4175104,41981,freeway,space_invaders,1,31.0,2123
8,period,4175104,41981,freeway,space_invaders,2,23.0,2123
8,period,4175104,41981,freeway,space_invaders,3,25.0,2123
8,period,4175104,41981,freeway,space_invaders,4,25.0,2123
8,period,4175104,41981,freeway,space_invaders,5,15.0,2123
8,period,4175104,41981,freeway,space_invaders,6,16.0,2123
8,period,4175104,41981,freeway,space_invaders,7,52.0,2123
8,period,4175104,41981,freeway,space_invaders,8,37.0,2123
8,period,4175104,41981,freeway,space_invaders,9,30.0,2123
8,period,4175104,41981,freeway,space_invaders,10,6.0,2123
8,period,4175104,41981,freeway,freeway,1,28.0,25000
8,period,4175104,41981,freeway,freeway,2,29.0,25000
8,period,4175104,41981,freeway,freeway,3,28.0,25000
8,period,4175104,41981,freeway,freeway,4,31.0,25000
8,period,4175104,41981,freeway,freeway,5,7.0,25000
8,period,4175104,41981,freeway,freeway,6,23.0,25000
8,period,4175104,41981,freeway,freeway,7,35.0,25000
8,period,4175104,41981,freeway,freeway,8,30.0,25000
8,period,4175104,41981,freeway,freeway,9,25.0,25000
8,period,4175104,41981,freeway,freeway,10,28.0,25000
8,period,4200192,41997,freeway,breakout,1,6.0,318
8,period,4200192,41997,freeway,breakout,2,3.0,318
8,period,4200192,41997,freeway,breakout,3,0.0,318
8,period,4200192,41997,freeway,breakout,4,0.0,318
8,period,4200192,41997,freeway,breakout,5,3.0,318
8,period,4200192,41997,freeway,breakout,6,0.0,318
8,period,4200192,41997,freeway,breakout,7,3.0,318
8,period,4200192,41997,freeway,breakout,8,3.0,318
8,period,4200192,41997,freeway,breakout,9,3.0,318
8,period,4200192,41997,freeway,breakout,10,3.0,318
8,period,4200192,41997,freeway,space_invaders,1,30.0,2032
8,period,4200192,41997,freeway,space_invaders,2,2.0,2032
8,period,4200192,41997,freeway,space_invaders,3,6.0,2032
8,period,4200192,41997,freeway,space_invaders,4,36.0,2032
8,period,4200192,41997,freeway,space_invaders,5,77.0,2032
8,period,4200192,41997,freeway,space_invaders,6,2.0,2032
8,period,4200192,41997,freeway,space_invaders,7,29.0,2032
8,period,4200192,41997,freeway,space_invaders,8,47.0,2032
8,period,4200192,41997,freeway,space_invaders,9,2.0,2032
8,period,4200192,41997,freeway,space_invaders,10,15.0,2032
8,period,4200192,41997,freeway,freeway,1,31.0,25000
8,period,4200192,41997,freeway,freeway,2,29.0,25000
8,period,4200192,41997,freeway,freeway,3,28.0,25000
8,period,4200192,41997,freeway,freeway,4,20.0,25000
8,period,4200192,41997,freeway,freeway,5,29.0,25000
8,period,4200192,41997,freeway,freeway,6,29.0,25000
8,period,4200192,41997,freeway,freeway,7,31.0,25000
8,period,4200192,41997,freeway,freeway,8,26.0,25000
8,period,4200192,41997,freeway,freeway,9,26.0,25000
8,period,4200192,41997,freeway,freeway,10,17.0,25000
8,period,4225024,41997,freeway,breakout,1,1.0,398
8,period,4225024,41997,freeway,breakout,2,2.0,398
8,period,4225024,41997,freeway,breakout,3,5.0,398
8,period,4225024,41997,freeway,breakout,4,6.0,398
8,period,4225024,41997,freeway,breakout,5,3.0,398
8,period,4225024,41997,freeway,breakout,6,0.0,398
8,period,4225024,41997,freeway,breakout,7,3.0,398
8,period,4225024,41997,freeway,breakout,8,5.0,398
8,period,4225024,41997,freeway,breakout,9,6.0,398
8,period,4225024,41997,freeway,breakout,10,0.0,398
8,period,4225024,41997,freeway,space_invaders,1,2.0,2373
8,period,4225024,41997,freeway,space_invaders,2,53.0,2373
8,period,4225024,41997,freeway,space_invaders,3,43.0,2373
8,period,4225024,41997,freeway,space_invaders,4,18.0,2373
8,period,4225024,41997,freeway,space_invaders,5,38.0,2373
8,period,4225024,41997,freeway,space_invaders,6,65.0,2373
8,period,4225024,41997,freeway,space_invaders,7,5.0,2373
8,period,4225024,41997,freeway,space_invaders,8,14.0,2373
8,period,4225024,41997,freeway,space_invaders,9,58.0,2373
8,period,4225024,41997,freeway,space_invaders,10,2.0,2373
8,period,4225024,41997,freeway,freeway,1,33.0,25000
8,period,4225024,41997,freeway,freeway,2,28.0,25000
8,period,4225024,41997,freeway,freeway,3,26.0,25000
8,period,4225024,41997,freeway,freeway,4,26.0,25000
8,period,4225024,41997,freeway,freeway,5,25.0,25000
8,period,4225024,41997,freeway,freeway,6,35.0,25000
8,period,4225024,41997,freeway,freeway,7,27.0,25000
8,period,4225024,41997,freeway,freeway,8,31.0,25000
8,period,4225024,41997,freeway,freeway,9,30.0,25000
8,period,4225024,41997,freeway,freeway,10,22.0,25000
8,period,4250112,42013,freeway,breakout,1,0.0,444
8,period,4250112,42013,freeway,breakout,2,5.0,444
8,period,4250112,42013,freeway,breakout,3,5.0,444
8,period,4250112,42013,freeway,breakout,4,3.0,444
8,period,4250112,42013,freeway,breakout,5,3.0,444
8,period,4250112,42013,freeway,breakout,6,6.0,444
8,period,4250112,42013,freeway,breakout,7,5.0,444
8,period,4250112,42013,freeway,breakout,8,0.0,444
8,period,4250112,42013,freeway,breakout,9,5.0,444
8,period,4250112,42013,freeway,breakout,10,3.0,444
8,period,4250112,42013,freeway,space_invaders,1,16.0,1177
8,period,4250112,42013,freeway,space_invaders,2,6.0,1177
8,period,4250112,42013,freeway,space_invaders,3,2.0,1177
8,period,4250112,42013,freeway,space_invaders,4,16.0,1177
8,period,4250112,42013,freeway,space_invaders,5,19.0,1177
8,period,4250112,42013,freeway,space_invaders,6,45.0,1177
8,period,4250112,42013,freeway,space_invaders,7,15.0,1177
8,period,4250112,42013,freeway,space_invaders,8,17.0,1177
8,period,4250112,42013,freeway,space_invaders,9,15.0,1177
8,period,4250112,42013,freeway,space_invaders,10,15.0,1177
8,period,4250112,42013,freeway,freeway,1,28.0,25000
8,period,4250112,42013,freeway,freeway,2,20.0,25000
8,period,4250112,42013,freeway,freeway,3,30.0,25000
8,period,4250112,42013,freeway,freeway,4,31.0,25000
8,period,4250112,42013,freeway,freeway,5,20.0,25000
8,period,4250112,42013,freeway,freeway,6,29.0,25000
8,period,4250112,42013,freeway,freeway,7,28.0,25000
8,period,4250112,42013,freeway,freeway,8,32.0,25000
8,period,4250112,42013,freeway,freeway,9,35.0,25000
8,period,4250112,42013,freeway,freeway,10,35.0,25000
8,period,4275200,42013,freeway,breakout,1,5.0,586
8,period,4275200,42013,freeway,breakout,2,6.0,586
8,period,4275200,42013,freeway,breakout,3,0.0,586
8,period,4275200,42013,freeway,breakout,4,5.0,586
8,period,4275200,42013,freeway,breakout,5,6.0,586
8,period,4275200,42013,freeway,breakout,6,5.0,586
8,period,4275200,42013,freeway,breakout,7,5.0,586
8,period,4275200,42013,freeway,breakout,8,5.0,586
8,period,4275200,42013,freeway,breakout,9,5.0,586
8,period,4275200,42013,freeway,breakout,10,6.0,586
8,period,4275200,42013,freeway,space_invaders,1,37.0,1266
8,period,4275200,42013,freeway,space_invaders,2,2.0,1266
8,period,4275200,42013,freeway,space_invaders,3,2.0,1266
8,period,4275200,42013,freeway,space_invaders,4,18.0,1266
8,period,4275200,42013,freeway,space_invaders,5,2.0,1266
8,period,4275200,42013,freeway,space_invaders,6,2.0,1266
8,period,4275200,42013,freeway,space_invaders,7,61.0,1266
8,period,4275200,42013,freeway,space_invaders,8,23.0,1266
8,period,4275200,42013,freeway,space_invaders,9,6.0,1266
8,period,4275200,42013,freeway,space_invaders,10,14.0,1266
8,period,4275200,42013,freeway,freeway,1,18.0,25000
8,period,4275200,42013,freeway,freeway,2,30.0,25000
8,period,4275200,42013,freeway,freeway,3,20.0,25000
8,period,4275200,42013,freeway,freeway,4,23.0,25000
8,period,4275200,42013,freeway,freeway,5,24.0,25000
8,period,4275200,42013,freeway,freeway,6,26.0,25000
8,period,4275200,42013,freeway,freeway,7,27.0,25000
8,period,4275200,42013,freeway,freeway,8,22.0,25000
8,period,4275200,42013,freeway,freeway,9,19.0,25000
8,period,4275200,42013,freeway,freeway,10,20.0,25000
8,period,4300032,42029,freeway,breakout,1,5.0,566
8,period,4300032,42029,freeway,breakout,2,5.0,566
8,period,4300032,42029,freeway,breakout,3,3.0,566
8,period,4300032,42029,freeway,breakout,4,6.0,566
8,period,4300032,42029,freeway,breakout,5,5.0,566
8,period,4300032,42029,freeway,breakout,6,6.0,566
8,period,4300032,42029,freeway,breakout,7,6.0,566
8,period,4300032,42029,freeway,breakout,8,5.0,566
8,period,4300032,42029,freeway,breakout,9,5.0,566
8,period,4300032,42029,freeway,breakout,10,0.0,566
8,period,4300032,42029,freeway,space_invaders,1,23.0,2158
8,period,4300032,42029,freeway,space_invaders,2,2.0,2158
8,period,4300032,42029,freeway,space_invaders,3,23.0,2158
8,period,4300032,42029,freeway,space_invaders,4,17.0,2158
8,period,4300032,42029,freeway,space_invaders,5,18.0,2158
8,period,4300032,42029,freeway,space_invaders,6,40.0,2158
8,period,4300032,42029,freeway,space_invaders,7,23.0,2158
8,period,4300032,42029,freeway,space_invaders,8,82.0,2158
8,period,4300032,42029,freeway,space_invaders,9,23.0,2158
8,period,4300032,42029,freeway,space_invaders,10,2.0,2158
8,period,4300032,42029,freeway,freeway,1,22.0,25000
8,period,4300032,42029,freeway,freeway,2,27.0,25000
8,period,4300032,42029,freeway,freeway,3,22.0,25000
8,period,4300032,42029,freeway,freeway,4,30.0,25000
8,period,4300032,42029,freeway,freeway,5,23.0,25000
8,period,4300032,42029,freeway,freeway,6,36.0,25000
8,period,4300032,42029,freeway,freeway,7,28.0,25000
8,period,4300032,42029,freeway,freeway,8,24.0,25000
8,period,4300032,42029,freeway,freeway,9,26.0,25000
8,period,4300032,42029,freeway,freeway,10,26.0,25000
8,period,4325120,42045,freeway,breakout,1,3.0,374
8,period,4325120,42045,freeway,breakout,2,3.0,374
8,period,4325120,42045,freeway,breakout,3,2.0,374
8,period,4325120,42045,freeway,breakout,4,0.0,374
8,period,4325120,42045,freeway,breakout,5,5.0,374
8,period,4325120,42045,freeway,breakout,6,0.0,374
8,period,4325120,42045,freeway,breakout,7,4.0,374
8,period,4325120,42045,freeway,breakout,8,0.0,374
8,period,4325120,42045,freeway,breakout,9,6.0,374
8,period,4325120,42045,freeway,breakout,10,6.0,374
8,period,4325120,42045,freeway,space_invaders,1,15.0,1995
8,period,4325120,42045,freeway,space_invaders,2,38.0,1995
8,period,4325120,42045,freeway,space_invaders,3,20.0,1995
8,period,4325120,42045,freeway,space_invaders,4,12.0,1995
8,period,4325120,42045,freeway,space_invaders,5,15.0,1995
8,period,4325120,42045,freeway,space_invaders,6,32.0,1995
8,period,4325120,42045,freeway,space_invaders,7,4.0,1995
8,period,4325120,42045,freeway,space_invaders,8,83.0,1995
8,period,4325120,42045,freeway,space_invaders,9,14.0,1995
8,period,4325120,42045,freeway,space_invaders,10,23.0,1995
8,period,4325120,42045,freeway,freeway,1,36.0,25000
8,period,4325120,42045,freeway,freeway,2,29.0,25000
8,period,4325120,42045,freeway,freeway,3,31.0,25000
8,period,4325120,42045,freeway,freeway,4,29.0,25000
8,period,4325120,42045,freeway,freeway,5,31.0,25000
8,period,4325120,42045,freeway,freeway,6,15.0,25000
8,period,4325120,42045,freeway,freeway,7,26.0,25000
8,period,4325120,42045,freeway,freeway,8,26.0,25000
8,period,4325120,42045,freeway,freeway,9,25.0,25000
8,period,4325120,42045,freeway,freeway,10,36.0,25000
8,period,4350208,42045,freeway,breakout,1,4.0,528
8,period,4350208,42045,freeway,breakout,2,6.0,528
8,period,4350208,42045,freeway,breakout,3,6.0,528
8,period,4350208,42045,freeway,breakout,4,6.0,528
8,period,4350208,42045,freeway,breakout,5,0.0,528
8,period,4350208,42045,freeway,breakout,6,0.0,528
8,period,4350208,42045,freeway,breakout,7,3.0,528
8,period,4350208,42045,freeway,breakout,8,6.0,528
8,period,4350208,42045,freeway,breakout,9,6.0,528
8,period,4350208,42045,freeway,breakout,10,6.0,528
8,period,4350208,42045,freeway,space_invaders,1,2.0,1367
8,period,4350208,42045,freeway,space_invaders,2,2.0,1367
8,period,4350208,42045,freeway,space_invaders,3,27.0,1367
8,period,4350208,42045,freeway,space_invaders,4,2.0,1367
8,period,4350208,42045,freeway,space_invaders,5,16.0,1367
8,period,4350208,42045,freeway,space_invaders,6,23.0,1367
8,period,4350208,42045,freeway,space_invaders,7,15.0,1367
8,period,4350208,42045,freeway,space_invaders,8,17.0,1367
8,period,4350208,42045,freeway,space_invaders,9,42.0,1367
8,period,4350208,42045,freeway,space_invaders,10,27.0,1367
8,period,4350208,42045,freeway,freeway,1,21.0,25000
8,period,4350208,42045,freeway,freeway,2,24.0,25000
8,period,4350208,42045,freeway,freeway,3,29.0,25000
8,period,4350208,42045,freeway,freeway,4,12.0,25000
8,period,4350208,42045,freeway,freeway,5,29.0,25000
8,period,4350208,42045,freeway,freeway,6,22.0,25000
8,period,4350208,42045,freeway,freeway,7,29.0,25000
8,period,4350208,42045,freeway,freeway,8,25.0,25000
8,period,4350208,42045,freeway,freeway,9,31.0,25000
8,period,4350208,42045,freeway,freeway,10,30.0,25000
8,period,4375040,42061,freeway,breakout,1,0.0,602
8,period,4375040,42061,freeway,breakout,2,5.0,602
8,period,4375040,42061,freeway,breakout,3,6.0,602
8,period,4375040,42061,freeway,breakout,4,5.0,602
8,period,4375040,42061,freeway,breakout,5,6.0,602
8,period,4375040,42061,freeway,breakout,6,5.0,602
8,period,4375040,42061,freeway,breakout,7,6.0,602
8,period,4375040,42061,freeway,breakout,8,5.0,602
8,period,4375040,42061,freeway,breakout,9,5.0,602
8,period,4375040,42061,freeway,breakout,10,6.0,602
8,period,4375040,42061,freeway,space_invaders,1,11.0,950
8,period,4375040,42061,freeway,space_invaders,2,14.0,950
8,period,4375040,42061,freeway,space_invaders,3,6.0,950
8,period,4375040,42061,freeway,space_invaders,4,17.0,950
8,period,4375040,42061,freeway,space_invaders,5,16.0,950
8,period,4375040,42061,freeway,space_invaders,6,2.0,950
8,period,4375040,42061,freeway,space_invaders,7,2.0,950
8,period,4375040,42061,freeway,space_invaders,8,15.0,950
8,period,4375040,42061,freeway,space_invaders,9,38.0,950
8,period,4375040,42061,freeway,space_invaders,10,14.0,950
8,period,4375040,42061,freeway,freeway,1,29.0,25000
8,period,4375040,42061,freeway,freeway,2,26.0,25000
8,period,4375040,42061,freeway,freeway,3,25.0,25000
8,period,4375040,42061,freeway,freeway,4,37.0,25000
8,period,4375040,42061,freeway,freeway,5,36.0,25000
8,period,4375040,42061,freeway,freeway,6,31.0,25000
8,period,4375040,42061,freeway,freeway,7,21.0,25000
8,period,4375040,42061,freeway,freeway,8,25.0,25000
8,period,4375040,42061,freeway,freeway,9,30.0,25000
8,period,4375040,42061,freeway,freeway,10,35.0,25000
8,period,4400128,42077,freeway,breakout,1,5.0,536
8,period,4400128,42077,freeway,breakout,2,5.0,536
8,period,4400128,42077,freeway,breakout,3,5.0,536
8,period,4400128,42077,freeway,breakout,4,5.0,536
8,period,4400128,42077,freeway,breakout,5,3.0,536
8,period,4400128,42077,freeway,breakout,6,5.0,536
8,period,4400128,42077,freeway,breakout,7,1.0,536
8,period,4400128,42077,freeway,breakout,8,3.0,536
8,period,4400128,42077,freeway,breakout,9,5.0,536
8,period,4400128,42077,freeway,breakout,10,6.0,536
8,period,4400128,42077,freeway,space_invaders,1,2.0,1999
8,period,4400128,42077,freeway,space_invaders,2,27.0,1999
8,period,4400128,42077,freeway,space_invaders,3,78.0,1999
8,period,4400128,42077,freeway,space_invaders,4,17.0,1999
8,period,4400128,42077,freeway,space_invaders,5,21.0,1999
8,period,4400128,42077,freeway,space_invaders,6,23.0,1999
8,period,4400128,42077,freeway,space_invaders,7,15.0,1999
8,period,4400128,42077,freeway,space_invaders,8,6.0,1999
8,period,4400128,42077,freeway,space_invaders,9,17.0,1999
8,period,4400128,42077,freeway,space_invaders,10,35.0,1999
8,period,4400128,42077,freeway,freeway,1,31.0,25000
8,period,4400128,42077,freeway,freeway,2,32.0,25000
8,period,4400128,42077,freeway,freeway,3,27.0,25000
8,period,4400128,42077,freeway,freeway,4,36.0,25000
8,period,4400128,42077,freeway,freeway,5,31.0,25000
8,period,4400128,42077,freeway,freeway,6,32.0,25000
8,period,4400128,42077,freeway,freeway,7,34.0,25000
8,period,4400128,42077,freeway,freeway,8,25.0,25000
8,period,4400128,42077,freeway,freeway,9,31.0,25000
8,period,4400128,42077,freeway,freeway,10,28.0,25000
8,period,4425216,42077,freeway,breakout,1,2.0,584
8,period,4425216,42077,freeway,breakout,2,6.0,584
8,period,4425216,42077,freeway,breakout,3,5.0,584
8,period,4425216,42077,freeway,breakout,4,3.0,584
8,period,4425216,42077,freeway,breakout,5,5.0,584
8,period,4425216,42077,freeway,breakout,6,5.0,584
8,period,4425216,42077,freeway,breakout,7,6.0,584
8,period,4425216,42077,freeway,breakout,8,6.0,584
8,period,4425216,42077,freeway,breakout,9,5.0,584
8,period,4425216,42077,freeway,breakout,10,5.0,584
8,period,4425216,42077,freeway,space_invaders,1,42.0,1851
8,period,4425216,42077,freeway,space_invaders,2,21.0,1851
8,period,4425216,42077,freeway,space_invaders,3,57.0,1851
8,period,4425216,42077,freeway,space_invaders,4,15.0,1851
8,period,4425216,42077,freeway,space_invaders,5,14.0,1851
8,period,4425216,42077,freeway,space_invaders,6,23.0,1851
8,period,4425216,42077,freeway,space_invaders,7,15.0,1851
8,period,4425216,42077,freeway,space_invaders,8,14.0,1851
8,period,4425216,42077,freeway,space_invaders,9,21.0,1851
8,period,4425216,42077,freeway,space_invaders,10,2.0,1851
8,period,4425216,42077,freeway,freeway,1,31.0,25000
8,period,4425216,42077,freeway,freeway,2,23.0,25000
8,period,4425216,42077,freeway,freeway,3,31.0,25000
8,period,4425216,42077,freeway,freeway,4,31.0,25000
8,period,4425216,42077,freeway,freeway,5,28.0,25000
8,period,4425216,42077,freeway,freeway,6,23.0,25000
8,period,4425216,42077,freeway,freeway,7,33.0,25000
8,period,4425216,42077,freeway,freeway,8,29.0,25000
8,period,4425216,42077,freeway,freeway,9,26.0,25000
8,period,4425216,42077,freeway,freeway,10,18.0,25000
8,period,4450048,42093,freeway,breakout,1,0.0,496
8,period,4450048,42093,freeway,breakout,2,5.0,496
8,period,4450048,42093,freeway,breakout,3,3.0,496
8,period,4450048,42093,freeway,breakout,4,5.0,496
8,period,4450048,42093,freeway,breakout,5,6.0,496
8,period,4450048,42093,freeway,breakout,6,2.0,496
8,period,4450048,42093,freeway,breakout,7,3.0,496
8,period,4450048,42093,freeway,breakout,8,6.0,496
8,period,4450048,42093,freeway,breakout,9,5.0,496
8,period,4450048,42093,freeway,breakout,10,5.0,496
8,period,4450048,42093,freeway,space_invaders,1,38.0,1660
8,period,4450048,42093,freeway,space_invaders,2,17.0,1660
8,period,4450048,42093,freeway,space_invaders,3,15.0,1660
8,period,4450048,42093,freeway,space_invaders,4,15.0,1660
8,period,4450048,42093,freeway,space_invaders,5,27.0,1660
8,period,4450048,42093,freeway,space_invaders,6,37.0,1660
8,period,4450048,42093,freeway,space_invaders,7,14.0,1660
8,period,4450048,42093,freeway,space_invaders,8,30.0,1660
8,period,4450048,42093,freeway,space_invaders,9,15.0,1660
8,period,4450048,42093,freeway,space_invaders,10,2.0,1660
8,period,4450048,42093,freeway,freeway,1,23.0,25000
8,period,4450048,42093,freeway,freeway,2,36.0,25000
8,period,4450048,42093,freeway,freeway,3,34.0,25000
8,period,4450048,42093,freeway,freeway,4,22.0,25000
8,period,4450048,42093,freeway,freeway,5,27.0,25000
8,period,4450048,42093,freeway,freeway,6,26.0,25000
8,period,4450048,42093,freeway,freeway,7,31.0,25000
8,period,4450048,42093,freeway,freeway,8,29.0,25000
8,period,4450048,42093,freeway,freeway,9,31.0,25000
8,period,4450048,42093,freeway,freeway,10,21.0,25000
8,period,4475136,42093,freeway,breakout,1,2.0,492
8,period,4475136,42093,freeway,breakout,2,5.0,492
8,period,4475136,42093,freeway,breakout,3,5.0,492
8,period,4475136,42093,freeway,breakout,4,4.0,492
8,period,4475136,42093,freeway,breakout,5,5.0,492
8,period,4475136,42093,freeway,breakout,6,5.0,492
8,period,4475136,42093,freeway,breakout,7,5.0,492
8,period,4475136,42093,freeway,breakout,8,6.0,492
8,period,4475136,42093,freeway,breakout,9,2.0,492
8,period,4475136,42093,freeway,breakout,10,1.0,492
8,period,4475136,42093,freeway,space_invaders,1,2.0,1244
8,period,4475136,42093,freeway,space_invaders,2,23.0,1244
8,period,4475136,42093,freeway,space_invaders,3,16.0,1244
8,period,4475136,42093,freeway,space_invaders,4,13.0,1244
8,period,4475136,42093,freeway,space_invaders,5,42.0,1244
8,period,4475136,42093,freeway,space_invaders,6,13.0,1244
8,period,4475136,42093,freeway,space_invaders,7,14.0,1244
8,period,4475136,42093,freeway,space_invaders,8,2.0,1244
8,period,4475136,42093,freeway,space_invaders,9,15.0,1244
8,period,4475136,42093,freeway,space_invaders,10,13.0,1244
8,period,4475136,42093,freeway,freeway,1,28.0,25000
8,period,4475136,42093,freeway,freeway,2,28.0,25000
8,period,4475136,42093,freeway,freeway,3,34.0,25000
8,period,4475136,42093,freeway,freeway,4,28.0,25000
8,period,4475136,42093,freeway,freeway,5,23.0,25000
8,period,4475136,42093,freeway,freeway,6,34.0,25000
8,period,4475136,42093,freeway,freeway,7,36.0,25000
8,period,4475136,42093,freeway,freeway,8,21.0,25000
8,period,4475136,42093,freeway,freeway,9,26.0,25000
8,period,4475136,42093,freeway,freeway,10,24.0,25000
9,boundary,4999680,53445,breakout,breakout,1,1.0,578
9,boundary,4999680,53445,breakout,breakout,2,6.0,578
9,boundary,4999680,53445,breakout,breakout,3,6.0,578
9,boundary,4999680,53445,breakout,breakout,4,1.0,578
9,boundary,4999680,53445,breakout,breakout,5,5.0,578
9,boundary,4999680,53445,breakout,breakout,6,6.0,578
9,boundary,4999680,53445,breakout,breakout,7,5.0,578
9,boundary,4999680,53445,breakout,breakout,8,6.0,578
9,boundary,4999680,53445,breakout,breakout,9,5.0,578
9,boundary,4999680,53445,breakout,breakout,10,6.0,578
9,boundary,4999680,53445,breakout,space_invaders,1,15.0,1302
9,boundary,4999680,53445,breakout,space_invaders,2,14.0,1302
9,boundary,4999680,53445,breakout,space_invaders,3,28.0,1302
9,boundary,4999680,53445,breakout,space_invaders,4,2.0,1302
9,boundary,4999680,53445,breakout,space_invaders,5,2.0,1302
9,boundary,4999680,53445,breakout,space_invaders,6,47.0,1302
9,boundary,4999680,53445,breakout,space_invaders,7,18.0,1302
9,boundary,4999680,53445,breakout,space_invaders,8,2.0,1302
9,boundary,4999680,53445,breakout,space_invaders,9,2.0,1302
9,boundary,4999680,53445,breakout,space_invaders,10,21.0,1302
9,boundary,4999680,53445,breakout,freeway,1,26.0,25000
9,boundary,4999680,53445,breakout,freeway,2,31.0,25000
9,boundary,4999680,53445,breakout,freeway,3,26.0,25000
9,boundary,4999680,53445,breakout,freeway,4,30.0,25000
9,boundary,4999680,53445,breakout,freeway,5,27.0,25000
9,boundary,4999680,53445,breakout,freeway,6,30.0,25000
9,boundary,4999680,53445,breakout,freeway,7,16.0,25000
9,boundary,4999680,53445,breakout,freeway,8,25.0,25000
9,boundary,4999680,53445,breakout,freeway,9,31.0,25000
9,boundary,4999680,53445,breakout,freeway,10,31.0,25000
9,period,4500224,42111,breakout,breakout,1,6.0,524
9,period,4500224,42111,breakout,breakout,2,5.0,524
9,period,4500224,42111,breakout,breakout,3,6.0,524
9,period,4500224,42111,breakout,breakout,4,1.0,524
9,period,4500224,42111,breakout,breakout,5,5.0,524
9,period,4500224,42111,breakout,breakout,6,5.0,524
9,period,4500224,42111,breakout,breakout,7,2.0,524
9,period,4500224,42111,breakout,breakout,8,5.0,524
9,period,4500224,42111,breakout,breakout,9,6.0,524
9,period,4500224,42111,breakout,breakout,10,2.0,524
9,period,4500224,42111,breakout,space_invaders,1,2.0,1078
9,period,4500224,42111,breakout,space_invaders,2,14.0,1078
9,period,4500224,42111,breakout,space_invaders,3,2.0,1078
9,period,4500224,42111,breakout,space_invaders,4,12.0,1078
9,period,4500224,42111,breakout,space_invaders,5,14.0,1078
9,period,4500224,42111,breakout,space_invaders,6,23.0,1078
9,period,4500224,42111,breakout,space_invaders,7,13.0,1078
9,period,4500224,42111,breakout,space_invaders,8,18.0,1078
9,period,4500224,42111,breakout,space_invaders,9,16.0,1078
9,period,4500224,42111,breakout,space_invaders,10,13.0,1078
9,period,4500224,42111,breakout,freeway,1,29.0,25000
9,period,4500224,42111,breakout,freeway,2,26.0,25000
9,period,4500224,42111,breakout,freeway,3,16.0,25000
9,period,4500224,42111,breakout,freeway,4,22.0,25000
9,period,4500224,42111,breakout,freeway,5,23.0,25000
9,period,4500224,42111,breakout,freeway,6,23.0,25000
9,period,4500224,42111,breakout,freeway,7,23.0,25000
9,period,4500224,42111,breakout,freeway,8,24.0,25000
9,period,4500224,42111,breakout,freeway,9,31.0,25000
9,period,4500224,42111,breakout,freeway,10,41.0,25000
9,period,4525056,44272,breakout,breakout,1,0.0,100
9,period,4525056,44272,breakout,breakout,2,1.0,100
9,period,4525056,44272,breakout,breakout,3,0.0,100
9,period,4525056,44272,breakout,breakout,4,0.0,100
9,period,4525056,44272,breakout,breakout,5,1.0,100
9,period,4525056,44272,breakout,breakout,6,1.0,100
9,period,4525056,44272,breakout,breakout,7,0.0,100
9,period,4525056,44272,breakout,breakout,8,1.0,100
9,period,4525056,44272,breakout,breakout,9,0.0,100
9,period,4525056,44272,breakout,breakout,10,0.0,100
9,period,4525056,44272,breakout,space_invaders,1,2.0,782
9,period,4525056,44272,breakout,space_invaders,2,11.0,782
9,period,4525056,44272,breakout,space_invaders,3,34.0,782
9,period,4525056,44272,breakout,space_invaders,4,10.0,782
9,period,4525056,44272,breakout,space_invaders,5,2.0,782
9,period,4525056,44272,breakout,space_invaders,6,12.0,782
9,period,4525056,44272,breakout,space_invaders,7,13.0,782
9,period,4525056,44272,breakout,space_invaders,8,2.0,782
9,period,4525056,44272,breakout,space_invaders,9,12.0,782
9,period,4525056,44272,breakout,space_invaders,10,13.0,782
9,period,4525056,44272,breakout,freeway,1,22.0,25000
9,period,4525056,44272,breakout,freeway,2,26.0,25000
9,period,4525056,44272,breakout,freeway,3,26.0,25000
9,period,4525056,44272,breakout,freeway,4,25.0,25000
9,period,4525056,44272,breakout,freeway,5,38.0,25000
9,period,4525056,44272,breakout,freeway,6,24.0,25000
9,period,4525056,44272,breakout,freeway,7,21.0,25000
9,period,4525056,44272,breakout,freeway,8,32.0,25000
9,period,4525056,44272,breakout,freeway,9,32.0,25000
9,period,4525056,44272,breakout,freeway,10,29.0,25000
9,period,4550144,45782,breakout,breakout,1,6.0,522
9,period,4550144,45782,breakout,breakout,2,6.0,522
9,period,4550144,45782,breakout,breakout,3,3.0,522
9,period,4550144,45782,breakout,breakout,4,5.0,522
9,period,4550144,45782,breakout,breakout,5,6.0,522
9,period,4550144,45782,breakout,breakout,6,5.0,522
9,period,4550144,45782,breakout,breakout,7,0.0,522
9,period,4550144,45782,breakout,breakout,8,6.0,522
9,period,4550144,45782,breakout,breakout,9,5.0,522
9,period,4550144,45782,breakout,breakout,10,1.0,522
9,period,4550144,45782,breakout,space_invaders,1,8.0,767
9,period,4550144,45782,breakout,space_invaders,2,12.0,767
9,period,4550144,45782,breakout,space_invaders,3,14.0,767
9,period,4550144,45782,breakout,space_invaders,4,13.0,767
9,period,4550144,45782,breakout,space_invaders,5,12.0,767
9,period,4550144,45782,breakout,space_invaders,6,12.0,767
9,period,4550144,45782,breakout,space_invaders,7,2.0,767
9,period,4550144,45782,breakout,space_invaders,8,14.0,767
9,period,4550144,45782,breakout,space_invaders,9,11.0,767
9,period,4550144,45782,breakout,space_invaders,10,10.0,767
9,period,4550144,45782,breakout,freeway,1,27.0,25000
9,period,4550144,45782,breakout,freeway,2,18.0,25000
9,period,4550144,45782,breakout,freeway,3,16.0,25000
9,period,4550144,45782,breakout,freeway,4,24.0,25000
9,period,4550144,45782,breakout,freeway,5,22.0,25000
9,period,4550144,45782,breakout,freeway,6,30.0,25000
9,period,4550144,45782,breakout,freeway,7,29.0,25000
9,period,4550144,45782,breakout,freeway,8,27.0,25000
9,period,4550144,45782,breakout,freeway,9,13.0,25000
9,period,4550144,45782,breakout,freeway,10,24.0,25000
9,period,4575232,46248,breakout,breakout,1,6.0,624
9,period,4575232,46248,breakout,breakout,2,6.0,624
9,period,4575232,46248,breakout,breakout,3,5.0,624
9,period,4575232,46248,breakout,breakout,4,6.0,624
9,period,4575232,46248,breakout,breakout,5,4.0,624
9,period,4575232,46248,breakout,breakout,6,5.0,624
9,period,4575232,46248,breakout,breakout,7,5.0,624
9,period,4575232,46248,breakout,breakout,8,5.0,624
9,period,4575232,46248,breakout,breakout,9,5.0,624
9,period,4575232,46248,breakout,breakout,10,5.0,624
9,period,4575232,46248,breakout,space_invaders,1,12.0,677
9,period,4575232,46248,breakout,space_invaders,2,13.0,677
9,period,4575232,46248,breakout,space_invaders,3,13.0,677
9,period,4575232,46248,breakout,space_invaders,4,2.0,677
9,period,4575232,46248,breakout,space_invaders,5,6.0,677
9,period,4575232,46248,breakout,space_invaders,6,13.0,677
9,period,4575232,46248,breakout,space_invaders,7,10.0,677
9,period,4575232,46248,breakout,space_invaders,8,12.0,677
9,period,4575232,46248,breakout,space_invaders,9,2.0,677
9,period,4575232,46248,breakout,space_invaders,10,13.0,677
9,period,4575232,46248,breakout,freeway,1,33.0,25000
9,period,4575232,46248,breakout,freeway,2,29.0,25000
9,period,4575232,46248,breakout,freeway,3,24.0,25000
9,period,4575232,46248,breakout,freeway,4,18.0,25000
9,period,4575232,46248,breakout,freeway,5,27.0,25000
9,period,4575232,46248,breakout,freeway,6,27.0,25000
9,period,4575232,46248,breakout,freeway,7,22.0,25000
9,period,4575232,46248,breakout,freeway,8,25.0,25000
9,period,4575232,46248,breakout,freeway,9,28.0,25000
9,period,4575232,46248,breakout,freeway,10,22.0,25000
9,period,4600064,46681,breakout,breakout,1,3.0,588
9,period,4600064,46681,breakout,breakout,2,5.0,588
9,period,4600064,46681,breakout,breakout,3,3.0,588
9,period,4600064,46681,breakout,breakout,4,6.0,588
9,period,4600064,46681,breakout,breakout,5,5.0,588
9,period,4600064,46681,breakout,breakout,6,5.0,588
9,period,4600064,46681,breakout,breakout,7,5.0,588
9,period,4600064,46681,breakout,breakout,8,6.0,588
9,period,4600064,46681,breakout,breakout,9,6.0,588
9,period,4600064,46681,breakout,breakout,10,5.0,588
9,period,4600064,46681,breakout,space_invaders,1,7.0,655
9,period,4600064,46681,breakout,space_invaders,2,17.0,655
9,period,4600064,46681,breakout,space_invaders,3,6.0,655
9,period,4600064,46681,breakout,space_invaders,4,5.0,655
9,period,4600064,46681,breakout,space_invaders,5,2.0,655
9,period,4600064,46681,breakout,space_invaders,6,10.0,655
9,period,4600064,46681,breakout,space_invaders,7,13.0,655
9,period,4600064,46681,breakout,space_invaders,8,2.0,655
9,period,4600064,46681,breakout,space_invaders,9,10.0,655
9,period,4600064,46681,breakout,space_invaders,10,11.0,655
9,period,4600064,46681,breakout,freeway,1,32.0,25000
9,period,4600064,46681,breakout,freeway,2,29.0,25000
9,period,4600064,46681,breakout,freeway,3,25.0,25000
9,period,4600064,46681,breakout,freeway,4,24.0,25000
9,period,4600064,46681,breakout,freeway,5,31.0,25000
9,period,4600064,46681,breakout,freeway,6,30.0,25000
9,period,4600064,46681,breakout,freeway,7,23.0,25000
9,period,4600064,46681,breakout,freeway,8,27.0,25000
9,period,4600064,46681,breakout,freeway,9,17.0,25000
9,period,4600064,46681,breakout,freeway,10,24.0,25000
9,period,4625152,47132,breakout,breakout,1,5.0,574
9,period,4625152,47132,breakout,breakout,2,6.0,574
9,period,4625152,47132,breakout,breakout,3,3.0,574
9,period,4625152,47132,breakout,breakout,4,6.0,574
9,period,4625152,47132,breakout,breakout,5,5.0,574
9,period,4625152,47132,breakout,breakout,6,3.0,574
9,period,4625152,47132,breakout,breakout,7,5.0,574
9,period,4625152,47132,breakout,breakout,8,5.0,574
9,period,4625152,47132,breakout,breakout,9,4.0,574
9,period,4625152,47132,breakout,breakout,10,6.0,574
9,period,4625152,47132,breakout,space_invaders,1,6.0,1137
9,period,4625152,47132,breakout,space_invaders,2,20.0,1137
9,period,4625152,47132,breakout,space_invaders,3,23.0,1137
9,period,4625152,47132,breakout,space_invaders,4,13.0,1137
9,period,4625152,47132,breakout,space_invaders,5,2.0,1137
9,period,4625152,47132,breakout,space_invaders,6,10.0,1137
9,period,4625152,47132,breakout,space_invaders,7,36.0,1137
9,period,4625152,47132,breakout,space_invaders,8,12.0,1137
9,period,4625152,47132,breakout,space_invaders,9,10.0,1137
9,period,4625152,47132,breakout,space_invaders,10,6.0,1137
9,period,4625152,47132,breakout,freeway,1,35.0,25000
9,period,4625152,47132,breakout,freeway,2,27.0,25000
9,period,4625152,47132,breakout,freeway,3,24.0,25000
9,period,4625152,47132,breakout,freeway,4,22.0,25000
9,period,4625152,47132,breakout,freeway,5,26.0,25000
9,period,4625152,47132,breakout,freeway,6,24.0,25000
9,period,4625152,47132,breakout,freeway,7,26.0,25000
9,period,4625152,47132,breakout,freeway,8,22.0,25000
9,period,4625152,47132,breakout,freeway,9,22.0,25000
9,period,4625152,47132,breakout,freeway,10,30.0,25000
9,period,4650240,47578,breakout,breakout,1,6.0,576
9,period,4650240,47578,breakout,breakout,2,5.0,576
9,period,4650240,47578,breakout,breakout,3,6.0,576
9,period,4650240,47578,breakout,breakout,4,5.0,576
9,period,4650240,47578,breakout,breakout,5,5.0,576
9,period,4650240,47578,breakout,breakout,6,3.0,576
9,period,4650240,47578,breakout,breakout,7,3.0,576
9,period,4650240,47578,breakout,breakout,8,6.0,576
9,period,4650240,47578,breakout,breakout,9,5.0,576
9,period,4650240,47578,breakout,breakout,10,3.0,576
9,period,4650240,47578,breakout,space_invaders,1,14.0,1080
9,period,4650240,47578,breakout,space_invaders,2,10.0,1080
9,period,4650240,47578,breakout,space_invaders,3,2.0,1080
9,period,4650240,47578,breakout,space_invaders,4,6.0,1080
9,period,4650240,47578,breakout,space_invaders,5,14.0,1080
9,period,4650240,47578,breakout,space_invaders,6,2.0,1080
9,period,4650240,47578,breakout,space_invaders,7,23.0,1080
9,period,4650240,47578,breakout,space_invaders,8,15.0,1080
9,period,4650240,47578,breakout,space_invaders,9,35.0,1080
9,period,4650240,47578,breakout,space_invaders,10,16.0,1080
9,period,4650240,47578,breakout,freeway,1,18.0,25000
9,period,4650240,47578,breakout,freeway,2,26.0,25000
9,period,4650240,47578,breakout,freeway,3,28.0,25000
9,period,4650240,47578,breakout,freeway,4,23.0,25000
9,period,4650240,47578,breakout,freeway,5,28.0,25000
9,period,4650240,47578,breakout,freeway,6,24.0,25000
9,period,4650240,47578,breakout,freeway,7,18.0,25000
9,period,4650240,47578,breakout,freeway,8,30.0,25000
9,period,4650240,47578,breakout,freeway,9,27.0,25000
9,period,4650240,47578,breakout,freeway,10,26.0,25000
9,period,4675072,48000,breakout,breakout,1,2.0,588
9,period,4675072,48000,breakout,breakout,2,5.0,588
9,period,4675072,48000,breakout,breakout,3,5.0,588
9,period,4675072,48000,breakout,breakout,4,6.0,588
9,period,4675072,48000,breakout,breakout,5,5.0,588
9,period,4675072,48000,breakout,breakout,6,5.0,588
9,period,4675072,48000,breakout,breakout,7,5.0,588
9,period,4675072,48000,breakout,breakout,8,5.0,588
9,period,4675072,48000,breakout,breakout,9,5.0,588
9,period,4675072,48000,breakout,breakout,10,6.0,588
9,period,4675072,48000,breakout,space_invaders,1,23.0,1048
9,period,4675072,48000,breakout,space_invaders,2,6.0,1048
9,period,4675072,48000,breakout,space_invaders,3,15.0,1048
9,period,4675072,48000,breakout,space_invaders,4,16.0,1048
9,period,4675072,48000,breakout,space_invaders,5,15.0,1048
9,period,4675072,48000,breakout,space_invaders,6,19.0,1048
9,period,4675072,48000,breakout,space_invaders,7,5.0,1048
9,period,4675072,48000,breakout,space_invaders,8,34.0,1048
9,period,4675072,48000,breakout,space_invaders,9,2.0,1048
9,period,4675072,48000,breakout,space_invaders,10,2.0,1048
9,period,4675072,48000,breakout,freeway,1,34.0,25000
9,period,4675072,48000,breakout,freeway,2,29.0,25000
9,period,4675072,48000,breakout,freeway,3,14.0,25000
9,period,4675072,48000,breakout,freeway,4,21.0,25000
9,period,4675072,48000,breakout,freeway,5,23.0,25000
9,period,4675072,48000,breakout,freeway,6,25.0,25000
9,period,4675072,48000,breakout,freeway,7,26.0,25000
9,period,4675072,48000,breakout,freeway,8,22.0,25000
9,period,4675072,48000,breakout,freeway,9,23.0,25000
9,period,4675072,48000,breakout,freeway,10,23.0,25000
9,period,4700160,48440,breakout,breakout,1,6.0,642
9,period,4700160,48440,breakout,breakout,2,6.0,642
9,period,4700160,48440,breakout,breakout,3,6.0,642
9,period,4700160,48440,breakout,breakout,4,5.0,642
9,period,4700160,48440,breakout,breakout,5,6.0,642
9,period,4700160,48440,breakout,breakout,6,5.0,642
9,period,4700160,48440,breakout,breakout,7,5.0,642
9,period,4700160,48440,breakout,breakout,8,6.0,642
9,period,4700160,48440,breakout,breakout,9,3.0,642
9,period,4700160,48440,breakout,breakout,10,6.0,642
9,period,4700160,48440,breakout,space_invaders,1,2.0,812
9,period,4700160,48440,breakout,space_invaders,2,10.0,812
9,period,4700160,48440,breakout,space_invaders,3,2.0,812
9,period,4700160,48440,breakout,space_invaders,4,23.0,812
9,period,4700160,48440,breakout,space_invaders,5,14.0,812
9,period,4700160,48440,breakout,space_invaders,6,15.0,812
9,period,4700160,48440,breakout,space_invaders,7,6.0,812
9,period,4700160,48440,breakout,space_invaders,8,12.0,812
9,period,4700160,48440,breakout,space_invaders,9,8.0,812
9,period,4700160,48440,breakout,space_invaders,10,2.0,812
9,period,4700160,48440,breakout,freeway,1,20.0,25000
9,period,4700160,48440,breakout,freeway,2,20.0,25000
9,period,4700160,48440,breakout,freeway,3,26.0,25000
9,period,4700160,48440,breakout,freeway,4,26.0,25000
9,period,4700160,48440,breakout,freeway,5,21.0,25000
9,period,4700160,48440,breakout,freeway,6,24.0,25000
9,period,4700160,48440,breakout,freeway,7,19.0,25000
9,period,4700160,48440,breakout,freeway,8,26.0,25000
9,period,4700160,48440,breakout,freeway,9,23.0,25000
9,period,4700160,48440,breakout,freeway,10,33.0,25000
9,period,4725248,48859,breakout,breakout,1,5.0,612
9,period,4725248,48859,breakout,breakout,2,5.0,612
9,period,4725248,48859,breakout,breakout,3,6.0,612
9,period,4725248,48859,breakout,breakout,4,3.0,612
9,period,4725248,48859,breakout,breakout,5,5.0,612
9,period,4725248,48859,breakout,breakout,6,5.0,612
9,period,4725248,48859,breakout,breakout,7,5.0,612
9,period,4725248,48859,breakout,breakout,8,6.0,612
9,period,4725248,48859,breakout,breakout,9,6.0,612
9,period,4725248,48859,breakout,breakout,10,5.0,612
9,period,4725248,48859,breakout,space_invaders,1,2.0,716
9,period,4725248,48859,breakout,space_invaders,2,23.0,716
9,period,4725248,48859,breakout,space_invaders,3,12.0,716
9,period,4725248,48859,breakout,space_invaders,4,2.0,716
9,period,4725248,48859,breakout,space_invaders,5,13.0,716
9,period,4725248,48859,breakout,space_invaders,6,2.0,716
9,period,4725248,48859,breakout,space_invaders,7,9.0,716
9,period,4725248,48859,breakout,space_invaders,8,4.0,716
9,period,4725248,48859,breakout,space_invaders,9,15.0,716
9,period,4725248,48859,breakout,space_invaders,10,12.0,716
9,period,4725248,48859,breakout,freeway,1,30.0,25000
9,period,4725248,48859,breakout,freeway,2,23.0,25000
9,period,4725248,48859,breakout,freeway,3,26.0,25000
9,period,4725248,48859,breakout,freeway,4,31.0,25000
9,period,4725248,48859,breakout,freeway,5,18.0,25000
9,period,4725248,48859,breakout,freeway,6,27.0,25000
9,period,4725248,48859,breakout,freeway,7,22.0,25000
9,period,4725248,48859,breakout,freeway,8,35.0,25000
9,period,4725248,48859,breakout,freeway,9,30.0,25000
9,period,4725248,48859,breakout,freeway,10,19.0,25000
9,period,4750080,49283,breakout,breakout,1,5.0,654
9,period,4750080,49283,breakout,breakout,2,5.0,654
9,period,4750080,49283,breakout,breakout,3,5.0,654
9,period,4750080,49283,breakout,breakout,4,5.0,654
9,period,4750080,49283,breakout,breakout,5,6.0,654
9,period,4750080,49283,breakout,breakout,6,6.0,654
9,period,4750080,49283,breakout,breakout,7,6.0,654
9,period,4750080,49283,breakout,breakout,8,5.0,654
9,period,4750080,49283,breakout,breakout,9,5.0,654
9,period,4750080,49283,breakout,breakout,10,6.0,654
9,period,4750080,49283,breakout,space_invaders,1,28.0,1285
9,period,4750080,49283,breakout,space_invaders,2,16.0,1285
9,period,4750080,49283,breakout,space_invaders,3,15.0,1285
9,period,4750080,49283,breakout,space_invaders,4,6.0,1285
9,period,4750080,49283,breakout,space_invaders,5,2.0,1285
9,period,4750080,49283,breakout,space_invaders,6,8.0,1285
9,period,4750080,49283,breakout,space_invaders,7,31.0,1285
9,period,4750080,49283,breakout,space_invaders,8,2.0,1285
9,period,4750080,49283,breakout,space_invaders,9,59.0,1285
9,period,4750080,49283,breakout,space_invaders,10,2.0,1285
9,period,4750080,49283,breakout,freeway,1,22.0,25000
9,period,4750080,49283,breakout,freeway,2,29.0,25000
9,period,4750080,49283,breakout,freeway,3,35.0,25000
9,period,4750080,49283,breakout,freeway,4,23.0,25000
9,period,4750080,49283,breakout,freeway,5,25.0,25000
9,period,4750080,49283,breakout,freeway,6,24.0,25000
9,period,4750080,49283,breakout,freeway,7,25.0,25000
9,period,4750080,49283,breakout,freeway,8,21.0,25000
9,period,4750080,49283,breakout,freeway,9,23.0,25000
9,period,4750080,49283,breakout,freeway,10,27.0,25000
9,period,4775168,49696,breakout,breakout,1,6.0,686
9,period,4775168,49696,breakout,breakout,2,5.0,686
9,period,4775168,49696,breakout,breakout,3,6.0,686
9,period,4775168,49696,breakout,breakout,4,6.0,686
9,period,4775168,49696,breakout,breakout,5,6.0,686
9,period,4775168,49696,breakout,breakout,6,5.0,686
9,period,4775168,49696,breakout,breakout,7,6.0,686
9,period,4775168,49696,breakout,breakout,8,6.0,686
9,period,4775168,49696,breakout,breakout,9,5.0,686
9,period,4775168,49696,breakout,breakout,10,6.0,686
9,period,4775168,49696,breakout,space_invaders,1,2.0,1469
9,period,4775168,49696,breakout,space_invaders,2,20.0,1469
9,period,4775168,49696,breakout,space_invaders,3,6.0,1469
9,period,4775168,49696,breakout,space_invaders,4,2.0,1469
9,period,4775168,49696,breakout,space_invaders,5,17.0,1469
9,period,4775168,49696,breakout,space_invaders,6,18.0,1469
9,period,4775168,49696,breakout,space_invaders,7,23.0,1469
9,period,4775168,49696,breakout,space_invaders,8,18.0,1469
9,period,4775168,49696,breakout,space_invaders,9,23.0,1469
9,period,4775168,49696,breakout,space_invaders,10,47.0,1469
9,period,4775168,49696,breakout,freeway,1,34.0,25000
9,period,4775168,49696,breakout,freeway,2,26.0,25000
9,period,4775168,49696,breakout,freeway,3,28.0,25000
9,period,4775168,49696,breakout,freeway,4,16.0,25000
9,period,4775168,49696,breakout,freeway,5,28.0,25000
9,period,4775168,49696,breakout,freeway,6,29.0,25000
9,period,4775168,49696,breakout,freeway,7,28.0,25000
9,period,4775168,49696,breakout,freeway,8,32.0,25000
9,period,4775168,49696,breakout,freeway,9,23.0,25000
9,period,4775168,49696,breakout,freeway,10,23.0,25000
9,period,4800000,50103,breakout,breakout,1,6.0,608
9,period,4800000,50103,breakout,breakout,2,5.0,608
9,period,4800000,50103,breakout,breakout,3,6.0,608
9,period,4800000,50103,breakout,breakout,4,1.0,608
9,period,4800000,50103,breakout,breakout,5,6.0,608
9,period,4800000,50103,breakout,breakout,6,5.0,608
9,period,4800000,50103,breakout,breakout,7,5.0,608
9,period,4800000,50103,breakout,breakout,8,6.0,608
9,period,4800000,50103,breakout,breakout,9,5.0,608
9,period,4800000,50103,breakout,breakout,10,6.0,608
9,period,4800000,50103,breakout,space_invaders,1,2.0,799
9,period,4800000,50103,breakout,space_invaders,2,19.0,799
9,period,4800000,50103,breakout,space_invaders,3,2.0,799
9,period,4800000,50103,breakout,space_invaders,4,12.0,799
9,period,4800000,50103,breakout,space_invaders,5,14.0,799
9,period,4800000,50103,breakout,space_invaders,6,25.0,799
9,period,4800000,50103,breakout,space_invaders,7,2.0,799
9,period,4800000,50103,breakout,space_invaders,8,17.0,799
9,period,4800000,50103,breakout,space_invaders,9,2.0,799
9,period,4800000,50103,breakout,space_invaders,10,14.0,799
9,period,4800000,50103,breakout,freeway,1,22.0,25000
9,period,4800000,50103,breakout,freeway,2,24.0,25000
9,period,4800000,50103,breakout,freeway,3,29.0,25000
9,period,4800000,50103,breakout,freeway,4,24.0,25000
9,period,4800000,50103,breakout,freeway,5,15.0,25000
9,period,4800000,50103,breakout,freeway,6,24.0,25000
9,period,4800000,50103,breakout,freeway,7,9.0,25000
9,period,4800000,50103,breakout,freeway,8,27.0,25000
9,period,4800000,50103,breakout,freeway,9,26.0,25000
9,period,4800000,50103,breakout,freeway,10,30.0,25000
9,period,4825088,50533,breakout,breakout,1,2.0,566
9,period,4825088,50533,breakout,breakout,2,5.0,566
9,period,4825088,50533,breakout,breakout,3,5.0,566
9,period,4825088,50533,breakout,breakout,4,6.0,566
9,period,4825088,50533,breakout,breakout,5,1.0,566
9,period,4825088,50533,breakout,breakout,6,5.0,566
9,period,4825088,50533,breakout,breakout,7,6.0,566
9,period,4825088,50533,breakout,breakout,8,6.0,566
9,period,4825088,50533,breakout,breakout,9,5.0,566
9,period,4825088,50533,breakout,breakout,10,6.0,566
9,period,4825088,50533,breakout,space_invaders,1,13.0,1387
9,period,4825088,50533,breakout,space_invaders,2,6.0,1387
9,period,4825088,50533,breakout,space_invaders,3,29.0,1387
9,period,4825088,50533,breakout,space_invaders,4,6.0,1387
9,period,4825088,50533,breakout,space_invaders,5,2.0,1387
9,period,4825088,50533,breakout,space_invaders,6,12.0,1387
9,period,4825088,50533,breakout,space_invaders,7,12.0,1387
9,period,4825088,50533,breakout,space_invaders,8,15.0,1387
9,period,4825088,50533,breakout,space_invaders,9,11.0,1387
9,period,4825088,50533,breakout,space_invaders,10,54.0,1387
9,period,4825088,50533,breakout,freeway,1,30.0,25000
9,period,4825088,50533,breakout,freeway,2,22.0,25000
9,period,4825088,50533,breakout,freeway,3,22.0,25000
9,period,4825088,50533,breakout,freeway,4,27.0,25000
9,period,4825088,50533,breakout,freeway,5,27.0,25000
9,period,4825088,50533,breakout,freeway,6,28.0,25000
9,period,4825088,50533,breakout,freeway,7,33.0,25000
9,period,4825088,50533,breakout,freeway,8,35.0,25000
9,period,4825088,50533,breakout,freeway,9,29.0,25000
9,period,4825088,50533,breakout,freeway,10,19.0,25000
9,period,4850176,50954,breakout,breakout,1,5.0,624
9,period,4850176,50954,breakout,breakout,2,5.0,624
9,period,4850176,50954,breakout,breakout,3,6.0,624
9,period,4850176,50954,breakout,breakout,4,5.0,624
9,period,4850176,50954,breakout,breakout,5,4.0,624
9,period,4850176,50954,breakout,breakout,6,5.0,624
9,period,4850176,50954,breakout,breakout,7,5.0,624
9,period,4850176,50954,breakout,breakout,8,5.0,624
9,period,4850176,50954,breakout,breakout,9,6.0,624
9,period,4850176,50954,breakout,breakout,10,6.0,624
9,period,4850176,50954,breakout,space_invaders,1,14.0,1032
9,period,4850176,50954,breakout,space_invaders,2,15.0,1032
9,period,4850176,50954,breakout,space_invaders,3,2.0,1032
9,period,4850176,50954,breakout,space_invaders,4,14.0,1032
9,period,4850176,50954,breakout,space_invaders,5,13.0,1032
9,period,4850176,50954,breakout,space_invaders,6,33.0,1032
9,period,4850176,50954,breakout,space_invaders,7,12.0,1032
9,period,4850176,50954,breakout,space_invaders,8,22.0,1032
9,period,4850176,50954,breakout,space_invaders,9,2.0,1032
9,period,4850176,50954,breakout,space_invaders,10,6.0,1032
9,period,4850176,50954,breakout,freeway,1,18.0,25000
9,period,4850176,50954,breakout,freeway,2,24.0,25000
9,period,4850176,50954,breakout,freeway,3,28.0,25000
9,period,4850176,50954,breakout,freeway,4,28.0,25000
9,period,4850176,50954,breakout,freeway,5,29.0,25000
9,period,4850176,50954,breakout,freeway,6,23.0,25000
9,period,4850176,50954,breakout,freeway,7,18.0,25000
9,period,4850176,50954,breakout,freeway,8,29.0,25000
9,period,4850176,50954,breakout,freeway,9,25.0,25000
9,period,4850176,50954,breakout,freeway,10,27.0,25000
9,period,4875008,51381,breakout,breakout,1,6.0,662
9,period,4875008,51381,breakout,breakout,2,5.0,662
9,period,4875008,51381,breakout,breakout,3,6.0,662
9,period,4875008,51381,breakout,breakout,4,5.0,662
9,period,4875008,51381,breakout,breakout,5,5.0,662
9,period,4875008,51381,breakout,breakout,6,6.0,662
9,period,4875008,51381,breakout,breakout,7,6.0,662
9,period,4875008,51381,breakout,breakout,8,6.0,662
9,period,4875008,51381,breakout,breakout,9,5.0,662
9,period,4875008,51381,breakout,breakout,10,6.0,662
9,period,4875008,51381,breakout,space_invaders,1,15.0,719
9,period,4875008,51381,breakout,space_invaders,2,2.0,719
9,period,4875008,51381,breakout,space_invaders,3,33.0,719
9,period,4875008,51381,breakout,space_invaders,4,13.0,719
9,period,4875008,51381,breakout,space_invaders,5,2.0,719
9,period,4875008,51381,breakout,space_invaders,6,2.0,719
9,period,4875008,51381,breakout,space_invaders,7,14.0,719
9,period,4875008,51381,breakout,space_invaders,8,2.0,719
9,period,4875008,51381,breakout,space_invaders,9,2.0,719
9,period,4875008,51381,breakout,space_invaders,10,12.0,719
9,period,4875008,51381,breakout,freeway,1,10.0,25000
9,period,4875008,51381,breakout,freeway,2,21.0,25000
9,period,4875008,51381,breakout,freeway,3,22.0,25000
9,period,4875008,51381,breakout,freeway,4,23.0,25000
9,period,4875008,51381,breakout,freeway,5,24.0,25000
9,period,4875008,51381,breakout,freeway,6,24.0,25000
9,period,4875008,51381,breakout,freeway,7,29.0,25000
9,period,4875008,51381,breakout,freeway,8,26.0,25000
9,period,4875008,51381,breakout,freeway,9,26.0,25000
9,period,4875008,51381,breakout,freeway,10,24.0,25000
9,period,4900096,51801,breakout,breakout,1,1.0,522
9,period,4900096,51801,breakout,breakout,2,6.0,522
9,period,4900096,51801,breakout,breakout,3,1.0,522
9,period,4900096,51801,breakout,breakout,4,6.0,522
9,period,4900096,51801,breakout,breakout,5,2.0,522
9,period,4900096,51801,breakout,breakout,6,5.0,522
9,period,4900096,51801,breakout,breakout,7,6.0,522
9,period,4900096,51801,breakout,breakout,8,5.0,522
9,period,4900096,51801,breakout,breakout,9,5.0,522
9,period,4900096,51801,breakout,breakout,10,5.0,522
9,period,4900096,51801,breakout,space_invaders,1,15.0,898
9,period,4900096,51801,breakout,space_invaders,2,16.0,898
9,period,4900096,51801,breakout,space_invaders,3,36.0,898
9,period,4900096,51801,breakout,space_invaders,4,2.0,898
9,period,4900096,51801,breakout,space_invaders,5,2.0,898
9,period,4900096,51801,breakout,space_invaders,6,16.0,898
9,period,4900096,51801,breakout,space_invaders,7,2.0,898
9,period,4900096,51801,breakout,space_invaders,8,2.0,898
9,period,4900096,51801,breakout,space_invaders,9,18.0,898
9,period,4900096,51801,breakout,space_invaders,10,18.0,898
9,period,4900096,51801,breakout,freeway,1,27.0,25000
9,period,4900096,51801,breakout,freeway,2,11.0,25000
9,period,4900096,51801,breakout,freeway,3,24.0,25000
9,period,4900096,51801,breakout,freeway,4,25.0,25000
9,period,4900096,51801,breakout,freeway,5,28.0,25000
9,period,4900096,51801,breakout,freeway,6,23.0,25000
9,period,4900096,51801,breakout,freeway,7,23.0,25000
9,period,4900096,51801,breakout,freeway,8,18.0,25000
9,period,4900096,51801,breakout,freeway,9,21.0,25000
9,period,4900096,51801,breakout,freeway,10,27.0,25000
9,period,4925184,52220,breakout,breakout,1,6.0,670
9,period,4925184,52220,breakout,breakout,2,5.0,670
9,period,4925184,52220,breakout,breakout,3,6.0,670
9,period,4925184,52220,breakout,breakout,4,6.0,670
9,period,4925184,52220,breakout,breakout,5,5.0,670
9,period,4925184,52220,breakout,breakout,6,6.0,670
9,period,4925184,52220,breakout,breakout,7,6.0,670
9,period,4925184,52220,breakout,breakout,8,5.0,670
9,period,4925184,52220,breakout,breakout,9,5.0,670
9,period,4925184,52220,breakout,breakout,10,6.0,670
9,period,4925184,52220,breakout,space_invaders,1,16.0,914
9,period,4925184,52220,breakout,space_invaders,2,2.0,914
9,period,4925184,52220,breakout,space_invaders,3,18.0,914
9,period,4925184,52220,breakout,space_invaders,4,6.0,914
9,period,4925184,52220,breakout,space_invaders,5,2.0,914
9,period,4925184,52220,breakout,space_invaders,6,15.0,914
9,period,4925184,52220,breakout,space_invaders,7,6.0,914
9,period,4925184,52220,breakout,space_invaders,8,15.0,914
9,period,4925184,52220,breakout,space_invaders,9,14.0,914
9,period,4925184,52220,breakout,space_invaders,10,36.0,914
9,period,4925184,52220,breakout,freeway,1,20.0,25000
9,period,4925184,52220,breakout,freeway,2,22.0,25000
9,period,4925184,52220,breakout,freeway,3,27.0,25000
9,period,4925184,52220,breakout,freeway,4,21.0,25000
9,period,4925184,52220,breakout,freeway,5,25.0,25000
9,period,4925184,52220,breakout,freeway,6,25.0,25000
9,period,4925184,52220,breakout,freeway,7,25.0,25000
9,period,4925184,52220,breakout,freeway,8,19.0,25000
9,period,4925184,52220,breakout,freeway,9,26.0,25000
9,period,4925184,52220,breakout,freeway,10,33.0,25000
9,period,4950016,52628,breakout,breakout,1,2.0,476
9,period,4950016,52628,breakout,breakout,2,6.0,476
9,period,4950016,52628,breakout,breakout,3,2.0,476
9,period,4950016,52628,breakout,breakout,4,5.0,476
9,period,4950016,52628,breakout,breakout,5,5.0,476
9,period,4950016,52628,breakout,breakout,6,5.0,476
9,period,4950016,52628,breakout,breakout,7,5.0,476
9,period,4950016,52628,breakout,breakout,8,6.0,476
9,period,4950016,52628,breakout,breakout,9,2.0,476
9,period,4950016,52628,breakout,breakout,10,0.0,476
9,period,4950016,52628,breakout,space_invaders,1,16.0,1232
9,period,4950016,52628,breakout,space_invaders,2,13.0,1232
9,period,4950016,52628,breakout,space_invaders,3,27.0,1232
9,period,4950016,52628,breakout,space_invaders,4,23.0,1232
9,period,4950016,52628,breakout,space_invaders,5,20.0,1232
9,period,4950016,52628,breakout,space_invaders,6,15.0,1232
9,period,4950016,52628,breakout,space_invaders,7,2.0,1232
9,period,4950016,52628,breakout,space_invaders,8,34.0,1232
9,period,4950016,52628,breakout,space_invaders,9,2.0,1232
9,period,4950016,52628,breakout,space_invaders,10,3.0,1232
9,period,4950016,52628,breakout,freeway,1,25.0,25000
9,period,4950016,52628,breakout,freeway,2,28.0,25000
9,period,4950016,52628,breakout,freeway,3,28.0,25000
9,period,4950016,52628,breakout,freeway,4,16.0,25000
9,period,4950016,52628,breakout,freeway,5,27.0,25000
9,period,4950016,52628,breakout,freeway,6,29.0,25000
9,period,4950016,52628,breakout,freeway,7,21.0,25000
9,period,4950016,52628,breakout,freeway,8,25.0,25000
9,period,4950016,52628,breakout,freeway,9,28.0,25000
9,period,4950016,52628,breakout,freeway,10,28.0,25000
9,period,4975104,53043,breakout,breakout,1,6.0,622
9,period,4975104,53043,breakout,breakout,2,2.0,622
9,period,4975104,53043,breakout,breakout,3,5.0,622
9,period,4975104,53043,breakout,breakout,4,6.0,622
9,period,4975104,53043,breakout,breakout,5,5.0,622
9,period,4975104,53043,breakout,breakout,6,6.0,622
9,period,4975104,53043,breakout,breakout,7,5.0,622
9,period,4975104,53043,breakout,breakout,8,6.0,622
9,period,4975104,53043,breakout,breakout,9,5.0,622
9,period,4975104,53043,breakout,breakout,10,5.0,622
9,period,4975104,53043,breakout,space_invaders,1,28.0,603
9,period,4975104,53043,breakout,space_invaders,2,2.0,603
9,period,4975104,53043,breakout,space_invaders,3,2.0,603
9,period,4975104,53043,breakout,space_invaders,4,2.0,603
9,period,4975104,53043,breakout,space_invaders,5,23.0,603
9,period,4975104,53043,breakout,space_invaders,6,2.0,603
9,period,4975104,53043,breakout,space_invaders,7,2.0,603
9,period,4975104,53043,breakout,space_invaders,8,2.0,603
9,period,4975104,53043,breakout,space_invaders,9,4.0,603
9,period,4975104,53043,breakout,space_invaders,10,2.0,603
9,period,4975104,53043,breakout,freeway,1,31.0,25000
9,period,4975104,53043,breakout,freeway,2,23.0,25000
9,period,4975104,53043,breakout,freeway,3,22.0,25000
9,period,4975104,53043,breakout,freeway,4,21.0,25000
9,period,4975104,53043,breakout,freeway,5,18.0,25000
9,period,4975104,53043,breakout,freeway,6,30.0,25000
9,period,4975104,53043,breakout,freeway,7,30.0,25000
9,period,4975104,53043,breakout,freeway,8,27.0,25000
9,period,4975104,53043,breakout,freeway,9,24.0,25000
9,period,4975104,53043,breakout,freeway,10,30.0,25000
10,boundary,5499648,54728,space_invaders,breakout,1,6.0,624
10,boundary,5499648,54728,space_invaders,breakout,2,6.0,624
10,boundary,5499648,54728,space_invaders,breakout,3,6.0,624
10,boundary,5499648,54728,space_invaders,breakout,4,6.0,624
10,boundary,5499648,54728,space_invaders,breakout,5,6.0,624
10,boundary,5499648,54728,space_invaders,breakout,6,5.0,624
10,boundary,5499648,54728,space_invaders,breakout,7,0.0,624
10,boundary,5499648,54728,space_invaders,breakout,8,6.0,624
10,boundary,5499648,54728,space_invaders,breakout,9,5.0,624
10,boundary,5499648,54728,space_invaders,breakout,10,5.0,624
10,boundary,5499648,54728,space_invaders,space_invaders,1,47.0,4101
10,boundary,5499648,54728,space_invaders,space_invaders,2,44.0,4101
10,boundary,5499648,54728,space_invaders,space_invaders,3,16.0,4101
10,boundary,5499648,54728,space_invaders,space_invaders,4,71.0,4101
10,boundary,5499648,54728,space_invaders,space_invaders,5,19.0,4101
10,boundary,5499648,54728,space_invaders,space_invaders,6,41.0,4101
10,boundary,5499648,54728,space_invaders,space_invaders,7,95.0,4101
10,boundary,5499648,54728,space_invaders,space_invaders,8,111.0,4101
10,boundary,5499648,54728,space_invaders,space_invaders,9,44.0,4101
10,boundary,5499648,54728,space_invaders,space_invaders,10,47.0,4101
10,boundary,5499648,54728,space_invaders,freeway,1,0.0,25000
10,boundary,5499648,54728,space_invaders,freeway,2,0.0,25000
10,boundary,5499648,54728,space_invaders,freeway,3,4.0,25000
10,boundary,5499648,54728,space_invaders,freeway,4,1.0,25000
10,boundary,5499648,54728,space_invaders,freeway,5,2.0,25000
10,boundary,5499648,54728,space_invaders,freeway,6,3.0,25000
10,boundary,5499648,54728,space_invaders,freeway,7,1.0,25000
10,boundary,5499648,54728,space_invaders,freeway,8,0.0,25000
10,boundary,5499648,54728,space_invaders,freeway,9,6.0,25000
10,boundary,5499648,54728,space_invaders,freeway,10,3.0,25000
10,period,5000192,53451,space_invaders,breakout,1,6.0,654
10,period,5000192,53451,space_invaders,breakout,2,6.0,654
10,period,5000192,53451,space_invaders,breakout,3,6.0,654
10,period,5000192,53451,space_invaders,breakout,4,6.0,654
10,period,5000192,53451,space_invaders,breakout,5,6.0,654
10,period,5000192,53451,space_invaders,breakout,6,2.0,654
10,period,5000192,53451,space_invaders,breakout,7,6.0,654
10,period,5000192,53451,space_invaders,breakout,8,5.0,654
10,period,5000192,53451,space_invaders,breakout,9,5.0,654
10,period,5000192,53451,space_invaders,breakout,10,6.0,654
10,period,5000192,53451,space_invaders,space_invaders,1,2.0,978
10,period,5000192,53451,space_invaders,space_invaders,2,23.0,978
10,period,5000192,53451,space_invaders,space_invaders,3,2.0,978
10,period,5000192,53451,space_invaders,space_invaders,4,2.0,978
10,period,5000192,53451,space_invaders,space_invaders,5,16.0,978
10,period,5000192,53451,space_invaders,space_invaders,6,6.0,978
10,period,5000192,53451,space_invaders,space_invaders,7,20.0,978
10,period,5000192,53451,space_invaders,space_invaders,8,2.0,978
10,period,5000192,53451,space_invaders,space_invaders,9,6.0,978
10,period,5000192,53451,space_invaders,space_invaders,10,41.0,978
10,period,5000192,53451,space_invaders,freeway,1,24.0,25000
10,period,5000192,53451,space_invaders,freeway,2,32.0,25000
10,period,5000192,53451,space_invaders,freeway,3,27.0,25000
10,period,5000192,53451,space_invaders,freeway,4,23.0,25000
10,period,5000192,53451,space_invaders,freeway,5,23.0,25000
10,period,5000192,53451,space_invaders,freeway,6,23.0,25000
10,period,5000192,53451,space_invaders,freeway,7,21.0,25000
10,period,5000192,53451,space_invaders,freeway,8,29.0,25000
10,period,5000192,53451,space_invaders,freeway,9,21.0,25000
10,period,5000192,53451,space_invaders,freeway,10,29.0,25000
10,period,5025024,53558,space_invaders,breakout,1,2.0,600
10,period,5025024,53558,space_invaders,breakout,2,5.0,600
10,period,5025024,53558,space_invaders,breakout,3,5.0,600
10,period,5025024,53558,space_invaders,breakout,4,6.0,600
10,period,5025024,53558,space_invaders,breakout,5,6.0,600
10,period,5025024,53558,space_invaders,breakout,6,6.0,600
10,period,5025024,53558,space_invaders,breakout,7,2.0,600
10,period,5025024,53558,space_invaders,breakout,8,5.0,600
10,period,5025024,53558,space_invaders,breakout,9,6.0,600
10,period,5025024,53558,space_invaders,breakout,10,6.0,600
10,period,5025024,53558,space_invaders,space_invaders,1,71.0,2946
10,period,5025024,53558,space_invaders,space_invaders,2,7.0,2946
10,period,5025024,53558,space_invaders,space_invaders,3,46.0,2946
10,period,5025024,53558,space_invaders,space_invaders,4,7.0,2946
10,period,5025024,53558,space_invaders,space_invaders,5,22.0,2946
10,period,5025024,53558,space_invaders,space_invaders,6,23.0,2946
10,period,5025024,53558,space_invaders,space_invaders,7,51.0,2946
10,period,5025024,53558,space_invaders,space_invaders,8,17.0,2946
10,period,5025024,53558,space_invaders,space_invaders,9,5.0,2946
10,period,5025024,53558,space_invaders,space_invaders,10,47.0,2946
10,period,5025024,53558,space_invaders,freeway,1,21.0,25000
10,period,5025024,53558,space_invaders,freeway,2,25.0,25000
10,period,5025024,53558,space_invaders,freeway,3,23.0,25000
10,period,5025024,53558,space_invaders,freeway,4,25.0,25000
10,period,5025024,53558,space_invaders,freeway,5,21.0,25000
10,period,5025024,53558,space_invaders,freeway,6,37.0,25000
10,period,5025024,53558,space_invaders,freeway,7,18.0,25000
10,period,5025024,53558,space_invaders,freeway,8,33.0,25000
10,period,5025024,53558,space_invaders,freeway,9,26.0,25000
10,period,5025024,53558,space_invaders,freeway,10,21.0,25000
10,period,5050112,53628,space_invaders,breakout,1,5.0,614
10,period,5050112,53628,space_invaders,breakout,2,5.0,614
10,period,5050112,53628,space_invaders,breakout,3,6.0,614
10,period,5050112,53628,space_invaders,breakout,4,6.0,614
10,period,5050112,53628,space_invaders,breakout,5,5.0,614
10,period,5050112,53628,space_invaders,breakout,6,6.0,614
10,period,5050112,53628,space_invaders,breakout,7,5.0,614
10,period,5050112,53628,space_invaders,breakout,8,5.0,614
10,period,5050112,53628,space_invaders,breakout,9,2.0,614
10,period,5050112,53628,space_invaders,breakout,10,5.0,614
10,period,5050112,53628,space_invaders,space_invaders,1,23.0,4165
10,period,5050112,53628,space_invaders,space_invaders,2,51.0,4165
10,period,5050112,53628,space_invaders,space_invaders,3,41.0,4165
10,period,5050112,53628,space_invaders,space_invaders,4,47.0,4165
10,period,5050112,53628,space_invaders,space_invaders,5,75.0,4165
10,period,5050112,53628,space_invaders,space_invaders,6,94.0,4165
10,period,5050112,53628,space_invaders,space_invaders,7,18.0,4165
10,period,5050112,53628,space_invaders,space_invaders,8,23.0,4165
10,period,5050112,53628,space_invaders,space_invaders,9,47.0,4165
10,period,5050112,53628,space_invaders,space_invaders,10,23.0,4165
10,period,5050112,53628,space_invaders,freeway,1,20.0,25000
10,period,5050112,53628,space_invaders,freeway,2,11.0,25000
10,period,5050112,53628,space_invaders,freeway,3,14.0,25000
10,period,5050112,53628,space_invaders,freeway,4,15.0,25000
10,period,5050112,53628,space_invaders,freeway,5,13.0,25000
10,period,5050112,53628,space_invaders,freeway,6,11.0,25000
10,period,5050112,53628,space_invaders,freeway,7,19.0,25000
10,period,5050112,53628,space_invaders,freeway,8,16.0,25000
10,period,5050112,53628,space_invaders,freeway,9,22.0,25000
10,period,5050112,53628,space_invaders,freeway,10,16.0,25000
10,period,5075200,53707,space_invaders,breakout,1,5.0,568
10,period,5075200,53707,space_invaders,breakout,2,2.0,568
10,period,5075200,53707,space_invaders,breakout,3,5.0,568
10,period,5075200,53707,space_invaders,breakout,4,6.0,568
10,period,5075200,53707,space_invaders,breakout,5,6.0,568
10,period,5075200,53707,space_invaders,breakout,6,5.0,568
10,period,5075200,53707,space_invaders,breakout,7,1.0,568
10,period,5075200,53707,space_invaders,breakout,8,5.0,568
10,period,5075200,53707,space_invaders,breakout,9,6.0,568
10,period,5075200,53707,space_invaders,breakout,10,5.0,568
10,period,5075200,53707,space_invaders,space_invaders,1,7.0,3357
10,period,5075200,53707,space_invaders,space_invaders,2,8.0,3357
10,period,5075200,53707,space_invaders,space_invaders,3,2.0,3357
10,period,5075200,53707,space_invaders,space_invaders,4,70.0,3357
10,period,5075200,53707,space_invaders,space_invaders,5,65.0,3357
10,period,5075200,53707,space_invaders,space_invaders,6,47.0,3357
10,period,5075200,53707,space_invaders,space_invaders,7,6.0,3357
10,period,5075200,53707,space_invaders,space_invaders,8,47.0,3357
10,period,5075200,53707,space_invaders,space_invaders,9,115.0,3357
10,period,5075200,53707,space_invaders,space_invaders,10,23.0,3357
10,period,5075200,53707,space_invaders,freeway,1,21.0,25000
10,period,5075200,53707,space_invaders,freeway,2,19.0,25000
10,period,5075200,53707,space_invaders,freeway,3,22.0,25000
10,period,5075200,53707,space_invaders,freeway,4,13.0,25000
10,period,5075200,53707,space_invaders,freeway,5,7.0,25000
10,period,5075200,53707,space_invaders,freeway,6,19.0,25000
10,period,5075200,53707,space_invaders,freeway,7,14.0,25000
10,period,5075200,53707,space_invaders,freeway,8,19.0,25000
10,period,5075200,53707,space_invaders,freeway,9,15.0,25000
10,period,5075200,53707,space_invaders,freeway,10,15.0,25000
10,period,5100032,53769,space_invaders,breakout,1,6.0,660
10,period,5100032,53769,space_invaders,breakout,2,5.0,660
10,period,5100032,53769,space_invaders,breakout,3,5.0,660
10,period,5100032,53769,space_invaders,breakout,4,5.0,660
10,period,5100032,53769,space_invaders,breakout,5,6.0,660
10,period,5100032,53769,space_invaders,breakout,6,5.0,660
10,period,5100032,53769,space_invaders,breakout,7,6.0,660
10,period,5100032,53769,space_invaders,breakout,8,6.0,660
10,period,5100032,53769,space_invaders,breakout,9,5.0,660
10,period,5100032,53769,space_invaders,breakout,10,5.0,660
10,period,5100032,53769,space_invaders,space_invaders,1,23.0,4738
10,period,5100032,53769,space_invaders,space_invaders,2,23.0,4738
10,period,5100032,53769,space_invaders,space_invaders,3,94.0,4738
10,period,5100032,53769,space_invaders,space_invaders,4,7.0,4738
10,period,5100032,53769,space_invaders,space_invaders,5,130.0,4738
10,period,5100032,53769,space_invaders,space_invaders,6,71.0,4738
10,period,5100032,53769,space_invaders,space_invaders,7,66.0,4738
10,period,5100032,53769,space_invaders,space_invaders,8,5.0,4738
10,period,5100032,53769,space_invaders,space_invaders,9,67.0,4738
10,period,5100032,53769,space_invaders,space_invaders,10,71.0,4738
10,period,5100032,53769,space_invaders,freeway,1,10.0,25000
10,period,5100032,53769,space_invaders,freeway,2,13.0,25000
10,period,5100032,53769,space_invaders,freeway,3,9.0,25000
10,period,5100032,53769,space_invaders,freeway,4,1.0,25000
10,period,5100032,53769,space_invaders,freeway,5,10.0,25000
10,period,5100032,53769,space_invaders,freeway,6,12.0,25000
10,period,5100032,53769,space_invaders,freeway,7,12.0,25000
10,period,5100032,53769,space_invaders,freeway,8,13.0,25000
10,period,5100032,53769,space_invaders,freeway,9,10.0,25000
10,period,5100032,53769,space_invaders,freeway,10,6.0,25000
10,period,5125120,53823,space_invaders,breakout,1,5.0,660
10,period,5125120,53823,space_invaders,breakout,2,5.0,660
10,period,5125120,53823,space_invaders,breakout,3,6.0,660
10,period,5125120,53823,space_invaders,breakout,4,5.0,660
10,period,5125120,53823,space_invaders,breakout,5,5.0,660
10,period,5125120,53823,space_invaders,breakout,6,5.0,660
10,period,5125120,53823,space_invaders,breakout,7,5.0,660
10,period,5125120,53823,space_invaders,breakout,8,6.0,660
10,period,5125120,53823,space_invaders,breakout,9,6.0,660
10,period,5125120,53823,space_invaders,breakout,10,6.0,660
10,period,5125120,53823,space_invaders,space_invaders,1,56.0,4254
10,period,5125120,53823,space_invaders,space_invaders,2,9.0,4254
10,period,5125120,53823,space_invaders,space_invaders,3,47.0,4254
10,period,5125120,53823,space_invaders,space_invaders,4,70.0,4254
10,period,5125120,53823,space_invaders,space_invaders,5,34.0,4254
10,period,5125120,53823,space_invaders,space_invaders,6,143.0,4254
10,period,5125120,53823,space_invaders,space_invaders,7,3.0,4254
10,period,5125120,53823,space_invaders,space_invaders,8,27.0,4254
10,period,5125120,53823,space_invaders,space_invaders,9,71.0,4254
10,period,5125120,53823,space_invaders,space_invaders,10,47.0,4254
10,period,5125120,53823,space_invaders,freeway,1,10.0,25000
10,period,5125120,53823,space_invaders,freeway,2,11.0,25000
10,period,5125120,53823,space_invaders,freeway,3,8.0,25000
10,period,5125120,53823,space_invaders,freeway,4,11.0,25000
10,period,5125120,53823,space_invaders,freeway,5,14.0,25000
10,period,5125120,53823,space_invaders,freeway,6,7.0,25000
10,period,5125120,53823,space_invaders,freeway,7,8.0,25000
10,period,5125120,53823,space_invaders,freeway,8,14.0,25000
10,period,5125120,53823,space_invaders,freeway,9,7.0,25000
10,period,5125120,53823,space_invaders,freeway,10,16.0,25000
10,period,5150208,53878,space_invaders,breakout,1,6.0,670
10,period,5150208,53878,space_invaders,breakout,2,5.0,670
10,period,5150208,53878,space_invaders,breakout,3,6.0,670
10,period,5150208,53878,space_invaders,breakout,4,6.0,670
10,period,5150208,53878,space_invaders,breakout,5,5.0,670
10,period,5150208,53878,space_invaders,breakout,6,5.0,670
10,period,5150208,53878,space_invaders,breakout,7,6.0,670
10,period,5150208,53878,space_invaders,breakout,8,6.0,670
10,period,5150208,53878,space_invaders,breakout,9,5.0,670
10,period,5150208,53878,space_invaders,breakout,10,5.0,670
10,period,5150208,53878,space_invaders,space_invaders,1,9.0,5907
10,period,5150208,53878,space_invaders,space_invaders,2,71.0,5907
10,period,5150208,53878,space_invaders,space_invaders,3,95.0,5907
10,period,5150208,53878,space_invaders,space_invaders,4,18.0,5907
10,period,5150208,53878,space_invaders,space_invaders,5,71.0,5907
10,period,5150208,53878,space_invaders,space_invaders,6,47.0,5907
10,period,5150208,53878,space_invaders,space_invaders,7,47.0,5907
10,period,5150208,53878,space_invaders,space_invaders,8,23.0,5907
10,period,5150208,53878,space_invaders,space_invaders,9,143.0,5907
10,period,5150208,53878,space_invaders,space_invaders,10,166.0,5907
10,period,5150208,53878,space_invaders,freeway,1,9.0,25000
10,period,5150208,53878,space_invaders,freeway,2,9.0,25000
10,period,5150208,53878,space_invaders,freeway,3,6.0,25000
10,period,5150208,53878,space_invaders,freeway,4,10.0,25000
10,period,5150208,53878,space_invaders,freeway,5,9.0,25000
10,period,5150208,53878,space_invaders,freeway,6,7.0,25000
10,period,5150208,53878,space_invaders,freeway,7,7.0,25000
10,period,5150208,53878,space_invaders,freeway,8,14.0,25000
10,period,5150208,53878,space_invaders,freeway,9,11.0,25000
10,period,5150208,53878,space_invaders,freeway,10,9.0,25000
10,period,5175040,53930,space_invaders,breakout,1,6.0,644
10,period,5175040,53930,space_invaders,breakout,2,2.0,644
10,period,5175040,53930,space_invaders,breakout,3,6.0,644
10,period,5175040,53930,space_invaders,breakout,4,6.0,644
10,period,5175040,53930,space_invaders,breakout,5,6.0,644
10,period,5175040,53930,space_invaders,breakout,6,5.0,644
10,period,5175040,53930,space_invaders,breakout,7,6.0,644
10,period,5175040,53930,space_invaders,breakout,8,6.0,644
10,period,5175040,53930,space_invaders,breakout,9,5.0,644
10,period,5175040,53930,space_invaders,breakout,10,5.0,644
10,period,5175040,53930,space_invaders,space_invaders,1,95.0,3735
10,period,5175040,53930,space_invaders,space_invaders,2,8.0,3735
10,period,5175040,53930,space_invaders,space_invaders,3,23.0,3735
10,period,5175040,53930,space_invaders,space_invaders,4,47.0,3735
10,period,5175040,53930,space_invaders,space_invaders,5,69.0,3735
10,period,5175040,53930,space_invaders,space_invaders,6,71.0,3735
10,period,5175040,53930,space_invaders,space_invaders,7,29.0,3735
10,period,5175040,53930,space_invaders,space_invaders,8,5.0,3735
10,period,5175040,53930,space_invaders,space_invaders,9,23.0,3735
10,period,5175040,53930,space_invaders,space_invaders,10,47.0,3735
10,period,5175040,53930,space_invaders,freeway,1,11.0,25000
10,period,5175040,53930,space_invaders,freeway,2,3.0,25000
10,period,5175040,53930,space_invaders,freeway,3,6.0,25000
10,period,5175040,53930,space_invaders,freeway,4,9.0,25000
10,period,5175040,53930,space_invaders,freeway,5,7.0,25000
10,period,5175040,53930,space_invaders,freeway,6,7.0,25000
10,period,5175040,53930,space_invaders,freeway,7,8.0,25000
10,period,5175040,53930,space_invaders,freeway,8,13.0,25000
10,period,5175040,53930,space_invaders,freeway,9,8.0,25000
10,period,5175040,53930,space_invaders,freeway,10,7.0,25000
10,period,5200128,53992,space_invaders,breakout,1,6.0,650
10,period,5200128,53992,space_invaders,breakout,2,5.0,650
10,period,5200128,53992,space_invaders,breakout,3,5.0,650
10,period,5200128,53992,space_invaders,breakout,4,5.0,650
10,period,5200128,53992,space_invaders,breakout,5,5.0,650
10,period,5200128,53992,space_invaders,breakout,6,5.0,650
10,period,5200128,53992,space_invaders,breakout,7,5.0,650
10,period,5200128,53992,space_invaders,breakout,8,6.0,650
10,period,5200128,53992,space_invaders,breakout,9,6.0,650
10,period,5200128,53992,space_invaders,breakout,10,5.0,650
10,period,5200128,53992,space_invaders,space_invaders,1,71.0,6104
10,period,5200128,53992,space_invaders,space_invaders,2,23.0,6104
10,period,5200128,53992,space_invaders,space_invaders,3,47.0,6104
10,period,5200128,53992,space_invaders,space_invaders,4,40.0,6104
10,period,5200128,53992,space_invaders,space_invaders,5,112.0,6104
10,period,5200128,53992,space_invaders,space_invaders,6,118.0,6104
10,period,5200128,53992,space_invaders,space_invaders,7,47.0,6104
10,period,5200128,53992,space_invaders,space_invaders,8,95.0,6104
10,period,5200128,53992,space_invaders,space_invaders,9,95.0,6104
10,period,5200128,53992,space_invaders,space_invaders,10,71.0,6104
10,period,5200128,53992,space_invaders,freeway,1,4.0,25000
10,period,5200128,53992,space_invaders,freeway,2,4.0,25000
10,period,5200128,53992,space_invaders,freeway,3,10.0,25000
10,period,5200128,53992,space_invaders,freeway,4,10.0,25000
10,period,5200128,53992,space_invaders,freeway,5,9.0,25000
10,period,5200128,53992,space_invaders,freeway,6,0.0,25000
10,period,5200128,53992,space_invaders,freeway,7,4.0,25000
10,period,5200128,53992,space_invaders,freeway,8,9.0,25000
10,period,5200128,53992,space_invaders,freeway,9,12.0,25000
10,period,5200128,53992,space_invaders,freeway,10,15.0,25000
10,period,5225216,54047,space_invaders,breakout,1,6.0,588
10,period,5225216,54047,space_invaders,breakout,2,2.0,588
10,period,5225216,54047,space_invaders,breakout,3,5.0,588
10,period,5225216,54047,space_invaders,breakout,4,5.0,588
10,period,5225216,54047,space_invaders,breakout,5,6.0,588
10,period,5225216,54047,space_invaders,breakout,6,1.0,588
10,period,5225216,54047,space_invaders,breakout,7,5.0,588
10,period,5225216,54047,space_invaders,breakout,8,6.0,588
10,period,5225216,54047,space_invaders,breakout,9,6.0,588
10,period,5225216,54047,space_invaders,breakout,10,6.0,588
10,period,5225216,54047,space_invaders,space_invaders,1,76.0,2627
10,period,5225216,54047,space_invaders,space_invaders,2,60.0,2627
10,period,5225216,54047,space_invaders,space_invaders,3,2.0,2627
10,period,5225216,54047,space_invaders,space_invaders,4,23.0,2627
10,period,5225216,54047,space_invaders,space_invaders,5,31.0,2627
10,period,5225216,54047,space_invaders,space_invaders,6,26.0,2627
10,period,5225216,54047,space_invaders,space_invaders,7,62.0,2627
10,period,5225216,54047,space_invaders,space_invaders,8,18.0,2627
10,period,5225216,54047,space_invaders,space_invaders,9,31.0,2627
10,period,5225216,54047,space_invaders,space_invaders,10,23.0,2627
10,period,5225216,54047,space_invaders,freeway,1,2.0,25000
10,period,5225216,54047,space_invaders,freeway,2,5.0,25000
10,period,5225216,54047,space_invaders,freeway,3,8.0,25000
10,period,5225216,54047,space_invaders,freeway,4,9.0,25000
10,period,5225216,54047,space_invaders,freeway,5,9.0,25000
10,period,5225216,54047,space_invaders,freeway,6,8.0,25000
10,period,5225216,54047,space_invaders,freeway,7,4.0,25000
10,period,5225216,54047,space_invaders,freeway,8,4.0,25000
10,period,5225216,54047,space_invaders,freeway,9,12.0,25000
10,period,5225216,54047,space_invaders,freeway,10,4.0,25000
10,period,5250048,54131,space_invaders,breakout,1,6.0,670
10,period,5250048,54131,space_invaders,breakout,2,5.0,670
10,period,5250048,54131,space_invaders,breakout,3,5.0,670
10,period,5250048,54131,space_invaders,breakout,4,5.0,670
10,period,5250048,54131,space_invaders,breakout,5,6.0,670
10,period,5250048,54131,space_invaders,breakout,6,5.0,670
10,period,5250048,54131,space_invaders,breakout,7,6.0,670
10,period,5250048,54131,space_invaders,breakout,8,6.0,670
10,period,5250048,54131,space_invaders,breakout,9,5.0,670
10,period,5250048,54131,space_invaders,breakout,10,6.0,670
10,period,5250048,54131,space_invaders,space_invaders,1,19.0,2723
10,period,5250048,54131,space_invaders,space_invaders,2,50.0,2723
10,period,5250048,54131,space_invaders,space_invaders,3,47.0,2723
10,period,5250048,54131,space_invaders,space_invaders,4,3.0,2723
10,period,5250048,54131,space_invaders,space_invaders,5,67.0,2723
10,period,5250048,54131,space_invaders,space_invaders,6,23.0,2723
10,period,5250048,54131,space_invaders,space_invaders,7,49.0,2723
10,period,5250048,54131,space_invaders,space_invaders,8,23.0,2723
10,period,5250048,54131,space_invaders,space_invaders,9,23.0,2723
10,period,5250048,54131,space_invaders,space_invaders,10,34.0,2723
10,period,5250048,54131,space_invaders,freeway,1,8.0,25000
10,period,5250048,54131,space_invaders,freeway,2,6.0,25000
10,period,5250048,54131,space_invaders,freeway,3,8.0,25000
10,period,5250048,54131,space_invaders,freeway,4,1.0,25000
10,period,5250048,54131,space_invaders,freeway,5,7.0,25000
10,period,5250048,54131,space_invaders,freeway,6,6.0,25000
10,period,5250048,54131,space_invaders,freeway,7,7.0,25000
10,period,5250048,54131,space_invaders,freeway,8,4.0,25000
10,period,5250048,54131,space_invaders,freeway,9,3.0,25000
10,period,5250048,54131,space_invaders,freeway,10,3.0,25000
10,period,5275136,54195,space_invaders,breakout,1,5.0,634
10,period,5275136,54195,space_invaders,breakout,2,6.0,634
10,period,5275136,54195,space_invaders,breakout,3,6.0,634
10,period,5275136,54195,space_invaders,breakout,4,5.0,634
10,period,5275136,54195,space_invaders,breakout,5,5.0,634
10,period,5275136,54195,space_invaders,breakout,6,2.0,634
10,period,5275136,54195,space_invaders,breakout,7,6.0,634
10,period,5275136,54195,space_invaders,breakout,8,6.0,634
10,period,5275136,54195,space_invaders,breakout,9,5.0,634
10,period,5275136,54195,space_invaders,breakout,10,6.0,634
10,period,5275136,54195,space_invaders,space_invaders,1,45.0,5398
10,period,5275136,54195,space_invaders,space_invaders,2,4.0,5398
10,period,5275136,54195,space_invaders,space_invaders,3,23.0,5398
10,period,5275136,54195,space_invaders,space_invaders,4,74.0,5398
10,period,5275136,54195,space_invaders,space_invaders,5,87.0,5398
10,period,5275136,54195,space_invaders,space_invaders,6,29.0,5398
10,period,5275136,54195,space_invaders,space_invaders,7,71.0,5398
10,period,5275136,54195,space_invaders,space_invaders,8,167.0,5398
10,period,5275136,54195,space_invaders,space_invaders,9,23.0,5398
10,period,5275136,54195,space_invaders,space_invaders,10,161.0,5398
10,period,5275136,54195,space_invaders,freeway,1,2.0,25000
10,period,5275136,54195,space_invaders,freeway,2,7.0,25000
10,period,5275136,54195,space_invaders,freeway,3,2.0,25000
10,period,5275136,54195,space_invaders,freeway,4,2.0,25000
10,period,5275136,54195,space_invaders,freeway,5,0.0,25000
10,period,5275136,54195,space_invaders,freeway,6,7.0,25000
10,period,5275136,54195,space_invaders,freeway,7,2.0,25000
10,period,5275136,54195,space_invaders,freeway,8,5.0,25000
10,period,5275136,54195,space_invaders,freeway,9,7.0,25000
10,period,5275136,54195,space_invaders,freeway,10,2.0,25000
10,period,5300224,54251,space_invaders,breakout,1,6.0,498
10,period,5300224,54251,space_invaders,breakout,2,6.0,498
10,period,5300224,54251,space_invaders,breakout,3,6.0,498
10,period,5300224,54251,space_invaders,breakout,4,5.0,498
10,period,5300224,54251,space_invaders,breakout,5,6.0,498
10,period,5300224,54251,space_invaders,breakout,6,0.0,498
10,period,5300224,54251,space_invaders,breakout,7,5.0,498
10,period,5300224,54251,space_invaders,breakout,8,3.0,498
10,period,5300224,54251,space_invaders,breakout,9,1.0,498
10,period,5300224,54251,space_invaders,breakout,10,2.0,498
10,period,5300224,54251,space_invaders,space_invaders,1,95.0,3569
10,period,5300224,54251,space_invaders,space_invaders,2,61.0,3569
10,period,5300224,54251,space_invaders,space_invaders,3,43.0,3569
10,period,5300224,54251,space_invaders,space_invaders,4,47.0,3569
10,period,5300224,54251,space_invaders,space_invaders,5,71.0,3569
10,period,5300224,54251,space_invaders,space_invaders,6,22.0,3569
10,period,5300224,54251,space_invaders,space_invaders,7,20.0,3569
10,period,5300224,54251,space_invaders,space_invaders,8,26.0,3569
10,period,5300224,54251,space_invaders,space_invaders,9,27.0,3569
10,period,5300224,54251,space_invaders,space_invaders,10,3.0,3569
10,period,5300224,54251,space_invaders,freeway,1,2.0,25000
10,period,5300224,54251,space_invaders,freeway,2,3.0,25000
10,period,5300224,54251,space_invaders,freeway,3,3.0,25000
10,period,5300224,54251,space_invaders,freeway,4,2.0,25000
10,period,5300224,54251,space_invaders,freeway,5,0.0,25000
10,period,5300224,54251,space_invaders,freeway,6,4.0,25000
10,period,5300224,54251,space_invaders,freeway,7,6.0,25000
10,period,5300224,54251,space_invaders,freeway,8,3.0,25000
10,period,5300224,54251,space_invaders,freeway,9,0.0,25000
10,period,5300224,54251,space_invaders,freeway,10,1.0,25000
10,period,5325056,54330,space_invaders,breakout,1,6.0,634
10,period,5325056,54330,space_invaders,breakout,2,6.0,634
10,period,5325056,54330,space_invaders,breakout,3,6.0,634
10,period,5325056,54330,space_invaders,breakout,4,6.0,634
10,period,5325056,54330,space_invaders,breakout,5,5.0,634
10,period,5325056,54330,space_invaders,breakout,6,5.0,634
10,period,5325056,54330,space_invaders,breakout,7,5.0,634
10,period,5325056,54330,space_invaders,breakout,8,6.0,634
10,period,5325056,54330,space_invaders,breakout,9,6.0,634
10,period,5325056,54330,space_invaders,breakout,10,1.0,634
10,period,5325056,54330,space_invaders,space_invaders,1,42.0,4113
10,period,5325056,54330,space_invaders,space_invaders,2,26.0,4113
10,period,5325056,54330,space_invaders,space_invaders,3,47.0,4113
10,period,5325056,54330,space_invaders,space_invaders,4,23.0,4113
10,period,5325056,54330,space_invaders,space_invaders,5,70.0,4113
10,period,5325056,54330,space_invaders,space_invaders,6,26.0,4113
10,period,5325056,54330,space_invaders,space_invaders,7,98.0,4113
10,period,5325056,54330,space_invaders,space_invaders,8,23.0,4113
10,period,5325056,54330,space_invaders,space_invaders,9,34.0,4113
10,period,5325056,54330,space_invaders,space_invaders,10,119.0,4113
10,period,5325056,54330,space_invaders,freeway,1,2.0,25000
10,period,5325056,54330,space_invaders,freeway,2,4.0,25000
10,period,5325056,54330,space_invaders,freeway,3,3.0,25000
10,period,5325056,54330,space_invaders,freeway,4,1.0,25000
10,period,5325056,54330,space_invaders,freeway,5,4.0,25000
10,period,5325056,54330,space_invaders,freeway,6,1.0,25000
10,period,5325056,54330,space_invaders,freeway,7,3.0,25000
10,period,5325056,54330,space_invaders,freeway,8,1.0,25000
10,period,5325056,54330,space_invaders,freeway,9,3.0,25000
10,period,5325056,54330,space_invaders,freeway,10,4.0,25000
10,period,5350144,54405,space_invaders,breakout,1,5.0,578
10,period,5350144,54405,space_invaders,breakout,2,5.0,578
10,period,5350144,54405,space_invaders,breakout,3,5.0,578
10,period,5350144,54405,space_invaders,breakout,4,2.0,578
10,period,5350144,54405,space_invaders,breakout,5,6.0,578
10,period,5350144,54405,space_invaders,breakout,6,6.0,578
10,period,5350144,54405,space_invaders,breakout,7,5.0,578
10,period,5350144,54405,space_invaders,breakout,8,5.0,578
10,period,5350144,54405,space_invaders,breakout,9,6.0,578
10,period,5350144,54405,space_invaders,breakout,10,2.0,578
10,period,5350144,54405,space_invaders,space_invaders,1,70.0,3751
10,period,5350144,54405,space_invaders,space_invaders,2,23.0,3751
10,period,5350144,54405,space_invaders,space_invaders,3,119.0,3751
10,period,5350144,54405,space_invaders,space_invaders,4,23.0,3751
10,period,5350144,54405,space_invaders,space_invaders,5,23.0,3751
10,period,5350144,54405,space_invaders,space_invaders,6,23.0,3751
10,period,5350144,54405,space_invaders,space_invaders,7,23.0,3751
10,period,5350144,54405,space_invaders,space_invaders,8,47.0,3751
10,period,5350144,54405,space_invaders,space_invaders,9,47.0,3751
10,period,5350144,54405,space_invaders,space_invaders,10,23.0,3751
10,period,5350144,54405,space_invaders,freeway,1,7.0,25000
10,period,5350144,54405,space_invaders,freeway,2,0.0,25000
10,period,5350144,54405,space_invaders,freeway,3,2.0,25000
10,period,5350144,54405,space_invaders,freeway,4,6.0,25000
10,period,5350144,54405,space_invaders,freeway,5,3.0,25000
10,period,5350144,54405,space_invaders,freeway,6,1.0,25000
10,period,5350144,54405,space_invaders,freeway,7,1.0,25000
10,period,5350144,54405,space_invaders,freeway,8,0.0,25000
10,period,5350144,54405,space_invaders,freeway,9,7.0,25000
10,period,5350144,54405,space_invaders,freeway,10,2.0,25000
10,period,5375232,54452,space_invaders,breakout,1,3.0,380
10,period,5375232,54452,space_invaders,breakout,2,3.0,380
10,period,5375232,54452,space_invaders,breakout,3,6.0,380
10,period,5375232,54452,space_invaders,breakout,4,1.0,380
10,period,5375232,54452,space_invaders,breakout,5,1.0,380
10,period,5375232,54452,space_invaders,breakout,6,2.0,380
10,period,5375232,54452,space_invaders,breakout,7,3.0,380
10,period,5375232,54452,space_invaders,breakout,8,3.0,380
10,period,5375232,54452,space_invaders,breakout,9,2.0,380
10,period,5375232,54452,space_invaders,breakout,10,6.0,380
10,period,5375232,54452,space_invaders,space_invaders,1,47.0,4769
10,period,5375232,54452,space_invaders,space_invaders,2,118.0,4769
10,period,5375232,54452,space_invaders,space_invaders,3,5.0,4769
10,period,5375232,54452,space_invaders,space_invaders,4,126.0,4769
10,period,5375232,54452,space_invaders,space_invaders,5,22.0,4769
10,period,5375232,54452,space_invaders,space_invaders,6,95.0,4769
10,period,5375232,54452,space_invaders,space_invaders,7,50.0,4769
10,period,5375232,54452,space_invaders,space_invaders,8,43.0,4769
10,period,5375232,54452,space_invaders,space_invaders,9,22.0,4769
10,period,5375232,54452,space_invaders,space_invaders,10,41.0,4769
10,period,5375232,54452,space_invaders,freeway,1,3.0,25000
10,period,5375232,54452,space_invaders,freeway,2,1.0,25000
10,period,5375232,54452,space_invaders,freeway,3,2.0,25000
10,period,5375232,54452,space_invaders,freeway,4,1.0,25000
10,period,5375232,54452,space_invaders,freeway,5,6.0,25000
10,period,5375232,54452,space_invaders,freeway,6,1.0,25000
10,period,5375232,54452,space_invaders,freeway,7,2.0,25000
10,period,5375232,54452,space_invaders,freeway,8,4.0,25000
10,period,5375232,54452,space_invaders,freeway,9,1.0,25000
10,period,5375232,54452,space_invaders,freeway,10,3.0,25000
10,period,5400064,54501,space_invaders,breakout,1,1.0,588
10,period,5400064,54501,space_invaders,breakout,2,5.0,588
10,period,5400064,54501,space_invaders,breakout,3,5.0,588
10,period,5400064,54501,space_invaders,breakout,4,6.0,588
10,period,5400064,54501,space_invaders,breakout,5,5.0,588
10,period,5400064,54501,space_invaders,breakout,6,6.0,588
10,period,5400064,54501,space_invaders,breakout,7,6.0,588
10,period,5400064,54501,space_invaders,breakout,8,6.0,588
10,period,5400064,54501,space_invaders,breakout,9,6.0,588
10,period,5400064,54501,space_invaders,breakout,10,2.0,588
10,period,5400064,54501,space_invaders,space_invaders,1,71.0,3659
10,period,5400064,54501,space_invaders,space_invaders,2,7.0,3659
10,period,5400064,54501,space_invaders,space_invaders,3,23.0,3659
10,period,5400064,54501,space_invaders,space_invaders,4,65.0,3659
10,period,5400064,54501,space_invaders,space_invaders,5,23.0,3659
10,period,5400064,54501,space_invaders,space_invaders,6,62.0,3659
10,period,5400064,54501,space_invaders,space_invaders,7,21.0,3659
10,period,5400064,54501,space_invaders,space_invaders,8,47.0,3659
10,period,5400064,54501,space_invaders,space_invaders,9,74.0,3659
10,period,5400064,54501,space_invaders,space_invaders,10,46.0,3659
10,period,5400064,54501,space_invaders,freeway,1,0.0,25000
10,period,5400064,54501,space_invaders,freeway,2,2.0,25000
10,period,5400064,54501,space_invaders,freeway,3,2.0,25000
10,period,5400064,54501,space_invaders,freeway,4,2.0,25000
10,period,5400064,54501,space_invaders,freeway,5,5.0,25000
10,period,5400064,54501,space_invaders,freeway,6,3.0,25000
10,period,5400064,54501,space_invaders,freeway,7,0.0,25000
10,period,5400064,54501,space_invaders,freeway,8,3.0,25000
10,period,5400064,54501,space_invaders,freeway,9,0.0,25000
10,period,5400064,54501,space_invaders,freeway,10,5.0,25000
10,period,5425152,54545,space_invaders,breakout,1,5.0,590
10,period,5425152,54545,space_invaders,breakout,2,6.0,590
10,period,5425152,54545,space_invaders,breakout,3,5.0,590
10,period,5425152,54545,space_invaders,breakout,4,5.0,590
10,period,5425152,54545,space_invaders,breakout,5,6.0,590
10,period,5425152,54545,space_invaders,breakout,6,5.0,590
10,period,5425152,54545,space_invaders,breakout,7,6.0,590
10,period,5425152,54545,space_invaders,breakout,8,3.0,590
10,period,5425152,54545,space_invaders,breakout,9,1.0,590
10,period,5425152,54545,space_invaders,breakout,10,6.0,590
10,period,5425152,54545,space_invaders,space_invaders,1,95.0,7530
10,period,5425152,54545,space_invaders,space_invaders,2,47.0,7530
10,period,5425152,54545,space_invaders,space_invaders,3,95.0,7530
10,period,5425152,54545,space_invaders,space_invaders,4,119.0,7530
10,period,5425152,54545,space_invaders,space_invaders,5,143.0,7530
10,period,5425152,54545,space_invaders,space_invaders,6,47.0,7530
10,period,5425152,54545,space_invaders,space_invaders,7,47.0,7530
10,period,5425152,54545,space_invaders,space_invaders,8,94.0,7530
10,period,5425152,54545,space_invaders,space_invaders,9,191.0,7530
10,period,5425152,54545,space_invaders,space_invaders,10,38.0,7530
10,period,5425152,54545,space_invaders,freeway,1,3.0,25000
10,period,5425152,54545,space_invaders,freeway,2,5.0,25000
10,period,5425152,54545,space_invaders,freeway,3,3.0,25000
10,period,5425152,54545,space_invaders,freeway,4,3.0,25000
10,period,5425152,54545,space_invaders,freeway,5,3.0,25000
10,period,5425152,54545,space_invaders,freeway,6,0.0,25000
10,period,5425152,54545,space_invaders,freeway,7,5.0,25000
10,period,5425152,54545,space_invaders,freeway,8,2.0,25000
10,period,5425152,54545,space_invaders,freeway,9,2.0,25000
10,period,5425152,54545,space_invaders,freeway,10,2.0,25000
10,period,5450240,54607,space_invaders,breakout,1,5.0,524
10,period,5450240,54607,space_invaders,breakout,2,6.0,524
10,period,5450240,54607,space_invaders,breakout,3,5.0,524
10,period,5450240,54607,space_invaders,breakout,4,5.0,524
10,period,5450240,54607,space_invaders,breakout,5,5.0,524
10,period,5450240,54607,space_invaders,breakout,6,5.0,524
10,period,5450240,54607,space_invaders,breakout,7,1.0,524
10,period,5450240,54607,space_invaders,breakout,8,6.0,524
10,period,5450240,54607,space_invaders,breakout,9,3.0,524
10,period,5450240,54607,space_invaders,breakout,10,1.0,524
10,period,5450240,54607,space_invaders,space_invaders,1,23.0,5049
10,period,5450240,54607,space_invaders,space_invaders,2,25.0,5049
10,period,5450240,54607,space_invaders,space_invaders,3,143.0,5049
10,period,5450240,54607,space_invaders,space_invaders,4,67.0,5049
10,period,5450240,54607,space_invaders,space_invaders,5,21.0,5049
10,period,5450240,54607,space_invaders,space_invaders,6,3.0,5049
10,period,5450240,54607,space_invaders,space_invaders,7,167.0,5049
10,period,5450240,54607,space_invaders,space_invaders,8,30.0,5049
10,period,5450240,54607,space_invaders,space_invaders,9,83.0,5049
10,period,5450240,54607,space_invaders,space_invaders,10,71.0,5049
10,period,5450240,54607,space_invaders,freeway,1,1.0,25000
10,period,5450240,54607,space_invaders,freeway,2,4.0,25000
10,period,5450240,54607,space_invaders,freeway,3,4.0,25000
10,period,5450240,54607,space_invaders,freeway,4,4.0,25000
10,period,5450240,54607,space_invaders,freeway,5,5.0,25000
10,period,5450240,54607,space_invaders,freeway,6,5.0,25000
10,period,5450240,54607,space_invaders,freeway,7,4.0,25000
10,period,5450240,54607,space_invaders,freeway,8,6.0,25000
10,period,5450240,54607,space_invaders,freeway,9,4.0,25000
10,period,5450240,54607,space_invaders,freeway,10,5.0,25000
10,period,5475072,54671,space_invaders,breakout,1,5.0,588
10,period,5475072,54671,space_invaders,breakout,2,2.0,588
10,period,5475072,54671,space_invaders,breakout,3,5.0,588
10,period,5475072,54671,space_invaders,breakout,4,2.0,588
10,period,5475072,54671,space_invaders,breakout,5,6.0,588
10,period,5475072,54671,space_invaders,breakout,6,6.0,588
10,period,5475072,54671,space_invaders,breakout,7,5.0,588
10,period,5475072,54671,space_invaders,breakout,8,6.0,588
10,period,5475072,54671,space_invaders,breakout,9,5.0,588
10,period,5475072,54671,space_invaders,breakout,10,6.0,588
10,period,5475072,54671,space_invaders,space_invaders,1,95.0,3101
10,period,5475072,54671,space_invaders,space_invaders,2,23.0,3101
10,period,5475072,54671,space_invaders,space_invaders,3,12.0,3101
10,period,5475072,54671,space_invaders,space_invaders,4,4.0,3101
10,period,5475072,54671,space_invaders,space_invaders,5,94.0,3101
10,period,5475072,54671,space_invaders,space_invaders,6,23.0,3101
10,period,5475072,54671,space_invaders,space_invaders,7,5.0,3101
10,period,5475072,54671,space_invaders,space_invaders,8,71.0,3101
10,period,5475072,54671,space_invaders,space_invaders,9,26.0,3101
10,period,5475072,54671,space_invaders,space_invaders,10,23.0,3101
10,period,5475072,54671,space_invaders,freeway,1,0.0,25000
10,period,5475072,54671,space_invaders,freeway,2,3.0,25000
10,period,5475072,54671,space_invaders,freeway,3,1.0,25000
10,period,5475072,54671,space_invaders,freeway,4,0.0,25000
10,period,5475072,54671,space_invaders,freeway,5,1.0,25000
10,period,5475072,54671,space_invaders,freeway,6,5.0,25000
10,period,5475072,54671,space_invaders,freeway,7,3.0,25000
10,period,5475072,54671,space_invaders,freeway,8,4.0,25000
10,period,5475072,54671,space_invaders,freeway,9,2.0,25000
10,period,5475072,54671,space_invaders,freeway,10,3.0,25000
11,boundary,5999616,54920,freeway,breakout,1,2.0,610
11,boundary,5999616,54920,freeway,breakout,2,5.0,610
11,boundary,5999616,54920,freeway,breakout,3,5.0,610
11,boundary,5999616,54920,freeway,breakout,4,6.0,610
11,boundary,5999616,54920,freeway,breakout,5,5.0,610
11,boundary,5999616,54920,freeway,breakout,6,5.0,610
11,boundary,5999616,54920,freeway,breakout,7,5.0,610
11,boundary,5999616,54920,freeway,breakout,8,5.0,610
11,boundary,5999616,54920,freeway,breakout,9,6.0,610
11,boundary,5999616,54920,freeway,breakout,10,6.0,610
11,boundary,5999616,54920,freeway,space_invaders,1,23.0,3252
11,boundary,5999616,54920,freeway,space_invaders,2,23.0,3252
11,boundary,5999616,54920,freeway,space_invaders,3,23.0,3252
11,boundary,5999616,54920,freeway,space_invaders,4,47.0,3252
11,boundary,5999616,54920,freeway,space_invaders,5,22.0,3252
11,boundary,5999616,54920,freeway,space_invaders,6,62.0,3252
11,boundary,5999616,54920,freeway,space_invaders,7,23.0,3252
11,boundary,5999616,54920,freeway,space_invaders,8,46.0,3252
11,boundary,5999616,54920,freeway,space_invaders,9,88.0,3252
11,boundary,5999616,54920,freeway,space_invaders,10,45.0,3252
11,boundary,5999616,54920,freeway,freeway,1,24.0,25000
11,boundary,5999616,54920,freeway,freeway,2,33.0,25000
11,boundary,5999616,54920,freeway,freeway,3,30.0,25000
11,boundary,5999616,54920,freeway,freeway,4,28.0,25000
11,boundary,5999616,54920,freeway,freeway,5,21.0,25000
11,boundary,5999616,54920,freeway,freeway,6,29.0,25000
11,boundary,5999616,54920,freeway,freeway,7,16.0,25000
11,boundary,5999616,54920,freeway,freeway,8,30.0,25000
11,boundary,5999616,54920,freeway,freeway,9,28.0,25000
11,boundary,5999616,54920,freeway,freeway,10,30.0,25000
11,period,5500160,54728,freeway,breakout,1,6.0,650
11,period,5500160,54728,freeway,breakout,2,5.0,650
11,period,5500160,54728,freeway,breakout,3,5.0,650
11,period,5500160,54728,freeway,breakout,4,6.0,650
11,period,5500160,54728,freeway,breakout,5,5.0,650
11,period,5500160,54728,freeway,breakout,6,5.0,650
11,period,5500160,54728,freeway,breakout,7,6.0,650
11,period,5500160,54728,freeway,breakout,8,5.0,650
11,period,5500160,54728,freeway,breakout,9,5.0,650
11,period,5500160,54728,freeway,breakout,10,5.0,650
11,period,5500160,54728,freeway,space_invaders,1,47.0,5730
11,period,5500160,54728,freeway,space_invaders,2,141.0,5730
11,period,5500160,54728,freeway,space_invaders,3,59.0,5730
11,period,5500160,54728,freeway,space_invaders,4,119.0,5730
11,period,5500160,54728,freeway,space_invaders,5,31.0,5730
11,period,5500160,54728,freeway,space_invaders,6,155.0,5730
11,period,5500160,54728,freeway,space_invaders,7,71.0,5730
11,period,5500160,54728,freeway,space_invaders,8,23.0,5730
11,period,5500160,54728,freeway,space_invaders,9,18.0,5730
11,period,5500160,54728,freeway,space_invaders,10,70.0,5730
11,period,5500160,54728,freeway,freeway,1,3.0,25000
11,period,5500160,54728,freeway,freeway,2,0.0,25000
11,period,5500160,54728,freeway,freeway,3,1.0,25000
11,period,5500160,54728,freeway,freeway,4,2.0,25000
11,period,5500160,54728,freeway,freeway,5,4.0,25000
11,period,5500160,54728,freeway,freeway,6,1.0,25000
11,period,5500160,54728,freeway,freeway,7,2.0,25000
11,period,5500160,54728,freeway,freeway,8,6.0,25000
11,period,5500160,54728,freeway,freeway,9,0.0,25000
11,period,5500160,54728,freeway,freeway,10,0.0,25000
11,period,5525248,54728,freeway,breakout,1,6.0,660
11,period,5525248,54728,freeway,breakout,2,6.0,660
11,period,5525248,54728,freeway,breakout,3,6.0,660
11,period,5525248,54728,freeway,breakout,4,5.0,660
11,period,5525248,54728,freeway,breakout,5,5.0,660
11,period,5525248,54728,freeway,breakout,6,5.0,660
11,period,5525248,54728,freeway,breakout,7,5.0,660
11,period,5525248,54728,freeway,breakout,8,5.0,660
11,period,5525248,54728,freeway,breakout,9,5.0,660
11,period,5525248,54728,freeway,breakout,10,6.0,660
11,period,5525248,54728,freeway,space_invaders,1,20.0,4826
11,period,5525248,54728,freeway,space_invaders,2,23.0,4826
11,period,5525248,54728,freeway,space_invaders,3,28.0,4826
11,period,5525248,54728,freeway,space_invaders,4,28.0,4826
11,period,5525248,54728,freeway,space_invaders,5,71.0,4826
11,period,5525248,54728,freeway,space_invaders,6,215.0,4826
11,period,5525248,54728,freeway,space_invaders,7,56.0,4826
11,period,5525248,54728,freeway,space_invaders,8,71.0,4826
11,period,5525248,54728,freeway,space_invaders,9,75.0,4826
11,period,5525248,54728,freeway,space_invaders,10,23.0,4826
11,period,5525248,54728,freeway,freeway,1,18.0,25000
11,period,5525248,54728,freeway,freeway,2,18.0,25000
11,period,5525248,54728,freeway,freeway,3,25.0,25000
11,period,5525248,54728,freeway,freeway,4,18.0,25000
11,period,5525248,54728,freeway,freeway,5,21.0,25000
11,period,5525248,54728,freeway,freeway,6,17.0,25000
11,period,5525248,54728,freeway,freeway,7,22.0,25000
11,period,5525248,54728,freeway,freeway,8,24.0,25000
11,period,5525248,54728,freeway,freeway,9,24.0,25000
11,period,5525248,54728,freeway,freeway,10,19.0,25000
11,period,5550080,54744,freeway,breakout,1,6.0,650
11,period,5550080,54744,freeway,breakout,2,5.0,650
11,period,5550080,54744,freeway,breakout,3,5.0,650
11,period,5550080,54744,freeway,breakout,4,5.0,650
11,period,5550080,54744,freeway,breakout,5,5.0,650
11,period,5550080,54744,freeway,breakout,6,5.0,650
11,period,5550080,54744,freeway,breakout,7,6.0,650
11,period,5550080,54744,freeway,breakout,8,5.0,650
11,period,5550080,54744,freeway,breakout,9,5.0,650
11,period,5550080,54744,freeway,breakout,10,6.0,650
11,period,5550080,54744,freeway,space_invaders,1,47.0,4116
11,period,5550080,54744,freeway,space_invaders,2,23.0,4116
11,period,5550080,54744,freeway,space_invaders,3,47.0,4116
11,period,5550080,54744,freeway,space_invaders,4,47.0,4116
11,period,5550080,54744,freeway,space_invaders,5,117.0,4116
11,period,5550080,54744,freeway,space_invaders,6,93.0,4116
11,period,5550080,54744,freeway,space_invaders,7,26.0,4116
11,period,5550080,54744,freeway,space_invaders,8,74.0,4116
11,period,5550080,54744,freeway,space_invaders,9,35.0,4116
11,period,5550080,54744,freeway,space_invaders,10,7.0,4116
11,period,5550080,54744,freeway,freeway,1,27.0,25000
11,period,5550080,54744,freeway,freeway,2,16.0,25000
11,period,5550080,54744,freeway,freeway,3,25.0,25000
11,period,5550080,54744,freeway,freeway,4,17.0,25000
11,period,5550080,54744,freeway,freeway,5,26.0,25000
11,period,5550080,54744,freeway,freeway,6,15.0,25000
11,period,5550080,54744,freeway,freeway,7,36.0,25000
11,period,5550080,54744,freeway,freeway,8,29.0,25000
11,period,5550080,54744,freeway,freeway,9,25.0,25000
11,period,5550080,54744,freeway,freeway,10,25.0,25000
11,period,5575168,54744,freeway,breakout,1,5.0,624
11,period,5575168,54744,freeway,breakout,2,6.0,624
11,period,5575168,54744,freeway,breakout,3,5.0,624
11,period,5575168,54744,freeway,breakout,4,2.0,624
11,period,5575168,54744,freeway,breakout,5,6.0,624
11,period,5575168,54744,freeway,breakout,6,5.0,624
11,period,5575168,54744,freeway,breakout,7,5.0,624
11,period,5575168,54744,freeway,breakout,8,5.0,624
11,period,5575168,54744,freeway,breakout,9,6.0,624
11,period,5575168,54744,freeway,breakout,10,6.0,624
11,period,5575168,54744,freeway,space_invaders,1,47.0,3098
11,period,5575168,54744,freeway,space_invaders,2,42.0,3098
11,period,5575168,54744,freeway,space_invaders,3,9.0,3098
11,period,5575168,54744,freeway,space_invaders,4,20.0,3098
11,period,5575168,54744,freeway,space_invaders,5,71.0,3098
11,period,5575168,54744,freeway,space_invaders,6,39.0,3098
11,period,5575168,54744,freeway,space_invaders,7,23.0,3098
11,period,5575168,54744,freeway,space_invaders,8,71.0,3098
11,period,5575168,54744,freeway,space_invaders,9,69.0,3098
11,period,5575168,54744,freeway,space_invaders,10,7.0,3098
11,period,5575168,54744,freeway,freeway,1,24.0,25000
11,period,5575168,54744,freeway,freeway,2,22.0,25000
11,period,5575168,54744,freeway,freeway,3,38.0,25000
11,period,5575168,54744,freeway,freeway,4,19.0,25000
11,period,5575168,54744,freeway,freeway,5,21.0,25000
11,period,5575168,54744,freeway,freeway,6,23.0,25000
11,period,5575168,54744,freeway,freeway,7,27.0,25000
11,period,5575168,54744,freeway,freeway,8,24.0,25000
11,period,5575168,54744,freeway,freeway,9,25.0,25000
11,period,5575168,54744,freeway,freeway,10,20.0,25000
11,period,5600000,54760,freeway,breakout,1,6.0,558
11,period,5600000,54760,freeway,breakout,2,5.0,558
11,period,5600000,54760,freeway,breakout,3,5.0,558
11,period,5600000,54760,freeway,breakout,4,6.0,558
11,period,5600000,54760,freeway,breakout,5,5.0,558
11,period,5600000,54760,freeway,breakout,6,5.0,558
11,period,5600000,54760,freeway,breakout,7,5.0,558
11,period,5600000,54760,freeway,breakout,8,5.0,558
11,period,5600000,54760,freeway,breakout,9,1.0,558
11,period,5600000,54760,freeway,breakout,10,2.0,558
11,period,5600000,54760,freeway,space_invaders,1,51.0,4692
11,period,5600000,54760,freeway,space_invaders,2,71.0,4692
11,period,5600000,54760,freeway,space_invaders,3,69.0,4692
11,period,5600000,54760,freeway,space_invaders,4,71.0,4692
11,period,5600000,54760,freeway,space_invaders,5,5.0,4692
11,period,5600000,54760,freeway,space_invaders,6,51.0,4692
11,period,5600000,54760,freeway,space_invaders,7,95.0,4692
11,period,5600000,54760,freeway,space_invaders,8,47.0,4692
11,period,5600000,54760,freeway,space_invaders,9,71.0,4692
11,period,5600000,54760,freeway,space_invaders,10,68.0,4692
11,period,5600000,54760,freeway,freeway,1,24.0,25000
11,period,5600000,54760,freeway,freeway,2,28.0,25000
11,period,5600000,54760,freeway,freeway,3,27.0,25000
11,period,5600000,54760,freeway,freeway,4,17.0,25000
11,period,5600000,54760,freeway,freeway,5,32.0,25000
11,period,5600000,54760,freeway,freeway,6,30.0,25000
11,period,5600000,54760,freeway,freeway,7,27.0,25000
11,period,5600000,54760,freeway,freeway,8,29.0,25000
11,period,5600000,54760,freeway,freeway,9,22.0,25000
11,period,5600000,54760,freeway,freeway,10,27.0,25000
11,period,5625088,54776,freeway,breakout,1,6.0,576
11,period,5625088,54776,freeway,breakout,2,2.0,576
11,period,5625088,54776,freeway,breakout,3,6.0,576
11,period,5625088,54776,freeway,breakout,4,5.0,576
11,period,5625088,54776,freeway,breakout,5,5.0,576
11,period,5625088,54776,freeway,breakout,6,4.0,576
11,period,5625088,54776,freeway,breakout,7,6.0,576
11,period,5625088,54776,freeway,breakout,8,2.0,576
11,period,5625088,54776,freeway,breakout,9,6.0,576
11,period,5625088,54776,freeway,breakout,10,5.0,576
11,period,5625088,54776,freeway,space_invaders,1,69.0,4467
11,period,5625088,54776,freeway,space_invaders,2,76.0,4467
11,period,5625088,54776,freeway,space_invaders,3,23.0,4467
11,period,5625088,54776,freeway,space_invaders,4,46.0,4467
11,period,5625088,54776,freeway,space_invaders,5,87.0,4467
11,period,5625088,54776,freeway,space_invaders,6,7.0,4467
11,period,5625088,54776,freeway,space_invaders,7,22.0,4467
11,period,5625088,54776,freeway,space_invaders,8,47.0,4467
11,period,5625088,54776,freeway,space_invaders,9,143.0,4467
11,period,5625088,54776,freeway,space_invaders,10,26.0,4467
11,period,5625088,54776,freeway,freeway,1,25.0,25000
11,period,5625088,54776,freeway,freeway,2,21.0,25000
11,period,5625088,54776,freeway,freeway,3,29.0,25000
11,period,5625088,54776,freeway,freeway,4,29.0,25000
11,period,5625088,54776,freeway,freeway,5,22.0,25000
11,period,5625088,54776,freeway,freeway,6,27.0,25000
11,period,5625088,54776,freeway,freeway,7,22.0,25000
11,period,5625088,54776,freeway,freeway,8,23.0,25000
11,period,5625088,54776,freeway,freeway,9,20.0,25000
11,period,5625088,54776,freeway,freeway,10,24.0,25000
11,period,5650176,54776,freeway,breakout,1,6.0,614
11,period,5650176,54776,freeway,breakout,2,5.0,614
11,period,5650176,54776,freeway,breakout,3,2.0,614
11,period,5650176,54776,freeway,breakout,4,6.0,614
11,period,5650176,54776,freeway,breakout,5,5.0,614
11,period,5650176,54776,freeway,breakout,6,6.0,614
11,period,5650176,54776,freeway,breakout,7,5.0,614
11,period,5650176,54776,freeway,breakout,8,5.0,614
11,period,5650176,54776,freeway,breakout,9,5.0,614
11,period,5650176,54776,freeway,breakout,10,5.0,614
11,period,5650176,54776,freeway,space_invaders,1,27.0,3910
11,period,5650176,54776,freeway,space_invaders,2,71.0,3910
11,period,5650176,54776,freeway,space_invaders,3,58.0,3910
11,period,5650176,54776,freeway,space_invaders,4,28.0,3910
11,period,5650176,54776,freeway,space_invaders,5,57.0,3910
11,period,5650176,54776,freeway,space_invaders,6,29.0,3910
11,period,5650176,54776,freeway,space_invaders,7,45.0,3910
11,period,5650176,54776,freeway,space_invaders,8,71.0,3910
11,period,5650176,54776,freeway,space_invaders,9,62.0,3910
11,period,5650176,54776,freeway,space_invaders,10,71.0,3910
11,period,5650176,54776,freeway,freeway,1,27.0,25000
11,period,5650176,54776,freeway,freeway,2,23.0,25000
11,period,5650176,54776,freeway,freeway,3,29.0,25000
11,period,5650176,54776,freeway,freeway,4,18.0,25000
11,period,5650176,54776,freeway,freeway,5,23.0,25000
11,period,5650176,54776,freeway,freeway,6,19.0,25000
11,period,5650176,54776,freeway,freeway,7,20.0,25000
11,period,5650176,54776,freeway,freeway,8,25.0,25000
11,period,5650176,54776,freeway,freeway,9,25.0,25000
11,period,5650176,54776,freeway,freeway,10,19.0,25000
11,period,5675008,54792,freeway,breakout,1,5.0,568
11,period,5675008,54792,freeway,breakout,2,6.0,568
11,period,5675008,54792,freeway,breakout,3,5.0,568
11,period,5675008,54792,freeway,breakout,4,5.0,568
11,period,5675008,54792,freeway,breakout,5,6.0,568
11,period,5675008,54792,freeway,breakout,6,1.0,568
11,period,5675008,54792,freeway,breakout,7,5.0,568
11,period,5675008,54792,freeway,breakout,8,2.0,568
11,period,5675008,54792,freeway,breakout,9,6.0,568
11,period,5675008,54792,freeway,breakout,10,5.0,568
11,period,5675008,54792,freeway,space_invaders,1,51.0,4552
11,period,5675008,54792,freeway,space_invaders,2,132.0,4552
11,period,5675008,54792,freeway,space_invaders,3,59.0,4552
11,period,5675008,54792,freeway,space_invaders,4,47.0,4552
11,period,5675008,54792,freeway,space_invaders,5,23.0,4552
11,period,5675008,54792,freeway,space_invaders,6,88.0,4552
11,period,5675008,54792,freeway,space_invaders,7,70.0,4552
11,period,5675008,54792,freeway,space_invaders,8,22.0,4552
11,period,5675008,54792,freeway,space_invaders,9,26.0,4552
11,period,5675008,54792,freeway,space_invaders,10,75.0,4552
11,period,5675008,54792,freeway,freeway,1,32.0,25000
11,period,5675008,54792,freeway,freeway,2,28.0,25000
11,period,5675008,54792,freeway,freeway,3,31.0,25000
11,period,5675008,54792,freeway,freeway,4,27.0,25000
11,period,5675008,54792,freeway,freeway,5,27.0,25000
11,period,5675008,54792,freeway,freeway,6,24.0,25000
11,period,5675008,54792,freeway,freeway,7,27.0,25000
11,period,5675008,54792,freeway,freeway,8,31.0,25000
11,period,5675008,54792,freeway,freeway,9,27.0,25000
11,period,5675008,54792,freeway,freeway,10,27.0,25000
11,period,5700096,54808,freeway,breakout,1,5.0,554
11,period,5700096,54808,freeway,breakout,2,6.0,554
11,period,5700096,54808,freeway,breakout,3,5.0,554
11,period,5700096,54808,freeway,breakout,4,2.0,554
11,period,5700096,54808,freeway,breakout,5,6.0,554
11,period,5700096,54808,freeway,breakout,6,2.0,554
11,period,5700096,54808,freeway,breakout,7,3.0,554
11,period,5700096,54808,freeway,breakout,8,6.0,554
11,period,5700096,54808,freeway,breakout,9,5.0,554
11,period,5700096,54808,freeway,breakout,10,5.0,554
11,period,5700096,54808,freeway,space_invaders,1,23.0,3665
11,period,5700096,54808,freeway,space_invaders,2,38.0,3665
11,period,5700096,54808,freeway,space_invaders,3,47.0,3665
11,period,5700096,54808,freeway,space_invaders,4,68.0,3665
11,period,5700096,54808,freeway,space_invaders,5,46.0,3665
11,period,5700096,54808,freeway,space_invaders,6,74.0,3665
11,period,5700096,54808,freeway,space_invaders,7,45.0,3665
11,period,5700096,54808,freeway,space_invaders,8,7.0,3665
11,period,5700096,54808,freeway,space_invaders,9,81.0,3665
11,period,5700096,54808,freeway,space_invaders,10,47.0,3665
11,period,5700096,54808,freeway,freeway,1,27.0,25000
11,period,5700096,54808,freeway,freeway,2,32.0,25000
11,period,5700096,54808,freeway,freeway,3,36.0,25000
11,period,5700096,54808,freeway,freeway,4,16.0,25000
11,period,5700096,54808,freeway,freeway,5,32.0,25000
11,period,5700096,54808,freeway,freeway,6,25.0,25000
11,period,5700096,54808,freeway,freeway,7,32.0,25000
11,period,5700096,54808,freeway,freeway,8,20.0,25000
11,period,5700096,54808,freeway,freeway,9,22.0,25000
11,period,5700096,54808,freeway,freeway,10,23.0,25000
11,period,5725184,54808,freeway,breakout,1,6.0,586
11,period,5725184,54808,freeway,breakout,2,6.0,586
11,period,5725184,54808,freeway,breakout,3,5.0,586
11,period,5725184,54808,freeway,breakout,4,5.0,586
11,period,5725184,54808,freeway,breakout,5,6.0,586
11,period,5725184,54808,freeway,breakout,6,5.0,586
11,period,5725184,54808,freeway,breakout,7,2.0,586
11,period,5725184,54808,freeway,breakout,8,6.0,586
11,period,5725184,54808,freeway,breakout,9,6.0,586
11,period,5725184,54808,freeway,breakout,10,1.0,586
11,period,5725184,54808,freeway,space_invaders,1,71.0,3276
11,period,5725184,54808,freeway,space_invaders,2,27.0,3276
11,period,5725184,54808,freeway,space_invaders,3,67.0,3276
11,period,5725184,54808,freeway,space_invaders,4,23.0,3276
11,period,5725184,54808,freeway,space_invaders,5,47.0,3276
11,period,5725184,54808,freeway,space_invaders,6,47.0,3276
11,period,5725184,54808,freeway,space_invaders,7,36.0,3276
11,period,5725184,54808,freeway,space_invaders,8,23.0,3276
11,period,5725184,54808,freeway,space_invaders,9,23.0,3276
11,period,5725184,54808,freeway,space_invaders,10,22.0,3276
11,period,5725184,54808,freeway,freeway,1,25.0,25000
11,period,5725184,54808,freeway,freeway,2,34.0,25000
11,period,5725184,54808,freeway,freeway,3,13.0,25000
11,period,5725184,54808,freeway,freeway,4,31.0,25000
11,period,5725184,54808,freeway,freeway,5,30.0,25000
11,period,5725184,54808,freeway,freeway,6,27.0,25000
11,period,5725184,54808,freeway,freeway,7,27.0,25000
11,period,5725184,54808,freeway,freeway,8,28.0,25000
11,period,5725184,54808,freeway,freeway,9,36.0,25000
11,period,5725184,54808,freeway,freeway,10,29.0,25000
11,period,5750016,54824,freeway,breakout,1,6.0,644
11,period,5750016,54824,freeway,breakout,2,5.0,644
11,period,5750016,54824,freeway,breakout,3,2.0,644
11,period,5750016,54824,freeway,breakout,4,6.0,644
11,period,5750016,54824,freeway,breakout,5,6.0,644
11,period,5750016,54824,freeway,breakout,6,5.0,644
11,period,5750016,54824,freeway,breakout,7,6.0,644
11,period,5750016,54824,freeway,breakout,8,6.0,644
11,period,5750016,54824,freeway,breakout,9,6.0,644
11,period,5750016,54824,freeway,breakout,10,5.0,644
11,period,5750016,54824,freeway,space_invaders,1,47.0,3982
11,period,5750016,54824,freeway,space_invaders,2,62.0,3982
11,period,5750016,54824,freeway,space_invaders,3,69.0,3982
11,period,5750016,54824,freeway,space_invaders,4,80.0,3982
11,period,5750016,54824,freeway,space_invaders,5,70.0,3982
11,period,5750016,54824,freeway,space_invaders,6,74.0,3982
11,period,5750016,54824,freeway,space_invaders,7,21.0,3982
11,period,5750016,54824,freeway,space_invaders,8,43.0,3982
11,period,5750016,54824,freeway,space_invaders,9,23.0,3982
11,period,5750016,54824,freeway,space_invaders,10,23.0,3982
11,period,5750016,54824,freeway,freeway,1,30.0,25000
11,period,5750016,54824,freeway,freeway,2,31.0,25000
11,period,5750016,54824,freeway,freeway,3,30.0,25000
11,period,5750016,54824,freeway,freeway,4,27.0,25000
11,period,5750016,54824,freeway,freeway,5,30.0,25000
11,period,5750016,54824,freeway,freeway,6,28.0,25000
11,period,5750016,54824,freeway,freeway,7,29.0,25000
11,period,5750016,54824,freeway,freeway,8,22.0,25000
11,period,5750016,54824,freeway,freeway,9,29.0,25000
11,period,5750016,54824,freeway,freeway,10,34.0,25000
11,period,5775104,54824,freeway,breakout,1,5.0,670
11,period,5775104,54824,freeway,breakout,2,6.0,670
11,period,5775104,54824,freeway,breakout,3,6.0,670
11,period,5775104,54824,freeway,breakout,4,6.0,670
11,period,5775104,54824,freeway,breakout,5,6.0,670
11,period,5775104,54824,freeway,breakout,6,5.0,670
11,period,5775104,54824,freeway,breakout,7,6.0,670
11,period,5775104,54824,freeway,breakout,8,5.0,670
11,period,5775104,54824,freeway,breakout,9,5.0,670
11,period,5775104,54824,freeway,breakout,10,5.0,670
11,period,5775104,54824,freeway,space_invaders,1,71.0,3331
11,period,5775104,54824,freeway,space_invaders,2,10.0,3331
11,period,5775104,54824,freeway,space_invaders,3,23.0,3331
11,period,5775104,54824,freeway,space_invaders,4,65.0,3331
11,period,5775104,54824,freeway,space_invaders,5,95.0,3331
11,period,5775104,54824,freeway,space_invaders,6,24.0,3331
11,period,5775104,54824,freeway,space_invaders,7,71.0,3331
11,period,5775104,54824,freeway,space_invaders,8,28.0,3331
11,period,5775104,54824,freeway,space_invaders,9,23.0,3331
11,period,5775104,54824,freeway,space_invaders,10,38.0,3331
11,period,5775104,54824,freeway,freeway,1,24.0,25000
11,period,5775104,54824,freeway,freeway,2,25.0,25000
11,period,5775104,54824,freeway,freeway,3,25.0,25000
11,period,5775104,54824,freeway,freeway,4,22.0,25000
11,period,5775104,54824,freeway,freeway,5,30.0,25000
11,period,5775104,54824,freeway,freeway,6,29.0,25000
11,period,5775104,54824,freeway,freeway,7,27.0,25000
11,period,5775104,54824,freeway,freeway,8,28.0,25000
11,period,5775104,54824,freeway,freeway,9,31.0,25000
11,period,5775104,54824,freeway,freeway,10,20.0,25000
11,period,5800192,54840,freeway,breakout,1,6.0,650
11,period,5800192,54840,freeway,breakout,2,5.0,650
11,period,5800192,54840,freeway,breakout,3,5.0,650
11,period,5800192,54840,freeway,breakout,4,5.0,650
11,period,5800192,54840,freeway,breakout,5,5.0,650
11,period,5800192,54840,freeway,breakout,6,6.0,650
11,period,5800192,54840,freeway,breakout,7,5.0,650
11,period,5800192,54840,freeway,breakout,8,6.0,650
11,period,5800192,54840,freeway,breakout,9,5.0,650
11,period,5800192,54840,freeway,breakout,10,5.0,650
11,period,5800192,54840,freeway,space_invaders,1,70.0,5043
11,period,5800192,54840,freeway,space_invaders,2,71.0,5043
11,period,5800192,54840,freeway,space_invaders,3,23.0,5043
11,period,5800192,54840,freeway,space_invaders,4,60.0,5043
11,period,5800192,54840,freeway,space_invaders,5,69.0,5043
11,period,5800192,54840,freeway,space_invaders,6,95.0,5043
11,period,5800192,54840,freeway,space_invaders,7,98.0,5043
11,period,5800192,54840,freeway,space_invaders,8,23.0,5043
11,period,5800192,54840,freeway,space_invaders,9,71.0,5043
11,period,5800192,54840,freeway,space_invaders,10,58.0,5043
11,period,5800192,54840,freeway,freeway,1,26.0,25000
11,period,5800192,54840,freeway,freeway,2,33.0,25000
11,period,5800192,54840,freeway,freeway,3,20.0,25000
11,period,5800192,54840,freeway,freeway,4,27.0,25000
11,period,5800192,54840,freeway,freeway,5,29.0,25000
11,period,5800192,54840,freeway,freeway,6,16.0,25000
11,period,5800192,54840,freeway,freeway,7,25.0,25000
11,period,5800192,54840,freeway,freeway,8,25.0,25000
11,period,5800192,54840,freeway,freeway,9,24.0,25000
11,period,5800192,54840,freeway,freeway,10,25.0,25000
11,period,5825024,54856,freeway,breakout,1,5.0,670
11,period,5825024,54856,freeway,breakout,2,6.0,670
11,period,5825024,54856,freeway,breakout,3,5.0,670
11,period,5825024,54856,freeway,breakout,4,6.0,670
11,period,5825024,54856,freeway,breakout,5,5.0,670
11,period,5825024,54856,freeway,breakout,6,5.0,670
11,period,5825024,54856,freeway,breakout,7,5.0,670
11,period,5825024,54856,freeway,breakout,8,6.0,670
11,period,5825024,54856,freeway,breakout,9,6.0,670
11,period,5825024,54856,freeway,breakout,10,6.0,670
11,period,5825024,54856,freeway,space_invaders,1,47.0,3259
11,period,5825024,54856,freeway,space_invaders,2,22.0,3259
11,period,5825024,54856,freeway,space_invaders,3,23.0,3259
11,period,5825024,54856,freeway,space_invaders,4,89.0,3259
11,period,5825024,54856,freeway,space_invaders,5,95.0,3259
11,period,5825024,54856,freeway,space_invaders,6,14.0,3259
11,period,5825024,54856,freeway,space_invaders,7,46.0,3259
11,period,5825024,54856,freeway,space_invaders,8,23.0,3259
11,period,5825024,54856,freeway,space_invaders,9,7.0,3259
11,period,5825024,54856,freeway,space_invaders,10,44.0,3259
11,period,5825024,54856,freeway,freeway,1,31.0,25000
11,period,5825024,54856,freeway,freeway,2,35.0,25000
11,period,5825024,54856,freeway,freeway,3,15.0,25000
11,period,5825024,54856,freeway,freeway,4,31.0,25000
11,period,5825024,54856,freeway,freeway,5,23.0,25000
11,period,5825024,54856,freeway,freeway,6,24.0,25000
11,period,5825024,54856,freeway,freeway,7,13.0,25000
11,period,5825024,54856,freeway,freeway,8,24.0,25000
11,period,5825024,54856,freeway,freeway,9,29.0,25000
11,period,5825024,54856,freeway,freeway,10,31.0,25000
11,period,5850112,54856,freeway,breakout,1,5.0,660
11,period,5850112,54856,freeway,breakout,2,5.0,660
11,period,5850112,54856,freeway,breakout,3,5.0,660
11,period,5850112,54856,freeway,breakout,4,5.0,660
11,period,5850112,54856,freeway,breakout,5,6.0,660
11,period,5850112,54856,freeway,breakout,6,5.0,660
11,period,5850112,54856,freeway,breakout,7,5.0,660
11,period,5850112,54856,freeway,breakout,8,6.0,660
11,period,5850112,54856,freeway,breakout,9,6.0,660
11,period,5850112,54856,freeway,breakout,10,6.0,660
11,period,5850112,54856,freeway,space_invaders,1,143.0,5173
11,period,5850112,54856,freeway,space_invaders,2,64.0,5173
11,period,5850112,54856,freeway,space_invaders,3,22.0,5173
11,period,5850112,54856,freeway,space_invaders,4,23.0,5173
11,period,5850112,54856,freeway,space_invaders,5,23.0,5173
11,period,5850112,54856,freeway,space_invaders,6,116.0,5173
11,period,5850112,54856,freeway,space_invaders,7,142.0,5173
11,period,5850112,54856,freeway,space_invaders,8,23.0,5173
11,period,5850112,54856,freeway,space_invaders,9,71.0,5173
11,period,5850112,54856,freeway,space_invaders,10,35.0,5173
11,period,5850112,54856,freeway,freeway,1,27.0,25000
11,period,5850112,54856,freeway,freeway,2,24.0,25000
11,period,5850112,54856,freeway,freeway,3,28.0,25000
11,period,5850112,54856,freeway,freeway,4,21.0,25000
11,period,5850112,54856,freeway,freeway,5,28.0,25000
11,period,5850112,54856,freeway,freeway,6,41.0,25000
11,period,5850112,54856,freeway,freeway,7,22.0,25000
11,period,5850112,54856,freeway,freeway,8,30.0,25000
11,period,5850112,54856,freeway,freeway,9,21.0,25000
11,period,5850112,54856,freeway,freeway,10,19.0,25000
11,period,5875200,54872,freeway,breakout,1,6.0,578
11,period,5875200,54872,freeway,breakout,2,6.0,578
11,period,5875200,54872,freeway,breakout,3,2.0,578
11,period,5875200,54872,freeway,breakout,4,5.0,578
11,period,5875200,54872,freeway,breakout,5,1.0,578
11,period,5875200,54872,freeway,breakout,6,5.0,578
11,period,5875200,54872,freeway,breakout,7,5.0,578
11,period,5875200,54872,freeway,breakout,8,6.0,578
11,period,5875200,54872,freeway,breakout,9,6.0,578
11,period,5875200,54872,freeway,breakout,10,5.0,578
11,period,5875200,54872,freeway,space_invaders,1,23.0,3244
11,period,5875200,54872,freeway,space_invaders,2,11.0,3244
11,period,5875200,54872,freeway,space_invaders,3,95.0,3244
11,period,5875200,54872,freeway,space_invaders,4,90.0,3244
11,period,5875200,54872,freeway,space_invaders,5,41.0,3244
11,period,5875200,54872,freeway,space_invaders,6,12.0,3244
11,period,5875200,54872,freeway,space_invaders,7,7.0,3244
11,period,5875200,54872,freeway,space_invaders,8,76.0,3244
11,period,5875200,54872,freeway,space_invaders,9,83.0,3244
11,period,5875200,54872,freeway,space_invaders,10,4.0,3244
11,period,5875200,54872,freeway,freeway,1,32.0,25000
11,period,5875200,54872,freeway,freeway,2,19.0,25000
11,period,5875200,54872,freeway,freeway,3,33.0,25000
11,period,5875200,54872,freeway,freeway,4,24.0,25000
11,period,5875200,54872,freeway,freeway,5,35.0,25000
11,period,5875200,54872,freeway,freeway,6,28.0,25000
11,period,5875200,54872,freeway,freeway,7,33.0,25000
11,period,5875200,54872,freeway,freeway,8,31.0,25000
11,period,5875200,54872,freeway,freeway,9,24.0,25000
11,period,5875200,54872,freeway,freeway,10,28.0,25000
11,period,5900032,54888,freeway,breakout,1,5.0,630
11,period,5900032,54888,freeway,breakout,2,5.0,630
11,period,5900032,54888,freeway,breakout,3,5.0,630
11,period,5900032,54888,freeway,breakout,4,5.0,630
11,period,5900032,54888,freeway,breakout,5,5.0,630
11,period,5900032,54888,freeway,breakout,6,5.0,630
11,period,5900032,54888,freeway,breakout,7,5.0,630
11,period,5900032,54888,freeway,breakout,8,6.0,630
11,period,5900032,54888,freeway,breakout,9,5.0,630
11,period,5900032,54888,freeway,breakout,10,5.0,630
11,period,5900032,54888,freeway,space_invaders,1,47.0,3038
11,period,5900032,54888,freeway,space_invaders,2,16.0,3038
11,period,5900032,54888,freeway,space_invaders,3,23.0,3038
11,period,5900032,54888,freeway,space_invaders,4,34.0,3038
11,period,5900032,54888,freeway,space_invaders,5,143.0,3038
11,period,5900032,54888,freeway,space_invaders,6,18.0,3038
11,period,5900032,54888,freeway,space_invaders,7,46.0,3038
11,period,5900032,54888,freeway,space_invaders,8,22.0,3038
11,period,5900032,54888,freeway,space_invaders,9,14.0,3038
11,period,5900032,54888,freeway,space_invaders,10,22.0,3038
11,period,5900032,54888,freeway,freeway,1,26.0,25000
11,period,5900032,54888,freeway,freeway,2,31.0,25000
11,period,5900032,54888,freeway,freeway,3,20.0,25000
11,period,5900032,54888,freeway,freeway,4,34.0,25000
11,period,5900032,54888,freeway,freeway,5,31.0,25000
11,period,5900032,54888,freeway,freeway,6,12.0,25000
11,period,5900032,54888,freeway,freeway,7,29.0,25000
11,period,5900032,54888,freeway,freeway,8,29.0,25000
11,period,5900032,54888,freeway,freeway,9,21.0,25000
11,period,5900032,54888,freeway,freeway,10,28.0,25000
11,period,5925120,54888,freeway,breakout,1,5.0,678
11,period,5925120,54888,freeway,breakout,2,6.0,678
11,period,5925120,54888,freeway,breakout,3,5.0,678
11,period,5925120,54888,freeway,breakout,4,6.0,678
11,period,5925120,54888,freeway,breakout,5,5.0,678
11,period,5925120,54888,freeway,breakout,6,6.0,678
11,period,5925120,54888,freeway,breakout,7,6.0,678
11,period,5925120,54888,freeway,breakout,8,6.0,678
11,period,5925120,54888,freeway,breakout,9,5.0,678
11,period,5925120,54888,freeway,breakout,10,6.0,678
11,period,5925120,54888,freeway,space_invaders,1,21.0,2724
11,period,5925120,54888,freeway,space_invaders,2,47.0,2724
11,period,5925120,54888,freeway,space_invaders,3,32.0,2724
11,period,5925120,54888,freeway,space_invaders,4,4.0,2724
11,period,5925120,54888,freeway,space_invaders,5,21.0,2724
11,period,5925120,54888,freeway,space_invaders,6,75.0,2724
11,period,5925120,54888,freeway,space_invaders,7,36.0,2724
11,period,5925120,54888,freeway,space_invaders,8,23.0,2724
11,period,5925120,54888,freeway,space_invaders,9,15.0,2724
11,period,5925120,54888,freeway,space_invaders,10,71.0,2724
11,period,5925120,54888,freeway,freeway,1,22.0,25000
11,period,5925120,54888,freeway,freeway,2,13.0,25000
11,period,5925120,54888,freeway,freeway,3,34.0,25000
11,period,5925120,54888,freeway,freeway,4,29.0,25000
11,period,5925120,54888,freeway,freeway,5,25.0,25000
11,period,5925120,54888,freeway,freeway,6,32.0,25000
11,period,5925120,54888,freeway,freeway,7,37.0,25000
11,period,5925120,54888,freeway,freeway,8,40.0,25000
11,period,5925120,54888,freeway,freeway,9,25.0,25000
11,period,5925120,54888,freeway,freeway,10,27.0,25000
11,period,5950208,54904,freeway,breakout,1,5.0,680
11,period,5950208,54904,freeway,breakout,2,5.0,680
11,period,5950208,54904,freeway,breakout,3,6.0,680
11,period,5950208,54904,freeway,breakout,4,6.0,680
11,period,5950208,54904,freeway,breakout,5,6.0,680
11,period,5950208,54904,freeway,breakout,6,6.0,680
11,period,5950208,54904,freeway,breakout,7,6.0,680
11,period,5950208,54904,freeway,breakout,8,5.0,680
11,period,5950208,54904,freeway,breakout,9,6.0,680
11,period,5950208,54904,freeway,breakout,10,5.0,680
11,period,5950208,54904,freeway,space_invaders,1,47.0,4007
11,period,5950208,54904,freeway,space_invaders,2,23.0,4007
11,period,5950208,54904,freeway,space_invaders,3,23.0,4007
11,period,5950208,54904,freeway,space_invaders,4,71.0,4007
11,period,5950208,54904,freeway,space_invaders,5,26.0,4007
11,period,5950208,54904,freeway,space_invaders,6,41.0,4007
11,period,5950208,54904,freeway,space_invaders,7,85.0,4007
11,period,5950208,54904,freeway,space_invaders,8,23.0,4007
11,period,5950208,54904,freeway,space_invaders,9,103.0,4007
11,period,5950208,54904,freeway,space_invaders,10,47.0,4007
11,period,5950208,54904,freeway,freeway,1,35.0,25000
11,period,5950208,54904,freeway,freeway,2,28.0,25000
11,period,5950208,54904,freeway,freeway,3,29.0,25000
11,period,5950208,54904,freeway,freeway,4,29.0,25000
11,period,5950208,54904,freeway,freeway,5,25.0,25000
11,period,5950208,54904,freeway,freeway,6,28.0,25000
11,period,5950208,54904,freeway,freeway,7,36.0,25000
11,period,5950208,54904,freeway,freeway,8,31.0,25000
11,period,5950208,54904,freeway,freeway,9,30.0,25000
11,period,5950208,54904,freeway,freeway,10,32.0,25000
11,period,5975040,54904,freeway,breakout,1,6.0,524
11,period,5975040,54904,freeway,breakout,2,3.0,524
11,period,5975040,54904,freeway,breakout,3,5.0,524
11,period,5975040,54904,freeway,breakout,4,5.0,524
11,period,5975040,54904,freeway,breakout,5,6.0,524
11,period,5975040,54904,freeway,breakout,6,1.0,524
11,period,5975040,54904,freeway,breakout,7,5.0,524
11,period,5975040,54904,freeway,breakout,8,5.0,524
11,period,5975040,54904,freeway,breakout,9,1.0,524
11,period,5975040,54904,freeway,breakout,10,5.0,524
11,period,5975040,54904,freeway,space_invaders,1,23.0,3748
11,period,5975040,54904,freeway,space_invaders,2,119.0,3748
11,period,5975040,54904,freeway,space_invaders,3,22.0,3748
11,period,5975040,54904,freeway,space_invaders,4,39.0,3748
11,period,5975040,54904,freeway,space_invaders,5,17.0,3748
11,period,5975040,54904,freeway,space_invaders,6,37.0,3748
11,period,5975040,54904,freeway,space_invaders,7,22.0,3748
11,period,5975040,54904,freeway,space_invaders,8,34.0,3748
11,period,5975040,54904,freeway,space_invaders,9,23.0,3748
11,period,5975040,54904,freeway,space_invaders,10,143.0,3748
11,period,5975040,54904,freeway,freeway,1,38.0,25000
11,period,5975040,54904,freeway,freeway,2,33.0,25000
11,period,5975040,54904,freeway,freeway,3,25.0,25000
11,period,5975040,54904,freeway,freeway,4,29.0,25000
11,period,5975040,54904,freeway,freeway,5,30.0,25000
11,period,5975040,54904,freeway,freeway,6,29.0,25000
11,period,5975040,54904,freeway,freeway,7,26.0,25000
11,period,5975040,54904,freeway,freeway,8,32.0,25000
11,period,5975040,54904,freeway,freeway,9,31.0,25000
11,period,5975040,54904,freeway,freeway,10,23.0,25000
12,boundary,6499584,63261,breakout,breakout,1,5.0,620
12,boundary,6499584,63261,breakout,breakout,2,6.0,620
12,boundary,6499584,63261,breakout,breakout,3,6.0,620
12,boundary,6499584,63261,breakout,breakout,4,5.0,620
12,boundary,6499584,63261,breakout,breakout,5,6.0,620
12,boundary,6499584,63261,breakout,breakout,6,3.0,620
12,boundary,6499584,63261,breakout,breakout,7,5.0,620
12,boundary,6499584,63261,breakout,breakout,8,5.0,620
12,boundary,6499584,63261,breakout,breakout,9,6.0,620
12,boundary,6499584,63261,breakout,breakout,10,5.0,620
12,boundary,6499584,63261,breakout,space_invaders,1,15.0,2386
12,boundary,6499584,63261,breakout,space_invaders,2,6.0,2386
12,boundary,6499584,63261,breakout,space_invaders,3,2.0,2386
12,boundary,6499584,63261,breakout,space_invaders,4,23.0,2386
12,boundary,6499584,63261,breakout,space_invaders,5,25.0,2386
12,boundary,6499584,63261,breakout,space_invaders,6,63.0,2386
12,boundary,6499584,63261,breakout,space_invaders,7,22.0,2386
12,boundary,6499584,63261,breakout,space_invaders,8,114.0,2386
12,boundary,6499584,63261,breakout,space_invaders,9,15.0,2386
12,boundary,6499584,63261,breakout,space_invaders,10,4.0,2386
12,boundary,6499584,63261,breakout,freeway,1,30.0,25000
12,boundary,6499584,63261,breakout,freeway,2,30.0,25000
12,boundary,6499584,63261,breakout,freeway,3,37.0,25000
12,boundary,6499584,63261,breakout,freeway,4,30.0,25000
12,boundary,6499584,63261,breakout,freeway,5,33.0,25000
12,boundary,6499584,63261,breakout,freeway,6,20.0,25000
12,boundary,6499584,63261,breakout,freeway,7,28.0,25000
12,boundary,6499584,63261,breakout,freeway,8,27.0,25000
12,boundary,6499584,63261,breakout,freeway,9,24.0,25000
12,boundary,6499584,63261,breakout,freeway,10,30.0,25000
12,period,6000128,54922,breakout,breakout,1,6.0,670
12,period,6000128,54922,breakout,breakout,2,5.0,670
12,period,6000128,54922,breakout,breakout,3,5.0,670
12,period,6000128,54922,breakout,breakout,4,6.0,670
12,period,6000128,54922,breakout,breakout,5,6.0,670
12,period,6000128,54922,breakout,breakout,6,5.0,670
12,period,6000128,54922,breakout,breakout,7,5.0,670
12,period,6000128,54922,breakout,breakout,8,5.0,670
12,period,6000128,54922,breakout,breakout,9,6.0,670
12,period,6000128,54922,breakout,breakout,10,6.0,670
12,period,6000128,54922,breakout,space_invaders,1,139.0,4036
12,period,6000128,54922,breakout,space_invaders,2,23.0,4036
12,period,6000128,54922,breakout,space_invaders,3,47.0,4036
12,period,6000128,54922,breakout,space_invaders,4,23.0,4036
12,period,6000128,54922,breakout,space_invaders,5,65.0,4036
12,period,6000128,54922,breakout,space_invaders,6,85.0,4036
12,period,6000128,54922,breakout,space_invaders,7,22.0,4036
12,period,6000128,54922,breakout,space_invaders,8,42.0,4036
12,period,6000128,54922,breakout,space_invaders,9,22.0,4036
12,period,6000128,54922,breakout,space_invaders,10,38.0,4036
12,period,6000128,54922,breakout,freeway,1,38.0,25000
12,period,6000128,54922,breakout,freeway,2,26.0,25000
12,period,6000128,54922,breakout,freeway,3,26.0,25000
12,period,6000128,54922,breakout,freeway,4,32.0,25000
12,period,6000128,54922,breakout,freeway,5,27.0,25000
12,period,6000128,54922,breakout,freeway,6,22.0,25000
12,period,6000128,54922,breakout,freeway,7,24.0,25000
12,period,6000128,54922,breakout,freeway,8,26.0,25000
12,period,6000128,54922,breakout,freeway,9,25.0,25000
12,period,6000128,54922,breakout,freeway,10,24.0,25000
12,period,6025216,55468,breakout,breakout,1,1.0,576
12,period,6025216,55468,breakout,breakout,2,6.0,576
12,period,6025216,55468,breakout,breakout,3,5.0,576
12,period,6025216,55468,breakout,breakout,4,6.0,576
12,period,6025216,55468,breakout,breakout,5,6.0,576
12,period,6025216,55468,breakout,breakout,6,3.0,576
12,period,6025216,55468,breakout,breakout,7,6.0,576
12,period,6025216,55468,breakout,breakout,8,5.0,576
12,period,6025216,55468,breakout,breakout,9,5.0,576
12,period,6025216,55468,breakout,breakout,10,5.0,576
12,period,6025216,55468,breakout,space_invaders,1,50.0,2970
12,period,6025216,55468,breakout,space_invaders,2,47.0,2970
12,period,6025216,55468,breakout,space_invaders,3,23.0,2970
12,period,6025216,55468,breakout,space_invaders,4,15.0,2970
12,period,6025216,55468,breakout,space_invaders,5,22.0,2970
12,period,6025216,55468,breakout,space_invaders,6,42.0,2970
12,period,6025216,55468,breakout,space_invaders,7,47.0,2970
12,period,6025216,55468,breakout,space_invaders,8,61.0,2970
12,period,6025216,55468,breakout,space_invaders,9,52.0,2970
12,period,6025216,55468,breakout,space_invaders,10,23.0,2970
12,period,6025216,55468,breakout,freeway,1,20.0,25000
12,period,6025216,55468,breakout,freeway,2,22.0,25000
12,period,6025216,55468,breakout,freeway,3,29.0,25000
12,period,6025216,55468,breakout,freeway,4,33.0,25000
12,period,6025216,55468,breakout,freeway,5,24.0,25000
12,period,6025216,55468,breakout,freeway,6,23.0,25000
12,period,6025216,55468,breakout,freeway,7,22.0,25000
12,period,6025216,55468,breakout,freeway,8,31.0,25000
12,period,6025216,55468,breakout,freeway,9,33.0,25000
12,period,6025216,55468,breakout,freeway,10,24.0,25000
12,period,6050048,55893,breakout,breakout,1,6.0,640
12,period,6050048,55893,breakout,breakout,2,5.0,640
12,period,6050048,55893,breakout,breakout,3,5.0,640
12,period,6050048,55893,breakout,breakout,4,5.0,640
12,period,6050048,55893,breakout,breakout,5,5.0,640
12,period,6050048,55893,breakout,breakout,6,6.0,640
12,period,6050048,55893,breakout,breakout,7,5.0,640
12,period,6050048,55893,breakout,breakout,8,6.0,640
12,period,6050048,55893,breakout,breakout,9,5.0,640
12,period,6050048,55893,breakout,breakout,10,5.0,640
12,period,6050048,55893,breakout,space_invaders,1,22.0,3754
12,period,6050048,55893,breakout,space_invaders,2,47.0,3754
12,period,6050048,55893,breakout,space_invaders,3,71.0,3754
12,period,6050048,55893,breakout,space_invaders,4,23.0,3754
12,period,6050048,55893,breakout,space_invaders,5,22.0,3754
12,period,6050048,55893,breakout,space_invaders,6,47.0,3754
12,period,6050048,55893,breakout,space_invaders,7,81.0,3754
12,period,6050048,55893,breakout,space_invaders,8,14.0,3754
12,period,6050048,55893,breakout,space_invaders,9,47.0,3754
12,period,6050048,55893,breakout,space_invaders,10,71.0,3754
12,period,6050048,55893,breakout,freeway,1,16.0,25000
12,period,6050048,55893,breakout,freeway,2,27.0,25000
12,period,6050048,55893,breakout,freeway,3,33.0,25000
12,period,6050048,55893,breakout,freeway,4,25.0,25000
12,period,6050048,55893,breakout,freeway,5,21.0,25000
12,period,6050048,55893,breakout,freeway,6,18.0,25000
12,period,6050048,55893,breakout,freeway,7,37.0,25000
12,period,6050048,55893,breakout,freeway,8,22.0,25000
12,period,6050048,55893,breakout,freeway,9,33.0,25000
12,period,6050048,55893,breakout,freeway,10,35.0,25000
12,period,6075136,56315,breakout,breakout,1,6.0,606
12,period,6075136,56315,breakout,breakout,2,5.0,606
12,period,6075136,56315,breakout,breakout,3,6.0,606
12,period,6075136,56315,breakout,breakout,4,6.0,606
12,period,6075136,56315,breakout,breakout,5,5.0,606
12,period,6075136,56315,breakout,breakout,6,5.0,606
12,period,6075136,56315,breakout,breakout,7,5.0,606
12,period,6075136,56315,breakout,breakout,8,1.0,606
12,period,6075136,56315,breakout,breakout,9,6.0,606
12,period,6075136,56315,breakout,breakout,10,6.0,606
12,period,6075136,56315,breakout,space_invaders,1,47.0,2528
12,period,6075136,56315,breakout,space_invaders,2,14.0,2528
12,period,6075136,56315,breakout,space_invaders,3,22.0,2528
12,period,6075136,56315,breakout,space_invaders,4,30.0,2528
12,period,6075136,56315,breakout,space_invaders,5,26.0,2528
12,period,6075136,56315,breakout,space_invaders,6,16.0,2528
12,period,6075136,56315,breakout,space_invaders,7,22.0,2528
12,period,6075136,56315,breakout,space_invaders,8,98.0,2528
12,period,6075136,56315,breakout,space_invaders,9,35.0,2528
12,period,6075136,56315,breakout,space_invaders,10,27.0,2528
12,period,6075136,56315,breakout,freeway,1,25.0,25000
12,period,6075136,56315,breakout,freeway,2,19.0,25000
12,period,6075136,56315,breakout,freeway,3,29.0,25000
12,period,6075136,56315,breakout,freeway,4,22.0,25000
12,period,6075136,56315,breakout,freeway,5,24.0,25000
12,period,6075136,56315,breakout,freeway,6,28.0,25000
12,period,6075136,56315,breakout,freeway,7,19.0,25000
12,period,6075136,56315,breakout,freeway,8,32.0,25000
12,period,6075136,56315,breakout,freeway,9,29.0,25000
12,period,6075136,56315,breakout,freeway,10,34.0,25000
12,period,6100224,56737,breakout,breakout,1,6.0,598
12,period,6100224,56737,breakout,breakout,2,5.0,598
12,period,6100224,56737,breakout,breakout,3,1.0,598
12,period,6100224,56737,breakout,breakout,4,6.0,598
12,period,6100224,56737,breakout,breakout,5,5.0,598
12,period,6100224,56737,breakout,breakout,6,5.0,598
12,period,6100224,56737,breakout,breakout,7,5.0,598
12,period,6100224,56737,breakout,breakout,8,5.0,598
12,period,6100224,56737,breakout,breakout,9,6.0,598
12,period,6100224,56737,breakout,breakout,10,6.0,598
12,period,6100224,56737,breakout,space_invaders,1,23.0,2610
12,period,6100224,56737,breakout,space_invaders,2,46.0,2610
12,period,6100224,56737,breakout,space_invaders,3,23.0,2610
12,period,6100224,56737,breakout,space_invaders,4,26.0,2610
12,period,6100224,56737,breakout,space_invaders,5,19.0,2610
12,period,6100224,56737,breakout,space_invaders,6,23.0,2610
12,period,6100224,56737,breakout,space_invaders,7,23.0,2610
12,period,6100224,56737,breakout,space_invaders,8,71.0,2610
12,period,6100224,56737,breakout,space_invaders,9,44.0,2610
12,period,6100224,56737,breakout,space_invaders,10,23.0,2610
12,period,6100224,56737,breakout,freeway,1,31.0,25000
12,period,6100224,56737,breakout,freeway,2,29.0,25000
12,period,6100224,56737,breakout,freeway,3,32.0,25000
12,period,6100224,56737,breakout,freeway,4,21.0,25000
12,period,6100224,56737,breakout,freeway,5,24.0,25000
12,period,6100224,56737,breakout,freeway,6,24.0,25000
12,period,6100224,56737,breakout,freeway,7,28.0,25000
12,period,6100224,56737,breakout,freeway,8,37.0,25000
12,period,6100224,56737,breakout,freeway,9,29.0,25000
12,period,6100224,56737,breakout,freeway,10,32.0,25000
12,period,6125056,57159,breakout,breakout,1,6.0,608
12,period,6125056,57159,breakout,breakout,2,5.0,608
12,period,6125056,57159,breakout,breakout,3,6.0,608
12,period,6125056,57159,breakout,breakout,4,1.0,608
12,period,6125056,57159,breakout,breakout,5,6.0,608
12,period,6125056,57159,breakout,breakout,6,5.0,608
12,period,6125056,57159,breakout,breakout,7,6.0,608
12,period,6125056,57159,breakout,breakout,8,5.0,608
12,period,6125056,57159,breakout,breakout,9,5.0,608
12,period,6125056,57159,breakout,breakout,10,6.0,608
12,period,6125056,57159,breakout,space_invaders,1,71.0,4169
12,period,6125056,57159,breakout,space_invaders,2,23.0,4169
12,period,6125056,57159,breakout,space_invaders,3,11.0,4169
12,period,6125056,57159,breakout,space_invaders,4,71.0,4169
12,period,6125056,57159,breakout,space_invaders,5,24.0,4169
12,period,6125056,57159,breakout,space_invaders,6,47.0,4169
12,period,6125056,57159,breakout,space_invaders,7,47.0,4169
12,period,6125056,57159,breakout,space_invaders,8,23.0,4169
12,period,6125056,57159,breakout,space_invaders,9,99.0,4169
12,period,6125056,57159,breakout,space_invaders,10,82.0,4169
12,period,6125056,57159,breakout,freeway,1,28.0,25000
12,period,6125056,57159,breakout,freeway,2,29.0,25000
12,period,6125056,57159,breakout,freeway,3,37.0,25000
12,period,6125056,57159,breakout,freeway,4,25.0,25000
12,period,6125056,57159,breakout,freeway,5,24.0,25000
12,period,6125056,57159,breakout,freeway,6,25.0,25000
12,period,6125056,57159,breakout,freeway,7,30.0,25000
12,period,6125056,57159,breakout,freeway,8,33.0,25000
12,period,6125056,57159,breakout,freeway,9,21.0,25000
12,period,6125056,57159,breakout,freeway,10,26.0,25000
12,period,6150144,57578,breakout,breakout,1,6.0,600
12,period,6150144,57578,breakout,breakout,2,5.0,600
12,period,6150144,57578,breakout,breakout,3,5.0,600
12,period,6150144,57578,breakout,breakout,4,1.0,600
12,period,6150144,57578,breakout,breakout,5,5.0,600
12,period,6150144,57578,breakout,breakout,6,6.0,600
12,period,6150144,57578,breakout,breakout,7,6.0,600
12,period,6150144,57578,breakout,breakout,8,5.0,600
12,period,6150144,57578,breakout,breakout,9,5.0,600
12,period,6150144,57578,breakout,breakout,10,6.0,600
12,period,6150144,57578,breakout,space_invaders,1,18.0,3142
12,period,6150144,57578,breakout,space_invaders,2,7.0,3142
12,period,6150144,57578,breakout,space_invaders,3,47.0,3142
12,period,6150144,57578,breakout,space_invaders,4,95.0,3142
12,period,6150144,57578,breakout,space_invaders,5,13.0,3142
12,period,6150144,57578,breakout,space_invaders,6,46.0,3142
12,period,6150144,57578,breakout,space_invaders,7,22.0,3142
12,period,6150144,57578,breakout,space_invaders,8,47.0,3142
12,period,6150144,57578,breakout,space_invaders,9,47.0,3142
12,period,6150144,57578,breakout,space_invaders,10,47.0,3142
12,period,6150144,57578,breakout,freeway,1,23.0,25000
12,period,6150144,57578,breakout,freeway,2,32.0,25000
12,period,6150144,57578,breakout,freeway,3,26.0,25000
12,period,6150144,57578,breakout,freeway,4,30.0,25000
12,period,6150144,57578,breakout,freeway,5,29.0,25000
12,period,6150144,57578,breakout,freeway,6,31.0,25000
12,period,6150144,57578,breakout,freeway,7,31.0,25000
12,period,6150144,57578,breakout,freeway,8,25.0,25000
12,period,6150144,57578,breakout,freeway,9,22.0,25000
12,period,6150144,57578,breakout,freeway,10,27.0,25000
12,period,6175232,57997,breakout,breakout,1,1.0,544
12,period,6175232,57997,breakout,breakout,2,5.0,544
12,period,6175232,57997,breakout,breakout,3,5.0,544
12,period,6175232,57997,breakout,breakout,4,4.0,544
12,period,6175232,57997,breakout,breakout,5,6.0,544
12,period,6175232,57997,breakout,breakout,6,6.0,544
12,period,6175232,57997,breakout,breakout,7,6.0,544
12,period,6175232,57997,breakout,breakout,8,6.0,544
12,period,6175232,57997,breakout,breakout,9,5.0,544
12,period,6175232,57997,breakout,breakout,10,1.0,544
12,period,6175232,57997,breakout,space_invaders,1,38.0,2683
12,period,6175232,57997,breakout,space_invaders,2,12.0,2683
12,period,6175232,57997,breakout,space_invaders,3,15.0,2683
12,period,6175232,57997,breakout,space_invaders,4,22.0,2683
12,period,6175232,57997,breakout,space_invaders,5,26.0,2683
12,period,6175232,57997,breakout,space_invaders,6,47.0,2683
12,period,6175232,57997,breakout,space_invaders,7,86.0,2683
12,period,6175232,57997,breakout,space_invaders,8,70.0,2683
12,period,6175232,57997,breakout,space_invaders,9,15.0,2683
12,period,6175232,57997,breakout,space_invaders,10,12.0,2683
12,period,6175232,57997,breakout,freeway,1,27.0,25000
12,period,6175232,57997,breakout,freeway,2,25.0,25000
12,period,6175232,57997,breakout,freeway,3,25.0,25000
12,period,6175232,57997,breakout,freeway,4,34.0,25000
12,period,6175232,57997,breakout,freeway,5,25.0,25000
12,period,6175232,57997,breakout,freeway,6,34.0,25000
12,period,6175232,57997,breakout,freeway,7,24.0,25000
12,period,6175232,57997,breakout,freeway,8,15.0,25000
12,period,6175232,57997,breakout,freeway,9,28.0,25000
12,period,6175232,57997,breakout,freeway,10,21.0,25000
12,period,6200064,58406,breakout,breakout,1,5.0,532
12,period,6200064,58406,breakout,breakout,2,2.0,532
12,period,6200064,58406,breakout,breakout,3,5.0,532
12,period,6200064,58406,breakout,breakout,4,6.0,532
12,period,6200064,58406,breakout,breakout,5,6.0,532
12,period,6200064,58406,breakout,breakout,6,5.0,532
12,period,6200064,58406,breakout,breakout,7,2.0,532
12,period,6200064,58406,breakout,breakout,8,5.0,532
12,period,6200064,58406,breakout,breakout,9,5.0,532
12,period,6200064,58406,breakout,breakout,10,2.0,532
12,period,6200064,58406,breakout,space_invaders,1,47.0,4014
12,period,6200064,58406,breakout,space_invaders,2,50.0,4014
12,period,6200064,58406,breakout,space_invaders,3,47.0,4014
12,period,6200064,58406,breakout,space_invaders,4,23.0,4014
12,period,6200064,58406,breakout,space_invaders,5,23.0,4014
12,period,6200064,58406,breakout,space_invaders,6,67.0,4014
12,period,6200064,58406,breakout,space_invaders,7,21.0,4014
12,period,6200064,58406,breakout,space_invaders,8,23.0,4014
12,period,6200064,58406,breakout,space_invaders,9,90.0,4014
12,period,6200064,58406,breakout,space_invaders,10,119.0,4014
12,period,6200064,58406,breakout,freeway,1,31.0,25000
12,period,6200064,58406,breakout,freeway,2,24.0,25000
12,period,6200064,58406,breakout,freeway,3,32.0,25000
12,period,6200064,58406,breakout,freeway,4,30.0,25000
12,period,6200064,58406,breakout,freeway,5,29.0,25000
12,period,6200064,58406,breakout,freeway,6,29.0,25000
12,period,6200064,58406,breakout,freeway,7,23.0,25000
12,period,6200064,58406,breakout,freeway,8,25.0,25000
12,period,6200064,58406,breakout,freeway,9,27.0,25000
12,period,6200064,58406,breakout,freeway,10,21.0,25000
12,period,6225152,58816,breakout,breakout,1,6.0,576
12,period,6225152,58816,breakout,breakout,2,6.0,576
12,period,6225152,58816,breakout,breakout,3,5.0,576
12,period,6225152,58816,breakout,breakout,4,1.0,576
12,period,6225152,58816,breakout,breakout,5,6.0,576
12,period,6225152,58816,breakout,breakout,6,1.0,576
12,period,6225152,58816,breakout,breakout,7,5.0,576
12,period,6225152,58816,breakout,breakout,8,6.0,576
12,period,6225152,58816,breakout,breakout,9,6.0,576
12,period,6225152,58816,breakout,breakout,10,5.0,576
12,period,6225152,58816,breakout,space_invaders,1,18.0,4850
12,period,6225152,58816,breakout,space_invaders,2,23.0,4850
12,period,6225152,58816,breakout,space_invaders,3,70.0,4850
12,period,6225152,58816,breakout,space_invaders,4,83.0,4850
12,period,6225152,58816,breakout,space_invaders,5,78.0,4850
12,period,6225152,58816,breakout,space_invaders,6,15.0,4850
12,period,6225152,58816,breakout,space_invaders,7,129.0,4850
12,period,6225152,58816,breakout,space_invaders,8,106.0,4850
12,period,6225152,58816,breakout,space_invaders,9,20.0,4850
12,period,6225152,58816,breakout,space_invaders,10,111.0,4850
12,period,6225152,58816,breakout,freeway,1,27.0,25000
12,period,6225152,58816,breakout,freeway,2,29.0,25000
12,period,6225152,58816,breakout,freeway,3,28.0,25000
12,period,6225152,58816,breakout,freeway,4,22.0,25000
12,period,6225152,58816,breakout,freeway,5,35.0,25000
12,period,6225152,58816,breakout,freeway,6,29.0,25000
12,period,6225152,58816,breakout,freeway,7,33.0,25000
12,period,6225152,58816,breakout,freeway,8,38.0,25000
12,period,6225152,58816,breakout,freeway,9,14.0,25000
12,period,6225152,58816,breakout,freeway,10,24.0,25000
12,period,6250240,59224,breakout,breakout,1,5.0,562
12,period,6250240,59224,breakout,breakout,2,5.0,562
12,period,6250240,59224,breakout,breakout,3,6.0,562
12,period,6250240,59224,breakout,breakout,4,6.0,562
12,period,6250240,59224,breakout,breakout,5,6.0,562
12,period,6250240,59224,breakout,breakout,6,1.0,562
12,period,6250240,59224,breakout,breakout,7,5.0,562
12,period,6250240,59224,breakout,breakout,8,5.0,562
12,period,6250240,59224,breakout,breakout,9,2.0,562
12,period,6250240,59224,breakout,breakout,10,5.0,562
12,period,6250240,59224,breakout,space_invaders,1,71.0,2427
12,period,6250240,59224,breakout,space_invaders,2,10.0,2427
12,period,6250240,59224,breakout,space_invaders,3,28.0,2427
12,period,6250240,59224,breakout,space_invaders,4,11.0,2427
12,period,6250240,59224,breakout,space_invaders,5,25.0,2427
12,period,6250240,59224,breakout,space_invaders,6,36.0,2427
12,period,6250240,59224,breakout,space_invaders,7,47.0,2427
12,period,6250240,59224,breakout,space_invaders,8,18.0,2427
12,period,6250240,59224,breakout,space_invaders,9,47.0,2427
12,period,6250240,59224,breakout,space_invaders,10,27.0,2427
12,period,6250240,59224,breakout,freeway,1,23.0,25000
12,period,6250240,59224,breakout,freeway,2,31.0,25000
12,period,6250240,59224,breakout,freeway,3,29.0,25000
12,period,6250240,59224,breakout,freeway,4,33.0,25000
12,period,6250240,59224,breakout,freeway,5,24.0,25000
12,period,6250240,59224,breakout,freeway,6,23.0,25000
12,period,6250240,59224,breakout,freeway,7,20.0,25000
12,period,6250240,59224,breakout,freeway,8,30.0,25000
12,period,6250240,59224,breakout,freeway,9,18.0,25000
12,period,6250240,59224,breakout,freeway,10,32.0,25000
12,period,6275072,59622,breakout,breakout,1,6.0,666
12,period,6275072,59622,breakout,breakout,2,3.0,666
12,period,6275072,59622,breakout,breakout,3,6.0,666
12,period,6275072,59622,breakout,breakout,4,5.0,666
12,period,6275072,59622,breakout,breakout,5,6.0,666
12,period,6275072,59622,breakout,breakout,6,6.0,666
12,period,6275072,59622,breakout,breakout,7,6.0,666
12,period,6275072,59622,breakout,breakout,8,6.0,666
12,period,6275072,59622,breakout,breakout,9,6.0,666
12,period,6275072,59622,breakout,breakout,10,5.0,666
12,period,6275072,59622,breakout,space_invaders,1,16.0,4015
12,period,6275072,59622,breakout,space_invaders,2,95.0,4015
12,period,6275072,59622,breakout,space_invaders,3,47.0,4015
12,period,6275072,59622,breakout,space_invaders,4,98.0,4015
12,period,6275072,59622,breakout,space_invaders,5,22.0,4015
12,period,6275072,59622,breakout,space_invaders,6,46.0,4015
12,period,6275072,59622,breakout,space_invaders,7,60.0,4015
12,period,6275072,59622,breakout,space_invaders,8,3.0,4015
12,period,6275072,59622,breakout,space_invaders,9,115.0,4015
12,period,6275072,59622,breakout,space_invaders,10,23.0,4015
12,period,6275072,59622,breakout,freeway,1,33.0,25000
12,period,6275072,59622,breakout,freeway,2,21.0,25000
12,period,6275072,59622,breakout,freeway,3,21.0,25000
12,period,6275072,59622,breakout,freeway,4,29.0,25000
12,period,6275072,59622,breakout,freeway,5,20.0,25000
12,period,6275072,59622,breakout,freeway,6,32.0,25000
12,period,6275072,59622,breakout,freeway,7,24.0,25000
12,period,6275072,59622,breakout,freeway,8,18.0,25000
12,period,6275072,59622,breakout,freeway,9,25.0,25000
12,period,6275072,59622,breakout,freeway,10,25.0,25000
12,period,6300160,60030,breakout,breakout,1,1.0,556
12,period,6300160,60030,breakout,breakout,2,5.0,556
12,period,6300160,60030,breakout,breakout,3,6.0,556
12,period,6300160,60030,breakout,breakout,4,6.0,556
12,period,6300160,60030,breakout,breakout,5,5.0,556
12,period,6300160,60030,breakout,breakout,6,3.0,556
12,period,6300160,60030,breakout,breakout,7,5.0,556
12,period,6300160,60030,breakout,breakout,8,5.0,556
12,period,6300160,60030,breakout,breakout,9,6.0,556
12,period,6300160,60030,breakout,breakout,10,3.0,556
12,period,6300160,60030,breakout,space_invaders,1,27.0,3505
12,period,6300160,60030,breakout,space_invaders,2,8.0,3505
12,period,6300160,60030,breakout,space_invaders,3,49.0,3505
12,period,6300160,60030,breakout,space_invaders,4,40.0,3505
12,period,6300160,60030,breakout,space_invaders,5,13.0,3505
12,period,6300160,60030,breakout,space_invaders,6,23.0,3505
12,period,6300160,60030,breakout,space_invaders,7,23.0,3505
12,period,6300160,60030,breakout,space_invaders,8,47.0,3505
12,period,6300160,60030,breakout,space_invaders,9,95.0,3505
12,period,6300160,60030,breakout,space_invaders,10,128.0,3505
12,period,6300160,60030,breakout,freeway,1,32.0,25000
12,period,6300160,60030,breakout,freeway,2,29.0,25000
12,period,6300160,60030,breakout,freeway,3,26.0,25000
12,period,6300160,60030,breakout,freeway,4,27.0,25000
12,period,6300160,60030,breakout,freeway,5,31.0,25000
12,period,6300160,60030,breakout,freeway,6,28.0,25000
12,period,6300160,60030,breakout,freeway,7,29.0,25000
12,period,6300160,60030,breakout,freeway,8,29.0,25000
12,period,6300160,60030,breakout,freeway,9,21.0,25000
12,period,6300160,60030,breakout,freeway,10,25.0,25000
12,period,6325248,60443,breakout,breakout,1,5.0,628
12,period,6325248,60443,breakout,breakout,2,3.0,628
12,period,6325248,60443,breakout,breakout,3,6.0,628
12,period,6325248,60443,breakout,breakout,4,6.0,628
12,period,6325248,60443,breakout,breakout,5,5.0,628
12,period,6325248,60443,breakout,breakout,6,5.0,628
12,period,6325248,60443,breakout,breakout,7,5.0,628
12,period,6325248,60443,breakout,breakout,8,6.0,628
12,period,6325248,60443,breakout,breakout,9,5.0,628
12,period,6325248,60443,breakout,breakout,10,6.0,628
12,period,6325248,60443,breakout,space_invaders,1,23.0,3473
12,period,6325248,60443,breakout,space_invaders,2,85.0,3473
12,period,6325248,60443,breakout,space_invaders,3,38.0,3473
12,period,6325248,60443,breakout,space_invaders,4,27.0,3473
12,period,6325248,60443,breakout,space_invaders,5,23.0,3473
12,period,6325248,60443,breakout,space_invaders,6,47.0,3473
12,period,6325248,60443,breakout,space_invaders,7,82.0,3473
12,period,6325248,60443,breakout,space_invaders,8,25.0,3473
12,period,6325248,60443,breakout,space_invaders,9,70.0,3473
12,period,6325248,60443,breakout,space_invaders,10,5.0,3473
12,period,6325248,60443,breakout,freeway,1,26.0,25000
12,period,6325248,60443,breakout,freeway,2,28.0,25000
12,period,6325248,60443,breakout,freeway,3,25.0,25000
12,period,6325248,60443,breakout,freeway,4,25.0,25000
12,period,6325248,60443,breakout,freeway,5,24.0,25000
12,period,6325248,60443,breakout,freeway,6,32.0,25000
12,period,6325248,60443,breakout,freeway,7,24.0,25000
12,period,6325248,60443,breakout,freeway,8,25.0,25000
12,period,6325248,60443,breakout,freeway,9,22.0,25000
12,period,6325248,60443,breakout,freeway,10,24.0,25000
12,period,6350080,60839,breakout,breakout,1,6.0,648
12,period,6350080,60839,breakout,breakout,2,5.0,648
12,period,6350080,60839,breakout,breakout,3,5.0,648
12,period,6350080,60839,breakout,breakout,4,5.0,648
12,period,6350080,60839,breakout,breakout,5,6.0,648
12,period,6350080,60839,breakout,breakout,6,5.0,648
12,period,6350080,60839,breakout,breakout,7,5.0,648
12,period,6350080,60839,breakout,breakout,8,6.0,648
12,period,6350080,60839,breakout,breakout,9,6.0,648
12,period,6350080,60839,breakout,breakout,10,5.0,648
12,period,6350080,60839,breakout,space_invaders,1,45.0,2388
12,period,6350080,60839,breakout,space_invaders,2,47.0,2388
12,period,6350080,60839,breakout,space_invaders,3,23.0,2388
12,period,6350080,60839,breakout,space_invaders,4,47.0,2388
12,period,6350080,60839,breakout,space_invaders,5,6.0,2388
12,period,6350080,60839,breakout,space_invaders,6,9.0,2388
12,period,6350080,60839,breakout,space_invaders,7,43.0,2388
12,period,6350080,60839,breakout,space_invaders,8,47.0,2388
12,period,6350080,60839,breakout,space_invaders,9,27.0,2388
12,period,6350080,60839,breakout,space_invaders,10,3.0,2388
12,period,6350080,60839,breakout,freeway,1,26.0,25000
12,period,6350080,60839,breakout,freeway,2,28.0,25000
12,period,6350080,60839,breakout,freeway,3,24.0,25000
12,period,6350080,60839,breakout,freeway,4,28.0,25000
12,period,6350080,60839,breakout,freeway,5,25.0,25000
12,period,6350080,60839,breakout,freeway,6,25.0,25000
12,period,6350080,60839,breakout,freeway,7,28.0,25000
12,period,6350080,60839,breakout,freeway,8,18.0,25000
12,period,6350080,60839,breakout,freeway,9,24.0,25000
12,period,6350080,60839,breakout,freeway,10,25.0,25000
12,period,6375168,61245,breakout,breakout,1,6.0,662
12,period,6375168,61245,breakout,breakout,2,5.0,662
12,period,6375168,61245,breakout,breakout,3,6.0,662
12,period,6375168,61245,breakout,breakout,4,5.0,662
12,period,6375168,61245,breakout,breakout,5,5.0,662
12,period,6375168,61245,breakout,breakout,6,6.0,662
12,period,6375168,61245,breakout,breakout,7,5.0,662
12,period,6375168,61245,breakout,breakout,8,6.0,662
12,period,6375168,61245,breakout,breakout,9,6.0,662
12,period,6375168,61245,breakout,breakout,10,5.0,662
12,period,6375168,61245,breakout,space_invaders,1,25.0,1617
12,period,6375168,61245,breakout,space_invaders,2,2.0,1617
12,period,6375168,61245,breakout,space_invaders,3,4.0,1617
12,period,6375168,61245,breakout,space_invaders,4,23.0,1617
12,period,6375168,61245,breakout,space_invaders,5,46.0,1617
12,period,6375168,61245,breakout,space_invaders,6,2.0,1617
12,period,6375168,61245,breakout,space_invaders,7,23.0,1617
12,period,6375168,61245,breakout,space_invaders,8,28.0,1617
12,period,6375168,61245,breakout,space_invaders,9,16.0,1617
12,period,6375168,61245,breakout,space_invaders,10,23.0,1617
12,period,6375168,61245,breakout,freeway,1,9.0,25000
12,period,6375168,61245,breakout,freeway,2,27.0,25000
12,period,6375168,61245,breakout,freeway,3,24.0,25000
12,period,6375168,61245,breakout,freeway,4,26.0,25000
12,period,6375168,61245,breakout,freeway,5,5.0,25000
12,period,6375168,61245,breakout,freeway,6,35.0,25000
12,period,6375168,61245,breakout,freeway,7,25.0,25000
12,period,6375168,61245,breakout,freeway,8,29.0,25000
12,period,6375168,61245,breakout,freeway,9,33.0,25000
12,period,6375168,61245,breakout,freeway,10,22.0,25000
12,period,6400000,61647,breakout,breakout,1,3.0,652
12,period,6400000,61647,breakout,breakout,2,6.0,652
12,period,6400000,61647,breakout,breakout,3,6.0,652
12,period,6400000,61647,breakout,breakout,4,5.0,652
12,period,6400000,61647,breakout,breakout,5,6.0,652
12,period,6400000,61647,breakout,breakout,6,6.0,652
12,period,6400000,61647,breakout,breakout,7,5.0,652
12,period,6400000,61647,breakout,breakout,8,6.0,652
12,period,6400000,61647,breakout,breakout,9,6.0,652
12,period,6400000,61647,breakout,breakout,10,6.0,652
12,period,6400000,61647,breakout,space_invaders,1,58.0,3175
12,period,6400000,61647,breakout,space_invaders,2,43.0,3175
12,period,6400000,61647,breakout,space_invaders,3,51.0,3175
12,period,6400000,61647,breakout,space_invaders,4,65.0,3175
12,period,6400000,61647,breakout,space_invaders,5,23.0,3175
12,period,6400000,61647,breakout,space_invaders,6,95.0,3175
12,period,6400000,61647,breakout,space_invaders,7,11.0,3175
12,period,6400000,61647,breakout,space_invaders,8,20.0,3175
12,period,6400000,61647,breakout,space_invaders,9,13.0,3175
12,period,6400000,61647,breakout,space_invaders,10,24.0,3175
12,period,6400000,61647,breakout,freeway,1,22.0,25000
12,period,6400000,61647,breakout,freeway,2,23.0,25000
12,period,6400000,61647,breakout,freeway,3,24.0,25000
12,period,6400000,61647,breakout,freeway,4,24.0,25000
12,period,6400000,61647,breakout,freeway,5,32.0,25000
12,period,6400000,61647,breakout,freeway,6,26.0,25000
12,period,6400000,61647,breakout,freeway,7,29.0,25000
12,period,6400000,61647,breakout,freeway,8,22.0,25000
12,period,6400000,61647,breakout,freeway,9,33.0,25000
12,period,6400000,61647,breakout,freeway,10,29.0,25000
12,period,6425088,62060,breakout,breakout,1,2.0,576
12,period,6425088,62060,breakout,breakout,2,5.0,576
12,period,6425088,62060,breakout,breakout,3,5.0,576
12,period,6425088,62060,breakout,breakout,4,3.0,576
12,period,6425088,62060,breakout,breakout,5,5.0,576
12,period,6425088,62060,breakout,breakout,6,6.0,576
12,period,6425088,62060,breakout,breakout,7,6.0,576
12,period,6425088,62060,breakout,breakout,8,6.0,576
12,period,6425088,62060,breakout,breakout,9,5.0,576
12,period,6425088,62060,breakout,breakout,10,5.0,576
12,period,6425088,62060,breakout,space_invaders,1,47.0,2455
12,period,6425088,62060,breakout,space_invaders,2,28.0,2455
12,period,6425088,62060,breakout,space_invaders,3,23.0,2455
12,period,6425088,62060,breakout,space_invaders,4,6.0,2455
12,period,6425088,62060,breakout,space_invaders,5,28.0,2455
12,period,6425088,62060,breakout,space_invaders,6,69.0,2455
12,period,6425088,62060,breakout,space_invaders,7,12.0,2455
12,period,6425088,62060,breakout,space_invaders,8,47.0,2455
12,period,6425088,62060,breakout,space_invaders,9,35.0,2455
12,period,6425088,62060,breakout,space_invaders,10,13.0,2455
12,period,6425088,62060,breakout,freeway,1,27.0,25000
12,period,6425088,62060,breakout,freeway,2,24.0,25000
12,period,6425088,62060,breakout,freeway,3,19.0,25000
12,period,6425088,62060,breakout,freeway,4,26.0,25000
12,period,6425088,62060,breakout,freeway,5,26.0,25000
12,period,6425088,62060,breakout,freeway,6,25.0,25000
12,period,6425088,62060,breakout,freeway,7,29.0,25000
12,period,6425088,62060,breakout,freeway,8,34.0,25000
12,period,6425088,62060,breakout,freeway,9,24.0,25000
12,period,6425088,62060,breakout,freeway,10,23.0,25000
12,period,6450176,62466,breakout,breakout,1,6.0,634
12,period,6450176,62466,breakout,breakout,2,6.0,634
12,period,6450176,62466,breakout,breakout,3,6.0,634
12,period,6450176,62466,breakout,breakout,4,5.0,634
12,period,6450176,62466,breakout,breakout,5,5.0,634
12,period,6450176,62466,breakout,breakout,6,5.0,634
12,period,6450176,62466,breakout,breakout,7,5.0,634
12,period,6450176,62466,breakout,breakout,8,5.0,634
12,period,6450176,62466,breakout,breakout,9,5.0,634
12,period,6450176,62466,breakout,breakout,10,5.0,634
12,period,6450176,62466,breakout,space_invaders,1,27.0,2445
12,period,6450176,62466,breakout,space_invaders,2,2.0,2445
12,period,6450176,62466,breakout,space_invaders,3,47.0,2445
12,period,6450176,62466,breakout,space_invaders,4,23.0,2445
12,period,6450176,62466,breakout,space_invaders,5,71.0,2445
12,period,6450176,62466,breakout,space_invaders,6,18.0,2445
12,period,6450176,62466,breakout,space_invaders,7,13.0,2445
12,period,6450176,62466,breakout,space_invaders,8,47.0,2445
12,period,6450176,62466,breakout,space_invaders,9,5.0,2445
12,period,6450176,62466,breakout,space_invaders,10,48.0,2445
12,period,6450176,62466,breakout,freeway,1,31.0,25000
12,period,6450176,62466,breakout,freeway,2,31.0,25000
12,period,6450176,62466,breakout,freeway,3,20.0,25000
12,period,6450176,62466,breakout,freeway,4,26.0,25000
12,period,6450176,62466,breakout,freeway,5,19.0,25000
12,period,6450176,62466,breakout,freeway,6,22.0,25000
12,period,6450176,62466,breakout,freeway,7,26.0,25000
12,period,6450176,62466,breakout,freeway,8,28.0,25000
12,period,6450176,62466,breakout,freeway,9,34.0,25000
12,period,6450176,62466,breakout,freeway,10,24.0,25000
12,period,6475008,62868,breakout,breakout,1,5.0,640
12,period,6475008,62868,breakout,breakout,2,5.0,640
12,period,6475008,62868,breakout,breakout,3,6.0,640
12,period,6475008,62868,breakout,breakout,4,6.0,640
12,period,6475008,62868,breakout,breakout,5,6.0,640
12,period,6475008,62868,breakout,breakout,6,3.0,640
12,period,6475008,62868,breakout,breakout,7,7.0,640
12,period,6475008,62868,breakout,breakout,8,5.0,640
12,period,6475008,62868,breakout,breakout,9,5.0,640
12,period,6475008,62868,breakout,breakout,10,6.0,640
12,period,6475008,62868,breakout,space_invaders,1,47.0,2267
12,period,6475008,62868,breakout,space_invaders,2,19.0,2267
12,period,6475008,62868,breakout,space_invaders,3,22.0,2267
12,period,6475008,62868,breakout,space_invaders,4,23.0,2267
12,period,6475008,62868,breakout,space_invaders,5,23.0,2267
12,period,6475008,62868,breakout,space_invaders,6,8.0,2267
12,period,6475008,62868,breakout,space_invaders,7,23.0,2267
12,period,6475008,62868,breakout,space_invaders,8,23.0,2267
12,period,6475008,62868,breakout,space_invaders,9,81.0,2267
12,period,6475008,62868,breakout,space_invaders,10,13.0,2267
12,period,6475008,62868,breakout,freeway,1,27.0,25000
12,period,6475008,62868,breakout,freeway,2,14.0,25000
12,period,6475008,62868,breakout,freeway,3,38.0,25000
12,period,6475008,62868,breakout,freeway,4,30.0,25000
12,period,6475008,62868,breakout,freeway,5,23.0,25000
12,period,6475008,62868,breakout,freeway,6,30.0,25000
12,period,6475008,62868,breakout,freeway,7,28.0,25000
12,period,6475008,62868,breakout,freeway,8,14.0,25000
12,period,6475008,62868,breakout,freeway,9,28.0,25000
12,period,6475008,62868,breakout,freeway,10,26.0,25000
13,boundary,6999552,64398,space_invaders,breakout,1,6.0,612
13,boundary,6999552,64398,space_invaders,breakout,2,6.0,612
13,boundary,6999552,64398,space_invaders,breakout,3,5.0,612
13,boundary,6999552,64398,space_invaders,breakout,4,2.0,612
13,boundary,6999552,64398,space_invaders,breakout,5,6.0,612
13,boundary,6999552,64398,space_invaders,breakout,6,6.0,612
13,boundary,6999552,64398,space_invaders,breakout,7,6.0,612
13,boundary,6999552,64398,space_invaders,breakout,8,5.0,612
13,boundary,6999552,64398,space_invaders,breakout,9,3.0,612
13,boundary,6999552,64398,space_invaders,breakout,10,5.0,612
13,boundary,6999552,64398,space_invaders,space_invaders,1,38.0,3580
13,boundary,6999552,64398,space_invaders,space_invaders,2,39.0,3580
13,boundary,6999552,64398,space_invaders,space_invaders,3,76.0,3580
13,boundary,6999552,64398,space_invaders,space_invaders,4,21.0,3580
13,boundary,6999552,64398,space_invaders,space_invaders,5,71.0,3580
13,boundary,6999552,64398,space_invaders,space_invaders,6,56.0,3580
13,boundary,6999552,64398,space_invaders,space_invaders,7,23.0,3580
13,boundary,6999552,64398,space_invaders,space_invaders,8,29.0,3580
13,boundary,6999552,64398,space_invaders,space_invaders,9,59.0,3580
13,boundary,6999552,64398,space_invaders,space_invaders,10,66.0,3580
13,boundary,6999552,64398,space_invaders,freeway,1,24.0,25000
13,boundary,6999552,64398,space_invaders,freeway,2,15.0,25000
13,boundary,6999552,64398,space_invaders,freeway,3,23.0,25000
13,boundary,6999552,64398,space_invaders,freeway,4,21.0,25000
13,boundary,6999552,64398,space_invaders,freeway,5,19.0,25000
13,boundary,6999552,64398,space_invaders,freeway,6,28.0,25000
13,boundary,6999552,64398,space_invaders,freeway,7,24.0,25000
13,boundary,6999552,64398,space_invaders,freeway,8,8.0,25000
13,boundary,6999552,64398,space_invaders,freeway,9,20.0,25000
13,boundary,6999552,64398,space_invaders,freeway,10,21.0,25000
13,period,6500096,63262,space_invaders,breakout,1,5.0,606
13,period,6500096,63262,space_invaders,breakout,2,5.0,606
13,period,6500096,63262,space_invaders,breakout,3,5.0,606
13,period,6500096,63262,space_invaders,breakout,4,6.0,606
13,period,6500096,63262,space_invaders,breakout,5,6.0,606
13,period,6500096,63262,space_invaders,breakout,6,1.0,606
13,period,6500096,63262,space_invaders,breakout,7,5.0,606
13,period,6500096,63262,space_invaders,breakout,8,6.0,606
13,period,6500096,63262,space_invaders,breakout,9,6.0,606
13,period,6500096,63262,space_invaders,breakout,10,6.0,606
13,period,6500096,63262,space_invaders,space_invaders,1,24.0,2313
13,period,6500096,63262,space_invaders,space_invaders,2,33.0,2313
13,period,6500096,63262,space_invaders,space_invaders,3,25.0,2313
13,period,6500096,63262,space_invaders,space_invaders,4,22.0,2313
13,period,6500096,63262,space_invaders,space_invaders,5,66.0,2313
13,period,6500096,63262,space_invaders,space_invaders,6,25.0,2313
13,period,6500096,63262,space_invaders,space_invaders,7,13.0,2313
13,period,6500096,63262,space_invaders,space_invaders,8,23.0,2313
13,period,6500096,63262,space_invaders,space_invaders,9,22.0,2313
13,period,6500096,63262,space_invaders,space_invaders,10,19.0,2313
13,period,6500096,63262,space_invaders,freeway,1,32.0,25000
13,period,6500096,63262,space_invaders,freeway,2,35.0,25000
13,period,6500096,63262,space_invaders,freeway,3,30.0,25000
13,period,6500096,63262,space_invaders,freeway,4,20.0,25000
13,period,6500096,63262,space_invaders,freeway,5,27.0,25000
13,period,6500096,63262,space_invaders,freeway,6,30.0,25000
13,period,6500096,63262,space_invaders,freeway,7,16.0,25000
13,period,6500096,63262,space_invaders,freeway,8,27.0,25000
13,period,6500096,63262,space_invaders,freeway,9,33.0,25000
13,period,6500096,63262,space_invaders,freeway,10,29.0,25000
13,period,6525184,63361,space_invaders,breakout,1,6.0,662
13,period,6525184,63361,space_invaders,breakout,2,6.0,662
13,period,6525184,63361,space_invaders,breakout,3,6.0,662
13,period,6525184,63361,space_invaders,breakout,4,6.0,662
13,period,6525184,63361,space_invaders,breakout,5,5.0,662
13,period,6525184,63361,space_invaders,breakout,6,6.0,662
13,period,6525184,63361,space_invaders,breakout,7,6.0,662
13,period,6525184,63361,space_invaders,breakout,8,3.0,662
13,period,6525184,63361,space_invaders,breakout,9,6.0,662
13,period,6525184,63361,space_invaders,breakout,10,6.0,662
13,period,6525184,63361,space_invaders,space_invaders,1,20.0,2347
13,period,6525184,63361,space_invaders,space_invaders,2,27.0,2347
13,period,6525184,63361,space_invaders,space_invaders,3,23.0,2347
13,period,6525184,63361,space_invaders,space_invaders,4,27.0,2347
13,period,6525184,63361,space_invaders,space_invaders,5,23.0,2347
13,period,6525184,63361,space_invaders,space_invaders,6,43.0,2347
13,period,6525184,63361,space_invaders,space_invaders,7,28.0,2347
13,period,6525184,63361,space_invaders,space_invaders,8,21.0,2347
13,period,6525184,63361,space_invaders,space_invaders,9,26.0,2347
13,period,6525184,63361,space_invaders,space_invaders,10,26.0,2347
13,period,6525184,63361,space_invaders,freeway,1,18.0,25000
13,period,6525184,63361,space_invaders,freeway,2,20.0,25000
13,period,6525184,63361,space_invaders,freeway,3,27.0,25000
13,period,6525184,63361,space_invaders,freeway,4,14.0,25000
13,period,6525184,63361,space_invaders,freeway,5,19.0,25000
13,period,6525184,63361,space_invaders,freeway,6,25.0,25000
13,period,6525184,63361,space_invaders,freeway,7,29.0,25000
13,period,6525184,63361,space_invaders,freeway,8,25.0,25000
13,period,6525184,63361,space_invaders,freeway,9,28.0,25000
13,period,6525184,63361,space_invaders,freeway,10,29.0,25000
13,period,6550016,63426,space_invaders,breakout,1,6.0,632
13,period,6550016,63426,space_invaders,breakout,2,5.0,632
13,period,6550016,63426,space_invaders,breakout,3,6.0,632
13,period,6550016,63426,space_invaders,breakout,4,6.0,632
13,period,6550016,63426,space_invaders,breakout,5,6.0,632
13,period,6550016,63426,space_invaders,breakout,6,3.0,632
13,period,6550016,63426,space_invaders,breakout,7,6.0,632
13,period,6550016,63426,space_invaders,breakout,8,6.0,632
13,period,6550016,63426,space_invaders,breakout,9,5.0,632
13,period,6550016,63426,space_invaders,breakout,10,3.0,632
13,period,6550016,63426,space_invaders,space_invaders,1,47.0,3779
13,period,6550016,63426,space_invaders,space_invaders,2,93.0,3779
13,period,6550016,63426,space_invaders,space_invaders,3,23.0,3779
13,period,6550016,63426,space_invaders,space_invaders,4,44.0,3779
13,period,6550016,63426,space_invaders,space_invaders,5,23.0,3779
13,period,6550016,63426,space_invaders,space_invaders,6,95.0,3779
13,period,6550016,63426,space_invaders,space_invaders,7,7.0,3779
13,period,6550016,63426,space_invaders,space_invaders,8,23.0,3779
13,period,6550016,63426,space_invaders,space_invaders,9,16.0,3779
13,period,6550016,63426,space_invaders,space_invaders,10,37.0,3779
13,period,6550016,63426,space_invaders,freeway,1,28.0,25000
13,period,6550016,63426,space_invaders,freeway,2,21.0,25000
13,period,6550016,63426,space_invaders,freeway,3,16.0,25000
13,period,6550016,63426,space_invaders,freeway,4,20.0,25000
13,period,6550016,63426,space_invaders,freeway,5,29.0,25000
13,period,6550016,63426,space_invaders,freeway,6,24.0,25000
13,period,6550016,63426,space_invaders,freeway,7,26.0,25000
13,period,6550016,63426,space_invaders,freeway,8,29.0,25000
13,period,6550016,63426,space_invaders,freeway,9,17.0,25000
13,period,6550016,63426,space_invaders,freeway,10,26.0,25000
13,period,6575104,63487,space_invaders,breakout,1,5.0,650
13,period,6575104,63487,space_invaders,breakout,2,5.0,650
13,period,6575104,63487,space_invaders,breakout,3,5.0,650
13,period,6575104,63487,space_invaders,breakout,4,5.0,650
13,period,6575104,63487,space_invaders,breakout,5,5.0,650
13,period,6575104,63487,space_invaders,breakout,6,5.0,650
13,period,6575104,63487,space_invaders,breakout,7,5.0,650
13,period,6575104,63487,space_invaders,breakout,8,6.0,650
13,period,6575104,63487,space_invaders,breakout,9,6.0,650
13,period,6575104,63487,space_invaders,breakout,10,6.0,650
13,period,6575104,63487,space_invaders,space_invaders,1,23.0,4612
13,period,6575104,63487,space_invaders,space_invaders,2,95.0,4612
13,period,6575104,63487,space_invaders,space_invaders,3,4.0,4612
13,period,6575104,63487,space_invaders,space_invaders,4,95.0,4612
13,period,6575104,63487,space_invaders,space_invaders,5,47.0,4612
13,period,6575104,63487,space_invaders,space_invaders,6,97.0,4612
13,period,6575104,63487,space_invaders,space_invaders,7,26.0,4612
13,period,6575104,63487,space_invaders,space_invaders,8,82.0,4612
13,period,6575104,63487,space_invaders,space_invaders,9,71.0,4612
13,period,6575104,63487,space_invaders,space_invaders,10,23.0,4612
13,period,6575104,63487,space_invaders,freeway,1,25.0,25000
13,period,6575104,63487,space_invaders,freeway,2,16.0,25000
13,period,6575104,63487,space_invaders,freeway,3,25.0,25000
13,period,6575104,63487,space_invaders,freeway,4,20.0,25000
13,period,6575104,63487,space_invaders,freeway,5,26.0,25000
13,period,6575104,63487,space_invaders,freeway,6,26.0,25000
13,period,6575104,63487,space_invaders,freeway,7,26.0,25000
13,period,6575104,63487,space_invaders,freeway,8,23.0,25000
13,period,6575104,63487,space_invaders,freeway,9,23.0,25000
13,period,6575104,63487,space_invaders,freeway,10,29.0,25000
13,period,6600192,63543,space_invaders,breakout,1,6.0,650
13,period,6600192,63543,space_invaders,breakout,2,5.0,650
13,period,6600192,63543,space_invaders,breakout,3,5.0,650
13,period,6600192,63543,space_invaders,breakout,4,6.0,650
13,period,6600192,63543,space_invaders,breakout,5,5.0,650
13,period,6600192,63543,space_invaders,breakout,6,5.0,650
13,period,6600192,63543,space_invaders,breakout,7,5.0,650
13,period,6600192,63543,space_invaders,breakout,8,6.0,650
13,period,6600192,63543,space_invaders,breakout,9,5.0,650
13,period,6600192,63543,space_invaders,breakout,10,5.0,650
13,period,6600192,63543,space_invaders,space_invaders,1,29.0,3450
13,period,6600192,63543,space_invaders,space_invaders,2,47.0,3450
13,period,6600192,63543,space_invaders,space_invaders,3,47.0,3450
13,period,6600192,63543,space_invaders,space_invaders,4,27.0,3450
13,period,6600192,63543,space_invaders,space_invaders,5,41.0,3450
13,period,6600192,63543,space_invaders,space_invaders,6,98.0,3450
13,period,6600192,63543,space_invaders,space_invaders,7,15.0,3450
13,period,6600192,63543,space_invaders,space_invaders,8,23.0,3450
13,period,6600192,63543,space_invaders,space_invaders,9,71.0,3450
13,period,6600192,63543,space_invaders,space_invaders,10,25.0,3450
13,period,6600192,63543,space_invaders,freeway,1,21.0,25000
13,period,6600192,63543,space_invaders,freeway,2,17.0,25000
13,period,6600192,63543,space_invaders,freeway,3,10.0,25000
13,period,6600192,63543,space_invaders,freeway,4,17.0,25000
13,period,6600192,63543,space_invaders,freeway,5,19.0,25000
13,period,6600192,63543,space_invaders,freeway,6,17.0,25000
13,period,6600192,63543,space_invaders,freeway,7,19.0,25000
13,period,6600192,63543,space_invaders,freeway,8,19.0,25000
13,period,6600192,63543,space_invaders,freeway,9,25.0,25000
13,period,6600192,63543,space_invaders,freeway,10,28.0,25000
13,period,6625024,63608,space_invaders,breakout,1,6.0,654
13,period,6625024,63608,space_invaders,breakout,2,5.0,654
13,period,6625024,63608,space_invaders,breakout,3,5.0,654
13,period,6625024,63608,space_invaders,breakout,4,6.0,654
13,period,6625024,63608,space_invaders,breakout,5,5.0,654
13,period,6625024,63608,space_invaders,breakout,6,6.0,654
13,period,6625024,63608,space_invaders,breakout,7,6.0,654
13,period,6625024,63608,space_invaders,breakout,8,6.0,654
13,period,6625024,63608,space_invaders,breakout,9,3.0,654
13,period,6625024,63608,space_invaders,breakout,10,6.0,654
13,period,6625024,63608,space_invaders,space_invaders,1,142.0,5975
13,period,6625024,63608,space_invaders,space_invaders,2,143.0,5975
13,period,6625024,63608,space_invaders,space_invaders,3,9.0,5975
13,period,6625024,63608,space_invaders,space_invaders,4,22.0,5975
13,period,6625024,63608,space_invaders,space_invaders,5,71.0,5975
13,period,6625024,63608,space_invaders,space_invaders,6,23.0,5975
13,period,6625024,63608,space_invaders,space_invaders,7,71.0,5975
13,period,6625024,63608,space_invaders,space_invaders,8,47.0,5975
13,period,6625024,63608,space_invaders,space_invaders,9,92.0,5975
13,period,6625024,63608,space_invaders,space_invaders,10,119.0,5975
13,period,6625024,63608,space_invaders,freeway,1,11.0,25000
13,period,6625024,63608,space_invaders,freeway,2,17.0,25000
13,period,6625024,63608,space_invaders,freeway,3,18.0,25000
13,period,6625024,63608,space_invaders,freeway,4,16.0,25000
13,period,6625024,63608,space_invaders,freeway,5,10.0,25000
13,period,6625024,63608,space_invaders,freeway,6,21.0,25000
13,period,6625024,63608,space_invaders,freeway,7,16.0,25000
13,period,6625024,63608,space_invaders,freeway,8,7.0,25000
13,period,6625024,63608,space_invaders,freeway,9,25.0,25000
13,period,6625024,63608,space_invaders,freeway,10,22.0,25000
13,period,6650112,63663,space_invaders,breakout,1,5.0,632
13,period,6650112,63663,space_invaders,breakout,2,6.0,632
13,period,6650112,63663,space_invaders,breakout,3,5.0,632
13,period,6650112,63663,space_invaders,breakout,4,5.0,632
13,period,6650112,63663,space_invaders,breakout,5,6.0,632
13,period,6650112,63663,space_invaders,breakout,6,5.0,632
13,period,6650112,63663,space_invaders,breakout,7,6.0,632
13,period,6650112,63663,space_invaders,breakout,8,5.0,632
13,period,6650112,63663,space_invaders,breakout,9,6.0,632
13,period,6650112,63663,space_invaders,breakout,10,3.0,632
13,period,6650112,63663,space_invaders,space_invaders,1,101.0,4908
13,period,6650112,63663,space_invaders,space_invaders,2,23.0,4908
13,period,6650112,63663,space_invaders,space_invaders,3,23.0,4908
13,period,6650112,63663,space_invaders,space_invaders,4,23.0,4908
13,period,6650112,63663,space_invaders,space_invaders,5,25.0,4908
13,period,6650112,63663,space_invaders,space_invaders,6,71.0,4908
13,period,6650112,63663,space_invaders,space_invaders,7,114.0,4908
13,period,6650112,63663,space_invaders,space_invaders,8,142.0,4908
13,period,6650112,63663,space_invaders,space_invaders,9,26.0,4908
13,period,6650112,63663,space_invaders,space_invaders,10,66.0,4908
13,period,6650112,63663,space_invaders,freeway,1,12.0,25000
13,period,6650112,63663,space_invaders,freeway,2,14.0,25000
13,period,6650112,63663,space_invaders,freeway,3,14.0,25000
13,period,6650112,63663,space_invaders,freeway,4,19.0,25000
13,period,6650112,63663,space_invaders,freeway,5,25.0,25000
13,period,6650112,63663,space_invaders,freeway,6,14.0,25000
13,period,6650112,63663,space_invaders,freeway,7,14.0,25000
13,period,6650112,63663,space_invaders,freeway,8,25.0,25000
13,period,6650112,63663,space_invaders,freeway,9,21.0,25000
13,period,6650112,63663,space_invaders,freeway,10,15.0,25000
13,period,6675200,63718,space_invaders,breakout,1,1.0,580
13,period,6675200,63718,space_invaders,breakout,2,5.0,580
13,period,6675200,63718,space_invaders,breakout,3,5.0,580
13,period,6675200,63718,space_invaders,breakout,4,5.0,580
13,period,6675200,63718,space_invaders,breakout,5,5.0,580
13,period,6675200,63718,space_invaders,breakout,6,6.0,580
13,period,6675200,63718,space_invaders,breakout,7,5.0,580
13,period,6675200,63718,space_invaders,breakout,8,5.0,580
13,period,6675200,63718,space_invaders,breakout,9,5.0,580
13,period,6675200,63718,space_invaders,breakout,10,5.0,580
13,period,6675200,63718,space_invaders,space_invaders,1,119.0,7140
13,period,6675200,63718,space_invaders,space_invaders,2,47.0,7140
13,period,6675200,63718,space_invaders,space_invaders,3,71.0,7140
13,period,6675200,63718,space_invaders,space_invaders,4,143.0,7140
13,period,6675200,63718,space_invaders,space_invaders,5,47.0,7140
13,period,6675200,63718,space_invaders,space_invaders,6,70.0,7140
13,period,6675200,63718,space_invaders,space_invaders,7,74.0,7140
13,period,6675200,63718,space_invaders,space_invaders,8,121.0,7140
13,period,6675200,63718,space_invaders,space_invaders,9,71.0,7140
13,period,6675200,63718,space_invaders,space_invaders,10,111.0,7140
13,period,6675200,63718,space_invaders,freeway,1,18.0,25000
13,period,6675200,63718,space_invaders,freeway,2,16.0,25000
13,period,6675200,63718,space_invaders,freeway,3,17.0,25000
13,period,6675200,63718,space_invaders,freeway,4,16.0,25000
13,period,6675200,63718,space_invaders,freeway,5,26.0,25000
13,period,6675200,63718,space_invaders,freeway,6,14.0,25000
13,period,6675200,63718,space_invaders,freeway,7,20.0,25000
13,period,6675200,63718,space_invaders,freeway,8,23.0,25000
13,period,6675200,63718,space_invaders,freeway,9,14.0,25000
13,period,6675200,63718,space_invaders,freeway,10,21.0,25000
13,period,6700032,63766,space_invaders,breakout,1,6.0,634
13,period,6700032,63766,space_invaders,breakout,2,5.0,634
13,period,6700032,63766,space_invaders,breakout,3,3.0,634
13,period,6700032,63766,space_invaders,breakout,4,5.0,634
13,period,6700032,63766,space_invaders,breakout,5,5.0,634
13,period,6700032,63766,space_invaders,breakout,6,5.0,634
13,period,6700032,63766,space_invaders,breakout,7,5.0,634
13,period,6700032,63766,space_invaders,breakout,8,6.0,634
13,period,6700032,63766,space_invaders,breakout,9,6.0,634
13,period,6700032,63766,space_invaders,breakout,10,6.0,634
13,period,6700032,63766,space_invaders,space_invaders,1,3.0,4162
13,period,6700032,63766,space_invaders,space_invaders,2,2.0,4162
13,period,6700032,63766,space_invaders,space_invaders,3,69.0,4162
13,period,6700032,63766,space_invaders,space_invaders,4,68.0,4162
13,period,6700032,63766,space_invaders,space_invaders,5,191.0,4162
13,period,6700032,63766,space_invaders,space_invaders,6,18.0,4162
13,period,6700032,63766,space_invaders,space_invaders,7,41.0,4162
13,period,6700032,63766,space_invaders,space_invaders,8,71.0,4162
13,period,6700032,63766,space_invaders,space_invaders,9,27.0,4162
13,period,6700032,63766,space_invaders,space_invaders,10,47.0,4162
13,period,6700032,63766,space_invaders,freeway,1,22.0,25000
13,period,6700032,63766,space_invaders,freeway,2,25.0,25000
13,period,6700032,63766,space_invaders,freeway,3,22.0,25000
13,period,6700032,63766,space_invaders,freeway,4,15.0,25000
13,period,6700032,63766,space_invaders,freeway,5,23.0,25000
13,period,6700032,63766,space_invaders,freeway,6,19.0,25000
13,period,6700032,63766,space_invaders,freeway,7,19.0,25000
13,period,6700032,63766,space_invaders,freeway,8,19.0,25000
13,period,6700032,63766,space_invaders,freeway,9,21.0,25000
13,period,6700032,63766,space_invaders,freeway,10,20.0,25000
13,period,6725120,63817,space_invaders,breakout,1,6.0,670
13,period,6725120,63817,space_invaders,breakout,2,6.0,670
13,period,6725120,63817,space_invaders,breakout,3,5.0,670
13,period,6725120,63817,space_invaders,breakout,4,5.0,670
13,period,6725120,63817,space_invaders,breakout,5,5.0,670
13,period,6725120,63817,space_invaders,breakout,6,5.0,670
13,period,6725120,63817,space_invaders,breakout,7,6.0,670
13,period,6725120,63817,space_invaders,breakout,8,6.0,670
13,period,6725120,63817,space_invaders,breakout,9,6.0,670
13,period,6725120,63817,space_invaders,breakout,10,5.0,670
13,period,6725120,63817,space_invaders,space_invaders,1,3.0,7442
13,period,6725120,63817,space_invaders,space_invaders,2,117.0,7442
13,period,6725120,63817,space_invaders,space_invaders,3,167.0,7442
13,period,6725120,63817,space_invaders,space_invaders,4,106.0,7442
13,period,6725120,63817,space_invaders,space_invaders,5,23.0,7442
13,period,6725120,63817,space_invaders,space_invaders,6,117.0,7442
13,period,6725120,63817,space_invaders,space_invaders,7,71.0,7442
13,period,6725120,63817,space_invaders,space_invaders,8,47.0,7442
13,period,6725120,63817,space_invaders,space_invaders,9,160.0,7442
13,period,6725120,63817,space_invaders,space_invaders,10,132.0,7442
13,period,6725120,63817,space_invaders,freeway,1,9.0,25000
13,period,6725120,63817,space_invaders,freeway,2,22.0,25000
13,period,6725120,63817,space_invaders,freeway,3,17.0,25000
13,period,6725120,63817,space_invaders,freeway,4,19.0,25000
13,period,6725120,63817,space_invaders,freeway,5,26.0,25000
13,period,6725120,63817,space_invaders,freeway,6,17.0,25000
13,period,6725120,63817,space_invaders,freeway,7,22.0,25000
13,period,6725120,63817,space_invaders,freeway,8,20.0,25000
13,period,6725120,63817,space_invaders,freeway,9,17.0,25000
13,period,6725120,63817,space_invaders,freeway,10,31.0,25000
13,period,6750208,63879,space_invaders,breakout,1,6.0,658
13,period,6750208,63879,space_invaders,breakout,2,5.0,658
13,period,6750208,63879,space_invaders,breakout,3,5.0,658
13,period,6750208,63879,space_invaders,breakout,4,6.0,658
13,period,6750208,63879,space_invaders,breakout,5,6.0,658
13,period,6750208,63879,space_invaders,breakout,6,5.0,658
13,period,6750208,63879,space_invaders,breakout,7,5.0,658
13,period,6750208,63879,space_invaders,breakout,8,5.0,658
13,period,6750208,63879,space_invaders,breakout,9,6.0,658
13,period,6750208,63879,space_invaders,breakout,10,6.0,658
13,period,6750208,63879,space_invaders,space_invaders,1,30.0,2467
13,period,6750208,63879,space_invaders,space_invaders,2,55.0,2467
13,period,6750208,63879,space_invaders,space_invaders,3,3.0,2467
13,period,6750208,63879,space_invaders,space_invaders,4,22.0,2467
13,period,6750208,63879,space_invaders,space_invaders,5,4.0,2467
13,period,6750208,63879,space_invaders,space_invaders,6,25.0,2467
13,period,6750208,63879,space_invaders,space_invaders,7,73.0,2467
13,period,6750208,63879,space_invaders,space_invaders,8,23.0,2467
13,period,6750208,63879,space_invaders,space_invaders,9,39.0,2467
13,period,6750208,63879,space_invaders,space_invaders,10,23.0,2467
13,period,6750208,63879,space_invaders,freeway,1,22.0,25000
13,period,6750208,63879,space_invaders,freeway,2,22.0,25000
13,period,6750208,63879,space_invaders,freeway,3,22.0,25000
13,period,6750208,63879,space_invaders,freeway,4,22.0,25000
13,period,6750208,63879,space_invaders,freeway,5,28.0,25000
13,period,6750208,63879,space_invaders,freeway,6,23.0,25000
13,period,6750208,63879,space_invaders,freeway,7,24.0,25000
13,period,6750208,63879,space_invaders,freeway,8,25.0,25000
13,period,6750208,63879,space_invaders,freeway,9,25.0,25000
13,period,6750208,63879,space_invaders,freeway,10,22.0,25000
13,period,6775040,63935,space_invaders,breakout,1,5.0,606
13,period,6775040,63935,space_invaders,breakout,2,5.0,606
13,period,6775040,63935,space_invaders,breakout,3,5.0,606
13,period,6775040,63935,space_invaders,breakout,4,5.0,606
13,period,6775040,63935,space_invaders,breakout,5,6.0,606
13,period,6775040,63935,space_invaders,breakout,6,5.0,606
13,period,6775040,63935,space_invaders,breakout,7,5.0,606
13,period,6775040,63935,space_invaders,breakout,8,5.0,606
13,period,6775040,63935,space_invaders,breakout,9,5.0,606
13,period,6775040,63935,space_invaders,breakout,10,3.0,606
13,period,6775040,63935,space_invaders,space_invaders,1,95.0,8010
13,period,6775040,63935,space_invaders,space_invaders,2,21.0,8010
13,period,6775040,63935,space_invaders,space_invaders,3,94.0,8010
13,period,6775040,63935,space_invaders,space_invaders,4,167.0,8010
13,period,6775040,63935,space_invaders,space_invaders,5,157.0,8010
13,period,6775040,63935,space_invaders,space_invaders,6,23.0,8010
13,period,6775040,63935,space_invaders,space_invaders,7,91.0,8010
13,period,6775040,63935,space_invaders,space_invaders,8,190.0,8010
13,period,6775040,63935,space_invaders,space_invaders,9,95.0,8010
13,period,6775040,63935,space_invaders,space_invaders,10,47.0,8010
13,period,6775040,63935,space_invaders,freeway,1,24.0,25000
13,period,6775040,63935,space_invaders,freeway,2,20.0,25000
13,period,6775040,63935,space_invaders,freeway,3,25.0,25000
13,period,6775040,63935,space_invaders,freeway,4,26.0,25000
13,period,6775040,63935,space_invaders,freeway,5,25.0,25000
13,period,6775040,63935,space_invaders,freeway,6,26.0,25000
13,period,6775040,63935,space_invaders,freeway,7,20.0,25000
13,period,6775040,63935,space_invaders,freeway,8,16.0,25000
13,period,6775040,63935,space_invaders,freeway,9,23.0,25000
13,period,6775040,63935,space_invaders,freeway,10,26.0,25000
13,period,6800128,63993,space_invaders,breakout,1,3.0,636
13,period,6800128,63993,space_invaders,breakout,2,6.0,636
13,period,6800128,63993,space_invaders,breakout,3,5.0,636
13,period,6800128,63993,space_invaders,breakout,4,6.0,636
13,period,6800128,63993,space_invaders,breakout,5,6.0,636
13,period,6800128,63993,space_invaders,breakout,6,5.0,636
13,period,6800128,63993,space_invaders,breakout,7,5.0,636
13,period,6800128,63993,space_invaders,breakout,8,5.0,636
13,period,6800128,63993,space_invaders,breakout,9,6.0,636
13,period,6800128,63993,space_invaders,breakout,10,5.0,636
13,period,6800128,63993,space_invaders,space_invaders,1,23.0,5408
13,period,6800128,63993,space_invaders,space_invaders,2,94.0,5408
13,period,6800128,63993,space_invaders,space_invaders,3,47.0,5408
13,period,6800128,63993,space_invaders,space_invaders,4,68.0,5408
13,period,6800128,63993,space_invaders,space_invaders,5,83.0,5408
13,period,6800128,63993,space_invaders,space_invaders,6,71.0,5408
13,period,6800128,63993,space_invaders,space_invaders,7,118.0,5408
13,period,6800128,63993,space_invaders,space_invaders,8,47.0,5408
13,period,6800128,63993,space_invaders,space_invaders,9,50.0,5408
13,period,6800128,63993,space_invaders,space_invaders,10,47.0,5408
13,period,6800128,63993,space_invaders,freeway,1,24.0,25000
13,period,6800128,63993,space_invaders,freeway,2,24.0,25000
13,period,6800128,63993,space_invaders,freeway,3,20.0,25000
13,period,6800128,63993,space_invaders,freeway,4,20.0,25000
13,period,6800128,63993,space_invaders,freeway,5,20.0,25000
13,period,6800128,63993,space_invaders,freeway,6,21.0,25000
13,period,6800128,63993,space_invaders,freeway,7,22.0,25000
13,period,6800128,63993,space_invaders,freeway,8,27.0,25000
13,period,6800128,63993,space_invaders,freeway,9,28.0,25000
13,period,6800128,63993,space_invaders,freeway,10,21.0,25000
13,period,6825216,64041,space_invaders,breakout,1,5.0,660
13,period,6825216,64041,space_invaders,breakout,2,5.0,660
13,period,6825216,64041,space_invaders,breakout,3,6.0,660
13,period,6825216,64041,space_invaders,breakout,4,6.0,660
13,period,6825216,64041,space_invaders,breakout,5,5.0,660
13,period,6825216,64041,space_invaders,breakout,6,5.0,660
13,period,6825216,64041,space_invaders,breakout,7,5.0,660
13,period,6825216,64041,space_invaders,breakout,8,6.0,660
13,period,6825216,64041,space_invaders,breakout,9,6.0,660
13,period,6825216,64041,space_invaders,breakout,10,5.0,660
13,period,6825216,64041,space_invaders,space_invaders,1,50.0,4607
13,period,6825216,64041,space_invaders,space_invaders,2,5.0,4607
13,period,6825216,64041,space_invaders,space_invaders,3,163.0,4607
13,period,6825216,64041,space_invaders,space_invaders,4,46.0,4607
13,period,6825216,64041,space_invaders,space_invaders,5,23.0,4607
13,period,6825216,64041,space_invaders,space_invaders,6,5.0,4607
13,period,6825216,64041,space_invaders,space_invaders,7,47.0,4607
13,period,6825216,64041,space_invaders,space_invaders,8,46.0,4607
13,period,6825216,64041,space_invaders,space_invaders,9,23.0,4607
13,period,6825216,64041,space_invaders,space_invaders,10,165.0,4607
13,period,6825216,64041,space_invaders,freeway,1,22.0,25000
13,period,6825216,64041,space_invaders,freeway,2,22.0,25000
13,period,6825216,64041,space_invaders,freeway,3,16.0,25000
13,period,6825216,64041,space_invaders,freeway,4,24.0,25000
13,period,6825216,64041,space_invaders,freeway,5,22.0,25000
13,period,6825216,64041,space_invaders,freeway,6,23.0,25000
13,period,6825216,64041,space_invaders,freeway,7,18.0,25000
13,period,6825216,64041,space_invaders,freeway,8,13.0,25000
13,period,6825216,64041,space_invaders,freeway,9,21.0,25000
13,period,6825216,64041,space_invaders,freeway,10,19.0,25000
13,period,6850048,64091,space_invaders,breakout,1,6.0,508
13,period,6850048,64091,space_invaders,breakout,2,1.0,508
13,period,6850048,64091,space_invaders,breakout,3,6.0,508
13,period,6850048,64091,space_invaders,breakout,4,3.0,508
13,period,6850048,64091,space_invaders,breakout,5,3.0,508
13,period,6850048,64091,space_invaders,breakout,6,3.0,508
13,period,6850048,64091,space_invaders,breakout,7,5.0,508
13,period,6850048,64091,space_invaders,breakout,8,6.0,508
13,period,6850048,64091,space_invaders,breakout,9,3.0,508
13,period,6850048,64091,space_invaders,breakout,10,5.0,508
13,period,6850048,64091,space_invaders,space_invaders,1,142.0,6545
13,period,6850048,64091,space_invaders,space_invaders,2,167.0,6545
13,period,6850048,64091,space_invaders,space_invaders,3,119.0,6545
13,period,6850048,64091,space_invaders,space_invaders,4,47.0,6545
13,period,6850048,64091,space_invaders,space_invaders,5,95.0,6545
13,period,6850048,64091,space_invaders,space_invaders,6,74.0,6545
13,period,6850048,64091,space_invaders,space_invaders,7,50.0,6545
13,period,6850048,64091,space_invaders,space_invaders,8,3.0,6545
13,period,6850048,64091,space_invaders,space_invaders,9,30.0,6545
13,period,6850048,64091,space_invaders,space_invaders,10,95.0,6545
13,period,6850048,64091,space_invaders,freeway,1,25.0,25000
13,period,6850048,64091,space_invaders,freeway,2,21.0,25000
13,period,6850048,64091,space_invaders,freeway,3,18.0,25000
13,period,6850048,64091,space_invaders,freeway,4,28.0,25000
13,period,6850048,64091,space_invaders,freeway,5,28.0,25000
13,period,6850048,64091,space_invaders,freeway,6,22.0,25000
13,period,6850048,64091,space_invaders,freeway,7,22.0,25000
13,period,6850048,64091,space_invaders,freeway,8,27.0,25000
13,period,6850048,64091,space_invaders,freeway,9,13.0,25000
13,period,6850048,64091,space_invaders,freeway,10,20.0,25000
13,period,6875136,64139,space_invaders,breakout,1,3.0,482
13,period,6875136,64139,space_invaders,breakout,2,3.0,482
13,period,6875136,64139,space_invaders,breakout,3,6.0,482
13,period,6875136,64139,space_invaders,breakout,4,3.0,482
13,period,6875136,64139,space_invaders,breakout,5,3.0,482
13,period,6875136,64139,space_invaders,breakout,6,3.0,482
13,period,6875136,64139,space_invaders,breakout,7,3.0,482
13,period,6875136,64139,space_invaders,breakout,8,6.0,482
13,period,6875136,64139,space_invaders,breakout,9,3.0,482
13,period,6875136,64139,space_invaders,breakout,10,6.0,482
13,period,6875136,64139,space_invaders,space_invaders,1,71.0,6092
13,period,6875136,64139,space_invaders,space_invaders,2,50.0,6092
13,period,6875136,64139,space_invaders,space_invaders,3,71.0,6092
13,period,6875136,64139,space_invaders,space_invaders,4,119.0,6092
13,period,6875136,64139,space_invaders,space_invaders,5,46.0,6092
13,period,6875136,64139,space_invaders,space_invaders,6,26.0,6092
13,period,6875136,64139,space_invaders,space_invaders,7,116.0,6092
13,period,6875136,64139,space_invaders,space_invaders,8,95.0,6092
13,period,6875136,64139,space_invaders,space_invaders,9,81.0,6092
13,period,6875136,64139,space_invaders,space_invaders,10,45.0,6092
13,period,6875136,64139,space_invaders,freeway,1,21.0,25000
13,period,6875136,64139,space_invaders,freeway,2,23.0,25000
13,period,6875136,64139,space_invaders,freeway,3,26.0,25000
13,period,6875136,64139,space_invaders,freeway,4,16.0,25000
13,period,6875136,64139,space_invaders,freeway,5,33.0,25000
13,period,6875136,64139,space_invaders,freeway,6,25.0,25000
13,period,6875136,64139,space_invaders,freeway,7,32.0,25000
13,period,6875136,64139,space_invaders,freeway,8,21.0,25000
13,period,6875136,64139,space_invaders,freeway,9,22.0,25000
13,period,6875136,64139,space_invaders,freeway,10,25.0,25000
13,period,6900224,64188,space_invaders,breakout,1,3.0,554
13,period,6900224,64188,space_invaders,breakout,2,6.0,554
13,period,6900224,64188,space_invaders,breakout,3,5.0,554
13,period,6900224,64188,space_invaders,breakout,4,3.0,554
13,period,6900224,64188,space_invaders,breakout,5,3.0,554
13,period,6900224,64188,space_invaders,breakout,6,6.0,554
13,period,6900224,64188,space_invaders,breakout,7,5.0,554
13,period,6900224,64188,space_invaders,breakout,8,3.0,554
13,period,6900224,64188,space_invaders,breakout,9,5.0,554
13,period,6900224,64188,space_invaders,breakout,10,6.0,554
13,period,6900224,64188,space_invaders,space_invaders,1,71.0,5795
13,period,6900224,64188,space_invaders,space_invaders,2,95.0,5795
13,period,6900224,64188,space_invaders,space_invaders,3,117.0,5795
13,period,6900224,64188,space_invaders,space_invaders,4,45.0,5795
13,period,6900224,64188,space_invaders,space_invaders,5,47.0,5795
13,period,6900224,64188,space_invaders,space_invaders,6,23.0,5795
13,period,6900224,64188,space_invaders,space_invaders,7,47.0,5795
13,period,6900224,64188,space_invaders,space_invaders,8,95.0,5795
13,period,6900224,64188,space_invaders,space_invaders,9,27.0,5795
13,period,6900224,64188,space_invaders,space_invaders,10,94.0,5795
13,period,6900224,64188,space_invaders,freeway,1,22.0,25000
13,period,6900224,64188,space_invaders,freeway,2,32.0,25000
13,period,6900224,64188,space_invaders,freeway,3,27.0,25000
13,period,6900224,64188,space_invaders,freeway,4,26.0,25000
13,period,6900224,64188,space_invaders,freeway,5,22.0,25000
13,period,6900224,64188,space_invaders,freeway,6,28.0,25000
13,period,6900224,64188,space_invaders,freeway,7,14.0,25000
13,period,6900224,64188,space_invaders,freeway,8,15.0,25000
13,period,6900224,64188,space_invaders,freeway,9,12.0,25000
13,period,6900224,64188,space_invaders,freeway,10,22.0,25000
13,period,6925056,64244,space_invaders,breakout,1,6.0,680
13,period,6925056,64244,space_invaders,breakout,2,6.0,680
13,period,6925056,64244,space_invaders,breakout,3,5.0,680
13,period,6925056,64244,space_invaders,breakout,4,5.0,680
13,period,6925056,64244,space_invaders,breakout,5,6.0,680
13,period,6925056,64244,space_invaders,breakout,6,5.0,680
13,period,6925056,64244,space_invaders,breakout,7,6.0,680
13,period,6925056,64244,space_invaders,breakout,8,5.0,680
13,period,6925056,64244,space_invaders,breakout,9,6.0,680
13,period,6925056,64244,space_invaders,breakout,10,6.0,680
13,period,6925056,64244,space_invaders,space_invaders,1,42.0,3917
13,period,6925056,64244,space_invaders,space_invaders,2,86.0,3917
13,period,6925056,64244,space_invaders,space_invaders,3,37.0,3917
13,period,6925056,64244,space_invaders,space_invaders,4,11.0,3917
13,period,6925056,64244,space_invaders,space_invaders,5,23.0,3917
13,period,6925056,64244,space_invaders,space_invaders,6,119.0,3917
13,period,6925056,64244,space_invaders,space_invaders,7,12.0,3917
13,period,6925056,64244,space_invaders,space_invaders,8,119.0,3917
13,period,6925056,64244,space_invaders,space_invaders,9,42.0,3917
13,period,6925056,64244,space_invaders,space_invaders,10,16.0,3917
13,period,6925056,64244,space_invaders,freeway,1,20.0,25000
13,period,6925056,64244,space_invaders,freeway,2,22.0,25000
13,period,6925056,64244,space_invaders,freeway,3,30.0,25000
13,period,6925056,64244,space_invaders,freeway,4,25.0,25000
13,period,6925056,64244,space_invaders,freeway,5,24.0,25000
13,period,6925056,64244,space_invaders,freeway,6,15.0,25000
13,period,6925056,64244,space_invaders,freeway,7,33.0,25000
13,period,6925056,64244,space_invaders,freeway,8,25.0,25000
13,period,6925056,64244,space_invaders,freeway,9,27.0,25000
13,period,6925056,64244,space_invaders,freeway,10,33.0,25000
13,period,6950144,64292,space_invaders,breakout,1,3.0,424
13,period,6950144,64292,space_invaders,breakout,2,3.0,424
13,period,6950144,64292,space_invaders,breakout,3,3.0,424
13,period,6950144,64292,space_invaders,breakout,4,3.0,424
13,period,6950144,64292,space_invaders,breakout,5,2.0,424
13,period,6950144,64292,space_invaders,breakout,6,2.0,424
13,period,6950144,64292,space_invaders,breakout,7,3.0,424
13,period,6950144,64292,space_invaders,breakout,8,6.0,424
13,period,6950144,64292,space_invaders,breakout,9,3.0,424
13,period,6950144,64292,space_invaders,breakout,10,6.0,424
13,period,6950144,64292,space_invaders,space_invaders,1,95.0,7892
13,period,6950144,64292,space_invaders,space_invaders,2,9.0,7892
13,period,6950144,64292,space_invaders,space_invaders,3,95.0,7892
13,period,6950144,64292,space_invaders,space_invaders,4,190.0,7892
13,period,6950144,64292,space_invaders,space_invaders,5,169.0,7892
13,period,6950144,64292,space_invaders,space_invaders,6,95.0,7892
13,period,6950144,64292,space_invaders,space_invaders,7,47.0,7892
13,period,6950144,64292,space_invaders,space_invaders,8,91.0,7892
13,period,6950144,64292,space_invaders,space_invaders,9,87.0,7892
13,period,6950144,64292,space_invaders,space_invaders,10,140.0,7892
13,period,6950144,64292,space_invaders,freeway,1,20.0,25000
13,period,6950144,64292,space_invaders,freeway,2,24.0,25000
13,period,6950144,64292,space_invaders,freeway,3,20.0,25000
13,period,6950144,64292,space_invaders,freeway,4,14.0,25000
13,period,6950144,64292,space_invaders,freeway,5,19.0,25000
13,period,6950144,64292,space_invaders,freeway,6,23.0,25000
13,period,6950144,64292,space_invaders,freeway,7,20.0,25000
13,period,6950144,64292,space_invaders,freeway,8,22.0,25000
13,period,6950144,64292,space_invaders,freeway,9,25.0,25000
13,period,6950144,64292,space_invaders,freeway,10,17.0,25000
13,period,6975232,64336,space_invaders,breakout,1,5.0,544
13,period,6975232,64336,space_invaders,breakout,2,5.0,544
13,period,6975232,64336,space_invaders,breakout,3,3.0,544
13,period,6975232,64336,space_invaders,breakout,4,6.0,544
13,period,6975232,64336,space_invaders,breakout,5,6.0,544
13,period,6975232,64336,space_invaders,breakout,6,3.0,544
13,period,6975232,64336,space_invaders,breakout,7,3.0,544
13,period,6975232,64336,space_invaders,breakout,8,5.0,544
13,period,6975232,64336,space_invaders,breakout,9,5.0,544
13,period,6975232,64336,space_invaders,breakout,10,3.0,544
13,period,6975232,64336,space_invaders,space_invaders,1,191.0,6153
13,period,6975232,64336,space_invaders,space_invaders,2,36.0,6153
13,period,6975232,64336,space_invaders,space_invaders,3,15.0,6153
13,period,6975232,64336,space_invaders,space_invaders,4,73.0,6153
13,period,6975232,64336,space_invaders,space_invaders,5,23.0,6153
13,period,6975232,64336,space_invaders,space_invaders,6,47.0,6153
13,period,6975232,64336,space_invaders,space_invaders,7,162.0,6153
13,period,6975232,64336,space_invaders,space_invaders,8,62.0,6153
13,period,6975232,64336,space_invaders,space_invaders,9,143.0,6153
13,period,6975232,64336,space_invaders,space_invaders,10,47.0,6153
13,period,6975232,64336,space_invaders,freeway,1,27.0,25000
13,period,6975232,64336,space_invaders,freeway,2,28.0,25000
13,period,6975232,64336,space_invaders,freeway,3,23.0,25000
13,period,6975232,64336,space_invaders,freeway,4,24.0,25000
13,period,6975232,64336,space_invaders,freeway,5,20.0,25000
13,period,6975232,64336,space_invaders,freeway,6,15.0,25000
13,period,6975232,64336,space_invaders,freeway,7,18.0,25000
13,period,6975232,64336,space_invaders,freeway,8,17.0,25000
13,period,6975232,64336,space_invaders,freeway,9,19.0,25000
13,period,6975232,64336,space_invaders,freeway,10,19.0,25000
14,boundary,7499520,64590,freeway,breakout,1,5.0,684
14,boundary,7499520,64590,freeway,breakout,2,6.0,684
14,boundary,7499520,64590,freeway,breakout,3,6.0,684
14,boundary,7499520,64590,freeway,breakout,4,6.0,684
14,boundary,7499520,64590,freeway,breakout,5,6.0,684
14,boundary,7499520,64590,freeway,breakout,6,6.0,684
14,boundary,7499520,64590,freeway,breakout,7,6.0,684
14,boundary,7499520,64590,freeway,breakout,8,6.0,684
14,boundary,7499520,64590,freeway,breakout,9,5.0,684
14,boundary,7499520,64590,freeway,breakout,10,5.0,684
14,boundary,7499520,64590,freeway,space_invaders,1,43.0,2874
14,boundary,7499520,64590,freeway,space_invaders,2,60.0,2874
14,boundary,7499520,64590,freeway,space_invaders,3,45.0,2874
14,boundary,7499520,64590,freeway,space_invaders,4,13.0,2874
14,boundary,7499520,64590,freeway,space_invaders,5,49.0,2874
14,boundary,7499520,64590,freeway,space_invaders,6,47.0,2874
14,boundary,7499520,64590,freeway,space_invaders,7,17.0,2874
14,boundary,7499520,64590,freeway,space_invaders,8,21.0,2874
14,boundary,7499520,64590,freeway,space_invaders,9,39.0,2874
14,boundary,7499520,64590,freeway,space_invaders,10,22.0,2874
14,boundary,7499520,64590,freeway,freeway,1,32.0,25000
14,boundary,7499520,64590,freeway,freeway,2,28.0,25000
14,boundary,7499520,64590,freeway,freeway,3,29.0,25000
14,boundary,7499520,64590,freeway,freeway,4,33.0,25000
14,boundary,7499520,64590,freeway,freeway,5,22.0,25000
14,boundary,7499520,64590,freeway,freeway,6,32.0,25000
14,boundary,7499520,64590,freeway,freeway,7,22.0,25000
14,boundary,7499520,64590,freeway,freeway,8,26.0,25000
14,boundary,7499520,64590,freeway,freeway,9,36.0,25000
14,boundary,7499520,64590,freeway,freeway,10,27.0,25000
14,period,7000064,64398,freeway,breakout,1,6.0,634
14,period,7000064,64398,freeway,breakout,2,5.0,634
14,period,7000064,64398,freeway,breakout,3,5.0,634
14,period,7000064,64398,freeway,breakout,4,5.0,634
14,period,7000064,64398,freeway,breakout,5,5.0,634
14,period,7000064,64398,freeway,breakout,6,6.0,634
14,period,7000064,64398,freeway,breakout,7,6.0,634
14,period,7000064,64398,freeway,breakout,8,6.0,634
14,period,7000064,64398,freeway,breakout,9,5.0,634
14,period,7000064,64398,freeway,breakout,10,3.0,634
14,period,7000064,64398,freeway,space_invaders,1,17.0,2443
14,period,7000064,64398,freeway,space_invaders,2,84.0,2443
14,period,7000064,64398,freeway,space_invaders,3,30.0,2443
14,period,7000064,64398,freeway,space_invaders,4,26.0,2443
14,period,7000064,64398,freeway,space_invaders,5,18.0,2443
14,period,7000064,64398,freeway,space_invaders,6,60.0,2443
14,period,7000064,64398,freeway,space_invaders,7,85.0,2443
14,period,7000064,64398,freeway,space_invaders,8,12.0,2443
14,period,7000064,64398,freeway,space_invaders,9,14.0,2443
14,period,7000064,64398,freeway,space_invaders,10,11.0,2443
14,period,7000064,64398,freeway,freeway,1,27.0,25000
14,period,7000064,64398,freeway,freeway,2,21.0,25000
14,period,7000064,64398,freeway,freeway,3,21.0,25000
14,period,7000064,64398,freeway,freeway,4,17.0,25000
14,period,7000064,64398,freeway,freeway,5,23.0,25000
14,period,7000064,64398,freeway,freeway,6,31.0,25000
14,period,7000064,64398,freeway,freeway,7,15.0,25000
14,period,7000064,64398,freeway,freeway,8,21.0,25000
14,period,7000064,64398,freeway,freeway,9,15.0,25000
14,period,7000064,64398,freeway,freeway,10,17.0,25000
14,period,7025152,64398,freeway,breakout,1,6.0,612
14,period,7025152,64398,freeway,breakout,2,6.0,612
14,period,7025152,64398,freeway,breakout,3,5.0,612
14,period,7025152,64398,freeway,breakout,4,3.0,612
14,period,7025152,64398,freeway,breakout,5,5.0,612
14,period,7025152,64398,freeway,breakout,6,5.0,612
14,period,7025152,64398,freeway,breakout,7,5.0,612
14,period,7025152,64398,freeway,breakout,8,6.0,612
14,period,7025152,64398,freeway,breakout,9,3.0,612
14,period,7025152,64398,freeway,breakout,10,6.0,612
14,period,7025152,64398,freeway,space_invaders,1,15.0,3219
14,period,7025152,64398,freeway,space_invaders,2,58.0,3219
14,period,7025152,64398,freeway,space_invaders,3,76.0,3219
14,period,7025152,64398,freeway,space_invaders,4,32.0,3219
14,period,7025152,64398,freeway,space_invaders,5,15.0,3219
14,period,7025152,64398,freeway,space_invaders,6,105.0,3219
14,period,7025152,64398,freeway,space_invaders,7,71.0,3219
14,period,7025152,64398,freeway,space_invaders,8,14.0,3219
14,period,7025152,64398,freeway,space_invaders,9,14.0,3219
14,period,7025152,64398,freeway,space_invaders,10,47.0,3219
14,period,7025152,64398,freeway,freeway,1,29.0,25000
14,period,7025152,64398,freeway,freeway,2,38.0,25000
14,period,7025152,64398,freeway,freeway,3,35.0,25000
14,period,7025152,64398,freeway,freeway,4,27.0,25000
14,period,7025152,64398,freeway,freeway,5,22.0,25000
14,period,7025152,64398,freeway,freeway,6,30.0,25000
14,period,7025152,64398,freeway,freeway,7,32.0,25000
14,period,7025152,64398,freeway,freeway,8,30.0,25000
14,period,7025152,64398,freeway,freeway,9,35.0,25000
14,period,7025152,64398,freeway,freeway,10,31.0,25000
14,period,7050240,64414,freeway,breakout,1,6.0,576
14,period,7050240,64414,freeway,breakout,2,6.0,576
14,period,7050240,64414,freeway,breakout,3,5.0,576
14,period,7050240,64414,freeway,breakout,4,1.0,576
14,period,7050240,64414,freeway,breakout,5,5.0,576
14,period,7050240,64414,freeway,breakout,6,3.0,576
14,period,7050240,64414,freeway,breakout,7,5.0,576
14,period,7050240,64414,freeway,breakout,8,5.0,576
14,period,7050240,64414,freeway,breakout,9,6.0,576
14,period,7050240,64414,freeway,breakout,10,5.0,576
14,period,7050240,64414,freeway,space_invaders,1,32.0,4024
14,period,7050240,64414,freeway,space_invaders,2,53.0,4024
14,period,7050240,64414,freeway,space_invaders,3,47.0,4024
14,period,7050240,64414,freeway,space_invaders,4,41.0,4024
14,period,7050240,64414,freeway,space_invaders,5,47.0,4024
14,period,7050240,64414,freeway,space_invaders,6,62.0,4024
14,period,7050240,64414,freeway,space_invaders,7,118.0,4024
14,period,7050240,64414,freeway,space_invaders,8,54.0,4024
14,period,7050240,64414,freeway,space_invaders,9,14.0,4024
14,period,7050240,64414,freeway,space_invaders,10,47.0,4024
14,period,7050240,64414,freeway,freeway,1,37.0,25000
14,period,7050240,64414,freeway,freeway,2,24.0,25000
14,period,7050240,64414,freeway,freeway,3,33.0,25000
14,period,7050240,64414,freeway,freeway,4,24.0,25000
14,period,7050240,64414,freeway,freeway,5,31.0,25000
14,period,7050240,64414,freeway,freeway,6,33.0,25000
14,period,7050240,64414,freeway,freeway,7,29.0,25000
14,period,7050240,64414,freeway,freeway,8,31.0,25000
14,period,7050240,64414,freeway,freeway,9,25.0,25000
14,period,7050240,64414,freeway,freeway,10,30.0,25000
14,period,7075072,64414,freeway,breakout,1,6.0,646
14,period,7075072,64414,freeway,breakout,2,6.0,646
14,period,7075072,64414,freeway,breakout,3,6.0,646
14,period,7075072,64414,freeway,breakout,4,3.0,646
14,period,7075072,64414,freeway,breakout,5,6.0,646
14,period,7075072,64414,freeway,breakout,6,6.0,646
14,period,7075072,64414,freeway,breakout,7,5.0,646
14,period,7075072,64414,freeway,breakout,8,5.0,646
14,period,7075072,64414,freeway,breakout,9,5.0,646
14,period,7075072,64414,freeway,breakout,10,5.0,646
14,period,7075072,64414,freeway,space_invaders,1,62.0,3947
14,period,7075072,64414,freeway,space_invaders,2,89.0,3947
14,period,7075072,64414,freeway,space_invaders,3,41.0,3947
14,period,7075072,64414,freeway,space_invaders,4,34.0,3947
14,period,7075072,64414,freeway,space_invaders,5,23.0,3947
14,period,7075072,64414,freeway,space_invaders,6,12.0,3947
14,period,7075072,64414,freeway,space_invaders,7,79.0,3947
14,period,7075072,64414,freeway,space_invaders,8,6.0,3947
14,period,7075072,64414,freeway,space_invaders,9,53.0,3947
14,period,7075072,64414,freeway,space_invaders,10,119.0,3947
14,period,7075072,64414,freeway,freeway,1,32.0,25000
14,period,7075072,64414,freeway,freeway,2,32.0,25000
14,period,7075072,64414,freeway,freeway,3,31.0,25000
14,period,7075072,64414,freeway,freeway,4,25.0,25000
14,period,7075072,64414,freeway,freeway,5,32.0,25000
14,period,7075072,64414,freeway,freeway,6,29.0,25000
14,period,7075072,64414,freeway,freeway,7,30.0,25000
14,period,7075072,64414,freeway,freeway,8,22.0,25000
14,period,7075072,64414,freeway,freeway,9,23.0,25000
14,period,7075072,64414,freeway,freeway,10,27.0,25000
14,period,7100160,64430,freeway,breakout,1,6.0,632
14,period,7100160,64430,freeway,breakout,2,6.0,632
14,period,7100160,64430,freeway,breakout,3,6.0,632
14,period,7100160,64430,freeway,breakout,4,6.0,632
14,period,7100160,64430,freeway,breakout,5,5.0,632
14,period,7100160,64430,freeway,breakout,6,6.0,632
14,period,7100160,64430,freeway,breakout,7,5.0,632
14,period,7100160,64430,freeway,breakout,8,5.0,632
14,period,7100160,64430,freeway,breakout,9,6.0,632
14,period,7100160,64430,freeway,breakout,10,1.0,632
14,period,7100160,64430,freeway,space_invaders,1,138.0,3244
14,period,7100160,64430,freeway,space_invaders,2,12.0,3244
14,period,7100160,64430,freeway,space_invaders,3,41.0,3244
14,period,7100160,64430,freeway,space_invaders,4,23.0,3244
14,period,7100160,64430,freeway,space_invaders,5,14.0,3244
14,period,7100160,64430,freeway,space_invaders,6,39.0,3244
14,period,7100160,64430,freeway,space_invaders,7,47.0,3244
14,period,7100160,64430,freeway,space_invaders,8,56.0,3244
14,period,7100160,64430,freeway,space_invaders,9,34.0,3244
14,period,7100160,64430,freeway,space_invaders,10,31.0,3244
14,period,7100160,64430,freeway,freeway,1,30.0,25000
14,period,7100160,64430,freeway,freeway,2,31.0,25000
14,period,7100160,64430,freeway,freeway,3,26.0,25000
14,period,7100160,64430,freeway,freeway,4,36.0,25000
14,period,7100160,64430,freeway,freeway,5,28.0,25000
14,period,7100160,64430,freeway,freeway,6,41.0,25000
14,period,7100160,64430,freeway,freeway,7,29.0,25000
14,period,7100160,64430,freeway,freeway,8,18.0,25000
14,period,7100160,64430,freeway,freeway,9,36.0,25000
14,period,7100160,64430,freeway,freeway,10,31.0,25000
14,period,7125248,64446,freeway,breakout,1,5.0,608
14,period,7125248,64446,freeway,breakout,2,3.0,608
14,period,7125248,64446,freeway,breakout,3,3.0,608
14,period,7125248,64446,freeway,breakout,4,6.0,608
14,period,7125248,64446,freeway,breakout,5,6.0,608
14,period,7125248,64446,freeway,breakout,6,6.0,608
14,period,7125248,64446,freeway,breakout,7,3.0,608
14,period,7125248,64446,freeway,breakout,8,6.0,608
14,period,7125248,64446,freeway,breakout,9,6.0,608
14,period,7125248,64446,freeway,breakout,10,6.0,608
14,period,7125248,64446,freeway,space_invaders,1,47.0,2758
14,period,7125248,64446,freeway,space_invaders,2,23.0,2758
14,period,7125248,64446,freeway,space_invaders,3,17.0,2758
14,period,7125248,64446,freeway,space_invaders,4,113.0,2758
14,period,7125248,64446,freeway,space_invaders,5,42.0,2758
14,period,7125248,64446,freeway,space_invaders,6,44.0,2758
14,period,7125248,64446,freeway,space_invaders,7,14.0,2758
14,period,7125248,64446,freeway,space_invaders,8,5.0,2758
14,period,7125248,64446,freeway,space_invaders,9,11.0,2758
14,period,7125248,64446,freeway,space_invaders,10,41.0,2758
14,period,7125248,64446,freeway,freeway,1,32.0,25000
14,period,7125248,64446,freeway,freeway,2,23.0,25000
14,period,7125248,64446,freeway,freeway,3,22.0,25000
14,period,7125248,64446,freeway,freeway,4,32.0,25000
14,period,7125248,64446,freeway,freeway,5,29.0,25000
14,period,7125248,64446,freeway,freeway,6,22.0,25000
14,period,7125248,64446,freeway,freeway,7,21.0,25000
14,period,7125248,64446,freeway,freeway,8,31.0,25000
14,period,7125248,64446,freeway,freeway,9,30.0,25000
14,period,7125248,64446,freeway,freeway,10,27.0,25000
14,period,7150080,64446,freeway,breakout,1,5.0,666
14,period,7150080,64446,freeway,breakout,2,6.0,666
14,period,7150080,64446,freeway,breakout,3,6.0,666
14,period,7150080,64446,freeway,breakout,4,6.0,666
14,period,7150080,64446,freeway,breakout,5,6.0,666
14,period,7150080,64446,freeway,breakout,6,6.0,666
14,period,7150080,64446,freeway,breakout,7,6.0,666
14,period,7150080,64446,freeway,breakout,8,5.0,666
14,period,7150080,64446,freeway,breakout,9,3.0,666
14,period,7150080,64446,freeway,breakout,10,6.0,666
14,period,7150080,64446,freeway,space_invaders,1,5.0,3440
14,period,7150080,64446,freeway,space_invaders,2,95.0,3440
14,period,7150080,64446,freeway,space_invaders,3,58.0,3440
14,period,7150080,64446,freeway,space_invaders,4,5.0,3440
14,period,7150080,64446,freeway,space_invaders,5,19.0,3440
14,period,7150080,64446,freeway,space_invaders,6,142.0,3440
14,period,7150080,64446,freeway,space_invaders,7,52.0,3440
14,period,7150080,64446,freeway,space_invaders,8,29.0,3440
14,period,7150080,64446,freeway,space_invaders,9,5.0,3440
14,period,7150080,64446,freeway,space_invaders,10,24.0,3440
14,period,7150080,64446,freeway,freeway,1,25.0,25000
14,period,7150080,64446,freeway,freeway,2,23.0,25000
14,period,7150080,64446,freeway,freeway,3,23.0,25000
14,period,7150080,64446,freeway,freeway,4,18.0,25000
14,period,7150080,64446,freeway,freeway,5,21.0,25000
14,period,7150080,64446,freeway,freeway,6,27.0,25000
14,period,7150080,64446,freeway,freeway,7,23.0,25000
14,period,7150080,64446,freeway,freeway,8,28.0,25000
14,period,7150080,64446,freeway,freeway,9,27.0,25000
14,period,7150080,64446,freeway,freeway,10,31.0,25000
14,period,7175168,64462,freeway,breakout,1,5.0,622
14,period,7175168,64462,freeway,breakout,2,3.0,622
14,period,7175168,64462,freeway,breakout,3,5.0,622
14,period,7175168,64462,freeway,breakout,4,6.0,622
14,period,7175168,64462,freeway,breakout,5,6.0,622
14,period,7175168,64462,freeway,breakout,6,6.0,622
14,period,7175168,64462,freeway,breakout,7,5.0,622
14,period,7175168,64462,freeway,breakout,8,6.0,622
14,period,7175168,64462,freeway,breakout,9,6.0,622
14,period,7175168,64462,freeway,breakout,10,3.0,622
14,period,7175168,64462,freeway,space_invaders,1,25.0,3692
14,period,7175168,64462,freeway,space_invaders,2,70.0,3692
14,period,7175168,64462,freeway,space_invaders,3,53.0,3692
14,period,7175168,64462,freeway,space_invaders,4,47.0,3692
14,period,7175168,64462,freeway,space_invaders,5,31.0,3692
14,period,7175168,64462,freeway,space_invaders,6,44.0,3692
14,period,7175168,64462,freeway,space_invaders,7,92.0,3692
14,period,7175168,64462,freeway,space_invaders,8,71.0,3692
14,period,7175168,64462,freeway,space_invaders,9,38.0,3692
14,period,7175168,64462,freeway,space_invaders,10,14.0,3692
14,period,7175168,64462,freeway,freeway,1,30.0,25000
14,period,7175168,64462,freeway,freeway,2,12.0,25000
14,period,7175168,64462,freeway,freeway,3,31.0,25000
14,period,7175168,64462,freeway,freeway,4,23.0,25000
14,period,7175168,64462,freeway,freeway,5,21.0,25000
14,period,7175168,64462,freeway,freeway,6,28.0,25000
14,period,7175168,64462,freeway,freeway,7,28.0,25000
14,period,7175168,64462,freeway,freeway,8,28.0,25000
14,period,7175168,64462,freeway,freeway,9,25.0,25000
14,period,7175168,64462,freeway,freeway,10,23.0,25000
14,period,7200000,64478,freeway,breakout,1,6.0,630
14,period,7200000,64478,freeway,breakout,2,5.0,630
14,period,7200000,64478,freeway,breakout,3,3.0,630
14,period,7200000,64478,freeway,breakout,4,6.0,630
14,period,7200000,64478,freeway,breakout,5,3.0,630
14,period,7200000,64478,freeway,breakout,6,6.0,630
14,period,7200000,64478,freeway,breakout,7,5.0,630
14,period,7200000,64478,freeway,breakout,8,6.0,630
14,period,7200000,64478,freeway,breakout,9,6.0,630
14,period,7200000,64478,freeway,breakout,10,6.0,630
14,period,7200000,64478,freeway,space_invaders,1,77.0,3822
14,period,7200000,64478,freeway,space_invaders,2,13.0,3822
14,period,7200000,64478,freeway,space_invaders,3,76.0,3822
14,period,7200000,64478,freeway,space_invaders,4,65.0,3822
14,period,7200000,64478,freeway,space_invaders,5,15.0,3822
14,period,7200000,64478,freeway,space_invaders,6,23.0,3822
14,period,7200000,64478,freeway,space_invaders,7,95.0,3822
14,period,7200000,64478,freeway,space_invaders,8,15.0,3822
14,period,7200000,64478,freeway,space_invaders,9,77.0,3822
14,period,7200000,64478,freeway,space_invaders,10,71.0,3822
14,period,7200000,64478,freeway,freeway,1,29.0,25000
14,period,7200000,64478,freeway,freeway,2,22.0,25000
14,period,7200000,64478,freeway,freeway,3,28.0,25000
14,period,7200000,64478,freeway,freeway,4,21.0,25000
14,period,7200000,64478,freeway,freeway,5,28.0,25000
14,period,7200000,64478,freeway,freeway,6,34.0,25000
14,period,7200000,64478,freeway,freeway,7,26.0,25000
14,period,7200000,64478,freeway,freeway,8,27.0,25000
14,period,7200000,64478,freeway,freeway,9,28.0,25000
14,period,7200000,64478,freeway,freeway,10,28.0,25000
14,period,7225088,64478,freeway,breakout,1,6.0,636
14,period,7225088,64478,freeway,breakout,2,5.0,636
14,period,7225088,64478,freeway,breakout,3,5.0,636
14,period,7225088,64478,freeway,breakout,4,6.0,636
14,period,7225088,64478,freeway,breakout,5,5.0,636
14,period,7225088,64478,freeway,breakout,6,5.0,636
14,period,7225088,64478,freeway,breakout,7,6.0,636
14,period,7225088,64478,freeway,breakout,8,3.0,636
14,period,7225088,64478,freeway,breakout,9,6.0,636
14,period,7225088,64478,freeway,breakout,10,5.0,636
14,period,7225088,64478,freeway,space_invaders,1,30.0,2940
14,period,7225088,64478,freeway,space_invaders,2,14.0,2940
14,period,7225088,64478,freeway,space_invaders,3,5.0,2940
14,period,7225088,64478,freeway,space_invaders,4,46.0,2940
14,period,7225088,64478,freeway,space_invaders,5,33.0,2940
14,period,7225088,64478,freeway,space_invaders,6,71.0,2940
14,period,7225088,64478,freeway,space_invaders,7,23.0,2940
14,period,7225088,64478,freeway,space_invaders,8,113.0,2940
14,period,7225088,64478,freeway,space_invaders,9,47.0,2940
14,period,7225088,64478,freeway,space_invaders,10,15.0,2940
14,period,7225088,64478,freeway,freeway,1,16.0,25000
14,period,7225088,64478,freeway,freeway,2,21.0,25000
14,period,7225088,64478,freeway,freeway,3,29.0,25000
14,period,7225088,64478,freeway,freeway,4,24.0,25000
14,period,7225088,64478,freeway,freeway,5,21.0,25000
14,period,7225088,64478,freeway,freeway,6,28.0,25000
14,period,7225088,64478,freeway,freeway,7,28.0,25000
14,period,7225088,64478,freeway,freeway,8,27.0,25000
14,period,7225088,64478,freeway,freeway,9,28.0,25000
14,period,7225088,64478,freeway,freeway,10,30.0,25000
14,period,7250176,64494,freeway,breakout,1,6.0,650
14,period,7250176,64494,freeway,breakout,2,5.0,650
14,period,7250176,64494,freeway,breakout,3,5.0,650
14,period,7250176,64494,freeway,breakout,4,5.0,650
14,period,7250176,64494,freeway,breakout,5,5.0,650
14,period,7250176,64494,freeway,breakout,6,6.0,650
14,period,7250176,64494,freeway,breakout,7,5.0,650
14,period,7250176,64494,freeway,breakout,8,5.0,650
14,period,7250176,64494,freeway,breakout,9,5.0,650
14,period,7250176,64494,freeway,breakout,10,6.0,650
14,period,7250176,64494,freeway,space_invaders,1,17.0,3403
14,period,7250176,64494,freeway,space_invaders,2,71.0,3403
14,period,7250176,64494,freeway,space_invaders,3,23.0,3403
14,period,7250176,64494,freeway,space_invaders,4,80.0,3403
14,period,7250176,64494,freeway,space_invaders,5,14.0,3403
14,period,7250176,64494,freeway,space_invaders,6,22.0,3403
14,period,7250176,64494,freeway,space_invaders,7,47.0,3403
14,period,7250176,64494,freeway,space_invaders,8,23.0,3403
14,period,7250176,64494,freeway,space_invaders,9,30.0,3403
14,period,7250176,64494,freeway,space_invaders,10,101.0,3403
14,period,7250176,64494,freeway,freeway,1,26.0,25000
14,period,7250176,64494,freeway,freeway,2,25.0,25000
14,period,7250176,64494,freeway,freeway,3,27.0,25000
14,period,7250176,64494,freeway,freeway,4,25.0,25000
14,period,7250176,64494,freeway,freeway,5,28.0,25000
14,period,7250176,64494,freeway,freeway,6,23.0,25000
14,period,7250176,64494,freeway,freeway,7,27.0,25000
14,period,7250176,64494,freeway,freeway,8,27.0,25000
14,period,7250176,64494,freeway,freeway,9,29.0,25000
14,period,7250176,64494,freeway,freeway,10,31.0,25000
14,period,7275008,64494,freeway,breakout,1,5.0,670
14,period,7275008,64494,freeway,breakout,2,5.0,670
14,period,7275008,64494,freeway,breakout,3,6.0,670
14,period,7275008,64494,freeway,breakout,4,5.0,670
14,period,7275008,64494,freeway,breakout,5,6.0,670
14,period,7275008,64494,freeway,breakout,6,6.0,670
14,period,7275008,64494,freeway,breakout,7,6.0,670
14,period,7275008,64494,freeway,breakout,8,5.0,670
14,period,7275008,64494,freeway,breakout,9,5.0,670
14,period,7275008,64494,freeway,breakout,10,6.0,670
14,period,7275008,64494,freeway,space_invaders,1,35.0,3246
14,period,7275008,64494,freeway,space_invaders,2,30.0,3246
14,period,7275008,64494,freeway,space_invaders,3,23.0,3246
14,period,7275008,64494,freeway,space_invaders,4,12.0,3246
14,period,7275008,64494,freeway,space_invaders,5,35.0,3246
14,period,7275008,64494,freeway,space_invaders,6,107.0,3246
14,period,7275008,64494,freeway,space_invaders,7,29.0,3246
14,period,7275008,64494,freeway,space_invaders,8,44.0,3246
14,period,7275008,64494,freeway,space_invaders,9,47.0,3246
14,period,7275008,64494,freeway,space_invaders,10,58.0,3246
14,period,7275008,64494,freeway,freeway,1,22.0,25000
14,period,7275008,64494,freeway,freeway,2,19.0,25000
14,period,7275008,64494,freeway,freeway,3,31.0,25000
14,period,7275008,64494,freeway,freeway,4,33.0,25000
14,period,7275008,64494,freeway,freeway,5,36.0,25000
14,period,7275008,64494,freeway,freeway,6,27.0,25000
14,period,7275008,64494,freeway,freeway,7,32.0,25000
14,period,7275008,64494,freeway,freeway,8,32.0,25000
14,period,7275008,64494,freeway,freeway,9,32.0,25000
14,period,7275008,64494,freeway,freeway,10,26.0,25000
14,period,7300096,64510,freeway,breakout,1,5.0,612
14,period,7300096,64510,freeway,breakout,2,6.0,612
14,period,7300096,64510,freeway,breakout,3,6.0,612
14,period,7300096,64510,freeway,breakout,4,5.0,612
14,period,7300096,64510,freeway,breakout,5,6.0,612
14,period,7300096,64510,freeway,breakout,6,5.0,612
14,period,7300096,64510,freeway,breakout,7,4.0,612
14,period,7300096,64510,freeway,breakout,8,5.0,612
14,period,7300096,64510,freeway,breakout,9,6.0,612
14,period,7300096,64510,freeway,breakout,10,2.0,612
14,period,7300096,64510,freeway,space_invaders,1,15.0,3039
14,period,7300096,64510,freeway,space_invaders,2,119.0,3039
14,period,7300096,64510,freeway,space_invaders,3,19.0,3039
14,period,7300096,64510,freeway,space_invaders,4,47.0,3039
14,period,7300096,64510,freeway,space_invaders,5,19.0,3039
14,period,7300096,64510,freeway,space_invaders,6,71.0,3039
14,period,7300096,64510,freeway,space_invaders,7,23.0,3039
14,period,7300096,64510,freeway,space_invaders,8,29.0,3039
14,period,7300096,64510,freeway,space_invaders,9,14.0,3039
14,period,7300096,64510,freeway,space_invaders,10,42.0,3039
14,period,7300096,64510,freeway,freeway,1,28.0,25000
14,period,7300096,64510,freeway,freeway,2,28.0,25000
14,period,7300096,64510,freeway,freeway,3,21.0,25000
14,period,7300096,64510,freeway,freeway,4,32.0,25000
14,period,7300096,64510,freeway,freeway,5,26.0,25000
14,period,7300096,64510,freeway,freeway,6,21.0,25000
14,period,7300096,64510,freeway,freeway,7,25.0,25000
14,period,7300096,64510,freeway,freeway,8,28.0,25000
14,period,7300096,64510,freeway,freeway,9,35.0,25000
14,period,7300096,64510,freeway,freeway,10,35.0,25000
14,period,7325184,64526,freeway,breakout,1,6.0,670
14,period,7325184,64526,freeway,breakout,2,6.0,670
14,period,7325184,64526,freeway,breakout,3,5.0,670
14,period,7325184,64526,freeway,breakout,4,6.0,670
14,period,7325184,64526,freeway,breakout,5,5.0,670
14,period,7325184,64526,freeway,breakout,6,5.0,670
14,period,7325184,64526,freeway,breakout,7,6.0,670
14,period,7325184,64526,freeway,breakout,8,6.0,670
14,period,7325184,64526,freeway,breakout,9,5.0,670
14,period,7325184,64526,freeway,breakout,10,5.0,670
14,period,7325184,64526,freeway,space_invaders,1,13.0,3479
14,period,7325184,64526,freeway,space_invaders,2,70.0,3479
14,period,7325184,64526,freeway,space_invaders,3,26.0,3479
14,period,7325184,64526,freeway,space_invaders,4,43.0,3479
14,period,7325184,64526,freeway,space_invaders,5,25.0,3479
14,period,7325184,64526,freeway,space_invaders,6,118.0,3479
14,period,7325184,64526,freeway,space_invaders,7,13.0,3479
14,period,7325184,64526,freeway,space_invaders,8,16.0,3479
14,period,7325184,64526,freeway,space_invaders,9,82.0,3479
14,period,7325184,64526,freeway,space_invaders,10,63.0,3479
14,period,7325184,64526,freeway,freeway,1,37.0,25000
14,period,7325184,64526,freeway,freeway,2,29.0,25000
14,period,7325184,64526,freeway,freeway,3,34.0,25000
14,period,7325184,64526,freeway,freeway,4,33.0,25000
14,period,7325184,64526,freeway,freeway,5,32.0,25000
14,period,7325184,64526,freeway,freeway,6,29.0,25000
14,period,7325184,64526,freeway,freeway,7,27.0,25000
14,period,7325184,64526,freeway,freeway,8,9.0,25000
14,period,7325184,64526,freeway,freeway,9,29.0,25000
14,period,7325184,64526,freeway,freeway,10,29.0,25000
14,period,7350016,64526,freeway,breakout,1,6.0,654
14,period,7350016,64526,freeway,breakout,2,6.0,654
14,period,7350016,64526,freeway,breakout,3,6.0,654
14,period,7350016,64526,freeway,breakout,4,3.0,654
14,period,7350016,64526,freeway,breakout,5,6.0,654
14,period,7350016,64526,freeway,breakout,6,5.0,654
14,period,7350016,64526,freeway,breakout,7,5.0,654
14,period,7350016,64526,freeway,breakout,8,6.0,654
14,period,7350016,64526,freeway,breakout,9,5.0,654
14,period,7350016,64526,freeway,breakout,10,6.0,654
14,period,7350016,64526,freeway,space_invaders,1,46.0,3258
14,period,7350016,64526,freeway,space_invaders,2,15.0,3258
14,period,7350016,64526,freeway,space_invaders,3,46.0,3258
14,period,7350016,64526,freeway,space_invaders,4,18.0,3258
14,period,7350016,64526,freeway,space_invaders,5,25.0,3258
14,period,7350016,64526,freeway,space_invaders,6,90.0,3258
14,period,7350016,64526,freeway,space_invaders,7,77.0,3258
14,period,7350016,64526,freeway,space_invaders,8,23.0,3258
14,period,7350016,64526,freeway,space_invaders,9,49.0,3258
14,period,7350016,64526,freeway,space_invaders,10,34.0,3258
14,period,7350016,64526,freeway,freeway,1,21.0,25000
14,period,7350016,64526,freeway,freeway,2,30.0,25000
14,period,7350016,64526,freeway,freeway,3,25.0,25000
14,period,7350016,64526,freeway,freeway,4,24.0,25000
14,period,7350016,64526,freeway,freeway,5,26.0,25000
14,period,7350016,64526,freeway,freeway,6,26.0,25000
14,period,7350016,64526,freeway,freeway,7,28.0,25000
14,period,7350016,64526,freeway,freeway,8,32.0,25000
14,period,7350016,64526,freeway,freeway,9,35.0,25000
14,period,7350016,64526,freeway,freeway,10,27.0,25000
14,period,7375104,64542,freeway,breakout,1,5.0,668
14,period,7375104,64542,freeway,breakout,2,6.0,668
14,period,7375104,64542,freeway,breakout,3,6.0,668
14,period,7375104,64542,freeway,breakout,4,6.0,668
14,period,7375104,64542,freeway,breakout,5,5.0,668
14,period,7375104,64542,freeway,breakout,6,6.0,668
14,period,7375104,64542,freeway,breakout,7,5.0,668
14,period,7375104,64542,freeway,breakout,8,5.0,668
14,period,7375104,64542,freeway,breakout,9,5.0,668
14,period,7375104,64542,freeway,breakout,10,6.0,668
14,period,7375104,64542,freeway,space_invaders,1,47.0,3727
14,period,7375104,64542,freeway,space_invaders,2,23.0,3727
14,period,7375104,64542,freeway,space_invaders,3,43.0,3727
14,period,7375104,64542,freeway,space_invaders,4,95.0,3727
14,period,7375104,64542,freeway,space_invaders,5,40.0,3727
14,period,7375104,64542,freeway,space_invaders,6,95.0,3727
14,period,7375104,64542,freeway,space_invaders,7,16.0,3727
14,period,7375104,64542,freeway,space_invaders,8,23.0,3727
14,period,7375104,64542,freeway,space_invaders,9,26.0,3727
14,period,7375104,64542,freeway,space_invaders,10,53.0,3727
14,period,7375104,64542,freeway,freeway,1,29.0,25000
14,period,7375104,64542,freeway,freeway,2,30.0,25000
14,period,7375104,64542,freeway,freeway,3,36.0,25000
14,period,7375104,64542,freeway,freeway,4,24.0,25000
14,period,7375104,64542,freeway,freeway,5,31.0,25000
14,period,7375104,64542,freeway,freeway,6,22.0,25000
14,period,7375104,64542,freeway,freeway,7,39.0,25000
14,period,7375104,64542,freeway,freeway,8,34.0,25000
14,period,7375104,64542,freeway,freeway,9,30.0,25000
14,period,7375104,64542,freeway,freeway,10,27.0,25000
14,period,7400192,64558,freeway,breakout,1,5.0,670
14,period,7400192,64558,freeway,breakout,2,5.0,670
14,period,7400192,64558,freeway,breakout,3,6.0,670
14,period,7400192,64558,freeway,breakout,4,5.0,670
14,period,7400192,64558,freeway,breakout,5,5.0,670
14,period,7400192,64558,freeway,breakout,6,6.0,670
14,period,7400192,64558,freeway,breakout,7,5.0,670
14,period,7400192,64558,freeway,breakout,8,6.0,670
14,period,7400192,64558,freeway,breakout,9,6.0,670
14,period,7400192,64558,freeway,breakout,10,6.0,670
14,period,7400192,64558,freeway,space_invaders,1,60.0,3519
14,period,7400192,64558,freeway,space_invaders,2,12.0,3519
14,period,7400192,64558,freeway,space_invaders,3,23.0,3519
14,period,7400192,64558,freeway,space_invaders,4,17.0,3519
14,period,7400192,64558,freeway,space_invaders,5,92.0,3519
14,period,7400192,64558,freeway,space_invaders,6,23.0,3519
14,period,7400192,64558,freeway,space_invaders,7,89.0,3519
14,period,7400192,64558,freeway,space_invaders,8,89.0,3519
14,period,7400192,64558,freeway,space_invaders,9,17.0,3519
14,period,7400192,64558,freeway,space_invaders,10,39.0,3519
14,period,7400192,64558,freeway,freeway,1,24.0,25000
14,period,7400192,64558,freeway,freeway,2,32.0,25000
14,period,7400192,64558,freeway,freeway,3,26.0,25000
14,period,7400192,64558,freeway,freeway,4,33.0,25000
14,period,7400192,64558,freeway,freeway,5,29.0,25000
14,period,7400192,64558,freeway,freeway,6,27.0,25000
14,period,7400192,64558,freeway,freeway,7,22.0,25000
14,period,7400192,64558,freeway,freeway,8,30.0,25000
14,period,7400192,64558,freeway,freeway,9,18.0,25000
14,period,7400192,64558,freeway,freeway,10,40.0,25000
14,period,7425024,64558,freeway,breakout,1,6.0,632
14,period,7425024,64558,freeway,breakout,2,6.0,632
14,period,7425024,64558,freeway,breakout,3,5.0,632
14,period,7425024,64558,freeway,breakout,4,3.0,632
14,period,7425024,64558,freeway,breakout,5,6.0,632
14,period,7425024,64558,freeway,breakout,6,6.0,632
14,period,7425024,64558,freeway,breakout,7,3.0,632
14,period,7425024,64558,freeway,breakout,8,5.0,632
14,period,7425024,64558,freeway,breakout,9,6.0,632
14,period,7425024,64558,freeway,breakout,10,6.0,632
14,period,7425024,64558,freeway,space_invaders,1,71.0,4719
14,period,7425024,64558,freeway,space_invaders,2,14.0,4719
14,period,7425024,64558,freeway,space_invaders,3,47.0,4719
14,period,7425024,64558,freeway,space_invaders,4,117.0,4719
14,period,7425024,64558,freeway,space_invaders,5,45.0,4719
14,period,7425024,64558,freeway,space_invaders,6,36.0,4719
14,period,7425024,64558,freeway,space_invaders,7,95.0,4719
14,period,7425024,64558,freeway,space_invaders,8,94.0,4719
14,period,7425024,64558,freeway,space_invaders,9,22.0,4719
14,period,7425024,64558,freeway,space_invaders,10,53.0,4719
14,period,7425024,64558,freeway,freeway,1,26.0,25000
14,period,7425024,64558,freeway,freeway,2,27.0,25000
14,period,7425024,64558,freeway,freeway,3,24.0,25000
14,period,7425024,64558,freeway,freeway,4,19.0,25000
14,period,7425024,64558,freeway,freeway,5,27.0,25000
14,period,7425024,64558,freeway,freeway,6,25.0,25000
14,period,7425024,64558,freeway,freeway,7,27.0,25000
14,period,7425024,64558,freeway,freeway,8,29.0,25000
14,period,7425024,64558,freeway,freeway,9,26.0,25000
14,period,7425024,64558,freeway,freeway,10,30.0,25000
14,period,7450112,64574,freeway,breakout,1,5.0,648
14,period,7450112,64574,freeway,breakout,2,5.0,648
14,period,7450112,64574,freeway,breakout,3,6.0,648
14,period,7450112,64574,freeway,breakout,4,5.0,648
14,period,7450112,64574,freeway,breakout,5,6.0,648
14,period,7450112,64574,freeway,breakout,6,6.0,648
14,period,7450112,64574,freeway,breakout,7,5.0,648
14,period,7450112,64574,freeway,breakout,8,5.0,648
14,period,7450112,64574,freeway,breakout,9,5.0,648
14,period,7450112,64574,freeway,breakout,10,5.0,648
14,period,7450112,64574,freeway,space_invaders,1,95.0,3509
14,period,7450112,64574,freeway,space_invaders,2,4.0,3509
14,period,7450112,64574,freeway,space_invaders,3,16.0,3509
14,period,7450112,64574,freeway,space_invaders,4,12.0,3509
14,period,7450112,64574,freeway,space_invaders,5,43.0,3509
14,period,7450112,64574,freeway,space_invaders,6,13.0,3509
14,period,7450112,64574,freeway,space_invaders,7,47.0,3509
14,period,7450112,64574,freeway,space_invaders,8,141.0,3509
14,period,7450112,64574,freeway,space_invaders,9,50.0,3509
14,period,7450112,64574,freeway,space_invaders,10,35.0,3509
14,period,7450112,64574,freeway,freeway,1,23.0,25000
14,period,7450112,64574,freeway,freeway,2,29.0,25000
14,period,7450112,64574,freeway,freeway,3,17.0,25000
14,period,7450112,64574,freeway,freeway,4,25.0,25000
14,period,7450112,64574,freeway,freeway,5,32.0,25000
14,period,7450112,64574,freeway,freeway,6,21.0,25000
14,period,7450112,64574,freeway,freeway,7,23.0,25000
14,period,7450112,64574,freeway,freeway,8,25.0,25000
14,period,7450112,64574,freeway,freeway,9,19.0,25000
14,period,7450112,64574,freeway,freeway,10,20.0,25000
14,period,7475200,64574,freeway,breakout,1,6.0,586
14,period,7475200,64574,freeway,breakout,2,3.0,586
14,period,7475200,64574,freeway,breakout,3,6.0,586
14,period,7475200,64574,freeway,breakout,4,6.0,586
14,period,7475200,64574,freeway,breakout,5,3.0,586
14,period,7475200,64574,freeway,breakout,6,5.0,586
14,period,7475200,64574,freeway,breakout,7,5.0,586
14,period,7475200,64574,freeway,breakout,8,3.0,586
14,period,7475200,64574,freeway,breakout,9,6.0,586
14,period,7475200,64574,freeway,breakout,10,5.0,586
14,period,7475200,64574,freeway,space_invaders,1,60.0,4034
14,period,7475200,64574,freeway,space_invaders,2,23.0,4034
14,period,7475200,64574,freeway,space_invaders,3,82.0,4034
14,period,7475200,64574,freeway,space_invaders,4,95.0,4034
14,period,7475200,64574,freeway,space_invaders,5,42.0,4034
14,period,7475200,64574,freeway,space_invaders,6,13.0,4034
14,period,7475200,64574,freeway,space_invaders,7,118.0,4034
14,period,7475200,64574,freeway,space_invaders,8,28.0,4034
14,period,7475200,64574,freeway,space_invaders,9,45.0,4034
14,period,7475200,64574,freeway,space_invaders,10,23.0,4034
14,period,7475200,64574,freeway,freeway,1,27.0,25000
14,period,7475200,64574,freeway,freeway,2,30.0,25000
14,period,7475200,64574,freeway,freeway,3,21.0,25000
14,period,7475200,64574,freeway,freeway,4,36.0,25000
14,period,7475200,64574,freeway,freeway,5,28.0,25000
14,period,7475200,64574,freeway,freeway,6,23.0,25000
14,period,7475200,64574,freeway,freeway,7,30.0,25000
14,period,7475200,64574,freeway,freeway,8,28.0,25000
14,period,7475200,64574,freeway,freeway,9,27.0,25000
14,period,7475200,64574,freeway,freeway,10,37.0,25000
