block,scope,env_steps,train_episodes,block_task,task,episode,return,eval_steps
-1,boundary,0,0,,breakout,1,0.0,100
-1,boundary,0,0,,breakout,2,1.0,100
-1,boundary,0,0,,breakout,3,0.0,100
-1,boundary,0,0,,breakout,4,0.0,100
-1,boundary,0,0,,breakout,5,0.0,100
-1,boundary,0,0,,breakout,6,1.0,100
-1,boundary,0,0,,breakout,7,0.0,100
-1,boundary,0,0,,breakout,8,1.0,100
-1,boundary,0,0,,breakout,9,1.0,100
-1,boundary,0,0,,breakout,10,0.0,100
-1,boundary,0,0,,space_invaders,1,0.0,389
-1,boundary,0,0,,space_invaders,2,2.0,389
-1,boundary,0,0,,space_invaders,3,3.0,389
-1,boundary,0,0,,space_invaders,4,1.0,389
-1,boundary,0,0,,space_invaders,5,1.0,389
-1,boundary,0,0,,space_invaders,6,0.0,389
-1,boundary,0,0,,space_invaders,7,1.0,389
-1,boundary,0,0,,space_invaders,8,1.0,389
-1,boundary,0,0,,space_invaders,9,2.0,389
-1,boundary,0,0,,space_invaders,10,2.0,389
-1,boundary,0,0,,freeway,1,0.0,25000
-1,boundary,0,0,,freeway,2,0.0,25000
-1,boundary,0,0,,freeway,3,1.0,25000
-1,boundary,0,0,,freeway,4,0.0,25000
-1,boundary,0,0,,freeway,5,0.0,25000
-1,boundary,0,0,,freeway,6,0.0,25000
-1,boundary,0,0,,freeway,7,0.0,25000
-1,boundary,0,0,,freeway,8,0.0,25000
-1,boundary,0,0,,freeway,9,0.0,25000
-1,boundary,0,0,,freeway,10,0.0,25000
0,boundary,1499904,19430,multitask,breakout,1,5.0,524
0,boundary,1499904,19430,multitask,breakout,2,5.0,524
0,boundary,1499904,19430,multitask,breakout,3,2.0,524
0,boundary,1499904,19430,multitask,breakout,4,2.0,524
0,boundary,1499904,19430,multitask,breakout,5,5.0,524
0,boundary,1499904,19430,multitask,breakout,6,4.0,524
0,boundary,1499904,19430,multitask,breakout,7,5.0,524
0,boundary,1499904,19430,multitask,breakout,8,5.0,524
0,boundary,1499904,19430,multitask,breakout,9,5.0,524
0,boundary,1499904,19430,multitask,breakout,10,5.0,524
0,boundary,1499904,19430,multitask,space_invaders,1,19.0,1820
0,boundary,1499904,19430,multitask,space_invaders,2,18.0,1820
0,boundary,1499904,19430,multitask,space_invaders,3,6.0,1820
0,boundary,1499904,19430,multitask,space_invaders,4,19.0,1820
0,boundary,1499904,19430,multitask,space_invaders,5,17.0,1820
0,boundary,1499904,19430,multitask,space_invaders,6,47.0,1820
0,boundary,1499904,19430,multitask,space_invaders,7,6.0,1820
0,boundary,1499904,19430,multitask,space_invaders,8,47.0,1820
0,boundary,1499904,19430,multitask,space_invaders,9,26.0,1820
0,boundary,1499904,19430,multitask,space_invaders,10,23.0,1820
0,boundary,1499904,19430,multitask,freeway,1,11.0,25000
0,boundary,1499904,19430,multitask,freeway,2,9.0,25000
0,boundary,1499904,19430,multitask,freeway,3,4.0,25000
0,boundary,1499904,19430,multitask,freeway,4,8.0,25000
0,boundary,1499904,19430,multitask,freeway,5,16.0,25000
0,boundary,1499904,19430,multitask,freeway,6,10.0,25000
0,boundary,1499904,19430,multitask,freeway,7,5.0,25000
0,boundary,1499904,19430,multitask,freeway,8,12.0,25000
0,boundary,1499904,19430,multitask,freeway,9,11.0,25000
0,boundary,1499904,19430,multitask,freeway,10,11.0,25000
0,period,25344,919,multitask,breakout,1,0.0,130
0,period,25344,919,multitask,breakout,2,2.0,130
0,period,25344,919,multitask,breakout,3,1.0,130
0,period,25344,919,multitask,breakout,4,1.0,130
0,period,25344,919,multitask,breakout,5,1.0,130
0,period,25344,919,multitask,breakout,6,1.0,130
0,period,25344,919,multitask,breakout,7,0.0,130
0,period,25344,919,multitask,breakout,8,0.0,130
0,period,25344,919,multitask,breakout,9,1.0,130
0,period,25344,919,multitask,breakout,10,0.0,130
0,period,25344,919,multitask,space_invaders,1,4.0,549
0,period,25344,919,multitask,space_invaders,2,2.0,549
0,period,25344,919,multitask,space_invaders,3,4.0,549
0,period,25344,919,multitask,space_invaders,4,10.0,549
0,period,25344,919,multitask,space_invaders,5,3.0,549
0,period,25344,919,multitask,space_invaders,6,2.0,549
0,period,25344,919,multitask,space_invaders,7,12.0,549
0,period,25344,919,multitask,space_invaders,8,6.0,549
0,period,25344,919,multitask,space_invaders,9,1.0,549
0,period,25344,919,multitask,space_invaders,10,2.0,549
0,period,25344,919,multitask,freeway,1,0.0,25000
0,period,25344,919,multitask,freeway,2,1.0,25000
0,period,25344,919,multitask,freeway,3,0.0,25000
0,period,25344,919,multitask,freeway,4,0.0,25000
0,period,25344,919,multitask,freeway,5,0.0,25000
0,period,25344,919,multitask,freeway,6,0.0,25000
0,period,25344,919,multitask,freeway,7,0.0,25000
0,period,25344,919,multitask,freeway,8,0.0,25000
0,period,25344,919,multitask,freeway,9,0.0,25000
0,period,25344,919,multitask,freeway,10,0.0,25000
0,period,50688,1776,multitask,breakout,1,2.0,134
0,period,50688,1776,multitask,breakout,2,0.0,134
0,period,50688,1776,multitask,breakout,3,0.0,134
0,period,50688,1776,multitask,breakout,4,3.0,134
0,period,50688,1776,multitask,breakout,5,1.0,134
0,period,50688,1776,multitask,breakout,6,0.0,134
0,period,50688,1776,multitask,breakout,7,0.0,134
0,period,50688,1776,multitask,breakout,8,1.0,134
0,period,50688,1776,multitask,breakout,9,0.0,134
0,period,50688,1776,multitask,breakout,10,0.0,134
0,period,50688,1776,multitask,space_invaders,1,6.0,319
0,period,50688,1776,multitask,space_invaders,2,3.0,319
0,period,50688,1776,multitask,space_invaders,3,2.0,319
0,period,50688,1776,multitask,space_invaders,4,2.0,319
0,period,50688,1776,multitask,space_invaders,5,5.0,319
0,period,50688,1776,multitask,space_invaders,6,5.0,319
0,period,50688,1776,multitask,space_invaders,7,6.0,319
0,period,50688,1776,multitask,space_invaders,8,2.0,319
0,period,50688,1776,multitask,space_invaders,9,3.0,319
0,period,50688,1776,multitask,space_invaders,10,7.0,319
0,period,50688,1776,multitask,freeway,1,0.0,25000
0,period,50688,1776,multitask,freeway,2,0.0,25000
0,period,50688,1776,multitask,freeway,3,0.0,25000
0,period,50688,1776,multitask,freeway,4,0.0,25000
0,period,50688,1776,multitask,freeway,5,0.0,25000
0,period,50688,1776,multitask,freeway,6,0.0,25000
0,period,50688,1776,multitask,freeway,7,0.0,25000
0,period,50688,1776,multitask,freeway,8,0.0,25000
0,period,50688,1776,multitask,freeway,9,0.0,25000
0,period,50688,1776,multitask,freeway,10,0.0,25000
0,period,75264,2578,multitask,breakout,1,0.0,100
0,period,75264,2578,multitask,breakout,2,2.0,100
0,period,75264,2578,multitask,breakout,3,0.0,100
0,period,75264,2578,multitask,breakout,4,1.0,100
0,period,75264,2578,multitask,breakout,5,0.0,100
0,period,75264,2578,multitask,breakout,6,0.0,100
0,period,75264,2578,multitask,breakout,7,0.0,100
0,period,75264,2578,multitask,breakout,8,1.0,100
0,period,75264,2578,multitask,breakout,9,0.0,100
0,period,75264,2578,multitask,breakout,10,0.0,100
0,period,75264,2578,multitask,space_invaders,1,6.0,631
0,period,75264,2578,multitask,space_invaders,2,10.0,631
0,period,75264,2578,multitask,space_invaders,3,4.0,631
0,period,75264,2578,multitask,space_invaders,4,4.0,631
0,period,75264,2578,multitask,space_invaders,5,5.0,631
0,period,75264,2578,multitask,space_invaders,6,6.0,631
0,period,75264,2578,multitask,space_invaders,7,9.0,631
0,period,75264,2578,multitask,space_invaders,8,7.0,631
0,period,75264,2578,multitask,space_invaders,9,6.0,631
0,period,75264,2578,multitask,space_invaders,10,6.0,631
0,period,75264,2578,multitask,freeway,1,0.0,25000
0,period,75264,2578,multitask,freeway,2,0.0,25000
0,period,75264,2578,multitask,freeway,3,0.0,25000
0,period,75264,2578,multitask,freeway,4,0.0,25000
0,period,75264,2578,multitask,freeway,5,0.0,25000
0,period,75264,2578,multitask,freeway,6,0.0,25000
0,period,75264,2578,multitask,freeway,7,0.0,25000
0,period,75264,2578,multitask,freeway,8,0.0,25000
0,period,75264,2578,multitask,freeway,9,0.0,25000
0,period,75264,2578,multitask,freeway,10,0.0,25000
0,period,100608,3365,multitask,breakout,1,1.0,152
0,period,100608,3365,multitask,breakout,2,0.0,152
0,period,100608,3365,multitask,breakout,3,1.0,152
0,period,100608,3365,multitask,breakout,4,0.0,152
0,period,100608,3365,multitask,breakout,5,2.0,152
0,period,100608,3365,multitask,breakout,6,1.0,152
0,period,100608,3365,multitask,breakout,7,0.0,152
0,period,100608,3365,multitask,breakout,8,0.0,152
0,period,100608,3365,multitask,breakout,9,3.0,152
0,period,100608,3365,multitask,breakout,10,1.0,152
0,period,100608,3365,multitask,space_invaders,1,4.0,1023
0,period,100608,3365,multitask,space_invaders,2,4.0,1023
0,period,100608,3365,multitask,space_invaders,3,7.0,1023
0,period,100608,3365,multitask,space_invaders,4,6.0,1023
0,period,100608,3365,multitask,space_invaders,5,6.0,1023
0,period,100608,3365,multitask,space_invaders,6,12.0,1023
0,period,100608,3365,multitask,space_invaders,7,2.0,1023
0,period,100608,3365,multitask,space_invaders,8,4.0,1023
0,period,100608,3365,multitask,space_invaders,9,11.0,1023
0,period,100608,3365,multitask,space_invaders,10,2.0,1023
0,period,100608,3365,multitask,freeway,1,0.0,25000
0,period,100608,3365,multitask,freeway,2,0.0,25000
0,period,100608,3365,multitask,freeway,3,0.0,25000
0,period,100608,3365,multitask,freeway,4,0.0,25000
0,period,100608,3365,multitask,freeway,5,0.0,25000
0,period,100608,3365,multitask,freeway,6,0.0,25000
0,period,100608,3365,multitask,freeway,7,0.0,25000
0,period,100608,3365,multitask,freeway,8,0.0,25000
0,period,100608,3365,multitask,freeway,9,0.0,25000
0,period,100608,3365,multitask,freeway,10,0.0,25000
0,period,125184,4052,multitask,breakout,1,0.0,154
0,period,125184,4052,multitask,breakout,2,1.0,154
0,period,125184,4052,multitask,breakout,3,2.0,154
0,period,125184,4052,multitask,breakout,4,0.0,154
0,period,125184,4052,multitask,breakout,5,0.0,154
0,period,125184,4052,multitask,breakout,6,1.0,154
0,period,125184,4052,multitask,breakout,7,2.0,154
0,period,125184,4052,multitask,breakout,8,1.0,154
0,period,125184,4052,multitask,breakout,9,1.0,154
0,period,125184,4052,multitask,breakout,10,1.0,154
0,period,125184,4052,multitask,space_invaders,1,5.0,593
0,period,125184,4052,multitask,space_invaders,2,7.0,593
0,period,125184,4052,multitask,space_invaders,3,6.0,593
0,period,125184,4052,multitask,space_invaders,4,7.0,593
0,period,125184,4052,multitask,space_invaders,5,6.0,593
0,period,125184,4052,multitask,space_invaders,6,5.0,593
0,period,125184,4052,multitask,space_invaders,7,6.0,593
0,period,125184,4052,multitask,space_invaders,8,6.0,593
0,period,125184,4052,multitask,space_invaders,9,9.0,593
0,period,125184,4052,multitask,space_invaders,10,6.0,593
0,period,125184,4052,multitask,freeway,1,0.0,25000
0,period,125184,4052,multitask,freeway,2,0.0,25000
0,period,125184,4052,multitask,freeway,3,0.0,25000
0,period,125184,4052,multitask,freeway,4,0.0,25000
0,period,125184,4052,multitask,freeway,5,0.0,25000
0,period,125184,4052,multitask,freeway,6,0.0,25000
0,period,125184,4052,multitask,freeway,7,0.0,25000
0,period,125184,4052,multitask,freeway,8,0.0,25000
0,period,125184,4052,multitask,freeway,9,0.0,25000
0,period,125184,4052,multitask,freeway,10,1.0,25000
0,period,150528,4630,multitask,breakout,1,3.0,252
0,period,150528,4630,multitask,breakout,2,1.0,252
0,period,150528,4630,multitask,breakout,3,5.0,252
0,period,150528,4630,multitask,breakout,4,3.0,252
0,period,150528,4630,multitask,breakout,5,1.0,252
0,period,150528,4630,multitask,breakout,6,2.0,252
0,period,150528,4630,multitask,breakout,7,0.0,252
0,period,150528,4630,multitask,breakout,8,0.0,252
0,period,150528,4630,multitask,breakout,9,2.0,252
0,period,150528,4630,multitask,breakout,10,1.0,252
0,period,150528,4630,multitask,space_invaders,1,10.0,402
0,period,150528,4630,multitask,space_invaders,2,4.0,402
0,period,150528,4630,multitask,space_invaders,3,5.0,402
0,period,150528,4630,multitask,space_invaders,4,3.0,402
0,period,150528,4630,multitask,space_invaders,5,3.0,402
0,period,150528,4630,multitask,space_invaders,6,8.0,402
0,period,150528,4630,multitask,space_invaders,7,8.0,402
0,period,150528,4630,multitask,space_invaders,8,4.0,402
0,period,150528,4630,multitask,space_invaders,9,4.0,402
0,period,150528,4630,multitask,space_invaders,10,4.0,402
0,period,150528,4630,multitask,freeway,1,0.0,25000
0,period,150528,4630,multitask,freeway,2,0.0,25000
0,period,150528,4630,multitask,freeway,3,0.0,25000
0,period,150528,4630,multitask,freeway,4,0.0,25000
0,period,150528,4630,multitask,freeway,5,0.0,25000
0,period,150528,4630,multitask,freeway,6,0.0,25000
0,period,150528,4630,multitask,freeway,7,0.0,25000
0,period,150528,4630,multitask,freeway,8,0.0,25000
0,period,150528,4630,multitask,freeway,9,0.0,25000
0,period,150528,4630,multitask,freeway,10,0.0,25000
0,period,175104,5093,multitask,breakout,1,2.0,302
0,period,175104,5093,multitask,breakout,2,3.0,302
0,period,175104,5093,multitask,breakout,3,3.0,302
0,period,175104,5093,multitask,breakout,4,3.0,302
0,period,175104,5093,multitask,breakout,5,2.0,302
0,period,175104,5093,multitask,breakout,6,3.0,302
0,period,175104,5093,multitask,breakout,7,0.0,302
0,period,175104,5093,multitask,breakout,8,3.0,302
0,period,175104,5093,multitask,breakout,9,3.0,302
0,period,175104,5093,multitask,breakout,10,1.0,302
0,period,175104,5093,multitask,space_invaders,1,9.0,888
0,period,175104,5093,multitask,space_invaders,2,6.0,888
0,period,175104,5093,multitask,space_invaders,3,14.0,888
0,period,175104,5093,multitask,space_invaders,4,7.0,888
0,period,175104,5093,multitask,space_invaders,5,3.0,888
0,period,175104,5093,multitask,space_invaders,6,7.0,888
0,period,175104,5093,multitask,space_invaders,7,6.0,888
0,period,175104,5093,multitask,space_invaders,8,4.0,888
0,period,175104,5093,multitask,space_invaders,9,8.0,888
0,period,175104,5093,multitask,space_invaders,10,7.0,888
0,period,175104,5093,multitask,freeway,1,0.0,25000
0,period,175104,5093,multitask,freeway,2,0.0,25000
0,period,175104,5093,multitask,freeway,3,0.0,25000
0,period,175104,5093,multitask,freeway,4,0.0,25000
0,period,175104,5093,multitask,freeway,5,0.0,25000
0,period,175104,5093,multitask,freeway,6,0.0,25000
0,period,175104,5093,multitask,freeway,7,1.0,25000
0,period,175104,5093,multitask,freeway,8,0.0,25000
0,period,175104,5093,multitask,freeway,9,0.0,25000
0,period,175104,5093,multitask,freeway,10,0.0,25000
0,period,200448,5485,multitask,breakout,1,6.0,324
0,period,200448,5485,multitask,breakout,2,1.0,324
0,period,200448,5485,multitask,breakout,3,1.0,324
0,period,200448,5485,multitask,breakout,4,3.0,324
0,period,200448,5485,multitask,breakout,5,3.0,324
0,period,200448,5485,multitask,breakout,6,3.0,324
0,period,200448,5485,multitask,breakout,7,3.0,324
0,period,200448,5485,multitask,breakout,8,1.0,324
0,period,200448,5485,multitask,breakout,9,1.0,324
0,period,200448,5485,multitask,breakout,10,3.0,324
0,period,200448,5485,multitask,space_invaders,1,15.0,726
0,period,200448,5485,multitask,space_invaders,2,10.0,726
0,period,200448,5485,multitask,space_invaders,3,8.0,726
0,period,200448,5485,multitask,space_invaders,4,15.0,726
0,period,200448,5485,multitask,space_invaders,5,6.0,726
0,period,200448,5485,multitask,space_invaders,6,6.0,726
0,period,200448,5485,multitask,space_invaders,7,2.0,726
0,period,200448,5485,multitask,space_invaders,8,11.0,726
0,period,200448,5485,multitask,space_invaders,9,8.0,726
0,period,200448,5485,multitask,space_invaders,10,10.0,726
0,period,200448,5485,multitask,freeway,1,0.0,25000
0,period,200448,5485,multitask,freeway,2,0.0,25000
0,period,200448,5485,multitask,freeway,3,0.0,25000
0,period,200448,5485,multitask,freeway,4,0.0,25000
0,period,200448,5485,multitask,freeway,5,0.0,25000
0,period,200448,5485,multitask,freeway,6,0.0,25000
0,period,200448,5485,multitask,freeway,7,0.0,25000
0,period,200448,5485,multitask,freeway,8,0.0,25000
0,period,200448,5485,multitask,freeway,9,0.0,25000
0,period,200448,5485,multitask,freeway,10,0.0,25000
0,period,225024,5865,multitask,breakout,1,3.0,352
0,period,225024,5865,multitask,breakout,2,3.0,352
0,period,225024,5865,multitask,breakout,3,3.0,352
0,period,225024,5865,multitask,breakout,4,5.0,352
0,period,225024,5865,multitask,breakout,5,0.0,352
0,period,225024,5865,multitask,breakout,6,5.0,352
0,period,225024,5865,multitask,breakout,7,3.0,352
0,period,225024,5865,multitask,breakout,8,3.0,352
0,period,225024,5865,multitask,breakout,9,1.0,352
0,period,225024,5865,multitask,breakout,10,1.0,352
0,period,225024,5865,multitask,space_invaders,1,11.0,1106
0,period,225024,5865,multitask,space_invaders,2,22.0,1106
0,period,225024,5865,multitask,space_invaders,3,13.0,1106
0,period,225024,5865,multitask,space_invaders,4,11.0,1106
0,period,225024,5865,multitask,space_invaders,5,3.0,1106
0,period,225024,5865,multitask,space_invaders,6,4.0,1106
0,period,225024,5865,multitask,space_invaders,7,4.0,1106
0,period,225024,5865,multitask,space_invaders,8,8.0,1106
0,period,225024,5865,multitask,space_invaders,9,11.0,1106
0,period,225024,5865,multitask,space_invaders,10,13.0,1106
0,period,225024,5865,multitask,freeway,1,0.0,25000
0,period,225024,5865,multitask,freeway,2,0.0,25000
0,period,225024,5865,multitask,freeway,3,0.0,25000
0,period,225024,5865,multitask,freeway,4,0.0,25000
0,period,225024,5865,multitask,freeway,5,0.0,25000
0,period,225024,5865,multitask,freeway,6,0.0,25000
0,period,225024,5865,multitask,freeway,7,0.0,25000
0,period,225024,5865,multitask,freeway,8,0.0,25000
0,period,225024,5865,multitask,freeway,9,0.0,25000
0,period,225024,5865,multitask,freeway,10,0.0,25000
0,period,250368,6223,multitask,breakout,1,5.0,390
0,period,250368,6223,multitask,breakout,2,3.0,390
0,period,250368,6223,multitask,breakout,3,3.0,390
0,period,250368,6223,multitask,breakout,4,3.0,390
0,period,250368,6223,multitask,breakout,5,3.0,390
0,period,250368,6223,multitask,breakout,6,3.0,390
0,period,250368,6223,multitask,breakout,7,1.0,390
0,period,250368,6223,multitask,breakout,8,3.0,390
0,period,250368,6223,multitask,breakout,9,5.0,390
0,period,250368,6223,multitask,breakout,10,2.0,390
0,period,250368,6223,multitask,space_invaders,1,12.0,1265
0,period,250368,6223,multitask,space_invaders,2,12.0,1265
0,period,250368,6223,multitask,space_invaders,3,12.0,1265
0,period,250368,6223,multitask,space_invaders,4,5.0,1265
0,period,250368,6223,multitask,space_invaders,5,9.0,1265
0,period,250368,6223,multitask,space_invaders,6,7.0,1265
0,period,250368,6223,multitask,space_invaders,7,14.0,1265
0,period,250368,6223,multitask,space_invaders,8,14.0,1265
0,period,250368,6223,multitask,space_invaders,9,7.0,1265
0,period,250368,6223,multitask,space_invaders,10,15.0,1265
0,period,250368,6223,multitask,freeway,1,0.0,25000
0,period,250368,6223,multitask,freeway,2,0.0,25000
0,period,250368,6223,multitask,freeway,3,2.0,25000
0,period,250368,6223,multitask,freeway,4,0.0,25000
0,period,250368,6223,multitask,freeway,5,0.0,25000
0,period,250368,6223,multitask,freeway,6,0.0,25000
0,period,250368,6223,multitask,freeway,7,0.0,25000
0,period,250368,6223,multitask,freeway,8,0.0,25000
0,period,250368,6223,multitask,freeway,9,0.0,25000
0,period,250368,6223,multitask,freeway,10,1.0,25000
0,period,275712,6546,multitask,breakout,1,3.0,434
0,period,275712,6546,multitask,breakout,2,2.0,434
0,period,275712,6546,multitask,breakout,3,3.0,434
0,period,275712,6546,multitask,breakout,4,6.0,434
0,period,275712,6546,multitask,breakout,5,3.0,434
0,period,275712,6546,multitask,breakout,6,3.0,434
0,period,275712,6546,multitask,breakout,7,3.0,434
0,period,275712,6546,multitask,breakout,8,3.0,434
0,period,275712,6546,multitask,breakout,9,6.0,434
0,period,275712,6546,multitask,breakout,10,3.0,434
0,period,275712,6546,multitask,space_invaders,1,8.0,491
0,period,275712,6546,multitask,space_invaders,2,4.0,491
0,period,275712,6546,multitask,space_invaders,3,6.0,491
0,period,275712,6546,multitask,space_invaders,4,3.0,491
0,period,275712,6546,multitask,space_invaders,5,6.0,491
0,period,275712,6546,multitask,space_invaders,6,8.0,491
0,period,275712,6546,multitask,space_invaders,7,9.0,491
0,period,275712,6546,multitask,space_invaders,8,8.0,491
0,period,275712,6546,multitask,space_invaders,9,9.0,491
0,period,275712,6546,multitask,space_invaders,10,10.0,491
0,period,275712,6546,multitask,freeway,1,0.0,25000
0,period,275712,6546,multitask,freeway,2,0.0,25000
0,period,275712,6546,multitask,freeway,3,0.0,25000
0,period,275712,6546,multitask,freeway,4,0.0,25000
0,period,275712,6546,multitask,freeway,5,1.0,25000
0,period,275712,6546,multitask,freeway,6,1.0,25000
0,period,275712,6546,multitask,freeway,7,0.0,25000
0,period,275712,6546,multitask,freeway,8,0.0,25000
0,period,275712,6546,multitask,freeway,9,0.0,25000
0,period,275712,6546,multitask,freeway,10,0.0,25000
0,period,300288,6868,multitask,breakout,1,5.0,420
0,period,300288,6868,multitask,breakout,2,3.0,420
0,period,300288,6868,multitask,breakout,3,3.0,420
0,period,300288,6868,multitask,breakout,4,3.0,420
0,period,300288,6868,multitask,breakout,5,1.0,420
0,period,300288,6868,multitask,breakout,6,3.0,420
0,period,300288,6868,multitask,breakout,7,3.0,420
0,period,300288,6868,multitask,breakout,8,6.0,420
0,period,300288,6868,multitask,breakout,9,4.0,420
0,period,300288,6868,multitask,breakout,10,3.0,420
0,period,300288,6868,multitask,space_invaders,1,16.0,1028
0,period,300288,6868,multitask,space_invaders,2,6.0,1028
0,period,300288,6868,multitask,space_invaders,3,7.0,1028
0,period,300288,6868,multitask,space_invaders,4,12.0,1028
0,period,300288,6868,multitask,space_invaders,5,11.0,1028
0,period,300288,6868,multitask,space_invaders,6,19.0,1028
0,period,300288,6868,multitask,space_invaders,7,8.0,1028
0,period,300288,6868,multitask,space_invaders,8,13.0,1028
0,period,300288,6868,multitask,space_invaders,9,16.0,1028
0,period,300288,6868,multitask,space_invaders,10,8.0,1028
0,period,300288,6868,multitask,freeway,1,0.0,25000
0,period,300288,6868,multitask,freeway,2,1.0,25000
0,period,300288,6868,multitask,freeway,3,0.0,25000
0,period,300288,6868,multitask,freeway,4,0.0,25000
0,period,300288,6868,multitask,freeway,5,0.0,25000
0,period,300288,6868,multitask,freeway,6,0.0,25000
0,period,300288,6868,multitask,freeway,7,0.0,25000
0,period,300288,6868,multitask,freeway,8,0.0,25000
0,period,300288,6868,multitask,freeway,9,0.0,25000
0,period,300288,6868,multitask,freeway,10,0.0,25000
0,period,325632,7187,multitask,breakout,1,3.0,466
0,period,325632,7187,multitask,breakout,2,6.0,466
0,period,325632,7187,multitask,breakout,3,1.0,466
0,period,325632,7187,multitask,breakout,4,3.0,466
0,period,325632,7187,multitask,breakout,5,5.0,466
0,period,325632,7187,multitask,breakout,6,6.0,466
0,period,325632,7187,multitask,breakout,7,3.0,466
0,period,325632,7187,multitask,breakout,8,5.0,466
0,period,325632,7187,multitask,breakout,9,3.0,466
0,period,325632,7187,multitask,breakout,10,3.0,466
0,period,325632,7187,multitask,space_invaders,1,8.0,637
0,period,325632,7187,multitask,space_invaders,2,8.0,637
0,period,325632,7187,multitask,space_invaders,3,8.0,637
0,period,325632,7187,multitask,space_invaders,4,9.0,637
0,period,325632,7187,multitask,space_invaders,5,10.0,637
0,period,325632,7187,multitask,space_invaders,6,12.0,637
0,period,325632,7187,multitask,space_invaders,7,7.0,637
0,period,325632,7187,multitask,space_invaders,8,14.0,637
0,period,325632,7187,multitask,space_invaders,9,14.0,637
0,period,325632,7187,multitask,space_invaders,10,9.0,637
0,period,325632,7187,multitask,freeway,1,0.0,25000
0,period,325632,7187,multitask,freeway,2,0.0,25000
0,period,325632,7187,multitask,freeway,3,0.0,25000
0,period,325632,7187,multitask,freeway,4,0.0,25000
0,period,325632,7187,multitask,freeway,5,0.0,25000
0,period,325632,7187,multitask,freeway,6,0.0,25000
0,period,325632,7187,multitask,freeway,7,0.0,25000
0,period,325632,7187,multitask,freeway,8,0.0,25000
0,period,325632,7187,multitask,freeway,9,0.0,25000
0,period,325632,7187,multitask,freeway,10,0.0,25000
0,period,350208,7501,multitask,breakout,1,0.0,304
0,period,350208,7501,multitask,breakout,2,3.0,304
0,period,350208,7501,multitask,breakout,3,3.0,304
0,period,350208,7501,multitask,breakout,4,3.0,304
0,period,350208,7501,multitask,breakout,5,3.0,304
0,period,350208,7501,multitask,breakout,6,3.0,304
0,period,350208,7501,multitask,breakout,7,1.0,304
0,period,350208,7501,multitask,breakout,8,2.0,304
0,period,350208,7501,multitask,breakout,9,3.0,304
0,period,350208,7501,multitask,breakout,10,2.0,304
0,period,350208,7501,multitask,space_invaders,1,11.0,940
0,period,350208,7501,multitask,space_invaders,2,11.0,940
0,period,350208,7501,multitask,space_invaders,3,9.0,940
0,period,350208,7501,multitask,space_invaders,4,13.0,940
0,period,350208,7501,multitask,space_invaders,5,20.0,940
0,period,350208,7501,multitask,space_invaders,6,30.0,940
0,period,350208,7501,multitask,space_invaders,7,4.0,940
0,period,350208,7501,multitask,space_invaders,8,4.0,940
0,period,350208,7501,multitask,space_invaders,9,11.0,940
0,period,350208,7501,multitask,space_invaders,10,16.0,940
0,period,350208,7501,multitask,freeway,1,0.0,25000
0,period,350208,7501,multitask,freeway,2,0.0,25000
0,period,350208,7501,multitask,freeway,3,0.0,25000
0,period,350208,7501,multitask,freeway,4,0.0,25000
0,period,350208,7501,multitask,freeway,5,0.0,25000
0,period,350208,7501,multitask,freeway,6,0.0,25000
0,period,350208,7501,multitask,freeway,7,0.0,25000
0,period,350208,7501,multitask,freeway,8,0.0,25000
0,period,350208,7501,multitask,freeway,9,0.0,25000
0,period,350208,7501,multitask,freeway,10,0.0,25000
0,period,375552,7844,multitask,breakout,1,3.0,434
0,period,375552,7844,multitask,breakout,2,3.0,434
0,period,375552,7844,multitask,breakout,3,3.0,434
0,period,375552,7844,multitask,breakout,4,3.0,434
0,period,375552,7844,multitask,breakout,5,3.0,434
0,period,375552,7844,multitask,breakout,6,6.0,434
0,period,375552,7844,multitask,breakout,7,5.0,434
0,period,375552,7844,multitask,breakout,8,3.0,434
0,period,375552,7844,multitask,breakout,9,3.0,434
0,period,375552,7844,multitask,breakout,10,3.0,434
0,period,375552,7844,multitask,space_invaders,1,13.0,652
0,period,375552,7844,multitask,space_invaders,2,3.0,652
0,period,375552,7844,multitask,space_invaders,3,11.0,652
0,period,375552,7844,multitask,space_invaders,4,17.0,652
0,period,375552,7844,multitask,space_invaders,5,10.0,652
0,period,375552,7844,multitask,space_invaders,6,17.0,652
0,period,375552,7844,multitask,space_invaders,7,13.0,652
0,period,375552,7844,multitask,space_invaders,8,9.0,652
0,period,375552,7844,multitask,space_invaders,9,8.0,652
0,period,375552,7844,multitask,space_invaders,10,9.0,652
0,period,375552,7844,multitask,freeway,1,0.0,25000
0,period,375552,7844,multitask,freeway,2,0.0,25000
0,period,375552,7844,multitask,freeway,3,0.0,25000
0,period,375552,7844,multitask,freeway,4,0.0,25000
0,period,375552,7844,multitask,freeway,5,0.0,25000
0,period,375552,7844,multitask,freeway,6,0.0,25000
0,period,375552,7844,multitask,freeway,7,0.0,25000
0,period,375552,7844,multitask,freeway,8,0.0,25000
0,period,375552,7844,multitask,freeway,9,0.0,25000
0,period,375552,7844,multitask,freeway,10,0.0,25000
0,period,400128,8168,multitask,breakout,1,2.0,356
0,period,400128,8168,multitask,breakout,2,3.0,356
0,period,400128,8168,multitask,breakout,3,3.0,356
0,period,400128,8168,multitask,breakout,4,3.0,356
0,period,400128,8168,multitask,breakout,5,3.0,356
0,period,400128,8168,multitask,breakout,6,3.0,356
0,period,400128,8168,multitask,breakout,7,1.0,356
0,period,400128,8168,multitask,breakout,8,1.0,356
0,period,400128,8168,multitask,breakout,9,6.0,356
0,period,400128,8168,multitask,breakout,10,3.0,356
0,period,400128,8168,multitask,space_invaders,1,7.0,542
0,period,400128,8168,multitask,space_invaders,2,6.0,542
0,period,400128,8168,multitask,space_invaders,3,12.0,542
0,period,400128,8168,multitask,space_invaders,4,9.0,542
0,period,400128,8168,multitask,space_invaders,5,8.0,542
0,period,400128,8168,multitask,space_invaders,6,9.0,542
0,period,400128,8168,multitask,space_invaders,7,14.0,542
0,period,400128,8168,multitask,space_invaders,8,9.0,542
0,period,400128,8168,multitask,space_invaders,9,6.0,542
0,period,400128,8168,multitask,space_invaders,10,9.0,542
0,period,400128,8168,multitask,freeway,1,0.0,25000
0,period,400128,8168,multitask,freeway,2,0.0,25000
0,period,400128,8168,multitask,freeway,3,0.0,25000
0,period,400128,8168,multitask,freeway,4,0.0,25000
0,period,400128,8168,multitask,freeway,5,0.0,25000
0,period,400128,8168,multitask,freeway,6,0.0,25000
0,period,400128,8168,multitask,freeway,7,0.0,25000
0,period,400128,8168,multitask,freeway,8,0.0,25000
0,period,400128,8168,multitask,freeway,9,0.0,25000
0,period,400128,8168,multitask,freeway,10,0.0,25000
0,period,425472,8480,multitask,breakout,1,3.0,478
0,period,425472,8480,multitask,breakout,2,0.0,478
0,period,425472,8480,multitask,breakout,3,5.0,478
0,period,425472,8480,multitask,breakout,4,4.0,478
0,period,425472,8480,multitask,breakout,5,3.0,478
0,period,425472,8480,multitask,breakout,6,6.0,478
0,period,425472,8480,multitask,breakout,7,6.0,478
0,period,425472,8480,multitask,breakout,8,3.0,478
0,period,425472,8480,multitask,breakout,9,3.0,478
0,period,425472,8480,multitask,breakout,10,6.0,478
0,period,425472,8480,multitask,space_invaders,1,11.0,893
0,period,425472,8480,multitask,space_invaders,2,11.0,893
0,period,425472,8480,multitask,space_invaders,3,22.0,893
0,period,425472,8480,multitask,space_invaders,4,6.0,893
0,period,425472,8480,multitask,space_invaders,5,16.0,893
0,period,425472,8480,multitask,space_invaders,6,7.0,893
0,period,425472,8480,multitask,space_invaders,7,10.0,893
0,period,425472,8480,multitask,space_invaders,8,8.0,893
0,period,425472,8480,multitask,space_invaders,9,10.0,893
0,period,425472,8480,multitask,space_invaders,10,11.0,893
0,period,425472,8480,multitask,freeway,1,1.0,25000
0,period,425472,8480,multitask,freeway,2,0.0,25000
0,period,425472,8480,multitask,freeway,3,0.0,25000
0,period,425472,8480,multitask,freeway,4,0.0,25000
0,period,425472,8480,multitask,freeway,5,0.0,25000
0,period,425472,8480,multitask,freeway,6,0.0,25000
0,period,425472,8480,multitask,freeway,7,1.0,25000
0,period,425472,8480,multitask,freeway,8,0.0,25000
0,period,425472,8480,multitask,freeway,9,1.0,25000
0,period,425472,8480,multitask,freeway,10,0.0,25000
0,period,450048,8770,multitask,breakout,1,3.0,314
0,period,450048,8770,multitask,breakout,2,3.0,314
0,period,450048,8770,multitask,breakout,3,3.0,314
0,period,450048,8770,multitask,breakout,4,1.0,314
0,period,450048,8770,multitask,breakout,5,1.0,314
0,period,450048,8770,multitask,breakout,6,1.0,314
0,period,450048,8770,multitask,breakout,7,3.0,314
0,period,450048,8770,multitask,breakout,8,3.0,314
0,period,450048,8770,multitask,breakout,9,3.0,314
0,period,450048,8770,multitask,breakout,10,3.0,314
0,period,450048,8770,multitask,space_invaders,1,6.0,990
0,period,450048,8770,multitask,space_invaders,2,11.0,990
0,period,450048,8770,multitask,space_invaders,3,18.0,990
0,period,450048,8770,multitask,space_invaders,4,12.0,990
0,period,450048,8770,multitask,space_invaders,5,13.0,990
0,period,450048,8770,multitask,space_invaders,6,14.0,990
0,period,450048,8770,multitask,space_invaders,7,19.0,990
0,period,450048,8770,multitask,space_invaders,8,9.0,990
0,period,450048,8770,multitask,space_invaders,9,9.0,990
0,period,450048,8770,multitask,space_invaders,10,9.0,990
0,period,450048,8770,multitask,freeway,1,0.0,25000
0,period,450048,8770,multitask,freeway,2,0.0,25000
0,period,450048,8770,multitask,freeway,3,0.0,25000
0,period,450048,8770,multitask,freeway,4,1.0,25000
0,period,450048,8770,multitask,freeway,5,1.0,25000
0,period,450048,8770,multitask,freeway,6,0.0,25000
0,period,450048,8770,multitask,freeway,7,0.0,25000
0,period,450048,8770,multitask,freeway,8,0.0,25000
0,period,450048,8770,multitask,freeway,9,0.0,25000
0,period,450048,8770,multitask,freeway,10,0.0,25000
0,period,475392,9092,multitask,breakout,1,3.0,390
0,period,475392,9092,multitask,breakout,2,3.0,390
0,period,475392,9092,multitask,breakout,3,2.0,390
0,period,475392,9092,multitask,breakout,4,3.0,390
0,period,475392,9092,multitask,breakout,5,3.0,390
0,period,475392,9092,multitask,breakout,6,5.0,390
0,period,475392,9092,multitask,breakout,7,3.0,390
0,period,475392,9092,multitask,breakout,8,3.0,390
0,period,475392,9092,multitask,breakout,9,3.0,390
0,period,475392,9092,multitask,breakout,10,3.0,390
0,period,475392,9092,multitask,space_invaders,1,8.0,862
0,period,475392,9092,multitask,space_invaders,2,5.0,862
0,period,475392,9092,multitask,space_invaders,3,14.0,862
0,period,475392,9092,multitask,space_invaders,4,11.0,862
0,period,475392,9092,multitask,space_invaders,5,13.0,862
0,period,475392,9092,multitask,space_invaders,6,20.0,862
0,period,475392,9092,multitask,space_invaders,7,10.0,862
0,period,475392,9092,multitask,space_invaders,8,10.0,862
0,period,475392,9092,multitask,space_invaders,9,10.0,862
0,period,475392,9092,multitask,space_invaders,10,11.0,862
0,period,475392,9092,multitask,freeway,1,1.0,25000
0,period,475392,9092,multitask,freeway,2,0.0,25000
0,period,475392,9092,multitask,freeway,3,0.0,25000
0,period,475392,9092,multitask,freeway,4,0.0,25000
0,period,475392,9092,multitask,freeway,5,0.0,25000
0,period,475392,9092,multitask,freeway,6,0.0,25000
0,period,475392,9092,multitask,freeway,7,0.0,25000
0,period,475392,9092,multitask,freeway,8,0.0,25000
0,period,475392,9092,multitask,freeway,9,0.0,25000
0,period,475392,9092,multitask,freeway,10,0.0,25000
0,period,500736,9417,multitask,breakout,1,3.0,400
0,period,500736,9417,multitask,breakout,2,6.0,400
0,period,500736,9417,multitask,breakout,3,3.0,400
0,period,500736,9417,multitask,breakout,4,5.0,400
0,period,500736,9417,multitask,breakout,5,0.0,400
0,period,500736,9417,multitask,breakout,6,3.0,400
0,period,500736,9417,multitask,breakout,7,3.0,400
0,period,500736,9417,multitask,breakout,8,2.0,400
0,period,500736,9417,multitask,breakout,9,4.0,400
0,period,500736,9417,multitask,breakout,10,3.0,400
0,period,500736,9417,multitask,space_invaders,1,10.0,819
0,period,500736,9417,multitask,space_invaders,2,11.0,819
0,period,500736,9417,multitask,space_invaders,3,11.0,819
0,period,500736,9417,multitask,space_invaders,4,10.0,819
0,period,500736,9417,multitask,space_invaders,5,14.0,819
0,period,500736,9417,multitask,space_invaders,6,3.0,819
0,period,500736,9417,multitask,space_invaders,7,12.0,819
0,period,500736,9417,multitask,space_invaders,8,8.0,819
0,period,500736,9417,multitask,space_invaders,9,8.0,819
0,period,500736,9417,multitask,space_invaders,10,23.0,819
0,period,500736,9417,multitask,freeway,1,0.0,25000
0,period,500736,9417,multitask,freeway,2,0.0,25000
0,period,500736,9417,multitask,freeway,3,0.0,25000
0,period,500736,9417,multitask,freeway,4,0.0,25000
0,period,500736,9417,multitask,freeway,5,0.0,25000
0,period,500736,9417,multitask,freeway,6,0.0,25000
0,period,500736,9417,multitask,freeway,7,0.0,25000
0,period,500736,9417,multitask,freeway,8,0.0,25000
0,period,500736,9417,multitask,freeway,9,0.0,25000
0,period,500736,9417,multitask,freeway,10,0.0,25000
0,period,525312,9722,multitask,breakout,1,1.0,314
0,period,525312,9722,multitask,breakout,2,6.0,314
0,period,525312,9722,multitask,breakout,3,3.0,314
0,period,525312,9722,multitask,breakout,4,3.0,314
0,period,525312,9722,multitask,breakout,5,3.0,314
0,period,525312,9722,multitask,breakout,6,0.0,314
0,period,525312,9722,multitask,breakout,7,1.0,314
0,period,525312,9722,multitask,breakout,8,3.0,314
0,period,525312,9722,multitask,breakout,9,3.0,314
0,period,525312,9722,multitask,breakout,10,1.0,314
0,period,525312,9722,multitask,space_invaders,1,13.0,1217
0,period,525312,9722,multitask,space_invaders,2,10.0,1217
0,period,525312,9722,multitask,space_invaders,3,21.0,1217
0,period,525312,9722,multitask,space_invaders,4,9.0,1217
0,period,525312,9722,multitask,space_invaders,5,20.0,1217
0,period,525312,9722,multitask,space_invaders,6,16.0,1217
0,period,525312,9722,multitask,space_invaders,7,16.0,1217
0,period,525312,9722,multitask,space_invaders,8,11.0,1217
0,period,525312,9722,multitask,space_invaders,9,7.0,1217
0,period,525312,9722,multitask,space_invaders,10,9.0,1217
0,period,525312,9722,multitask,freeway,1,1.0,25000
0,period,525312,9722,multitask,freeway,2,1.0,25000
0,period,525312,9722,multitask,freeway,3,0.0,25000
0,period,525312,9722,multitask,freeway,4,0.0,25000
0,period,525312,9722,multitask,freeway,5,0.0,25000
0,period,525312,9722,multitask,freeway,6,0.0,25000
0,period,525312,9722,multitask,freeway,7,0.0,25000
0,period,525312,9722,multitask,freeway,8,0.0,25000
0,period,525312,9722,multitask,freeway,9,0.0,25000
0,period,525312,9722,multitask,freeway,10,0.0,25000
0,period,550656,10015,multitask,breakout,1,3.0,422
0,period,550656,10015,multitask,breakout,2,3.0,422
0,period,550656,10015,multitask,breakout,3,4.0,422
0,period,550656,10015,multitask,breakout,4,3.0,422
0,period,550656,10015,multitask,breakout,5,5.0,422
0,period,550656,10015,multitask,breakout,6,6.0,422
0,period,550656,10015,multitask,breakout,7,3.0,422
0,period,550656,10015,multitask,breakout,8,1.0,422
0,period,550656,10015,multitask,breakout,9,3.0,422
0,period,550656,10015,multitask,breakout,10,3.0,422
0,period,550656,10015,multitask,space_invaders,1,22.0,966
0,period,550656,10015,multitask,space_invaders,2,13.0,966
0,period,550656,10015,multitask,space_invaders,3,10.0,966
0,period,550656,10015,multitask,space_invaders,4,16.0,966
0,period,550656,10015,multitask,space_invaders,5,18.0,966
0,period,550656,10015,multitask,space_invaders,6,10.0,966
0,period,550656,10015,multitask,space_invaders,7,9.0,966
0,period,550656,10015,multitask,space_invaders,8,6.0,966
0,period,550656,10015,multitask,space_invaders,9,13.0,966
0,period,550656,10015,multitask,space_invaders,10,13.0,966
0,period,550656,10015,multitask,freeway,1,0.0,25000
0,period,550656,10015,multitask,freeway,2,0.0,25000
0,period,550656,10015,multitask,freeway,3,0.0,25000
0,period,550656,10015,multitask,freeway,4,0.0,25000
0,period,550656,10015,multitask,freeway,5,1.0,25000
0,period,550656,10015,multitask,freeway,6,1.0,25000
0,period,550656,10015,multitask,freeway,7,1.0,25000
0,period,550656,10015,multitask,freeway,8,1.0,25000
0,period,550656,10015,multitask,freeway,9,0.0,25000
0,period,550656,10015,multitask,freeway,10,0.0,25000
0,period,575232,10316,multitask,breakout,1,3.0,358
0,period,575232,10316,multitask,breakout,2,3.0,358
0,period,575232,10316,multitask,breakout,3,3.0,358
0,period,575232,10316,multitask,breakout,4,3.0,358
0,period,575232,10316,multitask,breakout,5,3.0,358
0,period,575232,10316,multitask,breakout,6,3.0,358
0,period,575232,10316,multitask,breakout,7,3.0,358
0,period,575232,10316,multitask,breakout,8,3.0,358
0,period,575232,10316,multitask,breakout,9,1.0,358
0,period,575232,10316,multitask,breakout,10,3.0,358
0,period,575232,10316,multitask,space_invaders,1,12.0,816
0,period,575232,10316,multitask,space_invaders,2,10.0,816
0,period,575232,10316,multitask,space_invaders,3,7.0,816
0,period,575232,10316,multitask,space_invaders,4,8.0,816
0,period,575232,10316,multitask,space_invaders,5,11.0,816
0,period,575232,10316,multitask,space_invaders,6,16.0,816
0,period,575232,10316,multitask,space_invaders,7,12.0,816
0,period,575232,10316,multitask,space_invaders,8,13.0,816
0,period,575232,10316,multitask,space_invaders,9,11.0,816
0,period,575232,10316,multitask,space_invaders,10,9.0,816
0,period,575232,10316,multitask,freeway,1,0.0,25000
0,period,575232,10316,multitask,freeway,2,0.0,25000
0,period,575232,10316,multitask,freeway,3,0.0,25000
0,period,575232,10316,multitask,freeway,4,0.0,25000
0,period,575232,10316,multitask,freeway,5,0.0,25000
0,period,575232,10316,multitask,freeway,6,0.0,25000
0,period,575232,10316,multitask,freeway,7,0.0,25000
0,period,575232,10316,multitask,freeway,8,0.0,25000
0,period,575232,10316,multitask,freeway,9,0.0,25000
0,period,575232,10316,multitask,freeway,10,0.0,25000
0,period,600576,10631,multitask,breakout,1,3.0,498
0,period,600576,10631,multitask,breakout,2,6.0,498
0,period,600576,10631,multitask,breakout,3,6.0,498
0,period,600576,10631,multitask,breakout,4,5.0,498
0,period,600576,10631,multitask,breakout,5,3.0,498
0,period,600576,10631,multitask,breakout,6,3.0,498
0,period,600576,10631,multitask,breakout,7,3.0,498
0,period,600576,10631,multitask,breakout,8,3.0,498
0,period,600576,10631,multitask,breakout,9,3.0,498
0,period,600576,10631,multitask,breakout,10,6.0,498
0,period,600576,10631,multitask,space_invaders,1,13.0,1087
0,period,600576,10631,multitask,space_invaders,2,6.0,1087
0,period,600576,10631,multitask,space_invaders,3,11.0,1087
0,period,600576,10631,multitask,space_invaders,4,10.0,1087
0,period,600576,10631,multitask,space_invaders,5,5.0,1087
0,period,600576,10631,multitask,space_invaders,6,11.0,1087
0,period,600576,10631,multitask,space_invaders,7,13.0,1087
0,period,600576,10631,multitask,space_invaders,8,9.0,1087
0,period,600576,10631,multitask,space_invaders,9,15.0,1087
0,period,600576,10631,multitask,space_invaders,10,13.0,1087
0,period,600576,10631,multitask,freeway,1,0.0,25000
0,period,600576,10631,multitask,freeway,2,0.0,25000
0,period,600576,10631,multitask,freeway,3,0.0,25000
0,period,600576,10631,multitask,freeway,4,0.0,25000
0,period,600576,10631,multitask,freeway,5,0.0,25000
0,period,600576,10631,multitask,freeway,6,0.0,25000
0,period,600576,10631,multitask,freeway,7,0.0,25000
0,period,600576,10631,multitask,freeway,8,0.0,25000
0,period,600576,10631,multitask,freeway,9,0.0,25000
0,period,600576,10631,multitask,freeway,10,0.0,25000
0,period,625152,10909,multitask,breakout,1,6.0,482
0,period,625152,10909,multitask,breakout,2,4.0,482
0,period,625152,10909,multitask,breakout,3,3.0,482
0,period,625152,10909,multitask,breakout,4,6.0,482
0,period,625152,10909,multitask,breakout,5,1.0,482
0,period,625152,10909,multitask,breakout,6,2.0,482
0,period,625152,10909,multitask,breakout,7,6.0,482
0,period,625152,10909,multitask,breakout,8,2.0,482
0,period,625152,10909,multitask,breakout,9,3.0,482
0,period,625152,10909,multitask,breakout,10,6.0,482
0,period,625152,10909,multitask,space_invaders,1,9.0,1157
0,period,625152,10909,multitask,space_invaders,2,16.0,1157
0,period,625152,10909,multitask,space_invaders,3,16.0,1157
0,period,625152,10909,multitask,space_invaders,4,23.0,1157
0,period,625152,10909,multitask,space_invaders,5,12.0,1157
0,period,625152,10909,multitask,space_invaders,6,20.0,1157
0,period,625152,10909,multitask,space_invaders,7,15.0,1157
0,period,625152,10909,multitask,space_invaders,8,14.0,1157
0,period,625152,10909,multitask,space_invaders,9,11.0,1157
0,period,625152,10909,multitask,space_invaders,10,18.0,1157
0,period,625152,10909,multitask,freeway,1,0.0,25000
0,period,625152,10909,multitask,freeway,2,0.0,25000
0,period,625152,10909,multitask,freeway,3,1.0,25000
0,period,625152,10909,multitask,freeway,4,0.0,25000
0,period,625152,10909,multitask,freeway,5,0.0,25000
0,period,625152,10909,multitask,freeway,6,0.0,25000
0,period,625152,10909,multitask,freeway,7,0.0,25000
0,period,625152,10909,multitask,freeway,8,0.0,25000
0,period,625152,10909,multitask,freeway,9,0.0,25000
0,period,625152,10909,multitask,freeway,10,0.0,25000
0,period,650496,11197,multitask,breakout,1,2.0,322
0,period,650496,11197,multitask,breakout,2,2.0,322
0,period,650496,11197,multitask,breakout,3,1.0,322
0,period,650496,11197,multitask,breakout,4,5.0,322
0,period,650496,11197,multitask,breakout,5,1.0,322
0,period,650496,11197,multitask,breakout,6,4.0,322
0,period,650496,11197,multitask,breakout,7,1.0,322
0,period,650496,11197,multitask,breakout,8,0.0,322
0,period,650496,11197,multitask,breakout,9,3.0,322
0,period,650496,11197,multitask,breakout,10,6.0,322
0,period,650496,11197,multitask,space_invaders,1,11.0,800
0,period,650496,11197,multitask,space_invaders,2,7.0,800
0,period,650496,11197,multitask,space_invaders,3,2.0,800
0,period,650496,11197,multitask,space_invaders,4,2.0,800
0,period,650496,11197,multitask,space_invaders,5,8.0,800
0,period,650496,11197,multitask,space_invaders,6,13.0,800
0,period,650496,11197,multitask,space_invaders,7,18.0,800
0,period,650496,11197,multitask,space_invaders,8,13.0,800
0,period,650496,11197,multitask,space_invaders,9,15.0,800
0,period,650496,11197,multitask,space_invaders,10,9.0,800
0,period,650496,11197,multitask,freeway,1,0.0,25000
0,period,650496,11197,multitask,freeway,2,2.0,25000
0,period,650496,11197,multitask,freeway,3,0.0,25000
0,period,650496,11197,multitask,freeway,4,0.0,25000
0,period,650496,11197,multitask,freeway,5,0.0,25000
0,period,650496,11197,multitask,freeway,6,1.0,25000
0,period,650496,11197,multitask,freeway,7,0.0,25000
0,period,650496,11197,multitask,freeway,8,0.0,25000
0,period,650496,11197,multitask,freeway,9,0.0,25000
0,period,650496,11197,multitask,freeway,10,0.0,25000
0,period,675072,11498,multitask,breakout,1,3.0,480
0,period,675072,11498,multitask,breakout,2,5.0,480
0,period,675072,11498,multitask,breakout,3,3.0,480
0,period,675072,11498,multitask,breakout,4,3.0,480
0,period,675072,11498,multitask,breakout,5,5.0,480
0,period,675072,11498,multitask,breakout,6,3.0,480
0,period,675072,11498,multitask,breakout,7,1.0,480
0,period,675072,11498,multitask,breakout,8,3.0,480
0,period,675072,11498,multitask,breakout,9,7.0,480
0,period,675072,11498,multitask,breakout,10,6.0,480
0,period,675072,11498,multitask,space_invaders,1,11.0,1345
0,period,675072,11498,multitask,space_invaders,2,14.0,1345
0,period,675072,11498,multitask,space_invaders,3,17.0,1345
0,period,675072,11498,multitask,space_invaders,4,18.0,1345
0,period,675072,11498,multitask,space_invaders,5,6.0,1345
0,period,675072,11498,multitask,space_invaders,6,33.0,1345
0,period,675072,11498,multitask,space_invaders,7,14.0,1345
0,period,675072,11498,multitask,space_invaders,8,16.0,1345
0,period,675072,11498,multitask,space_invaders,9,11.0,1345
0,period,675072,11498,multitask,space_invaders,10,21.0,1345
0,period,675072,11498,multitask,freeway,1,0.0,25000
0,period,675072,11498,multitask,freeway,2,0.0,25000
0,period,675072,11498,multitask,freeway,3,1.0,25000
0,period,675072,11498,multitask,freeway,4,0.0,25000
0,period,675072,11498,multitask,freeway,5,0.0,25000
0,period,675072,11498,multitask,freeway,6,0.0,25000
0,period,675072,11498,multitask,freeway,7,0.0,25000
0,period,675072,11498,multitask,freeway,8,0.0,25000
0,period,675072,11498,multitask,freeway,9,0.0,25000
0,period,675072,11498,multitask,freeway,10,0.0,25000
0,period,700416,11791,multitask,breakout,1,5.0,504
0,period,700416,11791,multitask,breakout,2,3.0,504
0,period,700416,11791,multitask,breakout,3,3.0,504
0,period,700416,11791,multitask,breakout,4,3.0,504
0,period,700416,11791,multitask,breakout,5,1.0,504
0,period,700416,11791,multitask,breakout,6,5.0,504
0,period,700416,11791,multitask,breakout,7,6.0,504
0,period,700416,11791,multitask,breakout,8,5.0,504
0,period,700416,11791,multitask,breakout,9,5.0,504
0,period,700416,11791,multitask,breakout,10,5.0,504
0,period,700416,11791,multitask,space_invaders,1,16.0,995
0,period,700416,11791,multitask,space_invaders,2,14.0,995
0,period,700416,11791,multitask,space_invaders,3,22.0,995
0,period,700416,11791,multitask,space_invaders,4,17.0,995
0,period,700416,11791,multitask,space_invaders,5,9.0,995
0,period,700416,11791,multitask,space_invaders,6,8.0,995
0,period,700416,11791,multitask,space_invaders,7,10.0,995
0,period,700416,11791,multitask,space_invaders,8,18.0,995
0,period,700416,11791,multitask,space_invaders,9,10.0,995
0,period,700416,11791,multitask,space_invaders,10,7.0,995
0,period,700416,11791,multitask,freeway,1,0.0,25000
0,period,700416,11791,multitask,freeway,2,0.0,25000
0,period,700416,11791,multitask,freeway,3,0.0,25000
0,period,700416,11791,multitask,freeway,4,0.0,25000
0,period,700416,11791,multitask,freeway,5,0.0,25000
0,period,700416,11791,multitask,freeway,6,2.0,25000
0,period,700416,11791,multitask,freeway,7,0.0,25000
0,period,700416,11791,multitask,freeway,8,0.0,25000
0,period,700416,11791,multitask,freeway,9,0.0,25000
0,period,700416,11791,multitask,freeway,10,0.0,25000
0,period,725760,12084,multitask,breakout,1,3.0,532
0,period,725760,12084,multitask,breakout,2,6.0,532
0,period,725760,12084,multitask,breakout,3,2.0,532
0,period,725760,12084,multitask,breakout,4,5.0,532
0,period,725760,12084,multitask,breakout,5,6.0,532
0,period,725760,12084,multitask,breakout,6,5.0,532
0,period,725760,12084,multitask,breakout,7,6.0,532
0,period,725760,12084,multitask,breakout,8,5.0,532
0,period,725760,12084,multitask,breakout,9,3.0,532
0,period,725760,12084,multitask,breakout,10,3.0,532
0,period,725760,12084,multitask,space_invaders,1,3.0,841
0,period,725760,12084,multitask,space_invaders,2,17.0,841
0,period,725760,12084,multitask,space_invaders,3,8.0,841
0,period,725760,12084,multitask,space_invaders,4,10.0,841
0,period,725760,12084,multitask,space_invaders,5,9.0,841
0,period,725760,12084,multitask,space_invaders,6,13.0,841
0,period,725760,12084,multitask,space_invaders,7,15.0,841
0,period,725760,12084,multitask,space_invaders,8,9.0,841
0,period,725760,12084,multitask,space_invaders,9,3.0,841
0,period,725760,12084,multitask,space_invaders,10,11.0,841
0,period,725760,12084,multitask,freeway,1,0.0,25000
0,period,725760,12084,multitask,freeway,2,1.0,25000
0,period,725760,12084,multitask,freeway,3,0.0,25000
0,period,725760,12084,multitask,freeway,4,1.0,25000
0,period,725760,12084,multitask,freeway,5,0.0,25000
0,period,725760,12084,multitask,freeway,6,0.0,25000
0,period,725760,12084,multitask,freeway,7,0.0,25000
0,period,725760,12084,multitask,freeway,8,0.0,25000
0,period,725760,12084,multitask,freeway,9,0.0,25000
0,period,725760,12084,multitask,freeway,10,0.0,25000
0,period,750336,12356,multitask,breakout,1,3.0,476
0,period,750336,12356,multitask,breakout,2,1.0,476
0,period,750336,12356,multitask,breakout,3,6.0,476
0,period,750336,12356,multitask,breakout,4,6.0,476
0,period,750336,12356,multitask,breakout,5,5.0,476
0,period,750336,12356,multitask,breakout,6,6.0,476
0,period,750336,12356,multitask,breakout,7,3.0,476
0,period,750336,12356,multitask,breakout,8,5.0,476
0,period,750336,12356,multitask,breakout,9,3.0,476
0,period,750336,12356,multitask,breakout,10,1.0,476
0,period,750336,12356,multitask,space_invaders,1,8.0,1081
0,period,750336,12356,multitask,space_invaders,2,12.0,1081
0,period,750336,12356,multitask,space_invaders,3,16.0,1081
0,period,750336,12356,multitask,space_invaders,4,16.0,1081
0,period,750336,12356,multitask,space_invaders,5,11.0,1081
0,period,750336,12356,multitask,space_invaders,6,5.0,1081
0,period,750336,12356,multitask,space_invaders,7,20.0,1081
0,period,750336,12356,multitask,space_invaders,8,9.0,1081
0,period,750336,12356,multitask,space_invaders,9,17.0,1081
0,period,750336,12356,multitask,space_invaders,10,22.0,1081
0,period,750336,12356,multitask,freeway,1,0.0,25000
0,period,750336,12356,multitask,freeway,2,0.0,25000
0,period,750336,12356,multitask,freeway,3,0.0,25000
0,period,750336,12356,multitask,freeway,4,0.0,25000
0,period,750336,12356,multitask,freeway,5,0.0,25000
0,period,750336,12356,multitask,freeway,6,0.0,25000
0,period,750336,12356,multitask,freeway,7,0.0,25000
0,period,750336,12356,multitask,freeway,8,1.0,25000
0,period,750336,12356,multitask,freeway,9,0.0,25000
0,period,750336,12356,multitask,freeway,10,0.0,25000
0,period,775680,12619,multitask,breakout,1,1.0,394
0,period,775680,12619,multitask,breakout,2,3.0,394
0,period,775680,12619,multitask,breakout,3,3.0,394
0,period,775680,12619,multitask,breakout,4,0.0,394
0,period,775680,12619,multitask,breakout,5,3.0,394
0,period,775680,12619,multitask,breakout,6,6.0,394
0,period,775680,12619,multitask,breakout,7,6.0,394
0,period,775680,12619,multitask,breakout,8,3.0,394
0,period,775680,12619,multitask,breakout,9,3.0,394
0,period,775680,12619,multitask,breakout,10,3.0,394
0,period,775680,12619,multitask,space_invaders,1,14.0,1110
0,period,775680,12619,multitask,space_invaders,2,18.0,1110
0,period,775680,12619,multitask,space_invaders,3,13.0,1110
0,period,775680,12619,multitask,space_invaders,4,13.0,1110
0,period,775680,12619,multitask,space_invaders,5,20.0,1110
0,period,775680,12619,multitask,space_invaders,6,18.0,1110
0,period,775680,12619,multitask,space_invaders,7,15.0,1110
0,period,775680,12619,multitask,space_invaders,8,6.0,1110
0,period,775680,12619,multitask,space_invaders,9,9.0,1110
0,period,775680,12619,multitask,space_invaders,10,11.0,1110
0,period,775680,12619,multitask,freeway,1,0.0,25000
0,period,775680,12619,multitask,freeway,2,1.0,25000
0,period,775680,12619,multitask,freeway,3,0.0,25000
0,period,775680,12619,multitask,freeway,4,0.0,25000
0,period,775680,12619,multitask,freeway,5,0.0,25000
0,period,775680,12619,multitask,freeway,6,0.0,25000
0,period,775680,12619,multitask,freeway,7,0.0,25000
0,period,775680,12619,multitask,freeway,8,0.0,25000
0,period,775680,12619,multitask,freeway,9,0.0,25000
0,period,775680,12619,multitask,freeway,10,0.0,25000
0,period,800256,12895,multitask,breakout,1,1.0,400
0,period,800256,12895,multitask,breakout,2,2.0,400
0,period,800256,12895,multitask,breakout,3,3.0,400
0,period,800256,12895,multitask,breakout,4,6.0,400
0,period,800256,12895,multitask,breakout,5,5.0,400
0,period,800256,12895,multitask,breakout,6,3.0,400
0,period,800256,12895,multitask,breakout,7,3.0,400
0,period,800256,12895,multitask,breakout,8,3.0,400
0,period,800256,12895,multitask,breakout,9,3.0,400
0,period,800256,12895,multitask,breakout,10,3.0,400
0,period,800256,12895,multitask,space_invaders,1,12.0,949
0,period,800256,12895,multitask,space_invaders,2,12.0,949
0,period,800256,12895,multitask,space_invaders,3,17.0,949
0,period,800256,12895,multitask,space_invaders,4,11.0,949
0,period,800256,12895,multitask,space_invaders,5,12.0,949
0,period,800256,12895,multitask,space_invaders,6,10.0,949
0,period,800256,12895,multitask,space_invaders,7,11.0,949
0,period,800256,12895,multitask,space_invaders,8,14.0,949
0,period,800256,12895,multitask,space_invaders,9,8.0,949
0,period,800256,12895,multitask,space_invaders,10,15.0,949
0,period,800256,12895,multitask,freeway,1,0.0,25000
0,period,800256,12895,multitask,freeway,2,0.0,25000
0,period,800256,12895,multitask,freeway,3,0.0,25000
0,period,800256,12895,multitask,freeway,4,0.0,25000
0,period,800256,12895,multitask,freeway,5,0.0,25000
0,period,800256,12895,multitask,freeway,6,0.0,25000
0,period,800256,12895,multitask,freeway,7,0.0,25000
0,period,800256,12895,multitask,freeway,8,0.0,25000
0,period,800256,12895,multitask,freeway,9,0.0,25000
0,period,800256,12895,multitask,freeway,10,0.0,25000
0,period,825600,13151,multitask,breakout,1,5.0,372
0,period,825600,13151,multitask,breakout,2,5.0,372
0,period,825600,13151,multitask,breakout,3,1.0,372
0,period,825600,13151,multitask,breakout,4,5.0,372
0,period,825600,13151,multitask,breakout,5,3.0,372
0,period,825600,13151,multitask,breakout,6,1.0,372
0,period,825600,13151,multitask,breakout,7,2.0,372
0,period,825600,13151,multitask,breakout,8,1.0,372
0,period,825600,13151,multitask,breakout,9,1.0,372
0,period,825600,13151,multitask,breakout,10,5.0,372
0,period,825600,13151,multitask,space_invaders,1,13.0,1268
0,period,825600,13151,multitask,space_invaders,2,45.0,1268
0,period,825600,13151,multitask,space_invaders,3,17.0,1268
0,period,825600,13151,multitask,space_invaders,4,10.0,1268
0,period,825600,13151,multitask,space_invaders,5,12.0,1268
0,period,825600,13151,multitask,space_invaders,6,10.0,1268
0,period,825600,13151,multitask,space_invaders,7,14.0,1268
0,period,825600,13151,multitask,space_invaders,8,12.0,1268
0,period,825600,13151,multitask,space_invaders,9,10.0,1268
0,period,825600,13151,multitask,space_invaders,10,13.0,1268
0,period,825600,13151,multitask,freeway,1,0.0,25000
0,period,825600,13151,multitask,freeway,2,0.0,25000
0,period,825600,13151,multitask,freeway,3,0.0,25000
0,period,825600,13151,multitask,freeway,4,0.0,25000
0,period,825600,13151,multitask,freeway,5,0.0,25000
0,period,825600,13151,multitask,freeway,6,0.0,25000
0,period,825600,13151,multitask,freeway,7,0.0,25000
0,period,825600,13151,multitask,freeway,8,0.0,25000
0,period,825600,13151,multitask,freeway,9,0.0,25000
0,period,825600,13151,multitask,freeway,10,0.0,25000
0,period,850176,13455,multitask,breakout,1,5.0,422
0,period,850176,13455,multitask,breakout,2,6.0,422
0,period,850176,13455,multitask,breakout,3,3.0,422
0,period,850176,13455,multitask,breakout,4,3.0,422
0,period,850176,13455,multitask,breakout,5,1.0,422
0,period,850176,13455,multitask,breakout,6,3.0,422
0,period,850176,13455,multitask,breakout,7,1.0,422
0,period,850176,13455,multitask,breakout,8,6.0,422
0,period,850176,13455,multitask,breakout,9,3.0,422
0,period,850176,13455,multitask,breakout,10,3.0,422
0,period,850176,13455,multitask,space_invaders,1,15.0,770
0,period,850176,13455,multitask,space_invaders,2,5.0,770
0,period,850176,13455,multitask,space_invaders,3,4.0,770
0,period,850176,13455,multitask,space_invaders,4,4.0,770
0,period,850176,13455,multitask,space_invaders,5,5.0,770
0,period,850176,13455,multitask,space_invaders,6,12.0,770
0,period,850176,13455,multitask,space_invaders,7,8.0,770
0,period,850176,13455,multitask,space_invaders,8,8.0,770
0,period,850176,13455,multitask,space_invaders,9,4.0,770
0,period,850176,13455,multitask,space_invaders,10,8.0,770
0,period,850176,13455,multitask,freeway,1,0.0,25000
0,period,850176,13455,multitask,freeway,2,0.0,25000
0,period,850176,13455,multitask,freeway,3,0.0,25000
0,period,850176,13455,multitask,freeway,4,0.0,25000
0,period,850176,13455,multitask,freeway,5,0.0,25000
0,period,850176,13455,multitask,freeway,6,0.0,25000
0,period,850176,13455,multitask,freeway,7,0.0,25000
0,period,850176,13455,multitask,freeway,8,0.0,25000
0,period,850176,13455,multitask,freeway,9,0.0,25000
0,period,850176,13455,multitask,freeway,10,0.0,25000
0,period,875520,13731,multitask,breakout,1,5.0,424
0,period,875520,13731,multitask,breakout,2,5.0,424
0,period,875520,13731,multitask,breakout,3,5.0,424
0,period,875520,13731,multitask,breakout,4,6.0,424
0,period,875520,13731,multitask,breakout,5,1.0,424
0,period,875520,13731,multitask,breakout,6,1.0,424
0,period,875520,13731,multitask,breakout,7,3.0,424
0,period,875520,13731,multitask,breakout,8,3.0,424
0,period,875520,13731,multitask,breakout,9,2.0,424
0,period,875520,13731,multitask,breakout,10,3.0,424
0,period,875520,13731,multitask,space_invaders,1,5.0,818
0,period,875520,13731,multitask,space_invaders,2,5.0,818
0,period,875520,13731,multitask,space_invaders,3,9.0,818
0,period,875520,13731,multitask,space_invaders,4,9.0,818
0,period,875520,13731,multitask,space_invaders,5,6.0,818
0,period,875520,13731,multitask,space_invaders,6,7.0,818
0,period,875520,13731,multitask,space_invaders,7,10.0,818
0,period,875520,13731,multitask,space_invaders,8,13.0,818
0,period,875520,13731,multitask,space_invaders,9,5.0,818
0,period,875520,13731,multitask,space_invaders,10,11.0,818
0,period,875520,13731,multitask,freeway,1,0.0,25000
0,period,875520,13731,multitask,freeway,2,0.0,25000
0,period,875520,13731,multitask,freeway,3,0.0,25000
0,period,875520,13731,multitask,freeway,4,1.0,25000
0,period,875520,13731,multitask,freeway,5,0.0,25000
0,period,875520,13731,multitask,freeway,6,0.0,25000
0,period,875520,13731,multitask,freeway,7,0.0,25000
0,period,875520,13731,multitask,freeway,8,0.0,25000
0,period,875520,13731,multitask,freeway,9,0.0,25000
0,period,875520,13731,multitask,freeway,10,0.0,25000
0,period,900096,13978,multitask,breakout,1,5.0,502
0,period,900096,13978,multitask,breakout,2,3.0,502
0,period,900096,13978,multitask,breakout,3,5.0,502
0,period,900096,13978,multitask,breakout,4,5.0,502
0,period,900096,13978,multitask,breakout,5,6.0,502
0,period,900096,13978,multitask,breakout,6,3.0,502
0,period,900096,13978,multitask,breakout,7,3.0,502
0,period,900096,13978,multitask,breakout,8,6.0,502
0,period,900096,13978,multitask,breakout,9,2.0,502
0,period,900096,13978,multitask,breakout,10,3.0,502
0,period,900096,13978,multitask,space_invaders,1,12.0,1372
0,period,900096,13978,multitask,space_invaders,2,7.0,1372
0,period,900096,13978,multitask,space_invaders,3,5.0,1372
0,period,900096,13978,multitask,space_invaders,4,23.0,1372
0,period,900096,13978,multitask,space_invaders,5,9.0,1372
0,period,900096,13978,multitask,space_invaders,6,20.0,1372
0,period,900096,13978,multitask,space_invaders,7,4.0,1372
0,period,900096,13978,multitask,space_invaders,8,5.0,1372
0,period,900096,13978,multitask,space_invaders,9,9.0,1372
0,period,900096,13978,multitask,space_invaders,10,19.0,1372
0,period,900096,13978,multitask,freeway,1,0.0,25000
0,period,900096,13978,multitask,freeway,2,0.0,25000
0,period,900096,13978,multitask,freeway,3,1.0,25000
0,period,900096,13978,multitask,freeway,4,0.0,25000
0,period,900096,13978,multitask,freeway,5,1.0,25000
0,period,900096,13978,multitask,freeway,6,0.0,25000
0,period,900096,13978,multitask,freeway,7,0.0,25000
0,period,900096,13978,multitask,freeway,8,0.0,25000
0,period,900096,13978,multitask,freeway,9,0.0,25000
0,period,900096,13978,multitask,freeway,10,0.0,25000
0,period,925440,14223,multitask,breakout,1,3.0,448
0,period,925440,14223,multitask,breakout,2,3.0,448
0,period,925440,14223,multitask,breakout,3,3.0,448
0,period,925440,14223,multitask,breakout,4,3.0,448
0,period,925440,14223,multitask,breakout,5,2.0,448
0,period,925440,14223,multitask,breakout,6,3.0,448
0,period,925440,14223,multitask,breakout,7,6.0,448
0,period,925440,14223,multitask,breakout,8,3.0,448
0,period,925440,14223,multitask,breakout,9,5.0,448
0,period,925440,14223,multitask,breakout,10,5.0,448
0,period,925440,14223,multitask,space_invaders,1,9.0,1081
0,period,925440,14223,multitask,space_invaders,2,9.0,1081
0,period,925440,14223,multitask,space_invaders,3,5.0,1081
0,period,925440,14223,multitask,space_invaders,4,5.0,1081
0,period,925440,14223,multitask,space_invaders,5,4.0,1081
0,period,925440,14223,multitask,space_invaders,6,21.0,1081
0,period,925440,14223,multitask,space_invaders,7,6.0,1081
0,period,925440,14223,multitask,space_invaders,8,7.0,1081
0,period,925440,14223,multitask,space_invaders,9,9.0,1081
0,period,925440,14223,multitask,space_invaders,10,11.0,1081
0,period,925440,14223,multitask,freeway,1,0.0,25000
0,period,925440,14223,multitask,freeway,2,1.0,25000
0,period,925440,14223,multitask,freeway,3,0.0,25000
0,period,925440,14223,multitask,freeway,4,1.0,25000
0,period,925440,14223,multitask,freeway,5,0.0,25000
0,period,925440,14223,multitask,freeway,6,1.0,25000
0,period,925440,14223,multitask,freeway,7,0.0,25000
0,period,925440,14223,multitask,freeway,8,0.0,25000
0,period,925440,14223,multitask,freeway,9,0.0,25000
0,period,925440,14223,multitask,freeway,10,0.0,25000
0,period,950016,14481,multitask,breakout,1,6.0,608
0,period,950016,14481,multitask,breakout,2,4.0,608
0,period,950016,14481,multitask,breakout,3,5.0,608
0,period,950016,14481,multitask,breakout,4,5.0,608
0,period,950016,14481,multitask,breakout,5,6.0,608
0,period,950016,14481,multitask,breakout,6,6.0,608
0,period,950016,14481,multitask,breakout,7,1.0,608
0,period,950016,14481,multitask,breakout,8,6.0,608
0,period,950016,14481,multitask,breakout,9,6.0,608
0,period,950016,14481,multitask,breakout,10,6.0,608
0,period,950016,14481,multitask,space_invaders,1,8.0,658
0,period,950016,14481,multitask,space_invaders,2,4.0,658
0,period,950016,14481,multitask,space_invaders,3,12.0,658
0,period,950016,14481,multitask,space_invaders,4,7.0,658
0,period,950016,14481,multitask,space_invaders,5,3.0,658
0,period,950016,14481,multitask,space_invaders,6,8.0,658
0,period,950016,14481,multitask,space_invaders,7,3.0,658
0,period,950016,14481,multitask,space_invaders,8,13.0,658
0,period,950016,14481,multitask,space_invaders,9,5.0,658
0,period,950016,14481,multitask,space_invaders,10,5.0,658
0,period,950016,14481,multitask,freeway,1,0.0,25000
0,period,950016,14481,multitask,freeway,2,1.0,25000
0,period,950016,14481,multitask,freeway,3,1.0,25000
0,period,950016,14481,multitask,freeway,4,0.0,25000
0,period,950016,14481,multitask,freeway,5,0.0,25000
0,period,950016,14481,multitask,freeway,6,1.0,25000
0,period,950016,14481,multitask,freeway,7,0.0,25000
0,period,950016,14481,multitask,freeway,8,0.0,25000
0,period,950016,14481,multitask,freeway,9,0.0,25000
0,period,950016,14481,multitask,freeway,10,0.0,25000
0,period,975360,14743,multitask,breakout,1,2.0,554
0,period,975360,14743,multitask,breakout,2,3.0,554
0,period,975360,14743,multitask,breakout,3,6.0,554
0,period,975360,14743,multitask,breakout,4,5.0,554
0,period,975360,14743,multitask,breakout,5,3.0,554
0,period,975360,14743,multitask,breakout,6,6.0,554
0,period,975360,14743,multitask,breakout,7,5.0,554
0,period,975360,14743,multitask,breakout,8,5.0,554
0,period,975360,14743,multitask,breakout,9,5.0,554
0,period,975360,14743,multitask,breakout,10,6.0,554
0,period,975360,14743,multitask,space_invaders,1,8.0,893
0,period,975360,14743,multitask,space_invaders,2,5.0,893
0,period,975360,14743,multitask,space_invaders,3,12.0,893
0,period,975360,14743,multitask,space_invaders,4,4.0,893
0,period,975360,14743,multitask,space_invaders,5,9.0,893
0,period,975360,14743,multitask,space_invaders,6,9.0,893
0,period,975360,14743,multitask,space_invaders,7,11.0,893
0,period,975360,14743,multitask,space_invaders,8,14.0,893
0,period,975360,14743,multitask,space_invaders,9,16.0,893
0,period,975360,14743,multitask,space_invaders,10,7.0,893
0,period,975360,14743,multitask,freeway,1,0.0,25000
0,period,975360,14743,multitask,freeway,2,0.0,25000
0,period,975360,14743,multitask,freeway,3,1.0,25000
0,period,975360,14743,multitask,freeway,4,0.0,25000
0,period,975360,14743,multitask,freeway,5,0.0,25000
0,period,975360,14743,multitask,freeway,6,0.0,25000
0,period,975360,14743,multitask,freeway,7,0.0,25000
0,period,975360,14743,multitask,freeway,8,0.0,25000
0,period,975360,14743,multitask,freeway,9,0.0,25000
0,period,975360,14743,multitask,freeway,10,0.0,25000
0,period,1000704,14984,multitask,breakout,1,1.0,318
0,period,1000704,14984,multitask,breakout,2,4.0,318
0,period,1000704,14984,multitask,breakout,3,5.0,318
0,period,1000704,14984,multitask,breakout,4,1.0,318
0,period,1000704,14984,multitask,breakout,5,5.0,318
0,period,1000704,14984,multitask,breakout,6,1.0,318
0,period,1000704,14984,multitask,breakout,7,1.0,318
0,period,1000704,14984,multitask,breakout,8,3.0,318
0,period,1000704,14984,multitask,breakout,9,1.0,318
0,period,1000704,14984,multitask,breakout,10,2.0,318
0,period,1000704,14984,multitask,space_invaders,1,20.0,1365
0,period,1000704,14984,multitask,space_invaders,2,5.0,1365
0,period,1000704,14984,multitask,space_invaders,3,18.0,1365
0,period,1000704,14984,multitask,space_invaders,4,11.0,1365
0,period,1000704,14984,multitask,space_invaders,5,7.0,1365
0,period,1000704,14984,multitask,space_invaders,6,18.0,1365
0,period,1000704,14984,multitask,space_invaders,7,6.0,1365
0,period,1000704,14984,multitask,space_invaders,8,9.0,1365
0,period,1000704,14984,multitask,space_invaders,9,21.0,1365
0,period,1000704,14984,multitask,space_invaders,10,4.0,1365
0,period,1000704,14984,multitask,freeway,1,1.0,25000
0,period,1000704,14984,multitask,freeway,2,0.0,25000
0,period,1000704,14984,multitask,freeway,3,1.0,25000
0,period,1000704,14984,multitask,freeway,4,0.0,25000
0,period,1000704,14984,multitask,freeway,5,0.0,25000
0,period,1000704,14984,multitask,freeway,6,0.0,25000
0,period,1000704,14984,multitask,freeway,7,1.0,25000
0,period,1000704,14984,multitask,freeway,8,0.0,25000
0,period,1000704,14984,multitask,freeway,9,2.0,25000
0,period,1000704,14984,multitask,freeway,10,0.0,25000
0,period,1025280,15242,multitask,breakout,1,2.0,518
0,period,1025280,15242,multitask,breakout,2,5.0,518
0,period,1025280,15242,multitask,breakout,3,6.0,518
0,period,1025280,15242,multitask,breakout,4,3.0,518
0,period,1025280,15242,multitask,breakout,5,5.0,518
0,period,1025280,15242,multitask,breakout,6,6.0,518
0,period,1025280,15242,multitask,breakout,7,6.0,518
0,period,1025280,15242,multitask,breakout,8,5.0,518
0,period,1025280,15242,multitask,breakout,9,3.0,518
0,period,1025280,15242,multitask,breakout,10,2.0,518
0,period,1025280,15242,multitask,space_invaders,1,4.0,1175
0,period,1025280,15242,multitask,space_invaders,2,7.0,1175
0,period,1025280,15242,multitask,space_invaders,3,15.0,1175
0,period,1025280,15242,multitask,space_invaders,4,7.0,1175
0,period,1025280,15242,multitask,space_invaders,5,13.0,1175
0,period,1025280,15242,multitask,space_invaders,6,9.0,1175
0,period,1025280,15242,multitask,space_invaders,7,15.0,1175
0,period,1025280,15242,multitask,space_invaders,8,9.0,1175
0,period,1025280,15242,multitask,space_invaders,9,5.0,1175
0,period,1025280,15242,multitask,space_invaders,10,8.0,1175
0,period,1025280,15242,multitask,freeway,1,0.0,25000
0,period,1025280,15242,multitask,freeway,2,1.0,25000
0,period,1025280,15242,multitask,freeway,3,0.0,25000
0,period,1025280,15242,multitask,freeway,4,1.0,25000
0,period,1025280,15242,multitask,freeway,5,0.0,25000
0,period,1025280,15242,multitask,freeway,6,1.0,25000
0,period,1025280,15242,multitask,freeway,7,0.0,25000
0,period,1025280,15242,multitask,freeway,8,0.0,25000
0,period,1025280,15242,multitask,freeway,9,2.0,25000
0,period,1025280,15242,multitask,freeway,10,1.0,25000
0,period,1050624,15496,multitask,breakout,1,0.0,270
0,period,1050624,15496,multitask,breakout,2,1.0,270
0,period,1050624,15496,multitask,breakout,3,3.0,270
0,period,1050624,15496,multitask,breakout,4,1.0,270
0,period,1050624,15496,multitask,breakout,5,1.0,270
0,period,1050624,15496,multitask,breakout,6,3.0,270
0,period,1050624,15496,multitask,breakout,7,3.0,270
0,period,1050624,15496,multitask,breakout,8,1.0,270
0,period,1050624,15496,multitask,breakout,9,3.0,270
0,period,1050624,15496,multitask,breakout,10,4.0,270
0,period,1050624,15496,multitask,space_invaders,1,19.0,1196
0,period,1050624,15496,multitask,space_invaders,2,4.0,1196
0,period,1050624,15496,multitask,space_invaders,3,15.0,1196
0,period,1050624,15496,multitask,space_invaders,4,6.0,1196
0,period,1050624,15496,multitask,space_invaders,5,6.0,1196
0,period,1050624,15496,multitask,space_invaders,6,17.0,1196
0,period,1050624,15496,multitask,space_invaders,7,17.0,1196
0,period,1050624,15496,multitask,space_invaders,8,4.0,1196
0,period,1050624,15496,multitask,space_invaders,9,17.0,1196
0,period,1050624,15496,multitask,space_invaders,10,18.0,1196
0,period,1050624,15496,multitask,freeway,1,0.0,25000
0,period,1050624,15496,multitask,freeway,2,1.0,25000
0,period,1050624,15496,multitask,freeway,3,1.0,25000
0,period,1050624,15496,multitask,freeway,4,1.0,25000
0,period,1050624,15496,multitask,freeway,5,1.0,25000
0,period,1050624,15496,multitask,freeway,6,2.0,25000
0,period,1050624,15496,multitask,freeway,7,0.0,25000
0,period,1050624,15496,multitask,freeway,8,0.0,25000
0,period,1050624,15496,multitask,freeway,9,0.0,25000
0,period,1050624,15496,multitask,freeway,10,3.0,25000
0,period,1075200,15744,multitask,breakout,1,6.0,490
0,period,1075200,15744,multitask,breakout,2,2.0,490
0,period,1075200,15744,multitask,breakout,3,5.0,490
0,period,1075200,15744,multitask,breakout,4,3.0,490
0,period,1075200,15744,multitask,breakout,5,5.0,490
0,period,1075200,15744,multitask,breakout,6,2.0,490
0,period,1075200,15744,multitask,breakout,7,5.0,490
0,period,1075200,15744,multitask,breakout,8,5.0,490
0,period,1075200,15744,multitask,breakout,9,6.0,490
0,period,1075200,15744,multitask,breakout,10,1.0,490
0,period,1075200,15744,multitask,space_invaders,1,5.0,1093
0,period,1075200,15744,multitask,space_invaders,2,22.0,1093
0,period,1075200,15744,multitask,space_invaders,3,15.0,1093
0,period,1075200,15744,multitask,space_invaders,4,15.0,1093
0,period,1075200,15744,multitask,space_invaders,5,13.0,1093
0,period,1075200,15744,multitask,space_invaders,6,4.0,1093
0,period,1075200,15744,multitask,space_invaders,7,9.0,1093
0,period,1075200,15744,multitask,space_invaders,8,6.0,1093
0,period,1075200,15744,multitask,space_invaders,9,12.0,1093
0,period,1075200,15744,multitask,space_invaders,10,10.0,1093
0,period,1075200,15744,multitask,freeway,1,0.0,25000
0,period,1075200,15744,multitask,freeway,2,0.0,25000
0,period,1075200,15744,multitask,freeway,3,0.0,25000
0,period,1075200,15744,multitask,freeway,4,0.0,25000
0,period,1075200,15744,multitask,freeway,5,2.0,25000
0,period,1075200,15744,multitask,freeway,6,1.0,25000
0,period,1075200,15744,multitask,freeway,7,4.0,25000
0,period,1075200,15744,multitask,freeway,8,1.0,25000
0,period,1075200,15744,multitask,freeway,9,2.0,25000
0,period,1075200,15744,multitask,freeway,10,2.0,25000
0,period,1100544,15997,multitask,breakout,1,2.0,562
0,period,1100544,15997,multitask,breakout,2,5.0,562
0,period,1100544,15997,multitask,breakout,3,5.0,562
0,period,1100544,15997,multitask,breakout,4,5.0,562
0,period,1100544,15997,multitask,breakout,5,6.0,562
0,period,1100544,15997,multitask,breakout,6,6.0,562
0,period,1100544,15997,multitask,breakout,7,6.0,562
0,period,1100544,15997,multitask,breakout,8,5.0,562
0,period,1100544,15997,multitask,breakout,9,5.0,562
0,period,1100544,15997,multitask,breakout,10,2.0,562
0,period,1100544,15997,multitask,space_invaders,1,9.0,968
0,period,1100544,15997,multitask,space_invaders,2,2.0,968
0,period,1100544,15997,multitask,space_invaders,3,8.0,968
0,period,1100544,15997,multitask,space_invaders,4,8.0,968
0,period,1100544,15997,multitask,space_invaders,5,12.0,968
0,period,1100544,15997,multitask,space_invaders,6,8.0,968
0,period,1100544,15997,multitask,space_invaders,7,21.0,968
0,period,1100544,15997,multitask,space_invaders,8,3.0,968
0,period,1100544,15997,multitask,space_invaders,9,9.0,968
0,period,1100544,15997,multitask,space_invaders,10,12.0,968
0,period,1100544,15997,multitask,freeway,1,0.0,25000
0,period,1100544,15997,multitask,freeway,2,1.0,25000
0,period,1100544,15997,multitask,freeway,3,0.0,25000
0,period,1100544,15997,multitask,freeway,4,1.0,25000
0,period,1100544,15997,multitask,freeway,5,1.0,25000
0,period,1100544,15997,multitask,freeway,6,0.0,25000
0,period,1100544,15997,multitask,freeway,7,1.0,25000
0,period,1100544,15997,multitask,freeway,8,0.0,25000
0,period,1100544,15997,multitask,freeway,9,0.0,25000
0,period,1100544,15997,multitask,freeway,10,3.0,25000
0,period,1125120,16210,multitask,breakout,1,3.0,478
0,period,1125120,16210,multitask,breakout,2,3.0,478
0,period,1125120,16210,multitask,breakout,3,3.0,478
0,period,1125120,16210,multitask,breakout,4,6.0,478
0,period,1125120,16210,multitask,breakout,5,3.0,478
0,period,1125120,16210,multitask,breakout,6,6.0,478
0,period,1125120,16210,multitask,breakout,7,3.0,478
0,period,1125120,16210,multitask,breakout,8,6.0,478
0,period,1125120,16210,multitask,breakout,9,3.0,478
0,period,1125120,16210,multitask,breakout,10,3.0,478
0,period,1125120,16210,multitask,space_invaders,1,14.0,1576
0,period,1125120,16210,multitask,space_invaders,2,9.0,1576
0,period,1125120,16210,multitask,space_invaders,3,21.0,1576
0,period,1125120,16210,multitask,space_invaders,4,13.0,1576
0,period,1125120,16210,multitask,space_invaders,5,21.0,1576
0,period,1125120,16210,multitask,space_invaders,6,9.0,1576
0,period,1125120,16210,multitask,space_invaders,7,20.0,1576
0,period,1125120,16210,multitask,space_invaders,8,19.0,1576
0,period,1125120,16210,multitask,space_invaders,9,26.0,1576
0,period,1125120,16210,multitask,space_invaders,10,7.0,1576
0,period,1125120,16210,multitask,freeway,1,1.0,25000
0,period,1125120,16210,multitask,freeway,2,1.0,25000
0,period,1125120,16210,multitask,freeway,3,2.0,25000
0,period,1125120,16210,multitask,freeway,4,0.0,25000
0,period,1125120,16210,multitask,freeway,5,0.0,25000
0,period,1125120,16210,multitask,freeway,6,0.0,25000
0,period,1125120,16210,multitask,freeway,7,2.0,25000
0,period,1125120,16210,multitask,freeway,8,2.0,25000
0,period,1125120,16210,multitask,freeway,9,1.0,25000
0,period,1125120,16210,multitask,freeway,10,1.0,25000
0,period,1150464,16428,multitask,breakout,1,3.0,502
0,period,1150464,16428,multitask,breakout,2,2.0,502
0,period,1150464,16428,multitask,breakout,3,6.0,502
0,period,1150464,16428,multitask,breakout,4,3.0,502
0,period,1150464,16428,multitask,breakout,5,6.0,502
0,period,1150464,16428,multitask,breakout,6,3.0,502
0,period,1150464,16428,multitask,breakout,7,3.0,502
0,period,1150464,16428,multitask,breakout,8,6.0,502
0,period,1150464,16428,multitask,breakout,9,3.0,502
0,period,1150464,16428,multitask,breakout,10,6.0,502
0,period,1150464,16428,multitask,space_invaders,1,14.0,1229
0,period,1150464,16428,multitask,space_invaders,2,11.0,1229
0,period,1150464,16428,multitask,space_invaders,3,17.0,1229
0,period,1150464,16428,multitask,space_invaders,4,11.0,1229
0,period,1150464,16428,multitask,space_invaders,5,23.0,1229
0,period,1150464,16428,multitask,space_invaders,6,3.0,1229
0,period,1150464,16428,multitask,space_invaders,7,20.0,1229
0,period,1150464,16428,multitask,space_invaders,8,10.0,1229
0,period,1150464,16428,multitask,space_invaders,9,12.0,1229
0,period,1150464,16428,multitask,space_invaders,10,15.0,1229
0,period,1150464,16428,multitask,freeway,1,1.0,25000
0,period,1150464,16428,multitask,freeway,2,0.0,25000
0,period,1150464,16428,multitask,freeway,3,0.0,25000
0,period,1150464,16428,multitask,freeway,4,0.0,25000
0,period,1150464,16428,multitask,freeway,5,0.0,25000
0,period,1150464,16428,multitask,freeway,6,2.0,25000
0,period,1150464,16428,multitask,freeway,7,1.0,25000
0,period,1150464,16428,multitask,freeway,8,0.0,25000
0,period,1150464,16428,multitask,freeway,9,0.0,25000
0,period,1150464,16428,multitask,freeway,10,1.0,25000
0,period,1175040,16634,multitask,breakout,1,3.0,536
0,period,1175040,16634,multitask,breakout,2,6.0,536
0,period,1175040,16634,multitask,breakout,3,6.0,536
0,period,1175040,16634,multitask,breakout,4,4.0,536
0,period,1175040,16634,multitask,breakout,5,6.0,536
0,period,1175040,16634,multitask,breakout,6,4.0,536
0,period,1175040,16634,multitask,breakout,7,5.0,536
0,period,1175040,16634,multitask,breakout,8,5.0,536
0,period,1175040,16634,multitask,breakout,9,4.0,536
0,period,1175040,16634,multitask,breakout,10,1.0,536
0,period,1175040,16634,multitask,space_invaders,1,23.0,1516
0,period,1175040,16634,multitask,space_invaders,2,3.0,1516
0,period,1175040,16634,multitask,space_invaders,3,8.0,1516
0,period,1175040,16634,multitask,space_invaders,4,10.0,1516
0,period,1175040,16634,multitask,space_invaders,5,15.0,1516
0,period,1175040,16634,multitask,space_invaders,6,23.0,1516
0,period,1175040,16634,multitask,space_invaders,7,22.0,1516
0,period,1175040,16634,multitask,space_invaders,8,17.0,1516
0,period,1175040,16634,multitask,space_invaders,9,7.0,1516
0,period,1175040,16634,multitask,space_invaders,10,23.0,1516
0,period,1175040,16634,multitask,freeway,1,0.0,25000
0,period,1175040,16634,multitask,freeway,2,0.0,25000
0,period,1175040,16634,multitask,freeway,3,1.0,25000
0,period,1175040,16634,multitask,freeway,4,0.0,25000
0,period,1175040,16634,multitask,freeway,5,0.0,25000
0,period,1175040,16634,multitask,freeway,6,0.0,25000
0,period,1175040,16634,multitask,freeway,7,2.0,25000
0,period,1175040,16634,multitask,freeway,8,1.0,25000
0,period,1175040,16634,multitask,freeway,9,1.0,25000
0,period,1175040,16634,multitask,freeway,10,1.0,25000
0,period,1200384,16850,multitask,breakout,1,6.0,584
0,period,1200384,16850,multitask,breakout,2,5.0,584
0,period,1200384,16850,multitask,breakout,3,3.0,584
0,period,1200384,16850,multitask,breakout,4,6.0,584
0,period,1200384,16850,multitask,breakout,5,5.0,584
0,period,1200384,16850,multitask,breakout,6,6.0,584
0,period,1200384,16850,multitask,breakout,7,2.0,584
0,period,1200384,16850,multitask,breakout,8,5.0,584
0,period,1200384,16850,multitask,breakout,9,6.0,584
0,period,1200384,16850,multitask,breakout,10,5.0,584
0,period,1200384,16850,multitask,space_invaders,1,11.0,1113
0,period,1200384,16850,multitask,space_invaders,2,13.0,1113
0,period,1200384,16850,multitask,space_invaders,3,3.0,1113
0,period,1200384,16850,multitask,space_invaders,4,16.0,1113
0,period,1200384,16850,multitask,space_invaders,5,18.0,1113
0,period,1200384,16850,multitask,space_invaders,6,23.0,1113
0,period,1200384,16850,multitask,space_invaders,7,5.0,1113
0,period,1200384,16850,multitask,space_invaders,8,10.0,1113
0,period,1200384,16850,multitask,space_invaders,9,6.0,1113
0,period,1200384,16850,multitask,space_invaders,10,19.0,1113
0,period,1200384,16850,multitask,freeway,1,0.0,25000
0,period,1200384,16850,multitask,freeway,2,1.0,25000
0,period,1200384,16850,multitask,freeway,3,0.0,25000
0,period,1200384,16850,multitask,freeway,4,1.0,25000
0,period,1200384,16850,multitask,freeway,5,1.0,25000
0,period,1200384,16850,multitask,freeway,6,1.0,25000
0,period,1200384,16850,multitask,freeway,7,1.0,25000
0,period,1200384,16850,multitask,freeway,8,0.0,25000
0,period,1200384,16850,multitask,freeway,9,0.0,25000
0,period,1200384,16850,multitask,freeway,10,2.0,25000
0,period,1225728,17053,multitask,breakout,1,5.0,582
0,period,1225728,17053,multitask,breakout,2,5.0,582
0,period,1225728,17053,multitask,breakout,3,6.0,582
0,period,1225728,17053,multitask,breakout,4,6.0,582
0,period,1225728,17053,multitask,breakout,5,3.0,582
0,period,1225728,17053,multitask,breakout,6,2.0,582
0,period,1225728,17053,multitask,breakout,7,5.0,582
0,period,1225728,17053,multitask,breakout,8,6.0,582
0,period,1225728,17053,multitask,breakout,9,5.0,582
0,period,1225728,17053,multitask,breakout,10,5.0,582
0,period,1225728,17053,multitask,space_invaders,1,18.0,1582
0,period,1225728,17053,multitask,space_invaders,2,20.0,1582
0,period,1225728,17053,multitask,space_invaders,3,23.0,1582
0,period,1225728,17053,multitask,space_invaders,4,11.0,1582
0,period,1225728,17053,multitask,space_invaders,5,15.0,1582
0,period,1225728,17053,multitask,space_invaders,6,13.0,1582
0,period,1225728,17053,multitask,space_invaders,7,23.0,1582
0,period,1225728,17053,multitask,space_invaders,8,2.0,1582
0,period,1225728,17053,multitask,space_invaders,9,23.0,1582
0,period,1225728,17053,multitask,space_invaders,10,3.0,1582
0,period,1225728,17053,multitask,freeway,1,0.0,25000
0,period,1225728,17053,multitask,freeway,2,1.0,25000
0,period,1225728,17053,multitask,freeway,3,1.0,25000
0,period,1225728,17053,multitask,freeway,4,0.0,25000
0,period,1225728,17053,multitask,freeway,5,1.0,25000
0,period,1225728,17053,multitask,freeway,6,1.0,25000
0,period,1225728,17053,multitask,freeway,7,2.0,25000
0,period,1225728,17053,multitask,freeway,8,2.0,25000
0,period,1225728,17053,multitask,freeway,9,3.0,25000
0,period,1225728,17053,multitask,freeway,10,1.0,25000
0,period,1250304,17266,multitask,breakout,1,5.0,618
0,period,1250304,17266,multitask,breakout,2,5.0,618
0,period,1250304,17266,multitask,breakout,3,6.0,618
0,period,1250304,17266,multitask,breakout,4,5.0,618
0,period,1250304,17266,multitask,breakout,5,5.0,618
0,period,1250304,17266,multitask,breakout,6,6.0,618
0,period,1250304,17266,multitask,breakout,7,5.0,618
0,period,1250304,17266,multitask,breakout,8,6.0,618
0,period,1250304,17266,multitask,breakout,9,3.0,618
0,period,1250304,17266,multitask,breakout,10,6.0,618
0,period,1250304,17266,multitask,space_invaders,1,4.0,1559
0,period,1250304,17266,multitask,space_invaders,2,5.0,1559
0,period,1250304,17266,multitask,space_invaders,3,24.0,1559
0,period,1250304,17266,multitask,space_invaders,4,23.0,1559
0,period,1250304,17266,multitask,space_invaders,5,6.0,1559
0,period,1250304,17266,multitask,space_invaders,6,9.0,1559
0,period,1250304,17266,multitask,space_invaders,7,14.0,1559
0,period,1250304,17266,multitask,space_invaders,8,8.0,1559
0,period,1250304,17266,multitask,space_invaders,9,45.0,1559
0,period,1250304,17266,multitask,space_invaders,10,18.0,1559
0,period,1250304,17266,multitask,freeway,1,0.0,25000
0,period,1250304,17266,multitask,freeway,2,1.0,25000
0,period,1250304,17266,multitask,freeway,3,1.0,25000
0,period,1250304,17266,multitask,freeway,4,4.0,25000
0,period,1250304,17266,multitask,freeway,5,0.0,25000
0,period,1250304,17266,multitask,freeway,6,0.0,25000
0,period,1250304,17266,multitask,freeway,7,2.0,25000
0,period,1250304,17266,multitask,freeway,8,0.0,25000
0,period,1250304,17266,multitask,freeway,9,0.0,25000
0,period,1250304,17266,multitask,freeway,10,1.0,25000
0,period,1275648,17496,multitask,breakout,1,5.0,514
0,period,1275648,17496,multitask,breakout,2,1.0,514
0,period,1275648,17496,multitask,breakout,3,5.0,514
0,period,1275648,17496,multitask,breakout,4,5.0,514
0,period,1275648,17496,multitask,breakout,5,1.0,514
0,period,1275648,17496,multitask,breakout,6,5.0,514
0,period,1275648,17496,multitask,breakout,7,5.0,514
0,period,1275648,17496,multitask,breakout,8,5.0,514
0,period,1275648,17496,multitask,breakout,9,5.0,514
0,period,1275648,17496,multitask,breakout,10,5.0,514
0,period,1275648,17496,multitask,space_invaders,1,11.0,665
0,period,1275648,17496,multitask,space_invaders,2,12.0,665
0,period,1275648,17496,multitask,space_invaders,3,8.0,665
0,period,1275648,17496,multitask,space_invaders,4,14.0,665
0,period,1275648,17496,multitask,space_invaders,5,12.0,665
0,period,1275648,17496,multitask,space_invaders,6,5.0,665
0,period,1275648,17496,multitask,space_invaders,7,12.0,665
0,period,1275648,17496,multitask,space_invaders,8,7.0,665
0,period,1275648,17496,multitask,space_invaders,9,4.0,665
0,period,1275648,17496,multitask,space_invaders,10,8.0,665
0,period,1275648,17496,multitask,freeway,1,1.0,25000
0,period,1275648,17496,multitask,freeway,2,0.0,25000
0,period,1275648,17496,multitask,freeway,3,2.0,25000
0,period,1275648,17496,multitask,freeway,4,4.0,25000
0,period,1275648,17496,multitask,freeway,5,0.0,25000
0,period,1275648,17496,multitask,freeway,6,0.0,25000
0,period,1275648,17496,multitask,freeway,7,2.0,25000
0,period,1275648,17496,multitask,freeway,8,4.0,25000
0,period,1275648,17496,multitask,freeway,9,0.0,25000
0,period,1275648,17496,multitask,freeway,10,0.0,25000
0,period,1300224,17709,multitask,breakout,1,6.0,566
0,period,1300224,17709,multitask,breakout,2,5.0,566
0,period,1300224,17709,multitask,breakout,3,6.0,566
0,period,1300224,17709,multitask,breakout,4,5.0,566
0,period,1300224,17709,multitask,breakout,5,2.0,566
0,period,1300224,17709,multitask,breakout,6,6.0,566
0,period,1300224,17709,multitask,breakout,7,5.0,566
0,period,1300224,17709,multitask,breakout,8,5.0,566
0,period,1300224,17709,multitask,breakout,9,2.0,566
0,period,1300224,17709,multitask,breakout,10,5.0,566
0,period,1300224,17709,multitask,space_invaders,1,11.0,1406
0,period,1300224,17709,multitask,space_invaders,2,2.0,1406
0,period,1300224,17709,multitask,space_invaders,3,13.0,1406
0,period,1300224,17709,multitask,space_invaders,4,26.0,1406
0,period,1300224,17709,multitask,space_invaders,5,22.0,1406
0,period,1300224,17709,multitask,space_invaders,6,23.0,1406
0,period,1300224,17709,multitask,space_invaders,7,5.0,1406
0,period,1300224,17709,multitask,space_invaders,8,14.0,1406
0,period,1300224,17709,multitask,space_invaders,9,23.0,1406
0,period,1300224,17709,multitask,space_invaders,10,21.0,1406
0,period,1300224,17709,multitask,freeway,1,0.0,25000
0,period,1300224,17709,multitask,freeway,2,0.0,25000
0,period,1300224,17709,multitask,freeway,3,0.0,25000
0,period,1300224,17709,multitask,freeway,4,1.0,25000
0,period,1300224,17709,multitask,freeway,5,1.0,25000
0,period,1300224,17709,multitask,freeway,6,0.0,25000
0,period,1300224,17709,multitask,freeway,7,1.0,25000
0,period,1300224,17709,multitask,freeway,8,0.0,25000
0,period,1300224,17709,multitask,freeway,9,0.0,25000
0,period,1300224,17709,multitask,freeway,10,0.0,25000
0,period,1325568,17949,multitask,breakout,1,5.0,492
0,period,1325568,17949,multitask,breakout,2,3.0,492
0,period,1325568,17949,multitask,breakout,3,2.0,492
0,period,1325568,17949,multitask,breakout,4,5.0,492
0,period,1325568,17949,multitask,breakout,5,5.0,492
0,period,1325568,17949,multitask,breakout,6,5.0,492
0,period,1325568,17949,multitask,breakout,7,3.0,492
0,period,1325568,17949,multitask,breakout,8,2.0,492
0,period,1325568,17949,multitask,breakout,9,4.0,492
0,period,1325568,17949,multitask,breakout,10,6.0,492
0,period,1325568,17949,multitask,space_invaders,1,5.0,1029
0,period,1325568,17949,multitask,space_invaders,2,23.0,1029
0,period,1325568,17949,multitask,space_invaders,3,13.0,1029
0,period,1325568,17949,multitask,space_invaders,4,21.0,1029
0,period,1325568,17949,multitask,space_invaders,5,13.0,1029
0,period,1325568,17949,multitask,space_invaders,6,5.0,1029
0,period,1325568,17949,multitask,space_invaders,7,5.0,1029
0,period,1325568,17949,multitask,space_invaders,8,8.0,1029
0,period,1325568,17949,multitask,space_invaders,9,14.0,1029
0,period,1325568,17949,multitask,space_invaders,10,13.0,1029
0,period,1325568,17949,multitask,freeway,1,0.0,25000
0,period,1325568,17949,multitask,freeway,2,1.0,25000
0,period,1325568,17949,multitask,freeway,3,1.0,25000
0,period,1325568,17949,multitask,freeway,4,1.0,25000
0,period,1325568,17949,multitask,freeway,5,0.0,25000
0,period,1325568,17949,multitask,freeway,6,1.0,25000
0,period,1325568,17949,multitask,freeway,7,2.0,25000
0,period,1325568,17949,multitask,freeway,8,1.0,25000
0,period,1325568,17949,multitask,freeway,9,1.0,25000
0,period,1325568,17949,multitask,freeway,10,0.0,25000
0,period,1350144,18178,multitask,breakout,1,5.0,442
0,period,1350144,18178,multitask,breakout,2,3.0,442
0,period,1350144,18178,multitask,breakout,3,3.0,442
0,period,1350144,18178,multitask,breakout,4,6.0,442
0,period,1350144,18178,multitask,breakout,5,2.0,442
0,period,1350144,18178,multitask,breakout,6,3.0,442
0,period,1350144,18178,multitask,breakout,7,5.0,442
0,period,1350144,18178,multitask,breakout,8,3.0,442
0,period,1350144,18178,multitask,breakout,9,2.0,442
0,period,1350144,18178,multitask,breakout,10,3.0,442
0,period,1350144,18178,multitask,space_invaders,1,10.0,1133
0,period,1350144,18178,multitask,space_invaders,2,8.0,1133
0,period,1350144,18178,multitask,space_invaders,3,8.0,1133
0,period,1350144,18178,multitask,space_invaders,4,29.0,1133
0,period,1350144,18178,multitask,space_invaders,5,18.0,1133
0,period,1350144,18178,multitask,space_invaders,6,47.0,1133
0,period,1350144,18178,multitask,space_invaders,7,5.0,1133
0,period,1350144,18178,multitask,space_invaders,8,18.0,1133
0,period,1350144,18178,multitask,space_invaders,9,10.0,1133
0,period,1350144,18178,multitask,space_invaders,10,9.0,1133
0,period,1350144,18178,multitask,freeway,1,0.0,25000
0,period,1350144,18178,multitask,freeway,2,1.0,25000
0,period,1350144,18178,multitask,freeway,3,0.0,25000
0,period,1350144,18178,multitask,freeway,4,0.0,25000
0,period,1350144,18178,multitask,freeway,5,1.0,25000
0,period,1350144,18178,multitask,freeway,6,1.0,25000
0,period,1350144,18178,multitask,freeway,7,4.0,25000
0,period,1350144,18178,multitask,freeway,8,0.0,25000
0,period,1350144,18178,multitask,freeway,9,1.0,25000
0,period,1350144,18178,multitask,freeway,10,0.0,25000
0,period,1375488,18415,multitask,breakout,1,5.0,596
0,period,1375488,18415,multitask,breakout,2,6.0,596
0,period,1375488,18415,multitask,breakout,3,5.0,596
0,period,1375488,18415,multitask,breakout,4,5.0,596
0,period,1375488,18415,multitask,breakout,5,5.0,596
0,period,1375488,18415,multitask,breakout,6,5.0,596
0,period,1375488,18415,multitask,breakout,7,3.0,596
0,period,1375488,18415,multitask,breakout,8,5.0,596
0,period,1375488,18415,multitask,breakout,9,5.0,596
0,period,1375488,18415,multitask,breakout,10,5.0,596
0,period,1375488,18415,multitask,space_invaders,1,23.0,1260
0,period,1375488,18415,multitask,space_invaders,2,4.0,1260
0,period,1375488,18415,multitask,space_invaders,3,26.0,1260
0,period,1375488,18415,multitask,space_invaders,4,5.0,1260
0,period,1375488,18415,multitask,space_invaders,5,17.0,1260
0,period,1375488,18415,multitask,space_invaders,6,23.0,1260
0,period,1375488,18415,multitask,space_invaders,7,5.0,1260
0,period,1375488,18415,multitask,space_invaders,8,35.0,1260
0,period,1375488,18415,multitask,space_invaders,9,7.0,1260
0,period,1375488,18415,multitask,space_invaders,10,22.0,1260
0,period,1375488,18415,multitask,freeway,1,0.0,25000
0,period,1375488,18415,multitask,freeway,2,0.0,25000
0,period,1375488,18415,multitask,freeway,3,2.0,25000
0,period,1375488,18415,multitask,freeway,4,2.0,25000
0,period,1375488,18415,multitask,freeway,5,1.0,25000
0,period,1375488,18415,multitask,freeway,6,2.0,25000
0,period,1375488,18415,multitask,freeway,7,0.0,25000
0,period,1375488,18415,multitask,freeway,8,3.0,25000
0,period,1375488,18415,multitask,freeway,9,2.0,25000
0,period,1375488,18415,multitask,freeway,10,0.0,25000
0,period,1400064,18616,multitask,breakout,1,6.0,576
0,period,1400064,18616,multitask,breakout,2,6.0,576
0,period,1400064,18616,multitask,breakout,3,1.0,576
0,period,1400064,18616,multitask,breakout,4,5.0,576
0,period,1400064,18616,multitask,breakout,5,3.0,576
0,period,1400064,18616,multitask,breakout,6,5.0,576
0,period,1400064,18616,multitask,breakout,7,5.0,576
0,period,1400064,18616,multitask,breakout,8,6.0,576
0,period,1400064,18616,multitask,breakout,9,6.0,576
0,period,1400064,18616,multitask,breakout,10,5.0,576
0,period,1400064,18616,multitask,space_invaders,1,26.0,1602
0,period,1400064,18616,multitask,space_invaders,2,16.0,1602
0,period,1400064,18616,multitask,space_invaders,3,21.0,1602
0,period,1400064,18616,multitask,space_invaders,4,13.0,1602
0,period,1400064,18616,multitask,space_invaders,5,4.0,1602
0,period,1400064,18616,multitask,space_invaders,6,19.0,1602
0,period,1400064,18616,multitask,space_invaders,7,27.0,1602
0,period,1400064,18616,multitask,space_invaders,8,16.0,1602
0,period,1400064,18616,multitask,space_invaders,9,23.0,1602
0,period,1400064,18616,multitask,space_invaders,10,8.0,1602
0,period,1400064,18616,multitask,freeway,1,5.0,25000
0,period,1400064,18616,multitask,freeway,2,0.0,25000
0,period,1400064,18616,multitask,freeway,3,5.0,25000
0,period,1400064,18616,multitask,freeway,4,4.0,25000
0,period,1400064,18616,multitask,freeway,5,6.0,25000
0,period,1400064,18616,multitask,freeway,6,3.0,25000
0,period,1400064,18616,multitask,freeway,7,1.0,25000
0,period,1400064,18616,multitask,freeway,8,4.0,25000
0,period,1400064,18616,multitask,freeway,9,1.0,25000
0,period,1400064,18616,multitask,freeway,10,4.0,25000
0,period,1425408,18819,multitask,breakout,1,3.0,470
0,period,1425408,18819,multitask,breakout,2,4.0,470
0,period,1425408,18819,multitask,breakout,3,4.0,470
0,period,1425408,18819,multitask,breakout,4,1.0,470
0,period,1425408,18819,multitask,breakout,5,5.0,470
0,period,1425408,18819,multitask,breakout,6,5.0,470
0,period,1425408,18819,multitask,breakout,7,6.0,470
0,period,1425408,18819,multitask,breakout,8,2.0,470
0,period,1425408,18819,multitask,breakout,9,4.0,470
0,period,1425408,18819,multitask,breakout,10,4.0,470
0,period,1425408,18819,multitask,space_invaders,1,18.0,2239
0,period,1425408,18819,multitask,space_invaders,2,12.0,2239
0,period,1425408,18819,multitask,space_invaders,3,47.0,2239
0,period,1425408,18819,multitask,space_invaders,4,30.0,2239
0,period,1425408,18819,multitask,space_invaders,5,30.0,2239
0,period,1425408,18819,multitask,space_invaders,6,23.0,2239
0,period,1425408,18819,multitask,space_invaders,7,23.0,2239
0,period,1425408,18819,multitask,space_invaders,8,16.0,2239
0,period,1425408,18819,multitask,space_invaders,9,23.0,2239
0,period,1425408,18819,multitask,space_invaders,10,47.0,2239
0,period,1425408,18819,multitask,freeway,1,1.0,25000
0,period,1425408,18819,multitask,freeway,2,7.0,25000
0,period,1425408,18819,multitask,freeway,3,4.0,25000
0,period,1425408,18819,multitask,freeway,4,4.0,25000
0,period,1425408,18819,multitask,freeway,5,1.0,25000
0,period,1425408,18819,multitask,freeway,6,3.0,25000
0,period,1425408,18819,multitask,freeway,7,2.0,25000
0,period,1425408,18819,multitask,freeway,8,9.0,25000
0,period,1425408,18819,multitask,freeway,9,5.0,25000
0,period,1425408,18819,multitask,freeway,10,2.0,25000
0,period,1450752,19043,multitask,breakout,1,3.0,524
0,period,1450752,19043,multitask,breakout,2,6.0,524
0,period,1450752,19043,multitask,breakout,3,5.0,524
0,period,1450752,19043,multitask,breakout,4,1.0,524
0,period,1450752,19043,multitask,breakout,5,5.0,524
0,period,1450752,19043,multitask,breakout,6,5.0,524
0,period,1450752,19043,multitask,breakout,7,3.0,524
0,period,1450752,19043,multitask,breakout,8,3.0,524
0,period,1450752,19043,multitask,breakout,9,6.0,524
0,period,1450752,19043,multitask,breakout,10,6.0,524
0,period,1450752,19043,multitask,space_invaders,1,32.0,1989
0,period,1450752,19043,multitask,space_invaders,2,19.0,1989
0,period,1450752,19043,multitask,space_invaders,3,23.0,1989
0,period,1450752,19043,multitask,space_invaders,4,23.0,1989
0,period,1450752,19043,multitask,space_invaders,5,25.0,1989
0,period,1450752,19043,multitask,space_invaders,6,23.0,1989
0,period,1450752,19043,multitask,space_invaders,7,23.0,1989
0,period,1450752,19043,multitask,space_invaders,8,29.0,1989
0,period,1450752,19043,multitask,space_invaders,9,28.0,1989
0,period,1450752,19043,multitask,space_invaders,10,28.0,1989
0,period,1450752,19043,multitask,freeway,1,6.0,25000
0,period,1450752,19043,multitask,freeway,2,2.0,25000
0,period,1450752,19043,multitask,freeway,3,7.0,25000
0,period,1450752,19043,multitask,freeway,4,1.0,25000
0,period,1450752,19043,multitask,freeway,5,5.0,25000
0,period,1450752,19043,multitask,freeway,6,2.0,25000
0,period,1450752,19043,multitask,freeway,7,3.0,25000
0,period,1450752,19043,multitask,freeway,8,6.0,25000
0,period,1450752,19043,multitask,freeway,9,4.0,25000
0,period,1450752,19043,multitask,freeway,10,10.0,25000
0,period,1475328,19233,multitask,breakout,1,3.0,554
0,period,1475328,19233,multitask,breakout,2,2.0,554
0,period,1475328,19233,multitask,breakout,3,5.0,554
0,period,1475328,19233,multitask,breakout,4,3.0,554
0,period,1475328,19233,multitask,breakout,5,5.0,554
0,period,1475328,19233,multitask,breakout,6,6.0,554
0,period,1475328,19233,multitask,breakout,7,5.0,554
0,period,1475328,19233,multitask,breakout,8,6.0,554
0,period,1475328,19233,multitask,breakout,9,5.0,554
0,period,1475328,19233,multitask,breakout,10,6.0,554
0,period,1475328,19233,multitask,space_invaders,1,23.0,1875
0,period,1475328,19233,multitask,space_invaders,2,23.0,1875
0,period,1475328,19233,multitask,space_invaders,3,4.0,1875
0,period,1475328,19233,multitask,space_invaders,4,8.0,1875
0,period,1475328,19233,multitask,space_invaders,5,22.0,1875
0,period,1475328,19233,multitask,space_invaders,6,23.0,1875
0,period,1475328,19233,multitask,space_invaders,7,23.0,1875
0,period,1475328,19233,multitask,space_invaders,8,28.0,1875
0,period,1475328,19233,multitask,space_invaders,9,15.0,1875
0,period,1475328,19233,multitask,space_invaders,10,49.0,1875
0,period,1475328,19233,multitask,freeway,1,5.0,25000
0,period,1475328,19233,multitask,freeway,2,3.0,25000
0,period,1475328,19233,multitask,freeway,3,5.0,25000
0,period,1475328,19233,multitask,freeway,4,6.0,25000
0,period,1475328,19233,multitask,freeway,5,4.0,25000
0,period,1475328,19233,multitask,freeway,6,3.0,25000
0,period,1475328,19233,multitask,freeway,7,12.0,25000
0,period,1475328,19233,multitask,freeway,8,10.0,25000
0,period,1475328,19233,multitask,freeway,9,4.0,25000
0,period,1475328,19233,multitask,freeway,10,6.0,25000
1,boundary,2999808,30191,multitask,breakout,1,5.0,590
1,boundary,2999808,30191,multitask,breakout,2,5.0,590
1,boundary,2999808,30191,multitask,breakout,3,6.0,590
1,boundary,2999808,30191,multitask,breakout,4,5.0,590
1,boundary,2999808,30191,multitask,breakout,5,5.0,590
1,boundary,2999808,30191,multitask,breakout,6,5.0,590
1,boundary,2999808,30191,multitask,breakout,7,5.0,590
1,boundary,2999808,30191,multitask,breakout,8,2.0,590
1,boundary,2999808,30191,multitask,breakout,9,5.0,590
1,boundary,2999808,30191,multitask,breakout,10,6.0,590
1,boundary,2999808,30191,multitask,space_invaders,1,23.0,2729
1,boundary,2999808,30191,multitask,space_invaders,2,22.0,2729
1,boundary,2999808,30191,multitask,space_invaders,3,25.0,2729
1,boundary,2999808,30191,multitask,space_invaders,4,50.0,2729
1,boundary,2999808,30191,multitask,space_invaders,5,3.0,2729
1,boundary,2999808,30191,multitask,space_invaders,6,46.0,2729
1,boundary,2999808,30191,multitask,space_invaders,7,57.0,2729
1,boundary,2999808,30191,multitask,space_invaders,8,46.0,2729
1,boundary,2999808,30191,multitask,space_invaders,9,23.0,2729
1,boundary,2999808,30191,multitask,space_invaders,10,46.0,2729
1,boundary,2999808,30191,multitask,freeway,1,21.0,25000
1,boundary,2999808,30191,multitask,freeway,2,23.0,25000
1,boundary,2999808,30191,multitask,freeway,3,27.0,25000
1,boundary,2999808,30191,multitask,freeway,4,21.0,25000
1,boundary,2999808,30191,multitask,freeway,5,33.0,25000
1,boundary,2999808,30191,multitask,freeway,6,28.0,25000
1,boundary,2999808,30191,multitask,freeway,7,25.0,25000
1,boundary,2999808,30191,multitask,freeway,8,22.0,25000
1,boundary,2999808,30191,multitask,freeway,9,28.0,25000
1,boundary,2999808,30191,multitask,freeway,10,23.0,25000
1,period,1500672,19431,multitask,breakout,1,5.0,552
1,period,1500672,19431,multitask,breakout,2,3.0,552
1,period,1500672,19431,multitask,breakout,3,6.0,552
1,period,1500672,19431,multitask,breakout,4,6.0,552
1,period,1500672,19431,multitask,breakout,5,1.0,552
1,period,1500672,19431,multitask,breakout,6,6.0,552
1,period,1500672,19431,multitask,breakout,7,3.0,552
1,period,1500672,19431,multitask,breakout,8,6.0,552
1,period,1500672,19431,multitask,breakout,9,5.0,552
1,period,1500672,19431,multitask,breakout,10,5.0,552
1,period,1500672,19431,multitask,space_invaders,1,7.0,2210
1,period,1500672,19431,multitask,space_invaders,2,25.0,2210
1,period,1500672,19431,multitask,space_invaders,3,34.0,2210
1,period,1500672,19431,multitask,space_invaders,4,69.0,2210
1,period,1500672,19431,multitask,space_invaders,5,23.0,2210
1,period,1500672,19431,multitask,space_invaders,6,23.0,2210
1,period,1500672,19431,multitask,space_invaders,7,23.0,2210
1,period,1500672,19431,multitask,space_invaders,8,23.0,2210
1,period,1500672,19431,multitask,space_invaders,9,23.0,2210
1,period,1500672,19431,multitask,space_invaders,10,23.0,2210
1,period,1500672,19431,multitask,freeway,1,13.0,25000
1,period,1500672,19431,multitask,freeway,2,8.0,25000
1,period,1500672,19431,multitask,freeway,3,6.0,25000
1,period,1500672,19431,multitask,freeway,4,7.0,25000
1,period,1500672,19431,multitask,freeway,5,14.0,25000
1,period,1500672,19431,multitask,freeway,6,12.0,25000
1,period,1500672,19431,multitask,freeway,7,6.0,25000
1,period,1500672,19431,multitask,freeway,8,5.0,25000
1,period,1500672,19431,multitask,freeway,9,11.0,25000
1,period,1500672,19431,multitask,freeway,10,12.0,25000
1,period,1525248,19615,multitask,breakout,1,5.0,580
1,period,1525248,19615,multitask,breakout,2,6.0,580
1,period,1525248,19615,multitask,breakout,3,6.0,580
1,period,1525248,19615,multitask,breakout,4,6.0,580
1,period,1525248,19615,multitask,breakout,5,6.0,580
1,period,1525248,19615,multitask,breakout,6,3.0,580
1,period,1525248,19615,multitask,breakout,7,3.0,580
1,period,1525248,19615,multitask,breakout,8,3.0,580
1,period,1525248,19615,multitask,breakout,9,5.0,580
1,period,1525248,19615,multitask,breakout,10,5.0,580
1,period,1525248,19615,multitask,space_invaders,1,26.0,1777
1,period,1525248,19615,multitask,space_invaders,2,18.0,1777
1,period,1525248,19615,multitask,space_invaders,3,26.0,1777
1,period,1525248,19615,multitask,space_invaders,4,30.0,1777
1,period,1525248,19615,multitask,space_invaders,5,41.0,1777
1,period,1525248,19615,multitask,space_invaders,6,20.0,1777
1,period,1525248,19615,multitask,space_invaders,7,4.0,1777
1,period,1525248,19615,multitask,space_invaders,8,4.0,1777
1,period,1525248,19615,multitask,space_invaders,9,25.0,1777
1,period,1525248,19615,multitask,space_invaders,10,39.0,1777
1,period,1525248,19615,multitask,freeway,1,4.0,25000
1,period,1525248,19615,multitask,freeway,2,15.0,25000
1,period,1525248,19615,multitask,freeway,3,8.0,25000
1,period,1525248,19615,multitask,freeway,4,10.0,25000
1,period,1525248,19615,multitask,freeway,5,12.0,25000
1,period,1525248,19615,multitask,freeway,6,12.0,25000
1,period,1525248,19615,multitask,freeway,7,14.0,25000
1,period,1525248,19615,multitask,freeway,8,15.0,25000
1,period,1525248,19615,multitask,freeway,9,11.0,25000
1,period,1525248,19615,multitask,freeway,10,10.0,25000
1,period,1550592,19801,multitask,breakout,1,6.0,554
1,period,1550592,19801,multitask,breakout,2,6.0,554
1,period,1550592,19801,multitask,breakout,3,2.0,554
1,period,1550592,19801,multitask,breakout,4,5.0,554
1,period,1550592,19801,multitask,breakout,5,3.0,554
1,period,1550592,19801,multitask,breakout,6,3.0,554
1,period,1550592,19801,multitask,breakout,7,5.0,554
1,period,1550592,19801,multitask,breakout,8,5.0,554
1,period,1550592,19801,multitask,breakout,9,5.0,554
1,period,1550592,19801,multitask,breakout,10,6.0,554
1,period,1550592,19801,multitask,space_invaders,1,46.0,2621
1,period,1550592,19801,multitask,space_invaders,2,23.0,2621
1,period,1550592,19801,multitask,space_invaders,3,22.0,2621
1,period,1550592,19801,multitask,space_invaders,4,5.0,2621
1,period,1550592,19801,multitask,space_invaders,5,44.0,2621
1,period,1550592,19801,multitask,space_invaders,6,23.0,2621
1,period,1550592,19801,multitask,space_invaders,7,23.0,2621
1,period,1550592,19801,multitask,space_invaders,8,46.0,2621
1,period,1550592,19801,multitask,space_invaders,9,23.0,2621
1,period,1550592,19801,multitask,space_invaders,10,43.0,2621
1,period,1550592,19801,multitask,freeway,1,16.0,25000
1,period,1550592,19801,multitask,freeway,2,24.0,25000
1,period,1550592,19801,multitask,freeway,3,0.0,25000
1,period,1550592,19801,multitask,freeway,4,24.0,25000
1,period,1550592,19801,multitask,freeway,5,21.0,25000
1,period,1550592,19801,multitask,freeway,6,22.0,25000
1,period,1550592,19801,multitask,freeway,7,19.0,25000
1,period,1550592,19801,multitask,freeway,8,19.0,25000
1,period,1550592,19801,multitask,freeway,9,19.0,25000
1,period,1550592,19801,multitask,freeway,10,23.0,25000
1,period,1575168,19979,multitask,breakout,1,5.0,558
1,period,1575168,19979,multitask,breakout,2,5.0,558
1,period,1575168,19979,multitask,breakout,3,6.0,558
1,period,1575168,19979,multitask,breakout,4,3.0,558
1,period,1575168,19979,multitask,breakout,5,3.0,558
1,period,1575168,19979,multitask,breakout,6,2.0,558
1,period,1575168,19979,multitask,breakout,7,5.0,558
1,period,1575168,19979,multitask,breakout,8,5.0,558
1,period,1575168,19979,multitask,breakout,9,5.0,558
1,period,1575168,19979,multitask,breakout,10,7.0,558
1,period,1575168,19979,multitask,space_invaders,1,45.0,1965
1,period,1575168,19979,multitask,space_invaders,2,23.0,1965
1,period,1575168,19979,multitask,space_invaders,3,18.0,1965
1,period,1575168,19979,multitask,space_invaders,4,47.0,1965
1,period,1575168,19979,multitask,space_invaders,5,44.0,1965
1,period,1575168,19979,multitask,space_invaders,6,7.0,1965
1,period,1575168,19979,multitask,space_invaders,7,23.0,1965
1,period,1575168,19979,multitask,space_invaders,8,13.0,1965
1,period,1575168,19979,multitask,space_invaders,9,18.0,1965
1,period,1575168,19979,multitask,space_invaders,10,14.0,1965
1,period,1575168,19979,multitask,freeway,1,24.0,25000
1,period,1575168,19979,multitask,freeway,2,17.0,25000
1,period,1575168,19979,multitask,freeway,3,24.0,25000
1,period,1575168,19979,multitask,freeway,4,19.0,25000
1,period,1575168,19979,multitask,freeway,5,18.0,25000
1,period,1575168,19979,multitask,freeway,6,19.0,25000
1,period,1575168,19979,multitask,freeway,7,27.0,25000
1,period,1575168,19979,multitask,freeway,8,22.0,25000
1,period,1575168,19979,multitask,freeway,9,14.0,25000
1,period,1575168,19979,multitask,freeway,10,12.0,25000
1,period,1600512,20170,multitask,breakout,1,2.0,480
1,period,1600512,20170,multitask,breakout,2,0.0,480
1,period,1600512,20170,multitask,breakout,3,3.0,480
1,period,1600512,20170,multitask,breakout,4,6.0,480
1,period,1600512,20170,multitask,breakout,5,6.0,480
1,period,1600512,20170,multitask,breakout,6,6.0,480
1,period,1600512,20170,multitask,breakout,7,5.0,480
1,period,1600512,20170,multitask,breakout,8,5.0,480
1,period,1600512,20170,multitask,breakout,9,0.0,480
1,period,1600512,20170,multitask,breakout,10,6.0,480
1,period,1600512,20170,multitask,space_invaders,1,25.0,1282
1,period,1600512,20170,multitask,space_invaders,2,10.0,1282
1,period,1600512,20170,multitask,space_invaders,3,11.0,1282
1,period,1600512,20170,multitask,space_invaders,4,10.0,1282
1,period,1600512,20170,multitask,space_invaders,5,23.0,1282
1,period,1600512,20170,multitask,space_invaders,6,22.0,1282
1,period,1600512,20170,multitask,space_invaders,7,23.0,1282
1,period,1600512,20170,multitask,space_invaders,8,20.0,1282
1,period,1600512,20170,multitask,space_invaders,9,10.0,1282
1,period,1600512,20170,multitask,space_invaders,10,14.0,1282
1,period,1600512,20170,multitask,freeway,1,25.0,25000
1,period,1600512,20170,multitask,freeway,2,27.0,25000
1,period,1600512,20170,multitask,freeway,3,11.0,25000
1,period,1600512,20170,multitask,freeway,4,16.0,25000
1,period,1600512,20170,multitask,freeway,5,19.0,25000
1,period,1600512,20170,multitask,freeway,6,24.0,25000
1,period,1600512,20170,multitask,freeway,7,27.0,25000
1,period,1600512,20170,multitask,freeway,8,27.0,25000
1,period,1600512,20170,multitask,freeway,9,26.0,25000
1,period,1600512,20170,multitask,freeway,10,24.0,25000
1,period,1625088,20364,multitask,breakout,1,5.0,632
1,period,1625088,20364,multitask,breakout,2,5.0,632
1,period,1625088,20364,multitask,breakout,3,5.0,632
1,period,1625088,20364,multitask,breakout,4,5.0,632
1,period,1625088,20364,multitask,breakout,5,5.0,632
1,period,1625088,20364,multitask,breakout,6,5.0,632
1,period,1625088,20364,multitask,breakout,7,6.0,632
1,period,1625088,20364,multitask,breakout,8,5.0,632
1,period,1625088,20364,multitask,breakout,9,6.0,632
1,period,1625088,20364,multitask,breakout,10,6.0,632
1,period,1625088,20364,multitask,space_invaders,1,45.0,2280
1,period,1625088,20364,multitask,space_invaders,2,23.0,2280
1,period,1625088,20364,multitask,space_invaders,3,22.0,2280
1,period,1625088,20364,multitask,space_invaders,4,18.0,2280
1,period,1625088,20364,multitask,space_invaders,5,32.0,2280
1,period,1625088,20364,multitask,space_invaders,6,80.0,2280
1,period,1625088,20364,multitask,space_invaders,7,18.0,2280
1,period,1625088,20364,multitask,space_invaders,8,23.0,2280
1,period,1625088,20364,multitask,space_invaders,9,23.0,2280
1,period,1625088,20364,multitask,space_invaders,10,20.0,2280
1,period,1625088,20364,multitask,freeway,1,27.0,25000
1,period,1625088,20364,multitask,freeway,2,27.0,25000
1,period,1625088,20364,multitask,freeway,3,36.0,25000
1,period,1625088,20364,multitask,freeway,4,29.0,25000
1,period,1625088,20364,multitask,freeway,5,23.0,25000
1,period,1625088,20364,multitask,freeway,6,31.0,25000
1,period,1625088,20364,multitask,freeway,7,29.0,25000
1,period,1625088,20364,multitask,freeway,8,35.0,25000
1,period,1625088,20364,multitask,freeway,9,26.0,25000
1,period,1625088,20364,multitask,freeway,10,25.0,25000
1,period,1650432,20558,multitask,breakout,1,2.0,610
1,period,1650432,20558,multitask,breakout,2,5.0,610
1,period,1650432,20558,multitask,breakout,3,6.0,610
1,period,1650432,20558,multitask,breakout,4,5.0,610
1,period,1650432,20558,multitask,breakout,5,5.0,610
1,period,1650432,20558,multitask,breakout,6,6.0,610
1,period,1650432,20558,multitask,breakout,7,6.0,610
1,period,1650432,20558,multitask,breakout,8,5.0,610
1,period,1650432,20558,multitask,breakout,9,6.0,610
1,period,1650432,20558,multitask,breakout,10,5.0,610
1,period,1650432,20558,multitask,space_invaders,1,23.0,2354
1,period,1650432,20558,multitask,space_invaders,2,42.0,2354
1,period,1650432,20558,multitask,space_invaders,3,19.0,2354
1,period,1650432,20558,multitask,space_invaders,4,23.0,2354
1,period,1650432,20558,multitask,space_invaders,5,23.0,2354
1,period,1650432,20558,multitask,space_invaders,6,23.0,2354
1,period,1650432,20558,multitask,space_invaders,7,23.0,2354
1,period,1650432,20558,multitask,space_invaders,8,5.0,2354
1,period,1650432,20558,multitask,space_invaders,9,23.0,2354
1,period,1650432,20558,multitask,space_invaders,10,71.0,2354
1,period,1650432,20558,multitask,freeway,1,32.0,25000
1,period,1650432,20558,multitask,freeway,2,32.0,25000
1,period,1650432,20558,multitask,freeway,3,33.0,25000
1,period,1650432,20558,multitask,freeway,4,22.0,25000
1,period,1650432,20558,multitask,freeway,5,30.0,25000
1,period,1650432,20558,multitask,freeway,6,30.0,25000
1,period,1650432,20558,multitask,freeway,7,29.0,25000
1,period,1650432,20558,multitask,freeway,8,25.0,25000
1,period,1650432,20558,multitask,freeway,9,33.0,25000
1,period,1650432,20558,multitask,freeway,10,26.0,25000
1,period,1675008,20746,multitask,breakout,1,5.0,620
1,period,1675008,20746,multitask,breakout,2,6.0,620
1,period,1675008,20746,multitask,breakout,3,5.0,620
1,period,1675008,20746,multitask,breakout,4,5.0,620
1,period,1675008,20746,multitask,breakout,5,5.0,620
1,period,1675008,20746,multitask,breakout,6,5.0,620
1,period,1675008,20746,multitask,breakout,7,6.0,620
1,period,1675008,20746,multitask,breakout,8,6.0,620
1,period,1675008,20746,multitask,breakout,9,6.0,620
1,period,1675008,20746,multitask,breakout,10,3.0,620
1,period,1675008,20746,multitask,space_invaders,1,70.0,2572
1,period,1675008,20746,multitask,space_invaders,2,6.0,2572
1,period,1675008,20746,multitask,space_invaders,3,47.0,2572
1,period,1675008,20746,multitask,space_invaders,4,7.0,2572
1,period,1675008,20746,multitask,space_invaders,5,3.0,2572
1,period,1675008,20746,multitask,space_invaders,6,23.0,2572
1,period,1675008,20746,multitask,space_invaders,7,20.0,2572
1,period,1675008,20746,multitask,space_invaders,8,25.0,2572
1,period,1675008,20746,multitask,space_invaders,9,12.0,2572
1,period,1675008,20746,multitask,space_invaders,10,95.0,2572
1,period,1675008,20746,multitask,freeway,1,31.0,25000
1,period,1675008,20746,multitask,freeway,2,24.0,25000
1,period,1675008,20746,multitask,freeway,3,28.0,25000
1,period,1675008,20746,multitask,freeway,4,24.0,25000
1,period,1675008,20746,multitask,freeway,5,26.0,25000
1,period,1675008,20746,multitask,freeway,6,28.0,25000
1,period,1675008,20746,multitask,freeway,7,35.0,25000
1,period,1675008,20746,multitask,freeway,8,32.0,25000
1,period,1675008,20746,multitask,freeway,9,30.0,25000
1,period,1675008,20746,multitask,freeway,10,26.0,25000
1,period,1700352,20943,multitask,breakout,1,6.0,564
1,period,1700352,20943,multitask,breakout,2,1.0,564
1,period,1700352,20943,multitask,breakout,3,5.0,564
1,period,1700352,20943,multitask,breakout,4,6.0,564
1,period,1700352,20943,multitask,breakout,5,5.0,564
1,period,1700352,20943,multitask,breakout,6,5.0,564
1,period,1700352,20943,multitask,breakout,7,5.0,564
1,period,1700352,20943,multitask,breakout,8,3.0,564
1,period,1700352,20943,multitask,breakout,9,6.0,564
1,period,1700352,20943,multitask,breakout,10,5.0,564
1,period,1700352,20943,multitask,space_invaders,1,5.0,2538
1,period,1700352,20943,multitask,space_invaders,2,32.0,2538
1,period,1700352,20943,multitask,space_invaders,3,40.0,2538
1,period,1700352,20943,multitask,space_invaders,4,47.0,2538
1,period,1700352,20943,multitask,space_invaders,5,47.0,2538
1,period,1700352,20943,multitask,space_invaders,6,26.0,2538
1,period,1700352,20943,multitask,space_invaders,7,23.0,2538
1,period,1700352,20943,multitask,space_invaders,8,14.0,2538
1,period,1700352,20943,multitask,space_invaders,9,14.0,2538
1,period,1700352,20943,multitask,space_invaders,10,73.0,2538
1,period,1700352,20943,multitask,freeway,1,22.0,25000
1,period,1700352,20943,multitask,freeway,2,18.0,25000
1,period,1700352,20943,multitask,freeway,3,24.0,25000
1,period,1700352,20943,multitask,freeway,4,28.0,25000
1,period,1700352,20943,multitask,freeway,5,26.0,25000
1,period,1700352,20943,multitask,freeway,6,29.0,25000
1,period,1700352,20943,multitask,freeway,7,24.0,25000
1,period,1700352,20943,multitask,freeway,8,33.0,25000
1,period,1700352,20943,multitask,freeway,9,20.0,25000
1,period,1700352,20943,multitask,freeway,10,22.0,25000
1,period,1725696,21131,multitask,breakout,1,6.0,576
1,period,1725696,21131,multitask,breakout,2,3.0,576
1,period,1725696,21131,multitask,breakout,3,5.0,576
1,period,1725696,21131,multitask,breakout,4,6.0,576
1,period,1725696,21131,multitask,breakout,5,6.0,576
1,period,1725696,21131,multitask,breakout,6,3.0,576
1,period,1725696,21131,multitask,breakout,7,3.0,576
1,period,1725696,21131,multitask,breakout,8,6.0,576
1,period,1725696,21131,multitask,breakout,9,5.0,576
1,period,1725696,21131,multitask,breakout,10,5.0,576
1,period,1725696,21131,multitask,space_invaders,1,23.0,1782
1,period,1725696,21131,multitask,space_invaders,2,23.0,1782
1,period,1725696,21131,multitask,space_invaders,3,23.0,1782
1,period,1725696,21131,multitask,space_invaders,4,34.0,1782
1,period,1725696,21131,multitask,space_invaders,5,4.0,1782
1,period,1725696,21131,multitask,space_invaders,6,23.0,1782
1,period,1725696,21131,multitask,space_invaders,7,5.0,1782
1,period,1725696,21131,multitask,space_invaders,8,23.0,1782
1,period,1725696,21131,multitask,space_invaders,9,24.0,1782
1,period,1725696,21131,multitask,space_invaders,10,23.0,1782
1,period,1725696,21131,multitask,freeway,1,32.0,25000
1,period,1725696,21131,multitask,freeway,2,23.0,25000
1,period,1725696,21131,multitask,freeway,3,22.0,25000
1,period,1725696,21131,multitask,freeway,4,19.0,25000
1,period,1725696,21131,multitask,freeway,5,28.0,25000
1,period,1725696,21131,multitask,freeway,6,28.0,25000
1,period,1725696,21131,multitask,freeway,7,25.0,25000
1,period,1725696,21131,multitask,freeway,8,25.0,25000
1,period,1725696,21131,multitask,freeway,9,31.0,25000
1,period,1725696,21131,multitask,freeway,10,30.0,25000
1,period,1750272,21319,multitask,breakout,1,6.0,570
1,period,1750272,21319,multitask,breakout,2,0.0,570
1,period,1750272,21319,multitask,breakout,3,5.0,570
1,period,1750272,21319,multitask,breakout,4,5.0,570
1,period,1750272,21319,multitask,breakout,5,5.0,570
1,period,1750272,21319,multitask,breakout,6,5.0,570
1,period,1750272,21319,multitask,breakout,7,5.0,570
1,period,1750272,21319,multitask,breakout,8,5.0,570
1,period,1750272,21319,multitask,breakout,9,6.0,570
1,period,1750272,21319,multitask,breakout,10,5.0,570
1,period,1750272,21319,multitask,space_invaders,1,20.0,2422
1,period,1750272,21319,multitask,space_invaders,2,46.0,2422
1,period,1750272,21319,multitask,space_invaders,3,49.0,2422
1,period,1750272,21319,multitask,space_invaders,4,22.0,2422
1,period,1750272,21319,multitask,space_invaders,5,23.0,2422
1,period,1750272,21319,multitask,space_invaders,6,22.0,2422
1,period,1750272,21319,multitask,space_invaders,7,44.0,2422
1,period,1750272,21319,multitask,space_invaders,8,19.0,2422
1,period,1750272,21319,multitask,space_invaders,9,21.0,2422
1,period,1750272,21319,multitask,space_invaders,10,44.0,2422
1,period,1750272,21319,multitask,freeway,1,27.0,25000
1,period,1750272,21319,multitask,freeway,2,18.0,25000
1,period,1750272,21319,multitask,freeway,3,13.0,25000
1,period,1750272,21319,multitask,freeway,4,25.0,25000
1,period,1750272,21319,multitask,freeway,5,23.0,25000
1,period,1750272,21319,multitask,freeway,6,27.0,25000
1,period,1750272,21319,multitask,freeway,7,23.0,25000
1,period,1750272,21319,multitask,freeway,8,27.0,25000
1,period,1750272,21319,multitask,freeway,9,32.0,25000
1,period,1750272,21319,multitask,freeway,10,25.0,25000
1,period,1775616,21508,multitask,breakout,1,3.0,554
1,period,1775616,21508,multitask,breakout,2,5.0,554
1,period,1775616,21508,multitask,breakout,3,3.0,554
1,period,1775616,21508,multitask,breakout,4,5.0,554
1,period,1775616,21508,multitask,breakout,5,3.0,554
1,period,1775616,21508,multitask,breakout,6,7.0,554
1,period,1775616,21508,multitask,breakout,7,7.0,554
1,period,1775616,21508,multitask,breakout,8,3.0,554
1,period,1775616,21508,multitask,breakout,9,5.0,554
1,period,1775616,21508,multitask,breakout,10,5.0,554
1,period,1775616,21508,multitask,space_invaders,1,46.0,2086
1,period,1775616,21508,multitask,space_invaders,2,10.0,2086
1,period,1775616,21508,multitask,space_invaders,3,23.0,2086
1,period,1775616,21508,multitask,space_invaders,4,23.0,2086
1,period,1775616,21508,multitask,space_invaders,5,10.0,2086
1,period,1775616,21508,multitask,space_invaders,6,25.0,2086
1,period,1775616,21508,multitask,space_invaders,7,47.0,2086
1,period,1775616,21508,multitask,space_invaders,8,23.0,2086
1,period,1775616,21508,multitask,space_invaders,9,23.0,2086
1,period,1775616,21508,multitask,space_invaders,10,27.0,2086
1,period,1775616,21508,multitask,freeway,1,26.0,25000
1,period,1775616,21508,multitask,freeway,2,24.0,25000
1,period,1775616,21508,multitask,freeway,3,19.0,25000
1,period,1775616,21508,multitask,freeway,4,27.0,25000
1,period,1775616,21508,multitask,freeway,5,21.0,25000
1,period,1775616,21508,multitask,freeway,6,13.0,25000
1,period,1775616,21508,multitask,freeway,7,16.0,25000
1,period,1775616,21508,multitask,freeway,8,11.0,25000
1,period,1775616,21508,multitask,freeway,9,8.0,25000
1,period,1775616,21508,multitask,freeway,10,21.0,25000
1,period,1800192,21691,multitask,breakout,1,5.0,596
1,period,1800192,21691,multitask,breakout,2,3.0,596
1,period,1800192,21691,multitask,breakout,3,6.0,596
1,period,1800192,21691,multitask,breakout,4,6.0,596
1,period,1800192,21691,multitask,breakout,5,6.0,596
1,period,1800192,21691,multitask,breakout,6,6.0,596
1,period,1800192,21691,multitask,breakout,7,3.0,596
1,period,1800192,21691,multitask,breakout,8,5.0,596
1,period,1800192,21691,multitask,breakout,9,5.0,596
1,period,1800192,21691,multitask,breakout,10,5.0,596
1,period,1800192,21691,multitask,space_invaders,1,69.0,3463
1,period,1800192,21691,multitask,space_invaders,2,19.0,3463
1,period,1800192,21691,multitask,space_invaders,3,7.0,3463
1,period,1800192,21691,multitask,space_invaders,4,94.0,3463
1,period,1800192,21691,multitask,space_invaders,5,23.0,3463
1,period,1800192,21691,multitask,space_invaders,6,74.0,3463
1,period,1800192,21691,multitask,space_invaders,7,47.0,3463
1,period,1800192,21691,multitask,space_invaders,8,25.0,3463
1,period,1800192,21691,multitask,space_invaders,9,47.0,3463
1,period,1800192,21691,multitask,space_invaders,10,22.0,3463
1,period,1800192,21691,multitask,freeway,1,22.0,25000
1,period,1800192,21691,multitask,freeway,2,16.0,25000
1,period,1800192,21691,multitask,freeway,3,12.0,25000
1,period,1800192,21691,multitask,freeway,4,20.0,25000
1,period,1800192,21691,multitask,freeway,5,21.0,25000
1,period,1800192,21691,multitask,freeway,6,16.0,25000
1,period,1800192,21691,multitask,freeway,7,30.0,25000
1,period,1800192,21691,multitask,freeway,8,14.0,25000
1,period,1800192,21691,multitask,freeway,9,19.0,25000
1,period,1800192,21691,multitask,freeway,10,9.0,25000
1,period,1825536,21875,multitask,breakout,1,6.0,618
1,period,1825536,21875,multitask,breakout,2,6.0,618
1,period,1825536,21875,multitask,breakout,3,5.0,618
1,period,1825536,21875,multitask,breakout,4,6.0,618
1,period,1825536,21875,multitask,breakout,5,4.0,618
1,period,1825536,21875,multitask,breakout,6,3.0,618
1,period,1825536,21875,multitask,breakout,7,5.0,618
1,period,1825536,21875,multitask,breakout,8,5.0,618
1,period,1825536,21875,multitask,breakout,9,6.0,618
1,period,1825536,21875,multitask,breakout,10,6.0,618
1,period,1825536,21875,multitask,space_invaders,1,23.0,3328
1,period,1825536,21875,multitask,space_invaders,2,23.0,3328
1,period,1825536,21875,multitask,space_invaders,3,22.0,3328
1,period,1825536,21875,multitask,space_invaders,4,93.0,3328
1,period,1825536,21875,multitask,space_invaders,5,13.0,3328
1,period,1825536,21875,multitask,space_invaders,6,47.0,3328
1,period,1825536,21875,multitask,space_invaders,7,25.0,3328
1,period,1825536,21875,multitask,space_invaders,8,23.0,3328
1,period,1825536,21875,multitask,space_invaders,9,22.0,3328
1,period,1825536,21875,multitask,space_invaders,10,134.0,3328
1,period,1825536,21875,multitask,freeway,1,22.0,25000
1,period,1825536,21875,multitask,freeway,2,20.0,25000
1,period,1825536,21875,multitask,freeway,3,23.0,25000
1,period,1825536,21875,multitask,freeway,4,20.0,25000
1,period,1825536,21875,multitask,freeway,5,12.0,25000
1,period,1825536,21875,multitask,freeway,6,29.0,25000
1,period,1825536,21875,multitask,freeway,7,18.0,25000
1,period,1825536,21875,multitask,freeway,8,24.0,25000
1,period,1825536,21875,multitask,freeway,9,31.0,25000
1,period,1825536,21875,multitask,freeway,10,25.0,25000
1,period,1850112,22053,multitask,breakout,1,5.0,608
1,period,1850112,22053,multitask,breakout,2,6.0,608
1,period,1850112,22053,multitask,breakout,3,6.0,608
1,period,1850112,22053,multitask,breakout,4,5.0,608
1,period,1850112,22053,multitask,breakout,5,3.0,608
1,period,1850112,22053,multitask,breakout,6,6.0,608
1,period,1850112,22053,multitask,breakout,7,6.0,608
1,period,1850112,22053,multitask,breakout,8,3.0,608
1,period,1850112,22053,multitask,breakout,9,6.0,608
1,period,1850112,22053,multitask,breakout,10,5.0,608
1,period,1850112,22053,multitask,space_invaders,1,23.0,3447
1,period,1850112,22053,multitask,space_invaders,2,47.0,3447
1,period,1850112,22053,multitask,space_invaders,3,23.0,3447
1,period,1850112,22053,multitask,space_invaders,4,69.0,3447
1,period,1850112,22053,multitask,space_invaders,5,71.0,3447
1,period,1850112,22053,multitask,space_invaders,6,4.0,3447
1,period,1850112,22053,multitask,space_invaders,7,47.0,3447
1,period,1850112,22053,multitask,space_invaders,8,22.0,3447
1,period,1850112,22053,multitask,space_invaders,9,69.0,3447
1,period,1850112,22053,multitask,space_invaders,10,46.0,3447
1,period,1850112,22053,multitask,freeway,1,22.0,25000
1,period,1850112,22053,multitask,freeway,2,35.0,25000
1,period,1850112,22053,multitask,freeway,3,16.0,25000
1,period,1850112,22053,multitask,freeway,4,19.0,25000
1,period,1850112,22053,multitask,freeway,5,20.0,25000
1,period,1850112,22053,multitask,freeway,6,16.0,25000
1,period,1850112,22053,multitask,freeway,7,36.0,25000
1,period,1850112,22053,multitask,freeway,8,26.0,25000
1,period,1850112,22053,multitask,freeway,9,19.0,25000
1,period,1850112,22053,multitask,freeway,10,26.0,25000
1,period,1875456,22237,multitask,breakout,1,3.0,502
1,period,1875456,22237,multitask,breakout,2,5.0,502
1,period,1875456,22237,multitask,breakout,3,6.0,502
1,period,1875456,22237,multitask,breakout,4,0.0,502
1,period,1875456,22237,multitask,breakout,5,6.0,502
1,period,1875456,22237,multitask,breakout,6,5.0,502
1,period,1875456,22237,multitask,breakout,7,3.0,502
1,period,1875456,22237,multitask,breakout,8,5.0,502
1,period,1875456,22237,multitask,breakout,9,3.0,502
1,period,1875456,22237,multitask,breakout,10,5.0,502
1,period,1875456,22237,multitask,space_invaders,1,22.0,3501
1,period,1875456,22237,multitask,space_invaders,2,25.0,3501
1,period,1875456,22237,multitask,space_invaders,3,95.0,3501
1,period,1875456,22237,multitask,space_invaders,4,47.0,3501
1,period,1875456,22237,multitask,space_invaders,5,23.0,3501
1,period,1875456,22237,multitask,space_invaders,6,65.0,3501
1,period,1875456,22237,multitask,space_invaders,7,17.0,3501
1,period,1875456,22237,multitask,space_invaders,8,48.0,3501
1,period,1875456,22237,multitask,space_invaders,9,23.0,3501
1,period,1875456,22237,multitask,space_invaders,10,71.0,3501
1,period,1875456,22237,multitask,freeway,1,23.0,25000
1,period,1875456,22237,multitask,freeway,2,31.0,25000
1,period,1875456,22237,multitask,freeway,3,24.0,25000
1,period,1875456,22237,multitask,freeway,4,23.0,25000
1,period,1875456,22237,multitask,freeway,5,26.0,25000
1,period,1875456,22237,multitask,freeway,6,16.0,25000
1,period,1875456,22237,multitask,freeway,7,22.0,25000
1,period,1875456,22237,multitask,freeway,8,20.0,25000
1,period,1875456,22237,multitask,freeway,9,28.0,25000
1,period,1875456,22237,multitask,freeway,10,24.0,25000
1,period,1900032,22401,multitask,breakout,1,5.0,618
1,period,1900032,22401,multitask,breakout,2,6.0,618
1,period,1900032,22401,multitask,breakout,3,5.0,618
1,period,1900032,22401,multitask,breakout,4,5.0,618
1,period,1900032,22401,multitask,breakout,5,6.0,618
1,period,1900032,22401,multitask,breakout,6,3.0,618
1,period,1900032,22401,multitask,breakout,7,6.0,618
1,period,1900032,22401,multitask,breakout,8,6.0,618
1,period,1900032,22401,multitask,breakout,9,5.0,618
1,period,1900032,22401,multitask,breakout,10,5.0,618
1,period,1900032,22401,multitask,space_invaders,1,71.0,2604
1,period,1900032,22401,multitask,space_invaders,2,22.0,2604
1,period,1900032,22401,multitask,space_invaders,3,23.0,2604
1,period,1900032,22401,multitask,space_invaders,4,20.0,2604
1,period,1900032,22401,multitask,space_invaders,5,23.0,2604
1,period,1900032,22401,multitask,space_invaders,6,22.0,2604
1,period,1900032,22401,multitask,space_invaders,7,70.0,2604
1,period,1900032,22401,multitask,space_invaders,8,36.0,2604
1,period,1900032,22401,multitask,space_invaders,9,17.0,2604
1,period,1900032,22401,multitask,space_invaders,10,18.0,2604
1,period,1900032,22401,multitask,freeway,1,31.0,25000
1,period,1900032,22401,multitask,freeway,2,34.0,25000
1,period,1900032,22401,multitask,freeway,3,26.0,25000
1,period,1900032,22401,multitask,freeway,4,28.0,25000
1,period,1900032,22401,multitask,freeway,5,25.0,25000
1,period,1900032,22401,multitask,freeway,6,29.0,25000
1,period,1900032,22401,multitask,freeway,7,29.0,25000
1,period,1900032,22401,multitask,freeway,8,27.0,25000
1,period,1900032,22401,multitask,freeway,9,26.0,25000
1,period,1900032,22401,multitask,freeway,10,27.0,25000
1,period,1925376,22578,multitask,breakout,1,3.0,508
1,period,1925376,22578,multitask,breakout,2,6.0,508
1,period,1925376,22578,multitask,breakout,3,3.0,508
1,period,1925376,22578,multitask,breakout,4,3.0,508
1,period,1925376,22578,multitask,breakout,5,6.0,508
1,period,1925376,22578,multitask,breakout,6,3.0,508
1,period,1925376,22578,multitask,breakout,7,6.0,508
1,period,1925376,22578,multitask,breakout,8,6.0,508
1,period,1925376,22578,multitask,breakout,9,3.0,508
1,period,1925376,22578,multitask,breakout,10,3.0,508
1,period,1925376,22578,multitask,space_invaders,1,9.0,2017
1,period,1925376,22578,multitask,space_invaders,2,74.0,2017
1,period,1925376,22578,multitask,space_invaders,3,14.0,2017
1,period,1925376,22578,multitask,space_invaders,4,6.0,2017
1,period,1925376,22578,multitask,space_invaders,5,5.0,2017
1,period,1925376,22578,multitask,space_invaders,6,46.0,2017
1,period,1925376,22578,multitask,space_invaders,7,23.0,2017
1,period,1925376,22578,multitask,space_invaders,8,23.0,2017
1,period,1925376,22578,multitask,space_invaders,9,23.0,2017
1,period,1925376,22578,multitask,space_invaders,10,23.0,2017
1,period,1925376,22578,multitask,freeway,1,22.0,25000
1,period,1925376,22578,multitask,freeway,2,26.0,25000
1,period,1925376,22578,multitask,freeway,3,28.0,25000
1,period,1925376,22578,multitask,freeway,4,22.0,25000
1,period,1925376,22578,multitask,freeway,5,20.0,25000
1,period,1925376,22578,multitask,freeway,6,25.0,25000
1,period,1925376,22578,multitask,freeway,7,15.0,25000
1,period,1925376,22578,multitask,freeway,8,23.0,25000
1,period,1925376,22578,multitask,freeway,9,15.0,25000
1,period,1925376,22578,multitask,freeway,10,30.0,25000
1,period,1950720,22787,multitask,breakout,1,5.0,612
1,period,1950720,22787,multitask,breakout,2,6.0,612
1,period,1950720,22787,multitask,breakout,3,5.0,612
1,period,1950720,22787,multitask,breakout,4,5.0,612
1,period,1950720,22787,multitask,breakout,5,5.0,612
1,period,1950720,22787,multitask,breakout,6,3.0,612
1,period,1950720,22787,multitask,breakout,7,6.0,612
1,period,1950720,22787,multitask,breakout,8,5.0,612
1,period,1950720,22787,multitask,breakout,9,6.0,612
1,period,1950720,22787,multitask,breakout,10,5.0,612
1,period,1950720,22787,multitask,space_invaders,1,8.0,982
1,period,1950720,22787,multitask,space_invaders,2,8.0,982
1,period,1950720,22787,multitask,space_invaders,3,8.0,982
1,period,1950720,22787,multitask,space_invaders,4,7.0,982
1,period,1950720,22787,multitask,space_invaders,5,8.0,982
1,period,1950720,22787,multitask,space_invaders,6,8.0,982
1,period,1950720,22787,multitask,space_invaders,7,7.0,982
1,period,1950720,22787,multitask,space_invaders,8,9.0,982
1,period,1950720,22787,multitask,space_invaders,9,8.0,982
1,period,1950720,22787,multitask,space_invaders,10,9.0,982
1,period,1950720,22787,multitask,freeway,1,26.0,25000
1,period,1950720,22787,multitask,freeway,2,27.0,25000
1,period,1950720,22787,multitask,freeway,3,18.0,25000
1,period,1950720,22787,multitask,freeway,4,25.0,25000
1,period,1950720,22787,multitask,freeway,5,17.0,25000
1,period,1950720,22787,multitask,freeway,6,27.0,25000
1,period,1950720,22787,multitask,freeway,7,23.0,25000
1,period,1950720,22787,multitask,freeway,8,15.0,25000
1,period,1950720,22787,multitask,freeway,9,27.0,25000
1,period,1950720,22787,multitask,freeway,10,32.0,25000
1,period,1975296,22979,multitask,breakout,1,6.0,672
1,period,1975296,22979,multitask,breakout,2,5.0,672
1,period,1975296,22979,multitask,breakout,3,5.0,672
1,period,1975296,22979,multitask,breakout,4,6.0,672
1,period,1975296,22979,multitask,breakout,5,6.0,672
1,period,1975296,22979,multitask,breakout,6,6.0,672
1,period,1975296,22979,multitask,breakout,7,6.0,672
1,period,1975296,22979,multitask,breakout,8,5.0,672
1,period,1975296,22979,multitask,breakout,9,6.0,672
1,period,1975296,22979,multitask,breakout,10,6.0,672
1,period,1975296,22979,multitask,space_invaders,1,4.0,1890
1,period,1975296,22979,multitask,space_invaders,2,56.0,1890
1,period,1975296,22979,multitask,space_invaders,3,5.0,1890
1,period,1975296,22979,multitask,space_invaders,4,9.0,1890
1,period,1975296,22979,multitask,space_invaders,5,31.0,1890
1,period,1975296,22979,multitask,space_invaders,6,10.0,1890
1,period,1975296,22979,multitask,space_invaders,7,23.0,1890
1,period,1975296,22979,multitask,space_invaders,8,21.0,1890
1,period,1975296,22979,multitask,space_invaders,9,6.0,1890
1,period,1975296,22979,multitask,space_invaders,10,12.0,1890
1,period,1975296,22979,multitask,freeway,1,24.0,25000
1,period,1975296,22979,multitask,freeway,2,17.0,25000
1,period,1975296,22979,multitask,freeway,3,20.0,25000
1,period,1975296,22979,multitask,freeway,4,23.0,25000
1,period,1975296,22979,multitask,freeway,5,31.0,25000
1,period,1975296,22979,multitask,freeway,6,21.0,25000
1,period,1975296,22979,multitask,freeway,7,24.0,25000
1,period,1975296,22979,multitask,freeway,8,33.0,25000
1,period,1975296,22979,multitask,freeway,9,21.0,25000
1,period,1975296,22979,multitask,freeway,10,18.0,25000
1,period,2000640,23176,multitask,breakout,1,3.0,498
1,period,2000640,23176,multitask,breakout,2,1.0,498
1,period,2000640,23176,multitask,breakout,3,6.0,498
1,period,2000640,23176,multitask,breakout,4,6.0,498
1,period,2000640,23176,multitask,breakout,5,6.0,498
1,period,2000640,23176,multitask,breakout,6,0.0,498
1,period,2000640,23176,multitask,breakout,7,6.0,498
1,period,2000640,23176,multitask,breakout,8,6.0,498
1,period,2000640,23176,multitask,breakout,9,5.0,498
1,period,2000640,23176,multitask,breakout,10,2.0,498
1,period,2000640,23176,multitask,space_invaders,1,5.0,2664
1,period,2000640,23176,multitask,space_invaders,2,71.0,2664
1,period,2000640,23176,multitask,space_invaders,3,23.0,2664
1,period,2000640,23176,multitask,space_invaders,4,3.0,2664
1,period,2000640,23176,multitask,space_invaders,5,23.0,2664
1,period,2000640,23176,multitask,space_invaders,6,47.0,2664
1,period,2000640,23176,multitask,space_invaders,7,12.0,2664
1,period,2000640,23176,multitask,space_invaders,8,51.0,2664
1,period,2000640,23176,multitask,space_invaders,9,67.0,2664
1,period,2000640,23176,multitask,space_invaders,10,3.0,2664
1,period,2000640,23176,multitask,freeway,1,29.0,25000
1,period,2000640,23176,multitask,freeway,2,29.0,25000
1,period,2000640,23176,multitask,freeway,3,28.0,25000
1,period,2000640,23176,multitask,freeway,4,29.0,25000
1,period,2000640,23176,multitask,freeway,5,27.0,25000
1,period,2000640,23176,multitask,freeway,6,30.0,25000
1,period,2000640,23176,multitask,freeway,7,14.0,25000
1,period,2000640,23176,multitask,freeway,8,20.0,25000
1,period,2000640,23176,multitask,freeway,9,27.0,25000
1,period,2000640,23176,multitask,freeway,10,29.0,25000
1,period,2025216,23355,multitask,breakout,1,1.0,384
1,period,2025216,23355,multitask,breakout,2,4.0,384
1,period,2025216,23355,multitask,breakout,3,4.0,384
1,period,2025216,23355,multitask,breakout,4,4.0,384
1,period,2025216,23355,multitask,breakout,5,1.0,384
1,period,2025216,23355,multitask,breakout,6,1.0,384
1,period,2025216,23355,multitask,breakout,7,4.0,384
1,period,2025216,23355,multitask,breakout,8,3.0,384
1,period,2025216,23355,multitask,breakout,9,4.0,384
1,period,2025216,23355,multitask,breakout,10,4.0,384
1,period,2025216,23355,multitask,space_invaders,1,47.0,3548
1,period,2025216,23355,multitask,space_invaders,2,68.0,3548
1,period,2025216,23355,multitask,space_invaders,3,46.0,3548
1,period,2025216,23355,multitask,space_invaders,4,37.0,3548
1,period,2025216,23355,multitask,space_invaders,5,21.0,3548
1,period,2025216,23355,multitask,space_invaders,6,24.0,3548
1,period,2025216,23355,multitask,space_invaders,7,21.0,3548
1,period,2025216,23355,multitask,space_invaders,8,3.0,3548
1,period,2025216,23355,multitask,space_invaders,9,22.0,3548
1,period,2025216,23355,multitask,space_invaders,10,87.0,3548
1,period,2025216,23355,multitask,freeway,1,28.0,25000
1,period,2025216,23355,multitask,freeway,2,22.0,25000
1,period,2025216,23355,multitask,freeway,3,25.0,25000
1,period,2025216,23355,multitask,freeway,4,24.0,25000
1,period,2025216,23355,multitask,freeway,5,29.0,25000
1,period,2025216,23355,multitask,freeway,6,13.0,25000
1,period,2025216,23355,multitask,freeway,7,23.0,25000
1,period,2025216,23355,multitask,freeway,8,29.0,25000
1,period,2025216,23355,multitask,freeway,9,17.0,25000
1,period,2025216,23355,multitask,freeway,10,19.0,25000
1,period,2050560,23549,multitask,breakout,1,5.0,650
1,period,2050560,23549,multitask,breakout,2,5.0,650
1,period,2050560,23549,multitask,breakout,3,5.0,650
1,period,2050560,23549,multitask,breakout,4,6.0,650
1,period,2050560,23549,multitask,breakout,5,6.0,650
1,period,2050560,23549,multitask,breakout,6,6.0,650
1,period,2050560,23549,multitask,breakout,7,6.0,650
1,period,2050560,23549,multitask,breakout,8,6.0,650
1,period,2050560,23549,multitask,breakout,9,5.0,650
1,period,2050560,23549,multitask,breakout,10,5.0,650
1,period,2050560,23549,multitask,space_invaders,1,10.0,1902
1,period,2050560,23549,multitask,space_invaders,2,22.0,1902
1,period,2050560,23549,multitask,space_invaders,3,23.0,1902
1,period,2050560,23549,multitask,space_invaders,4,26.0,1902
1,period,2050560,23549,multitask,space_invaders,5,9.0,1902
1,period,2050560,23549,multitask,space_invaders,6,20.0,1902
1,period,2050560,23549,multitask,space_invaders,7,43.0,1902
1,period,2050560,23549,multitask,space_invaders,8,20.0,1902
1,period,2050560,23549,multitask,space_invaders,9,30.0,1902
1,period,2050560,23549,multitask,space_invaders,10,26.0,1902
1,period,2050560,23549,multitask,freeway,1,19.0,25000
1,period,2050560,23549,multitask,freeway,2,18.0,25000
1,period,2050560,23549,multitask,freeway,3,27.0,25000
1,period,2050560,23549,multitask,freeway,4,29.0,25000
1,period,2050560,23549,multitask,freeway,5,18.0,25000
1,period,2050560,23549,multitask,freeway,6,7.0,25000
1,period,2050560,23549,multitask,freeway,7,23.0,25000
1,period,2050560,23549,multitask,freeway,8,28.0,25000
1,period,2050560,23549,multitask,freeway,9,13.0,25000
1,period,2050560,23549,multitask,freeway,10,26.0,25000
1,period,2075136,23714,multitask,breakout,1,5.0,590
1,period,2075136,23714,multitask,breakout,2,3.0,590
1,period,2075136,23714,multitask,breakout,3,5.0,590
1,period,2075136,23714,multitask,breakout,4,6.0,590
1,period,2075136,23714,multitask,breakout,5,5.0,590
1,period,2075136,23714,multitask,breakout,6,5.0,590
1,period,2075136,23714,multitask,breakout,7,5.0,590
1,period,2075136,23714,multitask,breakout,8,5.0,590
1,period,2075136,23714,multitask,breakout,9,5.0,590
1,period,2075136,23714,multitask,breakout,10,5.0,590
1,period,2075136,23714,multitask,space_invaders,1,74.0,3132
1,period,2075136,23714,multitask,space_invaders,2,47.0,3132
1,period,2075136,23714,multitask,space_invaders,3,47.0,3132
1,period,2075136,23714,multitask,space_invaders,4,22.0,3132
1,period,2075136,23714,multitask,space_invaders,5,22.0,3132
1,period,2075136,23714,multitask,space_invaders,6,36.0,3132
1,period,2075136,23714,multitask,space_invaders,7,21.0,3132
1,period,2075136,23714,multitask,space_invaders,8,5.0,3132
1,period,2075136,23714,multitask,space_invaders,9,49.0,3132
1,period,2075136,23714,multitask,space_invaders,10,22.0,3132
1,period,2075136,23714,multitask,freeway,1,19.0,25000
1,period,2075136,23714,multitask,freeway,2,17.0,25000
1,period,2075136,23714,multitask,freeway,3,27.0,25000
1,period,2075136,23714,multitask,freeway,4,19.0,25000
1,period,2075136,23714,multitask,freeway,5,23.0,25000
1,period,2075136,23714,multitask,freeway,6,23.0,25000
1,period,2075136,23714,multitask,freeway,7,30.0,25000
1,period,2075136,23714,multitask,freeway,8,37.0,25000
1,period,2075136,23714,multitask,freeway,9,29.0,25000
1,period,2075136,23714,multitask,freeway,10,21.0,25000
1,period,2100480,23911,multitask,breakout,1,6.0,574
1,period,2100480,23911,multitask,breakout,2,3.0,574
1,period,2100480,23911,multitask,breakout,3,6.0,574
1,period,2100480,23911,multitask,breakout,4,6.0,574
1,period,2100480,23911,multitask,breakout,5,6.0,574
1,period,2100480,23911,multitask,breakout,6,2.0,574
1,period,2100480,23911,multitask,breakout,7,3.0,574
1,period,2100480,23911,multitask,breakout,8,5.0,574
1,period,2100480,23911,multitask,breakout,9,6.0,574
1,period,2100480,23911,multitask,breakout,10,5.0,574
1,period,2100480,23911,multitask,space_invaders,1,23.0,2790
1,period,2100480,23911,multitask,space_invaders,2,11.0,2790
1,period,2100480,23911,multitask,space_invaders,3,6.0,2790
1,period,2100480,23911,multitask,space_invaders,4,23.0,2790
1,period,2100480,23911,multitask,space_invaders,5,45.0,2790
1,period,2100480,23911,multitask,space_invaders,6,23.0,2790
1,period,2100480,23911,multitask,space_invaders,7,47.0,2790
1,period,2100480,23911,multitask,space_invaders,8,47.0,2790
1,period,2100480,23911,multitask,space_invaders,9,51.0,2790
1,period,2100480,23911,multitask,space_invaders,10,20.0,2790
1,period,2100480,23911,multitask,freeway,1,26.0,25000
1,period,2100480,23911,multitask,freeway,2,28.0,25000
1,period,2100480,23911,multitask,freeway,3,32.0,25000
1,period,2100480,23911,multitask,freeway,4,26.0,25000
1,period,2100480,23911,multitask,freeway,5,13.0,25000
1,period,2100480,23911,multitask,freeway,6,27.0,25000
1,period,2100480,23911,multitask,freeway,7,28.0,25000
1,period,2100480,23911,multitask,freeway,8,29.0,25000
1,period,2100480,23911,multitask,freeway,9,29.0,25000
1,period,2100480,23911,multitask,freeway,10,23.0,25000
1,period,2125056,24079,multitask,breakout,1,6.0,514
1,period,2125056,24079,multitask,breakout,2,5.0,514
1,period,2125056,24079,multitask,breakout,3,5.0,514
1,period,2125056,24079,multitask,breakout,4,5.0,514
1,period,2125056,24079,multitask,breakout,5,3.0,514
1,period,2125056,24079,multitask,breakout,6,2.0,514
1,period,2125056,24079,multitask,breakout,7,3.0,514
1,period,2125056,24079,multitask,breakout,8,3.0,514
1,period,2125056,24079,multitask,breakout,9,5.0,514
1,period,2125056,24079,multitask,breakout,10,5.0,514
1,period,2125056,24079,multitask,space_invaders,1,5.0,949
1,period,2125056,24079,multitask,space_invaders,2,5.0,949
1,period,2125056,24079,multitask,space_invaders,3,23.0,949
1,period,2125056,24079,multitask,space_invaders,4,23.0,949
1,period,2125056,24079,multitask,space_invaders,5,5.0,949
1,period,2125056,24079,multitask,space_invaders,6,5.0,949
1,period,2125056,24079,multitask,space_invaders,7,5.0,949
1,period,2125056,24079,multitask,space_invaders,8,5.0,949
1,period,2125056,24079,multitask,space_invaders,9,27.0,949
1,period,2125056,24079,multitask,space_invaders,10,3.0,949
1,period,2125056,24079,multitask,freeway,1,29.0,25000
1,period,2125056,24079,multitask,freeway,2,26.0,25000
1,period,2125056,24079,multitask,freeway,3,19.0,25000
1,period,2125056,24079,multitask,freeway,4,24.0,25000
1,period,2125056,24079,multitask,freeway,5,30.0,25000
1,period,2125056,24079,multitask,freeway,6,26.0,25000
1,period,2125056,24079,multitask,freeway,7,21.0,25000
1,period,2125056,24079,multitask,freeway,8,18.0,25000
1,period,2125056,24079,multitask,freeway,9,24.0,25000
1,period,2125056,24079,multitask,freeway,10,22.0,25000
1,period,2150400,24248,multitask,breakout,1,6.0,542
1,period,2150400,24248,multitask,breakout,2,5.0,542
1,period,2150400,24248,multitask,breakout,3,5.0,542
1,period,2150400,24248,multitask,breakout,4,6.0,542
1,period,2150400,24248,multitask,breakout,5,3.0,542
1,period,2150400,24248,multitask,breakout,6,3.0,542
1,period,2150400,24248,multitask,breakout,7,6.0,542
1,period,2150400,24248,multitask,breakout,8,3.0,542
1,period,2150400,24248,multitask,breakout,9,5.0,542
1,period,2150400,24248,multitask,breakout,10,3.0,542
1,period,2150400,24248,multitask,space_invaders,1,13.0,2591
1,period,2150400,24248,multitask,space_invaders,2,32.0,2591
1,period,2150400,24248,multitask,space_invaders,3,47.0,2591
1,period,2150400,24248,multitask,space_invaders,4,23.0,2591
1,period,2150400,24248,multitask,space_invaders,5,22.0,2591
1,period,2150400,24248,multitask,space_invaders,6,3.0,2591
1,period,2150400,24248,multitask,space_invaders,7,24.0,2591
1,period,2150400,24248,multitask,space_invaders,8,92.0,2591
1,period,2150400,24248,multitask,space_invaders,9,5.0,2591
1,period,2150400,24248,multitask,space_invaders,10,46.0,2591
1,period,2150400,24248,multitask,freeway,1,25.0,25000
1,period,2150400,24248,multitask,freeway,2,25.0,25000
1,period,2150400,24248,multitask,freeway,3,32.0,25000
1,period,2150400,24248,multitask,freeway,4,25.0,25000
1,period,2150400,24248,multitask,freeway,5,27.0,25000
1,period,2150400,24248,multitask,freeway,6,23.0,25000
1,period,2150400,24248,multitask,freeway,7,28.0,25000
1,period,2150400,24248,multitask,freeway,8,16.0,25000
1,period,2150400,24248,multitask,freeway,9,23.0,25000
1,period,2150400,24248,multitask,freeway,10,32.0,25000
1,period,2175744,24428,multitask,breakout,1,6.0,648
1,period,2175744,24428,multitask,breakout,2,5.0,648
1,period,2175744,24428,multitask,breakout,3,2.0,648
1,period,2175744,24428,multitask,breakout,4,6.0,648
1,period,2175744,24428,multitask,breakout,5,6.0,648
1,period,2175744,24428,multitask,breakout,6,6.0,648
1,period,2175744,24428,multitask,breakout,7,6.0,648
1,period,2175744,24428,multitask,breakout,8,6.0,648
1,period,2175744,24428,multitask,breakout,9,6.0,648
1,period,2175744,24428,multitask,breakout,10,6.0,648
1,period,2175744,24428,multitask,space_invaders,1,23.0,2630
1,period,2175744,24428,multitask,space_invaders,2,22.0,2630
1,period,2175744,24428,multitask,space_invaders,3,21.0,2630
1,period,2175744,24428,multitask,space_invaders,4,51.0,2630
1,period,2175744,24428,multitask,space_invaders,5,18.0,2630
1,period,2175744,24428,multitask,space_invaders,6,21.0,2630
1,period,2175744,24428,multitask,space_invaders,7,70.0,2630
1,period,2175744,24428,multitask,space_invaders,8,19.0,2630
1,period,2175744,24428,multitask,space_invaders,9,23.0,2630
1,period,2175744,24428,multitask,space_invaders,10,21.0,2630
1,period,2175744,24428,multitask,freeway,1,27.0,25000
1,period,2175744,24428,multitask,freeway,2,31.0,25000
1,period,2175744,24428,multitask,freeway,3,31.0,25000
1,period,2175744,24428,multitask,freeway,4,27.0,25000
1,period,2175744,24428,multitask,freeway,5,30.0,25000
1,period,2175744,24428,multitask,freeway,6,30.0,25000
1,period,2175744,24428,multitask,freeway,7,34.0,25000
1,period,2175744,24428,multitask,freeway,8,29.0,25000
1,period,2175744,24428,multitask,freeway,9,33.0,25000
1,period,2175744,24428,multitask,freeway,10,27.0,25000
1,period,2200320,24606,multitask,breakout,1,6.0,626
1,period,2200320,24606,multitask,breakout,2,5.0,626
1,period,2200320,24606,multitask,breakout,3,6.0,626
1,period,2200320,24606,multitask,breakout,4,6.0,626
1,period,2200320,24606,multitask,breakout,5,5.0,626
1,period,2200320,24606,multitask,breakout,6,6.0,626
1,period,2200320,24606,multitask,breakout,7,5.0,626
1,period,2200320,24606,multitask,breakout,8,2.0,626
1,period,2200320,24606,multitask,breakout,9,6.0,626
1,period,2200320,24606,multitask,breakout,10,6.0,626
1,period,2200320,24606,multitask,space_invaders,1,23.0,3280
1,period,2200320,24606,multitask,space_invaders,2,15.0,3280
1,period,2200320,24606,multitask,space_invaders,3,70.0,3280
1,period,2200320,24606,multitask,space_invaders,4,23.0,3280
1,period,2200320,24606,multitask,space_invaders,5,23.0,3280
1,period,2200320,24606,multitask,space_invaders,6,47.0,3280
1,period,2200320,24606,multitask,space_invaders,7,105.0,3280
1,period,2200320,24606,multitask,space_invaders,8,7.0,3280
1,period,2200320,24606,multitask,space_invaders,9,22.0,3280
1,period,2200320,24606,multitask,space_invaders,10,47.0,3280
1,period,2200320,24606,multitask,freeway,1,22.0,25000
1,period,2200320,24606,multitask,freeway,2,25.0,25000
1,period,2200320,24606,multitask,freeway,3,26.0,25000
1,period,2200320,24606,multitask,freeway,4,29.0,25000
1,period,2200320,24606,multitask,freeway,5,17.0,25000
1,period,2200320,24606,multitask,freeway,6,20.0,25000
1,period,2200320,24606,multitask,freeway,7,29.0,25000
1,period,2200320,24606,multitask,freeway,8,29.0,25000
1,period,2200320,24606,multitask,freeway,9,33.0,25000
1,period,2200320,24606,multitask,freeway,10,21.0,25000
1,period,2225664,24779,multitask,breakout,1,5.0,554
1,period,2225664,24779,multitask,breakout,2,1.0,554
1,period,2225664,24779,multitask,breakout,3,5.0,554
1,period,2225664,24779,multitask,breakout,4,6.0,554
1,period,2225664,24779,multitask,breakout,5,6.0,554
1,period,2225664,24779,multitask,breakout,6,6.0,554
1,period,2225664,24779,multitask,breakout,7,2.0,554
1,period,2225664,24779,multitask,breakout,8,5.0,554
1,period,2225664,24779,multitask,breakout,9,5.0,554
1,period,2225664,24779,multitask,breakout,10,5.0,554
1,period,2225664,24779,multitask,space_invaders,1,23.0,2194
1,period,2225664,24779,multitask,space_invaders,2,22.0,2194
1,period,2225664,24779,multitask,space_invaders,3,22.0,2194
1,period,2225664,24779,multitask,space_invaders,4,6.0,2194
1,period,2225664,24779,multitask,space_invaders,5,9.0,2194
1,period,2225664,24779,multitask,space_invaders,6,28.0,2194
1,period,2225664,24779,multitask,space_invaders,7,47.0,2194
1,period,2225664,24779,multitask,space_invaders,8,47.0,2194
1,period,2225664,24779,multitask,space_invaders,9,23.0,2194
1,period,2225664,24779,multitask,space_invaders,10,22.0,2194
1,period,2225664,24779,multitask,freeway,1,9.0,25000
1,period,2225664,24779,multitask,freeway,2,21.0,25000
1,period,2225664,24779,multitask,freeway,3,33.0,25000
1,period,2225664,24779,multitask,freeway,4,13.0,25000
1,period,2225664,24779,multitask,freeway,5,28.0,25000
1,period,2225664,24779,multitask,freeway,6,24.0,25000
1,period,2225664,24779,multitask,freeway,7,20.0,25000
1,period,2225664,24779,multitask,freeway,8,13.0,25000
1,period,2225664,24779,multitask,freeway,9,28.0,25000
1,period,2225664,24779,multitask,freeway,10,33.0,25000
1,period,2250240,24954,multitask,breakout,1,5.0,606
1,period,2250240,24954,multitask,breakout,2,5.0,606
1,period,2250240,24954,multitask,breakout,3,3.0,606
1,period,2250240,24954,multitask,breakout,4,3.0,606
1,period,2250240,24954,multitask,breakout,5,5.0,606
1,period,2250240,24954,multitask,breakout,6,6.0,606
1,period,2250240,24954,multitask,breakout,7,6.0,606
1,period,2250240,24954,multitask,breakout,8,6.0,606
1,period,2250240,24954,multitask,breakout,9,6.0,606
1,period,2250240,24954,multitask,breakout,10,6.0,606
1,period,2250240,24954,multitask,space_invaders,1,27.0,2775
1,period,2250240,24954,multitask,space_invaders,2,15.0,2775
1,period,2250240,24954,multitask,space_invaders,3,23.0,2775
1,period,2250240,24954,multitask,space_invaders,4,48.0,2775
1,period,2250240,24954,multitask,space_invaders,5,23.0,2775
1,period,2250240,24954,multitask,space_invaders,6,47.0,2775
1,period,2250240,24954,multitask,space_invaders,7,23.0,2775
1,period,2250240,24954,multitask,space_invaders,8,70.0,2775
1,period,2250240,24954,multitask,space_invaders,9,3.0,2775
1,period,2250240,24954,multitask,space_invaders,10,44.0,2775
1,period,2250240,24954,multitask,freeway,1,35.0,25000
1,period,2250240,24954,multitask,freeway,2,21.0,25000
1,period,2250240,24954,multitask,freeway,3,22.0,25000
1,period,2250240,24954,multitask,freeway,4,29.0,25000
1,period,2250240,24954,multitask,freeway,5,16.0,25000
1,period,2250240,24954,multitask,freeway,6,29.0,25000
1,period,2250240,24954,multitask,freeway,7,16.0,25000
1,period,2250240,24954,multitask,freeway,8,33.0,25000
1,period,2250240,24954,multitask,freeway,9,17.0,25000
1,period,2250240,24954,multitask,freeway,10,27.0,25000
1,period,2275584,25127,multitask,breakout,1,5.0,620
1,period,2275584,25127,multitask,breakout,2,7.0,620
1,period,2275584,25127,multitask,breakout,3,5.0,620
1,period,2275584,25127,multitask,breakout,4,6.0,620
1,period,2275584,25127,multitask,breakout,5,5.0,620
1,period,2275584,25127,multitask,breakout,6,3.0,620
1,period,2275584,25127,multitask,breakout,7,6.0,620
1,period,2275584,25127,multitask,breakout,8,5.0,620
1,period,2275584,25127,multitask,breakout,9,5.0,620
1,period,2275584,25127,multitask,breakout,10,5.0,620
1,period,2275584,25127,multitask,space_invaders,1,23.0,2929
1,period,2275584,25127,multitask,space_invaders,2,22.0,2929
1,period,2275584,25127,multitask,space_invaders,3,8.0,2929
1,period,2275584,25127,multitask,space_invaders,4,47.0,2929
1,period,2275584,25127,multitask,space_invaders,5,45.0,2929
1,period,2275584,25127,multitask,space_invaders,6,9.0,2929
1,period,2275584,25127,multitask,space_invaders,7,51.0,2929
1,period,2275584,25127,multitask,space_invaders,8,46.0,2929
1,period,2275584,25127,multitask,space_invaders,9,45.0,2929
1,period,2275584,25127,multitask,space_invaders,10,49.0,2929
1,period,2275584,25127,multitask,freeway,1,31.0,25000
1,period,2275584,25127,multitask,freeway,2,26.0,25000
1,period,2275584,25127,multitask,freeway,3,33.0,25000
1,period,2275584,25127,multitask,freeway,4,21.0,25000
1,period,2275584,25127,multitask,freeway,5,27.0,25000
1,period,2275584,25127,multitask,freeway,6,27.0,25000
1,period,2275584,25127,multitask,freeway,7,23.0,25000
1,period,2275584,25127,multitask,freeway,8,12.0,25000
1,period,2275584,25127,multitask,freeway,9,27.0,25000
1,period,2275584,25127,multitask,freeway,10,27.0,25000
1,period,2300160,25295,multitask,breakout,1,5.0,518
1,period,2300160,25295,multitask,breakout,2,1.0,518
1,period,2300160,25295,multitask,breakout,3,6.0,518
1,period,2300160,25295,multitask,breakout,4,4.0,518
1,period,2300160,25295,multitask,breakout,5,5.0,518
1,period,2300160,25295,multitask,breakout,6,4.0,518
1,period,2300160,25295,multitask,breakout,7,4.0,518
1,period,2300160,25295,multitask,breakout,8,3.0,518
1,period,2300160,25295,multitask,breakout,9,5.0,518
1,period,2300160,25295,multitask,breakout,10,5.0,518
1,period,2300160,25295,multitask,space_invaders,1,45.0,2393
1,period,2300160,25295,multitask,space_invaders,2,27.0,2393
1,period,2300160,25295,multitask,space_invaders,3,23.0,2393
1,period,2300160,25295,multitask,space_invaders,4,4.0,2393
1,period,2300160,25295,multitask,space_invaders,5,27.0,2393
1,period,2300160,25295,multitask,space_invaders,6,22.0,2393
1,period,2300160,25295,multitask,space_invaders,7,46.0,2393
1,period,2300160,25295,multitask,space_invaders,8,47.0,2393
1,period,2300160,25295,multitask,space_invaders,9,27.0,2393
1,period,2300160,25295,multitask,space_invaders,10,4.0,2393
1,period,2300160,25295,multitask,freeway,1,19.0,25000
1,period,2300160,25295,multitask,freeway,2,24.0,25000
1,period,2300160,25295,multitask,freeway,3,25.0,25000
1,period,2300160,25295,multitask,freeway,4,35.0,25000
1,period,2300160,25295,multitask,freeway,5,26.0,25000
1,period,2300160,25295,multitask,freeway,6,16.0,25000
1,period,2300160,25295,multitask,freeway,7,24.0,25000
1,period,2300160,25295,multitask,freeway,8,26.0,25000
1,period,2300160,25295,multitask,freeway,9,34.0,25000
1,period,2300160,25295,multitask,freeway,10,37.0,25000
1,period,2325504,25473,multitask,breakout,1,5.0,610
1,period,2325504,25473,multitask,breakout,2,6.0,610
1,period,2325504,25473,multitask,breakout,3,3.0,610
1,period,2325504,25473,multitask,breakout,4,5.0,610
1,period,2325504,25473,multitask,breakout,5,6.0,610
1,period,2325504,25473,multitask,breakout,6,5.0,610
1,period,2325504,25473,multitask,breakout,7,3.0,610
1,period,2325504,25473,multitask,breakout,8,6.0,610
1,period,2325504,25473,multitask,breakout,9,6.0,610
1,period,2325504,25473,multitask,breakout,10,6.0,610
1,period,2325504,25473,multitask,space_invaders,1,23.0,2744
1,period,2325504,25473,multitask,space_invaders,2,119.0,2744
1,period,2325504,25473,multitask,space_invaders,3,7.0,2744
1,period,2325504,25473,multitask,space_invaders,4,25.0,2744
1,period,2325504,25473,multitask,space_invaders,5,50.0,2744
1,period,2325504,25473,multitask,space_invaders,6,23.0,2744
1,period,2325504,25473,multitask,space_invaders,7,3.0,2744
1,period,2325504,25473,multitask,space_invaders,8,25.0,2744
1,period,2325504,25473,multitask,space_invaders,9,22.0,2744
1,period,2325504,25473,multitask,space_invaders,10,18.0,2744
1,period,2325504,25473,multitask,freeway,1,26.0,25000
1,period,2325504,25473,multitask,freeway,2,22.0,25000
1,period,2325504,25473,multitask,freeway,3,25.0,25000
1,period,2325504,25473,multitask,freeway,4,28.0,25000
1,period,2325504,25473,multitask,freeway,5,20.0,25000
1,period,2325504,25473,multitask,freeway,6,37.0,25000
1,period,2325504,25473,multitask,freeway,7,33.0,25000
1,period,2325504,25473,multitask,freeway,8,33.0,25000
1,period,2325504,25473,multitask,freeway,9,23.0,25000
1,period,2325504,25473,multitask,freeway,10,31.0,25000
1,period,2350080,25656,multitask,breakout,1,6.0,606
1,period,2350080,25656,multitask,breakout,2,7.0,606
1,period,2350080,25656,multitask,breakout,3,5.0,606
1,period,2350080,25656,multitask,breakout,4,6.0,606
1,period,2350080,25656,multitask,breakout,5,6.0,606
1,period,2350080,25656,multitask,breakout,6,5.0,606
1,period,2350080,25656,multitask,breakout,7,5.0,606
1,period,2350080,25656,multitask,breakout,8,2.0,606
1,period,2350080,25656,multitask,breakout,9,6.0,606
1,period,2350080,25656,multitask,breakout,10,3.0,606
1,period,2350080,25656,multitask,space_invaders,1,26.0,2744
1,period,2350080,25656,multitask,space_invaders,2,47.0,2744
1,period,2350080,25656,multitask,space_invaders,3,19.0,2744
1,period,2350080,25656,multitask,space_invaders,4,25.0,2744
1,period,2350080,25656,multitask,space_invaders,5,4.0,2744
1,period,2350080,25656,multitask,space_invaders,6,73.0,2744
1,period,2350080,25656,multitask,space_invaders,7,45.0,2744
1,period,2350080,25656,multitask,space_invaders,8,5.0,2744
1,period,2350080,25656,multitask,space_invaders,9,42.0,2744
1,period,2350080,25656,multitask,space_invaders,10,47.0,2744
1,period,2350080,25656,multitask,freeway,1,28.0,25000
1,period,2350080,25656,multitask,freeway,2,29.0,25000
1,period,2350080,25656,multitask,freeway,3,22.0,25000
1,period,2350080,25656,multitask,freeway,4,28.0,25000
1,period,2350080,25656,multitask,freeway,5,31.0,25000
1,period,2350080,25656,multitask,freeway,6,26.0,25000
1,period,2350080,25656,multitask,freeway,7,28.0,25000
1,period,2350080,25656,multitask,freeway,8,14.0,25000
1,period,2350080,25656,multitask,freeway,9,27.0,25000
1,period,2350080,25656,multitask,freeway,10,16.0,25000
1,period,2375424,25830,multitask,breakout,1,6.0,556
1,period,2375424,25830,multitask,breakout,2,6.0,556
1,period,2375424,25830,multitask,breakout,3,6.0,556
1,period,2375424,25830,multitask,breakout,4,6.0,556
1,period,2375424,25830,multitask,breakout,5,3.0,556
1,period,2375424,25830,multitask,breakout,6,1.0,556
1,period,2375424,25830,multitask,breakout,7,3.0,556
1,period,2375424,25830,multitask,breakout,8,5.0,556
1,period,2375424,25830,multitask,breakout,9,5.0,556
1,period,2375424,25830,multitask,breakout,10,5.0,556
1,period,2375424,25830,multitask,space_invaders,1,47.0,2715
1,period,2375424,25830,multitask,space_invaders,2,46.0,2715
1,period,2375424,25830,multitask,space_invaders,3,8.0,2715
1,period,2375424,25830,multitask,space_invaders,4,47.0,2715
1,period,2375424,25830,multitask,space_invaders,5,25.0,2715
1,period,2375424,25830,multitask,space_invaders,6,4.0,2715
1,period,2375424,25830,multitask,space_invaders,7,22.0,2715
1,period,2375424,25830,multitask,space_invaders,8,95.0,2715
1,period,2375424,25830,multitask,space_invaders,9,26.0,2715
1,period,2375424,25830,multitask,space_invaders,10,5.0,2715
1,period,2375424,25830,multitask,freeway,1,29.0,25000
1,period,2375424,25830,multitask,freeway,2,29.0,25000
1,period,2375424,25830,multitask,freeway,3,20.0,25000
1,period,2375424,25830,multitask,freeway,4,25.0,25000
1,period,2375424,25830,multitask,freeway,5,19.0,25000
1,period,2375424,25830,multitask,freeway,6,30.0,25000
1,period,2375424,25830,multitask,freeway,7,23.0,25000
1,period,2375424,25830,multitask,freeway,8,29.0,25000
1,period,2375424,25830,multitask,freeway,9,27.0,25000
1,period,2375424,25830,multitask,freeway,10,22.0,25000
1,period,2400000,26014,multitask,breakout,1,2.0,624
1,period,2400000,26014,multitask,breakout,2,5.0,624
1,period,2400000,26014,multitask,breakout,3,6.0,624
1,period,2400000,26014,multitask,breakout,4,6.0,624
1,period,2400000,26014,multitask,breakout,5,5.0,624
1,period,2400000,26014,multitask,breakout,6,5.0,624
1,period,2400000,26014,multitask,breakout,7,6.0,624
1,period,2400000,26014,multitask,breakout,8,5.0,624
1,period,2400000,26014,multitask,breakout,9,6.0,624
1,period,2400000,26014,multitask,breakout,10,6.0,624
1,period,2400000,26014,multitask,space_invaders,1,30.0,2271
1,period,2400000,26014,multitask,space_invaders,2,22.0,2271
1,period,2400000,26014,multitask,space_invaders,3,24.0,2271
1,period,2400000,26014,multitask,space_invaders,4,23.0,2271
1,period,2400000,26014,multitask,space_invaders,5,7.0,2271
1,period,2400000,26014,multitask,space_invaders,6,98.0,2271
1,period,2400000,26014,multitask,space_invaders,7,9.0,2271
1,period,2400000,26014,multitask,space_invaders,8,22.0,2271
1,period,2400000,26014,multitask,space_invaders,9,23.0,2271
1,period,2400000,26014,multitask,space_invaders,10,19.0,2271
1,period,2400000,26014,multitask,freeway,1,27.0,25000
1,period,2400000,26014,multitask,freeway,2,24.0,25000
1,period,2400000,26014,multitask,freeway,3,26.0,25000
1,period,2400000,26014,multitask,freeway,4,39.0,25000
1,period,2400000,26014,multitask,freeway,5,21.0,25000
1,period,2400000,26014,multitask,freeway,6,21.0,25000
1,period,2400000,26014,multitask,freeway,7,28.0,25000
1,period,2400000,26014,multitask,freeway,8,22.0,25000
1,period,2400000,26014,multitask,freeway,9,24.0,25000
1,period,2400000,26014,multitask,freeway,10,29.0,25000
1,period,2425344,26202,multitask,breakout,1,6.0,566
1,period,2425344,26202,multitask,breakout,2,5.0,566
1,period,2425344,26202,multitask,breakout,3,5.0,566
1,period,2425344,26202,multitask,breakout,4,6.0,566
1,period,2425344,26202,multitask,breakout,5,5.0,566
1,period,2425344,26202,multitask,breakout,6,3.0,566
1,period,2425344,26202,multitask,breakout,7,5.0,566
1,period,2425344,26202,multitask,breakout,8,3.0,566
1,period,2425344,26202,multitask,breakout,9,6.0,566
1,period,2425344,26202,multitask,breakout,10,3.0,566
1,period,2425344,26202,multitask,space_invaders,1,3.0,2400
1,period,2425344,26202,multitask,space_invaders,2,68.0,2400
1,period,2425344,26202,multitask,space_invaders,3,23.0,2400
1,period,2425344,26202,multitask,space_invaders,4,51.0,2400
1,period,2425344,26202,multitask,space_invaders,5,21.0,2400
1,period,2425344,26202,multitask,space_invaders,6,48.0,2400
1,period,2425344,26202,multitask,space_invaders,7,7.0,2400
1,period,2425344,26202,multitask,space_invaders,8,23.0,2400
1,period,2425344,26202,multitask,space_invaders,9,27.0,2400
1,period,2425344,26202,multitask,space_invaders,10,21.0,2400
1,period,2425344,26202,multitask,freeway,1,24.0,25000
1,period,2425344,26202,multitask,freeway,2,31.0,25000
1,period,2425344,26202,multitask,freeway,3,15.0,25000
1,period,2425344,26202,multitask,freeway,4,29.0,25000
1,period,2425344,26202,multitask,freeway,5,20.0,25000
1,period,2425344,26202,multitask,freeway,6,1.0,25000
1,period,2425344,26202,multitask,freeway,7,28.0,25000
1,period,2425344,26202,multitask,freeway,8,20.0,25000
1,period,2425344,26202,multitask,freeway,9,23.0,25000
1,period,2425344,26202,multitask,freeway,10,19.0,25000
1,period,2450688,26395,multitask,breakout,1,6.0,586
1,period,2450688,26395,multitask,breakout,2,5.0,586
1,period,2450688,26395,multitask,breakout,3,6.0,586
1,period,2450688,26395,multitask,breakout,4,5.0,586
1,period,2450688,26395,multitask,breakout,5,5.0,586
1,period,2450688,26395,multitask,breakout,6,5.0,586
1,period,2450688,26395,multitask,breakout,7,6.0,586
1,period,2450688,26395,multitask,breakout,8,2.0,586
1,period,2450688,26395,multitask,breakout,9,3.0,586
1,period,2450688,26395,multitask,breakout,10,6.0,586
1,period,2450688,26395,multitask,space_invaders,1,17.0,2049
1,period,2450688,26395,multitask,space_invaders,2,15.0,2049
1,period,2450688,26395,multitask,space_invaders,3,25.0,2049
1,period,2450688,26395,multitask,space_invaders,4,26.0,2049
1,period,2450688,26395,multitask,space_invaders,5,74.0,2049
1,period,2450688,26395,multitask,space_invaders,6,39.0,2049
1,period,2450688,26395,multitask,space_invaders,7,3.0,2049
1,period,2450688,26395,multitask,space_invaders,8,23.0,2049
1,period,2450688,26395,multitask,space_invaders,9,6.0,2049
1,period,2450688,26395,multitask,space_invaders,10,26.0,2049
1,period,2450688,26395,multitask,freeway,1,26.0,25000
1,period,2450688,26395,multitask,freeway,2,31.0,25000
1,period,2450688,26395,multitask,freeway,3,27.0,25000
1,period,2450688,26395,multitask,freeway,4,13.0,25000
1,period,2450688,26395,multitask,freeway,5,28.0,25000
1,period,2450688,26395,multitask,freeway,6,24.0,25000
1,period,2450688,26395,multitask,freeway,7,29.0,25000
1,period,2450688,26395,multitask,freeway,8,29.0,25000
1,period,2450688,26395,multitask,freeway,9,29.0,25000
1,period,2450688,26395,multitask,freeway,10,5.0,25000
1,period,2475264,26596,multitask,breakout,1,7.0,556
1,period,2475264,26596,multitask,breakout,2,3.0,556
1,period,2475264,26596,multitask,breakout,3,3.0,556
1,period,2475264,26596,multitask,breakout,4,5.0,556
1,period,2475264,26596,multitask,breakout,5,5.0,556
1,period,2475264,26596,multitask,breakout,6,6.0,556
1,period,2475264,26596,multitask,breakout,7,6.0,556
1,period,2475264,26596,multitask,breakout,8,2.0,556
1,period,2475264,26596,multitask,breakout,9,6.0,556
1,period,2475264,26596,multitask,breakout,10,3.0,556
1,period,2475264,26596,multitask,space_invaders,1,43.0,2933
1,period,2475264,26596,multitask,space_invaders,2,18.0,2933
1,period,2475264,26596,multitask,space_invaders,3,23.0,2933
1,period,2475264,26596,multitask,space_invaders,4,47.0,2933
1,period,2475264,26596,multitask,space_invaders,5,22.0,2933
1,period,2475264,26596,multitask,space_invaders,6,81.0,2933
1,period,2475264,26596,multitask,space_invaders,7,19.0,2933
1,period,2475264,26596,multitask,space_invaders,8,36.0,2933
1,period,2475264,26596,multitask,space_invaders,9,16.0,2933
1,period,2475264,26596,multitask,space_invaders,10,26.0,2933
1,period,2475264,26596,multitask,freeway,1,15.0,25000
1,period,2475264,26596,multitask,freeway,2,26.0,25000
1,period,2475264,26596,multitask,freeway,3,26.0,25000
1,period,2475264,26596,multitask,freeway,4,21.0,25000
1,period,2475264,26596,multitask,freeway,5,23.0,25000
1,period,2475264,26596,multitask,freeway,6,29.0,25000
1,period,2475264,26596,multitask,freeway,7,31.0,25000
1,period,2475264,26596,multitask,freeway,8,31.0,25000
1,period,2475264,26596,multitask,freeway,9,24.0,25000
1,period,2475264,26596,multitask,freeway,10,23.0,25000
1,period,2500608,26764,multitask,breakout,1,6.0,630
1,period,2500608,26764,multitask,breakout,2,5.0,630
1,period,2500608,26764,multitask,breakout,3,5.0,630
1,period,2500608,26764,multitask,breakout,4,5.0,630
1,period,2500608,26764,multitask,breakout,5,6.0,630
1,period,2500608,26764,multitask,breakout,6,5.0,630
1,period,2500608,26764,multitask,breakout,7,6.0,630
1,period,2500608,26764,multitask,breakout,8,5.0,630
1,period,2500608,26764,multitask,breakout,9,4.0,630
1,period,2500608,26764,multitask,breakout,10,6.0,630
1,period,2500608,26764,multitask,space_invaders,1,22.0,3340
1,period,2500608,26764,multitask,space_invaders,2,81.0,3340
1,period,2500608,26764,multitask,space_invaders,3,19.0,3340
1,period,2500608,26764,multitask,space_invaders,4,71.0,3340
1,period,2500608,26764,multitask,space_invaders,5,57.0,3340
1,period,2500608,26764,multitask,space_invaders,6,25.0,3340
1,period,2500608,26764,multitask,space_invaders,7,23.0,3340
1,period,2500608,26764,multitask,space_invaders,8,25.0,3340
1,period,2500608,26764,multitask,space_invaders,9,15.0,3340
1,period,2500608,26764,multitask,space_invaders,10,69.0,3340
1,period,2500608,26764,multitask,freeway,1,20.0,25000
1,period,2500608,26764,multitask,freeway,2,19.0,25000
1,period,2500608,26764,multitask,freeway,3,30.0,25000
1,period,2500608,26764,multitask,freeway,4,26.0,25000
1,period,2500608,26764,multitask,freeway,5,22.0,25000
1,period,2500608,26764,multitask,freeway,6,24.0,25000
1,period,2500608,26764,multitask,freeway,7,16.0,25000
1,period,2500608,26764,multitask,freeway,8,16.0,25000
1,period,2500608,26764,multitask,freeway,9,28.0,25000
1,period,2500608,26764,multitask,freeway,10,31.0,25000
1,period,2525184,26937,multitask,breakout,1,5.0,630
1,period,2525184,26937,multitask,breakout,2,6.0,630
1,period,2525184,26937,multitask,breakout,3,5.0,630
1,period,2525184,26937,multitask,breakout,4,7.0,630
1,period,2525184,26937,multitask,breakout,5,5.0,630
1,period,2525184,26937,multitask,breakout,6,4.0,630
1,period,2525184,26937,multitask,breakout,7,5.0,630
1,period,2525184,26937,multitask,breakout,8,5.0,630
1,period,2525184,26937,multitask,breakout,9,6.0,630
1,period,2525184,26937,multitask,breakout,10,5.0,630
1,period,2525184,26937,multitask,space_invaders,1,3.0,180
1,period,2525184,26937,multitask,space_invaders,2,3.0,180
1,period,2525184,26937,multitask,space_invaders,3,3.0,180
1,period,2525184,26937,multitask,space_invaders,4,3.0,180
1,period,2525184,26937,multitask,space_invaders,5,3.0,180
1,period,2525184,26937,multitask,space_invaders,6,3.0,180
1,period,2525184,26937,multitask,space_invaders,7,3.0,180
1,period,2525184,26937,multitask,space_invaders,8,3.0,180
1,period,2525184,26937,multitask,space_invaders,9,3.0,180
1,period,2525184,26937,multitask,space_invaders,10,3.0,180
1,period,2525184,26937,multitask,freeway,1,25.0,25000
1,period,2525184,26937,multitask,freeway,2,24.0,25000
1,period,2525184,26937,multitask,freeway,3,9.0,25000
1,period,2525184,26937,multitask,freeway,4,25.0,25000
1,period,2525184,26937,multitask,freeway,5,18.0,25000
1,period,2525184,26937,multitask,freeway,6,14.0,25000
1,period,2525184,26937,multitask,freeway,7,31.0,25000
1,period,2525184,26937,multitask,freeway,8,25.0,25000
1,period,2525184,26937,multitask,freeway,9,19.0,25000
1,period,2525184,26937,multitask,freeway,10,29.0,25000
1,period,2550528,27108,multitask,breakout,1,5.0,654
1,period,2550528,27108,multitask,breakout,2,5.0,654
1,period,2550528,27108,multitask,breakout,3,6.0,654
1,period,2550528,27108,multitask,breakout,4,6.0,654
1,period,2550528,27108,multitask,breakout,5,6.0,654
1,period,2550528,27108,multitask,breakout,6,6.0,654
1,period,2550528,27108,multitask,breakout,7,5.0,654
1,period,2550528,27108,multitask,breakout,8,6.0,654
1,period,2550528,27108,multitask,breakout,9,5.0,654
1,period,2550528,27108,multitask,breakout,10,5.0,654
1,period,2550528,27108,multitask,space_invaders,1,23.0,3698
1,period,2550528,27108,multitask,space_invaders,2,47.0,3698
1,period,2550528,27108,multitask,space_invaders,3,70.0,3698
1,period,2550528,27108,multitask,space_invaders,4,49.0,3698
1,period,2550528,27108,multitask,space_invaders,5,106.0,3698
1,period,2550528,27108,multitask,space_invaders,6,22.0,3698
1,period,2550528,27108,multitask,space_invaders,7,37.0,3698
1,period,2550528,27108,multitask,space_invaders,8,28.0,3698
1,period,2550528,27108,multitask,space_invaders,9,47.0,3698
1,period,2550528,27108,multitask,space_invaders,10,25.0,3698
1,period,2550528,27108,multitask,freeway,1,28.0,25000
1,period,2550528,27108,multitask,freeway,2,30.0,25000
1,period,2550528,27108,multitask,freeway,3,19.0,25000
1,period,2550528,27108,multitask,freeway,4,25.0,25000
1,period,2550528,27108,multitask,freeway,5,24.0,25000
1,period,2550528,27108,multitask,freeway,6,21.0,25000
1,period,2550528,27108,multitask,freeway,7,27.0,25000
1,period,2550528,27108,multitask,freeway,8,10.0,25000
1,period,2550528,27108,multitask,freeway,9,21.0,25000
1,period,2550528,27108,multitask,freeway,10,14.0,25000
1,period,2575104,27272,multitask,breakout,1,6.0,628
1,period,2575104,27272,multitask,breakout,2,6.0,628
1,period,2575104,27272,multitask,breakout,3,6.0,628
1,period,2575104,27272,multitask,breakout,4,5.0,628
1,period,2575104,27272,multitask,breakout,5,5.0,628
1,period,2575104,27272,multitask,breakout,6,5.0,628
1,period,2575104,27272,multitask,breakout,7,6.0,628
1,period,2575104,27272,multitask,breakout,8,3.0,628
1,period,2575104,27272,multitask,breakout,9,6.0,628
1,period,2575104,27272,multitask,breakout,10,5.0,628
1,period,2575104,27272,multitask,space_invaders,1,12.0,3873
1,period,2575104,27272,multitask,space_invaders,2,46.0,3873
1,period,2575104,27272,multitask,space_invaders,3,43.0,3873
1,period,2575104,27272,multitask,space_invaders,4,59.0,3873
1,period,2575104,27272,multitask,space_invaders,5,50.0,3873
1,period,2575104,27272,multitask,space_invaders,6,23.0,3873
1,period,2575104,27272,multitask,space_invaders,7,73.0,3873
1,period,2575104,27272,multitask,space_invaders,8,35.0,3873
1,period,2575104,27272,multitask,space_invaders,9,12.0,3873
1,period,2575104,27272,multitask,space_invaders,10,133.0,3873
1,period,2575104,27272,multitask,freeway,1,35.0,25000
1,period,2575104,27272,multitask,freeway,2,10.0,25000
1,period,2575104,27272,multitask,freeway,3,26.0,25000
1,period,2575104,27272,multitask,freeway,4,32.0,25000
1,period,2575104,27272,multitask,freeway,5,29.0,25000
1,period,2575104,27272,multitask,freeway,6,21.0,25000
1,period,2575104,27272,multitask,freeway,7,31.0,25000
1,period,2575104,27272,multitask,freeway,8,25.0,25000
1,period,2575104,27272,multitask,freeway,9,22.0,25000
1,period,2575104,27272,multitask,freeway,10,23.0,25000
1,period,2600448,27457,multitask,breakout,1,3.0,596
1,period,2600448,27457,multitask,breakout,2,6.0,596
1,period,2600448,27457,multitask,breakout,3,5.0,596
1,period,2600448,27457,multitask,breakout,4,6.0,596
1,period,2600448,27457,multitask,breakout,5,2.0,596
1,period,2600448,27457,multitask,breakout,6,6.0,596
1,period,2600448,27457,multitask,breakout,7,5.0,596
1,period,2600448,27457,multitask,breakout,8,6.0,596
1,period,2600448,27457,multitask,breakout,9,6.0,596
1,period,2600448,27457,multitask,breakout,10,5.0,596
1,period,2600448,27457,multitask,space_invaders,1,156.0,5263
1,period,2600448,27457,multitask,space_invaders,2,22.0,5263
1,period,2600448,27457,multitask,space_invaders,3,119.0,5263
1,period,2600448,27457,multitask,space_invaders,4,71.0,5263
1,period,2600448,27457,multitask,space_invaders,5,25.0,5263
1,period,2600448,27457,multitask,space_invaders,6,73.0,5263
1,period,2600448,27457,multitask,space_invaders,7,48.0,5263
1,period,2600448,27457,multitask,space_invaders,8,119.0,5263
1,period,2600448,27457,multitask,space_invaders,9,6.0,5263
1,period,2600448,27457,multitask,space_invaders,10,33.0,5263
1,period,2600448,27457,multitask,freeway,1,30.0,25000
1,period,2600448,27457,multitask,freeway,2,20.0,25000
1,period,2600448,27457,multitask,freeway,3,20.0,25000
1,period,2600448,27457,multitask,freeway,4,23.0,25000
1,period,2600448,27457,multitask,freeway,5,29.0,25000
1,period,2600448,27457,multitask,freeway,6,25.0,25000
1,period,2600448,27457,multitask,freeway,7,26.0,25000
1,period,2600448,27457,multitask,freeway,8,31.0,25000
1,period,2600448,27457,multitask,freeway,9,34.0,25000
1,period,2600448,27457,multitask,freeway,10,23.0,25000
1,period,2625024,27622,multitask,breakout,1,6.0,626
1,period,2625024,27622,multitask,breakout,2,6.0,626
1,period,2625024,27622,multitask,breakout,3,5.0,626
1,period,2625024,27622,multitask,breakout,4,3.0,626
1,period,2625024,27622,multitask,breakout,5,6.0,626
1,period,2625024,27622,multitask,breakout,6,6.0,626
1,period,2625024,27622,multitask,breakout,7,5.0,626
1,period,2625024,27622,multitask,breakout,8,3.0,626
1,period,2625024,27622,multitask,breakout,9,7.0,626
1,period,2625024,27622,multitask,breakout,10,6.0,626
1,period,2625024,27622,multitask,space_invaders,1,8.0,1363
1,period,2625024,27622,multitask,space_invaders,2,23.0,1363
1,period,2625024,27622,multitask,space_invaders,3,11.0,1363
1,period,2625024,27622,multitask,space_invaders,4,26.0,1363
1,period,2625024,27622,multitask,space_invaders,5,23.0,1363
1,period,2625024,27622,multitask,space_invaders,6,6.0,1363
1,period,2625024,27622,multitask,space_invaders,7,22.0,1363
1,period,2625024,27622,multitask,space_invaders,8,3.0,1363
1,period,2625024,27622,multitask,space_invaders,9,23.0,1363
1,period,2625024,27622,multitask,space_invaders,10,5.0,1363
1,period,2625024,27622,multitask,freeway,1,28.0,25000
1,period,2625024,27622,multitask,freeway,2,19.0,25000
1,period,2625024,27622,multitask,freeway,3,24.0,25000
1,period,2625024,27622,multitask,freeway,4,28.0,25000
1,period,2625024,27622,multitask,freeway,5,33.0,25000
1,period,2625024,27622,multitask,freeway,6,26.0,25000
1,period,2625024,27622,multitask,freeway,7,21.0,25000
1,period,2625024,27622,multitask,freeway,8,34.0,25000
1,period,2625024,27622,multitask,freeway,9,28.0,25000
1,period,2625024,27622,multitask,freeway,10,19.0,25000
1,period,2650368,27789,multitask,breakout,1,5.0,612
1,period,2650368,27789,multitask,breakout,2,6.0,612
1,period,2650368,27789,multitask,breakout,3,6.0,612
1,period,2650368,27789,multitask,breakout,4,5.0,612
1,period,2650368,27789,multitask,breakout,5,3.0,612
1,period,2650368,27789,multitask,breakout,6,5.0,612
1,period,2650368,27789,multitask,breakout,7,5.0,612
1,period,2650368,27789,multitask,breakout,8,5.0,612
1,period,2650368,27789,multitask,breakout,9,6.0,612
1,period,2650368,27789,multitask,breakout,10,5.0,612
1,period,2650368,27789,multitask,space_invaders,1,23.0,2291
1,period,2650368,27789,multitask,space_invaders,2,70.0,2291
1,period,2650368,27789,multitask,space_invaders,3,26.0,2291
1,period,2650368,27789,multitask,space_invaders,4,51.0,2291
1,period,2650368,27789,multitask,space_invaders,5,26.0,2291
1,period,2650368,27789,multitask,space_invaders,6,20.0,2291
1,period,2650368,27789,multitask,space_invaders,7,13.0,2291
1,period,2650368,27789,multitask,space_invaders,8,23.0,2291
1,period,2650368,27789,multitask,space_invaders,9,9.0,2291
1,period,2650368,27789,multitask,space_invaders,10,4.0,2291
1,period,2650368,27789,multitask,freeway,1,6.0,25000
1,period,2650368,27789,multitask,freeway,2,30.0,25000
1,period,2650368,27789,multitask,freeway,3,12.0,25000
1,period,2650368,27789,multitask,freeway,4,24.0,25000
1,period,2650368,27789,multitask,freeway,5,22.0,25000
1,period,2650368,27789,multitask,freeway,6,28.0,25000
1,period,2650368,27789,multitask,freeway,7,27.0,25000
1,period,2650368,27789,multitask,freeway,8,36.0,25000
1,period,2650368,27789,multitask,freeway,9,29.0,25000
1,period,2650368,27789,multitask,freeway,10,28.0,25000
1,period,2675712,27954,multitask,breakout,1,3.0,584
1,period,2675712,27954,multitask,breakout,2,7.0,584
1,period,2675712,27954,multitask,breakout,3,5.0,584
1,period,2675712,27954,multitask,breakout,4,6.0,584
1,period,2675712,27954,multitask,breakout,5,6.0,584
1,period,2675712,27954,multitask,breakout,6,3.0,584
1,period,2675712,27954,multitask,breakout,7,5.0,584
1,period,2675712,27954,multitask,breakout,8,6.0,584
1,period,2675712,27954,multitask,breakout,9,3.0,584
1,period,2675712,27954,multitask,breakout,10,5.0,584
1,period,2675712,27954,multitask,space_invaders,1,51.0,4731
1,period,2675712,27954,multitask,space_invaders,2,95.0,4731
1,period,2675712,27954,multitask,space_invaders,3,19.0,4731
1,period,2675712,27954,multitask,space_invaders,4,143.0,4731
1,period,2675712,27954,multitask,space_invaders,5,72.0,4731
1,period,2675712,27954,multitask,space_invaders,6,23.0,4731
1,period,2675712,27954,multitask,space_invaders,7,21.0,4731
1,period,2675712,27954,multitask,space_invaders,8,53.0,4731
1,period,2675712,27954,multitask,space_invaders,9,23.0,4731
1,period,2675712,27954,multitask,space_invaders,10,72.0,4731
1,period,2675712,27954,multitask,freeway,1,27.0,25000
1,period,2675712,27954,multitask,freeway,2,30.0,25000
1,period,2675712,27954,multitask,freeway,3,24.0,25000
1,period,2675712,27954,multitask,freeway,4,30.0,25000
1,period,2675712,27954,multitask,freeway,5,26.0,25000
1,period,2675712,27954,multitask,freeway,6,24.0,25000
1,period,2675712,27954,multitask,freeway,7,11.0,25000
1,period,2675712,27954,multitask,freeway,8,20.0,25000
1,period,2675712,27954,multitask,freeway,9,26.0,25000
1,period,2675712,27954,multitask,freeway,10,14.0,25000
1,period,2700288,28127,multitask,breakout,1,5.0,598
1,period,2700288,28127,multitask,breakout,2,1.0,598
1,period,2700288,28127,multitask,breakout,3,5.0,598
1,period,2700288,28127,multitask,breakout,4,5.0,598
1,period,2700288,28127,multitask,breakout,5,6.0,598
1,period,2700288,28127,multitask,breakout,6,6.0,598
1,period,2700288,28127,multitask,breakout,7,5.0,598
1,period,2700288,28127,multitask,breakout,8,5.0,598
1,period,2700288,28127,multitask,breakout,9,6.0,598
1,period,2700288,28127,multitask,breakout,10,6.0,598
1,period,2700288,28127,multitask,space_invaders,1,18.0,3005
1,period,2700288,28127,multitask,space_invaders,2,23.0,3005
1,period,2700288,28127,multitask,space_invaders,3,25.0,3005
1,period,2700288,28127,multitask,space_invaders,4,23.0,3005
1,period,2700288,28127,multitask,space_invaders,5,23.0,3005
1,period,2700288,28127,multitask,space_invaders,6,47.0,3005
1,period,2700288,28127,multitask,space_invaders,7,73.0,3005
1,period,2700288,28127,multitask,space_invaders,8,45.0,3005
1,period,2700288,28127,multitask,space_invaders,9,17.0,3005
1,period,2700288,28127,multitask,space_invaders,10,64.0,3005
1,period,2700288,28127,multitask,freeway,1,28.0,25000
1,period,2700288,28127,multitask,freeway,2,30.0,25000
1,period,2700288,28127,multitask,freeway,3,28.0,25000
1,period,2700288,28127,multitask,freeway,4,29.0,25000
1,period,2700288,28127,multitask,freeway,5,22.0,25000
1,period,2700288,28127,multitask,freeway,6,16.0,25000
1,period,2700288,28127,multitask,freeway,7,22.0,25000
1,period,2700288,28127,multitask,freeway,8,32.0,25000
1,period,2700288,28127,multitask,freeway,9,29.0,25000
1,period,2700288,28127,multitask,freeway,10,35.0,25000
1,period,2725632,28284,multitask,breakout,1,7.0,674
1,period,2725632,28284,multitask,breakout,2,6.0,674
1,period,2725632,28284,multitask,breakout,3,5.0,674
1,period,2725632,28284,multitask,breakout,4,5.0,674
1,period,2725632,28284,multitask,breakout,5,6.0,674
1,period,2725632,28284,multitask,breakout,6,5.0,674
1,period,2725632,28284,multitask,breakout,7,6.0,674
1,period,2725632,28284,multitask,breakout,8,6.0,674
1,period,2725632,28284,multitask,breakout,9,6.0,674
1,period,2725632,28284,multitask,breakout,10,5.0,674
1,period,2725632,28284,multitask,space_invaders,1,24.0,3780
1,period,2725632,28284,multitask,space_invaders,2,26.0,3780
1,period,2725632,28284,multitask,space_invaders,3,143.0,3780
1,period,2725632,28284,multitask,space_invaders,4,23.0,3780
1,period,2725632,28284,multitask,space_invaders,5,48.0,3780
1,period,2725632,28284,multitask,space_invaders,6,73.0,3780
1,period,2725632,28284,multitask,space_invaders,7,25.0,3780
1,period,2725632,28284,multitask,space_invaders,8,49.0,3780
1,period,2725632,28284,multitask,space_invaders,9,13.0,3780
1,period,2725632,28284,multitask,space_invaders,10,22.0,3780
1,period,2725632,28284,multitask,freeway,1,24.0,25000
1,period,2725632,28284,multitask,freeway,2,19.0,25000
1,period,2725632,28284,multitask,freeway,3,26.0,25000
1,period,2725632,28284,multitask,freeway,4,22.0,25000
1,period,2725632,28284,multitask,freeway,5,28.0,25000
1,period,2725632,28284,multitask,freeway,6,25.0,25000
1,period,2725632,28284,multitask,freeway,7,26.0,25000
1,period,2725632,28284,multitask,freeway,8,18.0,25000
1,period,2725632,28284,multitask,freeway,9,28.0,25000
1,period,2725632,28284,multitask,freeway,10,29.0,25000
1,period,2750208,28444,multitask,breakout,1,1.0,434
1,period,2750208,28444,multitask,breakout,2,1.0,434
1,period,2750208,28444,multitask,breakout,3,6.0,434
1,period,2750208,28444,multitask,breakout,4,6.0,434
1,period,2750208,28444,multitask,breakout,5,1.0,434
1,period,2750208,28444,multitask,breakout,6,4.0,434
1,period,2750208,28444,multitask,breakout,7,5.0,434
1,period,2750208,28444,multitask,breakout,8,1.0,434
1,period,2750208,28444,multitask,breakout,9,4.0,434
1,period,2750208,28444,multitask,breakout,10,6.0,434
1,period,2750208,28444,multitask,space_invaders,1,73.0,5252
1,period,2750208,28444,multitask,space_invaders,2,93.0,5252
1,period,2750208,28444,multitask,space_invaders,3,71.0,5252
1,period,2750208,28444,multitask,space_invaders,4,50.0,5252
1,period,2750208,28444,multitask,space_invaders,5,94.0,5252
1,period,2750208,28444,multitask,space_invaders,6,25.0,5252
1,period,2750208,28444,multitask,space_invaders,7,10.0,5252
1,period,2750208,28444,multitask,space_invaders,8,47.0,5252
1,period,2750208,28444,multitask,space_invaders,9,47.0,5252
1,period,2750208,28444,multitask,space_invaders,10,141.0,5252
1,period,2750208,28444,multitask,freeway,1,23.0,25000
1,period,2750208,28444,multitask,freeway,2,21.0,25000
1,period,2750208,28444,multitask,freeway,3,17.0,25000
1,period,2750208,28444,multitask,freeway,4,23.0,25000
1,period,2750208,28444,multitask,freeway,5,21.0,25000
1,period,2750208,28444,multitask,freeway,6,25.0,25000
1,period,2750208,28444,multitask,freeway,7,27.0,25000
1,period,2750208,28444,multitask,freeway,8,28.0,25000
1,period,2750208,28444,multitask,freeway,9,22.0,25000
1,period,2750208,28444,multitask,freeway,10,28.0,25000
1,period,2775552,28648,multitask,breakout,1,6.0,630
1,period,2775552,28648,multitask,breakout,2,5.0,630
1,period,2775552,28648,multitask,breakout,3,5.0,630
1,period,2775552,28648,multitask,breakout,4,6.0,630
1,period,2775552,28648,multitask,breakout,5,3.0,630
1,period,2775552,28648,multitask,breakout,6,5.0,630
1,period,2775552,28648,multitask,breakout,7,6.0,630
1,period,2775552,28648,multitask,breakout,8,6.0,630
1,period,2775552,28648,multitask,breakout,9,6.0,630
1,period,2775552,28648,multitask,breakout,10,5.0,630
1,period,2775552,28648,multitask,space_invaders,1,47.0,3953
1,period,2775552,28648,multitask,space_invaders,2,27.0,3953
1,period,2775552,28648,multitask,space_invaders,3,25.0,3953
1,period,2775552,28648,multitask,space_invaders,4,68.0,3953
1,period,2775552,28648,multitask,space_invaders,5,25.0,3953
1,period,2775552,28648,multitask,space_invaders,6,71.0,3953
1,period,2775552,28648,multitask,space_invaders,7,23.0,3953
1,period,2775552,28648,multitask,space_invaders,8,97.0,3953
1,period,2775552,28648,multitask,space_invaders,9,73.0,3953
1,period,2775552,28648,multitask,space_invaders,10,51.0,3953
1,period,2775552,28648,multitask,freeway,1,21.0,25000
1,period,2775552,28648,multitask,freeway,2,20.0,25000
1,period,2775552,28648,multitask,freeway,3,21.0,25000
1,period,2775552,28648,multitask,freeway,4,25.0,25000
1,period,2775552,28648,multitask,freeway,5,22.0,25000
1,period,2775552,28648,multitask,freeway,6,24.0,25000
1,period,2775552,28648,multitask,freeway,7,14.0,25000
1,period,2775552,28648,multitask,freeway,8,30.0,25000
1,period,2775552,28648,multitask,freeway,9,18.0,25000
1,period,2775552,28648,multitask,freeway,10,25.0,25000
1,period,2800128,28809,multitask,breakout,1,6.0,632
1,period,2800128,28809,multitask,breakout,2,7.0,632
1,period,2800128,28809,multitask,breakout,3,6.0,632
1,period,2800128,28809,multitask,breakout,4,5.0,632
1,period,2800128,28809,multitask,breakout,5,5.0,632
1,period,2800128,28809,multitask,breakout,6,5.0,632
1,period,2800128,28809,multitask,breakout,7,6.0,632
1,period,2800128,28809,multitask,breakout,8,3.0,632
1,period,2800128,28809,multitask,breakout,9,5.0,632
1,period,2800128,28809,multitask,breakout,10,5.0,632
1,period,2800128,28809,multitask,space_invaders,1,49.0,2520
1,period,2800128,28809,multitask,space_invaders,2,10.0,2520
1,period,2800128,28809,multitask,space_invaders,3,23.0,2520
1,period,2800128,28809,multitask,space_invaders,4,3.0,2520
1,period,2800128,28809,multitask,space_invaders,5,22.0,2520
1,period,2800128,28809,multitask,space_invaders,6,25.0,2520
1,period,2800128,28809,multitask,space_invaders,7,95.0,2520
1,period,2800128,28809,multitask,space_invaders,8,24.0,2520
1,period,2800128,28809,multitask,space_invaders,9,26.0,2520
1,period,2800128,28809,multitask,space_invaders,10,26.0,2520
1,period,2800128,28809,multitask,freeway,1,28.0,25000
1,period,2800128,28809,multitask,freeway,2,27.0,25000
1,period,2800128,28809,multitask,freeway,3,25.0,25000
1,period,2800128,28809,multitask,freeway,4,25.0,25000
1,period,2800128,28809,multitask,freeway,5,31.0,25000
1,period,2800128,28809,multitask,freeway,6,31.0,25000
1,period,2800128,28809,multitask,freeway,7,21.0,25000
1,period,2800128,28809,multitask,freeway,8,22.0,25000
1,period,2800128,28809,multitask,freeway,9,29.0,25000
1,period,2800128,28809,multitask,freeway,10,28.0,25000
1,period,2825472,29011,multitask,breakout,1,5.0,618
1,period,2825472,29011,multitask,breakout,2,3.0,618
1,period,2825472,29011,multitask,breakout,3,6.0,618
1,period,2825472,29011,multitask,breakout,4,5.0,618
1,period,2825472,29011,multitask,breakout,5,6.0,618
1,period,2825472,29011,multitask,breakout,6,7.0,618
1,period,2825472,29011,multitask,breakout,7,3.0,618
1,period,2825472,29011,multitask,breakout,8,6.0,618
1,period,2825472,29011,multitask,breakout,9,6.0,618
1,period,2825472,29011,multitask,breakout,10,5.0,618
1,period,2825472,29011,multitask,space_invaders,1,35.0,2921
1,period,2825472,29011,multitask,space_invaders,2,73.0,2921
1,period,2825472,29011,multitask,space_invaders,3,35.0,2921
1,period,2825472,29011,multitask,space_invaders,4,35.0,2921
1,period,2825472,29011,multitask,space_invaders,5,26.0,2921
1,period,2825472,29011,multitask,space_invaders,6,47.0,2921
1,period,2825472,29011,multitask,space_invaders,7,23.0,2921
1,period,2825472,29011,multitask,space_invaders,8,25.0,2921
1,period,2825472,29011,multitask,space_invaders,9,22.0,2921
1,period,2825472,29011,multitask,space_invaders,10,22.0,2921
1,period,2825472,29011,multitask,freeway,1,31.0,25000
1,period,2825472,29011,multitask,freeway,2,23.0,25000
1,period,2825472,29011,multitask,freeway,3,14.0,25000
1,period,2825472,29011,multitask,freeway,4,21.0,25000
1,period,2825472,29011,multitask,freeway,5,32.0,25000
1,period,2825472,29011,multitask,freeway,6,5.0,25000
1,period,2825472,29011,multitask,freeway,7,17.0,25000
1,period,2825472,29011,multitask,freeway,8,29.0,25000
1,period,2825472,29011,multitask,freeway,9,15.0,25000
1,period,2825472,29011,multitask,freeway,10,23.0,25000
1,period,2850048,29170,multitask,breakout,1,6.0,626
1,period,2850048,29170,multitask,breakout,2,3.0,626
1,period,2850048,29170,multitask,breakout,3,6.0,626
1,period,2850048,29170,multitask,breakout,4,6.0,626
1,period,2850048,29170,multitask,breakout,5,7.0,626
1,period,2850048,29170,multitask,breakout,6,6.0,626
1,period,2850048,29170,multitask,breakout,7,5.0,626
1,period,2850048,29170,multitask,breakout,8,6.0,626
1,period,2850048,29170,multitask,breakout,9,5.0,626
1,period,2850048,29170,multitask,breakout,10,3.0,626
1,period,2850048,29170,multitask,space_invaders,1,25.0,3904
1,period,2850048,29170,multitask,space_invaders,2,119.0,3904
1,period,2850048,29170,multitask,space_invaders,3,24.0,3904
1,period,2850048,29170,multitask,space_invaders,4,26.0,3904
1,period,2850048,29170,multitask,space_invaders,5,14.0,3904
1,period,2850048,29170,multitask,space_invaders,6,94.0,3904
1,period,2850048,29170,multitask,space_invaders,7,48.0,3904
1,period,2850048,29170,multitask,space_invaders,8,39.0,3904
1,period,2850048,29170,multitask,space_invaders,9,25.0,3904
1,period,2850048,29170,multitask,space_invaders,10,96.0,3904
1,period,2850048,29170,multitask,freeway,1,27.0,25000
1,period,2850048,29170,multitask,freeway,2,24.0,25000
1,period,2850048,29170,multitask,freeway,3,27.0,25000
1,period,2850048,29170,multitask,freeway,4,22.0,25000
1,period,2850048,29170,multitask,freeway,5,34.0,25000
1,period,2850048,29170,multitask,freeway,6,26.0,25000
1,period,2850048,29170,multitask,freeway,7,22.0,25000
1,period,2850048,29170,multitask,freeway,8,32.0,25000
1,period,2850048,29170,multitask,freeway,9,22.0,25000
1,period,2850048,29170,multitask,freeway,10,22.0,25000
1,period,2875392,29340,multitask,breakout,1,5.0,650
1,period,2875392,29340,multitask,breakout,2,6.0,650
1,period,2875392,29340,multitask,breakout,3,6.0,650
1,period,2875392,29340,multitask,breakout,4,6.0,650
1,period,2875392,29340,multitask,breakout,5,5.0,650
1,period,2875392,29340,multitask,breakout,6,5.0,650
1,period,2875392,29340,multitask,breakout,7,5.0,650
1,period,2875392,29340,multitask,breakout,8,6.0,650
1,period,2875392,29340,multitask,breakout,9,6.0,650
1,period,2875392,29340,multitask,breakout,10,5.0,650
1,period,2875392,29340,multitask,space_invaders,1,49.0,2726
1,period,2875392,29340,multitask,space_invaders,2,47.0,2726
1,period,2875392,29340,multitask,space_invaders,3,23.0,2726
1,period,2875392,29340,multitask,space_invaders,4,28.0,2726
1,period,2875392,29340,multitask,space_invaders,5,46.0,2726
1,period,2875392,29340,multitask,space_invaders,6,3.0,2726
1,period,2875392,29340,multitask,space_invaders,7,25.0,2726
1,period,2875392,29340,multitask,space_invaders,8,13.0,2726
1,period,2875392,29340,multitask,space_invaders,9,40.0,2726
1,period,2875392,29340,multitask,space_invaders,10,73.0,2726
1,period,2875392,29340,multitask,freeway,1,21.0,25000
1,period,2875392,29340,multitask,freeway,2,23.0,25000
1,period,2875392,29340,multitask,freeway,3,25.0,25000
1,period,2875392,29340,multitask,freeway,4,18.0,25000
1,period,2875392,29340,multitask,freeway,5,23.0,25000
1,period,2875392,29340,multitask,freeway,6,29.0,25000
1,period,2875392,29340,multitask,freeway,7,32.0,25000
1,period,2875392,29340,multitask,freeway,8,33.0,25000
1,period,2875392,29340,multitask,freeway,9,19.0,25000
1,period,2875392,29340,multitask,freeway,10,25.0,25000
1,period,2900736,29514,multitask,breakout,1,5.0,654
1,period,2900736,29514,multitask,breakout,2,5.0,654
1,period,2900736,29514,multitask,breakout,3,5.0,654
1,period,2900736,29514,multitask,breakout,4,6.0,654
1,period,2900736,29514,multitask,breakout,5,5.0,654
1,period,2900736,29514,multitask,breakout,6,6.0,654
1,period,2900736,29514,multitask,breakout,7,6.0,654
1,period,2900736,29514,multitask,breakout,8,6.0,654
1,period,2900736,29514,multitask,breakout,9,5.0,654
1,period,2900736,29514,multitask,breakout,10,6.0,654
1,period,2900736,29514,multitask,space_invaders,1,23.0,3347
1,period,2900736,29514,multitask,space_invaders,2,19.0,3347
1,period,2900736,29514,multitask,space_invaders,3,23.0,3347
1,period,2900736,29514,multitask,space_invaders,4,49.0,3347
1,period,2900736,29514,multitask,space_invaders,5,25.0,3347
1,period,2900736,29514,multitask,space_invaders,6,25.0,3347
1,period,2900736,29514,multitask,space_invaders,7,90.0,3347
1,period,2900736,29514,multitask,space_invaders,8,47.0,3347
1,period,2900736,29514,multitask,space_invaders,9,49.0,3347
1,period,2900736,29514,multitask,space_invaders,10,47.0,3347
1,period,2900736,29514,multitask,freeway,1,19.0,25000
1,period,2900736,29514,multitask,freeway,2,29.0,25000
1,period,2900736,29514,multitask,freeway,3,18.0,25000
1,period,2900736,29514,multitask,freeway,4,32.0,25000
1,period,2900736,29514,multitask,freeway,5,30.0,25000
1,period,2900736,29514,multitask,freeway,6,20.0,25000
1,period,2900736,29514,multitask,freeway,7,26.0,25000
1,period,2900736,29514,multitask,freeway,8,38.0,25000
1,period,2900736,29514,multitask,freeway,9,23.0,25000
1,period,2900736,29514,multitask,freeway,10,29.0,25000
1,period,2925312,29669,multitask,breakout,1,2.0,544
1,period,2925312,29669,multitask,breakout,2,5.0,544
1,period,2925312,29669,multitask,breakout,3,5.0,544
1,period,2925312,29669,multitask,breakout,4,5.0,544
1,period,2925312,29669,multitask,breakout,5,3.0,544
1,period,2925312,29669,multitask,breakout,6,6.0,544
1,period,2925312,29669,multitask,breakout,7,2.0,544
1,period,2925312,29669,multitask,breakout,8,6.0,544
1,period,2925312,29669,multitask,breakout,9,5.0,544
1,period,2925312,29669,multitask,breakout,10,6.0,544
1,period,2925312,29669,multitask,space_invaders,1,26.0,3326
1,period,2925312,29669,multitask,space_invaders,2,23.0,3326
1,period,2925312,29669,multitask,space_invaders,3,50.0,3326
1,period,2925312,29669,multitask,space_invaders,4,26.0,3326
1,period,2925312,29669,multitask,space_invaders,5,95.0,3326
1,period,2925312,29669,multitask,space_invaders,6,23.0,3326
1,period,2925312,29669,multitask,space_invaders,7,96.0,3326
1,period,2925312,29669,multitask,space_invaders,8,22.0,3326
1,period,2925312,29669,multitask,space_invaders,9,26.0,3326
1,period,2925312,29669,multitask,space_invaders,10,22.0,3326
1,period,2925312,29669,multitask,freeway,1,17.0,25000
1,period,2925312,29669,multitask,freeway,2,25.0,25000
1,period,2925312,29669,multitask,freeway,3,21.0,25000
1,period,2925312,29669,multitask,freeway,4,19.0,25000
1,period,2925312,29669,multitask,freeway,5,21.0,25000
1,period,2925312,29669,multitask,freeway,6,34.0,25000
1,period,2925312,29669,multitask,freeway,7,35.0,25000
1,period,2925312,29669,multitask,freeway,8,32.0,25000
1,period,2925312,29669,multitask,freeway,9,22.0,25000
1,period,2925312,29669,multitask,freeway,10,34.0,25000
1,period,2950656,29859,multitask,breakout,1,5.0,644
1,period,2950656,29859,multitask,breakout,2,5.0,644
1,period,2950656,29859,multitask,breakout,3,3.0,644
1,period,2950656,29859,multitask,breakout,4,6.0,644
1,period,2950656,29859,multitask,breakout,5,6.0,644
1,period,2950656,29859,multitask,breakout,6,7.0,644
1,period,2950656,29859,multitask,breakout,7,5.0,644
1,period,2950656,29859,multitask,breakout,8,6.0,644
1,period,2950656,29859,multitask,breakout,9,6.0,644
1,period,2950656,29859,multitask,breakout,10,5.0,644
1,period,2950656,29859,multitask,space_invaders,1,5.0,2240
1,period,2950656,29859,multitask,space_invaders,2,35.0,2240
1,period,2950656,29859,multitask,space_invaders,3,50.0,2240
1,period,2950656,29859,multitask,space_invaders,4,36.0,2240
1,period,2950656,29859,multitask,space_invaders,5,59.0,2240
1,period,2950656,29859,multitask,space_invaders,6,51.0,2240
1,period,2950656,29859,multitask,space_invaders,7,22.0,2240
1,period,2950656,29859,multitask,space_invaders,8,3.0,2240
1,period,2950656,29859,multitask,space_invaders,9,16.0,2240
1,period,2950656,29859,multitask,space_invaders,10,12.0,2240
1,period,2950656,29859,multitask,freeway,1,31.0,25000
1,period,2950656,29859,multitask,freeway,2,34.0,25000
1,period,2950656,29859,multitask,freeway,3,27.0,25000
1,period,2950656,29859,multitask,freeway,4,28.0,25000
1,period,2950656,29859,multitask,freeway,5,28.0,25000
1,period,2950656,29859,multitask,freeway,6,32.0,25000
1,period,2950656,29859,multitask,freeway,7,38.0,25000
1,period,2950656,29859,multitask,freeway,8,27.0,25000
1,period,2950656,29859,multitask,freeway,9,23.0,25000
1,period,2950656,29859,multitask,freeway,10,26.0,25000
1,period,2975232,30021,multitask,breakout,1,5.0,524
1,period,2975232,30021,multitask,breakout,2,5.0,524
1,period,2975232,30021,multitask,breakout,3,5.0,524
1,period,2975232,30021,multitask,breakout,4,2.0,524
1,period,2975232,30021,multitask,breakout,5,5.0,524
1,period,2975232,30021,multitask,breakout,6,5.0,524
1,period,2975232,30021,multitask,breakout,7,5.0,524
1,period,2975232,30021,multitask,breakout,8,5.0,524
1,period,2975232,30021,multitask,breakout,9,3.0,524
1,period,2975232,30021,multitask,breakout,10,3.0,524
1,period,2975232,30021,multitask,space_invaders,1,12.0,2640
1,period,2975232,30021,multitask,space_invaders,2,47.0,2640
1,period,2975232,30021,multitask,space_invaders,3,18.0,2640
1,period,2975232,30021,multitask,space_invaders,4,14.0,2640
1,period,2975232,30021,multitask,space_invaders,5,70.0,2640
1,period,2975232,30021,multitask,space_invaders,6,42.0,2640
1,period,2975232,30021,multitask,space_invaders,7,22.0,2640
1,period,2975232,30021,multitask,space_invaders,8,21.0,2640
1,period,2975232,30021,multitask,space_invaders,9,20.0,2640
1,period,2975232,30021,multitask,space_invaders,10,49.0,2640
1,period,2975232,30021,multitask,freeway,1,29.0,25000
1,period,2975232,30021,multitask,freeway,2,28.0,25000
1,period,2975232,30021,multitask,freeway,3,24.0,25000
1,period,2975232,30021,multitask,freeway,4,30.0,25000
1,period,2975232,30021,multitask,freeway,5,19.0,25000
1,period,2975232,30021,multitask,freeway,6,27.0,25000
1,period,2975232,30021,multitask,freeway,7,26.0,25000
1,period,2975232,30021,multitask,freeway,8,35.0,25000
1,period,2975232,30021,multitask,freeway,9,35.0,25000
1,period,2975232,30021,multitask,freeway,10,34.0,25000
2,boundary,4499712,39960,multitask,breakout,1,2.0,606
2,boundary,4499712,39960,multitask,breakout,2,5.0,606
2,boundary,4499712,39960,multitask,breakout,3,6.0,606
2,boundary,4499712,39960,multitask,breakout,4,6.0,606
2,boundary,4499712,39960,multitask,breakout,5,6.0,606
2,boundary,4499712,39960,multitask,breakout,6,5.0,606
2,boundary,4499712,39960,multitask,breakout,7,5.0,606
2,boundary,4499712,39960,multitask,breakout,8,5.0,606
2,boundary,4499712,39960,multitask,breakout,9,6.0,606
2,boundary,4499712,39960,multitask,breakout,10,5.0,606
2,boundary,4499712,39960,multitask,space_invaders,1,136.0,5404
2,boundary,4499712,39960,multitask,space_invaders,2,45.0,5404
2,boundary,4499712,39960,multitask,space_invaders,3,139.0,5404
2,boundary,4499712,39960,multitask,space_invaders,4,74.0,5404
2,boundary,4499712,39960,multitask,space_invaders,5,90.0,5404
2,boundary,4499712,39960,multitask,space_invaders,6,22.0,5404
2,boundary,4499712,39960,multitask,space_invaders,7,113.0,5404
2,boundary,4499712,39960,multitask,space_invaders,8,25.0,5404
2,boundary,4499712,39960,multitask,space_invaders,9,26.0,5404
2,boundary,4499712,39960,multitask,space_invaders,10,26.0,5404
2,boundary,4499712,39960,multitask,freeway,1,0.0,25000
2,boundary,4499712,39960,multitask,freeway,2,30.0,25000
2,boundary,4499712,39960,multitask,freeway,3,17.0,25000
2,boundary,4499712,39960,multitask,freeway,4,32.0,25000
2,boundary,4499712,39960,multitask,freeway,5,24.0,25000
2,boundary,4499712,39960,multitask,freeway,6,37.0,25000
2,boundary,4499712,39960,multitask,freeway,7,23.0,25000
2,boundary,4499712,39960,multitask,freeway,8,36.0,25000
2,boundary,4499712,39960,multitask,freeway,9,23.0,25000
2,boundary,4499712,39960,multitask,freeway,10,35.0,25000
2,period,3000576,30192,multitask,breakout,1,5.0,600
2,period,3000576,30192,multitask,breakout,2,5.0,600
2,period,3000576,30192,multitask,breakout,3,5.0,600
2,period,3000576,30192,multitask,breakout,4,6.0,600
2,period,3000576,30192,multitask,breakout,5,5.0,600
2,period,3000576,30192,multitask,breakout,6,3.0,600
2,period,3000576,30192,multitask,breakout,7,6.0,600
2,period,3000576,30192,multitask,breakout,8,5.0,600
2,period,3000576,30192,multitask,breakout,9,5.0,600
2,period,3000576,30192,multitask,breakout,10,5.0,600
2,period,3000576,30192,multitask,space_invaders,1,50.0,3454
2,period,3000576,30192,multitask,space_invaders,2,46.0,3454
2,period,3000576,30192,multitask,space_invaders,3,60.0,3454
2,period,3000576,30192,multitask,space_invaders,4,22.0,3454
2,period,3000576,30192,multitask,space_invaders,5,44.0,3454
2,period,3000576,30192,multitask,space_invaders,6,31.0,3454
2,period,3000576,30192,multitask,space_invaders,7,22.0,3454
2,period,3000576,30192,multitask,space_invaders,8,22.0,3454
2,period,3000576,30192,multitask,space_invaders,9,71.0,3454
2,period,3000576,30192,multitask,space_invaders,10,54.0,3454
2,period,3000576,30192,multitask,freeway,1,31.0,25000
2,period,3000576,30192,multitask,freeway,2,19.0,25000
2,period,3000576,30192,multitask,freeway,3,24.0,25000
2,period,3000576,30192,multitask,freeway,4,17.0,25000
2,period,3000576,30192,multitask,freeway,5,22.0,25000
2,period,3000576,30192,multitask,freeway,6,18.0,25000
2,period,3000576,30192,multitask,freeway,7,29.0,25000
2,period,3000576,30192,multitask,freeway,8,25.0,25000
2,period,3000576,30192,multitask,freeway,9,15.0,25000
2,period,3000576,30192,multitask,freeway,10,27.0,25000
2,period,3025152,30351,multitask,breakout,1,5.0,600
2,period,3025152,30351,multitask,breakout,2,3.0,600
2,period,3025152,30351,multitask,breakout,3,5.0,600
2,period,3025152,30351,multitask,breakout,4,6.0,600
2,period,3025152,30351,multitask,breakout,5,5.0,600
2,period,3025152,30351,multitask,breakout,6,5.0,600
2,period,3025152,30351,multitask,breakout,7,5.0,600
2,period,3025152,30351,multitask,breakout,8,5.0,600
2,period,3025152,30351,multitask,breakout,9,5.0,600
2,period,3025152,30351,multitask,breakout,10,6.0,600
2,period,3025152,30351,multitask,space_invaders,1,49.0,3229
2,period,3025152,30351,multitask,space_invaders,2,47.0,3229
2,period,3025152,30351,multitask,space_invaders,3,95.0,3229
2,period,3025152,30351,multitask,space_invaders,4,47.0,3229
2,period,3025152,30351,multitask,space_invaders,5,3.0,3229
2,period,3025152,30351,multitask,space_invaders,6,50.0,3229
2,period,3025152,30351,multitask,space_invaders,7,27.0,3229
2,period,3025152,30351,multitask,space_invaders,8,3.0,3229
2,period,3025152,30351,multitask,space_invaders,9,24.0,3229
2,period,3025152,30351,multitask,space_invaders,10,73.0,3229
2,period,3025152,30351,multitask,freeway,1,15.0,25000
2,period,3025152,30351,multitask,freeway,2,25.0,25000
2,period,3025152,30351,multitask,freeway,3,13.0,25000
2,period,3025152,30351,multitask,freeway,4,13.0,25000
2,period,3025152,30351,multitask,freeway,5,22.0,25000
2,period,3025152,30351,multitask,freeway,6,11.0,25000
2,period,3025152,30351,multitask,freeway,7,23.0,25000
2,period,3025152,30351,multitask,freeway,8,32.0,25000
2,period,3025152,30351,multitask,freeway,9,26.0,25000
2,period,3025152,30351,multitask,freeway,10,40.0,25000
2,period,3050496,30529,multitask,breakout,1,5.0,612
2,period,3050496,30529,multitask,breakout,2,2.0,612
2,period,3050496,30529,multitask,breakout,3,6.0,612
2,period,3050496,30529,multitask,breakout,4,6.0,612
2,period,3050496,30529,multitask,breakout,5,6.0,612
2,period,3050496,30529,multitask,breakout,6,5.0,612
2,period,3050496,30529,multitask,breakout,7,6.0,612
2,period,3050496,30529,multitask,breakout,8,5.0,612
2,period,3050496,30529,multitask,breakout,9,5.0,612
2,period,3050496,30529,multitask,breakout,10,5.0,612
2,period,3050496,30529,multitask,space_invaders,1,49.0,2298
2,period,3050496,30529,multitask,space_invaders,2,33.0,2298
2,period,3050496,30529,multitask,space_invaders,3,26.0,2298
2,period,3050496,30529,multitask,space_invaders,4,27.0,2298
2,period,3050496,30529,multitask,space_invaders,5,3.0,2298
2,period,3050496,30529,multitask,space_invaders,6,46.0,2298
2,period,3050496,30529,multitask,space_invaders,7,25.0,2298
2,period,3050496,30529,multitask,space_invaders,8,3.0,2298
2,period,3050496,30529,multitask,space_invaders,9,25.0,2298
2,period,3050496,30529,multitask,space_invaders,10,49.0,2298
2,period,3050496,30529,multitask,freeway,1,16.0,25000
2,period,3050496,30529,multitask,freeway,2,25.0,25000
2,period,3050496,30529,multitask,freeway,3,23.0,25000
2,period,3050496,30529,multitask,freeway,4,27.0,25000
2,period,3050496,30529,multitask,freeway,5,26.0,25000
2,period,3050496,30529,multitask,freeway,6,31.0,25000
2,period,3050496,30529,multitask,freeway,7,30.0,25000
2,period,3050496,30529,multitask,freeway,8,21.0,25000
2,period,3050496,30529,multitask,freeway,9,27.0,25000
2,period,3050496,30529,multitask,freeway,10,28.0,25000
2,period,3075072,30689,multitask,breakout,1,3.0,542
2,period,3075072,30689,multitask,breakout,2,6.0,542
2,period,3075072,30689,multitask,breakout,3,3.0,542
2,period,3075072,30689,multitask,breakout,4,5.0,542
2,period,3075072,30689,multitask,breakout,5,7.0,542
2,period,3075072,30689,multitask,breakout,6,6.0,542
2,period,3075072,30689,multitask,breakout,7,5.0,542
2,period,3075072,30689,multitask,breakout,8,0.0,542
2,period,3075072,30689,multitask,breakout,9,5.0,542
2,period,3075072,30689,multitask,breakout,10,5.0,542
2,period,3075072,30689,multitask,space_invaders,1,26.0,3126
2,period,3075072,30689,multitask,space_invaders,2,57.0,3126
2,period,3075072,30689,multitask,space_invaders,3,92.0,3126
2,period,3075072,30689,multitask,space_invaders,4,47.0,3126
2,period,3075072,30689,multitask,space_invaders,5,23.0,3126
2,period,3075072,30689,multitask,space_invaders,6,82.0,3126
2,period,3075072,30689,multitask,space_invaders,7,22.0,3126
2,period,3075072,30689,multitask,space_invaders,8,20.0,3126
2,period,3075072,30689,multitask,space_invaders,9,22.0,3126
2,period,3075072,30689,multitask,space_invaders,10,3.0,3126
2,period,3075072,30689,multitask,freeway,1,20.0,25000
2,period,3075072,30689,multitask,freeway,2,32.0,25000
2,period,3075072,30689,multitask,freeway,3,28.0,25000
2,period,3075072,30689,multitask,freeway,4,33.0,25000
2,period,3075072,30689,multitask,freeway,5,28.0,25000
2,period,3075072,30689,multitask,freeway,6,25.0,25000
2,period,3075072,30689,multitask,freeway,7,24.0,25000
2,period,3075072,30689,multitask,freeway,8,25.0,25000
2,period,3075072,30689,multitask,freeway,9,23.0,25000
2,period,3075072,30689,multitask,freeway,10,17.0,25000
2,period,3100416,30859,multitask,breakout,1,1.0,574
2,period,3100416,30859,multitask,breakout,2,6.0,574
2,period,3100416,30859,multitask,breakout,3,5.0,574
2,period,3100416,30859,multitask,breakout,4,5.0,574
2,period,3100416,30859,multitask,breakout,5,5.0,574
2,period,3100416,30859,multitask,breakout,6,6.0,574
2,period,3100416,30859,multitask,breakout,7,3.0,574
2,period,3100416,30859,multitask,breakout,8,6.0,574
2,period,3100416,30859,multitask,breakout,9,5.0,574
2,period,3100416,30859,multitask,breakout,10,6.0,574
2,period,3100416,30859,multitask,space_invaders,1,24.0,2244
2,period,3100416,30859,multitask,space_invaders,2,22.0,2244
2,period,3100416,30859,multitask,space_invaders,3,9.0,2244
2,period,3100416,30859,multitask,space_invaders,4,23.0,2244
2,period,3100416,30859,multitask,space_invaders,5,22.0,2244
2,period,3100416,30859,multitask,space_invaders,6,23.0,2244
2,period,3100416,30859,multitask,space_invaders,7,25.0,2244
2,period,3100416,30859,multitask,space_invaders,8,25.0,2244
2,period,3100416,30859,multitask,space_invaders,9,26.0,2244
2,period,3100416,30859,multitask,space_invaders,10,29.0,2244
2,period,3100416,30859,multitask,freeway,1,24.0,25000
2,period,3100416,30859,multitask,freeway,2,14.0,25000
2,period,3100416,30859,multitask,freeway,3,23.0,25000
2,period,3100416,30859,multitask,freeway,4,25.0,25000
2,period,3100416,30859,multitask,freeway,5,18.0,25000
2,period,3100416,30859,multitask,freeway,6,21.0,25000
2,period,3100416,30859,multitask,freeway,7,19.0,25000
2,period,3100416,30859,multitask,freeway,8,18.0,25000
2,period,3100416,30859,multitask,freeway,9,23.0,25000
2,period,3100416,30859,multitask,freeway,10,32.0,25000
2,period,3125760,31058,multitask,breakout,1,5.0,554
2,period,3125760,31058,multitask,breakout,2,5.0,554
2,period,3125760,31058,multitask,breakout,3,5.0,554
2,period,3125760,31058,multitask,breakout,4,5.0,554
2,period,3125760,31058,multitask,breakout,5,6.0,554
2,period,3125760,31058,multitask,breakout,6,1.0,554
2,period,3125760,31058,multitask,breakout,7,5.0,554
2,period,3125760,31058,multitask,breakout,8,3.0,554
2,period,3125760,31058,multitask,breakout,9,5.0,554
2,period,3125760,31058,multitask,breakout,10,6.0,554
2,period,3125760,31058,multitask,space_invaders,1,22.0,2208
2,period,3125760,31058,multitask,space_invaders,2,25.0,2208
2,period,3125760,31058,multitask,space_invaders,3,25.0,2208
2,period,3125760,31058,multitask,space_invaders,4,26.0,2208
2,period,3125760,31058,multitask,space_invaders,5,23.0,2208
2,period,3125760,31058,multitask,space_invaders,6,26.0,2208
2,period,3125760,31058,multitask,space_invaders,7,23.0,2208
2,period,3125760,31058,multitask,space_invaders,8,31.0,2208
2,period,3125760,31058,multitask,space_invaders,9,22.0,2208
2,period,3125760,31058,multitask,space_invaders,10,25.0,2208
2,period,3125760,31058,multitask,freeway,1,19.0,25000
2,period,3125760,31058,multitask,freeway,2,21.0,25000
2,period,3125760,31058,multitask,freeway,3,13.0,25000
2,period,3125760,31058,multitask,freeway,4,25.0,25000
2,period,3125760,31058,multitask,freeway,5,20.0,25000
2,period,3125760,31058,multitask,freeway,6,22.0,25000
2,period,3125760,31058,multitask,freeway,7,13.0,25000
2,period,3125760,31058,multitask,freeway,8,22.0,25000
2,period,3125760,31058,multitask,freeway,9,17.0,25000
2,period,3125760,31058,multitask,freeway,10,20.0,25000
2,period,3150336,31239,multitask,breakout,1,3.0,610
2,period,3150336,31239,multitask,breakout,2,5.0,610
2,period,3150336,31239,multitask,breakout,3,5.0,610
2,period,3150336,31239,multitask,breakout,4,3.0,610
2,period,3150336,31239,multitask,breakout,5,6.0,610
2,period,3150336,31239,multitask,breakout,6,6.0,610
2,period,3150336,31239,multitask,breakout,7,6.0,610
2,period,3150336,31239,multitask,breakout,8,6.0,610
2,period,3150336,31239,multitask,breakout,9,5.0,610
2,period,3150336,31239,multitask,breakout,10,6.0,610
2,period,3150336,31239,multitask,space_invaders,1,26.0,2761
2,period,3150336,31239,multitask,space_invaders,2,22.0,2761
2,period,3150336,31239,multitask,space_invaders,3,25.0,2761
2,period,3150336,31239,multitask,space_invaders,4,25.0,2761
2,period,3150336,31239,multitask,space_invaders,5,26.0,2761
2,period,3150336,31239,multitask,space_invaders,6,46.0,2761
2,period,3150336,31239,multitask,space_invaders,7,26.0,2761
2,period,3150336,31239,multitask,space_invaders,8,46.0,2761
2,period,3150336,31239,multitask,space_invaders,9,74.0,2761
2,period,3150336,31239,multitask,space_invaders,10,23.0,2761
2,period,3150336,31239,multitask,freeway,1,26.0,25000
2,period,3150336,31239,multitask,freeway,2,24.0,25000
2,period,3150336,31239,multitask,freeway,3,14.0,25000
2,period,3150336,31239,multitask,freeway,4,22.0,25000
2,period,3150336,31239,multitask,freeway,5,16.0,25000
2,period,3150336,31239,multitask,freeway,6,22.0,25000
2,period,3150336,31239,multitask,freeway,7,23.0,25000
2,period,3150336,31239,multitask,freeway,8,16.0,25000
2,period,3150336,31239,multitask,freeway,9,22.0,25000
2,period,3150336,31239,multitask,freeway,10,13.0,25000
2,period,3175680,31421,multitask,breakout,1,6.0,548
2,period,3175680,31421,multitask,breakout,2,2.0,548
2,period,3175680,31421,multitask,breakout,3,5.0,548
2,period,3175680,31421,multitask,breakout,4,3.0,548
2,period,3175680,31421,multitask,breakout,5,6.0,548
2,period,3175680,31421,multitask,breakout,6,5.0,548
2,period,3175680,31421,multitask,breakout,7,6.0,548
2,period,3175680,31421,multitask,breakout,8,6.0,548
2,period,3175680,31421,multitask,breakout,9,1.0,548
2,period,3175680,31421,multitask,breakout,10,5.0,548
2,period,3175680,31421,multitask,space_invaders,1,93.0,3401
2,period,3175680,31421,multitask,space_invaders,2,70.0,3401
2,period,3175680,31421,multitask,space_invaders,3,26.0,3401
2,period,3175680,31421,multitask,space_invaders,4,22.0,3401
2,period,3175680,31421,multitask,space_invaders,5,46.0,3401
2,period,3175680,31421,multitask,space_invaders,6,71.0,3401
2,period,3175680,31421,multitask,space_invaders,7,15.0,3401
2,period,3175680,31421,multitask,space_invaders,8,22.0,3401
2,period,3175680,31421,multitask,space_invaders,9,26.0,3401
2,period,3175680,31421,multitask,space_invaders,10,26.0,3401
2,period,3175680,31421,multitask,freeway,1,25.0,25000
2,period,3175680,31421,multitask,freeway,2,27.0,25000
2,period,3175680,31421,multitask,freeway,3,33.0,25000
2,period,3175680,31421,multitask,freeway,4,24.0,25000
2,period,3175680,31421,multitask,freeway,5,24.0,25000
2,period,3175680,31421,multitask,freeway,6,27.0,25000
2,period,3175680,31421,multitask,freeway,7,24.0,25000
2,period,3175680,31421,multitask,freeway,8,18.0,25000
2,period,3175680,31421,multitask,freeway,9,22.0,25000
2,period,3175680,31421,multitask,freeway,10,18.0,25000
2,period,3200256,31585,multitask,breakout,1,6.0,648
2,period,3200256,31585,multitask,breakout,2,6.0,648
2,period,3200256,31585,multitask,breakout,3,6.0,648
2,period,3200256,31585,multitask,breakout,4,5.0,648
2,period,3200256,31585,multitask,breakout,5,6.0,648
2,period,3200256,31585,multitask,breakout,6,5.0,648
2,period,3200256,31585,multitask,breakout,7,3.0,648
2,period,3200256,31585,multitask,breakout,8,5.0,648
2,period,3200256,31585,multitask,breakout,9,6.0,648
2,period,3200256,31585,multitask,breakout,10,7.0,648
2,period,3200256,31585,multitask,space_invaders,1,46.0,4752
2,period,3200256,31585,multitask,space_invaders,2,73.0,4752
2,period,3200256,31585,multitask,space_invaders,3,142.0,4752
2,period,3200256,31585,multitask,space_invaders,4,78.0,4752
2,period,3200256,31585,multitask,space_invaders,5,25.0,4752
2,period,3200256,31585,multitask,space_invaders,6,48.0,4752
2,period,3200256,31585,multitask,space_invaders,7,23.0,4752
2,period,3200256,31585,multitask,space_invaders,8,39.0,4752
2,period,3200256,31585,multitask,space_invaders,9,118.0,4752
2,period,3200256,31585,multitask,space_invaders,10,26.0,4752
2,period,3200256,31585,multitask,freeway,1,22.0,25000
2,period,3200256,31585,multitask,freeway,2,28.0,25000
2,period,3200256,31585,multitask,freeway,3,31.0,25000
2,period,3200256,31585,multitask,freeway,4,23.0,25000
2,period,3200256,31585,multitask,freeway,5,28.0,25000
2,period,3200256,31585,multitask,freeway,6,28.0,25000
2,period,3200256,31585,multitask,freeway,7,22.0,25000
2,period,3200256,31585,multitask,freeway,8,17.0,25000
2,period,3200256,31585,multitask,freeway,9,30.0,25000
2,period,3200256,31585,multitask,freeway,10,21.0,25000
2,period,3225600,31753,multitask,breakout,1,3.0,508
2,period,3225600,31753,multitask,breakout,2,2.0,508
2,period,3225600,31753,multitask,breakout,3,6.0,508
2,period,3225600,31753,multitask,breakout,4,6.0,508
2,period,3225600,31753,multitask,breakout,5,5.0,508
2,period,3225600,31753,multitask,breakout,6,3.0,508
2,period,3225600,31753,multitask,breakout,7,6.0,508
2,period,3225600,31753,multitask,breakout,8,2.0,508
2,period,3225600,31753,multitask,breakout,9,6.0,508
2,period,3225600,31753,multitask,breakout,10,3.0,508
2,period,3225600,31753,multitask,space_invaders,1,45.0,3253
2,period,3225600,31753,multitask,space_invaders,2,26.0,3253
2,period,3225600,31753,multitask,space_invaders,3,50.0,3253
2,period,3225600,31753,multitask,space_invaders,4,26.0,3253
2,period,3225600,31753,multitask,space_invaders,5,23.0,3253
2,period,3225600,31753,multitask,space_invaders,6,25.0,3253
2,period,3225600,31753,multitask,space_invaders,7,46.0,3253
2,period,3225600,31753,multitask,space_invaders,8,48.0,3253
2,period,3225600,31753,multitask,space_invaders,9,49.0,3253
2,period,3225600,31753,multitask,space_invaders,10,73.0,3253
2,period,3225600,31753,multitask,freeway,1,23.0,25000
2,period,3225600,31753,multitask,freeway,2,24.0,25000
2,period,3225600,31753,multitask,freeway,3,29.0,25000
2,period,3225600,31753,multitask,freeway,4,18.0,25000
2,period,3225600,31753,multitask,freeway,5,20.0,25000
2,period,3225600,31753,multitask,freeway,6,23.0,25000
2,period,3225600,31753,multitask,freeway,7,25.0,25000
2,period,3225600,31753,multitask,freeway,8,23.0,25000
2,period,3225600,31753,multitask,freeway,9,23.0,25000
2,period,3225600,31753,multitask,freeway,10,31.0,25000
2,period,3250176,31935,multitask,breakout,1,6.0,628
2,period,3250176,31935,multitask,breakout,2,5.0,628
2,period,3250176,31935,multitask,breakout,3,6.0,628
2,period,3250176,31935,multitask,breakout,4,5.0,628
2,period,3250176,31935,multitask,breakout,5,5.0,628
2,period,3250176,31935,multitask,breakout,6,6.0,628
2,period,3250176,31935,multitask,breakout,7,5.0,628
2,period,3250176,31935,multitask,breakout,8,3.0,628
2,period,3250176,31935,multitask,breakout,9,6.0,628
2,period,3250176,31935,multitask,breakout,10,6.0,628
2,period,3250176,31935,multitask,space_invaders,1,48.0,2450
2,period,3250176,31935,multitask,space_invaders,2,50.0,2450
2,period,3250176,31935,multitask,space_invaders,3,21.0,2450
2,period,3250176,31935,multitask,space_invaders,4,3.0,2450
2,period,3250176,31935,multitask,space_invaders,5,4.0,2450
2,period,3250176,31935,multitask,space_invaders,6,47.0,2450
2,period,3250176,31935,multitask,space_invaders,7,3.0,2450
2,period,3250176,31935,multitask,space_invaders,8,23.0,2450
2,period,3250176,31935,multitask,space_invaders,9,81.0,2450
2,period,3250176,31935,multitask,space_invaders,10,43.0,2450
2,period,3250176,31935,multitask,freeway,1,25.0,25000
2,period,3250176,31935,multitask,freeway,2,35.0,25000
2,period,3250176,31935,multitask,freeway,3,29.0,25000
2,period,3250176,31935,multitask,freeway,4,23.0,25000
2,period,3250176,31935,multitask,freeway,5,31.0,25000
2,period,3250176,31935,multitask,freeway,6,22.0,25000
2,period,3250176,31935,multitask,freeway,7,39.0,25000
2,period,3250176,31935,multitask,freeway,8,32.0,25000
2,period,3250176,31935,multitask,freeway,9,26.0,25000
2,period,3250176,31935,multitask,freeway,10,15.0,25000
2,period,3275520,32109,multitask,breakout,1,3.0,556
2,period,3275520,32109,multitask,breakout,2,6.0,556
2,period,3275520,32109,multitask,breakout,3,5.0,556
2,period,3275520,32109,multitask,breakout,4,3.0,556
2,period,3275520,32109,multitask,breakout,5,6.0,556
2,period,3275520,32109,multitask,breakout,6,5.0,556
2,period,3275520,32109,multitask,breakout,7,5.0,556
2,period,3275520,32109,multitask,breakout,8,3.0,556
2,period,3275520,32109,multitask,breakout,9,5.0,556
2,period,3275520,32109,multitask,breakout,10,5.0,556
2,period,3275520,32109,multitask,space_invaders,1,3.0,2020
2,period,3275520,32109,multitask,space_invaders,2,49.0,2020
2,period,3275520,32109,multitask,space_invaders,3,50.0,2020
2,period,3275520,32109,multitask,space_invaders,4,22.0,2020
2,period,3275520,32109,multitask,space_invaders,5,13.0,2020
2,period,3275520,32109,multitask,space_invaders,6,26.0,2020
2,period,3275520,32109,multitask,space_invaders,7,39.0,2020
2,period,3275520,32109,multitask,space_invaders,8,3.0,2020
2,period,3275520,32109,multitask,space_invaders,9,3.0,2020
2,period,3275520,32109,multitask,space_invaders,10,47.0,2020
2,period,3275520,32109,multitask,freeway,1,24.0,25000
2,period,3275520,32109,multitask,freeway,2,23.0,25000
2,period,3275520,32109,multitask,freeway,3,23.0,25000
2,period,3275520,32109,multitask,freeway,4,26.0,25000
2,period,3275520,32109,multitask,freeway,5,21.0,25000
2,period,3275520,32109,multitask,freeway,6,21.0,25000
2,period,3275520,32109,multitask,freeway,7,24.0,25000
2,period,3275520,32109,multitask,freeway,8,20.0,25000
2,period,3275520,32109,multitask,freeway,9,29.0,25000
2,period,3275520,32109,multitask,freeway,10,20.0,25000
2,period,3300096,32277,multitask,breakout,1,5.0,618
2,period,3300096,32277,multitask,breakout,2,6.0,618
2,period,3300096,32277,multitask,breakout,3,5.0,618
2,period,3300096,32277,multitask,breakout,4,5.0,618
2,period,3300096,32277,multitask,breakout,5,6.0,618
2,period,3300096,32277,multitask,breakout,6,6.0,618
2,period,3300096,32277,multitask,breakout,7,6.0,618
2,period,3300096,32277,multitask,breakout,8,3.0,618
2,period,3300096,32277,multitask,breakout,9,5.0,618
2,period,3300096,32277,multitask,breakout,10,5.0,618
2,period,3300096,32277,multitask,space_invaders,1,145.0,5279
2,period,3300096,32277,multitask,space_invaders,2,11.0,5279
2,period,3300096,32277,multitask,space_invaders,3,24.0,5279
2,period,3300096,32277,multitask,space_invaders,4,23.0,5279
2,period,3300096,32277,multitask,space_invaders,5,119.0,5279
2,period,3300096,32277,multitask,space_invaders,6,95.0,5279
2,period,3300096,32277,multitask,space_invaders,7,25.0,5279
2,period,3300096,32277,multitask,space_invaders,8,95.0,5279
2,period,3300096,32277,multitask,space_invaders,9,26.0,5279
2,period,3300096,32277,multitask,space_invaders,10,95.0,5279
2,period,3300096,32277,multitask,freeway,1,10.0,25000
2,period,3300096,32277,multitask,freeway,2,29.0,25000
2,period,3300096,32277,multitask,freeway,3,23.0,25000
2,period,3300096,32277,multitask,freeway,4,21.0,25000
2,period,3300096,32277,multitask,freeway,5,26.0,25000
2,period,3300096,32277,multitask,freeway,6,27.0,25000
2,period,3300096,32277,multitask,freeway,7,30.0,25000
2,period,3300096,32277,multitask,freeway,8,19.0,25000
2,period,3300096,32277,multitask,freeway,9,32.0,25000
2,period,3300096,32277,multitask,freeway,10,24.0,25000
2,period,3325440,32440,multitask,breakout,1,5.0,632
2,period,3325440,32440,multitask,breakout,2,5.0,632
2,period,3325440,32440,multitask,breakout,3,6.0,632
2,period,3325440,32440,multitask,breakout,4,5.0,632
2,period,3325440,32440,multitask,breakout,5,6.0,632
2,period,3325440,32440,multitask,breakout,6,5.0,632
2,period,3325440,32440,multitask,breakout,7,6.0,632
2,period,3325440,32440,multitask,breakout,8,5.0,632
2,period,3325440,32440,multitask,breakout,9,5.0,632
2,period,3325440,32440,multitask,breakout,10,5.0,632
2,period,3325440,32440,multitask,space_invaders,1,24.0,2649
2,period,3325440,32440,multitask,space_invaders,2,71.0,2649
2,period,3325440,32440,multitask,space_invaders,3,26.0,2649
2,period,3325440,32440,multitask,space_invaders,4,83.0,2649
2,period,3325440,32440,multitask,space_invaders,5,26.0,2649
2,period,3325440,32440,multitask,space_invaders,6,15.0,2649
2,period,3325440,32440,multitask,space_invaders,7,44.0,2649
2,period,3325440,32440,multitask,space_invaders,8,19.0,2649
2,period,3325440,32440,multitask,space_invaders,9,23.0,2649
2,period,3325440,32440,multitask,space_invaders,10,24.0,2649
2,period,3325440,32440,multitask,freeway,1,26.0,25000
2,period,3325440,32440,multitask,freeway,2,31.0,25000
2,period,3325440,32440,multitask,freeway,3,23.0,25000
2,period,3325440,32440,multitask,freeway,4,19.0,25000
2,period,3325440,32440,multitask,freeway,5,28.0,25000
2,period,3325440,32440,multitask,freeway,6,22.0,25000
2,period,3325440,32440,multitask,freeway,7,25.0,25000
2,period,3325440,32440,multitask,freeway,8,10.0,25000
2,period,3325440,32440,multitask,freeway,9,21.0,25000
2,period,3325440,32440,multitask,freeway,10,24.0,25000
2,period,3350016,32608,multitask,breakout,1,6.0,598
2,period,3350016,32608,multitask,breakout,2,3.0,598
2,period,3350016,32608,multitask,breakout,3,3.0,598
2,period,3350016,32608,multitask,breakout,4,6.0,598
2,period,3350016,32608,multitask,breakout,5,5.0,598
2,period,3350016,32608,multitask,breakout,6,5.0,598
2,period,3350016,32608,multitask,breakout,7,6.0,598
2,period,3350016,32608,multitask,breakout,8,5.0,598
2,period,3350016,32608,multitask,breakout,9,6.0,598
2,period,3350016,32608,multitask,breakout,10,5.0,598
2,period,3350016,32608,multitask,space_invaders,1,26.0,4266
2,period,3350016,32608,multitask,space_invaders,2,26.0,4266
2,period,3350016,32608,multitask,space_invaders,3,98.0,4266
2,period,3350016,32608,multitask,space_invaders,4,95.0,4266
2,period,3350016,32608,multitask,space_invaders,5,118.0,4266
2,period,3350016,32608,multitask,space_invaders,6,4.0,4266
2,period,3350016,32608,multitask,space_invaders,7,47.0,4266
2,period,3350016,32608,multitask,space_invaders,8,46.0,4266
2,period,3350016,32608,multitask,space_invaders,9,26.0,4266
2,period,3350016,32608,multitask,space_invaders,10,49.0,4266
2,period,3350016,32608,multitask,freeway,1,24.0,25000
2,period,3350016,32608,multitask,freeway,2,20.0,25000
2,period,3350016,32608,multitask,freeway,3,23.0,25000
2,period,3350016,32608,multitask,freeway,4,17.0,25000
2,period,3350016,32608,multitask,freeway,5,34.0,25000
2,period,3350016,32608,multitask,freeway,6,31.0,25000
2,period,3350016,32608,multitask,freeway,7,19.0,25000
2,period,3350016,32608,multitask,freeway,8,20.0,25000
2,period,3350016,32608,multitask,freeway,9,28.0,25000
2,period,3350016,32608,multitask,freeway,10,22.0,25000
2,period,3375360,32790,multitask,breakout,1,5.0,618
2,period,3375360,32790,multitask,breakout,2,5.0,618
2,period,3375360,32790,multitask,breakout,3,6.0,618
2,period,3375360,32790,multitask,breakout,4,6.0,618
2,period,3375360,32790,multitask,breakout,5,6.0,618
2,period,3375360,32790,multitask,breakout,6,3.0,618
2,period,3375360,32790,multitask,breakout,7,6.0,618
2,period,3375360,32790,multitask,breakout,8,5.0,618
2,period,3375360,32790,multitask,breakout,9,5.0,618
2,period,3375360,32790,multitask,breakout,10,5.0,618
2,period,3375360,32790,multitask,space_invaders,1,46.0,3024
2,period,3375360,32790,multitask,space_invaders,2,46.0,3024
2,period,3375360,32790,multitask,space_invaders,3,26.0,3024
2,period,3375360,32790,multitask,space_invaders,4,95.0,3024
2,period,3375360,32790,multitask,space_invaders,5,25.0,3024
2,period,3375360,32790,multitask,space_invaders,6,26.0,3024
2,period,3375360,32790,multitask,space_invaders,7,17.0,3024
2,period,3375360,32790,multitask,space_invaders,8,23.0,3024
2,period,3375360,32790,multitask,space_invaders,9,46.0,3024
2,period,3375360,32790,multitask,space_invaders,10,25.0,3024
2,period,3375360,32790,multitask,freeway,1,29.0,25000
2,period,3375360,32790,multitask,freeway,2,24.0,25000
2,period,3375360,32790,multitask,freeway,3,26.0,25000
2,period,3375360,32790,multitask,freeway,4,29.0,25000
2,period,3375360,32790,multitask,freeway,5,29.0,25000
2,period,3375360,32790,multitask,freeway,6,25.0,25000
2,period,3375360,32790,multitask,freeway,7,32.0,25000
2,period,3375360,32790,multitask,freeway,8,25.0,25000
2,period,3375360,32790,multitask,freeway,9,33.0,25000
2,period,3375360,32790,multitask,freeway,10,32.0,25000
2,period,3400704,32951,multitask,breakout,1,5.0,620
2,period,3400704,32951,multitask,breakout,2,7.0,620
2,period,3400704,32951,multitask,breakout,3,5.0,620
2,period,3400704,32951,multitask,breakout,4,6.0,620
2,period,3400704,32951,multitask,breakout,5,5.0,620
2,period,3400704,32951,multitask,breakout,6,2.0,620
2,period,3400704,32951,multitask,breakout,7,5.0,620
2,period,3400704,32951,multitask,breakout,8,5.0,620
2,period,3400704,32951,multitask,breakout,9,6.0,620
2,period,3400704,32951,multitask,breakout,10,6.0,620
2,period,3400704,32951,multitask,space_invaders,1,167.0,5470
2,period,3400704,32951,multitask,space_invaders,2,24.0,5470
2,period,3400704,32951,multitask,space_invaders,3,47.0,5470
2,period,3400704,32951,multitask,space_invaders,4,88.0,5470
2,period,3400704,32951,multitask,space_invaders,5,15.0,5470
2,period,3400704,32951,multitask,space_invaders,6,115.0,5470
2,period,3400704,32951,multitask,space_invaders,7,44.0,5470
2,period,3400704,32951,multitask,space_invaders,8,118.0,5470
2,period,3400704,32951,multitask,space_invaders,9,25.0,5470
2,period,3400704,32951,multitask,space_invaders,10,48.0,5470
2,period,3400704,32951,multitask,freeway,1,26.0,25000
2,period,3400704,32951,multitask,freeway,2,30.0,25000
2,period,3400704,32951,multitask,freeway,3,20.0,25000
2,period,3400704,32951,multitask,freeway,4,27.0,25000
2,period,3400704,32951,multitask,freeway,5,32.0,25000
2,period,3400704,32951,multitask,freeway,6,24.0,25000
2,period,3400704,32951,multitask,freeway,7,22.0,25000
2,period,3400704,32951,multitask,freeway,8,25.0,25000
2,period,3400704,32951,multitask,freeway,9,30.0,25000
2,period,3400704,32951,multitask,freeway,10,26.0,25000
2,period,3425280,33113,multitask,breakout,1,6.0,650
2,period,3425280,33113,multitask,breakout,2,6.0,650
2,period,3425280,33113,multitask,breakout,3,6.0,650
2,period,3425280,33113,multitask,breakout,4,5.0,650
2,period,3425280,33113,multitask,breakout,5,6.0,650
2,period,3425280,33113,multitask,breakout,6,5.0,650
2,period,3425280,33113,multitask,breakout,7,7.0,650
2,period,3425280,33113,multitask,breakout,8,3.0,650
2,period,3425280,33113,multitask,breakout,9,6.0,650
2,period,3425280,33113,multitask,breakout,10,5.0,650
2,period,3425280,33113,multitask,space_invaders,1,14.0,2143
2,period,3425280,33113,multitask,space_invaders,2,125.0,2143
2,period,3425280,33113,multitask,space_invaders,3,23.0,2143
2,period,3425280,33113,multitask,space_invaders,4,15.0,2143
2,period,3425280,33113,multitask,space_invaders,5,12.0,2143
2,period,3425280,33113,multitask,space_invaders,6,14.0,2143
2,period,3425280,33113,multitask,space_invaders,7,20.0,2143
2,period,3425280,33113,multitask,space_invaders,8,14.0,2143
2,period,3425280,33113,multitask,space_invaders,9,14.0,2143
2,period,3425280,33113,multitask,space_invaders,10,15.0,2143
2,period,3425280,33113,multitask,freeway,1,31.0,25000
2,period,3425280,33113,multitask,freeway,2,29.0,25000
2,period,3425280,33113,multitask,freeway,3,25.0,25000
2,period,3425280,33113,multitask,freeway,4,30.0,25000
2,period,3425280,33113,multitask,freeway,5,26.0,25000
2,period,3425280,33113,multitask,freeway,6,8.0,25000
2,period,3425280,33113,multitask,freeway,7,25.0,25000
2,period,3425280,33113,multitask,freeway,8,25.0,25000
2,period,3425280,33113,multitask,freeway,9,20.0,25000
2,period,3425280,33113,multitask,freeway,10,25.0,25000
2,period,3450624,33291,multitask,breakout,1,6.0,496
2,period,3450624,33291,multitask,breakout,2,6.0,496
2,period,3450624,33291,multitask,breakout,3,4.0,496
2,period,3450624,33291,multitask,breakout,4,1.0,496
2,period,3450624,33291,multitask,breakout,5,2.0,496
2,period,3450624,33291,multitask,breakout,6,1.0,496
2,period,3450624,33291,multitask,breakout,7,5.0,496
2,period,3450624,33291,multitask,breakout,8,6.0,496
2,period,3450624,33291,multitask,breakout,9,5.0,496
2,period,3450624,33291,multitask,breakout,10,5.0,496
2,period,3450624,33291,multitask,space_invaders,1,71.0,3248
2,period,3450624,33291,multitask,space_invaders,2,48.0,3248
2,period,3450624,33291,multitask,space_invaders,3,52.0,3248
2,period,3450624,33291,multitask,space_invaders,4,117.0,3248
2,period,3450624,33291,multitask,space_invaders,5,26.0,3248
2,period,3450624,33291,multitask,space_invaders,6,14.0,3248
2,period,3450624,33291,multitask,space_invaders,7,23.0,3248
2,period,3450624,33291,multitask,space_invaders,8,26.0,3248
2,period,3450624,33291,multitask,space_invaders,9,19.0,3248
2,period,3450624,33291,multitask,space_invaders,10,25.0,3248
2,period,3450624,33291,multitask,freeway,1,19.0,25000
2,period,3450624,33291,multitask,freeway,2,28.0,25000
2,period,3450624,33291,multitask,freeway,3,30.0,25000
2,period,3450624,33291,multitask,freeway,4,27.0,25000
2,period,3450624,33291,multitask,freeway,5,31.0,25000
2,period,3450624,33291,multitask,freeway,6,36.0,25000
2,period,3450624,33291,multitask,freeway,7,27.0,25000
2,period,3450624,33291,multitask,freeway,8,23.0,25000
2,period,3450624,33291,multitask,freeway,9,22.0,25000
2,period,3450624,33291,multitask,freeway,10,29.0,25000
2,period,3475200,33446,multitask,breakout,1,6.0,662
2,period,3475200,33446,multitask,breakout,2,6.0,662
2,period,3475200,33446,multitask,breakout,3,6.0,662
2,period,3475200,33446,multitask,breakout,4,5.0,662
2,period,3475200,33446,multitask,breakout,5,6.0,662
2,period,3475200,33446,multitask,breakout,6,6.0,662
2,period,3475200,33446,multitask,breakout,7,6.0,662
2,period,3475200,33446,multitask,breakout,8,6.0,662
2,period,3475200,33446,multitask,breakout,9,3.0,662
2,period,3475200,33446,multitask,breakout,10,6.0,662
2,period,3475200,33446,multitask,space_invaders,1,93.0,4484
2,period,3475200,33446,multitask,space_invaders,2,94.0,4484
2,period,3475200,33446,multitask,space_invaders,3,50.0,4484
2,period,3475200,33446,multitask,space_invaders,4,143.0,4484
2,period,3475200,33446,multitask,space_invaders,5,23.0,4484
2,period,3475200,33446,multitask,space_invaders,6,21.0,4484
2,period,3475200,33446,multitask,space_invaders,7,47.0,4484
2,period,3475200,33446,multitask,space_invaders,8,58.0,4484
2,period,3475200,33446,multitask,space_invaders,9,25.0,4484
2,period,3475200,33446,multitask,space_invaders,10,23.0,4484
2,period,3475200,33446,multitask,freeway,1,34.0,25000
2,period,3475200,33446,multitask,freeway,2,26.0,25000
2,period,3475200,33446,multitask,freeway,3,18.0,25000
2,period,3475200,33446,multitask,freeway,4,31.0,25000
2,period,3475200,33446,multitask,freeway,5,23.0,25000
2,period,3475200,33446,multitask,freeway,6,24.0,25000
2,period,3475200,33446,multitask,freeway,7,19.0,25000
2,period,3475200,33446,multitask,freeway,8,26.0,25000
2,period,3475200,33446,multitask,freeway,9,31.0,25000
2,period,3475200,33446,multitask,freeway,10,25.0,25000
2,period,3500544,33638,multitask,breakout,1,5.0,508
2,period,3500544,33638,multitask,breakout,2,3.0,508
2,period,3500544,33638,multitask,breakout,3,0.0,508
2,period,3500544,33638,multitask,breakout,4,6.0,508
2,period,3500544,33638,multitask,breakout,5,7.0,508
2,period,3500544,33638,multitask,breakout,6,6.0,508
2,period,3500544,33638,multitask,breakout,7,4.0,508
2,period,3500544,33638,multitask,breakout,8,3.0,508
2,period,3500544,33638,multitask,breakout,9,5.0,508
2,period,3500544,33638,multitask,breakout,10,3.0,508
2,period,3500544,33638,multitask,space_invaders,1,95.0,4874
2,period,3500544,33638,multitask,space_invaders,2,5.0,4874
2,period,3500544,33638,multitask,space_invaders,3,3.0,4874
2,period,3500544,33638,multitask,space_invaders,4,159.0,4874
2,period,3500544,33638,multitask,space_invaders,5,97.0,4874
2,period,3500544,33638,multitask,space_invaders,6,11.0,4874
2,period,3500544,33638,multitask,space_invaders,7,91.0,4874
2,period,3500544,33638,multitask,space_invaders,8,71.0,4874
2,period,3500544,33638,multitask,space_invaders,9,23.0,4874
2,period,3500544,33638,multitask,space_invaders,10,71.0,4874
2,period,3500544,33638,multitask,freeway,1,26.0,25000
2,period,3500544,33638,multitask,freeway,2,25.0,25000
2,period,3500544,33638,multitask,freeway,3,33.0,25000
2,period,3500544,33638,multitask,freeway,4,27.0,25000
2,period,3500544,33638,multitask,freeway,5,26.0,25000
2,period,3500544,33638,multitask,freeway,6,27.0,25000
2,period,3500544,33638,multitask,freeway,7,29.0,25000
2,period,3500544,33638,multitask,freeway,8,28.0,25000
2,period,3500544,33638,multitask,freeway,9,28.0,25000
2,period,3500544,33638,multitask,freeway,10,23.0,25000
2,period,3525120,33807,multitask,breakout,1,6.0,638
2,period,3525120,33807,multitask,breakout,2,6.0,638
2,period,3525120,33807,multitask,breakout,3,5.0,638
2,period,3525120,33807,multitask,breakout,4,6.0,638
2,period,3525120,33807,multitask,breakout,5,6.0,638
2,period,3525120,33807,multitask,breakout,6,5.0,638
2,period,3525120,33807,multitask,breakout,7,5.0,638
2,period,3525120,33807,multitask,breakout,8,6.0,638
2,period,3525120,33807,multitask,breakout,9,3.0,638
2,period,3525120,33807,multitask,breakout,10,6.0,638
2,period,3525120,33807,multitask,space_invaders,1,11.0,3385
2,period,3525120,33807,multitask,space_invaders,2,10.0,3385
2,period,3525120,33807,multitask,space_invaders,3,32.0,3385
2,period,3525120,33807,multitask,space_invaders,4,10.0,3385
2,period,3525120,33807,multitask,space_invaders,5,26.0,3385
2,period,3525120,33807,multitask,space_invaders,6,117.0,3385
2,period,3525120,33807,multitask,space_invaders,7,39.0,3385
2,period,3525120,33807,multitask,space_invaders,8,49.0,3385
2,period,3525120,33807,multitask,space_invaders,9,10.0,3385
2,period,3525120,33807,multitask,space_invaders,10,153.0,3385
2,period,3525120,33807,multitask,freeway,1,29.0,25000
2,period,3525120,33807,multitask,freeway,2,23.0,25000
2,period,3525120,33807,multitask,freeway,3,26.0,25000
2,period,3525120,33807,multitask,freeway,4,32.0,25000
2,period,3525120,33807,multitask,freeway,5,31.0,25000
2,period,3525120,33807,multitask,freeway,6,26.0,25000
2,period,3525120,33807,multitask,freeway,7,27.0,25000
2,period,3525120,33807,multitask,freeway,8,24.0,25000
2,period,3525120,33807,multitask,freeway,9,22.0,25000
2,period,3525120,33807,multitask,freeway,10,24.0,25000
2,period,3550464,33968,multitask,breakout,1,1.0,500
2,period,3550464,33968,multitask,breakout,2,5.0,500
2,period,3550464,33968,multitask,breakout,3,6.0,500
2,period,3550464,33968,multitask,breakout,4,0.0,500
2,period,3550464,33968,multitask,breakout,5,2.0,500
2,period,3550464,33968,multitask,breakout,6,6.0,500
2,period,3550464,33968,multitask,breakout,7,5.0,500
2,period,3550464,33968,multitask,breakout,8,6.0,500
2,period,3550464,33968,multitask,breakout,9,5.0,500
2,period,3550464,33968,multitask,breakout,10,5.0,500
2,period,3550464,33968,multitask,space_invaders,1,110.0,6164
2,period,3550464,33968,multitask,space_invaders,2,71.0,6164
2,period,3550464,33968,multitask,space_invaders,3,47.0,6164
2,period,3550464,33968,multitask,space_invaders,4,37.0,6164
2,period,3550464,33968,multitask,space_invaders,5,141.0,6164
2,period,3550464,33968,multitask,space_invaders,6,96.0,6164
2,period,3550464,33968,multitask,space_invaders,7,22.0,6164
2,period,3550464,33968,multitask,space_invaders,8,121.0,6164
2,period,3550464,33968,multitask,space_invaders,9,19.0,6164
2,period,3550464,33968,multitask,space_invaders,10,136.0,6164
2,period,3550464,33968,multitask,freeway,1,21.0,25000
2,period,3550464,33968,multitask,freeway,2,31.0,25000
2,period,3550464,33968,multitask,freeway,3,31.0,25000
2,period,3550464,33968,multitask,freeway,4,29.0,25000
2,period,3550464,33968,multitask,freeway,5,28.0,25000
2,period,3550464,33968,multitask,freeway,6,24.0,25000
2,period,3550464,33968,multitask,freeway,7,31.0,25000
2,period,3550464,33968,multitask,freeway,8,30.0,25000
2,period,3550464,33968,multitask,freeway,9,18.0,25000
2,period,3550464,33968,multitask,freeway,10,21.0,25000
2,period,3575040,34125,multitask,breakout,1,5.0,594
2,period,3575040,34125,multitask,breakout,2,7.0,594
2,period,3575040,34125,multitask,breakout,3,6.0,594
2,period,3575040,34125,multitask,breakout,4,0.0,594
2,period,3575040,34125,multitask,breakout,5,5.0,594
2,period,3575040,34125,multitask,breakout,6,7.0,594
2,period,3575040,34125,multitask,breakout,7,3.0,594
2,period,3575040,34125,multitask,breakout,8,5.0,594
2,period,3575040,34125,multitask,breakout,9,6.0,594
2,period,3575040,34125,multitask,breakout,10,6.0,594
2,period,3575040,34125,multitask,space_invaders,1,18.0,3375
2,period,3575040,34125,multitask,space_invaders,2,22.0,3375
2,period,3575040,34125,multitask,space_invaders,3,17.0,3375
2,period,3575040,34125,multitask,space_invaders,4,23.0,3375
2,period,3575040,34125,multitask,space_invaders,5,60.0,3375
2,period,3575040,34125,multitask,space_invaders,6,22.0,3375
2,period,3575040,34125,multitask,space_invaders,7,25.0,3375
2,period,3575040,34125,multitask,space_invaders,8,58.0,3375
2,period,3575040,34125,multitask,space_invaders,9,56.0,3375
2,period,3575040,34125,multitask,space_invaders,10,121.0,3375
2,period,3575040,34125,multitask,freeway,1,16.0,25000
2,period,3575040,34125,multitask,freeway,2,29.0,25000
2,period,3575040,34125,multitask,freeway,3,26.0,25000
2,period,3575040,34125,multitask,freeway,4,30.0,25000
2,period,3575040,34125,multitask,freeway,5,28.0,25000
2,period,3575040,34125,multitask,freeway,6,22.0,25000
2,period,3575040,34125,multitask,freeway,7,28.0,25000
2,period,3575040,34125,multitask,freeway,8,30.0,25000
2,period,3575040,34125,multitask,freeway,9,29.0,25000
2,period,3575040,34125,multitask,freeway,10,21.0,25000
2,period,3600384,34304,multitask,breakout,1,6.0,586
2,period,3600384,34304,multitask,breakout,2,5.0,586
2,period,3600384,34304,multitask,breakout,3,6.0,586
2,period,3600384,34304,multitask,breakout,4,3.0,586
2,period,3600384,34304,multitask,breakout,5,6.0,586
2,period,3600384,34304,multitask,breakout,6,1.0,586
2,period,3600384,34304,multitask,breakout,7,5.0,586
2,period,3600384,34304,multitask,breakout,8,7.0,586
2,period,3600384,34304,multitask,breakout,9,5.0,586
2,period,3600384,34304,multitask,breakout,10,5.0,586
2,period,3600384,34304,multitask,space_invaders,1,50.0,3347
2,period,3600384,34304,multitask,space_invaders,2,23.0,3347
2,period,3600384,34304,multitask,space_invaders,3,46.0,3347
2,period,3600384,34304,multitask,space_invaders,4,22.0,3347
2,period,3600384,34304,multitask,space_invaders,5,49.0,3347
2,period,3600384,34304,multitask,space_invaders,6,26.0,3347
2,period,3600384,34304,multitask,space_invaders,7,47.0,3347
2,period,3600384,34304,multitask,space_invaders,8,96.0,3347
2,period,3600384,34304,multitask,space_invaders,9,25.0,3347
2,period,3600384,34304,multitask,space_invaders,10,23.0,3347
2,period,3600384,34304,multitask,freeway,1,20.0,25000
2,period,3600384,34304,multitask,freeway,2,27.0,25000
2,period,3600384,34304,multitask,freeway,3,34.0,25000
2,period,3600384,34304,multitask,freeway,4,27.0,25000
2,period,3600384,34304,multitask,freeway,5,19.0,25000
2,period,3600384,34304,multitask,freeway,6,24.0,25000
2,period,3600384,34304,multitask,freeway,7,21.0,25000
2,period,3600384,34304,multitask,freeway,8,38.0,25000
2,period,3600384,34304,multitask,freeway,9,12.0,25000
2,period,3600384,34304,multitask,freeway,10,29.0,25000
2,period,3625728,34460,multitask,breakout,1,5.0,600
2,period,3625728,34460,multitask,breakout,2,6.0,600
2,period,3625728,34460,multitask,breakout,3,3.0,600
2,period,3625728,34460,multitask,breakout,4,6.0,600
2,period,3625728,34460,multitask,breakout,5,3.0,600
2,period,3625728,34460,multitask,breakout,6,5.0,600
2,period,3625728,34460,multitask,breakout,7,5.0,600
2,period,3625728,34460,multitask,breakout,8,6.0,600
2,period,3625728,34460,multitask,breakout,9,6.0,600
2,period,3625728,34460,multitask,breakout,10,5.0,600
2,period,3625728,34460,multitask,space_invaders,1,49.0,3250
2,period,3625728,34460,multitask,space_invaders,2,22.0,3250
2,period,3625728,34460,multitask,space_invaders,3,118.0,3250
2,period,3625728,34460,multitask,space_invaders,4,43.0,3250
2,period,3625728,34460,multitask,space_invaders,5,49.0,3250
2,period,3625728,34460,multitask,space_invaders,6,25.0,3250
2,period,3625728,34460,multitask,space_invaders,7,49.0,3250
2,period,3625728,34460,multitask,space_invaders,8,25.0,3250
2,period,3625728,34460,multitask,space_invaders,9,23.0,3250
2,period,3625728,34460,multitask,space_invaders,10,11.0,3250
2,period,3625728,34460,multitask,freeway,1,26.0,25000
2,period,3625728,34460,multitask,freeway,2,27.0,25000
2,period,3625728,34460,multitask,freeway,3,36.0,25000
2,period,3625728,34460,multitask,freeway,4,29.0,25000
2,period,3625728,34460,multitask,freeway,5,25.0,25000
2,period,3625728,34460,multitask,freeway,6,13.0,25000
2,period,3625728,34460,multitask,freeway,7,35.0,25000
2,period,3625728,34460,multitask,freeway,8,33.0,25000
2,period,3625728,34460,multitask,freeway,9,24.0,25000
2,period,3625728,34460,multitask,freeway,10,28.0,25000
2,period,3650304,34614,multitask,breakout,1,6.0,584
2,period,3650304,34614,multitask,breakout,2,6.0,584
2,period,3650304,34614,multitask,breakout,3,6.0,584
2,period,3650304,34614,multitask,breakout,4,3.0,584
2,period,3650304,34614,multitask,breakout,5,1.0,584
2,period,3650304,34614,multitask,breakout,6,5.0,584
2,period,3650304,34614,multitask,breakout,7,5.0,584
2,period,3650304,34614,multitask,breakout,8,5.0,584
2,period,3650304,34614,multitask,breakout,9,6.0,584
2,period,3650304,34614,multitask,breakout,10,6.0,584
2,period,3650304,34614,multitask,space_invaders,1,50.0,5816
2,period,3650304,34614,multitask,space_invaders,2,69.0,5816
2,period,3650304,34614,multitask,space_invaders,3,133.0,5816
2,period,3650304,34614,multitask,space_invaders,4,46.0,5816
2,period,3650304,34614,multitask,space_invaders,5,50.0,5816
2,period,3650304,34614,multitask,space_invaders,6,49.0,5816
2,period,3650304,34614,multitask,space_invaders,7,160.0,5816
2,period,3650304,34614,multitask,space_invaders,8,119.0,5816
2,period,3650304,34614,multitask,space_invaders,9,46.0,5816
2,period,3650304,34614,multitask,space_invaders,10,23.0,5816
2,period,3650304,34614,multitask,freeway,1,27.0,25000
2,period,3650304,34614,multitask,freeway,2,19.0,25000
2,period,3650304,34614,multitask,freeway,3,36.0,25000
2,period,3650304,34614,multitask,freeway,4,32.0,25000
2,period,3650304,34614,multitask,freeway,5,35.0,25000
2,period,3650304,34614,multitask,freeway,6,32.0,25000
2,period,3650304,34614,multitask,freeway,7,26.0,25000
2,period,3650304,34614,multitask,freeway,8,18.0,25000
2,period,3650304,34614,multitask,freeway,9,21.0,25000
2,period,3650304,34614,multitask,freeway,10,21.0,25000
2,period,3675648,34773,multitask,breakout,1,6.0,640
2,period,3675648,34773,multitask,breakout,2,6.0,640
2,period,3675648,34773,multitask,breakout,3,6.0,640
2,period,3675648,34773,multitask,breakout,4,6.0,640
2,period,3675648,34773,multitask,breakout,5,5.0,640
2,period,3675648,34773,multitask,breakout,6,5.0,640
2,period,3675648,34773,multitask,breakout,7,2.0,640
2,period,3675648,34773,multitask,breakout,8,6.0,640
2,period,3675648,34773,multitask,breakout,9,6.0,640
2,period,3675648,34773,multitask,breakout,10,6.0,640
2,period,3675648,34773,multitask,space_invaders,1,51.0,5254
2,period,3675648,34773,multitask,space_invaders,2,26.0,5254
2,period,3675648,34773,multitask,space_invaders,3,27.0,5254
2,period,3675648,34773,multitask,space_invaders,4,116.0,5254
2,period,3675648,34773,multitask,space_invaders,5,73.0,5254
2,period,3675648,34773,multitask,space_invaders,6,71.0,5254
2,period,3675648,34773,multitask,space_invaders,7,30.0,5254
2,period,3675648,34773,multitask,space_invaders,8,70.0,5254
2,period,3675648,34773,multitask,space_invaders,9,71.0,5254
2,period,3675648,34773,multitask,space_invaders,10,133.0,5254
2,period,3675648,34773,multitask,freeway,1,20.0,25000
2,period,3675648,34773,multitask,freeway,2,28.0,25000
2,period,3675648,34773,multitask,freeway,3,19.0,25000
2,period,3675648,34773,multitask,freeway,4,28.0,25000
2,period,3675648,34773,multitask,freeway,5,28.0,25000
2,period,3675648,34773,multitask,freeway,6,18.0,25000
2,period,3675648,34773,multitask,freeway,7,23.0,25000
2,period,3675648,34773,multitask,freeway,8,26.0,25000
2,period,3675648,34773,multitask,freeway,9,32.0,25000
2,period,3675648,34773,multitask,freeway,10,28.0,25000
2,period,3700224,34931,multitask,breakout,1,5.0,642
2,period,3700224,34931,multitask,breakout,2,5.0,642
2,period,3700224,34931,multitask,breakout,3,7.0,642
2,period,3700224,34931,multitask,breakout,4,5.0,642
2,period,3700224,34931,multitask,breakout,5,5.0,642
2,period,3700224,34931,multitask,breakout,6,5.0,642
2,period,3700224,34931,multitask,breakout,7,6.0,642
2,period,3700224,34931,multitask,breakout,8,5.0,642
2,period,3700224,34931,multitask,breakout,9,6.0,642
2,period,3700224,34931,multitask,breakout,10,5.0,642
2,period,3700224,34931,multitask,space_invaders,1,5.0,5439
2,period,3700224,34931,multitask,space_invaders,2,134.0,5439
2,period,3700224,34931,multitask,space_invaders,3,142.0,5439
2,period,3700224,34931,multitask,space_invaders,4,22.0,5439
2,period,3700224,34931,multitask,space_invaders,5,94.0,5439
2,period,3700224,34931,multitask,space_invaders,6,140.0,5439
2,period,3700224,34931,multitask,space_invaders,7,7.0,5439
2,period,3700224,34931,multitask,space_invaders,8,26.0,5439
2,period,3700224,34931,multitask,space_invaders,9,143.0,5439
2,period,3700224,34931,multitask,space_invaders,10,26.0,5439
2,period,3700224,34931,multitask,freeway,1,31.0,25000
2,period,3700224,34931,multitask,freeway,2,29.0,25000
2,period,3700224,34931,multitask,freeway,3,24.0,25000
2,period,3700224,34931,multitask,freeway,4,7.0,25000
2,period,3700224,34931,multitask,freeway,5,23.0,25000
2,period,3700224,34931,multitask,freeway,6,26.0,25000
2,period,3700224,34931,multitask,freeway,7,24.0,25000
2,period,3700224,34931,multitask,freeway,8,18.0,25000
2,period,3700224,34931,multitask,freeway,9,20.0,25000
2,period,3700224,34931,multitask,freeway,10,28.0,25000
2,period,3725568,35100,multitask,breakout,1,5.0,662
2,period,3725568,35100,multitask,breakout,2,6.0,662
2,period,3725568,35100,multitask,breakout,3,5.0,662
2,period,3725568,35100,multitask,breakout,4,6.0,662
2,period,3725568,35100,multitask,breakout,5,6.0,662
2,period,3725568,35100,multitask,breakout,6,6.0,662
2,period,3725568,35100,multitask,breakout,7,5.0,662
2,period,3725568,35100,multitask,breakout,8,5.0,662
2,period,3725568,35100,multitask,breakout,9,6.0,662
2,period,3725568,35100,multitask,breakout,10,6.0,662
2,period,3725568,35100,multitask,space_invaders,1,45.0,7568
2,period,3725568,35100,multitask,space_invaders,2,145.0,7568
2,period,3725568,35100,multitask,space_invaders,3,80.0,7568
2,period,3725568,35100,multitask,space_invaders,4,142.0,7568
2,period,3725568,35100,multitask,space_invaders,5,95.0,7568
2,period,3725568,35100,multitask,space_invaders,6,50.0,7568
2,period,3725568,35100,multitask,space_invaders,7,119.0,7568
2,period,3725568,35100,multitask,space_invaders,8,159.0,7568
2,period,3725568,35100,multitask,space_invaders,9,119.0,7568
2,period,3725568,35100,multitask,space_invaders,10,23.0,7568
2,period,3725568,35100,multitask,freeway,1,25.0,25000
2,period,3725568,35100,multitask,freeway,2,31.0,25000
2,period,3725568,35100,multitask,freeway,3,26.0,25000
2,period,3725568,35100,multitask,freeway,4,20.0,25000
2,period,3725568,35100,multitask,freeway,5,30.0,25000
2,period,3725568,35100,multitask,freeway,6,25.0,25000
2,period,3725568,35100,multitask,freeway,7,28.0,25000
2,period,3725568,35100,multitask,freeway,8,29.0,25000
2,period,3725568,35100,multitask,freeway,9,31.0,25000
2,period,3725568,35100,multitask,freeway,10,25.0,25000
2,period,3750144,35252,multitask,breakout,1,5.0,652
2,period,3750144,35252,multitask,breakout,2,7.0,652
2,period,3750144,35252,multitask,breakout,3,6.0,652
2,period,3750144,35252,multitask,breakout,4,6.0,652
2,period,3750144,35252,multitask,breakout,5,5.0,652
2,period,3750144,35252,multitask,breakout,6,6.0,652
2,period,3750144,35252,multitask,breakout,7,5.0,652
2,period,3750144,35252,multitask,breakout,8,5.0,652
2,period,3750144,35252,multitask,breakout,9,5.0,652
2,period,3750144,35252,multitask,breakout,10,5.0,652
2,period,3750144,35252,multitask,space_invaders,1,142.0,5404
2,period,3750144,35252,multitask,space_invaders,2,95.0,5404
2,period,3750144,35252,multitask,space_invaders,3,55.0,5404
2,period,3750144,35252,multitask,space_invaders,4,66.0,5404
2,period,3750144,35252,multitask,space_invaders,5,23.0,5404
2,period,3750144,35252,multitask,space_invaders,6,23.0,5404
2,period,3750144,35252,multitask,space_invaders,7,166.0,5404
2,period,3750144,35252,multitask,space_invaders,8,22.0,5404
2,period,3750144,35252,multitask,space_invaders,9,85.0,5404
2,period,3750144,35252,multitask,space_invaders,10,23.0,5404
2,period,3750144,35252,multitask,freeway,1,25.0,25000
2,period,3750144,35252,multitask,freeway,2,23.0,25000
2,period,3750144,35252,multitask,freeway,3,34.0,25000
2,period,3750144,35252,multitask,freeway,4,31.0,25000
2,period,3750144,35252,multitask,freeway,5,14.0,25000
2,period,3750144,35252,multitask,freeway,6,37.0,25000
2,period,3750144,35252,multitask,freeway,7,22.0,25000
2,period,3750144,35252,multitask,freeway,8,32.0,25000
2,period,3750144,35252,multitask,freeway,9,11.0,25000
2,period,3750144,35252,multitask,freeway,10,32.0,25000
2,period,3775488,35411,multitask,breakout,1,5.0,610
2,period,3775488,35411,multitask,breakout,2,5.0,610
2,period,3775488,35411,multitask,breakout,3,5.0,610
2,period,3775488,35411,multitask,breakout,4,5.0,610
2,period,3775488,35411,multitask,breakout,5,3.0,610
2,period,3775488,35411,multitask,breakout,6,5.0,610
2,period,3775488,35411,multitask,breakout,7,6.0,610
2,period,3775488,35411,multitask,breakout,8,5.0,610
2,period,3775488,35411,multitask,breakout,9,6.0,610
2,period,3775488,35411,multitask,breakout,10,6.0,610
2,period,3775488,35411,multitask,space_invaders,1,23.0,4689
2,period,3775488,35411,multitask,space_invaders,2,23.0,4689
2,period,3775488,35411,multitask,space_invaders,3,49.0,4689
2,period,3775488,35411,multitask,space_invaders,4,68.0,4689
2,period,3775488,35411,multitask,space_invaders,5,23.0,4689
2,period,3775488,35411,multitask,space_invaders,6,49.0,4689
2,period,3775488,35411,multitask,space_invaders,7,94.0,4689
2,period,3775488,35411,multitask,space_invaders,8,142.0,4689
2,period,3775488,35411,multitask,space_invaders,9,88.0,4689
2,period,3775488,35411,multitask,space_invaders,10,23.0,4689
2,period,3775488,35411,multitask,freeway,1,27.0,25000
2,period,3775488,35411,multitask,freeway,2,27.0,25000
2,period,3775488,35411,multitask,freeway,3,20.0,25000
2,period,3775488,35411,multitask,freeway,4,25.0,25000
2,period,3775488,35411,multitask,freeway,5,21.0,25000
2,period,3775488,35411,multitask,freeway,6,22.0,25000
2,period,3775488,35411,multitask,freeway,7,35.0,25000
2,period,3775488,35411,multitask,freeway,8,31.0,25000
2,period,3775488,35411,multitask,freeway,9,31.0,25000
2,period,3775488,35411,multitask,freeway,10,38.0,25000
2,period,3800064,35563,multitask,breakout,1,5.0,638
2,period,3800064,35563,multitask,breakout,2,5.0,638
2,period,3800064,35563,multitask,breakout,3,6.0,638
2,period,3800064,35563,multitask,breakout,4,6.0,638
2,period,3800064,35563,multitask,breakout,5,6.0,638
2,period,3800064,35563,multitask,breakout,6,5.0,638
2,period,3800064,35563,multitask,breakout,7,6.0,638
2,period,3800064,35563,multitask,breakout,8,4.0,638
2,period,3800064,35563,multitask,breakout,9,5.0,638
2,period,3800064,35563,multitask,breakout,10,6.0,638
2,period,3800064,35563,multitask,space_invaders,1,24.0,3756
2,period,3800064,35563,multitask,space_invaders,2,23.0,3756
2,period,3800064,35563,multitask,space_invaders,3,23.0,3756
2,period,3800064,35563,multitask,space_invaders,4,90.0,3756
2,period,3800064,35563,multitask,space_invaders,5,81.0,3756
2,period,3800064,35563,multitask,space_invaders,6,104.0,3756
2,period,3800064,35563,multitask,space_invaders,7,61.0,3756
2,period,3800064,35563,multitask,space_invaders,8,50.0,3756
2,period,3800064,35563,multitask,space_invaders,9,26.0,3756
2,period,3800064,35563,multitask,space_invaders,10,23.0,3756
2,period,3800064,35563,multitask,freeway,1,34.0,25000
2,period,3800064,35563,multitask,freeway,2,7.0,25000
2,period,3800064,35563,multitask,freeway,3,35.0,25000
2,period,3800064,35563,multitask,freeway,4,15.0,25000
2,period,3800064,35563,multitask,freeway,5,30.0,25000
2,period,3800064,35563,multitask,freeway,6,24.0,25000
2,period,3800064,35563,multitask,freeway,7,28.0,25000
2,period,3800064,35563,multitask,freeway,8,29.0,25000
2,period,3800064,35563,multitask,freeway,9,32.0,25000
2,period,3800064,35563,multitask,freeway,10,28.0,25000
2,period,3825408,35722,multitask,breakout,1,5.0,612
2,period,3825408,35722,multitask,breakout,2,6.0,612
2,period,3825408,35722,multitask,breakout,3,5.0,612
2,period,3825408,35722,multitask,breakout,4,3.0,612
2,period,3825408,35722,multitask,breakout,5,5.0,612
2,period,3825408,35722,multitask,breakout,6,5.0,612
2,period,3825408,35722,multitask,breakout,7,6.0,612
2,period,3825408,35722,multitask,breakout,8,5.0,612
2,period,3825408,35722,multitask,breakout,9,6.0,612
2,period,3825408,35722,multitask,breakout,10,5.0,612
2,period,3825408,35722,multitask,space_invaders,1,23.0,4342
2,period,3825408,35722,multitask,space_invaders,2,26.0,4342
2,period,3825408,35722,multitask,space_invaders,3,70.0,4342
2,period,3825408,35722,multitask,space_invaders,4,94.0,4342
2,period,3825408,35722,multitask,space_invaders,5,23.0,4342
2,period,3825408,35722,multitask,space_invaders,6,87.0,4342
2,period,3825408,35722,multitask,space_invaders,7,143.0,4342
2,period,3825408,35722,multitask,space_invaders,8,23.0,4342
2,period,3825408,35722,multitask,space_invaders,9,40.0,4342
2,period,3825408,35722,multitask,space_invaders,10,22.0,4342
2,period,3825408,35722,multitask,freeway,1,25.0,25000
2,period,3825408,35722,multitask,freeway,2,36.0,25000
2,period,3825408,35722,multitask,freeway,3,39.0,25000
2,period,3825408,35722,multitask,freeway,4,23.0,25000
2,period,3825408,35722,multitask,freeway,5,31.0,25000
2,period,3825408,35722,multitask,freeway,6,16.0,25000
2,period,3825408,35722,multitask,freeway,7,24.0,25000
2,period,3825408,35722,multitask,freeway,8,21.0,25000
2,period,3825408,35722,multitask,freeway,9,26.0,25000
2,period,3825408,35722,multitask,freeway,10,24.0,25000
2,period,3850752,35901,multitask,breakout,1,5.0,598
2,period,3850752,35901,multitask,breakout,2,5.0,598
2,period,3850752,35901,multitask,breakout,3,6.0,598
2,period,3850752,35901,multitask,breakout,4,5.0,598
2,period,3850752,35901,multitask,breakout,5,6.0,598
2,period,3850752,35901,multitask,breakout,6,5.0,598
2,period,3850752,35901,multitask,breakout,7,6.0,598
2,period,3850752,35901,multitask,breakout,8,0.0,598
2,period,3850752,35901,multitask,breakout,9,6.0,598
2,period,3850752,35901,multitask,breakout,10,6.0,598
2,period,3850752,35901,multitask,space_invaders,1,119.0,4539
2,period,3850752,35901,multitask,space_invaders,2,47.0,4539
2,period,3850752,35901,multitask,space_invaders,3,26.0,4539
2,period,3850752,35901,multitask,space_invaders,4,55.0,4539
2,period,3850752,35901,multitask,space_invaders,5,47.0,4539
2,period,3850752,35901,multitask,space_invaders,6,73.0,4539
2,period,3850752,35901,multitask,space_invaders,7,46.0,4539
2,period,3850752,35901,multitask,space_invaders,8,21.0,4539
2,period,3850752,35901,multitask,space_invaders,9,25.0,4539
2,period,3850752,35901,multitask,space_invaders,10,95.0,4539
2,period,3850752,35901,multitask,freeway,1,28.0,25000
2,period,3850752,35901,multitask,freeway,2,26.0,25000
2,period,3850752,35901,multitask,freeway,3,20.0,25000
2,period,3850752,35901,multitask,freeway,4,28.0,25000
2,period,3850752,35901,multitask,freeway,5,30.0,25000
2,period,3850752,35901,multitask,freeway,6,21.0,25000
2,period,3850752,35901,multitask,freeway,7,17.0,25000
2,period,3850752,35901,multitask,freeway,8,26.0,25000
2,period,3850752,35901,multitask,freeway,9,23.0,25000
2,period,3850752,35901,multitask,freeway,10,21.0,25000
2,period,3875328,36051,multitask,breakout,1,3.0,506
2,period,3875328,36051,multitask,breakout,2,5.0,506
2,period,3875328,36051,multitask,breakout,3,0.0,506
2,period,3875328,36051,multitask,breakout,4,6.0,506
2,period,3875328,36051,multitask,breakout,5,5.0,506
2,period,3875328,36051,multitask,breakout,6,3.0,506
2,period,3875328,36051,multitask,breakout,7,5.0,506
2,period,3875328,36051,multitask,breakout,8,3.0,506
2,period,3875328,36051,multitask,breakout,9,6.0,506
2,period,3875328,36051,multitask,breakout,10,5.0,506
2,period,3875328,36051,multitask,space_invaders,1,23.0,3587
2,period,3875328,36051,multitask,space_invaders,2,71.0,3587
2,period,3875328,36051,multitask,space_invaders,3,9.0,3587
2,period,3875328,36051,multitask,space_invaders,4,42.0,3587
2,period,3875328,36051,multitask,space_invaders,5,22.0,3587
2,period,3875328,36051,multitask,space_invaders,6,87.0,3587
2,period,3875328,36051,multitask,space_invaders,7,30.0,3587
2,period,3875328,36051,multitask,space_invaders,8,9.0,3587
2,period,3875328,36051,multitask,space_invaders,9,133.0,3587
2,period,3875328,36051,multitask,space_invaders,10,29.0,3587
2,period,3875328,36051,multitask,freeway,1,33.0,25000
2,period,3875328,36051,multitask,freeway,2,18.0,25000
2,period,3875328,36051,multitask,freeway,3,21.0,25000
2,period,3875328,36051,multitask,freeway,4,21.0,25000
2,period,3875328,36051,multitask,freeway,5,15.0,25000
2,period,3875328,36051,multitask,freeway,6,26.0,25000
2,period,3875328,36051,multitask,freeway,7,27.0,25000
2,period,3875328,36051,multitask,freeway,8,26.0,25000
2,period,3875328,36051,multitask,freeway,9,29.0,25000
2,period,3875328,36051,multitask,freeway,10,28.0,25000
2,period,3900672,36210,multitask,breakout,1,5.0,596
2,period,3900672,36210,multitask,breakout,2,6.0,596
2,period,3900672,36210,multitask,breakout,3,6.0,596
2,period,3900672,36210,multitask,breakout,4,6.0,596
2,period,3900672,36210,multitask,breakout,5,5.0,596
2,period,3900672,36210,multitask,breakout,6,5.0,596
2,period,3900672,36210,multitask,breakout,7,2.0,596
2,period,3900672,36210,multitask,breakout,8,5.0,596
2,period,3900672,36210,multitask,breakout,9,5.0,596
2,period,3900672,36210,multitask,breakout,10,5.0,596
2,period,3900672,36210,multitask,space_invaders,1,109.0,5713
2,period,3900672,36210,multitask,space_invaders,2,22.0,5713
2,period,3900672,36210,multitask,space_invaders,3,155.0,5713
2,period,3900672,36210,multitask,space_invaders,4,110.0,5713
2,period,3900672,36210,multitask,space_invaders,5,82.0,5713
2,period,3900672,36210,multitask,space_invaders,6,3.0,5713
2,period,3900672,36210,multitask,space_invaders,7,30.0,5713
2,period,3900672,36210,multitask,space_invaders,8,95.0,5713
2,period,3900672,36210,multitask,space_invaders,9,88.0,5713
2,period,3900672,36210,multitask,space_invaders,10,42.0,5713
2,period,3900672,36210,multitask,freeway,1,25.0,25000
2,period,3900672,36210,multitask,freeway,2,36.0,25000
2,period,3900672,36210,multitask,freeway,3,27.0,25000
2,period,3900672,36210,multitask,freeway,4,29.0,25000
2,period,3900672,36210,multitask,freeway,5,28.0,25000
2,period,3900672,36210,multitask,freeway,6,18.0,25000
2,period,3900672,36210,multitask,freeway,7,18.0,25000
2,period,3900672,36210,multitask,freeway,8,28.0,25000
2,period,3900672,36210,multitask,freeway,9,33.0,25000
2,period,3900672,36210,multitask,freeway,10,19.0,25000
2,period,3925248,36360,multitask,breakout,1,5.0,644
2,period,3925248,36360,multitask,breakout,2,6.0,644
2,period,3925248,36360,multitask,breakout,3,6.0,644
2,period,3925248,36360,multitask,breakout,4,6.0,644
2,period,3925248,36360,multitask,breakout,5,6.0,644
2,period,3925248,36360,multitask,breakout,6,2.0,644
2,period,3925248,36360,multitask,breakout,7,6.0,644
2,period,3925248,36360,multitask,breakout,8,5.0,644
2,period,3925248,36360,multitask,breakout,9,6.0,644
2,period,3925248,36360,multitask,breakout,10,6.0,644
2,period,3925248,36360,multitask,space_invaders,1,73.0,6296
2,period,3925248,36360,multitask,space_invaders,2,64.0,6296
2,period,3925248,36360,multitask,space_invaders,3,118.0,6296
2,period,3925248,36360,multitask,space_invaders,4,95.0,6296
2,period,3925248,36360,multitask,space_invaders,5,47.0,6296
2,period,3925248,36360,multitask,space_invaders,6,95.0,6296
2,period,3925248,36360,multitask,space_invaders,7,93.0,6296
2,period,3925248,36360,multitask,space_invaders,8,86.0,6296
2,period,3925248,36360,multitask,space_invaders,9,22.0,6296
2,period,3925248,36360,multitask,space_invaders,10,95.0,6296
2,period,3925248,36360,multitask,freeway,1,33.0,25000
2,period,3925248,36360,multitask,freeway,2,31.0,25000
2,period,3925248,36360,multitask,freeway,3,29.0,25000
2,period,3925248,36360,multitask,freeway,4,23.0,25000
2,period,3925248,36360,multitask,freeway,5,29.0,25000
2,period,3925248,36360,multitask,freeway,6,27.0,25000
2,period,3925248,36360,multitask,freeway,7,30.0,25000
2,period,3925248,36360,multitask,freeway,8,27.0,25000
2,period,3925248,36360,multitask,freeway,9,22.0,25000
2,period,3925248,36360,multitask,freeway,10,19.0,25000
2,period,3950592,36517,multitask,breakout,1,5.0,562
2,period,3950592,36517,multitask,breakout,2,0.0,562
2,period,3950592,36517,multitask,breakout,3,6.0,562
2,period,3950592,36517,multitask,breakout,4,6.0,562
2,period,3950592,36517,multitask,breakout,5,3.0,562
2,period,3950592,36517,multitask,breakout,6,6.0,562
2,period,3950592,36517,multitask,breakout,7,6.0,562
2,period,3950592,36517,multitask,breakout,8,6.0,562
2,period,3950592,36517,multitask,breakout,9,6.0,562
2,period,3950592,36517,multitask,breakout,10,3.0,562
2,period,3950592,36517,multitask,space_invaders,1,70.0,4785
2,period,3950592,36517,multitask,space_invaders,2,47.0,4785
2,period,3950592,36517,multitask,space_invaders,3,43.0,4785
2,period,3950592,36517,multitask,space_invaders,4,47.0,4785
2,period,3950592,36517,multitask,space_invaders,5,162.0,4785
2,period,3950592,36517,multitask,space_invaders,6,47.0,4785
2,period,3950592,36517,multitask,space_invaders,7,80.0,4785
2,period,3950592,36517,multitask,space_invaders,8,54.0,4785
2,period,3950592,36517,multitask,space_invaders,9,23.0,4785
2,period,3950592,36517,multitask,space_invaders,10,47.0,4785
2,period,3950592,36517,multitask,freeway,1,25.0,25000
2,period,3950592,36517,multitask,freeway,2,26.0,25000
2,period,3950592,36517,multitask,freeway,3,30.0,25000
2,period,3950592,36517,multitask,freeway,4,25.0,25000
2,period,3950592,36517,multitask,freeway,5,32.0,25000
2,period,3950592,36517,multitask,freeway,6,21.0,25000
2,period,3950592,36517,multitask,freeway,7,27.0,25000
2,period,3950592,36517,multitask,freeway,8,24.0,25000
2,period,3950592,36517,multitask,freeway,9,28.0,25000
2,period,3950592,36517,multitask,freeway,10,24.0,25000
2,period,3975168,36683,multitask,breakout,1,5.0,622
2,period,3975168,36683,multitask,breakout,2,5.0,622
2,period,3975168,36683,multitask,breakout,3,6.0,622
2,period,3975168,36683,multitask,breakout,4,6.0,622
2,period,3975168,36683,multitask,breakout,5,5.0,622
2,period,3975168,36683,multitask,breakout,6,5.0,622
2,period,3975168,36683,multitask,breakout,7,3.0,622
2,period,3975168,36683,multitask,breakout,8,6.0,622
2,period,3975168,36683,multitask,breakout,9,5.0,622
2,period,3975168,36683,multitask,breakout,10,6.0,622
2,period,3975168,36683,multitask,space_invaders,1,50.0,5592
2,period,3975168,36683,multitask,space_invaders,2,135.0,5592
2,period,3975168,36683,multitask,space_invaders,3,20.0,5592
2,period,3975168,36683,multitask,space_invaders,4,97.0,5592
2,period,3975168,36683,multitask,space_invaders,5,18.0,5592
2,period,3975168,36683,multitask,space_invaders,6,82.0,5592
2,period,3975168,36683,multitask,space_invaders,7,23.0,5592
2,period,3975168,36683,multitask,space_invaders,8,113.0,5592
2,period,3975168,36683,multitask,space_invaders,9,72.0,5592
2,period,3975168,36683,multitask,space_invaders,10,157.0,5592
2,period,3975168,36683,multitask,freeway,1,24.0,25000
2,period,3975168,36683,multitask,freeway,2,31.0,25000
2,period,3975168,36683,multitask,freeway,3,26.0,25000
2,period,3975168,36683,multitask,freeway,4,32.0,25000
2,period,3975168,36683,multitask,freeway,5,35.0,25000
2,period,3975168,36683,multitask,freeway,6,26.0,25000
2,period,3975168,36683,multitask,freeway,7,23.0,25000
2,period,3975168,36683,multitask,freeway,8,24.0,25000
2,period,3975168,36683,multitask,freeway,9,33.0,25000
2,period,3975168,36683,multitask,freeway,10,21.0,25000
2,period,4000512,36832,multitask,breakout,1,6.0,642
2,period,4000512,36832,multitask,breakout,2,5.0,642
2,period,4000512,36832,multitask,breakout,3,3.0,642
2,period,4000512,36832,multitask,breakout,4,6.0,642
2,period,4000512,36832,multitask,breakout,5,6.0,642
2,period,4000512,36832,multitask,breakout,6,6.0,642
2,period,4000512,36832,multitask,breakout,7,5.0,642
2,period,4000512,36832,multitask,breakout,8,6.0,642
2,period,4000512,36832,multitask,breakout,9,5.0,642
2,period,4000512,36832,multitask,breakout,10,6.0,642
2,period,4000512,36832,multitask,space_invaders,1,136.0,4158
2,period,4000512,36832,multitask,space_invaders,2,34.0,4158
2,period,4000512,36832,multitask,space_invaders,3,22.0,4158
2,period,4000512,36832,multitask,space_invaders,4,3.0,4158
2,period,4000512,36832,multitask,space_invaders,5,155.0,4158
2,period,4000512,36832,multitask,space_invaders,6,3.0,4158
2,period,4000512,36832,multitask,space_invaders,7,26.0,4158
2,period,4000512,36832,multitask,space_invaders,8,47.0,4158
2,period,4000512,36832,multitask,space_invaders,9,70.0,4158
2,period,4000512,36832,multitask,space_invaders,10,47.0,4158
2,period,4000512,36832,multitask,freeway,1,27.0,25000
2,period,4000512,36832,multitask,freeway,2,23.0,25000
2,period,4000512,36832,multitask,freeway,3,31.0,25000
2,period,4000512,36832,multitask,freeway,4,23.0,25000
2,period,4000512,36832,multitask,freeway,5,26.0,25000
2,period,4000512,36832,multitask,freeway,6,28.0,25000
2,period,4000512,36832,multitask,freeway,7,29.0,25000
2,period,4000512,36832,multitask,freeway,8,26.0,25000
2,period,4000512,36832,multitask,freeway,9,26.0,25000
2,period,4000512,36832,multitask,freeway,10,31.0,25000
2,period,4025088,36988,multitask,breakout,1,7.0,608
2,period,4025088,36988,multitask,breakout,2,3.0,608
2,period,4025088,36988,multitask,breakout,3,6.0,608
2,period,4025088,36988,multitask,breakout,4,6.0,608
2,period,4025088,36988,multitask,breakout,5,5.0,608
2,period,4025088,36988,multitask,breakout,6,5.0,608
2,period,4025088,36988,multitask,breakout,7,3.0,608
2,period,4025088,36988,multitask,breakout,8,5.0,608
2,period,4025088,36988,multitask,breakout,9,6.0,608
2,period,4025088,36988,multitask,breakout,10,5.0,608
2,period,4025088,36988,multitask,space_invaders,1,186.0,5009
2,period,4025088,36988,multitask,space_invaders,2,71.0,5009
2,period,4025088,36988,multitask,space_invaders,3,96.0,5009
2,period,4025088,36988,multitask,space_invaders,4,118.0,5009
2,period,4025088,36988,multitask,space_invaders,5,47.0,5009
2,period,4025088,36988,multitask,space_invaders,6,22.0,5009
2,period,4025088,36988,multitask,space_invaders,7,25.0,5009
2,period,4025088,36988,multitask,space_invaders,8,26.0,5009
2,period,4025088,36988,multitask,space_invaders,9,23.0,5009
2,period,4025088,36988,multitask,space_invaders,10,70.0,5009
2,period,4025088,36988,multitask,freeway,1,31.0,25000
2,period,4025088,36988,multitask,freeway,2,34.0,25000
2,period,4025088,36988,multitask,freeway,3,34.0,25000
2,period,4025088,36988,multitask,freeway,4,22.0,25000
2,period,4025088,36988,multitask,freeway,5,20.0,25000
2,period,4025088,36988,multitask,freeway,6,17.0,25000
2,period,4025088,36988,multitask,freeway,7,30.0,25000
2,period,4025088,36988,multitask,freeway,8,28.0,25000
2,period,4025088,36988,multitask,freeway,9,33.0,25000
2,period,4025088,36988,multitask,freeway,10,34.0,25000
2,period,4050432,37138,multitask,breakout,1,6.0,640
2,period,4050432,37138,multitask,breakout,2,6.0,640
2,period,4050432,37138,multitask,breakout,3,5.0,640
2,period,4050432,37138,multitask,breakout,4,2.0,640
2,period,4050432,37138,multitask,breakout,5,6.0,640
2,period,4050432,37138,multitask,breakout,6,6.0,640
2,period,4050432,37138,multitask,breakout,7,6.0,640
2,period,4050432,37138,multitask,breakout,8,6.0,640
2,period,4050432,37138,multitask,breakout,9,6.0,640
2,period,4050432,37138,multitask,breakout,10,5.0,640
2,period,4050432,37138,multitask,space_invaders,1,21.0,2812
2,period,4050432,37138,multitask,space_invaders,2,21.0,2812
2,period,4050432,37138,multitask,space_invaders,3,3.0,2812
2,period,4050432,37138,multitask,space_invaders,4,143.0,2812
2,period,4050432,37138,multitask,space_invaders,5,22.0,2812
2,period,4050432,37138,multitask,space_invaders,6,3.0,2812
2,period,4050432,37138,multitask,space_invaders,7,47.0,2812
2,period,4050432,37138,multitask,space_invaders,8,22.0,2812
2,period,4050432,37138,multitask,space_invaders,9,73.0,2812
2,period,4050432,37138,multitask,space_invaders,10,32.0,2812
2,period,4050432,37138,multitask,freeway,1,30.0,25000
2,period,4050432,37138,multitask,freeway,2,23.0,25000
2,period,4050432,37138,multitask,freeway,3,29.0,25000
2,period,4050432,37138,multitask,freeway,4,30.0,25000
2,period,4050432,37138,multitask,freeway,5,20.0,25000
2,period,4050432,37138,multitask,freeway,6,30.0,25000
2,period,4050432,37138,multitask,freeway,7,21.0,25000
2,period,4050432,37138,multitask,freeway,8,31.0,25000
2,period,4050432,37138,multitask,freeway,9,25.0,25000
2,period,4050432,37138,multitask,freeway,10,21.0,25000
2,period,4075008,37295,multitask,breakout,1,3.0,568
2,period,4075008,37295,multitask,breakout,2,5.0,568
2,period,4075008,37295,multitask,breakout,3,5.0,568
2,period,4075008,37295,multitask,breakout,4,6.0,568
2,period,4075008,37295,multitask,breakout,5,5.0,568
2,period,4075008,37295,multitask,breakout,6,5.0,568
2,period,4075008,37295,multitask,breakout,7,5.0,568
2,period,4075008,37295,multitask,breakout,8,5.0,568
2,period,4075008,37295,multitask,breakout,9,3.0,568
2,period,4075008,37295,multitask,breakout,10,5.0,568
2,period,4075008,37295,multitask,space_invaders,1,47.0,5056
2,period,4075008,37295,multitask,space_invaders,2,95.0,5056
2,period,4075008,37295,multitask,space_invaders,3,89.0,5056
2,period,4075008,37295,multitask,space_invaders,4,46.0,5056
2,period,4075008,37295,multitask,space_invaders,5,79.0,5056
2,period,4075008,37295,multitask,space_invaders,6,46.0,5056
2,period,4075008,37295,multitask,space_invaders,7,48.0,5056
2,period,4075008,37295,multitask,space_invaders,8,113.0,5056
2,period,4075008,37295,multitask,space_invaders,9,46.0,5056
2,period,4075008,37295,multitask,space_invaders,10,44.0,5056
2,period,4075008,37295,multitask,freeway,1,31.0,25000
2,period,4075008,37295,multitask,freeway,2,29.0,25000
2,period,4075008,37295,multitask,freeway,3,27.0,25000
2,period,4075008,37295,multitask,freeway,4,29.0,25000
2,period,4075008,37295,multitask,freeway,5,24.0,25000
2,period,4075008,37295,multitask,freeway,6,24.0,25000
2,period,4075008,37295,multitask,freeway,7,29.0,25000
2,period,4075008,37295,multitask,freeway,8,24.0,25000
2,period,4075008,37295,multitask,freeway,9,29.0,25000
2,period,4075008,37295,multitask,freeway,10,31.0,25000
2,period,4100352,37457,multitask,breakout,1,5.0,574
2,period,4100352,37457,multitask,breakout,2,6.0,574
2,period,4100352,37457,multitask,breakout,3,5.0,574
2,period,4100352,37457,multitask,breakout,4,5.0,574
2,period,4100352,37457,multitask,breakout,5,6.0,574
2,period,4100352,37457,multitask,breakout,6,5.0,574
2,period,4100352,37457,multitask,breakout,7,6.0,574
2,period,4100352,37457,multitask,breakout,8,5.0,574
2,period,4100352,37457,multitask,breakout,9,3.0,574
2,period,4100352,37457,multitask,breakout,10,2.0,574
2,period,4100352,37457,multitask,space_invaders,1,3.0,1513
2,period,4100352,37457,multitask,space_invaders,2,3.0,1513
2,period,4100352,37457,multitask,space_invaders,3,3.0,1513
2,period,4100352,37457,multitask,space_invaders,4,3.0,1513
2,period,4100352,37457,multitask,space_invaders,5,3.0,1513
2,period,4100352,37457,multitask,space_invaders,6,22.0,1513
2,period,4100352,37457,multitask,space_invaders,7,50.0,1513
2,period,4100352,37457,multitask,space_invaders,8,42.0,1513
2,period,4100352,37457,multitask,space_invaders,9,44.0,1513
2,period,4100352,37457,multitask,space_invaders,10,25.0,1513
2,period,4100352,37457,multitask,freeway,1,30.0,25000
2,period,4100352,37457,multitask,freeway,2,24.0,25000
2,period,4100352,37457,multitask,freeway,3,20.0,25000
2,period,4100352,37457,multitask,freeway,4,33.0,25000
2,period,4100352,37457,multitask,freeway,5,27.0,25000
2,period,4100352,37457,multitask,freeway,6,23.0,25000
2,period,4100352,37457,multitask,freeway,7,30.0,25000
2,period,4100352,37457,multitask,freeway,8,24.0,25000
2,period,4100352,37457,multitask,freeway,9,26.0,25000
2,period,4100352,37457,multitask,freeway,10,21.0,25000
2,period,4125696,37612,multitask,breakout,1,2.0,584
2,period,4125696,37612,multitask,breakout,2,6.0,584
2,period,4125696,37612,multitask,breakout,3,5.0,584
2,period,4125696,37612,multitask,breakout,4,6.0,584
2,period,4125696,37612,multitask,breakout,5,5.0,584
2,period,4125696,37612,multitask,breakout,6,5.0,584
2,period,4125696,37612,multitask,breakout,7,3.0,584
2,period,4125696,37612,multitask,breakout,8,6.0,584
2,period,4125696,37612,multitask,breakout,9,5.0,584
2,period,4125696,37612,multitask,breakout,10,6.0,584
2,period,4125696,37612,multitask,space_invaders,1,71.0,5910
2,period,4125696,37612,multitask,space_invaders,2,23.0,5910
2,period,4125696,37612,multitask,space_invaders,3,26.0,5910
2,period,4125696,37612,multitask,space_invaders,4,160.0,5910
2,period,4125696,37612,multitask,space_invaders,5,116.0,5910
2,period,4125696,37612,multitask,space_invaders,6,21.0,5910
2,period,4125696,37612,multitask,space_invaders,7,114.0,5910
2,period,4125696,37612,multitask,space_invaders,8,70.0,5910
2,period,4125696,37612,multitask,space_invaders,9,26.0,5910
2,period,4125696,37612,multitask,space_invaders,10,141.0,5910
2,period,4125696,37612,multitask,freeway,1,24.0,25000
2,period,4125696,37612,multitask,freeway,2,31.0,25000
2,period,4125696,37612,multitask,freeway,3,36.0,25000
2,period,4125696,37612,multitask,freeway,4,24.0,25000
2,period,4125696,37612,multitask,freeway,5,26.0,25000
2,period,4125696,37612,multitask,freeway,6,33.0,25000
2,period,4125696,37612,multitask,freeway,7,30.0,25000
2,period,4125696,37612,multitask,freeway,8,31.0,25000
2,period,4125696,37612,multitask,freeway,9,26.0,25000
2,period,4125696,37612,multitask,freeway,10,25.0,25000
2,period,4150272,37765,multitask,breakout,1,5.0,576
2,period,4150272,37765,multitask,breakout,2,3.0,576
2,period,4150272,37765,multitask,breakout,3,6.0,576
2,period,4150272,37765,multitask,breakout,4,6.0,576
2,period,4150272,37765,multitask,breakout,5,3.0,576
2,period,4150272,37765,multitask,breakout,6,5.0,576
2,period,4150272,37765,multitask,breakout,7,5.0,576
2,period,4150272,37765,multitask,breakout,8,5.0,576
2,period,4150272,37765,multitask,breakout,9,5.0,576
2,period,4150272,37765,multitask,breakout,10,5.0,576
2,period,4150272,37765,multitask,space_invaders,1,89.0,6211
2,period,4150272,37765,multitask,space_invaders,2,113.0,6211
2,period,4150272,37765,multitask,space_invaders,3,70.0,6211
2,period,4150272,37765,multitask,space_invaders,4,135.0,6211
2,period,4150272,37765,multitask,space_invaders,5,118.0,6211
2,period,4150272,37765,multitask,space_invaders,6,22.0,6211
2,period,4150272,37765,multitask,space_invaders,7,26.0,6211
2,period,4150272,37765,multitask,space_invaders,8,22.0,6211
2,period,4150272,37765,multitask,space_invaders,9,50.0,6211
2,period,4150272,37765,multitask,space_invaders,10,167.0,6211
2,period,4150272,37765,multitask,freeway,1,32.0,25000
2,period,4150272,37765,multitask,freeway,2,22.0,25000
2,period,4150272,37765,multitask,freeway,3,26.0,25000
2,period,4150272,37765,multitask,freeway,4,28.0,25000
2,period,4150272,37765,multitask,freeway,5,14.0,25000
2,period,4150272,37765,multitask,freeway,6,30.0,25000
2,period,4150272,37765,multitask,freeway,7,21.0,25000
2,period,4150272,37765,multitask,freeway,8,15.0,25000
2,period,4150272,37765,multitask,freeway,9,22.0,25000
2,period,4150272,37765,multitask,freeway,10,27.0,25000
2,period,4175616,37919,multitask,breakout,1,5.0,630
2,period,4175616,37919,multitask,breakout,2,7.0,630
2,period,4175616,37919,multitask,breakout,3,5.0,630
2,period,4175616,37919,multitask,breakout,4,3.0,630
2,period,4175616,37919,multitask,breakout,5,6.0,630
2,period,4175616,37919,multitask,breakout,6,5.0,630
2,period,4175616,37919,multitask,breakout,7,5.0,630
2,period,4175616,37919,multitask,breakout,8,6.0,630
2,period,4175616,37919,multitask,breakout,9,6.0,630
2,period,4175616,37919,multitask,breakout,10,5.0,630
2,period,4175616,37919,multitask,space_invaders,1,46.0,5727
2,period,4175616,37919,multitask,space_invaders,2,26.0,5727
2,period,4175616,37919,multitask,space_invaders,3,97.0,5727
2,period,4175616,37919,multitask,space_invaders,4,48.0,5727
2,period,4175616,37919,multitask,space_invaders,5,135.0,5727
2,period,4175616,37919,multitask,space_invaders,6,90.0,5727
2,period,4175616,37919,multitask,space_invaders,7,112.0,5727
2,period,4175616,37919,multitask,space_invaders,8,71.0,5727
2,period,4175616,37919,multitask,space_invaders,9,40.0,5727
2,period,4175616,37919,multitask,space_invaders,10,121.0,5727
2,period,4175616,37919,multitask,freeway,1,23.0,25000
2,period,4175616,37919,multitask,freeway,2,34.0,25000
2,period,4175616,37919,multitask,freeway,3,43.0,25000
2,period,4175616,37919,multitask,freeway,4,33.0,25000
2,period,4175616,37919,multitask,freeway,5,28.0,25000
2,period,4175616,37919,multitask,freeway,6,28.0,25000
2,period,4175616,37919,multitask,freeway,7,20.0,25000
2,period,4175616,37919,multitask,freeway,8,27.0,25000
2,period,4175616,37919,multitask,freeway,9,30.0,25000
2,period,4175616,37919,multitask,freeway,10,36.0,25000
2,period,4200192,38083,multitask,breakout,1,5.0,620
2,period,4200192,38083,multitask,breakout,2,6.0,620
2,period,4200192,38083,multitask,breakout,3,5.0,620
2,period,4200192,38083,multitask,breakout,4,5.0,620
2,period,4200192,38083,multitask,breakout,5,6.0,620
2,period,4200192,38083,multitask,breakout,6,5.0,620
2,period,4200192,38083,multitask,breakout,7,5.0,620
2,period,4200192,38083,multitask,breakout,8,2.0,620
2,period,4200192,38083,multitask,breakout,9,7.0,620
2,period,4200192,38083,multitask,breakout,10,6.0,620
2,period,4200192,38083,multitask,space_invaders,1,11.0,4204
2,period,4200192,38083,multitask,space_invaders,2,46.0,4204
2,period,4200192,38083,multitask,space_invaders,3,50.0,4204
2,period,4200192,38083,multitask,space_invaders,4,47.0,4204
2,period,4200192,38083,multitask,space_invaders,5,21.0,4204
2,period,4200192,38083,multitask,space_invaders,6,135.0,4204
2,period,4200192,38083,multitask,space_invaders,7,49.0,4204
2,period,4200192,38083,multitask,space_invaders,8,49.0,4204
2,period,4200192,38083,multitask,space_invaders,9,19.0,4204
2,period,4200192,38083,multitask,space_invaders,10,113.0,4204
2,period,4200192,38083,multitask,freeway,1,26.0,25000
2,period,4200192,38083,multitask,freeway,2,29.0,25000
2,period,4200192,38083,multitask,freeway,3,32.0,25000
2,period,4200192,38083,multitask,freeway,4,25.0,25000
2,period,4200192,38083,multitask,freeway,5,32.0,25000
2,period,4200192,38083,multitask,freeway,6,33.0,25000
2,period,4200192,38083,multitask,freeway,7,35.0,25000
2,period,4200192,38083,multitask,freeway,8,30.0,25000
2,period,4200192,38083,multitask,freeway,9,28.0,25000
2,period,4200192,38083,multitask,freeway,10,27.0,25000
2,period,4225536,38235,multitask,breakout,1,3.0,524
2,period,4225536,38235,multitask,breakout,2,5.0,524
2,period,4225536,38235,multitask,breakout,3,5.0,524
2,period,4225536,38235,multitask,breakout,4,6.0,524
2,period,4225536,38235,multitask,breakout,5,3.0,524
2,period,4225536,38235,multitask,breakout,6,5.0,524
2,period,4225536,38235,multitask,breakout,7,5.0,524
2,period,4225536,38235,multitask,breakout,8,5.0,524
2,period,4225536,38235,multitask,breakout,9,6.0,524
2,period,4225536,38235,multitask,breakout,10,0.0,524
2,period,4225536,38235,multitask,space_invaders,1,46.0,3775
2,period,4225536,38235,multitask,space_invaders,2,22.0,3775
2,period,4225536,38235,multitask,space_invaders,3,26.0,3775
2,period,4225536,38235,multitask,space_invaders,4,72.0,3775
2,period,4225536,38235,multitask,space_invaders,5,71.0,3775
2,period,4225536,38235,multitask,space_invaders,6,47.0,3775
2,period,4225536,38235,multitask,space_invaders,7,93.0,3775
2,period,4225536,38235,multitask,space_invaders,8,47.0,3775
2,period,4225536,38235,multitask,space_invaders,9,23.0,3775
2,period,4225536,38235,multitask,space_invaders,10,23.0,3775
2,period,4225536,38235,multitask,freeway,1,32.0,25000
2,period,4225536,38235,multitask,freeway,2,35.0,25000
2,period,4225536,38235,multitask,freeway,3,40.0,25000
2,period,4225536,38235,multitask,freeway,4,37.0,25000
2,period,4225536,38235,multitask,freeway,5,38.0,25000
2,period,4225536,38235,multitask,freeway,6,27.0,25000
2,period,4225536,38235,multitask,freeway,7,30.0,25000
2,period,4225536,38235,multitask,freeway,8,38.0,25000
2,period,4225536,38235,multitask,freeway,9,41.0,25000
2,period,4225536,38235,multitask,freeway,10,33.0,25000
2,period,4250112,38387,multitask,breakout,1,5.0,590
2,period,4250112,38387,multitask,breakout,2,6.0,590
2,period,4250112,38387,multitask,breakout,3,5.0,590
2,period,4250112,38387,multitask,breakout,4,6.0,590
2,period,4250112,38387,multitask,breakout,5,6.0,590
2,period,4250112,38387,multitask,breakout,6,1.0,590
2,period,4250112,38387,multitask,breakout,7,6.0,590
2,period,4250112,38387,multitask,breakout,8,5.0,590
2,period,4250112,38387,multitask,breakout,9,3.0,590
2,period,4250112,38387,multitask,breakout,10,6.0,590
2,period,4250112,38387,multitask,space_invaders,1,89.0,6711
2,period,4250112,38387,multitask,space_invaders,2,66.0,6711
2,period,4250112,38387,multitask,space_invaders,3,108.0,6711
2,period,4250112,38387,multitask,space_invaders,4,72.0,6711
2,period,4250112,38387,multitask,space_invaders,5,182.0,6711
2,period,4250112,38387,multitask,space_invaders,6,142.0,6711
2,period,4250112,38387,multitask,space_invaders,7,18.0,6711
2,period,4250112,38387,multitask,space_invaders,8,65.0,6711
2,period,4250112,38387,multitask,space_invaders,9,25.0,6711
2,period,4250112,38387,multitask,space_invaders,10,95.0,6711
2,period,4250112,38387,multitask,freeway,1,39.0,25000
2,period,4250112,38387,multitask,freeway,2,40.0,25000
2,period,4250112,38387,multitask,freeway,3,35.0,25000
2,period,4250112,38387,multitask,freeway,4,24.0,25000
2,period,4250112,38387,multitask,freeway,5,21.0,25000
2,period,4250112,38387,multitask,freeway,6,30.0,25000
2,period,4250112,38387,multitask,freeway,7,25.0,25000
2,period,4250112,38387,multitask,freeway,8,33.0,25000
2,period,4250112,38387,multitask,freeway,9,28.0,25000
2,period,4250112,38387,multitask,freeway,10,28.0,25000
2,period,4275456,38549,multitask,breakout,1,5.0,610
2,period,4275456,38549,multitask,breakout,2,6.0,610
2,period,4275456,38549,multitask,breakout,3,5.0,610
2,period,4275456,38549,multitask,breakout,4,3.0,610
2,period,4275456,38549,multitask,breakout,5,6.0,610
2,period,4275456,38549,multitask,breakout,6,6.0,610
2,period,4275456,38549,multitask,breakout,7,5.0,610
2,period,4275456,38549,multitask,breakout,8,5.0,610
2,period,4275456,38549,multitask,breakout,9,5.0,610
2,period,4275456,38549,multitask,breakout,10,5.0,610
2,period,4275456,38549,multitask,space_invaders,1,41.0,4875
2,period,4275456,38549,multitask,space_invaders,2,71.0,4875
2,period,4275456,38549,multitask,space_invaders,3,92.0,4875
2,period,4275456,38549,multitask,space_invaders,4,40.0,4875
2,period,4275456,38549,multitask,space_invaders,5,50.0,4875
2,period,4275456,38549,multitask,space_invaders,6,111.0,4875
2,period,4275456,38549,multitask,space_invaders,7,70.0,4875
2,period,4275456,38549,multitask,space_invaders,8,26.0,4875
2,period,4275456,38549,multitask,space_invaders,9,71.0,4875
2,period,4275456,38549,multitask,space_invaders,10,16.0,4875
2,period,4275456,38549,multitask,freeway,1,37.0,25000
2,period,4275456,38549,multitask,freeway,2,26.0,25000
2,period,4275456,38549,multitask,freeway,3,22.0,25000
2,period,4275456,38549,multitask,freeway,4,26.0,25000
2,period,4275456,38549,multitask,freeway,5,25.0,25000
2,period,4275456,38549,multitask,freeway,6,32.0,25000
2,period,4275456,38549,multitask,freeway,7,26.0,25000
2,period,4275456,38549,multitask,freeway,8,25.0,25000
2,period,4275456,38549,multitask,freeway,9,28.0,25000
2,period,4275456,38549,multitask,freeway,10,31.0,25000
2,period,4300032,38696,multitask,breakout,1,6.0,596
2,period,4300032,38696,multitask,breakout,2,6.0,596
2,period,4300032,38696,multitask,breakout,3,6.0,596
2,period,4300032,38696,multitask,breakout,4,6.0,596
2,period,4300032,38696,multitask,breakout,5,6.0,596
2,period,4300032,38696,multitask,breakout,6,5.0,596
2,period,4300032,38696,multitask,breakout,7,5.0,596
2,period,4300032,38696,multitask,breakout,8,2.0,596
2,period,4300032,38696,multitask,breakout,9,3.0,596
2,period,4300032,38696,multitask,breakout,10,5.0,596
2,period,4300032,38696,multitask,space_invaders,1,48.0,4997
2,period,4300032,38696,multitask,space_invaders,2,98.0,4997
2,period,4300032,38696,multitask,space_invaders,3,137.0,4997
2,period,4300032,38696,multitask,space_invaders,4,47.0,4997
2,period,4300032,38696,multitask,space_invaders,5,26.0,4997
2,period,4300032,38696,multitask,space_invaders,6,22.0,4997
2,period,4300032,38696,multitask,space_invaders,7,70.0,4997
2,period,4300032,38696,multitask,space_invaders,8,47.0,4997
2,period,4300032,38696,multitask,space_invaders,9,30.0,4997
2,period,4300032,38696,multitask,space_invaders,10,136.0,4997
2,period,4300032,38696,multitask,freeway,1,20.0,25000
2,period,4300032,38696,multitask,freeway,2,26.0,25000
2,period,4300032,38696,multitask,freeway,3,28.0,25000
2,period,4300032,38696,multitask,freeway,4,27.0,25000
2,period,4300032,38696,multitask,freeway,5,29.0,25000
2,period,4300032,38696,multitask,freeway,6,27.0,25000
2,period,4300032,38696,multitask,freeway,7,29.0,25000
2,period,4300032,38696,multitask,freeway,8,31.0,25000
2,period,4300032,38696,multitask,freeway,9,30.0,25000
2,period,4300032,38696,multitask,freeway,10,22.0,25000
2,period,4325376,38873,multitask,breakout,1,3.0,562
2,period,4325376,38873,multitask,breakout,2,6.0,562
2,period,4325376,38873,multitask,breakout,3,3.0,562
2,period,4325376,38873,multitask,breakout,4,5.0,562
2,period,4325376,38873,multitask,breakout,5,3.0,562
2,period,4325376,38873,multitask,breakout,6,3.0,562
2,period,4325376,38873,multitask,breakout,7,6.0,562
2,period,4325376,38873,multitask,breakout,8,6.0,562
2,period,4325376,38873,multitask,breakout,9,6.0,562
2,period,4325376,38873,multitask,breakout,10,6.0,562
2,period,4325376,38873,multitask,space_invaders,1,48.0,5784
2,period,4325376,38873,multitask,space_invaders,2,49.0,5784
2,period,4325376,38873,multitask,space_invaders,3,23.0,5784
2,period,4325376,38873,multitask,space_invaders,4,22.0,5784
2,period,4325376,38873,multitask,space_invaders,5,49.0,5784
2,period,4325376,38873,multitask,space_invaders,6,95.0,5784
2,period,4325376,38873,multitask,space_invaders,7,157.0,5784
2,period,4325376,38873,multitask,space_invaders,8,70.0,5784
2,period,4325376,38873,multitask,space_invaders,9,119.0,5784
2,period,4325376,38873,multitask,space_invaders,10,97.0,5784
2,period,4325376,38873,multitask,freeway,1,34.0,25000
2,period,4325376,38873,multitask,freeway,2,31.0,25000
2,period,4325376,38873,multitask,freeway,3,25.0,25000
2,period,4325376,38873,multitask,freeway,4,32.0,25000
2,period,4325376,38873,multitask,freeway,5,41.0,25000
2,period,4325376,38873,multitask,freeway,6,7.0,25000
2,period,4325376,38873,multitask,freeway,7,25.0,25000
2,period,4325376,38873,multitask,freeway,8,15.0,25000
2,period,4325376,38873,multitask,freeway,9,12.0,25000
2,period,4325376,38873,multitask,freeway,10,25.0,25000
2,period,4350720,39023,multitask,breakout,1,5.0,610
2,period,4350720,39023,multitask,breakout,2,5.0,610
2,period,4350720,39023,multitask,breakout,3,5.0,610
2,period,4350720,39023,multitask,breakout,4,5.0,610
2,period,4350720,39023,multitask,breakout,5,5.0,610
2,period,4350720,39023,multitask,breakout,6,7.0,610
2,period,4350720,39023,multitask,breakout,7,3.0,610
2,period,4350720,39023,multitask,breakout,8,6.0,610
2,period,4350720,39023,multitask,breakout,9,5.0,610
2,period,4350720,39023,multitask,breakout,10,5.0,610
2,period,4350720,39023,multitask,space_invaders,1,14.0,4324
2,period,4350720,39023,multitask,space_invaders,2,47.0,4324
2,period,4350720,39023,multitask,space_invaders,3,24.0,4324
2,period,4350720,39023,multitask,space_invaders,4,74.0,4324
2,period,4350720,39023,multitask,space_invaders,5,97.0,4324
2,period,4350720,39023,multitask,space_invaders,6,24.0,4324
2,period,4350720,39023,multitask,space_invaders,7,52.0,4324
2,period,4350720,39023,multitask,space_invaders,8,44.0,4324
2,period,4350720,39023,multitask,space_invaders,9,90.0,4324
2,period,4350720,39023,multitask,space_invaders,10,51.0,4324
2,period,4350720,39023,multitask,freeway,1,23.0,25000
2,period,4350720,39023,multitask,freeway,2,30.0,25000
2,period,4350720,39023,multitask,freeway,3,32.0,25000
2,period,4350720,39023,multitask,freeway,4,28.0,25000
2,period,4350720,39023,multitask,freeway,5,27.0,25000
2,period,4350720,39023,multitask,freeway,6,30.0,25000
2,period,4350720,39023,multitask,freeway,7,26.0,25000
2,period,4350720,39023,multitask,freeway,8,23.0,25000
2,period,4350720,39023,multitask,freeway,9,31.0,25000
2,period,4350720,39023,multitask,freeway,10,18.0,25000
2,period,4375296,39182,multitask,breakout,1,5.0,658
2,period,4375296,39182,multitask,breakout,2,6.0,658
2,period,4375296,39182,multitask,breakout,3,5.0,658
2,period,4375296,39182,multitask,breakout,4,7.0,658
2,period,4375296,39182,multitask,breakout,5,5.0,658
2,period,4375296,39182,multitask,breakout,6,6.0,658
2,period,4375296,39182,multitask,breakout,7,6.0,658
2,period,4375296,39182,multitask,breakout,8,5.0,658
2,period,4375296,39182,multitask,breakout,9,5.0,658
2,period,4375296,39182,multitask,breakout,10,5.0,658
2,period,4375296,39182,multitask,space_invaders,1,132.0,5059
2,period,4375296,39182,multitask,space_invaders,2,23.0,5059
2,period,4375296,39182,multitask,space_invaders,3,26.0,5059
2,period,4375296,39182,multitask,space_invaders,4,157.0,5059
2,period,4375296,39182,multitask,space_invaders,5,131.0,5059
2,period,4375296,39182,multitask,space_invaders,6,17.0,5059
2,period,4375296,39182,multitask,space_invaders,7,70.0,5059
2,period,4375296,39182,multitask,space_invaders,8,22.0,5059
2,period,4375296,39182,multitask,space_invaders,9,45.0,5059
2,period,4375296,39182,multitask,space_invaders,10,37.0,5059
2,period,4375296,39182,multitask,freeway,1,24.0,25000
2,period,4375296,39182,multitask,freeway,2,22.0,25000
2,period,4375296,39182,multitask,freeway,3,31.0,25000
2,period,4375296,39182,multitask,freeway,4,22.0,25000
2,period,4375296,39182,multitask,freeway,5,27.0,25000
2,period,4375296,39182,multitask,freeway,6,24.0,25000
2,period,4375296,39182,multitask,freeway,7,24.0,25000
2,period,4375296,39182,multitask,freeway,8,37.0,25000
2,period,4375296,39182,multitask,freeway,9,26.0,25000
2,period,4375296,39182,multitask,freeway,10,26.0,25000
2,period,4400640,39335,multitask,breakout,1,6.0,596
2,period,4400640,39335,multitask,breakout,2,6.0,596
2,period,4400640,39335,multitask,breakout,3,6.0,596
2,period,4400640,39335,multitask,breakout,4,3.0,596
2,period,4400640,39335,multitask,breakout,5,7.0,596
2,period,4400640,39335,multitask,breakout,6,6.0,596
2,period,4400640,39335,multitask,breakout,7,5.0,596
2,period,4400640,39335,multitask,breakout,8,0.0,596
2,period,4400640,39335,multitask,breakout,9,5.0,596
2,period,4400640,39335,multitask,breakout,10,6.0,596
2,period,4400640,39335,multitask,space_invaders,1,94.0,5406
2,period,4400640,39335,multitask,space_invaders,2,26.0,5406
2,period,4400640,39335,multitask,space_invaders,3,49.0,5406
2,period,4400640,39335,multitask,space_invaders,4,119.0,5406
2,period,4400640,39335,multitask,space_invaders,5,15.0,5406
2,period,4400640,39335,multitask,space_invaders,6,119.0,5406
2,period,4400640,39335,multitask,space_invaders,7,23.0,5406
2,period,4400640,39335,multitask,space_invaders,8,70.0,5406
2,period,4400640,39335,multitask,space_invaders,9,138.0,5406
2,period,4400640,39335,multitask,space_invaders,10,23.0,5406
2,period,4400640,39335,multitask,freeway,1,25.0,25000
2,period,4400640,39335,multitask,freeway,2,25.0,25000
2,period,4400640,39335,multitask,freeway,3,16.0,25000
2,period,4400640,39335,multitask,freeway,4,32.0,25000
2,period,4400640,39335,multitask,freeway,5,23.0,25000
2,period,4400640,39335,multitask,freeway,6,29.0,25000
2,period,4400640,39335,multitask,freeway,7,25.0,25000
2,period,4400640,39335,multitask,freeway,8,19.0,25000
2,period,4400640,39335,multitask,freeway,9,23.0,25000
2,period,4400640,39335,multitask,freeway,10,29.0,25000
2,period,4425216,39485,multitask,breakout,1,5.0,588
2,period,4425216,39485,multitask,breakout,2,5.0,588
2,period,4425216,39485,multitask,breakout,3,6.0,588
2,period,4425216,39485,multitask,breakout,4,6.0,588
2,period,4425216,39485,multitask,breakout,5,6.0,588
2,period,4425216,39485,multitask,breakout,6,6.0,588
2,period,4425216,39485,multitask,breakout,7,5.0,588
2,period,4425216,39485,multitask,breakout,8,5.0,588
2,period,4425216,39485,multitask,breakout,9,2.0,588
2,period,4425216,39485,multitask,breakout,10,3.0,588
2,period,4425216,39485,multitask,space_invaders,1,49.0,7242
2,period,4425216,39485,multitask,space_invaders,2,119.0,7242
2,period,4425216,39485,multitask,space_invaders,3,23.0,7242
2,period,4425216,39485,multitask,space_invaders,4,119.0,7242
2,period,4425216,39485,multitask,space_invaders,5,71.0,7242
2,period,4425216,39485,multitask,space_invaders,6,120.0,7242
2,period,4425216,39485,multitask,space_invaders,7,167.0,7242
2,period,4425216,39485,multitask,space_invaders,8,70.0,7242
2,period,4425216,39485,multitask,space_invaders,9,163.0,7242
2,period,4425216,39485,multitask,space_invaders,10,68.0,7242
2,period,4425216,39485,multitask,freeway,1,33.0,25000
2,period,4425216,39485,multitask,freeway,2,33.0,25000
2,period,4425216,39485,multitask,freeway,3,28.0,25000
2,period,4425216,39485,multitask,freeway,4,34.0,25000
2,period,4425216,39485,multitask,freeway,5,19.0,25000
2,period,4425216,39485,multitask,freeway,6,35.0,25000
2,period,4425216,39485,multitask,freeway,7,21.0,25000
2,period,4425216,39485,multitask,freeway,8,36.0,25000
2,period,4425216,39485,multitask,freeway,9,22.0,25000
2,period,4425216,39485,multitask,freeway,10,31.0,25000
2,period,4450560,39670,multitask,breakout,1,6.0,650
2,period,4450560,39670,multitask,breakout,2,6.0,650
2,period,4450560,39670,multitask,breakout,3,6.0,650
2,period,4450560,39670,multitask,breakout,4,6.0,650
2,period,4450560,39670,multitask,breakout,5,5.0,650
2,period,4450560,39670,multitask,breakout,6,6.0,650
2,period,4450560,39670,multitask,breakout,7,6.0,650
2,period,4450560,39670,multitask,breakout,8,6.0,650
2,period,4450560,39670,multitask,breakout,9,5.0,650
2,period,4450560,39670,multitask,breakout,10,3.0,650
2,period,4450560,39670,multitask,space_invaders,1,13.0,4146
2,period,4450560,39670,multitask,space_invaders,2,23.0,4146
2,period,4450560,39670,multitask,space_invaders,3,26.0,4146
2,period,4450560,39670,multitask,space_invaders,4,134.0,4146
2,period,4450560,39670,multitask,space_invaders,5,17.0,4146
2,period,4450560,39670,multitask,space_invaders,6,23.0,4146
2,period,4450560,39670,multitask,space_invaders,7,138.0,4146
2,period,4450560,39670,multitask,space_invaders,8,143.0,4146
2,period,4450560,39670,multitask,space_invaders,9,26.0,4146
2,period,4450560,39670,multitask,space_invaders,10,23.0,4146
2,period,4450560,39670,multitask,freeway,1,23.0,25000
2,period,4450560,39670,multitask,freeway,2,32.0,25000
2,period,4450560,39670,multitask,freeway,3,26.0,25000
2,period,4450560,39670,multitask,freeway,4,20.0,25000
2,period,4450560,39670,multitask,freeway,5,28.0,25000
2,period,4450560,39670,multitask,freeway,6,30.0,25000
2,period,4450560,39670,multitask,freeway,7,22.0,25000
2,period,4450560,39670,multitask,freeway,8,29.0,25000
2,period,4450560,39670,multitask,freeway,9,37.0,25000
2,period,4450560,39670,multitask,freeway,10,12.0,25000
2,period,4475136,39817,multitask,breakout,1,5.0,664
2,period,4475136,39817,multitask,breakout,2,6.0,664
2,period,4475136,39817,multitask,breakout,3,6.0,664
2,period,4475136,39817,multitask,breakout,4,5.0,664
2,period,4475136,39817,multitask,breakout,5,6.0,664
2,period,4475136,39817,multitask,breakout,6,6.0,664
2,period,4475136,39817,multitask,breakout,7,6.0,664
2,period,4475136,39817,multitask,breakout,8,5.0,664
2,period,4475136,39817,multitask,breakout,9,5.0,664
2,period,4475136,39817,multitask,breakout,10,6.0,664
2,period,4475136,39817,multitask,space_invaders,1,46.0,7334
2,period,4475136,39817,multitask,space_invaders,2,22.0,7334
2,period,4475136,39817,multitask,space_invaders,3,143.0,7334
2,period,4475136,39817,multitask,space_invaders,4,95.0,7334
2,period,4475136,39817,multitask,space_invaders,5,143.0,7334
2,period,4475136,39817,multitask,space_invaders,6,50.0,7334
2,period,4475136,39817,multitask,space_invaders,7,117.0,7334
2,period,4475136,39817,multitask,space_invaders,8,138.0,7334
2,period,4475136,39817,multitask,space_invaders,9,73.0,7334
2,period,4475136,39817,multitask,space_invaders,10,116.0,7334
2,period,4475136,39817,multitask,freeway,1,24.0,25000
2,period,4475136,39817,multitask,freeway,2,23.0,25000
2,period,4475136,39817,multitask,freeway,3,19.0,25000
2,period,4475136,39817,multitask,freeway,4,29.0,25000
2,period,4475136,39817,multitask,freeway,5,12.0,25000
2,period,4475136,39817,multitask,freeway,6,40.0,25000
2,period,4475136,39817,multitask,freeway,7,30.0,25000
2,period,4475136,39817,multitask,freeway,8,17.0,25000
2,period,4475136,39817,multitask,freeway,9,33.0,25000
2,period,4475136,39817,multitask,freeway,10,25.0,25000
3,boundary,5999616,54327,multitask,breakout,1,5.0,654
3,boundary,5999616,54327,multitask,breakout,2,6.0,654
3,boundary,5999616,54327,multitask,breakout,3,6.0,654
3,boundary,5999616,54327,multitask,breakout,4,5.0,654
3,boundary,5999616,54327,multitask,breakout,5,6.0,654
3,boundary,5999616,54327,multitask,breakout,6,6.0,654
3,boundary,5999616,54327,multitask,breakout,7,6.0,654
3,boundary,5999616,54327,multitask,breakout,8,5.0,654
3,boundary,5999616,54327,multitask,breakout,9,5.0,654
3,boundary,5999616,54327,multitask,breakout,10,5.0,654
3,boundary,5999616,54327,multitask,space_invaders,1,3.0,180
3,boundary,5999616,54327,multitask,space_invaders,2,3.0,180
3,boundary,5999616,54327,multitask,space_invaders,3,3.0,180
3,boundary,5999616,54327,multitask,space_invaders,4,3.0,180
3,boundary,5999616,54327,multitask,space_invaders,5,3.0,180
3,boundary,5999616,54327,multitask,space_invaders,6,3.0,180
3,boundary,5999616,54327,multitask,space_invaders,7,3.0,180
3,boundary,5999616,54327,multitask,space_invaders,8,3.0,180
3,boundary,5999616,54327,multitask,space_invaders,9,3.0,180
3,boundary,5999616,54327,multitask,space_invaders,10,3.0,180
3,boundary,5999616,54327,multitask,freeway,1,29.0,25000
3,boundary,5999616,54327,multitask,freeway,2,20.0,25000
3,boundary,5999616,54327,multitask,freeway,3,20.0,25000
3,boundary,5999616,54327,multitask,freeway,4,29.0,25000
3,boundary,5999616,54327,multitask,freeway,5,15.0,25000
3,boundary,5999616,54327,multitask,freeway,6,31.0,25000
3,boundary,5999616,54327,multitask,freeway,7,20.0,25000
3,boundary,5999616,54327,multitask,freeway,8,23.0,25000
3,boundary,5999616,54327,multitask,freeway,9,30.0,25000
3,boundary,5999616,54327,multitask,freeway,10,21.0,25000
3,period,4500480,39960,multitask,breakout,1,6.0,642
3,period,4500480,39960,multitask,breakout,2,5.0,642
3,period,4500480,39960,multitask,breakout,3,5.0,642
3,period,4500480,39960,multitask,breakout,4,3.0,642
3,period,4500480,39960,multitask,breakout,5,5.0,642
3,period,4500480,39960,multitask,breakout,6,6.0,642
3,period,4500480,39960,multitask,breakout,7,6.0,642
3,period,4500480,39960,multitask,breakout,8,7.0,642
3,period,4500480,39960,multitask,breakout,9,6.0,642
3,period,4500480,39960,multitask,breakout,10,5.0,642
3,period,4500480,39960,multitask,space_invaders,1,90.0,5579
3,period,4500480,39960,multitask,space_invaders,2,75.0,5579
3,period,4500480,39960,multitask,space_invaders,3,46.0,5579
3,period,4500480,39960,multitask,space_invaders,4,143.0,5579
3,period,4500480,39960,multitask,space_invaders,5,25.0,5579
3,period,4500480,39960,multitask,space_invaders,6,26.0,5579
3,period,4500480,39960,multitask,space_invaders,7,68.0,5579
3,period,4500480,39960,multitask,space_invaders,8,144.0,5579
3,period,4500480,39960,multitask,space_invaders,9,50.0,5579
3,period,4500480,39960,multitask,space_invaders,10,50.0,5579
3,period,4500480,39960,multitask,freeway,1,33.0,25000
3,period,4500480,39960,multitask,freeway,2,26.0,25000
3,period,4500480,39960,multitask,freeway,3,36.0,25000
3,period,4500480,39960,multitask,freeway,4,25.0,25000
3,period,4500480,39960,multitask,freeway,5,23.0,25000
3,period,4500480,39960,multitask,freeway,6,14.0,25000
3,period,4500480,39960,multitask,freeway,7,27.0,25000
3,period,4500480,39960,multitask,freeway,8,22.0,25000
3,period,4500480,39960,multitask,freeway,9,23.0,25000
3,period,4500480,39960,multitask,freeway,10,28.0,25000
3,period,4525056,40105,multitask,breakout,1,6.0,664
3,period,4525056,40105,multitask,breakout,2,5.0,664
3,period,4525056,40105,multitask,breakout,3,6.0,664
3,period,4525056,40105,multitask,breakout,4,6.0,664
3,period,4525056,40105,multitask,breakout,5,5.0,664
3,period,4525056,40105,multitask,breakout,6,5.0,664
3,period,4525056,40105,multitask,breakout,7,6.0,664
3,period,4525056,40105,multitask,breakout,8,5.0,664
3,period,4525056,40105,multitask,breakout,9,6.0,664
3,period,4525056,40105,multitask,breakout,10,6.0,664
3,period,4525056,40105,multitask,space_invaders,1,157.0,5938
3,period,4525056,40105,multitask,space_invaders,2,14.0,5938
3,period,4525056,40105,multitask,space_invaders,3,96.0,5938
3,period,4525056,40105,multitask,space_invaders,4,70.0,5938
3,period,4525056,40105,multitask,space_invaders,5,160.0,5938
3,period,4525056,40105,multitask,space_invaders,6,50.0,5938
3,period,4525056,40105,multitask,space_invaders,7,50.0,5938
3,period,4525056,40105,multitask,space_invaders,8,46.0,5938
3,period,4525056,40105,multitask,space_invaders,9,49.0,5938
3,period,4525056,40105,multitask,space_invaders,10,111.0,5938
3,period,4525056,40105,multitask,freeway,1,19.0,25000
3,period,4525056,40105,multitask,freeway,2,31.0,25000
3,period,4525056,40105,multitask,freeway,3,36.0,25000
3,period,4525056,40105,multitask,freeway,4,33.0,25000
3,period,4525056,40105,multitask,freeway,5,19.0,25000
3,period,4525056,40105,multitask,freeway,6,12.0,25000
3,period,4525056,40105,multitask,freeway,7,32.0,25000
3,period,4525056,40105,multitask,freeway,8,30.0,25000
3,period,4525056,40105,multitask,freeway,9,31.0,25000
3,period,4525056,40105,multitask,freeway,10,28.0,25000
3,period,4550400,40256,multitask,breakout,1,6.0,542
3,period,4550400,40256,multitask,breakout,2,6.0,542
3,period,4550400,40256,multitask,breakout,3,5.0,542
3,period,4550400,40256,multitask,breakout,4,5.0,542
3,period,4550400,40256,multitask,breakout,5,3.0,542
3,period,4550400,40256,multitask,breakout,6,5.0,542
3,period,4550400,40256,multitask,breakout,7,3.0,542
3,period,4550400,40256,multitask,breakout,8,3.0,542
3,period,4550400,40256,multitask,breakout,9,6.0,542
3,period,4550400,40256,multitask,breakout,10,3.0,542
3,period,4550400,40256,multitask,space_invaders,1,83.0,6664
3,period,4550400,40256,multitask,space_invaders,2,50.0,6664
3,period,4550400,40256,multitask,space_invaders,3,108.0,6664
3,period,4550400,40256,multitask,space_invaders,4,64.0,6664
3,period,4550400,40256,multitask,space_invaders,5,167.0,6664
3,period,4550400,40256,multitask,space_invaders,6,95.0,6664
3,period,4550400,40256,multitask,space_invaders,7,154.0,6664
3,period,4550400,40256,multitask,space_invaders,8,41.0,6664
3,period,4550400,40256,multitask,space_invaders,9,64.0,6664
3,period,4550400,40256,multitask,space_invaders,10,73.0,6664
3,period,4550400,40256,multitask,freeway,1,37.0,25000
3,period,4550400,40256,multitask,freeway,2,29.0,25000
3,period,4550400,40256,multitask,freeway,3,32.0,25000
3,period,4550400,40256,multitask,freeway,4,28.0,25000
3,period,4550400,40256,multitask,freeway,5,35.0,25000
3,period,4550400,40256,multitask,freeway,6,31.0,25000
3,period,4550400,40256,multitask,freeway,7,34.0,25000
3,period,4550400,40256,multitask,freeway,8,33.0,25000
3,period,4550400,40256,multitask,freeway,9,25.0,25000
3,period,4550400,40256,multitask,freeway,10,17.0,25000
3,period,4575744,40408,multitask,breakout,1,6.0,566
3,period,4575744,40408,multitask,breakout,2,6.0,566
3,period,4575744,40408,multitask,breakout,3,3.0,566
3,period,4575744,40408,multitask,breakout,4,5.0,566
3,period,4575744,40408,multitask,breakout,5,6.0,566
3,period,4575744,40408,multitask,breakout,6,5.0,566
3,period,4575744,40408,multitask,breakout,7,3.0,566
3,period,4575744,40408,multitask,breakout,8,5.0,566
3,period,4575744,40408,multitask,breakout,9,5.0,566
3,period,4575744,40408,multitask,breakout,10,3.0,566
3,period,4575744,40408,multitask,space_invaders,1,23.0,4427
3,period,4575744,40408,multitask,space_invaders,2,49.0,4427
3,period,4575744,40408,multitask,space_invaders,3,47.0,4427
3,period,4575744,40408,multitask,space_invaders,4,94.0,4427
3,period,4575744,40408,multitask,space_invaders,5,83.0,4427
3,period,4575744,40408,multitask,space_invaders,6,28.0,4427
3,period,4575744,40408,multitask,space_invaders,7,139.0,4427
3,period,4575744,40408,multitask,space_invaders,8,73.0,4427
3,period,4575744,40408,multitask,space_invaders,9,18.0,4427
3,period,4575744,40408,multitask,space_invaders,10,23.0,4427
3,period,4575744,40408,multitask,freeway,1,18.0,25000
3,period,4575744,40408,multitask,freeway,2,29.0,25000
3,period,4575744,40408,multitask,freeway,3,20.0,25000
3,period,4575744,40408,multitask,freeway,4,25.0,25000
3,period,4575744,40408,multitask,freeway,5,24.0,25000
3,period,4575744,40408,multitask,freeway,6,22.0,25000
3,period,4575744,40408,multitask,freeway,7,17.0,25000
3,period,4575744,40408,multitask,freeway,8,19.0,25000
3,period,4575744,40408,multitask,freeway,9,16.0,25000
3,period,4575744,40408,multitask,freeway,10,34.0,25000
3,period,4600320,40558,multitask,breakout,1,5.0,670
3,period,4600320,40558,multitask,breakout,2,6.0,670
3,period,4600320,40558,multitask,breakout,3,6.0,670
3,period,4600320,40558,multitask,breakout,4,6.0,670
3,period,4600320,40558,multitask,breakout,5,5.0,670
3,period,4600320,40558,multitask,breakout,6,6.0,670
3,period,4600320,40558,multitask,breakout,7,6.0,670
3,period,4600320,40558,multitask,breakout,8,6.0,670
3,period,4600320,40558,multitask,breakout,9,5.0,670
3,period,4600320,40558,multitask,breakout,10,6.0,670
3,period,4600320,40558,multitask,space_invaders,1,119.0,8784
3,period,4600320,40558,multitask,space_invaders,2,35.0,8784
3,period,4600320,40558,multitask,space_invaders,3,47.0,8784
3,period,4600320,40558,multitask,space_invaders,4,191.0,8784
3,period,4600320,40558,multitask,space_invaders,5,94.0,8784
3,period,4600320,40558,multitask,space_invaders,6,167.0,8784
3,period,4600320,40558,multitask,space_invaders,7,95.0,8784
3,period,4600320,40558,multitask,space_invaders,8,144.0,8784
3,period,4600320,40558,multitask,space_invaders,9,127.0,8784
3,period,4600320,40558,multitask,space_invaders,10,127.0,8784
3,period,4600320,40558,multitask,freeway,1,26.0,25000
3,period,4600320,40558,multitask,freeway,2,26.0,25000
3,period,4600320,40558,multitask,freeway,3,26.0,25000
3,period,4600320,40558,multitask,freeway,4,34.0,25000
3,period,4600320,40558,multitask,freeway,5,37.0,25000
3,period,4600320,40558,multitask,freeway,6,38.0,25000
3,period,4600320,40558,multitask,freeway,7,21.0,25000
3,period,4600320,40558,multitask,freeway,8,33.0,25000
3,period,4600320,40558,multitask,freeway,9,34.0,25000
3,period,4600320,40558,multitask,freeway,10,25.0,25000
3,period,4625664,40727,multitask,breakout,1,6.0,644
3,period,4625664,40727,multitask,breakout,2,6.0,644
3,period,4625664,40727,multitask,breakout,3,5.0,644
3,period,4625664,40727,multitask,breakout,4,6.0,644
3,period,4625664,40727,multitask,breakout,5,6.0,644
3,period,4625664,40727,multitask,breakout,6,6.0,644
3,period,4625664,40727,multitask,breakout,7,5.0,644
3,period,4625664,40727,multitask,breakout,8,5.0,644
3,period,4625664,40727,multitask,breakout,9,3.0,644
3,period,4625664,40727,multitask,breakout,10,6.0,644
3,period,4625664,40727,multitask,space_invaders,1,88.0,6173
3,period,4625664,40727,multitask,space_invaders,2,142.0,6173
3,period,4625664,40727,multitask,space_invaders,3,156.0,6173
3,period,4625664,40727,multitask,space_invaders,4,48.0,6173
3,period,4625664,40727,multitask,space_invaders,5,46.0,6173
3,period,4625664,40727,multitask,space_invaders,6,21.0,6173
3,period,4625664,40727,multitask,space_invaders,7,141.0,6173
3,period,4625664,40727,multitask,space_invaders,8,118.0,6173
3,period,4625664,40727,multitask,space_invaders,9,85.0,6173
3,period,4625664,40727,multitask,space_invaders,10,15.0,6173
3,period,4625664,40727,multitask,freeway,1,35.0,25000
3,period,4625664,40727,multitask,freeway,2,28.0,25000
3,period,4625664,40727,multitask,freeway,3,2.0,25000
3,period,4625664,40727,multitask,freeway,4,28.0,25000
3,period,4625664,40727,multitask,freeway,5,28.0,25000
3,period,4625664,40727,multitask,freeway,6,31.0,25000
3,period,4625664,40727,multitask,freeway,7,32.0,25000
3,period,4625664,40727,multitask,freeway,8,30.0,25000
3,period,4625664,40727,multitask,freeway,9,31.0,25000
3,period,4625664,40727,multitask,freeway,10,20.0,25000
3,period,4650240,40874,multitask,breakout,1,5.0,670
3,period,4650240,40874,multitask,breakout,2,6.0,670
3,period,4650240,40874,multitask,breakout,3,5.0,670
3,period,4650240,40874,multitask,breakout,4,6.0,670
3,period,4650240,40874,multitask,breakout,5,6.0,670
3,period,4650240,40874,multitask,breakout,6,6.0,670
3,period,4650240,40874,multitask,breakout,7,5.0,670
3,period,4650240,40874,multitask,breakout,8,5.0,670
3,period,4650240,40874,multitask,breakout,9,7.0,670
3,period,4650240,40874,multitask,breakout,10,6.0,670
3,period,4650240,40874,multitask,space_invaders,1,47.0,5657
3,period,4650240,40874,multitask,space_invaders,2,166.0,5657
3,period,4650240,40874,multitask,space_invaders,3,25.0,5657
3,period,4650240,40874,multitask,space_invaders,4,32.0,5657
3,period,4650240,40874,multitask,space_invaders,5,50.0,5657
3,period,4650240,40874,multitask,space_invaders,6,22.0,5657
3,period,4650240,40874,multitask,space_invaders,7,123.0,5657
3,period,4650240,40874,multitask,space_invaders,8,110.0,5657
3,period,4650240,40874,multitask,space_invaders,9,91.0,5657
3,period,4650240,40874,multitask,space_invaders,10,74.0,5657
3,period,4650240,40874,multitask,freeway,1,30.0,25000
3,period,4650240,40874,multitask,freeway,2,28.0,25000
3,period,4650240,40874,multitask,freeway,3,28.0,25000
3,period,4650240,40874,multitask,freeway,4,25.0,25000
3,period,4650240,40874,multitask,freeway,5,27.0,25000
3,period,4650240,40874,multitask,freeway,6,28.0,25000
3,period,4650240,40874,multitask,freeway,7,26.0,25000
3,period,4650240,40874,multitask,freeway,8,25.0,25000
3,period,4650240,40874,multitask,freeway,9,32.0,25000
3,period,4650240,40874,multitask,freeway,10,25.0,25000
3,period,4675584,41033,multitask,breakout,1,1.0,578
3,period,4675584,41033,multitask,breakout,2,6.0,578
3,period,4675584,41033,multitask,breakout,3,5.0,578
3,period,4675584,41033,multitask,breakout,4,5.0,578
3,period,4675584,41033,multitask,breakout,5,5.0,578
3,period,4675584,41033,multitask,breakout,6,3.0,578
3,period,4675584,41033,multitask,breakout,7,6.0,578
3,period,4675584,41033,multitask,breakout,8,6.0,578
3,period,4675584,41033,multitask,breakout,9,6.0,578
3,period,4675584,41033,multitask,breakout,10,5.0,578
3,period,4675584,41033,multitask,space_invaders,1,46.0,3452
3,period,4675584,41033,multitask,space_invaders,2,95.0,3452
3,period,4675584,41033,multitask,space_invaders,3,45.0,3452
3,period,4675584,41033,multitask,space_invaders,4,37.0,3452
3,period,4675584,41033,multitask,space_invaders,5,41.0,3452
3,period,4675584,41033,multitask,space_invaders,6,66.0,3452
3,period,4675584,41033,multitask,space_invaders,7,22.0,3452
3,period,4675584,41033,multitask,space_invaders,8,22.0,3452
3,period,4675584,41033,multitask,space_invaders,9,24.0,3452
3,period,4675584,41033,multitask,space_invaders,10,19.0,3452
3,period,4675584,41033,multitask,freeway,1,29.0,25000
3,period,4675584,41033,multitask,freeway,2,27.0,25000
3,period,4675584,41033,multitask,freeway,3,27.0,25000
3,period,4675584,41033,multitask,freeway,4,18.0,25000
3,period,4675584,41033,multitask,freeway,5,26.0,25000
3,period,4675584,41033,multitask,freeway,6,28.0,25000
3,period,4675584,41033,multitask,freeway,7,28.0,25000
3,period,4675584,41033,multitask,freeway,8,29.0,25000
3,period,4675584,41033,multitask,freeway,9,26.0,25000
3,period,4675584,41033,multitask,freeway,10,25.0,25000
3,period,4700160,41185,multitask,breakout,1,5.0,632
3,period,4700160,41185,multitask,breakout,2,5.0,632
3,period,4700160,41185,multitask,breakout,3,6.0,632
3,period,4700160,41185,multitask,breakout,4,6.0,632
3,period,4700160,41185,multitask,breakout,5,5.0,632
3,period,4700160,41185,multitask,breakout,6,6.0,632
3,period,4700160,41185,multitask,breakout,7,6.0,632
3,period,4700160,41185,multitask,breakout,8,5.0,632
3,period,4700160,41185,multitask,breakout,9,6.0,632
3,period,4700160,41185,multitask,breakout,10,3.0,632
3,period,4700160,41185,multitask,space_invaders,1,71.0,3317
3,period,4700160,41185,multitask,space_invaders,2,23.0,3317
3,period,4700160,41185,multitask,space_invaders,3,25.0,3317
3,period,4700160,41185,multitask,space_invaders,4,25.0,3317
3,period,4700160,41185,multitask,space_invaders,5,71.0,3317
3,period,4700160,41185,multitask,space_invaders,6,21.0,3317
3,period,4700160,41185,multitask,space_invaders,7,49.0,3317
3,period,4700160,41185,multitask,space_invaders,8,25.0,3317
3,period,4700160,41185,multitask,space_invaders,9,76.0,3317
3,period,4700160,41185,multitask,space_invaders,10,24.0,3317
3,period,4700160,41185,multitask,freeway,1,31.0,25000
3,period,4700160,41185,multitask,freeway,2,30.0,25000
3,period,4700160,41185,multitask,freeway,3,14.0,25000
3,period,4700160,41185,multitask,freeway,4,26.0,25000
3,period,4700160,41185,multitask,freeway,5,25.0,25000
3,period,4700160,41185,multitask,freeway,6,28.0,25000
3,period,4700160,41185,multitask,freeway,7,30.0,25000
3,period,4700160,41185,multitask,freeway,8,33.0,25000
3,period,4700160,41185,multitask,freeway,9,26.0,25000
3,period,4700160,41185,multitask,freeway,10,23.0,25000
3,period,4725504,41343,multitask,breakout,1,5.0,564
3,period,4725504,41343,multitask,breakout,2,6.0,564
3,period,4725504,41343,multitask,breakout,3,5.0,564
3,period,4725504,41343,multitask,breakout,4,6.0,564
3,period,4725504,41343,multitask,breakout,5,0.0,564
3,period,4725504,41343,multitask,breakout,6,5.0,564
3,period,4725504,41343,multitask,breakout,7,6.0,564
3,period,4725504,41343,multitask,breakout,8,3.0,564
3,period,4725504,41343,multitask,breakout,9,6.0,564
3,period,4725504,41343,multitask,breakout,10,5.0,564
3,period,4725504,41343,multitask,space_invaders,1,18.0,5880
3,period,4725504,41343,multitask,space_invaders,2,47.0,5880
3,period,4725504,41343,multitask,space_invaders,3,97.0,5880
3,period,4725504,41343,multitask,space_invaders,4,95.0,5880
3,period,4725504,41343,multitask,space_invaders,5,71.0,5880
3,period,4725504,41343,multitask,space_invaders,6,70.0,5880
3,period,4725504,41343,multitask,space_invaders,7,70.0,5880
3,period,4725504,41343,multitask,space_invaders,8,69.0,5880
3,period,4725504,41343,multitask,space_invaders,9,69.0,5880
3,period,4725504,41343,multitask,space_invaders,10,121.0,5880
3,period,4725504,41343,multitask,freeway,1,29.0,25000
3,period,4725504,41343,multitask,freeway,2,26.0,25000
3,period,4725504,41343,multitask,freeway,3,22.0,25000
3,period,4725504,41343,multitask,freeway,4,24.0,25000
3,period,4725504,41343,multitask,freeway,5,28.0,25000
3,period,4725504,41343,multitask,freeway,6,26.0,25000
3,period,4725504,41343,multitask,freeway,7,28.0,25000
3,period,4725504,41343,multitask,freeway,8,26.0,25000
3,period,4725504,41343,multitask,freeway,9,26.0,25000
3,period,4725504,41343,multitask,freeway,10,27.0,25000
3,period,4750080,41503,multitask,breakout,1,6.0,598
3,period,4750080,41503,multitask,breakout,2,7.0,598
3,period,4750080,41503,multitask,breakout,3,6.0,598
3,period,4750080,41503,multitask,breakout,4,6.0,598
3,period,4750080,41503,multitask,breakout,5,6.0,598
3,period,4750080,41503,multitask,breakout,6,3.0,598
3,period,4750080,41503,multitask,breakout,7,5.0,598
3,period,4750080,41503,multitask,breakout,8,3.0,598
3,period,4750080,41503,multitask,breakout,9,3.0,598
3,period,4750080,41503,multitask,breakout,10,5.0,598
3,period,4750080,41503,multitask,space_invaders,1,46.0,4416
3,period,4750080,41503,multitask,space_invaders,2,116.0,4416
3,period,4750080,41503,multitask,space_invaders,3,27.0,4416
3,period,4750080,41503,multitask,space_invaders,4,13.0,4416
3,period,4750080,41503,multitask,space_invaders,5,47.0,4416
3,period,4750080,41503,multitask,space_invaders,6,71.0,4416
3,period,4750080,41503,multitask,space_invaders,7,54.0,4416
3,period,4750080,41503,multitask,space_invaders,8,94.0,4416
3,period,4750080,41503,multitask,space_invaders,9,57.0,4416
3,period,4750080,41503,multitask,space_invaders,10,22.0,4416
3,period,4750080,41503,multitask,freeway,1,26.0,25000
3,period,4750080,41503,multitask,freeway,2,32.0,25000
3,period,4750080,41503,multitask,freeway,3,25.0,25000
3,period,4750080,41503,multitask,freeway,4,29.0,25000
3,period,4750080,41503,multitask,freeway,5,33.0,25000
3,period,4750080,41503,multitask,freeway,6,29.0,25000
3,period,4750080,41503,multitask,freeway,7,27.0,25000
3,period,4750080,41503,multitask,freeway,8,32.0,25000
3,period,4750080,41503,multitask,freeway,9,37.0,25000
3,period,4750080,41503,multitask,freeway,10,18.0,25000
3,period,4775424,41655,multitask,breakout,1,6.0,626
3,period,4775424,41655,multitask,breakout,2,6.0,626
3,period,4775424,41655,multitask,breakout,3,5.0,626
3,period,4775424,41655,multitask,breakout,4,5.0,626
3,period,4775424,41655,multitask,breakout,5,7.0,626
3,period,4775424,41655,multitask,breakout,6,7.0,626
3,period,4775424,41655,multitask,breakout,7,1.0,626
3,period,4775424,41655,multitask,breakout,8,6.0,626
3,period,4775424,41655,multitask,breakout,9,5.0,626
3,period,4775424,41655,multitask,breakout,10,5.0,626
3,period,4775424,41655,multitask,space_invaders,1,96.0,4862
3,period,4775424,41655,multitask,space_invaders,2,47.0,4862
3,period,4775424,41655,multitask,space_invaders,3,50.0,4862
3,period,4775424,41655,multitask,space_invaders,4,139.0,4862
3,period,4775424,41655,multitask,space_invaders,5,22.0,4862
3,period,4775424,41655,multitask,space_invaders,6,14.0,4862
3,period,4775424,41655,multitask,space_invaders,7,23.0,4862
3,period,4775424,41655,multitask,space_invaders,8,47.0,4862
3,period,4775424,41655,multitask,space_invaders,9,92.0,4862
3,period,4775424,41655,multitask,space_invaders,10,88.0,4862
3,period,4775424,41655,multitask,freeway,1,23.0,25000
3,period,4775424,41655,multitask,freeway,2,22.0,25000
3,period,4775424,41655,multitask,freeway,3,24.0,25000
3,period,4775424,41655,multitask,freeway,4,32.0,25000
3,period,4775424,41655,multitask,freeway,5,25.0,25000
3,period,4775424,41655,multitask,freeway,6,21.0,25000
3,period,4775424,41655,multitask,freeway,7,31.0,25000
3,period,4775424,41655,multitask,freeway,8,27.0,25000
3,period,4775424,41655,multitask,freeway,9,29.0,25000
3,period,4775424,41655,multitask,freeway,10,22.0,25000
3,period,4800000,41807,multitask,breakout,1,6.0,650
3,period,4800000,41807,multitask,breakout,2,6.0,650
3,period,4800000,41807,multitask,breakout,3,3.0,650
3,period,4800000,41807,multitask,breakout,4,6.0,650
3,period,4800000,41807,multitask,breakout,5,5.0,650
3,period,4800000,41807,multitask,breakout,6,6.0,650
3,period,4800000,41807,multitask,breakout,7,7.0,650
3,period,4800000,41807,multitask,breakout,8,5.0,650
3,period,4800000,41807,multitask,breakout,9,6.0,650
3,period,4800000,41807,multitask,breakout,10,5.0,650
3,period,4800000,41807,multitask,space_invaders,1,24.0,5796
3,period,4800000,41807,multitask,space_invaders,2,117.0,5796
3,period,4800000,41807,multitask,space_invaders,3,25.0,5796
3,period,4800000,41807,multitask,space_invaders,4,47.0,5796
3,period,4800000,41807,multitask,space_invaders,5,140.0,5796
3,period,4800000,41807,multitask,space_invaders,6,41.0,5796
3,period,4800000,41807,multitask,space_invaders,7,142.0,5796
3,period,4800000,41807,multitask,space_invaders,8,94.0,5796
3,period,4800000,41807,multitask,space_invaders,9,65.0,5796
3,period,4800000,41807,multitask,space_invaders,10,23.0,5796
3,period,4800000,41807,multitask,freeway,1,22.0,25000
3,period,4800000,41807,multitask,freeway,2,26.0,25000
3,period,4800000,41807,multitask,freeway,3,23.0,25000
3,period,4800000,41807,multitask,freeway,4,17.0,25000
3,period,4800000,41807,multitask,freeway,5,13.0,25000
3,period,4800000,41807,multitask,freeway,6,36.0,25000
3,period,4800000,41807,multitask,freeway,7,20.0,25000
3,period,4800000,41807,multitask,freeway,8,29.0,25000
3,period,4800000,41807,multitask,freeway,9,20.0,25000
3,period,4800000,41807,multitask,freeway,10,24.0,25000
3,period,4825344,41966,multitask,breakout,1,7.0,660
3,period,4825344,41966,multitask,breakout,2,6.0,660
3,period,4825344,41966,multitask,breakout,3,5.0,660
3,period,4825344,41966,multitask,breakout,4,6.0,660
3,period,4825344,41966,multitask,breakout,5,6.0,660
3,period,4825344,41966,multitask,breakout,6,5.0,660
3,period,4825344,41966,multitask,breakout,7,6.0,660
3,period,4825344,41966,multitask,breakout,8,5.0,660
3,period,4825344,41966,multitask,breakout,9,6.0,660
3,period,4825344,41966,multitask,breakout,10,4.0,660
3,period,4825344,41966,multitask,space_invaders,1,25.0,6267
3,period,4825344,41966,multitask,space_invaders,2,142.0,6267
3,period,4825344,41966,multitask,space_invaders,3,22.0,6267
3,period,4825344,41966,multitask,space_invaders,4,25.0,6267
3,period,4825344,41966,multitask,space_invaders,5,129.0,6267
3,period,4825344,41966,multitask,space_invaders,6,116.0,6267
3,period,4825344,41966,multitask,space_invaders,7,46.0,6267
3,period,4825344,41966,multitask,space_invaders,8,95.0,6267
3,period,4825344,41966,multitask,space_invaders,9,143.0,6267
3,period,4825344,41966,multitask,space_invaders,10,44.0,6267
3,period,4825344,41966,multitask,freeway,1,24.0,25000
3,period,4825344,41966,multitask,freeway,2,29.0,25000
3,period,4825344,41966,multitask,freeway,3,28.0,25000
3,period,4825344,41966,multitask,freeway,4,28.0,25000
3,period,4825344,41966,multitask,freeway,5,28.0,25000
3,period,4825344,41966,multitask,freeway,6,15.0,25000
3,period,4825344,41966,multitask,freeway,7,21.0,25000
3,period,4825344,41966,multitask,freeway,8,23.0,25000
3,period,4825344,41966,multitask,freeway,9,20.0,25000
3,period,4825344,41966,multitask,freeway,10,21.0,25000
3,period,4850688,42116,multitask,breakout,1,5.0,680
3,period,4850688,42116,multitask,breakout,2,5.0,680
3,period,4850688,42116,multitask,breakout,3,7.0,680
3,period,4850688,42116,multitask,breakout,4,5.0,680
3,period,4850688,42116,multitask,breakout,5,6.0,680
3,period,4850688,42116,multitask,breakout,6,7.0,680
3,period,4850688,42116,multitask,breakout,7,5.0,680
3,period,4850688,42116,multitask,breakout,8,6.0,680
3,period,4850688,42116,multitask,breakout,9,5.0,680
3,period,4850688,42116,multitask,breakout,10,7.0,680
3,period,4850688,42116,multitask,space_invaders,1,44.0,4363
3,period,4850688,42116,multitask,space_invaders,2,50.0,4363
3,period,4850688,42116,multitask,space_invaders,3,48.0,4363
3,period,4850688,42116,multitask,space_invaders,4,89.0,4363
3,period,4850688,42116,multitask,space_invaders,5,47.0,4363
3,period,4850688,42116,multitask,space_invaders,6,93.0,4363
3,period,4850688,42116,multitask,space_invaders,7,3.0,4363
3,period,4850688,42116,multitask,space_invaders,8,50.0,4363
3,period,4850688,42116,multitask,space_invaders,9,47.0,4363
3,period,4850688,42116,multitask,space_invaders,10,82.0,4363
3,period,4850688,42116,multitask,freeway,1,17.0,25000
3,period,4850688,42116,multitask,freeway,2,32.0,25000
3,period,4850688,42116,multitask,freeway,3,26.0,25000
3,period,4850688,42116,multitask,freeway,4,21.0,25000
3,period,4850688,42116,multitask,freeway,5,24.0,25000
3,period,4850688,42116,multitask,freeway,6,16.0,25000
3,period,4850688,42116,multitask,freeway,7,24.0,25000
3,period,4850688,42116,multitask,freeway,8,22.0,25000
3,period,4850688,42116,multitask,freeway,9,33.0,25000
3,period,4850688,42116,multitask,freeway,10,16.0,25000
3,period,4875264,42298,multitask,breakout,1,6.0,612
3,period,4875264,42298,multitask,breakout,2,5.0,612
3,period,4875264,42298,multitask,breakout,3,5.0,612
3,period,4875264,42298,multitask,breakout,4,6.0,612
3,period,4875264,42298,multitask,breakout,5,5.0,612
3,period,4875264,42298,multitask,breakout,6,5.0,612
3,period,4875264,42298,multitask,breakout,7,5.0,612
3,period,4875264,42298,multitask,breakout,8,6.0,612
3,period,4875264,42298,multitask,breakout,9,5.0,612
3,period,4875264,42298,multitask,breakout,10,3.0,612
3,period,4875264,42298,multitask,space_invaders,1,3.0,3737
3,period,4875264,42298,multitask,space_invaders,2,3.0,3737
3,period,4875264,42298,multitask,space_invaders,3,54.0,3737
3,period,4875264,42298,multitask,space_invaders,4,79.0,3737
3,period,4875264,42298,multitask,space_invaders,5,26.0,3737
3,period,4875264,42298,multitask,space_invaders,6,165.0,3737
3,period,4875264,42298,multitask,space_invaders,7,3.0,3737
3,period,4875264,42298,multitask,space_invaders,8,23.0,3737
3,period,4875264,42298,multitask,space_invaders,9,113.0,3737
3,period,4875264,42298,multitask,space_invaders,10,26.0,3737
3,period,4875264,42298,multitask,freeway,1,20.0,25000
3,period,4875264,42298,multitask,freeway,2,33.0,25000
3,period,4875264,42298,multitask,freeway,3,25.0,25000
3,period,4875264,42298,multitask,freeway,4,20.0,25000
3,period,4875264,42298,multitask,freeway,5,28.0,25000
3,period,4875264,42298,multitask,freeway,6,31.0,25000
3,period,4875264,42298,multitask,freeway,7,26.0,25000
3,period,4875264,42298,multitask,freeway,8,19.0,25000
3,period,4875264,42298,multitask,freeway,9,26.0,25000
3,period,4875264,42298,multitask,freeway,10,34.0,25000
3,period,4900608,42457,multitask,breakout,1,3.0,574
3,period,4900608,42457,multitask,breakout,2,6.0,574
3,period,4900608,42457,multitask,breakout,3,6.0,574
3,period,4900608,42457,multitask,breakout,4,1.0,574
3,period,4900608,42457,multitask,breakout,5,3.0,574
3,period,4900608,42457,multitask,breakout,6,5.0,574
3,period,4900608,42457,multitask,breakout,7,6.0,574
3,period,4900608,42457,multitask,breakout,8,6.0,574
3,period,4900608,42457,multitask,breakout,9,6.0,574
3,period,4900608,42457,multitask,breakout,10,6.0,574
3,period,4900608,42457,multitask,space_invaders,1,53.0,4501
3,period,4900608,42457,multitask,space_invaders,2,53.0,4501
3,period,4900608,42457,multitask,space_invaders,3,19.0,4501
3,period,4900608,42457,multitask,space_invaders,4,22.0,4501
3,period,4900608,42457,multitask,space_invaders,5,96.0,4501
3,period,4900608,42457,multitask,space_invaders,6,45.0,4501
3,period,4900608,42457,multitask,space_invaders,7,16.0,4501
3,period,4900608,42457,multitask,space_invaders,8,137.0,4501
3,period,4900608,42457,multitask,space_invaders,9,86.0,4501
3,period,4900608,42457,multitask,space_invaders,10,48.0,4501
3,period,4900608,42457,multitask,freeway,1,24.0,25000
3,period,4900608,42457,multitask,freeway,2,19.0,25000
3,period,4900608,42457,multitask,freeway,3,27.0,25000
3,period,4900608,42457,multitask,freeway,4,28.0,25000
3,period,4900608,42457,multitask,freeway,5,23.0,25000
3,period,4900608,42457,multitask,freeway,6,29.0,25000
3,period,4900608,42457,multitask,freeway,7,29.0,25000
3,period,4900608,42457,multitask,freeway,8,30.0,25000
3,period,4900608,42457,multitask,freeway,9,22.0,25000
3,period,4900608,42457,multitask,freeway,10,20.0,25000
3,period,4925184,42612,multitask,breakout,1,6.0,654
3,period,4925184,42612,multitask,breakout,2,6.0,654
3,period,4925184,42612,multitask,breakout,3,5.0,654
3,period,4925184,42612,multitask,breakout,4,5.0,654
3,period,4925184,42612,multitask,breakout,5,6.0,654
3,period,4925184,42612,multitask,breakout,6,5.0,654
3,period,4925184,42612,multitask,breakout,7,5.0,654
3,period,4925184,42612,multitask,breakout,8,6.0,654
3,period,4925184,42612,multitask,breakout,9,6.0,654
3,period,4925184,42612,multitask,breakout,10,5.0,654
3,period,4925184,42612,multitask,space_invaders,1,70.0,5923
3,period,4925184,42612,multitask,space_invaders,2,118.0,5923
3,period,4925184,42612,multitask,space_invaders,3,113.0,5923
3,period,4925184,42612,multitask,space_invaders,4,22.0,5923
3,period,4925184,42612,multitask,space_invaders,5,47.0,5923
3,period,4925184,42612,multitask,space_invaders,6,156.0,5923
3,period,4925184,42612,multitask,space_invaders,7,95.0,5923
3,period,4925184,42612,multitask,space_invaders,8,71.0,5923
3,period,4925184,42612,multitask,space_invaders,9,21.0,5923
3,period,4925184,42612,multitask,space_invaders,10,64.0,5923
3,period,4925184,42612,multitask,freeway,1,28.0,25000
3,period,4925184,42612,multitask,freeway,2,30.0,25000
3,period,4925184,42612,multitask,freeway,3,24.0,25000
3,period,4925184,42612,multitask,freeway,4,22.0,25000
3,period,4925184,42612,multitask,freeway,5,31.0,25000
3,period,4925184,42612,multitask,freeway,6,26.0,25000
3,period,4925184,42612,multitask,freeway,7,20.0,25000
3,period,4925184,42612,multitask,freeway,8,27.0,25000
3,period,4925184,42612,multitask,freeway,9,26.0,25000
3,period,4925184,42612,multitask,freeway,10,30.0,25000
3,period,4950528,42769,multitask,breakout,1,2.0,608
3,period,4950528,42769,multitask,breakout,2,6.0,608
3,period,4950528,42769,multitask,breakout,3,6.0,608
3,period,4950528,42769,multitask,breakout,4,5.0,608
3,period,4950528,42769,multitask,breakout,5,5.0,608
3,period,4950528,42769,multitask,breakout,6,6.0,608
3,period,4950528,42769,multitask,breakout,7,5.0,608
3,period,4950528,42769,multitask,breakout,8,5.0,608
3,period,4950528,42769,multitask,breakout,9,6.0,608
3,period,4950528,42769,multitask,breakout,10,5.0,608
3,period,4950528,42769,multitask,space_invaders,1,173.0,5661
3,period,4950528,42769,multitask,space_invaders,2,21.0,5661
3,period,4950528,42769,multitask,space_invaders,3,94.0,5661
3,period,4950528,42769,multitask,space_invaders,4,70.0,5661
3,period,4950528,42769,multitask,space_invaders,5,88.0,5661
3,period,4950528,42769,multitask,space_invaders,6,142.0,5661
3,period,4950528,42769,multitask,space_invaders,7,86.0,5661
3,period,4950528,42769,multitask,space_invaders,8,26.0,5661
3,period,4950528,42769,multitask,space_invaders,9,25.0,5661
3,period,4950528,42769,multitask,space_invaders,10,47.0,5661
3,period,4950528,42769,multitask,freeway,1,37.0,25000
3,period,4950528,42769,multitask,freeway,2,28.0,25000
3,period,4950528,42769,multitask,freeway,3,30.0,25000
3,period,4950528,42769,multitask,freeway,4,27.0,25000
3,period,4950528,42769,multitask,freeway,5,37.0,25000
3,period,4950528,42769,multitask,freeway,6,27.0,25000
3,period,4950528,42769,multitask,freeway,7,26.0,25000
3,period,4950528,42769,multitask,freeway,8,29.0,25000
3,period,4950528,42769,multitask,freeway,9,26.0,25000
3,period,4950528,42769,multitask,freeway,10,26.0,25000
3,period,4975104,42915,multitask,breakout,1,5.0,638
3,period,4975104,42915,multitask,breakout,2,4.0,638
3,period,4975104,42915,multitask,breakout,3,7.0,638
3,period,4975104,42915,multitask,breakout,4,3.0,638
3,period,4975104,42915,multitask,breakout,5,7.0,638
3,period,4975104,42915,multitask,breakout,6,5.0,638
3,period,4975104,42915,multitask,breakout,7,6.0,638
3,period,4975104,42915,multitask,breakout,8,5.0,638
3,period,4975104,42915,multitask,breakout,9,6.0,638
3,period,4975104,42915,multitask,breakout,10,6.0,638
3,period,4975104,42915,multitask,space_invaders,1,119.0,5046
3,period,4975104,42915,multitask,space_invaders,2,50.0,5046
3,period,4975104,42915,multitask,space_invaders,3,135.0,5046
3,period,4975104,42915,multitask,space_invaders,4,38.0,5046
3,period,4975104,42915,multitask,space_invaders,5,25.0,5046
3,period,4975104,42915,multitask,space_invaders,6,118.0,5046
3,period,4975104,42915,multitask,space_invaders,7,23.0,5046
3,period,4975104,42915,multitask,space_invaders,8,94.0,5046
3,period,4975104,42915,multitask,space_invaders,9,49.0,5046
3,period,4975104,42915,multitask,space_invaders,10,12.0,5046
3,period,4975104,42915,multitask,freeway,1,35.0,25000
3,period,4975104,42915,multitask,freeway,2,20.0,25000
3,period,4975104,42915,multitask,freeway,3,18.0,25000
3,period,4975104,42915,multitask,freeway,4,33.0,25000
3,period,4975104,42915,multitask,freeway,5,19.0,25000
3,period,4975104,42915,multitask,freeway,6,24.0,25000
3,period,4975104,42915,multitask,freeway,7,23.0,25000
3,period,4975104,42915,multitask,freeway,8,24.0,25000
3,period,4975104,42915,multitask,freeway,9,32.0,25000
3,period,4975104,42915,multitask,freeway,10,29.0,25000
3,period,5000448,43087,multitask,breakout,1,5.0,586
3,period,5000448,43087,multitask,breakout,2,5.0,586
3,period,5000448,43087,multitask,breakout,3,5.0,586
3,period,5000448,43087,multitask,breakout,4,5.0,586
3,period,5000448,43087,multitask,breakout,5,1.0,586
3,period,5000448,43087,multitask,breakout,6,6.0,586
3,period,5000448,43087,multitask,breakout,7,6.0,586
3,period,5000448,43087,multitask,breakout,8,6.0,586
3,period,5000448,43087,multitask,breakout,9,5.0,586
3,period,5000448,43087,multitask,breakout,10,5.0,586
3,period,5000448,43087,multitask,space_invaders,1,70.0,3689
3,period,5000448,43087,multitask,space_invaders,2,61.0,3689
3,period,5000448,43087,multitask,space_invaders,3,46.0,3689
3,period,5000448,43087,multitask,space_invaders,4,41.0,3689
3,period,5000448,43087,multitask,space_invaders,5,132.0,3689
3,period,5000448,43087,multitask,space_invaders,6,47.0,3689
3,period,5000448,43087,multitask,space_invaders,7,7.0,3689
3,period,5000448,43087,multitask,space_invaders,8,46.0,3689
3,period,5000448,43087,multitask,space_invaders,9,24.0,3689
3,period,5000448,43087,multitask,space_invaders,10,18.0,3689
3,period,5000448,43087,multitask,freeway,1,36.0,25000
3,period,5000448,43087,multitask,freeway,2,27.0,25000
3,period,5000448,43087,multitask,freeway,3,34.0,25000
3,period,5000448,43087,multitask,freeway,4,35.0,25000
3,period,5000448,43087,multitask,freeway,5,25.0,25000
3,period,5000448,43087,multitask,freeway,6,36.0,25000
3,period,5000448,43087,multitask,freeway,7,29.0,25000
3,period,5000448,43087,multitask,freeway,8,32.0,25000
3,period,5000448,43087,multitask,freeway,9,40.0,25000
3,period,5000448,43087,multitask,freeway,10,18.0,25000
3,period,5025024,43229,multitask,breakout,1,3.0,586
3,period,5025024,43229,multitask,breakout,2,3.0,586
3,period,5025024,43229,multitask,breakout,3,6.0,586
3,period,5025024,43229,multitask,breakout,4,6.0,586
3,period,5025024,43229,multitask,breakout,5,5.0,586
3,period,5025024,43229,multitask,breakout,6,5.0,586
3,period,5025024,43229,multitask,breakout,7,5.0,586
3,period,5025024,43229,multitask,breakout,8,6.0,586
3,period,5025024,43229,multitask,breakout,9,5.0,586
3,period,5025024,43229,multitask,breakout,10,5.0,586
3,period,5025024,43229,multitask,space_invaders,1,25.0,5468
3,period,5025024,43229,multitask,space_invaders,2,116.0,5468
3,period,5025024,43229,multitask,space_invaders,3,53.0,5468
3,period,5025024,43229,multitask,space_invaders,4,70.0,5468
3,period,5025024,43229,multitask,space_invaders,5,25.0,5468
3,period,5025024,43229,multitask,space_invaders,6,94.0,5468
3,period,5025024,43229,multitask,space_invaders,7,49.0,5468
3,period,5025024,43229,multitask,space_invaders,8,93.0,5468
3,period,5025024,43229,multitask,space_invaders,9,211.0,5468
3,period,5025024,43229,multitask,space_invaders,10,29.0,5468
3,period,5025024,43229,multitask,freeway,1,28.0,25000
3,period,5025024,43229,multitask,freeway,2,31.0,25000
3,period,5025024,43229,multitask,freeway,3,23.0,25000
3,period,5025024,43229,multitask,freeway,4,26.0,25000
3,period,5025024,43229,multitask,freeway,5,26.0,25000
3,period,5025024,43229,multitask,freeway,6,31.0,25000
3,period,5025024,43229,multitask,freeway,7,20.0,25000
3,period,5025024,43229,multitask,freeway,8,26.0,25000
3,period,5025024,43229,multitask,freeway,9,26.0,25000
3,period,5025024,43229,multitask,freeway,10,31.0,25000
3,period,5050368,43380,multitask,breakout,1,5.0,528
3,period,5050368,43380,multitask,breakout,2,6.0,528
3,period,5050368,43380,multitask,breakout,3,6.0,528
3,period,5050368,43380,multitask,breakout,4,5.0,528
3,period,5050368,43380,multitask,breakout,5,2.0,528
3,period,5050368,43380,multitask,breakout,6,5.0,528
3,period,5050368,43380,multitask,breakout,7,2.0,528
3,period,5050368,43380,multitask,breakout,8,5.0,528
3,period,5050368,43380,multitask,breakout,9,2.0,528
3,period,5050368,43380,multitask,breakout,10,6.0,528
3,period,5050368,43380,multitask,space_invaders,1,39.0,5134
3,period,5050368,43380,multitask,space_invaders,2,67.0,5134
3,period,5050368,43380,multitask,space_invaders,3,44.0,5134
3,period,5050368,43380,multitask,space_invaders,4,67.0,5134
3,period,5050368,43380,multitask,space_invaders,5,20.0,5134
3,period,5050368,43380,multitask,space_invaders,6,87.0,5134
3,period,5050368,43380,multitask,space_invaders,7,94.0,5134
3,period,5050368,43380,multitask,space_invaders,8,48.0,5134
3,period,5050368,43380,multitask,space_invaders,9,48.0,5134
3,period,5050368,43380,multitask,space_invaders,10,182.0,5134
3,period,5050368,43380,multitask,freeway,1,27.0,25000
3,period,5050368,43380,multitask,freeway,2,23.0,25000
3,period,5050368,43380,multitask,freeway,3,32.0,25000
3,period,5050368,43380,multitask,freeway,4,27.0,25000
3,period,5050368,43380,multitask,freeway,5,29.0,25000
3,period,5050368,43380,multitask,freeway,6,25.0,25000
3,period,5050368,43380,multitask,freeway,7,28.0,25000
3,period,5050368,43380,multitask,freeway,8,27.0,25000
3,period,5050368,43380,multitask,freeway,9,21.0,25000
3,period,5050368,43380,multitask,freeway,10,28.0,25000
3,period,5075712,43535,multitask,breakout,1,6.0,670
3,period,5075712,43535,multitask,breakout,2,5.0,670
3,period,5075712,43535,multitask,breakout,3,6.0,670
3,period,5075712,43535,multitask,breakout,4,5.0,670
3,period,5075712,43535,multitask,breakout,5,5.0,670
3,period,5075712,43535,multitask,breakout,6,6.0,670
3,period,5075712,43535,multitask,breakout,7,7.0,670
3,period,5075712,43535,multitask,breakout,8,5.0,670
3,period,5075712,43535,multitask,breakout,9,6.0,670
3,period,5075712,43535,multitask,breakout,10,6.0,670
3,period,5075712,43535,multitask,space_invaders,1,90.0,4452
3,period,5075712,43535,multitask,space_invaders,2,20.0,4452
3,period,5075712,43535,multitask,space_invaders,3,24.0,4452
3,period,5075712,43535,multitask,space_invaders,4,26.0,4452
3,period,5075712,43535,multitask,space_invaders,5,46.0,4452
3,period,5075712,43535,multitask,space_invaders,6,66.0,4452
3,period,5075712,43535,multitask,space_invaders,7,55.0,4452
3,period,5075712,43535,multitask,space_invaders,8,48.0,4452
3,period,5075712,43535,multitask,space_invaders,9,88.0,4452
3,period,5075712,43535,multitask,space_invaders,10,130.0,4452
3,period,5075712,43535,multitask,freeway,1,18.0,25000
3,period,5075712,43535,multitask,freeway,2,28.0,25000
3,period,5075712,43535,multitask,freeway,3,17.0,25000
3,period,5075712,43535,multitask,freeway,4,25.0,25000
3,period,5075712,43535,multitask,freeway,5,23.0,25000
3,period,5075712,43535,multitask,freeway,6,24.0,25000
3,period,5075712,43535,multitask,freeway,7,23.0,25000
3,period,5075712,43535,multitask,freeway,8,17.0,25000
3,period,5075712,43535,multitask,freeway,9,26.0,25000
3,period,5075712,43535,multitask,freeway,10,20.0,25000
3,period,5100288,43719,multitask,breakout,1,5.0,600
3,period,5100288,43719,multitask,breakout,2,6.0,600
3,period,5100288,43719,multitask,breakout,3,2.0,600
3,period,5100288,43719,multitask,breakout,4,5.0,600
3,period,5100288,43719,multitask,breakout,5,6.0,600
3,period,5100288,43719,multitask,breakout,6,5.0,600
3,period,5100288,43719,multitask,breakout,7,5.0,600
3,period,5100288,43719,multitask,breakout,8,6.0,600
3,period,5100288,43719,multitask,breakout,9,5.0,600
3,period,5100288,43719,multitask,breakout,10,5.0,600
3,period,5100288,43719,multitask,space_invaders,1,50.0,5342
3,period,5100288,43719,multitask,space_invaders,2,118.0,5342
3,period,5100288,43719,multitask,space_invaders,3,24.0,5342
3,period,5100288,43719,multitask,space_invaders,4,90.0,5342
3,period,5100288,43719,multitask,space_invaders,5,138.0,5342
3,period,5100288,43719,multitask,space_invaders,6,41.0,5342
3,period,5100288,43719,multitask,space_invaders,7,50.0,5342
3,period,5100288,43719,multitask,space_invaders,8,71.0,5342
3,period,5100288,43719,multitask,space_invaders,9,95.0,5342
3,period,5100288,43719,multitask,space_invaders,10,23.0,5342
3,period,5100288,43719,multitask,freeway,1,25.0,25000
3,period,5100288,43719,multitask,freeway,2,21.0,25000
3,period,5100288,43719,multitask,freeway,3,12.0,25000
3,period,5100288,43719,multitask,freeway,4,23.0,25000
3,period,5100288,43719,multitask,freeway,5,24.0,25000
3,period,5100288,43719,multitask,freeway,6,20.0,25000
3,period,5100288,43719,multitask,freeway,7,26.0,25000
3,period,5100288,43719,multitask,freeway,8,20.0,25000
3,period,5100288,43719,multitask,freeway,9,22.0,25000
3,period,5100288,43719,multitask,freeway,10,27.0,25000
3,period,5125632,43882,multitask,breakout,1,5.0,596
3,period,5125632,43882,multitask,breakout,2,5.0,596
3,period,5125632,43882,multitask,breakout,3,5.0,596
3,period,5125632,43882,multitask,breakout,4,6.0,596
3,period,5125632,43882,multitask,breakout,5,5.0,596
3,period,5125632,43882,multitask,breakout,6,6.0,596
3,period,5125632,43882,multitask,breakout,7,6.0,596
3,period,5125632,43882,multitask,breakout,8,5.0,596
3,period,5125632,43882,multitask,breakout,9,5.0,596
3,period,5125632,43882,multitask,breakout,10,2.0,596
3,period,5125632,43882,multitask,space_invaders,1,46.0,4437
3,period,5125632,43882,multitask,space_invaders,2,142.0,4437
3,period,5125632,43882,multitask,space_invaders,3,73.0,4437
3,period,5125632,43882,multitask,space_invaders,4,19.0,4437
3,period,5125632,43882,multitask,space_invaders,5,25.0,4437
3,period,5125632,43882,multitask,space_invaders,6,6.0,4437
3,period,5125632,43882,multitask,space_invaders,7,25.0,4437
3,period,5125632,43882,multitask,space_invaders,8,156.0,4437
3,period,5125632,43882,multitask,space_invaders,9,34.0,4437
3,period,5125632,43882,multitask,space_invaders,10,71.0,4437
3,period,5125632,43882,multitask,freeway,1,22.0,25000
3,period,5125632,43882,multitask,freeway,2,29.0,25000
3,period,5125632,43882,multitask,freeway,3,27.0,25000
3,period,5125632,43882,multitask,freeway,4,21.0,25000
3,period,5125632,43882,multitask,freeway,5,21.0,25000
3,period,5125632,43882,multitask,freeway,6,28.0,25000
3,period,5125632,43882,multitask,freeway,7,24.0,25000
3,period,5125632,43882,multitask,freeway,8,27.0,25000
3,period,5125632,43882,multitask,freeway,9,29.0,25000
3,period,5125632,43882,multitask,freeway,10,15.0,25000
3,period,5150208,44033,multitask,breakout,1,1.0,540
3,period,5150208,44033,multitask,breakout,2,6.0,540
3,period,5150208,44033,multitask,breakout,3,5.0,540
3,period,5150208,44033,multitask,breakout,4,5.0,540
3,period,5150208,44033,multitask,breakout,5,6.0,540
3,period,5150208,44033,multitask,breakout,6,6.0,540
3,period,5150208,44033,multitask,breakout,7,3.0,540
3,period,5150208,44033,multitask,breakout,8,1.0,540
3,period,5150208,44033,multitask,breakout,9,6.0,540
3,period,5150208,44033,multitask,breakout,10,6.0,540
3,period,5150208,44033,multitask,space_invaders,1,85.0,3693
3,period,5150208,44033,multitask,space_invaders,2,22.0,3693
3,period,5150208,44033,multitask,space_invaders,3,3.0,3693
3,period,5150208,44033,multitask,space_invaders,4,145.0,3693
3,period,5150208,44033,multitask,space_invaders,5,70.0,3693
3,period,5150208,44033,multitask,space_invaders,6,26.0,3693
3,period,5150208,44033,multitask,space_invaders,7,25.0,3693
3,period,5150208,44033,multitask,space_invaders,8,49.0,3693
3,period,5150208,44033,multitask,space_invaders,9,16.0,3693
3,period,5150208,44033,multitask,space_invaders,10,49.0,3693
3,period,5150208,44033,multitask,freeway,1,37.0,25000
3,period,5150208,44033,multitask,freeway,2,29.0,25000
3,period,5150208,44033,multitask,freeway,3,31.0,25000
3,period,5150208,44033,multitask,freeway,4,20.0,25000
3,period,5150208,44033,multitask,freeway,5,20.0,25000
3,period,5150208,44033,multitask,freeway,6,27.0,25000
3,period,5150208,44033,multitask,freeway,7,25.0,25000
3,period,5150208,44033,multitask,freeway,8,24.0,25000
3,period,5150208,44033,multitask,freeway,9,29.0,25000
3,period,5150208,44033,multitask,freeway,10,33.0,25000
3,period,5175552,44202,multitask,breakout,1,1.0,524
3,period,5175552,44202,multitask,breakout,2,5.0,524
3,period,5175552,44202,multitask,breakout,3,5.0,524
3,period,5175552,44202,multitask,breakout,4,2.0,524
3,period,5175552,44202,multitask,breakout,5,3.0,524
3,period,5175552,44202,multitask,breakout,6,6.0,524
3,period,5175552,44202,multitask,breakout,7,5.0,524
3,period,5175552,44202,multitask,breakout,8,6.0,524
3,period,5175552,44202,multitask,breakout,9,6.0,524
3,period,5175552,44202,multitask,breakout,10,4.0,524
3,period,5175552,44202,multitask,space_invaders,1,97.0,4515
3,period,5175552,44202,multitask,space_invaders,2,46.0,4515
3,period,5175552,44202,multitask,space_invaders,3,137.0,4515
3,period,5175552,44202,multitask,space_invaders,4,26.0,4515
3,period,5175552,44202,multitask,space_invaders,5,33.0,4515
3,period,5175552,44202,multitask,space_invaders,6,71.0,4515
3,period,5175552,44202,multitask,space_invaders,7,23.0,4515
3,period,5175552,44202,multitask,space_invaders,8,6.0,4515
3,period,5175552,44202,multitask,space_invaders,9,70.0,4515
3,period,5175552,44202,multitask,space_invaders,10,85.0,4515
3,period,5175552,44202,multitask,freeway,1,16.0,25000
3,period,5175552,44202,multitask,freeway,2,32.0,25000
3,period,5175552,44202,multitask,freeway,3,29.0,25000
3,period,5175552,44202,multitask,freeway,4,29.0,25000
3,period,5175552,44202,multitask,freeway,5,26.0,25000
3,period,5175552,44202,multitask,freeway,6,21.0,25000
3,period,5175552,44202,multitask,freeway,7,34.0,25000
3,period,5175552,44202,multitask,freeway,8,27.0,25000
3,period,5175552,44202,multitask,freeway,9,26.0,25000
3,period,5175552,44202,multitask,freeway,10,35.0,25000
3,period,5200128,44358,multitask,breakout,1,5.0,540
3,period,5200128,44358,multitask,breakout,2,6.0,540
3,period,5200128,44358,multitask,breakout,3,6.0,540
3,period,5200128,44358,multitask,breakout,4,6.0,540
3,period,5200128,44358,multitask,breakout,5,2.0,540
3,period,5200128,44358,multitask,breakout,6,4.0,540
3,period,5200128,44358,multitask,breakout,7,0.0,540
3,period,5200128,44358,multitask,breakout,8,5.0,540
3,period,5200128,44358,multitask,breakout,9,5.0,540
3,period,5200128,44358,multitask,breakout,10,6.0,540
3,period,5200128,44358,multitask,space_invaders,1,62.0,6951
3,period,5200128,44358,multitask,space_invaders,2,137.0,6951
3,period,5200128,44358,multitask,space_invaders,3,22.0,6951
3,period,5200128,44358,multitask,space_invaders,4,91.0,6951
3,period,5200128,44358,multitask,space_invaders,5,91.0,6951
3,period,5200128,44358,multitask,space_invaders,6,167.0,6951
3,period,5200128,44358,multitask,space_invaders,7,95.0,6951
3,period,5200128,44358,multitask,space_invaders,8,96.0,6951
3,period,5200128,44358,multitask,space_invaders,9,187.0,6951
3,period,5200128,44358,multitask,space_invaders,10,9.0,6951
3,period,5200128,44358,multitask,freeway,1,33.0,25000
3,period,5200128,44358,multitask,freeway,2,21.0,25000
3,period,5200128,44358,multitask,freeway,3,28.0,25000
3,period,5200128,44358,multitask,freeway,4,29.0,25000
3,period,5200128,44358,multitask,freeway,5,28.0,25000
3,period,5200128,44358,multitask,freeway,6,34.0,25000
3,period,5200128,44358,multitask,freeway,7,33.0,25000
3,period,5200128,44358,multitask,freeway,8,15.0,25000
3,period,5200128,44358,multitask,freeway,9,18.0,25000
3,period,5200128,44358,multitask,freeway,10,24.0,25000
3,period,5225472,44536,multitask,breakout,1,6.0,528
3,period,5225472,44536,multitask,breakout,2,3.0,528
3,period,5225472,44536,multitask,breakout,3,7.0,528
3,period,5225472,44536,multitask,breakout,4,6.0,528
3,period,5225472,44536,multitask,breakout,5,5.0,528
3,period,5225472,44536,multitask,breakout,6,5.0,528
3,period,5225472,44536,multitask,breakout,7,1.0,528
3,period,5225472,44536,multitask,breakout,8,2.0,528
3,period,5225472,44536,multitask,breakout,9,3.0,528
3,period,5225472,44536,multitask,breakout,10,6.0,528
3,period,5225472,44536,multitask,space_invaders,1,87.0,6089
3,period,5225472,44536,multitask,space_invaders,2,95.0,6089
3,period,5225472,44536,multitask,space_invaders,3,51.0,6089
3,period,5225472,44536,multitask,space_invaders,4,111.0,6089
3,period,5225472,44536,multitask,space_invaders,5,48.0,6089
3,period,5225472,44536,multitask,space_invaders,6,136.0,6089
3,period,5225472,44536,multitask,space_invaders,7,22.0,6089
3,period,5225472,44536,multitask,space_invaders,8,44.0,6089
3,period,5225472,44536,multitask,space_invaders,9,121.0,6089
3,period,5225472,44536,multitask,space_invaders,10,72.0,6089
3,period,5225472,44536,multitask,freeway,1,25.0,25000
3,period,5225472,44536,multitask,freeway,2,35.0,25000
3,period,5225472,44536,multitask,freeway,3,29.0,25000
3,period,5225472,44536,multitask,freeway,4,30.0,25000
3,period,5225472,44536,multitask,freeway,5,35.0,25000
3,period,5225472,44536,multitask,freeway,6,35.0,25000
3,period,5225472,44536,multitask,freeway,7,21.0,25000
3,period,5225472,44536,multitask,freeway,8,33.0,25000
3,period,5225472,44536,multitask,freeway,9,25.0,25000
3,period,5225472,44536,multitask,freeway,10,28.0,25000
3,period,5250048,44692,multitask,breakout,1,1.0,574
3,period,5250048,44692,multitask,breakout,2,6.0,574
3,period,5250048,44692,multitask,breakout,3,6.0,574
3,period,5250048,44692,multitask,breakout,4,6.0,574
3,period,5250048,44692,multitask,breakout,5,5.0,574
3,period,5250048,44692,multitask,breakout,6,6.0,574
3,period,5250048,44692,multitask,breakout,7,5.0,574
3,period,5250048,44692,multitask,breakout,8,5.0,574
3,period,5250048,44692,multitask,breakout,9,6.0,574
3,period,5250048,44692,multitask,breakout,10,2.0,574
3,period,5250048,44692,multitask,space_invaders,1,69.0,5384
3,period,5250048,44692,multitask,space_invaders,2,4.0,5384
3,period,5250048,44692,multitask,space_invaders,3,20.0,5384
3,period,5250048,44692,multitask,space_invaders,4,118.0,5384
3,period,5250048,44692,multitask,space_invaders,5,138.0,5384
3,period,5250048,44692,multitask,space_invaders,6,71.0,5384
3,period,5250048,44692,multitask,space_invaders,7,47.0,5384
3,period,5250048,44692,multitask,space_invaders,8,73.0,5384
3,period,5250048,44692,multitask,space_invaders,9,71.0,5384
3,period,5250048,44692,multitask,space_invaders,10,95.0,5384
3,period,5250048,44692,multitask,freeway,1,24.0,25000
3,period,5250048,44692,multitask,freeway,2,41.0,25000
3,period,5250048,44692,multitask,freeway,3,21.0,25000
3,period,5250048,44692,multitask,freeway,4,36.0,25000
3,period,5250048,44692,multitask,freeway,5,27.0,25000
3,period,5250048,44692,multitask,freeway,6,33.0,25000
3,period,5250048,44692,multitask,freeway,7,29.0,25000
3,period,5250048,44692,multitask,freeway,8,31.0,25000
3,period,5250048,44692,multitask,freeway,9,23.0,25000
3,period,5250048,44692,multitask,freeway,10,7.0,25000
3,period,5275392,44856,multitask,breakout,1,2.0,656
3,period,5275392,44856,multitask,breakout,2,6.0,656
3,period,5275392,44856,multitask,breakout,3,5.0,656
3,period,5275392,44856,multitask,breakout,4,6.0,656
3,period,5275392,44856,multitask,breakout,5,6.0,656
3,period,5275392,44856,multitask,breakout,6,6.0,656
3,period,5275392,44856,multitask,breakout,7,6.0,656
3,period,5275392,44856,multitask,breakout,8,6.0,656
3,period,5275392,44856,multitask,breakout,9,7.0,656
3,period,5275392,44856,multitask,breakout,10,6.0,656
3,period,5275392,44856,multitask,space_invaders,1,26.0,7329
3,period,5275392,44856,multitask,space_invaders,2,176.0,7329
3,period,5275392,44856,multitask,space_invaders,3,47.0,7329
3,period,5275392,44856,multitask,space_invaders,4,95.0,7329
3,period,5275392,44856,multitask,space_invaders,5,131.0,7329
3,period,5275392,44856,multitask,space_invaders,6,73.0,7329
3,period,5275392,44856,multitask,space_invaders,7,156.0,7329
3,period,5275392,44856,multitask,space_invaders,8,26.0,7329
3,period,5275392,44856,multitask,space_invaders,9,80.0,7329
3,period,5275392,44856,multitask,space_invaders,10,162.0,7329
3,period,5275392,44856,multitask,freeway,1,28.0,25000
3,period,5275392,44856,multitask,freeway,2,31.0,25000
3,period,5275392,44856,multitask,freeway,3,25.0,25000
3,period,5275392,44856,multitask,freeway,4,23.0,25000
3,period,5275392,44856,multitask,freeway,5,21.0,25000
3,period,5275392,44856,multitask,freeway,6,28.0,25000
3,period,5275392,44856,multitask,freeway,7,22.0,25000
3,period,5275392,44856,multitask,freeway,8,28.0,25000
3,period,5275392,44856,multitask,freeway,9,28.0,25000
3,period,5275392,44856,multitask,freeway,10,28.0,25000
3,period,5300736,45015,multitask,breakout,1,6.0,592
3,period,5300736,45015,multitask,breakout,2,2.0,592
3,period,5300736,45015,multitask,breakout,3,6.0,592
3,period,5300736,45015,multitask,breakout,4,6.0,592
3,period,5300736,45015,multitask,breakout,5,6.0,592
3,period,5300736,45015,multitask,breakout,6,5.0,592
3,period,5300736,45015,multitask,breakout,7,7.0,592
3,period,5300736,45015,multitask,breakout,8,5.0,592
3,period,5300736,45015,multitask,breakout,9,5.0,592
3,period,5300736,45015,multitask,breakout,10,2.0,592
3,period,5300736,45015,multitask,space_invaders,1,48.0,4582
3,period,5300736,45015,multitask,space_invaders,2,23.0,4582
3,period,5300736,45015,multitask,space_invaders,3,25.0,4582
3,period,5300736,45015,multitask,space_invaders,4,94.0,4582
3,period,5300736,45015,multitask,space_invaders,5,95.0,4582
3,period,5300736,45015,multitask,space_invaders,6,95.0,4582
3,period,5300736,45015,multitask,space_invaders,7,24.0,4582
3,period,5300736,45015,multitask,space_invaders,8,109.0,4582
3,period,5300736,45015,multitask,space_invaders,9,37.0,4582
3,period,5300736,45015,multitask,space_invaders,10,49.0,4582
3,period,5300736,45015,multitask,freeway,1,37.0,25000
3,period,5300736,45015,multitask,freeway,2,19.0,25000
3,period,5300736,45015,multitask,freeway,3,33.0,25000
3,period,5300736,45015,multitask,freeway,4,35.0,25000
3,period,5300736,45015,multitask,freeway,5,39.0,25000
3,period,5300736,45015,multitask,freeway,6,38.0,25000
3,period,5300736,45015,multitask,freeway,7,18.0,25000
3,period,5300736,45015,multitask,freeway,8,27.0,25000
3,period,5300736,45015,multitask,freeway,9,27.0,25000
3,period,5300736,45015,multitask,freeway,10,29.0,25000
3,period,5325312,45159,multitask,breakout,1,2.0,564
3,period,5325312,45159,multitask,breakout,2,6.0,564
3,period,5325312,45159,multitask,breakout,3,0.0,564
3,period,5325312,45159,multitask,breakout,4,6.0,564
3,period,5325312,45159,multitask,breakout,5,6.0,564
3,period,5325312,45159,multitask,breakout,6,5.0,564
3,period,5325312,45159,multitask,breakout,7,5.0,564
3,period,5325312,45159,multitask,breakout,8,5.0,564
3,period,5325312,45159,multitask,breakout,9,5.0,564
3,period,5325312,45159,multitask,breakout,10,7.0,564
3,period,5325312,45159,multitask,space_invaders,1,60.0,4079
3,period,5325312,45159,multitask,space_invaders,2,23.0,4079
3,period,5325312,45159,multitask,space_invaders,3,49.0,4079
3,period,5325312,45159,multitask,space_invaders,4,92.0,4079
3,period,5325312,45159,multitask,space_invaders,5,25.0,4079
3,period,5325312,45159,multitask,space_invaders,6,111.0,4079
3,period,5325312,45159,multitask,space_invaders,7,49.0,4079
3,period,5325312,45159,multitask,space_invaders,8,50.0,4079
3,period,5325312,45159,multitask,space_invaders,9,3.0,4079
3,period,5325312,45159,multitask,space_invaders,10,71.0,4079
3,period,5325312,45159,multitask,freeway,1,24.0,25000
3,period,5325312,45159,multitask,freeway,2,30.0,25000
3,period,5325312,45159,multitask,freeway,3,31.0,25000
3,period,5325312,45159,multitask,freeway,4,25.0,25000
3,period,5325312,45159,multitask,freeway,5,24.0,25000
3,period,5325312,45159,multitask,freeway,6,21.0,25000
3,period,5325312,45159,multitask,freeway,7,36.0,25000
3,period,5325312,45159,multitask,freeway,8,16.0,25000
3,period,5325312,45159,multitask,freeway,9,28.0,25000
3,period,5325312,45159,multitask,freeway,10,22.0,25000
3,period,5350656,45333,multitask,breakout,1,5.0,542
3,period,5350656,45333,multitask,breakout,2,5.0,542
3,period,5350656,45333,multitask,breakout,3,6.0,542
3,period,5350656,45333,multitask,breakout,4,1.0,542
3,period,5350656,45333,multitask,breakout,5,6.0,542
3,period,5350656,45333,multitask,breakout,6,5.0,542
3,period,5350656,45333,multitask,breakout,7,6.0,542
3,period,5350656,45333,multitask,breakout,8,5.0,542
3,period,5350656,45333,multitask,breakout,9,5.0,542
3,period,5350656,45333,multitask,breakout,10,1.0,542
3,period,5350656,45333,multitask,space_invaders,1,130.0,7857
3,period,5350656,45333,multitask,space_invaders,2,135.0,7857
3,period,5350656,45333,multitask,space_invaders,3,77.0,7857
3,period,5350656,45333,multitask,space_invaders,4,71.0,7857
3,period,5350656,45333,multitask,space_invaders,5,73.0,7857
3,period,5350656,45333,multitask,space_invaders,6,117.0,7857
3,period,5350656,45333,multitask,space_invaders,7,49.0,7857
3,period,5350656,45333,multitask,space_invaders,8,95.0,7857
3,period,5350656,45333,multitask,space_invaders,9,156.0,7857
3,period,5350656,45333,multitask,space_invaders,10,120.0,7857
3,period,5350656,45333,multitask,freeway,1,22.0,25000
3,period,5350656,45333,multitask,freeway,2,25.0,25000
3,period,5350656,45333,multitask,freeway,3,34.0,25000
3,period,5350656,45333,multitask,freeway,4,28.0,25000
3,period,5350656,45333,multitask,freeway,5,28.0,25000
3,period,5350656,45333,multitask,freeway,6,29.0,25000
3,period,5350656,45333,multitask,freeway,7,23.0,25000
3,period,5350656,45333,multitask,freeway,8,31.0,25000
3,period,5350656,45333,multitask,freeway,9,37.0,25000
3,period,5350656,45333,multitask,freeway,10,28.0,25000
3,period,5375232,45488,multitask,breakout,1,5.0,554
3,period,5375232,45488,multitask,breakout,2,5.0,554
3,period,5375232,45488,multitask,breakout,3,5.0,554
3,period,5375232,45488,multitask,breakout,4,2.0,554
3,period,5375232,45488,multitask,breakout,5,6.0,554
3,period,5375232,45488,multitask,breakout,6,5.0,554
3,period,5375232,45488,multitask,breakout,7,5.0,554
3,period,5375232,45488,multitask,breakout,8,5.0,554
3,period,5375232,45488,multitask,breakout,9,5.0,554
3,period,5375232,45488,multitask,breakout,10,3.0,554
3,period,5375232,45488,multitask,space_invaders,1,95.0,5714
3,period,5375232,45488,multitask,space_invaders,2,95.0,5714
3,period,5375232,45488,multitask,space_invaders,3,71.0,5714
3,period,5375232,45488,multitask,space_invaders,4,68.0,5714
3,period,5375232,45488,multitask,space_invaders,5,84.0,5714
3,period,5375232,45488,multitask,space_invaders,6,48.0,5714
3,period,5375232,45488,multitask,space_invaders,7,47.0,5714
3,period,5375232,45488,multitask,space_invaders,8,25.0,5714
3,period,5375232,45488,multitask,space_invaders,9,45.0,5714
3,period,5375232,45488,multitask,space_invaders,10,143.0,5714
3,period,5375232,45488,multitask,freeway,1,34.0,25000
3,period,5375232,45488,multitask,freeway,2,30.0,25000
3,period,5375232,45488,multitask,freeway,3,19.0,25000
3,period,5375232,45488,multitask,freeway,4,26.0,25000
3,period,5375232,45488,multitask,freeway,5,6.0,25000
3,period,5375232,45488,multitask,freeway,6,28.0,25000
3,period,5375232,45488,multitask,freeway,7,16.0,25000
3,period,5375232,45488,multitask,freeway,8,28.0,25000
3,period,5375232,45488,multitask,freeway,9,27.0,25000
3,period,5375232,45488,multitask,freeway,10,20.0,25000
3,period,5400576,45644,multitask,breakout,1,5.0,632
3,period,5400576,45644,multitask,breakout,2,6.0,632
3,period,5400576,45644,multitask,breakout,3,6.0,632
3,period,5400576,45644,multitask,breakout,4,6.0,632
3,period,5400576,45644,multitask,breakout,5,5.0,632
3,period,5400576,45644,multitask,breakout,6,5.0,632
3,period,5400576,45644,multitask,breakout,7,2.0,632
3,period,5400576,45644,multitask,breakout,8,6.0,632
3,period,5400576,45644,multitask,breakout,9,6.0,632
3,period,5400576,45644,multitask,breakout,10,6.0,632
3,period,5400576,45644,multitask,space_invaders,1,88.0,6521
3,period,5400576,45644,multitask,space_invaders,2,121.0,6521
3,period,5400576,45644,multitask,space_invaders,3,122.0,6521
3,period,5400576,45644,multitask,space_invaders,4,118.0,6521
3,period,5400576,45644,multitask,space_invaders,5,50.0,6521
3,period,5400576,45644,multitask,space_invaders,6,71.0,6521
3,period,5400576,45644,multitask,space_invaders,7,23.0,6521
3,period,5400576,45644,multitask,space_invaders,8,47.0,6521
3,period,5400576,45644,multitask,space_invaders,9,186.0,6521
3,period,5400576,45644,multitask,space_invaders,10,45.0,6521
3,period,5400576,45644,multitask,freeway,1,28.0,25000
3,period,5400576,45644,multitask,freeway,2,25.0,25000
3,period,5400576,45644,multitask,freeway,3,29.0,25000
3,period,5400576,45644,multitask,freeway,4,24.0,25000
3,period,5400576,45644,multitask,freeway,5,22.0,25000
3,period,5400576,45644,multitask,freeway,6,19.0,25000
3,period,5400576,45644,multitask,freeway,7,34.0,25000
3,period,5400576,45644,multitask,freeway,8,24.0,25000
3,period,5400576,45644,multitask,freeway,9,20.0,25000
3,period,5400576,45644,multitask,freeway,10,35.0,25000
3,period,5425152,45794,multitask,breakout,1,6.0,564
3,period,5425152,45794,multitask,breakout,2,5.0,564
3,period,5425152,45794,multitask,breakout,3,6.0,564
3,period,5425152,45794,multitask,breakout,4,6.0,564
3,period,5425152,45794,multitask,breakout,5,5.0,564
3,period,5425152,45794,multitask,breakout,6,6.0,564
3,period,5425152,45794,multitask,breakout,7,5.0,564
3,period,5425152,45794,multitask,breakout,8,0.0,564
3,period,5425152,45794,multitask,breakout,9,3.0,564
3,period,5425152,45794,multitask,breakout,10,5.0,564
3,period,5425152,45794,multitask,space_invaders,1,163.0,7955
3,period,5425152,45794,multitask,space_invaders,2,49.0,7955
3,period,5425152,45794,multitask,space_invaders,3,90.0,7955
3,period,5425152,45794,multitask,space_invaders,4,95.0,7955
3,period,5425152,45794,multitask,space_invaders,5,119.0,7955
3,period,5425152,45794,multitask,space_invaders,6,142.0,7955
3,period,5425152,45794,multitask,space_invaders,7,118.0,7955
3,period,5425152,45794,multitask,space_invaders,8,106.0,7955
3,period,5425152,45794,multitask,space_invaders,9,114.0,7955
3,period,5425152,45794,multitask,space_invaders,10,90.0,7955
3,period,5425152,45794,multitask,freeway,1,21.0,25000
3,period,5425152,45794,multitask,freeway,2,23.0,25000
3,period,5425152,45794,multitask,freeway,3,30.0,25000
3,period,5425152,45794,multitask,freeway,4,19.0,25000
3,period,5425152,45794,multitask,freeway,5,24.0,25000
3,period,5425152,45794,multitask,freeway,6,24.0,25000
3,period,5425152,45794,multitask,freeway,7,13.0,25000
3,period,5425152,45794,multitask,freeway,8,24.0,25000
3,period,5425152,45794,multitask,freeway,9,22.0,25000
3,period,5425152,45794,multitask,freeway,10,31.0,25000
3,period,5450496,45948,multitask,breakout,1,5.0,568
3,period,5450496,45948,multitask,breakout,2,6.0,568
3,period,5450496,45948,multitask,breakout,3,5.0,568
3,period,5450496,45948,multitask,breakout,4,5.0,568
3,period,5450496,45948,multitask,breakout,5,5.0,568
3,period,5450496,45948,multitask,breakout,6,0.0,568
3,period,5450496,45948,multitask,breakout,7,5.0,568
3,period,5450496,45948,multitask,breakout,8,5.0,568
3,period,5450496,45948,multitask,breakout,9,5.0,568
3,period,5450496,45948,multitask,breakout,10,6.0,568
3,period,5450496,45948,multitask,space_invaders,1,74.0,6654
3,period,5450496,45948,multitask,space_invaders,2,135.0,6654
3,period,5450496,45948,multitask,space_invaders,3,119.0,6654
3,period,5450496,45948,multitask,space_invaders,4,47.0,6654
3,period,5450496,45948,multitask,space_invaders,5,22.0,6654
3,period,5450496,45948,multitask,space_invaders,6,212.0,6654
3,period,5450496,45948,multitask,space_invaders,7,71.0,6654
3,period,5450496,45948,multitask,space_invaders,8,139.0,6654
3,period,5450496,45948,multitask,space_invaders,9,70.0,6654
3,period,5450496,45948,multitask,space_invaders,10,27.0,6654
3,period,5450496,45948,multitask,freeway,1,26.0,25000
3,period,5450496,45948,multitask,freeway,2,23.0,25000
3,period,5450496,45948,multitask,freeway,3,28.0,25000
3,period,5450496,45948,multitask,freeway,4,29.0,25000
3,period,5450496,45948,multitask,freeway,5,27.0,25000
3,period,5450496,45948,multitask,freeway,6,27.0,25000
3,period,5450496,45948,multitask,freeway,7,24.0,25000
3,period,5450496,45948,multitask,freeway,8,23.0,25000
3,period,5450496,45948,multitask,freeway,9,25.0,25000
3,period,5450496,45948,multitask,freeway,10,34.0,25000
3,period,5475072,46107,multitask,breakout,1,6.0,562
3,period,5475072,46107,multitask,breakout,2,6.0,562
3,period,5475072,46107,multitask,breakout,3,6.0,562
3,period,5475072,46107,multitask,breakout,4,5.0,562
3,period,5475072,46107,multitask,breakout,5,1.0,562
3,period,5475072,46107,multitask,breakout,6,5.0,562
3,period,5475072,46107,multitask,breakout,7,6.0,562
3,period,5475072,46107,multitask,breakout,8,1.0,562
3,period,5475072,46107,multitask,breakout,9,6.0,562
3,period,5475072,46107,multitask,breakout,10,5.0,562
3,period,5475072,46107,multitask,space_invaders,1,134.0,6689
3,period,5475072,46107,multitask,space_invaders,2,95.0,6689
3,period,5475072,46107,multitask,space_invaders,3,60.0,6689
3,period,5475072,46107,multitask,space_invaders,4,153.0,6689
3,period,5475072,46107,multitask,space_invaders,5,31.0,6689
3,period,5475072,46107,multitask,space_invaders,6,95.0,6689
3,period,5475072,46107,multitask,space_invaders,7,153.0,6689
3,period,5475072,46107,multitask,space_invaders,8,31.0,6689
3,period,5475072,46107,multitask,space_invaders,9,71.0,6689
3,period,5475072,46107,multitask,space_invaders,10,102.0,6689
3,period,5475072,46107,multitask,freeway,1,25.0,25000
3,period,5475072,46107,multitask,freeway,2,25.0,25000
3,period,5475072,46107,multitask,freeway,3,29.0,25000
3,period,5475072,46107,multitask,freeway,4,24.0,25000
3,period,5475072,46107,multitask,freeway,5,24.0,25000
3,period,5475072,46107,multitask,freeway,6,25.0,25000
3,period,5475072,46107,multitask,freeway,7,31.0,25000
3,period,5475072,46107,multitask,freeway,8,28.0,25000
3,period,5475072,46107,multitask,freeway,9,23.0,25000
3,period,5475072,46107,multitask,freeway,10,31.0,25000
3,period,5500416,46266,multitask,breakout,1,6.0,640
3,period,5500416,46266,multitask,breakout,2,3.0,640
3,period,5500416,46266,multitask,breakout,3,6.0,640
3,period,5500416,46266,multitask,breakout,4,5.0,640
3,period,5500416,46266,multitask,breakout,5,6.0,640
3,period,5500416,46266,multitask,breakout,6,5.0,640
3,period,5500416,46266,multitask,breakout,7,5.0,640
3,period,5500416,46266,multitask,breakout,8,6.0,640
3,period,5500416,46266,multitask,breakout,9,6.0,640
3,period,5500416,46266,multitask,breakout,10,5.0,640
3,period,5500416,46266,multitask,space_invaders,1,70.0,3458
3,period,5500416,46266,multitask,space_invaders,2,25.0,3458
3,period,5500416,46266,multitask,space_invaders,3,24.0,3458
3,period,5500416,46266,multitask,space_invaders,4,26.0,3458
3,period,5500416,46266,multitask,space_invaders,5,65.0,3458
3,period,5500416,46266,multitask,space_invaders,6,71.0,3458
3,period,5500416,46266,multitask,space_invaders,7,8.0,3458
3,period,5500416,46266,multitask,space_invaders,8,119.0,3458
3,period,5500416,46266,multitask,space_invaders,9,24.0,3458
3,period,5500416,46266,multitask,space_invaders,10,25.0,3458
3,period,5500416,46266,multitask,freeway,1,32.0,25000
3,period,5500416,46266,multitask,freeway,2,30.0,25000
3,period,5500416,46266,multitask,freeway,3,29.0,25000
3,period,5500416,46266,multitask,freeway,4,34.0,25000
3,period,5500416,46266,multitask,freeway,5,22.0,25000
3,period,5500416,46266,multitask,freeway,6,26.0,25000
3,period,5500416,46266,multitask,freeway,7,19.0,25000
3,period,5500416,46266,multitask,freeway,8,22.0,25000
3,period,5500416,46266,multitask,freeway,9,24.0,25000
3,period,5500416,46266,multitask,freeway,10,25.0,25000
3,period,5525760,46425,multitask,breakout,1,2.0,492
3,period,5525760,46425,multitask,breakout,2,5.0,492
3,period,5525760,46425,multitask,breakout,3,6.0,492
3,period,5525760,46425,multitask,breakout,4,1.0,492
3,period,5525760,46425,multitask,breakout,5,5.0,492
3,period,5525760,46425,multitask,breakout,6,5.0,492
3,period,5525760,46425,multitask,breakout,7,3.0,492
3,period,5525760,46425,multitask,breakout,8,5.0,492
3,period,5525760,46425,multitask,breakout,9,5.0,492
3,period,5525760,46425,multitask,breakout,10,3.0,492
3,period,5525760,46425,multitask,space_invaders,1,94.0,3075
3,period,5525760,46425,multitask,space_invaders,2,24.0,3075
3,period,5525760,46425,multitask,space_invaders,3,26.0,3075
3,period,5525760,46425,multitask,space_invaders,4,21.0,3075
3,period,5525760,46425,multitask,space_invaders,5,9.0,3075
3,period,5525760,46425,multitask,space_invaders,6,71.0,3075
3,period,5525760,46425,multitask,space_invaders,7,38.0,3075
3,period,5525760,46425,multitask,space_invaders,8,20.0,3075
3,period,5525760,46425,multitask,space_invaders,9,71.0,3075
3,period,5525760,46425,multitask,space_invaders,10,47.0,3075
3,period,5525760,46425,multitask,freeway,1,25.0,25000
3,period,5525760,46425,multitask,freeway,2,27.0,25000
3,period,5525760,46425,multitask,freeway,3,25.0,25000
3,period,5525760,46425,multitask,freeway,4,22.0,25000
3,period,5525760,46425,multitask,freeway,5,29.0,25000
3,period,5525760,46425,multitask,freeway,6,32.0,25000
3,period,5525760,46425,multitask,freeway,7,25.0,25000
3,period,5525760,46425,multitask,freeway,8,26.0,25000
3,period,5525760,46425,multitask,freeway,9,25.0,25000
3,period,5525760,46425,multitask,freeway,10,30.0,25000
3,period,5550336,46576,multitask,breakout,1,6.0,554
3,period,5550336,46576,multitask,breakout,2,5.0,554
3,period,5550336,46576,multitask,breakout,3,0.0,554
3,period,5550336,46576,multitask,breakout,4,0.0,554
3,period,5550336,46576,multitask,breakout,5,6.0,554
3,period,5550336,46576,multitask,breakout,6,6.0,554
3,period,5550336,46576,multitask,breakout,7,6.0,554
3,period,5550336,46576,multitask,breakout,8,6.0,554
3,period,5550336,46576,multitask,breakout,9,6.0,554
3,period,5550336,46576,multitask,breakout,10,5.0,554
3,period,5550336,46576,multitask,space_invaders,1,39.0,4683
3,period,5550336,46576,multitask,space_invaders,2,22.0,4683
3,period,5550336,46576,multitask,space_invaders,3,71.0,4683
3,period,5550336,46576,multitask,space_invaders,4,23.0,4683
3,period,5550336,46576,multitask,space_invaders,5,47.0,4683
3,period,5550336,46576,multitask,space_invaders,6,95.0,4683
3,period,5550336,46576,multitask,space_invaders,7,126.0,4683
3,period,5550336,46576,multitask,space_invaders,8,47.0,4683
3,period,5550336,46576,multitask,space_invaders,9,75.0,4683
3,period,5550336,46576,multitask,space_invaders,10,74.0,4683
3,period,5550336,46576,multitask,freeway,1,28.0,25000
3,period,5550336,46576,multitask,freeway,2,30.0,25000
3,period,5550336,46576,multitask,freeway,3,32.0,25000
3,period,5550336,46576,multitask,freeway,4,24.0,25000
3,period,5550336,46576,multitask,freeway,5,28.0,25000
3,period,5550336,46576,multitask,freeway,6,30.0,25000
3,period,5550336,46576,multitask,freeway,7,31.0,25000
3,period,5550336,46576,multitask,freeway,8,31.0,25000
3,period,5550336,46576,multitask,freeway,9,35.0,25000
3,period,5550336,46576,multitask,freeway,10,23.0,25000
3,period,5575680,46732,multitask,breakout,1,5.0,650
3,period,5575680,46732,multitask,breakout,2,5.0,650
3,period,5575680,46732,multitask,breakout,3,6.0,650
3,period,5575680,46732,multitask,breakout,4,6.0,650
3,period,5575680,46732,multitask,breakout,5,5.0,650
3,period,5575680,46732,multitask,breakout,6,5.0,650
3,period,5575680,46732,multitask,breakout,7,5.0,650
3,period,5575680,46732,multitask,breakout,8,6.0,650
3,period,5575680,46732,multitask,breakout,9,6.0,650
3,period,5575680,46732,multitask,breakout,10,6.0,650
3,period,5575680,46732,multitask,space_invaders,1,74.0,6333
3,period,5575680,46732,multitask,space_invaders,2,43.0,6333
3,period,5575680,46732,multitask,space_invaders,3,65.0,6333
3,period,5575680,46732,multitask,space_invaders,4,23.0,6333
3,period,5575680,46732,multitask,space_invaders,5,71.0,6333
3,period,5575680,46732,multitask,space_invaders,6,23.0,6333
3,period,5575680,46732,multitask,space_invaders,7,23.0,6333
3,period,5575680,46732,multitask,space_invaders,8,186.0,6333
3,period,5575680,46732,multitask,space_invaders,9,214.0,6333
3,period,5575680,46732,multitask,space_invaders,10,94.0,6333
3,period,5575680,46732,multitask,freeway,1,27.0,25000
3,period,5575680,46732,multitask,freeway,2,18.0,25000
3,period,5575680,46732,multitask,freeway,3,22.0,25000
3,period,5575680,46732,multitask,freeway,4,21.0,25000
3,period,5575680,46732,multitask,freeway,5,11.0,25000
3,period,5575680,46732,multitask,freeway,6,27.0,25000
3,period,5575680,46732,multitask,freeway,7,27.0,25000
3,period,5575680,46732,multitask,freeway,8,29.0,25000
3,period,5575680,46732,multitask,freeway,9,28.0,25000
3,period,5575680,46732,multitask,freeway,10,29.0,25000
3,period,5600256,46904,multitask,breakout,1,5.0,682
3,period,5600256,46904,multitask,breakout,2,5.0,682
3,period,5600256,46904,multitask,breakout,3,6.0,682
3,period,5600256,46904,multitask,breakout,4,6.0,682
3,period,5600256,46904,multitask,breakout,5,6.0,682
3,period,5600256,46904,multitask,breakout,6,6.0,682
3,period,5600256,46904,multitask,breakout,7,6.0,682
3,period,5600256,46904,multitask,breakout,8,6.0,682
3,period,5600256,46904,multitask,breakout,9,6.0,682
3,period,5600256,46904,multitask,breakout,10,6.0,682
3,period,5600256,46904,multitask,space_invaders,1,26.0,3998
3,period,5600256,46904,multitask,space_invaders,2,24.0,3998
3,period,5600256,46904,multitask,space_invaders,3,26.0,3998
3,period,5600256,46904,multitask,space_invaders,4,39.0,3998
3,period,5600256,46904,multitask,space_invaders,5,47.0,3998
3,period,5600256,46904,multitask,space_invaders,6,72.0,3998
3,period,5600256,46904,multitask,space_invaders,7,66.0,3998
3,period,5600256,46904,multitask,space_invaders,8,71.0,3998
3,period,5600256,46904,multitask,space_invaders,9,26.0,3998
3,period,5600256,46904,multitask,space_invaders,10,119.0,3998
3,period,5600256,46904,multitask,freeway,1,29.0,25000
3,period,5600256,46904,multitask,freeway,2,28.0,25000
3,period,5600256,46904,multitask,freeway,3,18.0,25000
3,period,5600256,46904,multitask,freeway,4,22.0,25000
3,period,5600256,46904,multitask,freeway,5,27.0,25000
3,period,5600256,46904,multitask,freeway,6,26.0,25000
3,period,5600256,46904,multitask,freeway,7,28.0,25000
3,period,5600256,46904,multitask,freeway,8,23.0,25000
3,period,5600256,46904,multitask,freeway,9,30.0,25000
3,period,5600256,46904,multitask,freeway,10,28.0,25000
3,period,5625600,47072,multitask,breakout,1,5.0,620
3,period,5625600,47072,multitask,breakout,2,6.0,620
3,period,5625600,47072,multitask,breakout,3,4.0,620
3,period,5625600,47072,multitask,breakout,4,5.0,620
3,period,5625600,47072,multitask,breakout,5,5.0,620
3,period,5625600,47072,multitask,breakout,6,5.0,620
3,period,5625600,47072,multitask,breakout,7,6.0,620
3,period,5625600,47072,multitask,breakout,8,6.0,620
3,period,5625600,47072,multitask,breakout,9,5.0,620
3,period,5625600,47072,multitask,breakout,10,5.0,620
3,period,5625600,47072,multitask,space_invaders,1,95.0,6581
3,period,5625600,47072,multitask,space_invaders,2,118.0,6581
3,period,5625600,47072,multitask,space_invaders,3,135.0,6581
3,period,5625600,47072,multitask,space_invaders,4,47.0,6581
3,period,5625600,47072,multitask,space_invaders,5,45.0,6581
3,period,5625600,47072,multitask,space_invaders,6,141.0,6581
3,period,5625600,47072,multitask,space_invaders,7,143.0,6581
3,period,5625600,47072,multitask,space_invaders,8,100.0,6581
3,period,5625600,47072,multitask,space_invaders,9,23.0,6581
3,period,5625600,47072,multitask,space_invaders,10,27.0,6581
3,period,5625600,47072,multitask,freeway,1,29.0,25000
3,period,5625600,47072,multitask,freeway,2,24.0,25000
3,period,5625600,47072,multitask,freeway,3,33.0,25000
3,period,5625600,47072,multitask,freeway,4,30.0,25000
3,period,5625600,47072,multitask,freeway,5,24.0,25000
3,period,5625600,47072,multitask,freeway,6,25.0,25000
3,period,5625600,47072,multitask,freeway,7,29.0,25000
3,period,5625600,47072,multitask,freeway,8,30.0,25000
3,period,5625600,47072,multitask,freeway,9,30.0,25000
3,period,5625600,47072,multitask,freeway,10,25.0,25000
3,period,5650176,47215,multitask,breakout,1,5.0,682
3,period,5650176,47215,multitask,breakout,2,7.0,682
3,period,5650176,47215,multitask,breakout,3,5.0,682
3,period,5650176,47215,multitask,breakout,4,6.0,682
3,period,5650176,47215,multitask,breakout,5,6.0,682
3,period,5650176,47215,multitask,breakout,6,5.0,682
3,period,5650176,47215,multitask,breakout,7,6.0,682
3,period,5650176,47215,multitask,breakout,8,6.0,682
3,period,5650176,47215,multitask,breakout,9,6.0,682
3,period,5650176,47215,multitask,breakout,10,6.0,682
3,period,5650176,47215,multitask,space_invaders,1,117.0,7239
3,period,5650176,47215,multitask,space_invaders,2,49.0,7239
3,period,5650176,47215,multitask,space_invaders,3,46.0,7239
3,period,5650176,47215,multitask,space_invaders,4,95.0,7239
3,period,5650176,47215,multitask,space_invaders,5,42.0,7239
3,period,5650176,47215,multitask,space_invaders,6,96.0,7239
3,period,5650176,47215,multitask,space_invaders,7,137.0,7239
3,period,5650176,47215,multitask,space_invaders,8,95.0,7239
3,period,5650176,47215,multitask,space_invaders,9,112.0,7239
3,period,5650176,47215,multitask,space_invaders,10,166.0,7239
3,period,5650176,47215,multitask,freeway,1,19.0,25000
3,period,5650176,47215,multitask,freeway,2,27.0,25000
3,period,5650176,47215,multitask,freeway,3,32.0,25000
3,period,5650176,47215,multitask,freeway,4,25.0,25000
3,period,5650176,47215,multitask,freeway,5,22.0,25000
3,period,5650176,47215,multitask,freeway,6,19.0,25000
3,period,5650176,47215,multitask,freeway,7,26.0,25000
3,period,5650176,47215,multitask,freeway,8,34.0,25000
3,period,5650176,47215,multitask,freeway,9,20.0,25000
3,period,5650176,47215,multitask,freeway,10,19.0,25000
3,period,5675520,47368,multitask,breakout,1,6.0,652
3,period,5675520,47368,multitask,breakout,2,7.0,652
3,period,5675520,47368,multitask,breakout,3,5.0,652
3,period,5675520,47368,multitask,breakout,4,5.0,652
3,period,5675520,47368,multitask,breakout,5,5.0,652
3,period,5675520,47368,multitask,breakout,6,5.0,652
3,period,5675520,47368,multitask,breakout,7,5.0,652
3,period,5675520,47368,multitask,breakout,8,6.0,652
3,period,5675520,47368,multitask,breakout,9,6.0,652
3,period,5675520,47368,multitask,breakout,10,5.0,652
3,period,5675520,47368,multitask,space_invaders,1,47.0,6652
3,period,5675520,47368,multitask,space_invaders,2,143.0,6652
3,period,5675520,47368,multitask,space_invaders,3,95.0,6652
3,period,5675520,47368,multitask,space_invaders,4,107.0,6652
3,period,5675520,47368,multitask,space_invaders,5,64.0,6652
3,period,5675520,47368,multitask,space_invaders,6,118.0,6652
3,period,5675520,47368,multitask,space_invaders,7,138.0,6652
3,period,5675520,47368,multitask,space_invaders,8,46.0,6652
3,period,5675520,47368,multitask,space_invaders,9,47.0,6652
3,period,5675520,47368,multitask,space_invaders,10,93.0,6652
3,period,5675520,47368,multitask,freeway,1,24.0,25000
3,period,5675520,47368,multitask,freeway,2,23.0,25000
3,period,5675520,47368,multitask,freeway,3,31.0,25000
3,period,5675520,47368,multitask,freeway,4,29.0,25000
3,period,5675520,47368,multitask,freeway,5,25.0,25000
3,period,5675520,47368,multitask,freeway,6,25.0,25000
3,period,5675520,47368,multitask,freeway,7,33.0,25000
3,period,5675520,47368,multitask,freeway,8,29.0,25000
3,period,5675520,47368,multitask,freeway,9,32.0,25000
3,period,5675520,47368,multitask,freeway,10,21.0,25000
3,period,5700096,47532,multitask,breakout,1,6.0,520
3,period,5700096,47532,multitask,breakout,2,3.0,520
3,period,5700096,47532,multitask,breakout,3,6.0,520
3,period,5700096,47532,multitask,breakout,4,5.0,520
3,period,5700096,47532,multitask,breakout,5,3.0,520
3,period,5700096,47532,multitask,breakout,6,3.0,520
3,period,5700096,47532,multitask,breakout,7,6.0,520
3,period,5700096,47532,multitask,breakout,8,5.0,520
3,period,5700096,47532,multitask,breakout,9,6.0,520
3,period,5700096,47532,multitask,breakout,10,0.0,520
3,period,5700096,47532,multitask,space_invaders,1,95.0,5285
3,period,5700096,47532,multitask,space_invaders,2,113.0,5285
3,period,5700096,47532,multitask,space_invaders,3,95.0,5285
3,period,5700096,47532,multitask,space_invaders,4,3.0,5285
3,period,5700096,47532,multitask,space_invaders,5,23.0,5285
3,period,5700096,47532,multitask,space_invaders,6,96.0,5285
3,period,5700096,47532,multitask,space_invaders,7,120.0,5285
3,period,5700096,47532,multitask,space_invaders,8,121.0,5285
3,period,5700096,47532,multitask,space_invaders,9,26.0,5285
3,period,5700096,47532,multitask,space_invaders,10,26.0,5285
3,period,5700096,47532,multitask,freeway,1,27.0,25000
3,period,5700096,47532,multitask,freeway,2,28.0,25000
3,period,5700096,47532,multitask,freeway,3,25.0,25000
3,period,5700096,47532,multitask,freeway,4,32.0,25000
3,period,5700096,47532,multitask,freeway,5,23.0,25000
3,period,5700096,47532,multitask,freeway,6,24.0,25000
3,period,5700096,47532,multitask,freeway,7,29.0,25000
3,period,5700096,47532,multitask,freeway,8,24.0,25000
3,period,5700096,47532,multitask,freeway,9,26.0,25000
3,period,5700096,47532,multitask,freeway,10,27.0,25000
3,period,5725440,47747,multitask,breakout,1,5.0,644
3,period,5725440,47747,multitask,breakout,2,6.0,644
3,period,5725440,47747,multitask,breakout,3,5.0,644
3,period,5725440,47747,multitask,breakout,4,6.0,644
3,period,5725440,47747,multitask,breakout,5,5.0,644
3,period,5725440,47747,multitask,breakout,6,5.0,644
3,period,5725440,47747,multitask,breakout,7,6.0,644
3,period,5725440,47747,multitask,breakout,8,5.0,644
3,period,5725440,47747,multitask,breakout,9,6.0,644
3,period,5725440,47747,multitask,breakout,10,5.0,644
3,period,5725440,47747,multitask,space_invaders,1,3.0,180
3,period,5725440,47747,multitask,space_invaders,2,3.0,180
3,period,5725440,47747,multitask,space_invaders,3,3.0,180
3,period,5725440,47747,multitask,space_invaders,4,3.0,180
3,period,5725440,47747,multitask,space_invaders,5,3.0,180
3,period,5725440,47747,multitask,space_invaders,6,3.0,180
3,period,5725440,47747,multitask,space_invaders,7,3.0,180
3,period,5725440,47747,multitask,space_invaders,8,3.0,180
3,period,5725440,47747,multitask,space_invaders,9,3.0,180
3,period,5725440,47747,multitask,space_invaders,10,3.0,180
3,period,5725440,47747,multitask,freeway,1,27.0,25000
3,period,5725440,47747,multitask,freeway,2,26.0,25000
3,period,5725440,47747,multitask,freeway,3,21.0,25000
3,period,5725440,47747,multitask,freeway,4,17.0,25000
3,period,5725440,47747,multitask,freeway,5,27.0,25000
3,period,5725440,47747,multitask,freeway,6,27.0,25000
3,period,5725440,47747,multitask,freeway,7,21.0,25000
3,period,5725440,47747,multitask,freeway,8,27.0,25000
3,period,5725440,47747,multitask,freeway,9,17.0,25000
3,period,5725440,47747,multitask,freeway,10,18.0,25000
3,period,5750016,48313,multitask,breakout,1,5.0,630
3,period,5750016,48313,multitask,breakout,2,6.0,630
3,period,5750016,48313,multitask,breakout,3,5.0,630
3,period,5750016,48313,multitask,breakout,4,5.0,630
3,period,5750016,48313,multitask,breakout,5,5.0,630
3,period,5750016,48313,multitask,breakout,6,6.0,630
3,period,5750016,48313,multitask,breakout,7,5.0,630
3,period,5750016,48313,multitask,breakout,8,6.0,630
3,period,5750016,48313,multitask,breakout,9,5.0,630
3,period,5750016,48313,multitask,breakout,10,5.0,630
3,period,5750016,48313,multitask,space_invaders,1,3.0,180
3,period,5750016,48313,multitask,space_invaders,2,3.0,180
3,period,5750016,48313,multitask,space_invaders,3,3.0,180
3,period,5750016,48313,multitask,space_invaders,4,3.0,180
3,period,5750016,48313,multitask,space_invaders,5,3.0,180
3,period,5750016,48313,multitask,space_invaders,6,3.0,180
3,period,5750016,48313,multitask,space_invaders,7,3.0,180
3,period,5750016,48313,multitask,space_invaders,8,3.0,180
3,period,5750016,48313,multitask,space_invaders,9,3.0,180
3,period,5750016,48313,multitask,space_invaders,10,3.0,180
3,period,5750016,48313,multitask,freeway,1,23.0,25000
3,period,5750016,48313,multitask,freeway,2,38.0,25000
3,period,5750016,48313,multitask,freeway,3,25.0,25000
3,period,5750016,48313,multitask,freeway,4,24.0,25000
3,period,5750016,48313,multitask,freeway,5,16.0,25000
3,period,5750016,48313,multitask,freeway,6,24.0,25000
3,period,5750016,48313,multitask,freeway,7,30.0,25000
3,period,5750016,48313,multitask,freeway,8,19.0,25000
3,period,5750016,48313,multitask,freeway,9,34.0,25000
3,period,5750016,48313,multitask,freeway,10,30.0,25000
3,period,5775360,48919,multitask,breakout,1,5.0,532
3,period,5775360,48919,multitask,breakout,2,1.0,532
3,period,5775360,48919,multitask,breakout,3,6.0,532
3,period,5775360,48919,multitask,breakout,4,3.0,532
3,period,5775360,48919,multitask,breakout,5,5.0,532
3,period,5775360,48919,multitask,breakout,6,5.0,532
3,period,5775360,48919,multitask,breakout,7,6.0,532
3,period,5775360,48919,multitask,breakout,8,2.0,532
3,period,5775360,48919,multitask,breakout,9,5.0,532
3,period,5775360,48919,multitask,breakout,10,6.0,532
3,period,5775360,48919,multitask,space_invaders,1,3.0,180
3,period,5775360,48919,multitask,space_invaders,2,3.0,180
3,period,5775360,48919,multitask,space_invaders,3,3.0,180
3,period,5775360,48919,multitask,space_invaders,4,3.0,180
3,period,5775360,48919,multitask,space_invaders,5,3.0,180
3,period,5775360,48919,multitask,space_invaders,6,3.0,180
3,period,5775360,48919,multitask,space_invaders,7,3.0,180
3,period,5775360,48919,multitask,space_invaders,8,3.0,180
3,period,5775360,48919,multitask,space_invaders,9,3.0,180
3,period,5775360,48919,multitask,space_invaders,10,3.0,180
3,period,5775360,48919,multitask,freeway,1,20.0,25000
3,period,5775360,48919,multitask,freeway,2,23.0,25000
3,period,5775360,48919,multitask,freeway,3,31.0,25000
3,period,5775360,48919,multitask,freeway,4,21.0,25000
3,period,5775360,48919,multitask,freeway,5,32.0,25000
3,period,5775360,48919,multitask,freeway,6,26.0,25000
3,period,5775360,48919,multitask,freeway,7,32.0,25000
3,period,5775360,48919,multitask,freeway,8,18.0,25000
3,period,5775360,48919,multitask,freeway,9,22.0,25000
3,period,5775360,48919,multitask,freeway,10,25.0,25000
3,period,5800704,49529,multitask,breakout,1,6.0,654
3,period,5800704,49529,multitask,breakout,2,6.0,654
3,period,5800704,49529,multitask,breakout,3,3.0,654
3,period,5800704,49529,multitask,breakout,4,6.0,654
3,period,5800704,49529,multitask,breakout,5,6.0,654
3,period,5800704,49529,multitask,breakout,6,6.0,654
3,period,5800704,49529,multitask,breakout,7,5.0,654
3,period,5800704,49529,multitask,breakout,8,6.0,654
3,period,5800704,49529,multitask,breakout,9,5.0,654
3,period,5800704,49529,multitask,breakout,10,6.0,654
3,period,5800704,49529,multitask,space_invaders,1,3.0,180
3,period,5800704,49529,multitask,space_invaders,2,3.0,180
3,period,5800704,49529,multitask,space_invaders,3,3.0,180
3,period,5800704,49529,multitask,space_invaders,4,3.0,180
3,period,5800704,49529,multitask,space_invaders,5,3.0,180
3,period,5800704,49529,multitask,space_invaders,6,3.0,180
3,period,5800704,49529,multitask,space_invaders,7,3.0,180
3,period,5800704,49529,multitask,space_invaders,8,3.0,180
3,period,5800704,49529,multitask,space_invaders,9,3.0,180
3,period,5800704,49529,multitask,space_invaders,10,3.0,180
3,period,5800704,49529,multitask,freeway,1,28.0,25000
3,period,5800704,49529,multitask,freeway,2,20.0,25000
3,period,5800704,49529,multitask,freeway,3,21.0,25000
3,period,5800704,49529,multitask,freeway,4,31.0,25000
3,period,5800704,49529,multitask,freeway,5,30.0,25000
3,period,5800704,49529,multitask,freeway,6,23.0,25000
3,period,5800704,49529,multitask,freeway,7,24.0,25000
3,period,5800704,49529,multitask,freeway,8,23.0,25000
3,period,5800704,49529,multitask,freeway,9,23.0,25000
3,period,5800704,49529,multitask,freeway,10,23.0,25000
3,period,5825280,50136,multitask,breakout,1,6.0,638
3,period,5825280,50136,multitask,breakout,2,6.0,638
3,period,5825280,50136,multitask,breakout,3,3.0,638
3,period,5825280,50136,multitask,breakout,4,5.0,638
3,period,5825280,50136,multitask,breakout,5,6.0,638
3,period,5825280,50136,multitask,breakout,6,5.0,638
3,period,5825280,50136,multitask,breakout,7,6.0,638
3,period,5825280,50136,multitask,breakout,8,5.0,638
3,period,5825280,50136,multitask,breakout,9,6.0,638
3,period,5825280,50136,multitask,breakout,10,6.0,638
3,period,5825280,50136,multitask,space_invaders,1,3.0,180
3,period,5825280,50136,multitask,space_invaders,2,3.0,180
3,period,5825280,50136,multitask,space_invaders,3,3.0,180
3,period,5825280,50136,multitask,space_invaders,4,3.0,180
3,period,5825280,50136,multitask,space_invaders,5,3.0,180
3,period,5825280,50136,multitask,space_invaders,6,3.0,180
3,period,5825280,50136,multitask,space_invaders,7,3.0,180
3,period,5825280,50136,multitask,space_invaders,8,3.0,180
3,period,5825280,50136,multitask,space_invaders,9,3.0,180
3,period,5825280,50136,multitask,space_invaders,10,3.0,180
3,period,5825280,50136,multitask,freeway,1,27.0,25000
3,period,5825280,50136,multitask,freeway,2,24.0,25000
3,period,5825280,50136,multitask,freeway,3,17.0,25000
3,period,5825280,50136,multitask,freeway,4,31.0,25000
3,period,5825280,50136,multitask,freeway,5,28.0,25000
3,period,5825280,50136,multitask,freeway,6,23.0,25000
3,period,5825280,50136,multitask,freeway,7,23.0,25000
3,period,5825280,50136,multitask,freeway,8,23.0,25000
3,period,5825280,50136,multitask,freeway,9,24.0,25000
3,period,5825280,50136,multitask,freeway,10,32.0,25000
3,period,5850624,50741,multitask,breakout,1,3.0,586
3,period,5850624,50741,multitask,breakout,2,3.0,586
3,period,5850624,50741,multitask,breakout,3,5.0,586
3,period,5850624,50741,multitask,breakout,4,5.0,586
3,period,5850624,50741,multitask,breakout,5,6.0,586
3,period,5850624,50741,multitask,breakout,6,6.0,586
3,period,5850624,50741,multitask,breakout,7,3.0,586
3,period,5850624,50741,multitask,breakout,8,6.0,586
3,period,5850624,50741,multitask,breakout,9,6.0,586
3,period,5850624,50741,multitask,breakout,10,6.0,586
3,period,5850624,50741,multitask,space_invaders,1,3.0,180
3,period,5850624,50741,multitask,space_invaders,2,3.0,180
3,period,5850624,50741,multitask,space_invaders,3,3.0,180
3,period,5850624,50741,multitask,space_invaders,4,3.0,180
3,period,5850624,50741,multitask,space_invaders,5,3.0,180
3,period,5850624,50741,multitask,space_invaders,6,3.0,180
3,period,5850624,50741,multitask,space_invaders,7,3.0,180
3,period,5850624,50741,multitask,space_invaders,8,3.0,180
3,period,5850624,50741,multitask,space_invaders,9,3.0,180
3,period,5850624,50741,multitask,space_invaders,10,3.0,180
3,period,5850624,50741,multitask,freeway,1,17.0,25000
3,period,5850624,50741,multitask,freeway,2,24.0,25000
3,period,5850624,50741,multitask,freeway,3,28.0,25000
3,period,5850624,50741,multitask,freeway,4,26.0,25000
3,period,5850624,50741,multitask,freeway,5,26.0,25000
3,period,5850624,50741,multitask,freeway,6,20.0,25000
3,period,5850624,50741,multitask,freeway,7,24.0,25000
3,period,5850624,50741,multitask,freeway,8,22.0,25000
3,period,5850624,50741,multitask,freeway,9,21.0,25000
3,period,5850624,50741,multitask,freeway,10,29.0,25000
3,period,5875200,51335,multitask,breakout,1,5.0,606
3,period,5875200,51335,multitask,breakout,2,5.0,606
3,period,5875200,51335,multitask,breakout,3,5.0,606
3,period,5875200,51335,multitask,breakout,4,6.0,606
3,period,5875200,51335,multitask,breakout,5,2.0,606
3,period,5875200,51335,multitask,breakout,6,6.0,606
3,period,5875200,51335,multitask,breakout,7,6.0,606
3,period,5875200,51335,multitask,breakout,8,5.0,606
3,period,5875200,51335,multitask,breakout,9,5.0,606
3,period,5875200,51335,multitask,breakout,10,6.0,606
3,period,5875200,51335,multitask,space_invaders,1,3.0,180
3,period,5875200,51335,multitask,space_invaders,2,3.0,180
3,period,5875200,51335,multitask,space_invaders,3,3.0,180
3,period,5875200,51335,multitask,space_invaders,4,3.0,180
3,period,5875200,51335,multitask,space_invaders,5,3.0,180
3,period,5875200,51335,multitask,space_invaders,6,3.0,180
3,period,5875200,51335,multitask,space_invaders,7,3.0,180
3,period,5875200,51335,multitask,space_invaders,8,3.0,180
3,period,5875200,51335,multitask,space_invaders,9,3.0,180
3,period,5875200,51335,multitask,space_invaders,10,3.0,180
3,period,5875200,51335,multitask,freeway,1,13.0,25000
3,period,5875200,51335,multitask,freeway,2,39.0,25000
3,period,5875200,51335,multitask,freeway,3,27.0,25000
3,period,5875200,51335,multitask,freeway,4,19.0,25000
3,period,5875200,51335,multitask,freeway,5,29.0,25000
3,period,5875200,51335,multitask,freeway,6,26.0,25000
3,period,5875200,51335,multitask,freeway,7,25.0,25000
3,period,5875200,51335,multitask,freeway,8,26.0,25000
3,period,5875200,51335,multitask,freeway,9,33.0,25000
3,period,5875200,51335,multitask,freeway,10,30.0,25000
3,period,5900544,51941,multitask,breakout,1,5.0,598
3,period,5900544,51941,multitask,breakout,2,5.0,598
3,period,5900544,51941,multitask,breakout,3,5.0,598
3,period,5900544,51941,multitask,breakout,4,3.0,598
3,period,5900544,51941,multitask,breakout,5,5.0,598
3,period,5900544,51941,multitask,breakout,6,5.0,598
3,period,5900544,51941,multitask,breakout,7,6.0,598
3,period,5900544,51941,multitask,breakout,8,6.0,598
3,period,5900544,51941,multitask,breakout,9,5.0,598
3,period,5900544,51941,multitask,breakout,10,5.0,598
3,period,5900544,51941,multitask,space_invaders,1,3.0,180
3,period,5900544,51941,multitask,space_invaders,2,3.0,180
3,period,5900544,51941,multitask,space_invaders,3,3.0,180
3,period,5900544,51941,multitask,space_invaders,4,3.0,180
3,period,5900544,51941,multitask,space_invaders,5,3.0,180
3,period,5900544,51941,multitask,space_invaders,6,3.0,180
3,period,5900544,51941,multitask,space_invaders,7,3.0,180
3,period,5900544,51941,multitask,space_invaders,8,3.0,180
3,period,5900544,51941,multitask,space_invaders,9,3.0,180
3,period,5900544,51941,multitask,space_invaders,10,3.0,180
3,period,5900544,51941,multitask,freeway,1,27.0,25000
3,period,5900544,51941,multitask,freeway,2,19.0,25000
3,period,5900544,51941,multitask,freeway,3,33.0,25000
3,period,5900544,51941,multitask,freeway,4,20.0,25000
3,period,5900544,51941,multitask,freeway,5,29.0,25000
3,period,5900544,51941,multitask,freeway,6,28.0,25000
3,period,5900544,51941,multitask,freeway,7,23.0,25000
3,period,5900544,51941,multitask,freeway,8,27.0,25000
3,period,5900544,51941,multitask,freeway,9,29.0,25000
3,period,5900544,51941,multitask,freeway,10,24.0,25000
3,period,5925120,52526,multitask,breakout,1,3.0,542
3,period,5925120,52526,multitask,breakout,2,3.0,542
3,period,5925120,52526,multitask,breakout,3,6.0,542
3,period,5925120,52526,multitask,breakout,4,5.0,542
3,period,5925120,52526,multitask,breakout,5,6.0,542
3,period,5925120,52526,multitask,breakout,6,5.0,542
3,period,5925120,52526,multitask,breakout,7,5.0,542
3,period,5925120,52526,multitask,breakout,8,1.0,542
3,period,5925120,52526,multitask,breakout,9,6.0,542
3,period,5925120,52526,multitask,breakout,10,5.0,542
3,period,5925120,52526,multitask,space_invaders,1,3.0,180
3,period,5925120,52526,multitask,space_invaders,2,3.0,180
3,period,5925120,52526,multitask,space_invaders,3,3.0,180
3,period,5925120,52526,multitask,space_invaders,4,3.0,180
3,period,5925120,52526,multitask,space_invaders,5,3.0,180
3,period,5925120,52526,multitask,space_invaders,6,3.0,180
3,period,5925120,52526,multitask,space_invaders,7,3.0,180
3,period,5925120,52526,multitask,space_invaders,8,3.0,180
3,period,5925120,52526,multitask,space_invaders,9,3.0,180
3,period,5925120,52526,multitask,space_invaders,10,3.0,180
3,period,5925120,52526,multitask,freeway,1,23.0,25000
3,period,5925120,52526,multitask,freeway,2,21.0,25000
3,period,5925120,52526,multitask,freeway,3,26.0,25000
3,period,5925120,52526,multitask,freeway,4,31.0,25000
3,period,5925120,52526,multitask,freeway,5,32.0,25000
3,period,5925120,52526,multitask,freeway,6,11.0,25000
3,period,5925120,52526,multitask,freeway,7,28.0,25000
3,period,5925120,52526,multitask,freeway,8,26.0,25000
3,period,5925120,52526,multitask,freeway,9,25.0,25000
3,period,5925120,52526,multitask,freeway,10,29.0,25000
3,period,5950464,53152,multitask,breakout,1,5.0,596
3,period,5950464,53152,multitask,breakout,2,6.0,596
3,period,5950464,53152,multitask,breakout,3,5.0,596
3,period,5950464,53152,multitask,breakout,4,5.0,596
3,period,5950464,53152,multitask,breakout,5,6.0,596
3,period,5950464,53152,multitask,breakout,6,6.0,596
3,period,5950464,53152,multitask,breakout,7,3.0,596
3,period,5950464,53152,multitask,breakout,8,5.0,596
3,period,5950464,53152,multitask,breakout,9,3.0,596
3,period,5950464,53152,multitask,breakout,10,6.0,596
3,period,5950464,53152,multitask,space_invaders,1,3.0,180
3,period,5950464,53152,multitask,space_invaders,2,3.0,180
3,period,5950464,53152,multitask,space_invaders,3,3.0,180
3,period,5950464,53152,multitask,space_invaders,4,3.0,180
3,period,5950464,53152,multitask,space_invaders,5,3.0,180
3,period,5950464,53152,multitask,space_invaders,6,3.0,180
3,period,5950464,53152,multitask,space_invaders,7,3.0,180
3,period,5950464,53152,multitask,space_invaders,8,3.0,180
3,period,5950464,53152,multitask,space_invaders,9,3.0,180
3,period,5950464,53152,multitask,space_invaders,10,3.0,180
3,period,5950464,53152,multitask,freeway,1,26.0,25000
3,period,5950464,53152,multitask,freeway,2,19.0,25000
3,period,5950464,53152,multitask,freeway,3,31.0,25000
3,period,5950464,53152,multitask,freeway,4,26.0,25000
3,period,5950464,53152,multitask,freeway,5,32.0,25000
3,period,5950464,53152,multitask,freeway,6,29.0,25000
3,period,5950464,53152,multitask,freeway,7,27.0,25000
3,period,5950464,53152,multitask,freeway,8,17.0,25000
3,period,5950464,53152,multitask,freeway,9,31.0,25000
3,period,5950464,53152,multitask,freeway,10,33.0,25000
3,period,5975040,53744,multitask,breakout,1,3.0,650
3,period,5975040,53744,multitask,breakout,2,6.0,650
3,period,5975040,53744,multitask,breakout,3,6.0,650
3,period,5975040,53744,multitask,breakout,4,6.0,650
3,period,5975040,53744,multitask,breakout,5,5.0,650
3,period,5975040,53744,multitask,breakout,6,6.0,650
3,period,5975040,53744,multitask,breakout,7,6.0,650
3,period,5975040,53744,multitask,breakout,8,6.0,650
3,period,5975040,53744,multitask,breakout,9,5.0,650
3,period,5975040,53744,multitask,breakout,10,6.0,650
3,period,5975040,53744,multitask,space_invaders,1,3.0,180
3,period,5975040,53744,multitask,space_invaders,2,3.0,180
3,period,5975040,53744,multitask,space_invaders,3,3.0,180
3,period,5975040,53744,multitask,space_invaders,4,3.0,180
3,period,5975040,53744,multitask,space_invaders,5,3.0,180
3,period,5975040,53744,multitask,space_invaders,6,3.0,180
3,period,5975040,53744,multitask,space_invaders,7,3.0,180
3,period,5975040,53744,multitask,space_invaders,8,3.0,180
3,period,5975040,53744,multitask,space_invaders,9,3.0,180
3,period,5975040,53744,multitask,space_invaders,10,3.0,180
3,period,5975040,53744,multitask,freeway,1,26.0,25000
3,period,5975040,53744,multitask,freeway,2,27.0,25000
3,period,5975040,53744,multitask,freeway,3,23.0,25000
3,period,5975040,53744,multitask,freeway,4,17.0,25000
3,period,5975040,53744,multitask,freeway,5,23.0,25000
3,period,5975040,53744,multitask,freeway,6,23.0,25000
3,period,5975040,53744,multitask,freeway,7,25.0,25000
3,period,5975040,53744,multitask,freeway,8,31.0,25000
3,period,5975040,53744,multitask,freeway,9,24.0,25000
3,period,5975040,53744,multitask,freeway,10,24.0,25000
4,boundary,7499520,82158,multitask,breakout,1,6.0,564
4,boundary,7499520,82158,multitask,breakout,2,5.0,564
4,boundary,7499520,82158,multitask,breakout,3,5.0,564
4,boundary,7499520,82158,multitask,breakout,4,5.0,564
4,boundary,7499520,82158,multitask,breakout,5,3.0,564
4,boundary,7499520,82158,multitask,breakout,6,5.0,564
4,boundary,7499520,82158,multitask,breakout,7,5.0,564
4,boundary,7499520,82158,multitask,breakout,8,1.0,564
4,boundary,7499520,82158,multitask,breakout,9,6.0,564
4,boundary,7499520,82158,multitask,breakout,10,6.0,564
4,boundary,7499520,82158,multitask,space_invaders,1,118.0,6317
4,boundary,7499520,82158,multitask,space_invaders,2,99.0,6317
4,boundary,7499520,82158,multitask,space_invaders,3,73.0,6317
4,boundary,7499520,82158,multitask,space_invaders,4,3.0,6317
4,boundary,7499520,82158,multitask,space_invaders,5,92.0,6317
4,boundary,7499520,82158,multitask,space_invaders,6,206.0,6317
4,boundary,7499520,82158,multitask,space_invaders,7,44.0,6317
4,boundary,7499520,82158,multitask,space_invaders,8,86.0,6317
4,boundary,7499520,82158,multitask,space_invaders,9,121.0,6317
4,boundary,7499520,82158,multitask,space_invaders,10,50.0,6317
4,boundary,7499520,82158,multitask,freeway,1,28.0,25000
4,boundary,7499520,82158,multitask,freeway,2,30.0,25000
4,boundary,7499520,82158,multitask,freeway,3,33.0,25000
4,boundary,7499520,82158,multitask,freeway,4,26.0,25000
4,boundary,7499520,82158,multitask,freeway,5,23.0,25000
4,boundary,7499520,82158,multitask,freeway,6,22.0,25000
4,boundary,7499520,82158,multitask,freeway,7,22.0,25000
4,boundary,7499520,82158,multitask,freeway,8,32.0,25000
4,boundary,7499520,82158,multitask,freeway,9,32.0,25000
4,boundary,7499520,82158,multitask,freeway,10,21.0,25000
4,period,6000384,54328,multitask,breakout,1,6.0,664
4,period,6000384,54328,multitask,breakout,2,5.0,664
4,period,6000384,54328,multitask,breakout,3,5.0,664
4,period,6000384,54328,multitask,breakout,4,7.0,664
4,period,6000384,54328,multitask,breakout,5,6.0,664
4,period,6000384,54328,multitask,breakout,6,6.0,664
4,period,6000384,54328,multitask,breakout,7,5.0,664
4,period,6000384,54328,multitask,breakout,8,6.0,664
4,period,6000384,54328,multitask,breakout,9,5.0,664
4,period,6000384,54328,multitask,breakout,10,5.0,664
4,period,6000384,54328,multitask,space_invaders,1,3.0,180
4,period,6000384,54328,multitask,space_invaders,2,3.0,180
4,period,6000384,54328,multitask,space_invaders,3,3.0,180
4,period,6000384,54328,multitask,space_invaders,4,3.0,180
4,period,6000384,54328,multitask,space_invaders,5,3.0,180
4,period,6000384,54328,multitask,space_invaders,6,3.0,180
4,period,6000384,54328,multitask,space_invaders,7,3.0,180
4,period,6000384,54328,multitask,space_invaders,8,3.0,180
4,period,6000384,54328,multitask,space_invaders,9,3.0,180
4,period,6000384,54328,multitask,space_invaders,10,3.0,180
4,period,6000384,54328,multitask,freeway,1,25.0,25000
4,period,6000384,54328,multitask,freeway,2,29.0,25000
4,period,6000384,54328,multitask,freeway,3,25.0,25000
4,period,6000384,54328,multitask,freeway,4,27.0,25000
4,period,6000384,54328,multitask,freeway,5,24.0,25000
4,period,6000384,54328,multitask,freeway,6,23.0,25000
4,period,6000384,54328,multitask,freeway,7,25.0,25000
4,period,6000384,54328,multitask,freeway,8,21.0,25000
4,period,6000384,54328,multitask,freeway,9,26.0,25000
4,period,6000384,54328,multitask,freeway,10,25.0,25000
4,period,6025728,54942,multitask,breakout,1,5.0,630
4,period,6025728,54942,multitask,breakout,2,5.0,630
4,period,6025728,54942,multitask,breakout,3,6.0,630
4,period,6025728,54942,multitask,breakout,4,3.0,630
4,period,6025728,54942,multitask,breakout,5,6.0,630
4,period,6025728,54942,multitask,breakout,6,6.0,630
4,period,6025728,54942,multitask,breakout,7,5.0,630
4,period,6025728,54942,multitask,breakout,8,6.0,630
4,period,6025728,54942,multitask,breakout,9,5.0,630
4,period,6025728,54942,multitask,breakout,10,6.0,630
4,period,6025728,54942,multitask,space_invaders,1,3.0,180
4,period,6025728,54942,multitask,space_invaders,2,3.0,180
4,period,6025728,54942,multitask,space_invaders,3,3.0,180
4,period,6025728,54942,multitask,space_invaders,4,3.0,180
4,period,6025728,54942,multitask,space_invaders,5,3.0,180
4,period,6025728,54942,multitask,space_invaders,6,3.0,180
4,period,6025728,54942,multitask,space_invaders,7,3.0,180
4,period,6025728,54942,multitask,space_invaders,8,3.0,180
4,period,6025728,54942,multitask,space_invaders,9,3.0,180
4,period,6025728,54942,multitask,space_invaders,10,3.0,180
4,period,6025728,54942,multitask,freeway,1,6.0,25000
4,period,6025728,54942,multitask,freeway,2,20.0,25000
4,period,6025728,54942,multitask,freeway,3,20.0,25000
4,period,6025728,54942,multitask,freeway,4,23.0,25000
4,period,6025728,54942,multitask,freeway,5,32.0,25000
4,period,6025728,54942,multitask,freeway,6,33.0,25000
4,period,6025728,54942,multitask,freeway,7,20.0,25000
4,period,6025728,54942,multitask,freeway,8,24.0,25000
4,period,6025728,54942,multitask,freeway,9,27.0,25000
4,period,6025728,54942,multitask,freeway,10,28.0,25000
4,period,6050304,55522,multitask,breakout,1,5.0,596
4,period,6050304,55522,multitask,breakout,2,6.0,596
4,period,6050304,55522,multitask,breakout,3,5.0,596
4,period,6050304,55522,multitask,breakout,4,3.0,596
4,period,6050304,55522,multitask,breakout,5,6.0,596
4,period,6050304,55522,multitask,breakout,6,6.0,596
4,period,6050304,55522,multitask,breakout,7,5.0,596
4,period,6050304,55522,multitask,breakout,8,5.0,596
4,period,6050304,55522,multitask,breakout,9,3.0,596
4,period,6050304,55522,multitask,breakout,10,6.0,596
4,period,6050304,55522,multitask,space_invaders,1,3.0,180
4,period,6050304,55522,multitask,space_invaders,2,3.0,180
4,period,6050304,55522,multitask,space_invaders,3,3.0,180
4,period,6050304,55522,multitask,space_invaders,4,3.0,180
4,period,6050304,55522,multitask,space_invaders,5,3.0,180
4,period,6050304,55522,multitask,space_invaders,6,3.0,180
4,period,6050304,55522,multitask,space_invaders,7,3.0,180
4,period,6050304,55522,multitask,space_invaders,8,3.0,180
4,period,6050304,55522,multitask,space_invaders,9,3.0,180
4,period,6050304,55522,multitask,space_invaders,10,3.0,180
4,period,6050304,55522,multitask,freeway,1,29.0,25000
4,period,6050304,55522,multitask,freeway,2,22.0,25000
4,period,6050304,55522,multitask,freeway,3,26.0,25000
4,period,6050304,55522,multitask,freeway,4,22.0,25000
4,period,6050304,55522,multitask,freeway,5,34.0,25000
4,period,6050304,55522,multitask,freeway,6,30.0,25000
4,period,6050304,55522,multitask,freeway,7,30.0,25000
4,period,6050304,55522,multitask,freeway,8,22.0,25000
4,period,6050304,55522,multitask,freeway,9,23.0,25000
4,period,6050304,55522,multitask,freeway,10,27.0,25000
4,period,6075648,56136,multitask,breakout,1,3.0,600
4,period,6075648,56136,multitask,breakout,2,5.0,600
4,period,6075648,56136,multitask,breakout,3,5.0,600
4,period,6075648,56136,multitask,breakout,4,5.0,600
4,period,6075648,56136,multitask,breakout,5,5.0,600
4,period,6075648,56136,multitask,breakout,6,6.0,600
4,period,6075648,56136,multitask,breakout,7,6.0,600
4,period,6075648,56136,multitask,breakout,8,5.0,600
4,period,6075648,56136,multitask,breakout,9,5.0,600
4,period,6075648,56136,multitask,breakout,10,5.0,600
4,period,6075648,56136,multitask,space_invaders,1,3.0,180
4,period,6075648,56136,multitask,space_invaders,2,2.0,180
4,period,6075648,56136,multitask,space_invaders,3,3.0,180
4,period,6075648,56136,multitask,space_invaders,4,3.0,180
4,period,6075648,56136,multitask,space_invaders,5,3.0,180
4,period,6075648,56136,multitask,space_invaders,6,3.0,180
4,period,6075648,56136,multitask,space_invaders,7,2.0,180
4,period,6075648,56136,multitask,space_invaders,8,3.0,180
4,period,6075648,56136,multitask,space_invaders,9,3.0,180
4,period,6075648,56136,multitask,space_invaders,10,3.0,180
4,period,6075648,56136,multitask,freeway,1,34.0,25000
4,period,6075648,56136,multitask,freeway,2,25.0,25000
4,period,6075648,56136,multitask,freeway,3,25.0,25000
4,period,6075648,56136,multitask,freeway,4,31.0,25000
4,period,6075648,56136,multitask,freeway,5,28.0,25000
4,period,6075648,56136,multitask,freeway,6,30.0,25000
4,period,6075648,56136,multitask,freeway,7,24.0,25000
4,period,6075648,56136,multitask,freeway,8,19.0,25000
4,period,6075648,56136,multitask,freeway,9,30.0,25000
4,period,6075648,56136,multitask,freeway,10,24.0,25000
4,period,6100224,56714,multitask,breakout,1,5.0,670
4,period,6100224,56714,multitask,breakout,2,6.0,670
4,period,6100224,56714,multitask,breakout,3,6.0,670
4,period,6100224,56714,multitask,breakout,4,6.0,670
4,period,6100224,56714,multitask,breakout,5,6.0,670
4,period,6100224,56714,multitask,breakout,6,6.0,670
4,period,6100224,56714,multitask,breakout,7,6.0,670
4,period,6100224,56714,multitask,breakout,8,6.0,670
4,period,6100224,56714,multitask,breakout,9,5.0,670
4,period,6100224,56714,multitask,breakout,10,5.0,670
4,period,6100224,56714,multitask,space_invaders,1,3.0,180
4,period,6100224,56714,multitask,space_invaders,2,3.0,180
4,period,6100224,56714,multitask,space_invaders,3,3.0,180
4,period,6100224,56714,multitask,space_invaders,4,3.0,180
4,period,6100224,56714,multitask,space_invaders,5,3.0,180
4,period,6100224,56714,multitask,space_invaders,6,3.0,180
4,period,6100224,56714,multitask,space_invaders,7,3.0,180
4,period,6100224,56714,multitask,space_invaders,8,3.0,180
4,period,6100224,56714,multitask,space_invaders,9,3.0,180
4,period,6100224,56714,multitask,space_invaders,10,3.0,180
4,period,6100224,56714,multitask,freeway,1,24.0,25000
4,period,6100224,56714,multitask,freeway,2,27.0,25000
4,period,6100224,56714,multitask,freeway,3,27.0,25000
4,period,6100224,56714,multitask,freeway,4,21.0,25000
4,period,6100224,56714,multitask,freeway,5,29.0,25000
4,period,6100224,56714,multitask,freeway,6,23.0,25000
4,period,6100224,56714,multitask,freeway,7,31.0,25000
4,period,6100224,56714,multitask,freeway,8,30.0,25000
4,period,6100224,56714,multitask,freeway,9,29.0,25000
4,period,6100224,56714,multitask,freeway,10,21.0,25000
4,period,6125568,57332,multitask,breakout,1,3.0,638
4,period,6125568,57332,multitask,breakout,2,6.0,638
4,period,6125568,57332,multitask,breakout,3,6.0,638
4,period,6125568,57332,multitask,breakout,4,6.0,638
4,period,6125568,57332,multitask,breakout,5,6.0,638
4,period,6125568,57332,multitask,breakout,6,5.0,638
4,period,6125568,57332,multitask,breakout,7,5.0,638
4,period,6125568,57332,multitask,breakout,8,5.0,638
4,period,6125568,57332,multitask,breakout,9,6.0,638
4,period,6125568,57332,multitask,breakout,10,6.0,638
4,period,6125568,57332,multitask,space_invaders,1,3.0,180
4,period,6125568,57332,multitask,space_invaders,2,3.0,180
4,period,6125568,57332,multitask,space_invaders,3,3.0,180
4,period,6125568,57332,multitask,space_invaders,4,3.0,180
4,period,6125568,57332,multitask,space_invaders,5,3.0,180
4,period,6125568,57332,multitask,space_invaders,6,3.0,180
4,period,6125568,57332,multitask,space_invaders,7,3.0,180
4,period,6125568,57332,multitask,space_invaders,8,3.0,180
4,period,6125568,57332,multitask,space_invaders,9,3.0,180
4,period,6125568,57332,multitask,space_invaders,10,3.0,180
4,period,6125568,57332,multitask,freeway,1,21.0,25000
4,period,6125568,57332,multitask,freeway,2,16.0,25000
4,period,6125568,57332,multitask,freeway,3,27.0,25000
4,period,6125568,57332,multitask,freeway,4,26.0,25000
4,period,6125568,57332,multitask,freeway,5,25.0,25000
4,period,6125568,57332,multitask,freeway,6,25.0,25000
4,period,6125568,57332,multitask,freeway,7,21.0,25000
4,period,6125568,57332,multitask,freeway,8,31.0,25000
4,period,6125568,57332,multitask,freeway,9,29.0,25000
4,period,6125568,57332,multitask,freeway,10,26.0,25000
4,period,6150144,57930,multitask,breakout,1,5.0,628
4,period,6150144,57930,multitask,breakout,2,6.0,628
4,period,6150144,57930,multitask,breakout,3,6.0,628
4,period,6150144,57930,multitask,breakout,4,6.0,628
4,period,6150144,57930,multitask,breakout,5,6.0,628
4,period,6150144,57930,multitask,breakout,6,5.0,628
4,period,6150144,57930,multitask,breakout,7,5.0,628
4,period,6150144,57930,multitask,breakout,8,3.0,628
4,period,6150144,57930,multitask,breakout,9,6.0,628
4,period,6150144,57930,multitask,breakout,10,5.0,628
4,period,6150144,57930,multitask,space_invaders,1,3.0,180
4,period,6150144,57930,multitask,space_invaders,2,3.0,180
4,period,6150144,57930,multitask,space_invaders,3,3.0,180
4,period,6150144,57930,multitask,space_invaders,4,3.0,180
4,period,6150144,57930,multitask,space_invaders,5,3.0,180
4,period,6150144,57930,multitask,space_invaders,6,3.0,180
4,period,6150144,57930,multitask,space_invaders,7,3.0,180
4,period,6150144,57930,multitask,space_invaders,8,3.0,180
4,period,6150144,57930,multitask,space_invaders,9,3.0,180
4,period,6150144,57930,multitask,space_invaders,10,3.0,180
4,period,6150144,57930,multitask,freeway,1,27.0,25000
4,period,6150144,57930,multitask,freeway,2,28.0,25000
4,period,6150144,57930,multitask,freeway,3,36.0,25000
4,period,6150144,57930,multitask,freeway,4,19.0,25000
4,period,6150144,57930,multitask,freeway,5,29.0,25000
4,period,6150144,57930,multitask,freeway,6,22.0,25000
4,period,6150144,57930,multitask,freeway,7,21.0,25000
4,period,6150144,57930,multitask,freeway,8,30.0,25000
4,period,6150144,57930,multitask,freeway,9,26.0,25000
4,period,6150144,57930,multitask,freeway,10,25.0,25000
4,period,6175488,58533,multitask,breakout,1,5.0,652
4,period,6175488,58533,multitask,breakout,2,6.0,652
4,period,6175488,58533,multitask,breakout,3,6.0,652
4,period,6175488,58533,multitask,breakout,4,6.0,652
4,period,6175488,58533,multitask,breakout,5,5.0,652
4,period,6175488,58533,multitask,breakout,6,5.0,652
4,period,6175488,58533,multitask,breakout,7,5.0,652
4,period,6175488,58533,multitask,breakout,8,6.0,652
4,period,6175488,58533,multitask,breakout,9,5.0,652
4,period,6175488,58533,multitask,breakout,10,6.0,652
4,period,6175488,58533,multitask,space_invaders,1,3.0,180
4,period,6175488,58533,multitask,space_invaders,2,3.0,180
4,period,6175488,58533,multitask,space_invaders,3,3.0,180
4,period,6175488,58533,multitask,space_invaders,4,3.0,180
4,period,6175488,58533,multitask,space_invaders,5,3.0,180
4,period,6175488,58533,multitask,space_invaders,6,3.0,180
4,period,6175488,58533,multitask,space_invaders,7,3.0,180
4,period,6175488,58533,multitask,space_invaders,8,3.0,180
4,period,6175488,58533,multitask,space_invaders,9,3.0,180
4,period,6175488,58533,multitask,space_invaders,10,3.0,180
4,period,6175488,58533,multitask,freeway,1,33.0,25000
4,period,6175488,58533,multitask,freeway,2,28.0,25000
4,period,6175488,58533,multitask,freeway,3,29.0,25000
4,period,6175488,58533,multitask,freeway,4,31.0,25000
4,period,6175488,58533,multitask,freeway,5,36.0,25000
4,period,6175488,58533,multitask,freeway,6,28.0,25000
4,period,6175488,58533,multitask,freeway,7,33.0,25000
4,period,6175488,58533,multitask,freeway,8,27.0,25000
4,period,6175488,58533,multitask,freeway,9,18.0,25000
4,period,6175488,58533,multitask,freeway,10,22.0,25000
4,period,6200064,59127,multitask,breakout,1,6.0,608
4,period,6200064,59127,multitask,breakout,2,3.0,608
4,period,6200064,59127,multitask,breakout,3,6.0,608
4,period,6200064,59127,multitask,breakout,4,5.0,608
4,period,6200064,59127,multitask,breakout,5,5.0,608
4,period,6200064,59127,multitask,breakout,6,7.0,608
4,period,6200064,59127,multitask,breakout,7,5.0,608
4,period,6200064,59127,multitask,breakout,8,6.0,608
4,period,6200064,59127,multitask,breakout,9,3.0,608
4,period,6200064,59127,multitask,breakout,10,5.0,608
4,period,6200064,59127,multitask,space_invaders,1,3.0,180
4,period,6200064,59127,multitask,space_invaders,2,3.0,180
4,period,6200064,59127,multitask,space_invaders,3,3.0,180
4,period,6200064,59127,multitask,space_invaders,4,3.0,180
4,period,6200064,59127,multitask,space_invaders,5,3.0,180
4,period,6200064,59127,multitask,space_invaders,6,3.0,180
4,period,6200064,59127,multitask,space_invaders,7,3.0,180
4,period,6200064,59127,multitask,space_invaders,8,3.0,180
4,period,6200064,59127,multitask,space_invaders,9,3.0,180
4,period,6200064,59127,multitask,space_invaders,10,3.0,180
4,period,6200064,59127,multitask,freeway,1,27.0,25000
4,period,6200064,59127,multitask,freeway,2,27.0,25000
4,period,6200064,59127,multitask,freeway,3,15.0,25000
4,period,6200064,59127,multitask,freeway,4,20.0,25000
4,period,6200064,59127,multitask,freeway,5,28.0,25000
4,period,6200064,59127,multitask,freeway,6,25.0,25000
4,period,6200064,59127,multitask,freeway,7,21.0,25000
4,period,6200064,59127,multitask,freeway,8,25.0,25000
4,period,6200064,59127,multitask,freeway,9,26.0,25000
4,period,6200064,59127,multitask,freeway,10,26.0,25000
4,period,6225408,59728,multitask,breakout,1,5.0,632
4,period,6225408,59728,multitask,breakout,2,6.0,632
4,period,6225408,59728,multitask,breakout,3,5.0,632
4,period,6225408,59728,multitask,breakout,4,6.0,632
4,period,6225408,59728,multitask,breakout,5,3.0,632
4,period,6225408,59728,multitask,breakout,6,5.0,632
4,period,6225408,59728,multitask,breakout,7,5.0,632
4,period,6225408,59728,multitask,breakout,8,5.0,632
4,period,6225408,59728,multitask,breakout,9,7.0,632
4,period,6225408,59728,multitask,breakout,10,6.0,632
4,period,6225408,59728,multitask,space_invaders,1,3.0,180
4,period,6225408,59728,multitask,space_invaders,2,3.0,180
4,period,6225408,59728,multitask,space_invaders,3,3.0,180
4,period,6225408,59728,multitask,space_invaders,4,3.0,180
4,period,6225408,59728,multitask,space_invaders,5,3.0,180
4,period,6225408,59728,multitask,space_invaders,6,3.0,180
4,period,6225408,59728,multitask,space_invaders,7,3.0,180
4,period,6225408,59728,multitask,space_invaders,8,3.0,180
4,period,6225408,59728,multitask,space_invaders,9,3.0,180
4,period,6225408,59728,multitask,space_invaders,10,3.0,180
4,period,6225408,59728,multitask,freeway,1,24.0,25000
4,period,6225408,59728,multitask,freeway,2,21.0,25000
4,period,6225408,59728,multitask,freeway,3,27.0,25000
4,period,6225408,59728,multitask,freeway,4,31.0,25000
4,period,6225408,59728,multitask,freeway,5,24.0,25000
4,period,6225408,59728,multitask,freeway,6,25.0,25000
4,period,6225408,59728,multitask,freeway,7,17.0,25000
4,period,6225408,59728,multitask,freeway,8,32.0,25000
4,period,6225408,59728,multitask,freeway,9,30.0,25000
4,period,6225408,59728,multitask,freeway,10,25.0,25000
4,period,6250752,60352,multitask,breakout,1,6.0,508
4,period,6250752,60352,multitask,breakout,2,6.0,508
4,period,6250752,60352,multitask,breakout,3,5.0,508
4,period,6250752,60352,multitask,breakout,4,2.0,508
4,period,6250752,60352,multitask,breakout,5,3.0,508
4,period,6250752,60352,multitask,breakout,6,6.0,508
4,period,6250752,60352,multitask,breakout,7,5.0,508
4,period,6250752,60352,multitask,breakout,8,0.0,508
4,period,6250752,60352,multitask,breakout,9,3.0,508
4,period,6250752,60352,multitask,breakout,10,6.0,508
4,period,6250752,60352,multitask,space_invaders,1,3.0,180
4,period,6250752,60352,multitask,space_invaders,2,3.0,180
4,period,6250752,60352,multitask,space_invaders,3,3.0,180
4,period,6250752,60352,multitask,space_invaders,4,3.0,180
4,period,6250752,60352,multitask,space_invaders,5,3.0,180
4,period,6250752,60352,multitask,space_invaders,6,3.0,180
4,period,6250752,60352,multitask,space_invaders,7,3.0,180
4,period,6250752,60352,multitask,space_invaders,8,3.0,180
4,period,6250752,60352,multitask,space_invaders,9,3.0,180
4,period,6250752,60352,multitask,space_invaders,10,3.0,180
4,period,6250752,60352,multitask,freeway,1,27.0,25000
4,period,6250752,60352,multitask,freeway,2,23.0,25000
4,period,6250752,60352,multitask,freeway,3,32.0,25000
4,period,6250752,60352,multitask,freeway,4,22.0,25000
4,period,6250752,60352,multitask,freeway,5,30.0,25000
4,period,6250752,60352,multitask,freeway,6,24.0,25000
4,period,6250752,60352,multitask,freeway,7,28.0,25000
4,period,6250752,60352,multitask,freeway,8,28.0,25000
4,period,6250752,60352,multitask,freeway,9,16.0,25000
4,period,6250752,60352,multitask,freeway,10,28.0,25000
4,period,6275328,60955,multitask,breakout,1,6.0,652
4,period,6275328,60955,multitask,breakout,2,6.0,652
4,period,6275328,60955,multitask,breakout,3,5.0,652
4,period,6275328,60955,multitask,breakout,4,5.0,652
4,period,6275328,60955,multitask,breakout,5,6.0,652
4,period,6275328,60955,multitask,breakout,6,5.0,652
4,period,6275328,60955,multitask,breakout,7,5.0,652
4,period,6275328,60955,multitask,breakout,8,6.0,652
4,period,6275328,60955,multitask,breakout,9,5.0,652
4,period,6275328,60955,multitask,breakout,10,6.0,652
4,period,6275328,60955,multitask,space_invaders,1,3.0,180
4,period,6275328,60955,multitask,space_invaders,2,3.0,180
4,period,6275328,60955,multitask,space_invaders,3,3.0,180
4,period,6275328,60955,multitask,space_invaders,4,3.0,180
4,period,6275328,60955,multitask,space_invaders,5,3.0,180
4,period,6275328,60955,multitask,space_invaders,6,3.0,180
4,period,6275328,60955,multitask,space_invaders,7,3.0,180
4,period,6275328,60955,multitask,space_invaders,8,3.0,180
4,period,6275328,60955,multitask,space_invaders,9,3.0,180
4,period,6275328,60955,multitask,space_invaders,10,3.0,180
4,period,6275328,60955,multitask,freeway,1,23.0,25000
4,period,6275328,60955,multitask,freeway,2,21.0,25000
4,period,6275328,60955,multitask,freeway,3,24.0,25000
4,period,6275328,60955,multitask,freeway,4,26.0,25000
4,period,6275328,60955,multitask,freeway,5,17.0,25000
4,period,6275328,60955,multitask,freeway,6,16.0,25000
4,period,6275328,60955,multitask,freeway,7,30.0,25000
4,period,6275328,60955,multitask,freeway,8,29.0,25000
4,period,6275328,60955,multitask,freeway,9,21.0,25000
4,period,6275328,60955,multitask,freeway,10,30.0,25000
4,period,6300672,61560,multitask,breakout,1,5.0,638
4,period,6300672,61560,multitask,breakout,2,5.0,638
4,period,6300672,61560,multitask,breakout,3,5.0,638
4,period,6300672,61560,multitask,breakout,4,6.0,638
4,period,6300672,61560,multitask,breakout,5,6.0,638
4,period,6300672,61560,multitask,breakout,6,6.0,638
4,period,6300672,61560,multitask,breakout,7,6.0,638
4,period,6300672,61560,multitask,breakout,8,6.0,638
4,period,6300672,61560,multitask,breakout,9,6.0,638
4,period,6300672,61560,multitask,breakout,10,3.0,638
4,period,6300672,61560,multitask,space_invaders,1,3.0,180
4,period,6300672,61560,multitask,space_invaders,2,3.0,180
4,period,6300672,61560,multitask,space_invaders,3,3.0,180
4,period,6300672,61560,multitask,space_invaders,4,3.0,180
4,period,6300672,61560,multitask,space_invaders,5,3.0,180
4,period,6300672,61560,multitask,space_invaders,6,3.0,180
4,period,6300672,61560,multitask,space_invaders,7,3.0,180
4,period,6300672,61560,multitask,space_invaders,8,3.0,180
4,period,6300672,61560,multitask,space_invaders,9,3.0,180
4,period,6300672,61560,multitask,space_invaders,10,3.0,180
4,period,6300672,61560,multitask,freeway,1,26.0,25000
4,period,6300672,61560,multitask,freeway,2,31.0,25000
4,period,6300672,61560,multitask,freeway,3,25.0,25000
4,period,6300672,61560,multitask,freeway,4,23.0,25000
4,period,6300672,61560,multitask,freeway,5,22.0,25000
4,period,6300672,61560,multitask,freeway,6,28.0,25000
4,period,6300672,61560,multitask,freeway,7,20.0,25000
4,period,6300672,61560,multitask,freeway,8,21.0,25000
4,period,6300672,61560,multitask,freeway,9,27.0,25000
4,period,6300672,61560,multitask,freeway,10,24.0,25000
4,period,6325248,62140,multitask,breakout,1,6.0,622
4,period,6325248,62140,multitask,breakout,2,6.0,622
4,period,6325248,62140,multitask,breakout,3,3.0,622
4,period,6325248,62140,multitask,breakout,4,5.0,622
4,period,6325248,62140,multitask,breakout,5,6.0,622
4,period,6325248,62140,multitask,breakout,6,6.0,622
4,period,6325248,62140,multitask,breakout,7,3.0,622
4,period,6325248,62140,multitask,breakout,8,5.0,622
4,period,6325248,62140,multitask,breakout,9,6.0,622
4,period,6325248,62140,multitask,breakout,10,6.0,622
4,period,6325248,62140,multitask,space_invaders,1,3.0,180
4,period,6325248,62140,multitask,space_invaders,2,3.0,180
4,period,6325248,62140,multitask,space_invaders,3,3.0,180
4,period,6325248,62140,multitask,space_invaders,4,3.0,180
4,period,6325248,62140,multitask,space_invaders,5,3.0,180
4,period,6325248,62140,multitask,space_invaders,6,3.0,180
4,period,6325248,62140,multitask,space_invaders,7,3.0,180
4,period,6325248,62140,multitask,space_invaders,8,3.0,180
4,period,6325248,62140,multitask,space_invaders,9,3.0,180
4,period,6325248,62140,multitask,space_invaders,10,3.0,180
4,period,6325248,62140,multitask,freeway,1,23.0,25000
4,period,6325248,62140,multitask,freeway,2,28.0,25000
4,period,6325248,62140,multitask,freeway,3,20.0,25000
4,period,6325248,62140,multitask,freeway,4,19.0,25000
4,period,6325248,62140,multitask,freeway,5,24.0,25000
4,period,6325248,62140,multitask,freeway,6,25.0,25000
4,period,6325248,62140,multitask,freeway,7,35.0,25000
4,period,6325248,62140,multitask,freeway,8,34.0,25000
4,period,6325248,62140,multitask,freeway,9,28.0,25000
4,period,6325248,62140,multitask,freeway,10,29.0,25000
4,period,6350592,62758,multitask,breakout,1,5.0,644
4,period,6350592,62758,multitask,breakout,2,7.0,644
4,period,6350592,62758,multitask,breakout,3,5.0,644
4,period,6350592,62758,multitask,breakout,4,6.0,644
4,period,6350592,62758,multitask,breakout,5,5.0,644
4,period,6350592,62758,multitask,breakout,6,5.0,644
4,period,6350592,62758,multitask,breakout,7,5.0,644
4,period,6350592,62758,multitask,breakout,8,6.0,644
4,period,6350592,62758,multitask,breakout,9,5.0,644
4,period,6350592,62758,multitask,breakout,10,5.0,644
4,period,6350592,62758,multitask,space_invaders,1,3.0,180
4,period,6350592,62758,multitask,space_invaders,2,3.0,180
4,period,6350592,62758,multitask,space_invaders,3,3.0,180
4,period,6350592,62758,multitask,space_invaders,4,3.0,180
4,period,6350592,62758,multitask,space_invaders,5,3.0,180
4,period,6350592,62758,multitask,space_invaders,6,3.0,180
4,period,6350592,62758,multitask,space_invaders,7,3.0,180
4,period,6350592,62758,multitask,space_invaders,8,3.0,180
4,period,6350592,62758,multitask,space_invaders,9,3.0,180
4,period,6350592,62758,multitask,space_invaders,10,3.0,180
4,period,6350592,62758,multitask,freeway,1,26.0,25000
4,period,6350592,62758,multitask,freeway,2,37.0,25000
4,period,6350592,62758,multitask,freeway,3,33.0,25000
4,period,6350592,62758,multitask,freeway,4,29.0,25000
4,period,6350592,62758,multitask,freeway,5,27.0,25000
4,period,6350592,62758,multitask,freeway,6,31.0,25000
4,period,6350592,62758,multitask,freeway,7,31.0,25000
4,period,6350592,62758,multitask,freeway,8,30.0,25000
4,period,6350592,62758,multitask,freeway,9,30.0,25000
4,period,6350592,62758,multitask,freeway,10,26.0,25000
4,period,6375168,63346,multitask,breakout,1,5.0,660
4,period,6375168,63346,multitask,breakout,2,6.0,660
4,period,6375168,63346,multitask,breakout,3,5.0,660
4,period,6375168,63346,multitask,breakout,4,6.0,660
4,period,6375168,63346,multitask,breakout,5,7.0,660
4,period,6375168,63346,multitask,breakout,6,5.0,660
4,period,6375168,63346,multitask,breakout,7,6.0,660
4,period,6375168,63346,multitask,breakout,8,5.0,660
4,period,6375168,63346,multitask,breakout,9,5.0,660
4,period,6375168,63346,multitask,breakout,10,6.0,660
4,period,6375168,63346,multitask,space_invaders,1,3.0,180
4,period,6375168,63346,multitask,space_invaders,2,3.0,180
4,period,6375168,63346,multitask,space_invaders,3,3.0,180
4,period,6375168,63346,multitask,space_invaders,4,3.0,180
4,period,6375168,63346,multitask,space_invaders,5,3.0,180
4,period,6375168,63346,multitask,space_invaders,6,3.0,180
4,period,6375168,63346,multitask,space_invaders,7,3.0,180
4,period,6375168,63346,multitask,space_invaders,8,3.0,180
4,period,6375168,63346,multitask,space_invaders,9,3.0,180
4,period,6375168,63346,multitask,space_invaders,10,3.0,180
4,period,6375168,63346,multitask,freeway,1,35.0,25000
4,period,6375168,63346,multitask,freeway,2,32.0,25000
4,period,6375168,63346,multitask,freeway,3,19.0,25000
4,period,6375168,63346,multitask,freeway,4,27.0,25000
4,period,6375168,63346,multitask,freeway,5,28.0,25000
4,period,6375168,63346,multitask,freeway,6,31.0,25000
4,period,6375168,63346,multitask,freeway,7,34.0,25000
4,period,6375168,63346,multitask,freeway,8,37.0,25000
4,period,6375168,63346,multitask,freeway,9,26.0,25000
4,period,6375168,63346,multitask,freeway,10,28.0,25000
4,period,6400512,63961,multitask,breakout,1,5.0,544
4,period,6400512,63961,multitask,breakout,2,6.0,544
4,period,6400512,63961,multitask,breakout,3,1.0,544
4,period,6400512,63961,multitask,breakout,4,6.0,544
4,period,6400512,63961,multitask,breakout,5,6.0,544
4,period,6400512,63961,multitask,breakout,6,3.0,544
4,period,6400512,63961,multitask,breakout,7,5.0,544
4,period,6400512,63961,multitask,breakout,8,5.0,544
4,period,6400512,63961,multitask,breakout,9,3.0,544
4,period,6400512,63961,multitask,breakout,10,5.0,544
4,period,6400512,63961,multitask,space_invaders,1,3.0,180
4,period,6400512,63961,multitask,space_invaders,2,3.0,180
4,period,6400512,63961,multitask,space_invaders,3,3.0,180
4,period,6400512,63961,multitask,space_invaders,4,3.0,180
4,period,6400512,63961,multitask,space_invaders,5,3.0,180
4,period,6400512,63961,multitask,space_invaders,6,3.0,180
4,period,6400512,63961,multitask,space_invaders,7,3.0,180
4,period,6400512,63961,multitask,space_invaders,8,3.0,180
4,period,6400512,63961,multitask,space_invaders,9,3.0,180
4,period,6400512,63961,multitask,space_invaders,10,3.0,180
4,period,6400512,63961,multitask,freeway,1,24.0,25000
4,period,6400512,63961,multitask,freeway,2,29.0,25000
4,period,6400512,63961,multitask,freeway,3,24.0,25000
4,period,6400512,63961,multitask,freeway,4,33.0,25000
4,period,6400512,63961,multitask,freeway,5,30.0,25000
4,period,6400512,63961,multitask,freeway,6,21.0,25000
4,period,6400512,63961,multitask,freeway,7,21.0,25000
4,period,6400512,63961,multitask,freeway,8,23.0,25000
4,period,6400512,63961,multitask,freeway,9,37.0,25000
4,period,6400512,63961,multitask,freeway,10,27.0,25000
4,period,6425088,64538,multitask,breakout,1,1.0,550
4,period,6425088,64538,multitask,breakout,2,6.0,550
4,period,6425088,64538,multitask,breakout,3,6.0,550
4,period,6425088,64538,multitask,breakout,4,5.0,550
4,period,6425088,64538,multitask,breakout,5,6.0,550
4,period,6425088,64538,multitask,breakout,6,5.0,550
4,period,6425088,64538,multitask,breakout,7,5.0,550
4,period,6425088,64538,multitask,breakout,8,5.0,550
4,period,6425088,64538,multitask,breakout,9,3.0,550
4,period,6425088,64538,multitask,breakout,10,3.0,550
4,period,6425088,64538,multitask,space_invaders,1,3.0,180
4,period,6425088,64538,multitask,space_invaders,2,3.0,180
4,period,6425088,64538,multitask,space_invaders,3,3.0,180
4,period,6425088,64538,multitask,space_invaders,4,3.0,180
4,period,6425088,64538,multitask,space_invaders,5,3.0,180
4,period,6425088,64538,multitask,space_invaders,6,3.0,180
4,period,6425088,64538,multitask,space_invaders,7,3.0,180
4,period,6425088,64538,multitask,space_invaders,8,3.0,180
4,period,6425088,64538,multitask,space_invaders,9,3.0,180
4,period,6425088,64538,multitask,space_invaders,10,3.0,180
4,period,6425088,64538,multitask,freeway,1,15.0,25000
4,period,6425088,64538,multitask,freeway,2,28.0,25000
4,period,6425088,64538,multitask,freeway,3,28.0,25000
4,period,6425088,64538,multitask,freeway,4,29.0,25000
4,period,6425088,64538,multitask,freeway,5,25.0,25000
4,period,6425088,64538,multitask,freeway,6,26.0,25000
4,period,6425088,64538,multitask,freeway,7,33.0,25000
4,period,6425088,64538,multitask,freeway,8,23.0,25000
4,period,6425088,64538,multitask,freeway,9,31.0,25000
4,period,6425088,64538,multitask,freeway,10,27.0,25000
4,period,6450432,65145,multitask,breakout,1,6.0,612
4,period,6450432,65145,multitask,breakout,2,5.0,612
4,period,6450432,65145,multitask,breakout,3,5.0,612
4,period,6450432,65145,multitask,breakout,4,5.0,612
4,period,6450432,65145,multitask,breakout,5,6.0,612
4,period,6450432,65145,multitask,breakout,6,5.0,612
4,period,6450432,65145,multitask,breakout,7,6.0,612
4,period,6450432,65145,multitask,breakout,8,6.0,612
4,period,6450432,65145,multitask,breakout,9,1.0,612
4,period,6450432,65145,multitask,breakout,10,5.0,612
4,period,6450432,65145,multitask,space_invaders,1,3.0,180
4,period,6450432,65145,multitask,space_invaders,2,3.0,180
4,period,6450432,65145,multitask,space_invaders,3,3.0,180
4,period,6450432,65145,multitask,space_invaders,4,3.0,180
4,period,6450432,65145,multitask,space_invaders,5,3.0,180
4,period,6450432,65145,multitask,space_invaders,6,3.0,180
4,period,6450432,65145,multitask,space_invaders,7,3.0,180
4,period,6450432,65145,multitask,space_invaders,8,3.0,180
4,period,6450432,65145,multitask,space_invaders,9,3.0,180
4,period,6450432,65145,multitask,space_invaders,10,3.0,180
4,period,6450432,65145,multitask,freeway,1,31.0,25000
4,period,6450432,65145,multitask,freeway,2,29.0,25000
4,period,6450432,65145,multitask,freeway,3,26.0,25000
4,period,6450432,65145,multitask,freeway,4,27.0,25000
4,period,6450432,65145,multitask,freeway,5,25.0,25000
4,period,6450432,65145,multitask,freeway,6,35.0,25000
4,period,6450432,65145,multitask,freeway,7,28.0,25000
4,period,6450432,65145,multitask,freeway,8,34.0,25000
4,period,6450432,65145,multitask,freeway,9,25.0,25000
4,period,6450432,65145,multitask,freeway,10,32.0,25000
4,period,6475008,65738,multitask,breakout,1,6.0,632
4,period,6475008,65738,multitask,breakout,2,6.0,632
4,period,6475008,65738,multitask,breakout,3,5.0,632
4,period,6475008,65738,multitask,breakout,4,5.0,632
4,period,6475008,65738,multitask,breakout,5,6.0,632
4,period,6475008,65738,multitask,breakout,6,6.0,632
4,period,6475008,65738,multitask,breakout,7,1.0,632
4,period,6475008,65738,multitask,breakout,8,6.0,632
4,period,6475008,65738,multitask,breakout,9,7.0,632
4,period,6475008,65738,multitask,breakout,10,5.0,632
4,period,6475008,65738,multitask,space_invaders,1,3.0,180
4,period,6475008,65738,multitask,space_invaders,2,3.0,180
4,period,6475008,65738,multitask,space_invaders,3,3.0,180
4,period,6475008,65738,multitask,space_invaders,4,3.0,180
4,period,6475008,65738,multitask,space_invaders,5,3.0,180
4,period,6475008,65738,multitask,space_invaders,6,3.0,180
4,period,6475008,65738,multitask,space_invaders,7,3.0,180
4,period,6475008,65738,multitask,space_invaders,8,3.0,180
4,period,6475008,65738,multitask,space_invaders,9,3.0,180
4,period,6475008,65738,multitask,space_invaders,10,3.0,180
4,period,6475008,65738,multitask,freeway,1,24.0,25000
4,period,6475008,65738,multitask,freeway,2,27.0,25000
4,period,6475008,65738,multitask,freeway,3,27.0,25000
4,period,6475008,65738,multitask,freeway,4,28.0,25000
4,period,6475008,65738,multitask,freeway,5,23.0,25000
4,period,6475008,65738,multitask,freeway,6,28.0,25000
4,period,6475008,65738,multitask,freeway,7,34.0,25000
4,period,6475008,65738,multitask,freeway,8,33.0,25000
4,period,6475008,65738,multitask,freeway,9,37.0,25000
4,period,6475008,65738,multitask,freeway,10,28.0,25000
4,period,6500352,66354,multitask,breakout,1,6.0,664
4,period,6500352,66354,multitask,breakout,2,6.0,664
4,period,6500352,66354,multitask,breakout,3,5.0,664
4,period,6500352,66354,multitask,breakout,4,6.0,664
4,period,6500352,66354,multitask,breakout,5,5.0,664
4,period,6500352,66354,multitask,breakout,6,5.0,664
4,period,6500352,66354,multitask,breakout,7,5.0,664
4,period,6500352,66354,multitask,breakout,8,6.0,664
4,period,6500352,66354,multitask,breakout,9,6.0,664
4,period,6500352,66354,multitask,breakout,10,6.0,664
4,period,6500352,66354,multitask,space_invaders,1,3.0,180
4,period,6500352,66354,multitask,space_invaders,2,3.0,180
4,period,6500352,66354,multitask,space_invaders,3,3.0,180
4,period,6500352,66354,multitask,space_invaders,4,3.0,180
4,period,6500352,66354,multitask,space_invaders,5,3.0,180
4,period,6500352,66354,multitask,space_invaders,6,3.0,180
4,period,6500352,66354,multitask,space_invaders,7,3.0,180
4,period,6500352,66354,multitask,space_invaders,8,3.0,180
4,period,6500352,66354,multitask,space_invaders,9,3.0,180
4,period,6500352,66354,multitask,space_invaders,10,3.0,180
4,period,6500352,66354,multitask,freeway,1,29.0,25000
4,period,6500352,66354,multitask,freeway,2,24.0,25000
4,period,6500352,66354,multitask,freeway,3,28.0,25000
4,period,6500352,66354,multitask,freeway,4,34.0,25000
4,period,6500352,66354,multitask,freeway,5,34.0,25000
4,period,6500352,66354,multitask,freeway,6,38.0,25000
4,period,6500352,66354,multitask,freeway,7,35.0,25000
4,period,6500352,66354,multitask,freeway,8,15.0,25000
4,period,6500352,66354,multitask,freeway,9,31.0,25000
4,period,6500352,66354,multitask,freeway,10,36.0,25000
4,period,6525696,66967,multitask,breakout,1,5.0,576
4,period,6525696,66967,multitask,breakout,2,2.0,576
4,period,6525696,66967,multitask,breakout,3,5.0,576
4,period,6525696,66967,multitask,breakout,4,5.0,576
4,period,6525696,66967,multitask,breakout,5,6.0,576
4,period,6525696,66967,multitask,breakout,6,6.0,576
4,period,6525696,66967,multitask,breakout,7,5.0,576
4,period,6525696,66967,multitask,breakout,8,5.0,576
4,period,6525696,66967,multitask,breakout,9,6.0,576
4,period,6525696,66967,multitask,breakout,10,3.0,576
4,period,6525696,66967,multitask,space_invaders,1,3.0,180
4,period,6525696,66967,multitask,space_invaders,2,3.0,180
4,period,6525696,66967,multitask,space_invaders,3,3.0,180
4,period,6525696,66967,multitask,space_invaders,4,3.0,180
4,period,6525696,66967,multitask,space_invaders,5,3.0,180
4,period,6525696,66967,multitask,space_invaders,6,3.0,180
4,period,6525696,66967,multitask,space_invaders,7,3.0,180
4,period,6525696,66967,multitask,space_invaders,8,3.0,180
4,period,6525696,66967,multitask,space_invaders,9,3.0,180
4,period,6525696,66967,multitask,space_invaders,10,3.0,180
4,period,6525696,66967,multitask,freeway,1,37.0,25000
4,period,6525696,66967,multitask,freeway,2,33.0,25000
4,period,6525696,66967,multitask,freeway,3,23.0,25000
4,period,6525696,66967,multitask,freeway,4,31.0,25000
4,period,6525696,66967,multitask,freeway,5,27.0,25000
4,period,6525696,66967,multitask,freeway,6,36.0,25000
4,period,6525696,66967,multitask,freeway,7,20.0,25000
4,period,6525696,66967,multitask,freeway,8,21.0,25000
4,period,6525696,66967,multitask,freeway,9,23.0,25000
4,period,6525696,66967,multitask,freeway,10,25.0,25000
4,period,6550272,67569,multitask,breakout,1,6.0,638
4,period,6550272,67569,multitask,breakout,2,3.0,638
4,period,6550272,67569,multitask,breakout,3,6.0,638
4,period,6550272,67569,multitask,breakout,4,6.0,638
4,period,6550272,67569,multitask,breakout,5,3.0,638
4,period,6550272,67569,multitask,breakout,6,6.0,638
4,period,6550272,67569,multitask,breakout,7,6.0,638
4,period,6550272,67569,multitask,breakout,8,6.0,638
4,period,6550272,67569,multitask,breakout,9,6.0,638
4,period,6550272,67569,multitask,breakout,10,6.0,638
4,period,6550272,67569,multitask,space_invaders,1,3.0,180
4,period,6550272,67569,multitask,space_invaders,2,3.0,180
4,period,6550272,67569,multitask,space_invaders,3,3.0,180
4,period,6550272,67569,multitask,space_invaders,4,3.0,180
4,period,6550272,67569,multitask,space_invaders,5,3.0,180
4,period,6550272,67569,multitask,space_invaders,6,3.0,180
4,period,6550272,67569,multitask,space_invaders,7,3.0,180
4,period,6550272,67569,multitask,space_invaders,8,3.0,180
4,period,6550272,67569,multitask,space_invaders,9,3.0,180
4,period,6550272,67569,multitask,space_invaders,10,3.0,180
4,period,6550272,67569,multitask,freeway,1,24.0,25000
4,period,6550272,67569,multitask,freeway,2,24.0,25000
4,period,6550272,67569,multitask,freeway,3,23.0,25000
4,period,6550272,67569,multitask,freeway,4,26.0,25000
4,period,6550272,67569,multitask,freeway,5,29.0,25000
4,period,6550272,67569,multitask,freeway,6,23.0,25000
4,period,6550272,67569,multitask,freeway,7,20.0,25000
4,period,6550272,67569,multitask,freeway,8,27.0,25000
4,period,6550272,67569,multitask,freeway,9,32.0,25000
4,period,6550272,67569,multitask,freeway,10,32.0,25000
4,period,6575616,68173,multitask,breakout,1,6.0,628
4,period,6575616,68173,multitask,breakout,2,6.0,628
4,period,6575616,68173,multitask,breakout,3,5.0,628
4,period,6575616,68173,multitask,breakout,4,5.0,628
4,period,6575616,68173,multitask,breakout,5,5.0,628
4,period,6575616,68173,multitask,breakout,6,5.0,628
4,period,6575616,68173,multitask,breakout,7,6.0,628
4,period,6575616,68173,multitask,breakout,8,6.0,628
4,period,6575616,68173,multitask,breakout,9,6.0,628
4,period,6575616,68173,multitask,breakout,10,3.0,628
4,period,6575616,68173,multitask,space_invaders,1,3.0,180
4,period,6575616,68173,multitask,space_invaders,2,3.0,180
4,period,6575616,68173,multitask,space_invaders,3,3.0,180
4,period,6575616,68173,multitask,space_invaders,4,3.0,180
4,period,6575616,68173,multitask,space_invaders,5,3.0,180
4,period,6575616,68173,multitask,space_invaders,6,3.0,180
4,period,6575616,68173,multitask,space_invaders,7,3.0,180
4,period,6575616,68173,multitask,space_invaders,8,3.0,180
4,period,6575616,68173,multitask,space_invaders,9,2.0,180
4,period,6575616,68173,multitask,space_invaders,10,3.0,180
4,period,6575616,68173,multitask,freeway,1,25.0,25000
4,period,6575616,68173,multitask,freeway,2,29.0,25000
4,period,6575616,68173,multitask,freeway,3,26.0,25000
4,period,6575616,68173,multitask,freeway,4,28.0,25000
4,period,6575616,68173,multitask,freeway,5,22.0,25000
4,period,6575616,68173,multitask,freeway,6,23.0,25000
4,period,6575616,68173,multitask,freeway,7,22.0,25000
4,period,6575616,68173,multitask,freeway,8,33.0,25000
4,period,6575616,68173,multitask,freeway,9,28.0,25000
4,period,6575616,68173,multitask,freeway,10,33.0,25000
4,period,6600192,68795,multitask,breakout,1,5.0,520
4,period,6600192,68795,multitask,breakout,2,6.0,520
4,period,6600192,68795,multitask,breakout,3,0.0,520
4,period,6600192,68795,multitask,breakout,4,5.0,520
4,period,6600192,68795,multitask,breakout,5,7.0,520
4,period,6600192,68795,multitask,breakout,6,1.0,520
4,period,6600192,68795,multitask,breakout,7,2.0,520
4,period,6600192,68795,multitask,breakout,8,5.0,520
4,period,6600192,68795,multitask,breakout,9,6.0,520
4,period,6600192,68795,multitask,breakout,10,6.0,520
4,period,6600192,68795,multitask,space_invaders,1,3.0,180
4,period,6600192,68795,multitask,space_invaders,2,3.0,180
4,period,6600192,68795,multitask,space_invaders,3,3.0,180
4,period,6600192,68795,multitask,space_invaders,4,3.0,180
4,period,6600192,68795,multitask,space_invaders,5,3.0,180
4,period,6600192,68795,multitask,space_invaders,6,3.0,180
4,period,6600192,68795,multitask,space_invaders,7,3.0,180
4,period,6600192,68795,multitask,space_invaders,8,3.0,180
4,period,6600192,68795,multitask,space_invaders,9,3.0,180
4,period,6600192,68795,multitask,space_invaders,10,3.0,180
4,period,6600192,68795,multitask,freeway,1,34.0,25000
4,period,6600192,68795,multitask,freeway,2,28.0,25000
4,period,6600192,68795,multitask,freeway,3,27.0,25000
4,period,6600192,68795,multitask,freeway,4,34.0,25000
4,period,6600192,68795,multitask,freeway,5,31.0,25000
4,period,6600192,68795,multitask,freeway,6,26.0,25000
4,period,6600192,68795,multitask,freeway,7,24.0,25000
4,period,6600192,68795,multitask,freeway,8,28.0,25000
4,period,6600192,68795,multitask,freeway,9,29.0,25000
4,period,6600192,68795,multitask,freeway,10,30.0,25000
4,period,6625536,69399,multitask,breakout,1,6.0,554
4,period,6625536,69399,multitask,breakout,2,3.0,554
4,period,6625536,69399,multitask,breakout,3,6.0,554
4,period,6625536,69399,multitask,breakout,4,6.0,554
4,period,6625536,69399,multitask,breakout,5,3.0,554
4,period,6625536,69399,multitask,breakout,6,3.0,554
4,period,6625536,69399,multitask,breakout,7,3.0,554
4,period,6625536,69399,multitask,breakout,8,5.0,554
4,period,6625536,69399,multitask,breakout,9,6.0,554
4,period,6625536,69399,multitask,breakout,10,5.0,554
4,period,6625536,69399,multitask,space_invaders,1,3.0,180
4,period,6625536,69399,multitask,space_invaders,2,3.0,180
4,period,6625536,69399,multitask,space_invaders,3,3.0,180
4,period,6625536,69399,multitask,space_invaders,4,3.0,180
4,period,6625536,69399,multitask,space_invaders,5,3.0,180
4,period,6625536,69399,multitask,space_invaders,6,3.0,180
4,period,6625536,69399,multitask,space_invaders,7,3.0,180
4,period,6625536,69399,multitask,space_invaders,8,3.0,180
4,period,6625536,69399,multitask,space_invaders,9,3.0,180
4,period,6625536,69399,multitask,space_invaders,10,3.0,180
4,period,6625536,69399,multitask,freeway,1,27.0,25000
4,period,6625536,69399,multitask,freeway,2,26.0,25000
4,period,6625536,69399,multitask,freeway,3,17.0,25000
4,period,6625536,69399,multitask,freeway,4,34.0,25000
4,period,6625536,69399,multitask,freeway,5,32.0,25000
4,period,6625536,69399,multitask,freeway,6,22.0,25000
4,period,6625536,69399,multitask,freeway,7,24.0,25000
4,period,6625536,69399,multitask,freeway,8,25.0,25000
4,period,6625536,69399,multitask,freeway,9,14.0,25000
4,period,6625536,69399,multitask,freeway,10,37.0,25000
4,period,6650112,69978,multitask,breakout,1,6.0,608
4,period,6650112,69978,multitask,breakout,2,3.0,608
4,period,6650112,69978,multitask,breakout,3,6.0,608
4,period,6650112,69978,multitask,breakout,4,3.0,608
4,period,6650112,69978,multitask,breakout,5,5.0,608
4,period,6650112,69978,multitask,breakout,6,6.0,608
4,period,6650112,69978,multitask,breakout,7,5.0,608
4,period,6650112,69978,multitask,breakout,8,6.0,608
4,period,6650112,69978,multitask,breakout,9,5.0,608
4,period,6650112,69978,multitask,breakout,10,6.0,608
4,period,6650112,69978,multitask,space_invaders,1,3.0,180
4,period,6650112,69978,multitask,space_invaders,2,3.0,180
4,period,6650112,69978,multitask,space_invaders,3,3.0,180
4,period,6650112,69978,multitask,space_invaders,4,3.0,180
4,period,6650112,69978,multitask,space_invaders,5,3.0,180
4,period,6650112,69978,multitask,space_invaders,6,3.0,180
4,period,6650112,69978,multitask,space_invaders,7,3.0,180
4,period,6650112,69978,multitask,space_invaders,8,3.0,180
4,period,6650112,69978,multitask,space_invaders,9,3.0,180
4,period,6650112,69978,multitask,space_invaders,10,3.0,180
4,period,6650112,69978,multitask,freeway,1,35.0,25000
4,period,6650112,69978,multitask,freeway,2,23.0,25000
4,period,6650112,69978,multitask,freeway,3,26.0,25000
4,period,6650112,69978,multitask,freeway,4,36.0,25000
4,period,6650112,69978,multitask,freeway,5,23.0,25000
4,period,6650112,69978,multitask,freeway,6,32.0,25000
4,period,6650112,69978,multitask,freeway,7,38.0,25000
4,period,6650112,69978,multitask,freeway,8,16.0,25000
4,period,6650112,69978,multitask,freeway,9,28.0,25000
4,period,6650112,69978,multitask,freeway,10,35.0,25000
4,period,6675456,70598,multitask,breakout,1,6.0,602
4,period,6675456,70598,multitask,breakout,2,0.0,602
4,period,6675456,70598,multitask,breakout,3,6.0,602
4,period,6675456,70598,multitask,breakout,4,5.0,602
4,period,6675456,70598,multitask,breakout,5,6.0,602
4,period,6675456,70598,multitask,breakout,6,6.0,602
4,period,6675456,70598,multitask,breakout,7,5.0,602
4,period,6675456,70598,multitask,breakout,8,5.0,602
4,period,6675456,70598,multitask,breakout,9,5.0,602
4,period,6675456,70598,multitask,breakout,10,6.0,602
4,period,6675456,70598,multitask,space_invaders,1,3.0,180
4,period,6675456,70598,multitask,space_invaders,2,3.0,180
4,period,6675456,70598,multitask,space_invaders,3,3.0,180
4,period,6675456,70598,multitask,space_invaders,4,3.0,180
4,period,6675456,70598,multitask,space_invaders,5,3.0,180
4,period,6675456,70598,multitask,space_invaders,6,3.0,180
4,period,6675456,70598,multitask,space_invaders,7,3.0,180
4,period,6675456,70598,multitask,space_invaders,8,3.0,180
4,period,6675456,70598,multitask,space_invaders,9,3.0,180
4,period,6675456,70598,multitask,space_invaders,10,3.0,180
4,period,6675456,70598,multitask,freeway,1,31.0,25000
4,period,6675456,70598,multitask,freeway,2,23.0,25000
4,period,6675456,70598,multitask,freeway,3,28.0,25000
4,period,6675456,70598,multitask,freeway,4,23.0,25000
4,period,6675456,70598,multitask,freeway,5,33.0,25000
4,period,6675456,70598,multitask,freeway,6,33.0,25000
4,period,6675456,70598,multitask,freeway,7,27.0,25000
4,period,6675456,70598,multitask,freeway,8,28.0,25000
4,period,6675456,70598,multitask,freeway,9,26.0,25000
4,period,6675456,70598,multitask,freeway,10,31.0,25000
4,period,6700032,71178,multitask,breakout,1,5.0,652
4,period,6700032,71178,multitask,breakout,2,6.0,652
4,period,6700032,71178,multitask,breakout,3,5.0,652
4,period,6700032,71178,multitask,breakout,4,6.0,652
4,period,6700032,71178,multitask,breakout,5,6.0,652
4,period,6700032,71178,multitask,breakout,6,6.0,652
4,period,6700032,71178,multitask,breakout,7,6.0,652
4,period,6700032,71178,multitask,breakout,8,5.0,652
4,period,6700032,71178,multitask,breakout,9,5.0,652
4,period,6700032,71178,multitask,breakout,10,5.0,652
4,period,6700032,71178,multitask,space_invaders,1,3.0,180
4,period,6700032,71178,multitask,space_invaders,2,3.0,180
4,period,6700032,71178,multitask,space_invaders,3,3.0,180
4,period,6700032,71178,multitask,space_invaders,4,3.0,180
4,period,6700032,71178,multitask,space_invaders,5,3.0,180
4,period,6700032,71178,multitask,space_invaders,6,3.0,180
4,period,6700032,71178,multitask,space_invaders,7,3.0,180
4,period,6700032,71178,multitask,space_invaders,8,3.0,180
4,period,6700032,71178,multitask,space_invaders,9,3.0,180
4,period,6700032,71178,multitask,space_invaders,10,3.0,180
4,period,6700032,71178,multitask,freeway,1,32.0,25000
4,period,6700032,71178,multitask,freeway,2,27.0,25000
4,period,6700032,71178,multitask,freeway,3,24.0,25000
4,period,6700032,71178,multitask,freeway,4,30.0,25000
4,period,6700032,71178,multitask,freeway,5,30.0,25000
4,period,6700032,71178,multitask,freeway,6,27.0,25000
4,period,6700032,71178,multitask,freeway,7,26.0,25000
4,period,6700032,71178,multitask,freeway,8,32.0,25000
4,period,6700032,71178,multitask,freeway,9,21.0,25000
4,period,6700032,71178,multitask,freeway,10,24.0,25000
4,period,6725376,71811,multitask,breakout,1,3.0,660
4,period,6725376,71811,multitask,breakout,2,6.0,660
4,period,6725376,71811,multitask,breakout,3,6.0,660
4,period,6725376,71811,multitask,breakout,4,6.0,660
4,period,6725376,71811,multitask,breakout,5,6.0,660
4,period,6725376,71811,multitask,breakout,6,5.0,660
4,period,6725376,71811,multitask,breakout,7,6.0,660
4,period,6725376,71811,multitask,breakout,8,6.0,660
4,period,6725376,71811,multitask,breakout,9,6.0,660
4,period,6725376,71811,multitask,breakout,10,6.0,660
4,period,6725376,71811,multitask,space_invaders,1,3.0,180
4,period,6725376,71811,multitask,space_invaders,2,3.0,180
4,period,6725376,71811,multitask,space_invaders,3,3.0,180
4,period,6725376,71811,multitask,space_invaders,4,3.0,180
4,period,6725376,71811,multitask,space_invaders,5,3.0,180
4,period,6725376,71811,multitask,space_invaders,6,3.0,180
4,period,6725376,71811,multitask,space_invaders,7,3.0,180
4,period,6725376,71811,multitask,space_invaders,8,3.0,180
4,period,6725376,71811,multitask,space_invaders,9,3.0,180
4,period,6725376,71811,multitask,space_invaders,10,3.0,180
4,period,6725376,71811,multitask,freeway,1,24.0,25000
4,period,6725376,71811,multitask,freeway,2,28.0,25000
4,period,6725376,71811,multitask,freeway,3,17.0,25000
4,period,6725376,71811,multitask,freeway,4,30.0,25000
4,period,6725376,71811,multitask,freeway,5,28.0,25000
4,period,6725376,71811,multitask,freeway,6,17.0,25000
4,period,6725376,71811,multitask,freeway,7,21.0,25000
4,period,6725376,71811,multitask,freeway,8,30.0,25000
4,period,6725376,71811,multitask,freeway,9,28.0,25000
4,period,6725376,71811,multitask,freeway,10,31.0,25000
4,period,6750720,72412,multitask,breakout,1,6.0,658
4,period,6750720,72412,multitask,breakout,2,6.0,658
4,period,6750720,72412,multitask,breakout,3,3.0,658
4,period,6750720,72412,multitask,breakout,4,5.0,658
4,period,6750720,72412,multitask,breakout,5,6.0,658
4,period,6750720,72412,multitask,breakout,6,7.0,658
4,period,6750720,72412,multitask,breakout,7,6.0,658
4,period,6750720,72412,multitask,breakout,8,6.0,658
4,period,6750720,72412,multitask,breakout,9,6.0,658
4,period,6750720,72412,multitask,breakout,10,5.0,658
4,period,6750720,72412,multitask,space_invaders,1,3.0,180
4,period,6750720,72412,multitask,space_invaders,2,3.0,180
4,period,6750720,72412,multitask,space_invaders,3,3.0,180
4,period,6750720,72412,multitask,space_invaders,4,3.0,180
4,period,6750720,72412,multitask,space_invaders,5,3.0,180
4,period,6750720,72412,multitask,space_invaders,6,3.0,180
4,period,6750720,72412,multitask,space_invaders,7,3.0,180
4,period,6750720,72412,multitask,space_invaders,8,3.0,180
4,period,6750720,72412,multitask,space_invaders,9,3.0,180
4,period,6750720,72412,multitask,space_invaders,10,3.0,180
4,period,6750720,72412,multitask,freeway,1,22.0,25000
4,period,6750720,72412,multitask,freeway,2,26.0,25000
4,period,6750720,72412,multitask,freeway,3,31.0,25000
4,period,6750720,72412,multitask,freeway,4,25.0,25000
4,period,6750720,72412,multitask,freeway,5,27.0,25000
4,period,6750720,72412,multitask,freeway,6,24.0,25000
4,period,6750720,72412,multitask,freeway,7,21.0,25000
4,period,6750720,72412,multitask,freeway,8,21.0,25000
4,period,6750720,72412,multitask,freeway,9,25.0,25000
4,period,6750720,72412,multitask,freeway,10,26.0,25000
4,period,6775296,72992,multitask,breakout,1,6.0,596
4,period,6775296,72992,multitask,breakout,2,5.0,596
4,period,6775296,72992,multitask,breakout,3,6.0,596
4,period,6775296,72992,multitask,breakout,4,5.0,596
4,period,6775296,72992,multitask,breakout,5,5.0,596
4,period,6775296,72992,multitask,breakout,6,6.0,596
4,period,6775296,72992,multitask,breakout,7,3.0,596
4,period,6775296,72992,multitask,breakout,8,5.0,596
4,period,6775296,72992,multitask,breakout,9,6.0,596
4,period,6775296,72992,multitask,breakout,10,3.0,596
4,period,6775296,72992,multitask,space_invaders,1,3.0,180
4,period,6775296,72992,multitask,space_invaders,2,3.0,180
4,period,6775296,72992,multitask,space_invaders,3,3.0,180
4,period,6775296,72992,multitask,space_invaders,4,3.0,180
4,period,6775296,72992,multitask,space_invaders,5,3.0,180
4,period,6775296,72992,multitask,space_invaders,6,3.0,180
4,period,6775296,72992,multitask,space_invaders,7,3.0,180
4,period,6775296,72992,multitask,space_invaders,8,3.0,180
4,period,6775296,72992,multitask,space_invaders,9,3.0,180
4,period,6775296,72992,multitask,space_invaders,10,3.0,180
4,period,6775296,72992,multitask,freeway,1,24.0,25000
4,period,6775296,72992,multitask,freeway,2,22.0,25000
4,period,6775296,72992,multitask,freeway,3,25.0,25000
4,period,6775296,72992,multitask,freeway,4,24.0,25000
4,period,6775296,72992,multitask,freeway,5,29.0,25000
4,period,6775296,72992,multitask,freeway,6,22.0,25000
4,period,6775296,72992,multitask,freeway,7,23.0,25000
4,period,6775296,72992,multitask,freeway,8,24.0,25000
4,period,6775296,72992,multitask,freeway,9,35.0,25000
4,period,6775296,72992,multitask,freeway,10,26.0,25000
4,period,6800640,73614,multitask,breakout,1,2.0,590
4,period,6800640,73614,multitask,breakout,2,6.0,590
4,period,6800640,73614,multitask,breakout,3,5.0,590
4,period,6800640,73614,multitask,breakout,4,6.0,590
4,period,6800640,73614,multitask,breakout,5,6.0,590
4,period,6800640,73614,multitask,breakout,6,6.0,590
4,period,6800640,73614,multitask,breakout,7,6.0,590
4,period,6800640,73614,multitask,breakout,8,1.0,590
4,period,6800640,73614,multitask,breakout,9,6.0,590
4,period,6800640,73614,multitask,breakout,10,5.0,590
4,period,6800640,73614,multitask,space_invaders,1,3.0,180
4,period,6800640,73614,multitask,space_invaders,2,3.0,180
4,period,6800640,73614,multitask,space_invaders,3,3.0,180
4,period,6800640,73614,multitask,space_invaders,4,3.0,180
4,period,6800640,73614,multitask,space_invaders,5,3.0,180
4,period,6800640,73614,multitask,space_invaders,6,3.0,180
4,period,6800640,73614,multitask,space_invaders,7,3.0,180
4,period,6800640,73614,multitask,space_invaders,8,3.0,180
4,period,6800640,73614,multitask,space_invaders,9,3.0,180
4,period,6800640,73614,multitask,space_invaders,10,3.0,180
4,period,6800640,73614,multitask,freeway,1,28.0,25000
4,period,6800640,73614,multitask,freeway,2,28.0,25000
4,period,6800640,73614,multitask,freeway,3,26.0,25000
4,period,6800640,73614,multitask,freeway,4,27.0,25000
4,period,6800640,73614,multitask,freeway,5,27.0,25000
4,period,6800640,73614,multitask,freeway,6,27.0,25000
4,period,6800640,73614,multitask,freeway,7,24.0,25000
4,period,6800640,73614,multitask,freeway,8,18.0,25000
4,period,6800640,73614,multitask,freeway,9,33.0,25000
4,period,6800640,73614,multitask,freeway,10,29.0,25000
4,period,6825216,74194,multitask,breakout,1,6.0,602
4,period,6825216,74194,multitask,breakout,2,6.0,602
4,period,6825216,74194,multitask,breakout,3,5.0,602
4,period,6825216,74194,multitask,breakout,4,5.0,602
4,period,6825216,74194,multitask,breakout,5,0.0,602
4,period,6825216,74194,multitask,breakout,6,6.0,602
4,period,6825216,74194,multitask,breakout,7,6.0,602
4,period,6825216,74194,multitask,breakout,8,5.0,602
4,period,6825216,74194,multitask,breakout,9,5.0,602
4,period,6825216,74194,multitask,breakout,10,6.0,602
4,period,6825216,74194,multitask,space_invaders,1,3.0,180
4,period,6825216,74194,multitask,space_invaders,2,3.0,180
4,period,6825216,74194,multitask,space_invaders,3,3.0,180
4,period,6825216,74194,multitask,space_invaders,4,3.0,180
4,period,6825216,74194,multitask,space_invaders,5,3.0,180
4,period,6825216,74194,multitask,space_invaders,6,3.0,180
4,period,6825216,74194,multitask,space_invaders,7,3.0,180
4,period,6825216,74194,multitask,space_invaders,8,2.0,180
4,period,6825216,74194,multitask,space_invaders,9,3.0,180
4,period,6825216,74194,multitask,space_invaders,10,3.0,180
4,period,6825216,74194,multitask,freeway,1,14.0,25000
4,period,6825216,74194,multitask,freeway,2,29.0,25000
4,period,6825216,74194,multitask,freeway,3,33.0,25000
4,period,6825216,74194,multitask,freeway,4,29.0,25000
4,period,6825216,74194,multitask,freeway,5,9.0,25000
4,period,6825216,74194,multitask,freeway,6,25.0,25000
4,period,6825216,74194,multitask,freeway,7,19.0,25000
4,period,6825216,74194,multitask,freeway,8,24.0,25000
4,period,6825216,74194,multitask,freeway,9,27.0,25000
4,period,6825216,74194,multitask,freeway,10,24.0,25000
4,period,6850560,74813,multitask,breakout,1,5.0,640
4,period,6850560,74813,multitask,breakout,2,7.0,640
4,period,6850560,74813,multitask,breakout,3,3.0,640
4,period,6850560,74813,multitask,breakout,4,6.0,640
4,period,6850560,74813,multitask,breakout,5,6.0,640
4,period,6850560,74813,multitask,breakout,6,5.0,640
4,period,6850560,74813,multitask,breakout,7,6.0,640
4,period,6850560,74813,multitask,breakout,8,5.0,640
4,period,6850560,74813,multitask,breakout,9,5.0,640
4,period,6850560,74813,multitask,breakout,10,6.0,640
4,period,6850560,74813,multitask,space_invaders,1,3.0,180
4,period,6850560,74813,multitask,space_invaders,2,3.0,180
4,period,6850560,74813,multitask,space_invaders,3,3.0,180
4,period,6850560,74813,multitask,space_invaders,4,3.0,180
4,period,6850560,74813,multitask,space_invaders,5,3.0,180
4,period,6850560,74813,multitask,space_invaders,6,3.0,180
4,period,6850560,74813,multitask,space_invaders,7,3.0,180
4,period,6850560,74813,multitask,space_invaders,8,3.0,180
4,period,6850560,74813,multitask,space_invaders,9,3.0,180
4,period,6850560,74813,multitask,space_invaders,10,3.0,180
4,period,6850560,74813,multitask,freeway,1,25.0,25000
4,period,6850560,74813,multitask,freeway,2,23.0,25000
4,period,6850560,74813,multitask,freeway,3,31.0,25000
4,period,6850560,74813,multitask,freeway,4,26.0,25000
4,period,6850560,74813,multitask,freeway,5,20.0,25000
4,period,6850560,74813,multitask,freeway,6,33.0,25000
4,period,6850560,74813,multitask,freeway,7,21.0,25000
4,period,6850560,74813,multitask,freeway,8,25.0,25000
4,period,6850560,74813,multitask,freeway,9,26.0,25000
4,period,6850560,74813,multitask,freeway,10,20.0,25000
4,period,6875136,75429,multitask,breakout,1,5.0,496
4,period,6875136,75429,multitask,breakout,2,4.0,496
4,period,6875136,75429,multitask,breakout,3,5.0,496
4,period,6875136,75429,multitask,breakout,4,1.0,496
4,period,6875136,75429,multitask,breakout,5,4.0,496
4,period,6875136,75429,multitask,breakout,6,4.0,496
4,period,6875136,75429,multitask,breakout,7,4.0,496
4,period,6875136,75429,multitask,breakout,8,4.0,496
4,period,6875136,75429,multitask,breakout,9,5.0,496
4,period,6875136,75429,multitask,breakout,10,4.0,496
4,period,6875136,75429,multitask,space_invaders,1,3.0,180
4,period,6875136,75429,multitask,space_invaders,2,3.0,180
4,period,6875136,75429,multitask,space_invaders,3,3.0,180
4,period,6875136,75429,multitask,space_invaders,4,3.0,180
4,period,6875136,75429,multitask,space_invaders,5,3.0,180
4,period,6875136,75429,multitask,space_invaders,6,3.0,180
4,period,6875136,75429,multitask,space_invaders,7,3.0,180
4,period,6875136,75429,multitask,space_invaders,8,3.0,180
4,period,6875136,75429,multitask,space_invaders,9,3.0,180
4,period,6875136,75429,multitask,space_invaders,10,3.0,180
4,period,6875136,75429,multitask,freeway,1,27.0,25000
4,period,6875136,75429,multitask,freeway,2,26.0,25000
4,period,6875136,75429,multitask,freeway,3,25.0,25000
4,period,6875136,75429,multitask,freeway,4,28.0,25000
4,period,6875136,75429,multitask,freeway,5,25.0,25000
4,period,6875136,75429,multitask,freeway,6,19.0,25000
4,period,6875136,75429,multitask,freeway,7,21.0,25000
4,period,6875136,75429,multitask,freeway,8,20.0,25000
4,period,6875136,75429,multitask,freeway,9,31.0,25000
4,period,6875136,75429,multitask,freeway,10,28.0,25000
4,period,6900480,76040,multitask,breakout,1,3.0,608
4,period,6900480,76040,multitask,breakout,2,5.0,608
4,period,6900480,76040,multitask,breakout,3,6.0,608
4,period,6900480,76040,multitask,breakout,4,5.0,608
4,period,6900480,76040,multitask,breakout,5,5.0,608
4,period,6900480,76040,multitask,breakout,6,5.0,608
4,period,6900480,76040,multitask,breakout,7,5.0,608
4,period,6900480,76040,multitask,breakout,8,5.0,608
4,period,6900480,76040,multitask,breakout,9,6.0,608
4,period,6900480,76040,multitask,breakout,10,6.0,608
4,period,6900480,76040,multitask,space_invaders,1,3.0,180
4,period,6900480,76040,multitask,space_invaders,2,3.0,180
4,period,6900480,76040,multitask,space_invaders,3,3.0,180
4,period,6900480,76040,multitask,space_invaders,4,3.0,180
4,period,6900480,76040,multitask,space_invaders,5,3.0,180
4,period,6900480,76040,multitask,space_invaders,6,3.0,180
4,period,6900480,76040,multitask,space_invaders,7,3.0,180
4,period,6900480,76040,multitask,space_invaders,8,3.0,180
4,period,6900480,76040,multitask,space_invaders,9,3.0,180
4,period,6900480,76040,multitask,space_invaders,10,3.0,180
4,period,6900480,76040,multitask,freeway,1,26.0,25000
4,period,6900480,76040,multitask,freeway,2,24.0,25000
4,period,6900480,76040,multitask,freeway,3,27.0,25000
4,period,6900480,76040,multitask,freeway,4,21.0,25000
4,period,6900480,76040,multitask,freeway,5,30.0,25000
4,period,6900480,76040,multitask,freeway,6,32.0,25000
4,period,6900480,76040,multitask,freeway,7,23.0,25000
4,period,6900480,76040,multitask,freeway,8,18.0,25000
4,period,6900480,76040,multitask,freeway,9,25.0,25000
4,period,6900480,76040,multitask,freeway,10,28.0,25000
4,period,6925056,76639,multitask,breakout,1,5.0,646
4,period,6925056,76639,multitask,breakout,2,5.0,646
4,period,6925056,76639,multitask,breakout,3,6.0,646
4,period,6925056,76639,multitask,breakout,4,6.0,646
4,period,6925056,76639,multitask,breakout,5,5.0,646
4,period,6925056,76639,multitask,breakout,6,6.0,646
4,period,6925056,76639,multitask,breakout,7,5.0,646
4,period,6925056,76639,multitask,breakout,8,6.0,646
4,period,6925056,76639,multitask,breakout,9,5.0,646
4,period,6925056,76639,multitask,breakout,10,5.0,646
4,period,6925056,76639,multitask,space_invaders,1,3.0,180
4,period,6925056,76639,multitask,space_invaders,2,3.0,180
4,period,6925056,76639,multitask,space_invaders,3,3.0,180
4,period,6925056,76639,multitask,space_invaders,4,3.0,180
4,period,6925056,76639,multitask,space_invaders,5,3.0,180
4,period,6925056,76639,multitask,space_invaders,6,3.0,180
4,period,6925056,76639,multitask,space_invaders,7,3.0,180
4,period,6925056,76639,multitask,space_invaders,8,3.0,180
4,period,6925056,76639,multitask,space_invaders,9,3.0,180
4,period,6925056,76639,multitask,space_invaders,10,3.0,180
4,period,6925056,76639,multitask,freeway,1,28.0,25000
4,period,6925056,76639,multitask,freeway,2,30.0,25000
4,period,6925056,76639,multitask,freeway,3,24.0,25000
4,period,6925056,76639,multitask,freeway,4,34.0,25000
4,period,6925056,76639,multitask,freeway,5,25.0,25000
4,period,6925056,76639,multitask,freeway,6,29.0,25000
4,period,6925056,76639,multitask,freeway,7,30.0,25000
4,period,6925056,76639,multitask,freeway,8,23.0,25000
4,period,6925056,76639,multitask,freeway,9,23.0,25000
4,period,6925056,76639,multitask,freeway,10,33.0,25000
4,period,6950400,77235,multitask,breakout,1,6.0,574
4,period,6950400,77235,multitask,breakout,2,5.0,574
4,period,6950400,77235,multitask,breakout,3,2.0,574
4,period,6950400,77235,multitask,breakout,4,7.0,574
4,period,6950400,77235,multitask,breakout,5,1.0,574
4,period,6950400,77235,multitask,breakout,6,5.0,574
4,period,6950400,77235,multitask,breakout,7,6.0,574
4,period,6950400,77235,multitask,breakout,8,6.0,574
4,period,6950400,77235,multitask,breakout,9,5.0,574
4,period,6950400,77235,multitask,breakout,10,5.0,574
4,period,6950400,77235,multitask,space_invaders,1,3.0,180
4,period,6950400,77235,multitask,space_invaders,2,3.0,180
4,period,6950400,77235,multitask,space_invaders,3,3.0,180
4,period,6950400,77235,multitask,space_invaders,4,3.0,180
4,period,6950400,77235,multitask,space_invaders,5,3.0,180
4,period,6950400,77235,multitask,space_invaders,6,3.0,180
4,period,6950400,77235,multitask,space_invaders,7,3.0,180
4,period,6950400,77235,multitask,space_invaders,8,3.0,180
4,period,6950400,77235,multitask,space_invaders,9,3.0,180
4,period,6950400,77235,multitask,space_invaders,10,3.0,180
4,period,6950400,77235,multitask,freeway,1,25.0,25000
4,period,6950400,77235,multitask,freeway,2,27.0,25000
4,period,6950400,77235,multitask,freeway,3,26.0,25000
4,period,6950400,77235,multitask,freeway,4,33.0,25000
4,period,6950400,77235,multitask,freeway,5,31.0,25000
4,period,6950400,77235,multitask,freeway,6,23.0,25000
4,period,6950400,77235,multitask,freeway,7,25.0,25000
4,period,6950400,77235,multitask,freeway,8,24.0,25000
4,period,6950400,77235,multitask,freeway,9,24.0,25000
4,period,6950400,77235,multitask,freeway,10,32.0,25000
4,period,6975744,77850,multitask,breakout,1,6.0,604
4,period,6975744,77850,multitask,breakout,2,2.0,604
4,period,6975744,77850,multitask,breakout,3,6.0,604
4,period,6975744,77850,multitask,breakout,4,5.0,604
4,period,6975744,77850,multitask,breakout,5,6.0,604
4,period,6975744,77850,multitask,breakout,6,3.0,604
4,period,6975744,77850,multitask,breakout,7,6.0,604
4,period,6975744,77850,multitask,breakout,8,5.0,604
4,period,6975744,77850,multitask,breakout,9,6.0,604
4,period,6975744,77850,multitask,breakout,10,5.0,604
4,period,6975744,77850,multitask,space_invaders,1,3.0,180
4,period,6975744,77850,multitask,space_invaders,2,3.0,180
4,period,6975744,77850,multitask,space_invaders,3,3.0,180
4,period,6975744,77850,multitask,space_invaders,4,3.0,180
4,period,6975744,77850,multitask,space_invaders,5,3.0,180
4,period,6975744,77850,multitask,space_invaders,6,3.0,180
4,period,6975744,77850,multitask,space_invaders,7,3.0,180
4,period,6975744,77850,multitask,space_invaders,8,3.0,180
4,period,6975744,77850,multitask,space_invaders,9,3.0,180
4,period,6975744,77850,multitask,space_invaders,10,3.0,180
4,period,6975744,77850,multitask,freeway,1,30.0,25000
4,period,6975744,77850,multitask,freeway,2,26.0,25000
4,period,6975744,77850,multitask,freeway,3,28.0,25000
4,period,6975744,77850,multitask,freeway,4,18.0,25000
4,period,6975744,77850,multitask,freeway,5,29.0,25000
4,period,6975744,77850,multitask,freeway,6,36.0,25000
4,period,6975744,77850,multitask,freeway,7,29.0,25000
4,period,6975744,77850,multitask,freeway,8,29.0,25000
4,period,6975744,77850,multitask,freeway,9,31.0,25000
4,period,6975744,77850,multitask,freeway,10,29.0,25000
4,period,7000320,78442,multitask,breakout,1,5.0,662
4,period,7000320,78442,multitask,breakout,2,6.0,662
4,period,7000320,78442,multitask,breakout,3,6.0,662
4,period,7000320,78442,multitask,breakout,4,5.0,662
4,period,7000320,78442,multitask,breakout,5,6.0,662
4,period,7000320,78442,multitask,breakout,6,6.0,662
4,period,7000320,78442,multitask,breakout,7,5.0,662
4,period,7000320,78442,multitask,breakout,8,7.0,662
4,period,7000320,78442,multitask,breakout,9,5.0,662
4,period,7000320,78442,multitask,breakout,10,5.0,662
4,period,7000320,78442,multitask,space_invaders,1,3.0,180
4,period,7000320,78442,multitask,space_invaders,2,3.0,180
4,period,7000320,78442,multitask,space_invaders,3,3.0,180
4,period,7000320,78442,multitask,space_invaders,4,3.0,180
4,period,7000320,78442,multitask,space_invaders,5,3.0,180
4,period,7000320,78442,multitask,space_invaders,6,3.0,180
4,period,7000320,78442,multitask,space_invaders,7,3.0,180
4,period,7000320,78442,multitask,space_invaders,8,3.0,180
4,period,7000320,78442,multitask,space_invaders,9,3.0,180
4,period,7000320,78442,multitask,space_invaders,10,3.0,180
4,period,7000320,78442,multitask,freeway,1,34.0,25000
4,period,7000320,78442,multitask,freeway,2,24.0,25000
4,period,7000320,78442,multitask,freeway,3,32.0,25000
4,period,7000320,78442,multitask,freeway,4,16.0,25000
4,period,7000320,78442,multitask,freeway,5,26.0,25000
4,period,7000320,78442,multitask,freeway,6,26.0,25000
4,period,7000320,78442,multitask,freeway,7,27.0,25000
4,period,7000320,78442,multitask,freeway,8,23.0,25000
4,period,7000320,78442,multitask,freeway,9,26.0,25000
4,period,7000320,78442,multitask,freeway,10,28.0,25000
4,period,7025664,79041,multitask,breakout,1,5.0,638
4,period,7025664,79041,multitask,breakout,2,6.0,638
4,period,7025664,79041,multitask,breakout,3,6.0,638
4,period,7025664,79041,multitask,breakout,4,6.0,638
4,period,7025664,79041,multitask,breakout,5,3.0,638
4,period,7025664,79041,multitask,breakout,6,5.0,638
4,period,7025664,79041,multitask,breakout,7,6.0,638
4,period,7025664,79041,multitask,breakout,8,6.0,638
4,period,7025664,79041,multitask,breakout,9,5.0,638
4,period,7025664,79041,multitask,breakout,10,6.0,638
4,period,7025664,79041,multitask,space_invaders,1,3.0,180
4,period,7025664,79041,multitask,space_invaders,2,3.0,180
4,period,7025664,79041,multitask,space_invaders,3,3.0,180
4,period,7025664,79041,multitask,space_invaders,4,3.0,180
4,period,7025664,79041,multitask,space_invaders,5,3.0,180
4,period,7025664,79041,multitask,space_invaders,6,3.0,180
4,period,7025664,79041,multitask,space_invaders,7,3.0,180
4,period,7025664,79041,multitask,space_invaders,8,3.0,180
4,period,7025664,79041,multitask,space_invaders,9,3.0,180
4,period,7025664,79041,multitask,space_invaders,10,3.0,180
4,period,7025664,79041,multitask,freeway,1,24.0,25000
4,period,7025664,79041,multitask,freeway,2,31.0,25000
4,period,7025664,79041,multitask,freeway,3,23.0,25000
4,period,7025664,79041,multitask,freeway,4,29.0,25000
4,period,7025664,79041,multitask,freeway,5,24.0,25000
4,period,7025664,79041,multitask,freeway,6,27.0,25000
4,period,7025664,79041,multitask,freeway,7,29.0,25000
4,period,7025664,79041,multitask,freeway,8,27.0,25000
4,period,7025664,79041,multitask,freeway,9,31.0,25000
4,period,7025664,79041,multitask,freeway,10,24.0,25000
4,period,7050240,79231,multitask,breakout,1,3.0,650
4,period,7050240,79231,multitask,breakout,2,5.0,650
4,period,7050240,79231,multitask,breakout,3,6.0,650
4,period,7050240,79231,multitask,breakout,4,6.0,650
4,period,7050240,79231,multitask,breakout,5,6.0,650
4,period,7050240,79231,multitask,breakout,6,6.0,650
4,period,7050240,79231,multitask,breakout,7,6.0,650
4,period,7050240,79231,multitask,breakout,8,6.0,650
4,period,7050240,79231,multitask,breakout,9,5.0,650
4,period,7050240,79231,multitask,breakout,10,6.0,650
4,period,7050240,79231,multitask,space_invaders,1,27.0,2967
4,period,7050240,79231,multitask,space_invaders,2,22.0,2967
4,period,7050240,79231,multitask,space_invaders,3,15.0,2967
4,period,7050240,79231,multitask,space_invaders,4,87.0,2967
4,period,7050240,79231,multitask,space_invaders,5,21.0,2967
4,period,7050240,79231,multitask,space_invaders,6,51.0,2967
4,period,7050240,79231,multitask,space_invaders,7,27.0,2967
4,period,7050240,79231,multitask,space_invaders,8,27.0,2967
4,period,7050240,79231,multitask,space_invaders,9,99.0,2967
4,period,7050240,79231,multitask,space_invaders,10,29.0,2967
4,period,7050240,79231,multitask,freeway,1,23.0,25000
4,period,7050240,79231,multitask,freeway,2,22.0,25000
4,period,7050240,79231,multitask,freeway,3,25.0,25000
4,period,7050240,79231,multitask,freeway,4,18.0,25000
4,period,7050240,79231,multitask,freeway,5,19.0,25000
4,period,7050240,79231,multitask,freeway,6,20.0,25000
4,period,7050240,79231,multitask,freeway,7,22.0,25000
4,period,7050240,79231,multitask,freeway,8,16.0,25000
4,period,7050240,79231,multitask,freeway,9,23.0,25000
4,period,7050240,79231,multitask,freeway,10,27.0,25000
4,period,7075584,79454,multitask,breakout,1,6.0,642
4,period,7075584,79454,multitask,breakout,2,5.0,642
4,period,7075584,79454,multitask,breakout,3,7.0,642
4,period,7075584,79454,multitask,breakout,4,5.0,642
4,period,7075584,79454,multitask,breakout,5,5.0,642
4,period,7075584,79454,multitask,breakout,6,5.0,642
4,period,7075584,79454,multitask,breakout,7,5.0,642
4,period,7075584,79454,multitask,breakout,8,6.0,642
4,period,7075584,79454,multitask,breakout,9,5.0,642
4,period,7075584,79454,multitask,breakout,10,5.0,642
4,period,7075584,79454,multitask,space_invaders,1,22.0,2194
4,period,7075584,79454,multitask,space_invaders,2,24.0,2194
4,period,7075584,79454,multitask,space_invaders,3,40.0,2194
4,period,7075584,79454,multitask,space_invaders,4,24.0,2194
4,period,7075584,79454,multitask,space_invaders,5,26.0,2194
4,period,7075584,79454,multitask,space_invaders,6,22.0,2194
4,period,7075584,79454,multitask,space_invaders,7,26.0,2194
4,period,7075584,79454,multitask,space_invaders,8,33.0,2194
4,period,7075584,79454,multitask,space_invaders,9,25.0,2194
4,period,7075584,79454,multitask,space_invaders,10,20.0,2194
4,period,7075584,79454,multitask,freeway,1,20.0,25000
4,period,7075584,79454,multitask,freeway,2,25.0,25000
4,period,7075584,79454,multitask,freeway,3,24.0,25000
4,period,7075584,79454,multitask,freeway,4,26.0,25000
4,period,7075584,79454,multitask,freeway,5,23.0,25000
4,period,7075584,79454,multitask,freeway,6,28.0,25000
4,period,7075584,79454,multitask,freeway,7,28.0,25000
4,period,7075584,79454,multitask,freeway,8,24.0,25000
4,period,7075584,79454,multitask,freeway,9,31.0,25000
4,period,7075584,79454,multitask,freeway,10,25.0,25000
4,period,7100160,79632,multitask,breakout,1,3.0,552
4,period,7100160,79632,multitask,breakout,2,5.0,552
4,period,7100160,79632,multitask,breakout,3,3.0,552
4,period,7100160,79632,multitask,breakout,4,6.0,552
4,period,7100160,79632,multitask,breakout,5,3.0,552
4,period,7100160,79632,multitask,breakout,6,5.0,552
4,period,7100160,79632,multitask,breakout,7,6.0,552
4,period,7100160,79632,multitask,breakout,8,6.0,552
4,period,7100160,79632,multitask,breakout,9,3.0,552
4,period,7100160,79632,multitask,breakout,10,6.0,552
4,period,7100160,79632,multitask,space_invaders,1,116.0,5232
4,period,7100160,79632,multitask,space_invaders,2,143.0,5232
4,period,7100160,79632,multitask,space_invaders,3,23.0,5232
4,period,7100160,79632,multitask,space_invaders,4,93.0,5232
4,period,7100160,79632,multitask,space_invaders,5,20.0,5232
4,period,7100160,79632,multitask,space_invaders,6,45.0,5232
4,period,7100160,79632,multitask,space_invaders,7,49.0,5232
4,period,7100160,79632,multitask,space_invaders,8,70.0,5232
4,period,7100160,79632,multitask,space_invaders,9,74.0,5232
4,period,7100160,79632,multitask,space_invaders,10,45.0,5232
4,period,7100160,79632,multitask,freeway,1,26.0,25000
4,period,7100160,79632,multitask,freeway,2,25.0,25000
4,period,7100160,79632,multitask,freeway,3,29.0,25000
4,period,7100160,79632,multitask,freeway,4,19.0,25000
4,period,7100160,79632,multitask,freeway,5,28.0,25000
4,period,7100160,79632,multitask,freeway,6,26.0,25000
4,period,7100160,79632,multitask,freeway,7,35.0,25000
4,period,7100160,79632,multitask,freeway,8,24.0,25000
4,period,7100160,79632,multitask,freeway,9,26.0,25000
4,period,7100160,79632,multitask,freeway,10,18.0,25000
4,period,7125504,79794,multitask,breakout,1,6.0,640
4,period,7125504,79794,multitask,breakout,2,6.0,640
4,period,7125504,79794,multitask,breakout,3,6.0,640
4,period,7125504,79794,multitask,breakout,4,5.0,640
4,period,7125504,79794,multitask,breakout,5,6.0,640
4,period,7125504,79794,multitask,breakout,6,5.0,640
4,period,7125504,79794,multitask,breakout,7,3.0,640
4,period,7125504,79794,multitask,breakout,8,6.0,640
4,period,7125504,79794,multitask,breakout,9,6.0,640
4,period,7125504,79794,multitask,breakout,10,5.0,640
4,period,7125504,79794,multitask,space_invaders,1,19.0,2001
4,period,7125504,79794,multitask,space_invaders,2,46.0,2001
4,period,7125504,79794,multitask,space_invaders,3,8.0,2001
4,period,7125504,79794,multitask,space_invaders,4,13.0,2001
4,period,7125504,79794,multitask,space_invaders,5,50.0,2001
4,period,7125504,79794,multitask,space_invaders,6,23.0,2001
4,period,7125504,79794,multitask,space_invaders,7,22.0,2001
4,period,7125504,79794,multitask,space_invaders,8,23.0,2001
4,period,7125504,79794,multitask,space_invaders,9,27.0,2001
4,period,7125504,79794,multitask,space_invaders,10,27.0,2001
4,period,7125504,79794,multitask,freeway,1,32.0,25000
4,period,7125504,79794,multitask,freeway,2,34.0,25000
4,period,7125504,79794,multitask,freeway,3,36.0,25000
4,period,7125504,79794,multitask,freeway,4,25.0,25000
4,period,7125504,79794,multitask,freeway,5,29.0,25000
4,period,7125504,79794,multitask,freeway,6,30.0,25000
4,period,7125504,79794,multitask,freeway,7,22.0,25000
4,period,7125504,79794,multitask,freeway,8,31.0,25000
4,period,7125504,79794,multitask,freeway,9,25.0,25000
4,period,7125504,79794,multitask,freeway,10,23.0,25000
4,period,7150080,79935,multitask,breakout,1,6.0,630
4,period,7150080,79935,multitask,breakout,2,5.0,630
4,period,7150080,79935,multitask,breakout,3,5.0,630
4,period,7150080,79935,multitask,breakout,4,5.0,630
4,period,7150080,79935,multitask,breakout,5,5.0,630
4,period,7150080,79935,multitask,breakout,6,5.0,630
4,period,7150080,79935,multitask,breakout,7,5.0,630
4,period,7150080,79935,multitask,breakout,8,7.0,630
4,period,7150080,79935,multitask,breakout,9,5.0,630
4,period,7150080,79935,multitask,breakout,10,5.0,630
4,period,7150080,79935,multitask,space_invaders,1,118.0,7760
4,period,7150080,79935,multitask,space_invaders,2,94.0,7760
4,period,7150080,79935,multitask,space_invaders,3,46.0,7760
4,period,7150080,79935,multitask,space_invaders,4,175.0,7760
4,period,7150080,79935,multitask,space_invaders,5,47.0,7760
4,period,7150080,79935,multitask,space_invaders,6,118.0,7760
4,period,7150080,79935,multitask,space_invaders,7,142.0,7760
4,period,7150080,79935,multitask,space_invaders,8,159.0,7760
4,period,7150080,79935,multitask,space_invaders,9,134.0,7760
4,period,7150080,79935,multitask,space_invaders,10,24.0,7760
4,period,7150080,79935,multitask,freeway,1,26.0,25000
4,period,7150080,79935,multitask,freeway,2,30.0,25000
4,period,7150080,79935,multitask,freeway,3,28.0,25000
4,period,7150080,79935,multitask,freeway,4,23.0,25000
4,period,7150080,79935,multitask,freeway,5,21.0,25000
4,period,7150080,79935,multitask,freeway,6,23.0,25000
4,period,7150080,79935,multitask,freeway,7,19.0,25000
4,period,7150080,79935,multitask,freeway,8,27.0,25000
4,period,7150080,79935,multitask,freeway,9,27.0,25000
4,period,7150080,79935,multitask,freeway,10,26.0,25000
4,period,7175424,80098,multitask,breakout,1,5.0,640
4,period,7175424,80098,multitask,breakout,2,6.0,640
4,period,7175424,80098,multitask,breakout,3,5.0,640
4,period,7175424,80098,multitask,breakout,4,6.0,640
4,period,7175424,80098,multitask,breakout,5,5.0,640
4,period,7175424,80098,multitask,breakout,6,5.0,640
4,period,7175424,80098,multitask,breakout,7,6.0,640
4,period,7175424,80098,multitask,breakout,8,5.0,640
4,period,7175424,80098,multitask,breakout,9,6.0,640
4,period,7175424,80098,multitask,breakout,10,5.0,640
4,period,7175424,80098,multitask,space_invaders,1,128.0,4954
4,period,7175424,80098,multitask,space_invaders,2,94.0,4954
4,period,7175424,80098,multitask,space_invaders,3,23.0,4954
4,period,7175424,80098,multitask,space_invaders,4,23.0,4954
4,period,7175424,80098,multitask,space_invaders,5,94.0,4954
4,period,7175424,80098,multitask,space_invaders,6,23.0,4954
4,period,7175424,80098,multitask,space_invaders,7,71.0,4954
4,period,7175424,80098,multitask,space_invaders,8,102.0,4954
4,period,7175424,80098,multitask,space_invaders,9,18.0,4954
4,period,7175424,80098,multitask,space_invaders,10,74.0,4954
4,period,7175424,80098,multitask,freeway,1,29.0,25000
4,period,7175424,80098,multitask,freeway,2,28.0,25000
4,period,7175424,80098,multitask,freeway,3,28.0,25000
4,period,7175424,80098,multitask,freeway,4,21.0,25000
4,period,7175424,80098,multitask,freeway,5,36.0,25000
4,period,7175424,80098,multitask,freeway,6,25.0,25000
4,period,7175424,80098,multitask,freeway,7,28.0,25000
4,period,7175424,80098,multitask,freeway,8,29.0,25000
4,period,7175424,80098,multitask,freeway,9,32.0,25000
4,period,7175424,80098,multitask,freeway,10,23.0,25000
4,period,7200000,80262,multitask,breakout,1,5.0,532
4,period,7200000,80262,multitask,breakout,2,2.0,532
4,period,7200000,80262,multitask,breakout,3,6.0,532
4,period,7200000,80262,multitask,breakout,4,5.0,532
4,period,7200000,80262,multitask,breakout,5,5.0,532
4,period,7200000,80262,multitask,breakout,6,5.0,532
4,period,7200000,80262,multitask,breakout,7,6.0,532
4,period,7200000,80262,multitask,breakout,8,0.0,532
4,period,7200000,80262,multitask,breakout,9,5.0,532
4,period,7200000,80262,multitask,breakout,10,5.0,532
4,period,7200000,80262,multitask,space_invaders,1,25.0,2721
4,period,7200000,80262,multitask,space_invaders,2,3.0,2721
4,period,7200000,80262,multitask,space_invaders,3,22.0,2721
4,period,7200000,80262,multitask,space_invaders,4,23.0,2721
4,period,7200000,80262,multitask,space_invaders,5,74.0,2721
4,period,7200000,80262,multitask,space_invaders,6,32.0,2721
4,period,7200000,80262,multitask,space_invaders,7,46.0,2721
4,period,7200000,80262,multitask,space_invaders,8,2.0,2721
4,period,7200000,80262,multitask,space_invaders,9,22.0,2721
4,period,7200000,80262,multitask,space_invaders,10,102.0,2721
4,period,7200000,80262,multitask,freeway,1,24.0,25000
4,period,7200000,80262,multitask,freeway,2,23.0,25000
4,period,7200000,80262,multitask,freeway,3,26.0,25000
4,period,7200000,80262,multitask,freeway,4,31.0,25000
4,period,7200000,80262,multitask,freeway,5,20.0,25000
4,period,7200000,80262,multitask,freeway,6,27.0,25000
4,period,7200000,80262,multitask,freeway,7,25.0,25000
4,period,7200000,80262,multitask,freeway,8,22.0,25000
4,period,7200000,80262,multitask,freeway,9,27.0,25000
4,period,7200000,80262,multitask,freeway,10,20.0,25000
4,period,7225344,80417,multitask,breakout,1,6.0,716
4,period,7225344,80417,multitask,breakout,2,5.0,716
4,period,7225344,80417,multitask,breakout,3,9.0,716
4,period,7225344,80417,multitask,breakout,4,6.0,716
4,period,7225344,80417,multitask,breakout,5,6.0,716
4,period,7225344,80417,multitask,breakout,6,5.0,716
4,period,7225344,80417,multitask,breakout,7,7.0,716
4,period,7225344,80417,multitask,breakout,8,6.0,716
4,period,7225344,80417,multitask,breakout,9,5.0,716
4,period,7225344,80417,multitask,breakout,10,6.0,716
4,period,7225344,80417,multitask,space_invaders,1,122.0,7698
4,period,7225344,80417,multitask,space_invaders,2,70.0,7698
4,period,7225344,80417,multitask,space_invaders,3,136.0,7698
4,period,7225344,80417,multitask,space_invaders,4,169.0,7698
4,period,7225344,80417,multitask,space_invaders,5,50.0,7698
4,period,7225344,80417,multitask,space_invaders,6,23.0,7698
4,period,7225344,80417,multitask,space_invaders,7,136.0,7698
4,period,7225344,80417,multitask,space_invaders,8,142.0,7698
4,period,7225344,80417,multitask,space_invaders,9,107.0,7698
4,period,7225344,80417,multitask,space_invaders,10,95.0,7698
4,period,7225344,80417,multitask,freeway,1,19.0,25000
4,period,7225344,80417,multitask,freeway,2,27.0,25000
4,period,7225344,80417,multitask,freeway,3,24.0,25000
4,period,7225344,80417,multitask,freeway,4,23.0,25000
4,period,7225344,80417,multitask,freeway,5,25.0,25000
4,period,7225344,80417,multitask,freeway,6,35.0,25000
4,period,7225344,80417,multitask,freeway,7,20.0,25000
4,period,7225344,80417,multitask,freeway,8,21.0,25000
4,period,7225344,80417,multitask,freeway,9,30.0,25000
4,period,7225344,80417,multitask,freeway,10,27.0,25000
4,period,7250688,80570,multitask,breakout,1,6.0,652
4,period,7250688,80570,multitask,breakout,2,6.0,652
4,period,7250688,80570,multitask,breakout,3,5.0,652
4,period,7250688,80570,multitask,breakout,4,6.0,652
4,period,7250688,80570,multitask,breakout,5,6.0,652
4,period,7250688,80570,multitask,breakout,6,6.0,652
4,period,7250688,80570,multitask,breakout,7,3.0,652
4,period,7250688,80570,multitask,breakout,8,6.0,652
4,period,7250688,80570,multitask,breakout,9,6.0,652
4,period,7250688,80570,multitask,breakout,10,5.0,652
4,period,7250688,80570,multitask,space_invaders,1,17.0,2586
4,period,7250688,80570,multitask,space_invaders,2,47.0,2586
4,period,7250688,80570,multitask,space_invaders,3,53.0,2586
4,period,7250688,80570,multitask,space_invaders,4,29.0,2586
4,period,7250688,80570,multitask,space_invaders,5,75.0,2586
4,period,7250688,80570,multitask,space_invaders,6,26.0,2586
4,period,7250688,80570,multitask,space_invaders,7,8.0,2586
4,period,7250688,80570,multitask,space_invaders,8,28.0,2586
4,period,7250688,80570,multitask,space_invaders,9,29.0,2586
4,period,7250688,80570,multitask,space_invaders,10,25.0,2586
4,period,7250688,80570,multitask,freeway,1,25.0,25000
4,period,7250688,80570,multitask,freeway,2,28.0,25000
4,period,7250688,80570,multitask,freeway,3,22.0,25000
4,period,7250688,80570,multitask,freeway,4,28.0,25000
4,period,7250688,80570,multitask,freeway,5,36.0,25000
4,period,7250688,80570,multitask,freeway,6,28.0,25000
4,period,7250688,80570,multitask,freeway,7,30.0,25000
4,period,7250688,80570,multitask,freeway,8,26.0,25000
4,period,7250688,80570,multitask,freeway,9,36.0,25000
4,period,7250688,80570,multitask,freeway,10,29.0,25000
4,period,7275264,80723,multitask,breakout,1,6.0,682
4,period,7275264,80723,multitask,breakout,2,6.0,682
4,period,7275264,80723,multitask,breakout,3,5.0,682
4,period,7275264,80723,multitask,breakout,4,6.0,682
4,period,7275264,80723,multitask,breakout,5,7.0,682
4,period,7275264,80723,multitask,breakout,6,5.0,682
4,period,7275264,80723,multitask,breakout,7,5.0,682
4,period,7275264,80723,multitask,breakout,8,7.0,682
4,period,7275264,80723,multitask,breakout,9,5.0,682
4,period,7275264,80723,multitask,breakout,10,6.0,682
4,period,7275264,80723,multitask,space_invaders,1,27.0,3523
4,period,7275264,80723,multitask,space_invaders,2,25.0,3523
4,period,7275264,80723,multitask,space_invaders,3,70.0,3523
4,period,7275264,80723,multitask,space_invaders,4,50.0,3523
4,period,7275264,80723,multitask,space_invaders,5,46.0,3523
4,period,7275264,80723,multitask,space_invaders,6,27.0,3523
4,period,7275264,80723,multitask,space_invaders,7,95.0,3523
4,period,7275264,80723,multitask,space_invaders,8,23.0,3523
4,period,7275264,80723,multitask,space_invaders,9,96.0,3523
4,period,7275264,80723,multitask,space_invaders,10,4.0,3523
4,period,7275264,80723,multitask,freeway,1,37.0,25000
4,period,7275264,80723,multitask,freeway,2,35.0,25000
4,period,7275264,80723,multitask,freeway,3,21.0,25000
4,period,7275264,80723,multitask,freeway,4,35.0,25000
4,period,7275264,80723,multitask,freeway,5,28.0,25000
4,period,7275264,80723,multitask,freeway,6,33.0,25000
4,period,7275264,80723,multitask,freeway,7,30.0,25000
4,period,7275264,80723,multitask,freeway,8,37.0,25000
4,period,7275264,80723,multitask,freeway,9,25.0,25000
4,period,7275264,80723,multitask,freeway,10,27.0,25000
4,period,7300608,80886,multitask,breakout,1,5.0,652
4,period,7300608,80886,multitask,breakout,2,6.0,652
4,period,7300608,80886,multitask,breakout,3,3.0,652
4,period,7300608,80886,multitask,breakout,4,6.0,652
4,period,7300608,80886,multitask,breakout,5,6.0,652
4,period,7300608,80886,multitask,breakout,6,5.0,652
4,period,7300608,80886,multitask,breakout,7,6.0,652
4,period,7300608,80886,multitask,breakout,8,6.0,652
4,period,7300608,80886,multitask,breakout,9,6.0,652
4,period,7300608,80886,multitask,breakout,10,6.0,652
4,period,7300608,80886,multitask,space_invaders,1,119.0,4223
4,period,7300608,80886,multitask,space_invaders,2,95.0,4223
4,period,7300608,80886,multitask,space_invaders,3,35.0,4223
4,period,7300608,80886,multitask,space_invaders,4,81.0,4223
4,period,7300608,80886,multitask,space_invaders,5,74.0,4223
4,period,7300608,80886,multitask,space_invaders,6,5.0,4223
4,period,7300608,80886,multitask,space_invaders,7,27.0,4223
4,period,7300608,80886,multitask,space_invaders,8,42.0,4223
4,period,7300608,80886,multitask,space_invaders,9,73.0,4223
4,period,7300608,80886,multitask,space_invaders,10,12.0,4223
4,period,7300608,80886,multitask,freeway,1,21.0,25000
4,period,7300608,80886,multitask,freeway,2,17.0,25000
4,period,7300608,80886,multitask,freeway,3,26.0,25000
4,period,7300608,80886,multitask,freeway,4,37.0,25000
4,period,7300608,80886,multitask,freeway,5,23.0,25000
4,period,7300608,80886,multitask,freeway,6,31.0,25000
4,period,7300608,80886,multitask,freeway,7,24.0,25000
4,period,7300608,80886,multitask,freeway,8,35.0,25000
4,period,7300608,80886,multitask,freeway,9,31.0,25000
4,period,7300608,80886,multitask,freeway,10,32.0,25000
4,period,7325184,81045,multitask,breakout,1,5.0,620
4,period,7325184,81045,multitask,breakout,2,5.0,620
4,period,7325184,81045,multitask,breakout,3,6.0,620
4,period,7325184,81045,multitask,breakout,4,5.0,620
4,period,7325184,81045,multitask,breakout,5,6.0,620
4,period,7325184,81045,multitask,breakout,6,3.0,620
4,period,7325184,81045,multitask,breakout,7,5.0,620
4,period,7325184,81045,multitask,breakout,8,5.0,620
4,period,7325184,81045,multitask,breakout,9,6.0,620
4,period,7325184,81045,multitask,breakout,10,6.0,620
4,period,7325184,81045,multitask,space_invaders,1,27.0,4215
4,period,7325184,81045,multitask,space_invaders,2,36.0,4215
4,period,7325184,81045,multitask,space_invaders,3,23.0,4215
4,period,7325184,81045,multitask,space_invaders,4,111.0,4215
4,period,7325184,81045,multitask,space_invaders,5,27.0,4215
4,period,7325184,81045,multitask,space_invaders,6,6.0,4215
4,period,7325184,81045,multitask,space_invaders,7,143.0,4215
4,period,7325184,81045,multitask,space_invaders,8,66.0,4215
4,period,7325184,81045,multitask,space_invaders,9,93.0,4215
4,period,7325184,81045,multitask,space_invaders,10,3.0,4215
4,period,7325184,81045,multitask,freeway,1,34.0,25000
4,period,7325184,81045,multitask,freeway,2,31.0,25000
4,period,7325184,81045,multitask,freeway,3,26.0,25000
4,period,7325184,81045,multitask,freeway,4,32.0,25000
4,period,7325184,81045,multitask,freeway,5,36.0,25000
4,period,7325184,81045,multitask,freeway,6,30.0,25000
4,period,7325184,81045,multitask,freeway,7,38.0,25000
4,period,7325184,81045,multitask,freeway,8,33.0,25000
4,period,7325184,81045,multitask,freeway,9,32.0,25000
4,period,7325184,81045,multitask,freeway,10,27.0,25000
4,period,7350528,81201,multitask,breakout,1,5.0,620
4,period,7350528,81201,multitask,breakout,2,5.0,620
4,period,7350528,81201,multitask,breakout,3,5.0,620
4,period,7350528,81201,multitask,breakout,4,6.0,620
4,period,7350528,81201,multitask,breakout,5,3.0,620
4,period,7350528,81201,multitask,breakout,6,6.0,620
4,period,7350528,81201,multitask,breakout,7,6.0,620
4,period,7350528,81201,multitask,breakout,8,5.0,620
4,period,7350528,81201,multitask,breakout,9,6.0,620
4,period,7350528,81201,multitask,breakout,10,5.0,620
4,period,7350528,81201,multitask,space_invaders,1,51.0,3024
4,period,7350528,81201,multitask,space_invaders,2,30.0,3024
4,period,7350528,81201,multitask,space_invaders,3,4.0,3024
4,period,7350528,81201,multitask,space_invaders,4,45.0,3024
4,period,7350528,81201,multitask,space_invaders,5,28.0,3024
4,period,7350528,81201,multitask,space_invaders,6,50.0,3024
4,period,7350528,81201,multitask,space_invaders,7,76.0,3024
4,period,7350528,81201,multitask,space_invaders,8,98.0,3024
4,period,7350528,81201,multitask,space_invaders,9,27.0,3024
4,period,7350528,81201,multitask,space_invaders,10,5.0,3024
4,period,7350528,81201,multitask,freeway,1,31.0,25000
4,period,7350528,81201,multitask,freeway,2,31.0,25000
4,period,7350528,81201,multitask,freeway,3,27.0,25000
4,period,7350528,81201,multitask,freeway,4,25.0,25000
4,period,7350528,81201,multitask,freeway,5,27.0,25000
4,period,7350528,81201,multitask,freeway,6,35.0,25000
4,period,7350528,81201,multitask,freeway,7,34.0,25000
4,period,7350528,81201,multitask,freeway,8,35.0,25000
4,period,7350528,81201,multitask,freeway,9,26.0,25000
4,period,7350528,81201,multitask,freeway,10,28.0,25000
4,period,7375104,81363,multitask,breakout,1,6.0,636
4,period,7375104,81363,multitask,breakout,2,1.0,636
4,period,7375104,81363,multitask,breakout,3,6.0,636
4,period,7375104,81363,multitask,breakout,4,5.0,636
4,period,7375104,81363,multitask,breakout,5,6.0,636
4,period,7375104,81363,multitask,breakout,6,5.0,636
4,period,7375104,81363,multitask,breakout,7,7.0,636
4,period,7375104,81363,multitask,breakout,8,6.0,636
4,period,7375104,81363,multitask,breakout,9,7.0,636
4,period,7375104,81363,multitask,breakout,10,5.0,636
4,period,7375104,81363,multitask,space_invaders,1,118.0,5988
4,period,7375104,81363,multitask,space_invaders,2,110.0,5988
4,period,7375104,81363,multitask,space_invaders,3,70.0,5988
4,period,7375104,81363,multitask,space_invaders,4,54.0,5988
4,period,7375104,81363,multitask,space_invaders,5,64.0,5988
4,period,7375104,81363,multitask,space_invaders,6,94.0,5988
4,period,7375104,81363,multitask,space_invaders,7,49.0,5988
4,period,7375104,81363,multitask,space_invaders,8,46.0,5988
4,period,7375104,81363,multitask,space_invaders,9,128.0,5988
4,period,7375104,81363,multitask,space_invaders,10,69.0,5988
4,period,7375104,81363,multitask,freeway,1,25.0,25000
4,period,7375104,81363,multitask,freeway,2,34.0,25000
4,period,7375104,81363,multitask,freeway,3,26.0,25000
4,period,7375104,81363,multitask,freeway,4,27.0,25000
4,period,7375104,81363,multitask,freeway,5,35.0,25000
4,period,7375104,81363,multitask,freeway,6,28.0,25000
4,period,7375104,81363,multitask,freeway,7,30.0,25000
4,period,7375104,81363,multitask,freeway,8,25.0,25000
4,period,7375104,81363,multitask,freeway,9,37.0,25000
4,period,7375104,81363,multitask,freeway,10,32.0,25000
4,period,7400448,81518,multitask,breakout,1,6.0,650
4,period,7400448,81518,multitask,breakout,2,7.0,650
4,period,7400448,81518,multitask,breakout,3,6.0,650
4,period,7400448,81518,multitask,breakout,4,6.0,650
4,period,7400448,81518,multitask,breakout,5,3.0,650
4,period,7400448,81518,multitask,breakout,6,5.0,650
4,period,7400448,81518,multitask,breakout,7,5.0,650
4,period,7400448,81518,multitask,breakout,8,6.0,650
4,period,7400448,81518,multitask,breakout,9,5.0,650
4,period,7400448,81518,multitask,breakout,10,6.0,650
4,period,7400448,81518,multitask,space_invaders,1,70.0,5689
4,period,7400448,81518,multitask,space_invaders,2,116.0,5689
4,period,7400448,81518,multitask,space_invaders,3,161.0,5689
4,period,7400448,81518,multitask,space_invaders,4,94.0,5689
4,period,7400448,81518,multitask,space_invaders,5,67.0,5689
4,period,7400448,81518,multitask,space_invaders,6,143.0,5689
4,period,7400448,81518,multitask,space_invaders,7,71.0,5689
4,period,7400448,81518,multitask,space_invaders,8,5.0,5689
4,period,7400448,81518,multitask,space_invaders,9,23.0,5689
4,period,7400448,81518,multitask,space_invaders,10,20.0,5689
4,period,7400448,81518,multitask,freeway,1,21.0,25000
4,period,7400448,81518,multitask,freeway,2,23.0,25000
4,period,7400448,81518,multitask,freeway,3,28.0,25000
4,period,7400448,81518,multitask,freeway,4,25.0,25000
4,period,7400448,81518,multitask,freeway,5,31.0,25000
4,period,7400448,81518,multitask,freeway,6,27.0,25000
4,period,7400448,81518,multitask,freeway,7,31.0,25000
4,period,7400448,81518,multitask,freeway,8,27.0,25000
4,period,7400448,81518,multitask,freeway,9,30.0,25000
4,period,7400448,81518,multitask,freeway,10,34.0,25000
4,period,7425024,81675,multitask,breakout,1,5.0,606
4,period,7425024,81675,multitask,breakout,2,5.0,606
4,period,7425024,81675,multitask,breakout,3,6.0,606
4,period,7425024,81675,multitask,breakout,4,6.0,606
4,period,7425024,81675,multitask,breakout,5,3.0,606
4,period,7425024,81675,multitask,breakout,6,6.0,606
4,period,7425024,81675,multitask,breakout,7,6.0,606
4,period,7425024,81675,multitask,breakout,8,6.0,606
4,period,7425024,81675,multitask,breakout,9,5.0,606
4,period,7425024,81675,multitask,breakout,10,3.0,606
4,period,7425024,81675,multitask,space_invaders,1,22.0,4396
4,period,7425024,81675,multitask,space_invaders,2,42.0,4396
4,period,7425024,81675,multitask,space_invaders,3,84.0,4396
4,period,7425024,81675,multitask,space_invaders,4,4.0,4396
4,period,7425024,81675,multitask,space_invaders,5,46.0,4396
4,period,7425024,81675,multitask,space_invaders,6,22.0,4396
4,period,7425024,81675,multitask,space_invaders,7,51.0,4396
4,period,7425024,81675,multitask,space_invaders,8,27.0,4396
4,period,7425024,81675,multitask,space_invaders,9,136.0,4396
4,period,7425024,81675,multitask,space_invaders,10,166.0,4396
4,period,7425024,81675,multitask,freeway,1,34.0,25000
4,period,7425024,81675,multitask,freeway,2,32.0,25000
4,period,7425024,81675,multitask,freeway,3,26.0,25000
4,period,7425024,81675,multitask,freeway,4,35.0,25000
4,period,7425024,81675,multitask,freeway,5,34.0,25000
4,period,7425024,81675,multitask,freeway,6,29.0,25000
4,period,7425024,81675,multitask,freeway,7,35.0,25000
4,period,7425024,81675,multitask,freeway,8,36.0,25000
4,period,7425024,81675,multitask,freeway,9,35.0,25000
4,period,7425024,81675,multitask,freeway,10,22.0,25000
4,period,7450368,81843,multitask,breakout,1,6.0,606
4,period,7450368,81843,multitask,breakout,2,6.0,606
4,period,7450368,81843,multitask,breakout,3,5.0,606
4,period,7450368,81843,multitask,breakout,4,6.0,606
4,period,7450368,81843,multitask,breakout,5,5.0,606
4,period,7450368,81843,multitask,breakout,6,2.0,606
4,period,7450368,81843,multitask,breakout,7,5.0,606
4,period,7450368,81843,multitask,breakout,8,6.0,606
4,period,7450368,81843,multitask,breakout,9,5.0,606
4,period,7450368,81843,multitask,breakout,10,5.0,606
4,period,7450368,81843,multitask,space_invaders,1,95.0,6590
4,period,7450368,81843,multitask,space_invaders,2,119.0,6590
4,period,7450368,81843,multitask,space_invaders,3,47.0,6590
4,period,7450368,81843,multitask,space_invaders,4,170.0,6590
4,period,7450368,81843,multitask,space_invaders,5,136.0,6590
4,period,7450368,81843,multitask,space_invaders,6,97.0,6590
4,period,7450368,81843,multitask,space_invaders,7,71.0,6590
4,period,7450368,81843,multitask,space_invaders,8,27.0,6590
4,period,7450368,81843,multitask,space_invaders,9,94.0,6590
4,period,7450368,81843,multitask,space_invaders,10,41.0,6590
4,period,7450368,81843,multitask,freeway,1,26.0,25000
4,period,7450368,81843,multitask,freeway,2,19.0,25000
4,period,7450368,81843,multitask,freeway,3,29.0,25000
4,period,7450368,81843,multitask,freeway,4,29.0,25000
4,period,7450368,81843,multitask,freeway,5,23.0,25000
4,period,7450368,81843,multitask,freeway,6,27.0,25000
4,period,7450368,81843,multitask,freeway,7,38.0,25000
4,period,7450368,81843,multitask,freeway,8,33.0,25000
4,period,7450368,81843,multitask,freeway,9,29.0,25000
4,period,7450368,81843,multitask,freeway,10,17.0,25000
4,period,7475712,82010,multitask,breakout,1,6.0,586
4,period,7475712,82010,multitask,breakout,2,1.0,586
4,period,7475712,82010,multitask,breakout,3,5.0,586
4,period,7475712,82010,multitask,breakout,4,5.0,586
4,period,7475712,82010,multitask,breakout,5,5.0,586
4,period,7475712,82010,multitask,breakout,6,6.0,586
4,period,7475712,82010,multitask,breakout,7,6.0,586
4,period,7475712,82010,multitask,breakout,8,5.0,586
4,period,7475712,82010,multitask,breakout,9,5.0,586
4,period,7475712,82010,multitask,breakout,10,5.0,586
4,period,7475712,82010,multitask,space_invaders,1,95.0,4977
4,period,7475712,82010,multitask,space_invaders,2,26.0,4977
4,period,7475712,82010,multitask,space_invaders,3,93.0,4977
4,period,7475712,82010,multitask,space_invaders,4,27.0,4977
4,period,7475712,82010,multitask,space_invaders,5,22.0,4977
4,period,7475712,82010,multitask,space_invaders,6,132.0,4977
4,period,7475712,82010,multitask,space_invaders,7,28.0,4977
4,period,7475712,82010,multitask,space_invaders,8,5.0,4977
4,period,7475712,82010,multitask,space_invaders,9,83.0,4977
4,period,7475712,82010,multitask,space_invaders,10,167.0,4977
4,period,7475712,82010,multitask,freeway,1,32.0,25000
4,period,7475712,82010,multitask,freeway,2,29.0,25000
4,period,7475712,82010,multitask,freeway,3,26.0,25000
4,period,7475712,82010,multitask,freeway,4,24.0,25000
4,period,7475712,82010,multitask,freeway,5,21.0,25000
4,period,7475712,82010,multitask,freeway,6,18.0,25000
4,period,7475712,82010,multitask,freeway,7,32.0,25000
4,period,7475712,82010,multitask,freeway,8,28.0,25000
4,period,7475712,82010,multitask,freeway,9,37.0,25000
4,period,7475712,82010,multitask,freeway,10,27.0,25000
