block,scope,env_steps,train_episodes,block_task,task,episode,return,eval_steps
-1,boundary,0,0,,breakout,1,0.0,100
-1,boundary,0,0,,breakout,2,1.0,100
-1,boundary,0,0,,breakout,3,0.0,100
-1,boundary,0,0,,breakout,4,0.0,100
-1,boundary,0,0,,breakout,5,0.0,100
-1,boundary,0,0,,breakout,6,1.0,100
-1,boundary,0,0,,breakout,7,0.0,100
-1,boundary,0,0,,breakout,8,1.0,100
-1,boundary,0,0,,breakout,9,1.0,100
-1,boundary,0,0,,breakout,10,0.0,100
-1,boundary,0,0,,space_invaders,1,0.0,389
-1,boundary,0,0,,space_invaders,2,2.0,389
-1,boundary,0,0,,space_invaders,3,3.0,389
-1,boundary,0,0,,space_invaders,4,1.0,389
-1,boundary,0,0,,space_invaders,5,1.0,389
-1,boundary,0,0,,space_invaders,6,0.0,389
-1,boundary,0,0,,space_invaders,7,1.0,389
-1,boundary,0,0,,space_invaders,8,1.0,389
-1,boundary,0,0,,space_invaders,9,2.0,389
-1,boundary,0,0,,space_invaders,10,2.0,389
-1,boundary,0,0,,freeway,1,0.0,25000
-1,boundary,0,0,,freeway,2,0.0,25000
-1,boundary,0,0,,freeway,3,1.0,25000
-1,boundary,0,0,,freeway,4,0.0,25000
-1,boundary,0,0,,freeway,5,0.0,25000
-1,boundary,0,0,,freeway,6,0.0,25000
-1,boundary,0,0,,freeway,7,0.0,25000
-1,boundary,0,0,,freeway,8,0.0,25000
-1,boundary,0,0,,freeway,9,0.0,25000
-1,boundary,0,0,,freeway,10,0.0,25000
0,boundary,499968,15106,breakout,breakout,1,5.0,556
0,boundary,499968,15106,breakout,breakout,2,5.0,556
0,boundary,499968,15106,breakout,breakout,3,6.0,556
0,boundary,499968,15106,breakout,breakout,4,6.0,556
0,boundary,499968,15106,breakout,breakout,5,3.0,556
0,boundary,499968,15106,breakout,breakout,6,3.0,556
0,boundary,499968,15106,breakout,breakout,7,7.0,556
0,boundary,499968,15106,breakout,breakout,8,3.0,556
0,boundary,499968,15106,breakout,breakout,9,5.0,556
0,boundary,499968,15106,breakout,breakout,10,3.0,556
0,boundary,499968,15106,breakout,space_invaders,1,5.0,223
0,boundary,499968,15106,breakout,space_invaders,2,1.0,223
0,boundary,499968,15106,breakout,space_invaders,3,3.0,223
0,boundary,499968,15106,breakout,space_invaders,4,1.0,223
0,boundary,499968,15106,breakout,space_invaders,5,2.0,223
0,boundary,499968,15106,breakout,space_invaders,6,1.0,223
0,boundary,499968,15106,breakout,space_invaders,7,1.0,223
0,boundary,499968,15106,breakout,space_invaders,8,2.0,223
0,boundary,499968,15106,breakout,space_invaders,9,1.0,223
0,boundary,499968,15106,breakout,space_invaders,10,1.0,223
0,boundary,499968,15106,breakout,freeway,1,0.0,25000
0,boundary,499968,15106,breakout,freeway,2,0.0,25000
0,boundary,499968,15106,breakout,freeway,3,0.0,25000
0,boundary,499968,15106,breakout,freeway,4,1.0,25000
0,boundary,499968,15106,breakout,freeway,5,0.0,25000
0,boundary,499968,15106,breakout,freeway,6,0.0,25000
0,boundary,499968,15106,breakout,freeway,7,0.0,25000
0,boundary,499968,15106,breakout,freeway,8,0.0,25000
0,boundary,499968,15106,breakout,freeway,9,0.0,25000
0,boundary,499968,15106,breakout,freeway,10,0.0,25000
0,period,25088,2124,breakout,breakout,1,1.0,164
0,period,25088,2124,breakout,breakout,2,0.0,164
0,period,25088,2124,breakout,breakout,3,1.0,164
0,period,25088,2124,breakout,breakout,4,0.0,164
0,period,25088,2124,breakout,breakout,5,2.0,164
0,period,25088,2124,breakout,breakout,6,1.0,164
0,period,25088,2124,breakout,breakout,7,2.0,164
0,period,25088,2124,breakout,breakout,8,2.0,164
0,period,25088,2124,breakout,breakout,9,1.0,164
0,period,25088,2124,breakout,breakout,10,0.0,164
0,period,25088,2124,breakout,space_invaders,1,2.0,527
0,period,25088,2124,breakout,space_invaders,2,8.0,527
0,period,25088,2124,breakout,space_invaders,3,0.0,527
0,period,25088,2124,breakout,space_invaders,4,0.0,527
0,period,25088,2124,breakout,space_invaders,5,1.0,527
0,period,25088,2124,breakout,space_invaders,6,1.0,527
0,period,25088,2124,breakout,space_invaders,7,2.0,527
0,period,25088,2124,breakout,space_invaders,8,1.0,527
0,period,25088,2124,breakout,space_invaders,9,2.0,527
0,period,25088,2124,breakout,space_invaders,10,1.0,527
0,period,25088,2124,breakout,freeway,1,0.0,25000
0,period,25088,2124,breakout,freeway,2,0.0,25000
0,period,25088,2124,breakout,freeway,3,0.0,25000
0,period,25088,2124,breakout,freeway,4,0.0,25000
0,period,25088,2124,breakout,freeway,5,0.0,25000
0,period,25088,2124,breakout,freeway,6,0.0,25000
0,period,25088,2124,breakout,freeway,7,0.0,25000
0,period,25088,2124,breakout,freeway,8,0.0,25000
0,period,25088,2124,breakout,freeway,9,0.0,25000
0,period,25088,2124,breakout,freeway,10,0.0,25000
0,period,50176,3946,breakout,breakout,1,1.0,142
0,period,50176,3946,breakout,breakout,2,0.0,142
0,period,50176,3946,breakout,breakout,3,1.0,142
0,period,50176,3946,breakout,breakout,4,0.0,142
0,period,50176,3946,breakout,breakout,5,2.0,142
0,period,50176,3946,breakout,breakout,6,0.0,142
0,period,50176,3946,breakout,breakout,7,2.0,142
0,period,50176,3946,breakout,breakout,8,0.0,142
0,period,50176,3946,breakout,breakout,9,1.0,142
0,period,50176,3946,breakout,breakout,10,1.0,142
0,period,50176,3946,breakout,space_invaders,1,1.0,400
0,period,50176,3946,breakout,space_invaders,2,2.0,400
0,period,50176,3946,breakout,space_invaders,3,1.0,400
0,period,50176,3946,breakout,space_invaders,4,2.0,400
0,period,50176,3946,breakout,space_invaders,5,1.0,400
0,period,50176,3946,breakout,space_invaders,6,3.0,400
0,period,50176,3946,breakout,space_invaders,7,4.0,400
0,period,50176,3946,breakout,space_invaders,8,2.0,400
0,period,50176,3946,breakout,space_invaders,9,2.0,400
0,period,50176,3946,breakout,space_invaders,10,1.0,400
0,period,50176,3946,breakout,freeway,1,0.0,25000
0,period,50176,3946,breakout,freeway,2,0.0,25000
0,period,50176,3946,breakout,freeway,3,0.0,25000
0,period,50176,3946,breakout,freeway,4,0.0,25000
0,period,50176,3946,breakout,freeway,5,0.0,25000
0,period,50176,3946,breakout,freeway,6,0.0,25000
0,period,50176,3946,breakout,freeway,7,0.0,25000
0,period,50176,3946,breakout,freeway,8,0.0,25000
0,period,50176,3946,breakout,freeway,9,0.0,25000
0,period,50176,3946,breakout,freeway,10,1.0,25000
0,period,75008,5216,breakout,breakout,1,1.0,204
0,period,75008,5216,breakout,breakout,2,1.0,204
0,period,75008,5216,breakout,breakout,3,2.0,204
0,period,75008,5216,breakout,breakout,4,1.0,204
0,period,75008,5216,breakout,breakout,5,3.0,204
0,period,75008,5216,breakout,breakout,6,0.0,204
0,period,75008,5216,breakout,breakout,7,3.0,204
0,period,75008,5216,breakout,breakout,8,2.0,204
0,period,75008,5216,breakout,breakout,9,1.0,204
0,period,75008,5216,breakout,breakout,10,0.0,204
0,period,75008,5216,breakout,space_invaders,1,5.0,526
0,period,75008,5216,breakout,space_invaders,2,1.0,526
0,period,75008,5216,breakout,space_invaders,3,1.0,526
0,period,75008,5216,breakout,space_invaders,4,4.0,526
0,period,75008,5216,breakout,space_invaders,5,1.0,526
0,period,75008,5216,breakout,space_invaders,6,3.0,526
0,period,75008,5216,breakout,space_invaders,7,2.0,526
0,period,75008,5216,breakout,space_invaders,8,1.0,526
0,period,75008,5216,breakout,space_invaders,9,3.0,526
0,period,75008,5216,breakout,space_invaders,10,1.0,526
0,period,75008,5216,breakout,freeway,1,0.0,25000
0,period,75008,5216,breakout,freeway,2,0.0,25000
0,period,75008,5216,breakout,freeway,3,0.0,25000
0,period,75008,5216,breakout,freeway,4,0.0,25000
0,period,75008,5216,breakout,freeway,5,0.0,25000
0,period,75008,5216,breakout,freeway,6,0.0,25000
0,period,75008,5216,breakout,freeway,7,0.0,25000
0,period,75008,5216,breakout,freeway,8,0.0,25000
0,period,75008,5216,breakout,freeway,9,0.0,25000
0,period,75008,5216,breakout,freeway,10,0.0,25000
0,period,100096,6040,breakout,breakout,1,5.0,414
0,period,100096,6040,breakout,breakout,2,1.0,414
0,period,100096,6040,breakout,breakout,3,3.0,414
0,period,100096,6040,breakout,breakout,4,1.0,414
0,period,100096,6040,breakout,breakout,5,5.0,414
0,period,100096,6040,breakout,breakout,6,3.0,414
0,period,100096,6040,breakout,breakout,7,6.0,414
0,period,100096,6040,breakout,breakout,8,3.0,414
0,period,100096,6040,breakout,breakout,9,3.0,414
0,period,100096,6040,breakout,breakout,10,3.0,414
0,period,100096,6040,breakout,space_invaders,1,0.0,303
0,period,100096,6040,breakout,space_invaders,2,3.0,303
0,period,100096,6040,breakout,space_invaders,3,3.0,303
0,period,100096,6040,breakout,space_invaders,4,2.0,303
0,period,100096,6040,breakout,space_invaders,5,4.0,303
0,period,100096,6040,breakout,space_invaders,6,3.0,303
0,period,100096,6040,breakout,space_invaders,7,2.0,303
0,period,100096,6040,breakout,space_invaders,8,2.0,303
0,period,100096,6040,breakout,space_invaders,9,2.0,303
0,period,100096,6040,breakout,space_invaders,10,1.0,303
0,period,100096,6040,breakout,freeway,1,0.0,25000
0,period,100096,6040,breakout,freeway,2,0.0,25000
0,period,100096,6040,breakout,freeway,3,0.0,25000
0,period,100096,6040,breakout,freeway,4,0.0,25000
0,period,100096,6040,breakout,freeway,5,0.0,25000
0,period,100096,6040,breakout,freeway,6,0.0,25000
0,period,100096,6040,breakout,freeway,7,0.0,25000
0,period,100096,6040,breakout,freeway,8,0.0,25000
0,period,100096,6040,breakout,freeway,9,0.0,25000
0,period,100096,6040,breakout,freeway,10,0.0,25000
0,period,125184,6698,breakout,breakout,1,1.0,404
0,period,125184,6698,breakout,breakout,2,3.0,404
0,period,125184,6698,breakout,breakout,3,6.0,404
0,period,125184,6698,breakout,breakout,4,3.0,404
0,period,125184,6698,breakout,breakout,5,5.0,404
0,period,125184,6698,breakout,breakout,6,3.0,404
0,period,125184,6698,breakout,breakout,7,2.0,404
0,period,125184,6698,breakout,breakout,8,3.0,404
0,period,125184,6698,breakout,breakout,9,3.0,404
0,period,125184,6698,breakout,breakout,10,3.0,404
0,period,125184,6698,breakout,space_invaders,1,7.0,281
0,period,125184,6698,breakout,space_invaders,2,1.0,281
0,period,125184,6698,breakout,space_invaders,3,0.0,281
0,period,125184,6698,breakout,space_invaders,4,1.0,281
0,period,125184,6698,breakout,space_invaders,5,1.0,281
0,period,125184,6698,breakout,space_invaders,6,3.0,281
0,period,125184,6698,breakout,space_invaders,7,1.0,281
0,period,125184,6698,breakout,space_invaders,8,1.0,281
0,period,125184,6698,breakout,space_invaders,9,2.0,281
0,period,125184,6698,breakout,space_invaders,10,1.0,281
0,period,125184,6698,breakout,freeway,1,0.0,25000
0,period,125184,6698,breakout,freeway,2,0.0,25000
0,period,125184,6698,breakout,freeway,3,0.0,25000
0,period,125184,6698,breakout,freeway,4,1.0,25000
0,period,125184,6698,breakout,freeway,5,0.0,25000
0,period,125184,6698,breakout,freeway,6,0.0,25000
0,period,125184,6698,breakout,freeway,7,0.0,25000
0,period,125184,6698,breakout,freeway,8,0.0,25000
0,period,125184,6698,breakout,freeway,9,0.0,25000
0,period,125184,6698,breakout,freeway,10,0.0,25000
0,period,150016,7343,breakout,breakout,1,4.0,392
0,period,150016,7343,breakout,breakout,2,5.0,392
0,period,150016,7343,breakout,breakout,3,3.0,392
0,period,150016,7343,breakout,breakout,4,5.0,392
0,period,150016,7343,breakout,breakout,5,3.0,392
0,period,150016,7343,breakout,breakout,6,3.0,392
0,period,150016,7343,breakout,breakout,7,3.0,392
0,period,150016,7343,breakout,breakout,8,1.0,392
0,period,150016,7343,breakout,breakout,9,3.0,392
0,period,150016,7343,breakout,breakout,10,1.0,392
0,period,150016,7343,breakout,space_invaders,1,3.0,430
0,period,150016,7343,breakout,space_invaders,2,6.0,430
0,period,150016,7343,breakout,space_invaders,3,3.0,430
0,period,150016,7343,breakout,space_invaders,4,1.0,430
0,period,150016,7343,breakout,space_invaders,5,5.0,430
0,period,150016,7343,breakout,space_invaders,6,5.0,430
0,period,150016,7343,breakout,space_invaders,7,1.0,430
0,period,150016,7343,breakout,space_invaders,8,3.0,430
0,period,150016,7343,breakout,space_invaders,9,3.0,430
0,period,150016,7343,breakout,space_invaders,10,1.0,430
0,period,150016,7343,breakout,freeway,1,1.0,25000
0,period,150016,7343,breakout,freeway,2,0.0,25000
0,period,150016,7343,breakout,freeway,3,1.0,25000
0,period,150016,7343,breakout,freeway,4,0.0,25000
0,period,150016,7343,breakout,freeway,5,0.0,25000
0,period,150016,7343,breakout,freeway,6,0.0,25000
0,period,150016,7343,breakout,freeway,7,0.0,25000
0,period,150016,7343,breakout,freeway,8,0.0,25000
0,period,150016,7343,breakout,freeway,9,0.0,25000
0,period,150016,7343,breakout,freeway,10,0.0,25000
0,period,175104,7988,breakout,breakout,1,1.0,436
0,period,175104,7988,breakout,breakout,2,5.0,436
0,period,175104,7988,breakout,breakout,3,3.0,436
0,period,175104,7988,breakout,breakout,4,3.0,436
0,period,175104,7988,breakout,breakout,5,3.0,436
0,period,175104,7988,breakout,breakout,6,3.0,436
0,period,175104,7988,breakout,breakout,7,5.0,436
0,period,175104,7988,breakout,breakout,8,3.0,436
0,period,175104,7988,breakout,breakout,9,6.0,436
0,period,175104,7988,breakout,breakout,10,3.0,436
0,period,175104,7988,breakout,space_invaders,1,4.0,404
0,period,175104,7988,breakout,space_invaders,2,3.0,404
0,period,175104,7988,breakout,space_invaders,3,2.0,404
0,period,175104,7988,breakout,space_invaders,4,1.0,404
0,period,175104,7988,breakout,space_invaders,5,5.0,404
0,period,175104,7988,breakout,space_invaders,6,0.0,404
0,period,175104,7988,breakout,space_invaders,7,0.0,404
0,period,175104,7988,breakout,space_invaders,8,8.0,404
0,period,175104,7988,breakout,space_invaders,9,4.0,404
0,period,175104,7988,breakout,space_invaders,10,0.0,404
0,period,175104,7988,breakout,freeway,1,0.0,25000
0,period,175104,7988,breakout,freeway,2,0.0,25000
0,period,175104,7988,breakout,freeway,3,0.0,25000
0,period,175104,7988,breakout,freeway,4,0.0,25000
0,period,175104,7988,breakout,freeway,5,1.0,25000
0,period,175104,7988,breakout,freeway,6,0.0,25000
0,period,175104,7988,breakout,freeway,7,1.0,25000
0,period,175104,7988,breakout,freeway,8,0.0,25000
0,period,175104,7988,breakout,freeway,9,0.0,25000
0,period,175104,7988,breakout,freeway,10,0.0,25000
0,period,200192,8636,breakout,breakout,1,3.0,300
0,period,200192,8636,breakout,breakout,2,1.0,300
0,period,200192,8636,breakout,breakout,3,4.0,300
0,period,200192,8636,breakout,breakout,4,2.0,300
0,period,200192,8636,breakout,breakout,5,1.0,300
0,period,200192,8636,breakout,breakout,6,1.0,300
0,period,200192,8636,breakout,breakout,7,1.0,300
0,period,200192,8636,breakout,breakout,8,4.0,300
0,period,200192,8636,breakout,breakout,9,3.0,300
0,period,200192,8636,breakout,breakout,10,3.0,300
0,period,200192,8636,breakout,space_invaders,1,2.0,330
0,period,200192,8636,breakout,space_invaders,2,1.0,330
0,period,200192,8636,breakout,space_invaders,3,4.0,330
0,period,200192,8636,breakout,space_invaders,4,8.0,330
0,period,200192,8636,breakout,space_invaders,5,0.0,330
0,period,200192,8636,breakout,space_invaders,6,2.0,330
0,period,200192,8636,breakout,space_invaders,7,1.0,330
0,period,200192,8636,breakout,space_invaders,8,1.0,330
0,period,200192,8636,breakout,space_invaders,9,5.0,330
0,period,200192,8636,breakout,space_invaders,10,1.0,330
0,period,200192,8636,breakout,freeway,1,0.0,25000
0,period,200192,8636,breakout,freeway,2,0.0,25000
0,period,200192,8636,breakout,freeway,3,0.0,25000
0,period,200192,8636,breakout,freeway,4,1.0,25000
0,period,200192,8636,breakout,freeway,5,0.0,25000
0,period,200192,8636,breakout,freeway,6,0.0,25000
0,period,200192,8636,breakout,freeway,7,0.0,25000
0,period,200192,8636,breakout,freeway,8,0.0,25000
0,period,200192,8636,breakout,freeway,9,0.0,25000
0,period,200192,8636,breakout,freeway,10,0.0,25000
0,period,225024,9259,breakout,breakout,1,6.0,522
0,period,225024,9259,breakout,breakout,2,3.0,522
0,period,225024,9259,breakout,breakout,3,5.0,522
0,period,225024,9259,breakout,breakout,4,5.0,522
0,period,225024,9259,breakout,breakout,5,6.0,522
0,period,225024,9259,breakout,breakout,6,5.0,522
0,period,225024,9259,breakout,breakout,7,6.0,522
0,period,225024,9259,breakout,breakout,8,3.0,522
0,period,225024,9259,breakout,breakout,9,1.0,522
0,period,225024,9259,breakout,breakout,10,3.0,522
0,period,225024,9259,breakout,space_invaders,1,3.0,432
0,period,225024,9259,breakout,space_invaders,2,3.0,432
0,period,225024,9259,breakout,space_invaders,3,5.0,432
0,period,225024,9259,breakout,space_invaders,4,1.0,432
0,period,225024,9259,breakout,space_invaders,5,5.0,432
0,period,225024,9259,breakout,space_invaders,6,1.0,432
0,period,225024,9259,breakout,space_invaders,7,0.0,432
0,period,225024,9259,breakout,space_invaders,8,1.0,432
0,period,225024,9259,breakout,space_invaders,9,5.0,432
0,period,225024,9259,breakout,space_invaders,10,4.0,432
0,period,225024,9259,breakout,freeway,1,0.0,25000
0,period,225024,9259,breakout,freeway,2,0.0,25000
0,period,225024,9259,breakout,freeway,3,0.0,25000
0,period,225024,9259,breakout,freeway,4,0.0,25000
0,period,225024,9259,breakout,freeway,5,0.0,25000
0,period,225024,9259,breakout,freeway,6,0.0,25000
0,period,225024,9259,breakout,freeway,7,0.0,25000
0,period,225024,9259,breakout,freeway,8,1.0,25000
0,period,225024,9259,breakout,freeway,9,1.0,25000
0,period,225024,9259,breakout,freeway,10,0.0,25000
0,period,250112,9866,breakout,breakout,1,3.0,414
0,period,250112,9866,breakout,breakout,2,3.0,414
0,period,250112,9866,breakout,breakout,3,3.0,414
0,period,250112,9866,breakout,breakout,4,3.0,414
0,period,250112,9866,breakout,breakout,5,1.0,414
0,period,250112,9866,breakout,breakout,6,3.0,414
0,period,250112,9866,breakout,breakout,7,3.0,414
0,period,250112,9866,breakout,breakout,8,5.0,414
0,period,250112,9866,breakout,breakout,9,6.0,414
0,period,250112,9866,breakout,breakout,10,3.0,414
0,period,250112,9866,breakout,space_invaders,1,2.0,303
0,period,250112,9866,breakout,space_invaders,2,2.0,303
0,period,250112,9866,breakout,space_invaders,3,4.0,303
0,period,250112,9866,breakout,space_invaders,4,5.0,303
0,period,250112,9866,breakout,space_invaders,5,1.0,303
0,period,250112,9866,breakout,space_invaders,6,4.0,303
0,period,250112,9866,breakout,space_invaders,7,6.0,303
0,period,250112,9866,breakout,space_invaders,8,1.0,303
0,period,250112,9866,breakout,space_invaders,9,3.0,303
0,period,250112,9866,breakout,space_invaders,10,0.0,303
0,period,250112,9866,breakout,freeway,1,1.0,25000
0,period,250112,9866,breakout,freeway,2,0.0,25000
0,period,250112,9866,breakout,freeway,3,0.0,25000
0,period,250112,9866,breakout,freeway,4,0.0,25000
0,period,250112,9866,breakout,freeway,5,0.0,25000
0,period,250112,9866,breakout,freeway,6,0.0,25000
0,period,250112,9866,breakout,freeway,7,0.0,25000
0,period,250112,9866,breakout,freeway,8,0.0,25000
0,period,250112,9866,breakout,freeway,9,0.0,25000
0,period,250112,9866,breakout,freeway,10,0.0,25000
0,period,275200,10486,breakout,breakout,1,6.0,614
0,period,275200,10486,breakout,breakout,2,5.0,614
0,period,275200,10486,breakout,breakout,3,5.0,614
0,period,275200,10486,breakout,breakout,4,5.0,614
0,period,275200,10486,breakout,breakout,5,6.0,614
0,period,275200,10486,breakout,breakout,6,3.0,614
0,period,275200,10486,breakout,breakout,7,6.0,614
0,period,275200,10486,breakout,breakout,8,6.0,614
0,period,275200,10486,breakout,breakout,9,5.0,614
0,period,275200,10486,breakout,breakout,10,5.0,614
0,period,275200,10486,breakout,space_invaders,1,3.0,251
0,period,275200,10486,breakout,space_invaders,2,2.0,251
0,period,275200,10486,breakout,space_invaders,3,0.0,251
0,period,275200,10486,breakout,space_invaders,4,1.0,251
0,period,275200,10486,breakout,space_invaders,5,2.0,251
0,period,275200,10486,breakout,space_invaders,6,2.0,251
0,period,275200,10486,breakout,space_invaders,7,3.0,251
0,period,275200,10486,breakout,space_invaders,8,3.0,251
0,period,275200,10486,breakout,space_invaders,9,2.0,251
0,period,275200,10486,breakout,space_invaders,10,3.0,251
0,period,275200,10486,breakout,freeway,1,0.0,25000
0,period,275200,10486,breakout,freeway,2,0.0,25000
0,period,275200,10486,breakout,freeway,3,0.0,25000
0,period,275200,10486,breakout,freeway,4,0.0,25000
0,period,275200,10486,breakout,freeway,5,0.0,25000
0,period,275200,10486,breakout,freeway,6,1.0,25000
0,period,275200,10486,breakout,freeway,7,1.0,25000
0,period,275200,10486,breakout,freeway,8,0.0,25000
0,period,275200,10486,breakout,freeway,9,0.0,25000
0,period,275200,10486,breakout,freeway,10,0.0,25000
0,period,300032,11050,breakout,breakout,1,5.0,474
0,period,300032,11050,breakout,breakout,2,1.0,474
0,period,300032,11050,breakout,breakout,3,6.0,474
0,period,300032,11050,breakout,breakout,4,3.0,474
0,period,300032,11050,breakout,breakout,5,5.0,474
0,period,300032,11050,breakout,breakout,6,4.0,474
0,period,300032,11050,breakout,breakout,7,5.0,474
0,period,300032,11050,breakout,breakout,8,3.0,474
0,period,300032,11050,breakout,breakout,9,3.0,474
0,period,300032,11050,breakout,breakout,10,4.0,474
0,period,300032,11050,breakout,space_invaders,1,1.0,252
0,period,300032,11050,breakout,space_invaders,2,2.0,252
0,period,300032,11050,breakout,space_invaders,3,3.0,252
0,period,300032,11050,breakout,space_invaders,4,2.0,252
0,period,300032,11050,breakout,space_invaders,5,3.0,252
0,period,300032,11050,breakout,space_invaders,6,2.0,252
0,period,300032,11050,breakout,space_invaders,7,1.0,252
0,period,300032,11050,breakout,space_invaders,8,1.0,252
0,period,300032,11050,breakout,space_invaders,9,3.0,252
0,period,300032,11050,breakout,space_invaders,10,1.0,252
0,period,300032,11050,breakout,freeway,1,0.0,25000
0,period,300032,11050,breakout,freeway,2,0.0,25000
0,period,300032,11050,breakout,freeway,3,0.0,25000
0,period,300032,11050,breakout,freeway,4,0.0,25000
0,period,300032,11050,breakout,freeway,5,1.0,25000
0,period,300032,11050,breakout,freeway,6,0.0,25000
0,period,300032,11050,breakout,freeway,7,1.0,25000
0,period,300032,11050,breakout,freeway,8,0.0,25000
0,period,300032,11050,breakout,freeway,9,0.0,25000
0,period,300032,11050,breakout,freeway,10,0.0,25000
0,period,325120,11639,breakout,breakout,1,1.0,508
0,period,325120,11639,breakout,breakout,2,6.0,508
0,period,325120,11639,breakout,breakout,3,6.0,508
0,period,325120,11639,breakout,breakout,4,5.0,508
0,period,325120,11639,breakout,breakout,5,5.0,508
0,period,325120,11639,breakout,breakout,6,4.0,508
0,period,325120,11639,breakout,breakout,7,3.0,508
0,period,325120,11639,breakout,breakout,8,5.0,508
0,period,325120,11639,breakout,breakout,9,3.0,508
0,period,325120,11639,breakout,breakout,10,4.0,508
0,period,325120,11639,breakout,space_invaders,1,3.0,359
0,period,325120,11639,breakout,space_invaders,2,5.0,359
0,period,325120,11639,breakout,space_invaders,3,1.0,359
0,period,325120,11639,breakout,space_invaders,4,1.0,359
0,period,325120,11639,breakout,space_invaders,5,4.0,359
0,period,325120,11639,breakout,space_invaders,6,0.0,359
0,period,325120,11639,breakout,space_invaders,7,7.0,359
0,period,325120,11639,breakout,space_invaders,8,1.0,359
0,period,325120,11639,breakout,space_invaders,9,1.0,359
0,period,325120,11639,breakout,space_invaders,10,2.0,359
0,period,325120,11639,breakout,freeway,1,1.0,25000
0,period,325120,11639,breakout,freeway,2,0.0,25000
0,period,325120,11639,breakout,freeway,3,0.0,25000
0,period,325120,11639,breakout,freeway,4,0.0,25000
0,period,325120,11639,breakout,freeway,5,0.0,25000
0,period,325120,11639,breakout,freeway,6,0.0,25000
0,period,325120,11639,breakout,freeway,7,1.0,25000
0,period,325120,11639,breakout,freeway,8,1.0,25000
0,period,325120,11639,breakout,freeway,9,0.0,25000
0,period,325120,11639,breakout,freeway,10,0.0,25000
0,period,350208,12196,breakout,breakout,1,3.0,424
0,period,350208,12196,breakout,breakout,2,6.0,424
0,period,350208,12196,breakout,breakout,3,3.0,424
0,period,350208,12196,breakout,breakout,4,5.0,424
0,period,350208,12196,breakout,breakout,5,3.0,424
0,period,350208,12196,breakout,breakout,6,5.0,424
0,period,350208,12196,breakout,breakout,7,1.0,424
0,period,350208,12196,breakout,breakout,8,3.0,424
0,period,350208,12196,breakout,breakout,9,3.0,424
0,period,350208,12196,breakout,breakout,10,2.0,424
0,period,350208,12196,breakout,space_invaders,1,1.0,360
0,period,350208,12196,breakout,space_invaders,2,2.0,360
0,period,350208,12196,breakout,space_invaders,3,2.0,360
0,period,350208,12196,breakout,space_invaders,4,1.0,360
0,period,350208,12196,breakout,space_invaders,5,1.0,360
0,period,350208,12196,breakout,space_invaders,6,1.0,360
0,period,350208,12196,breakout,space_invaders,7,0.0,360
0,period,350208,12196,breakout,space_invaders,8,1.0,360
0,period,350208,12196,breakout,space_invaders,9,2.0,360
0,period,350208,12196,breakout,space_invaders,10,2.0,360
0,period,350208,12196,breakout,freeway,1,0.0,25000
0,period,350208,12196,breakout,freeway,2,1.0,25000
0,period,350208,12196,breakout,freeway,3,0.0,25000
0,period,350208,12196,breakout,freeway,4,0.0,25000
0,period,350208,12196,breakout,freeway,5,0.0,25000
0,period,350208,12196,breakout,freeway,6,1.0,25000
0,period,350208,12196,breakout,freeway,7,0.0,25000
0,period,350208,12196,breakout,freeway,8,0.0,25000
0,period,350208,12196,breakout,freeway,9,0.0,25000
0,period,350208,12196,breakout,freeway,10,0.0,25000
0,period,375040,12701,breakout,breakout,1,6.0,510
0,period,375040,12701,breakout,breakout,2,3.0,510
0,period,375040,12701,breakout,breakout,3,6.0,510
0,period,375040,12701,breakout,breakout,4,5.0,510
0,period,375040,12701,breakout,breakout,5,5.0,510
0,period,375040,12701,breakout,breakout,6,3.0,510
0,period,375040,12701,breakout,breakout,7,3.0,510
0,period,375040,12701,breakout,breakout,8,6.0,510
0,period,375040,12701,breakout,breakout,9,2.0,510
0,period,375040,12701,breakout,breakout,10,3.0,510
0,period,375040,12701,breakout,space_invaders,1,1.0,202
0,period,375040,12701,breakout,space_invaders,2,1.0,202
0,period,375040,12701,breakout,space_invaders,3,1.0,202
0,period,375040,12701,breakout,space_invaders,4,1.0,202
0,period,375040,12701,breakout,space_invaders,5,0.0,202
0,period,375040,12701,breakout,space_invaders,6,1.0,202
0,period,375040,12701,breakout,space_invaders,7,1.0,202
0,period,375040,12701,breakout,space_invaders,8,1.0,202
0,period,375040,12701,breakout,space_invaders,9,0.0,202
0,period,375040,12701,breakout,space_invaders,10,3.0,202
0,period,375040,12701,breakout,freeway,1,1.0,25000
0,period,375040,12701,breakout,freeway,2,0.0,25000
0,period,375040,12701,breakout,freeway,3,0.0,25000
0,period,375040,12701,breakout,freeway,4,0.0,25000
0,period,375040,12701,breakout,freeway,5,0.0,25000
0,period,375040,12701,breakout,freeway,6,0.0,25000
0,period,375040,12701,breakout,freeway,7,0.0,25000
0,period,375040,12701,breakout,freeway,8,0.0,25000
0,period,375040,12701,breakout,freeway,9,0.0,25000
0,period,375040,12701,breakout,freeway,10,0.0,25000
0,period,400128,13197,breakout,breakout,1,2.0,424
0,period,400128,13197,breakout,breakout,2,6.0,424
0,period,400128,13197,breakout,breakout,3,3.0,424
0,period,400128,13197,breakout,breakout,4,3.0,424
0,period,400128,13197,breakout,breakout,5,3.0,424
0,period,400128,13197,breakout,breakout,6,6.0,424
0,period,400128,13197,breakout,breakout,7,3.0,424
0,period,400128,13197,breakout,breakout,8,0.0,424
0,period,400128,13197,breakout,breakout,9,5.0,424
0,period,400128,13197,breakout,breakout,10,3.0,424
0,period,400128,13197,breakout,space_invaders,1,2.0,326
0,period,400128,13197,breakout,space_invaders,2,1.0,326
0,period,400128,13197,breakout,space_invaders,3,2.0,326
0,period,400128,13197,breakout,space_invaders,4,4.0,326
0,period,400128,13197,breakout,space_invaders,5,1.0,326
0,period,400128,13197,breakout,space_invaders,6,2.0,326
0,period,400128,13197,breakout,space_invaders,7,4.0,326
0,period,400128,13197,breakout,space_invaders,8,1.0,326
0,period,400128,13197,breakout,space_invaders,9,2.0,326
0,period,400128,13197,breakout,space_invaders,10,1.0,326
0,period,400128,13197,breakout,freeway,1,0.0,25000
0,period,400128,13197,breakout,freeway,2,0.0,25000
0,period,400128,13197,breakout,freeway,3,0.0,25000
0,period,400128,13197,breakout,freeway,4,0.0,25000
0,period,400128,13197,breakout,freeway,5,0.0,25000
0,period,400128,13197,breakout,freeway,6,0.0,25000
0,period,400128,13197,breakout,freeway,7,0.0,25000
0,period,400128,13197,breakout,freeway,8,0.0,25000
0,period,400128,13197,breakout,freeway,9,0.0,25000
0,period,400128,13197,breakout,freeway,10,0.0,25000
0,period,425216,13695,breakout,breakout,1,3.0,422
0,period,425216,13695,breakout,breakout,2,5.0,422
0,period,425216,13695,breakout,breakout,3,5.0,422
0,period,425216,13695,breakout,breakout,4,3.0,422
0,period,425216,13695,breakout,breakout,5,5.0,422
0,period,425216,13695,breakout,breakout,6,5.0,422
0,period,425216,13695,breakout,breakout,7,1.0,422
0,period,425216,13695,breakout,breakout,8,2.0,422
0,period,425216,13695,breakout,breakout,9,3.0,422
0,period,425216,13695,breakout,breakout,10,2.0,422
0,period,425216,13695,breakout,space_invaders,1,8.0,382
0,period,425216,13695,breakout,space_invaders,2,5.0,382
0,period,425216,13695,breakout,space_invaders,3,4.0,382
0,period,425216,13695,breakout,space_invaders,4,1.0,382
0,period,425216,13695,breakout,space_invaders,5,2.0,382
0,period,425216,13695,breakout,space_invaders,6,3.0,382
0,period,425216,13695,breakout,space_invaders,7,1.0,382
0,period,425216,13695,breakout,space_invaders,8,5.0,382
0,period,425216,13695,breakout,space_invaders,9,3.0,382
0,period,425216,13695,breakout,space_invaders,10,2.0,382
0,period,425216,13695,breakout,freeway,1,0.0,25000
0,period,425216,13695,breakout,freeway,2,1.0,25000
0,period,425216,13695,breakout,freeway,3,0.0,25000
0,period,425216,13695,breakout,freeway,4,0.0,25000
0,period,425216,13695,breakout,freeway,5,0.0,25000
0,period,425216,13695,breakout,freeway,6,0.0,25000
0,period,425216,13695,breakout,freeway,7,0.0,25000
0,period,425216,13695,breakout,freeway,8,0.0,25000
0,period,425216,13695,breakout,freeway,9,0.0,25000
0,period,425216,13695,breakout,freeway,10,1.0,25000
0,period,450048,14173,breakout,breakout,1,5.0,502
0,period,450048,14173,breakout,breakout,2,1.0,502
0,period,450048,14173,breakout,breakout,3,6.0,502
0,period,450048,14173,breakout,breakout,4,1.0,502
0,period,450048,14173,breakout,breakout,5,5.0,502
0,period,450048,14173,breakout,breakout,6,5.0,502
0,period,450048,14173,breakout,breakout,7,5.0,502
0,period,450048,14173,breakout,breakout,8,3.0,502
0,period,450048,14173,breakout,breakout,9,5.0,502
0,period,450048,14173,breakout,breakout,10,5.0,502
0,period,450048,14173,breakout,space_invaders,1,1.0,271
0,period,450048,14173,breakout,space_invaders,2,3.0,271
0,period,450048,14173,breakout,space_invaders,3,4.0,271
0,period,450048,14173,breakout,space_invaders,4,5.0,271
0,period,450048,14173,breakout,space_invaders,5,2.0,271
0,period,450048,14173,breakout,space_invaders,6,2.0,271
0,period,450048,14173,breakout,space_invaders,7,1.0,271
0,period,450048,14173,breakout,space_invaders,8,1.0,271
0,period,450048,14173,breakout,space_invaders,9,1.0,271
0,period,450048,14173,breakout,space_invaders,10,5.0,271
0,period,450048,14173,breakout,freeway,1,0.0,25000
0,period,450048,14173,breakout,freeway,2,0.0,25000
0,period,450048,14173,breakout,freeway,3,1.0,25000
0,period,450048,14173,breakout,freeway,4,1.0,25000
0,period,450048,14173,breakout,freeway,5,0.0,25000
0,period,450048,14173,breakout,freeway,6,0.0,25000
0,period,450048,14173,breakout,freeway,7,0.0,25000
0,period,450048,14173,breakout,freeway,8,0.0,25000
0,period,450048,14173,breakout,freeway,9,0.0,25000
0,period,450048,14173,breakout,freeway,10,0.0,25000
0,period,475136,14646,breakout,breakout,1,1.0,450
0,period,475136,14646,breakout,breakout,2,5.0,450
0,period,475136,14646,breakout,breakout,3,1.0,450
0,period,475136,14646,breakout,breakout,4,5.0,450
0,period,475136,14646,breakout,breakout,5,5.0,450
0,period,475136,14646,breakout,breakout,6,5.0,450
0,period,475136,14646,breakout,breakout,7,2.0,450
0,period,475136,14646,breakout,breakout,8,5.0,450
0,period,475136,14646,breakout,breakout,9,6.0,450
0,period,475136,14646,breakout,breakout,10,1.0,450
0,period,475136,14646,breakout,space_invaders,1,1.0,273
0,period,475136,14646,breakout,space_invaders,2,1.0,273
0,period,475136,14646,breakout,space_invaders,3,3.0,273
0,period,475136,14646,breakout,space_invaders,4,2.0,273
0,period,475136,14646,breakout,space_invaders,5,1.0,273
0,period,475136,14646,breakout,space_invaders,6,2.0,273
0,period,475136,14646,breakout,space_invaders,7,5.0,273
0,period,475136,14646,breakout,space_invaders,8,2.0,273
0,period,475136,14646,breakout,space_invaders,9,7.0,273
0,period,475136,14646,breakout,space_invaders,10,3.0,273
0,period,475136,14646,breakout,freeway,1,1.0,25000
0,period,475136,14646,breakout,freeway,2,1.0,25000
0,period,475136,14646,breakout,freeway,3,0.0,25000
0,period,475136,14646,breakout,freeway,4,0.0,25000
0,period,475136,14646,breakout,freeway,5,1.0,25000
0,period,475136,14646,breakout,freeway,6,0.0,25000
0,period,475136,14646,breakout,freeway,7,0.0,25000
0,period,475136,14646,breakout,freeway,8,0.0,25000
0,period,475136,14646,breakout,freeway,9,0.0,25000
0,period,475136,14646,breakout,freeway,10,0.0,25000
1,boundary,999936,19192,space_invaders,breakout,1,1.0,120
1,boundary,999936,19192,space_invaders,breakout,2,0.0,120
1,boundary,999936,19192,space_invaders,breakout,3,1.0,120
1,boundary,999936,19192,space_invaders,breakout,4,0.0,120
1,boundary,999936,19192,space_invaders,breakout,5,1.0,120
1,boundary,999936,19192,space_invaders,breakout,6,0.0,120
1,boundary,999936,19192,space_invaders,breakout,7,1.0,120
1,boundary,999936,19192,space_invaders,breakout,8,0.0,120
1,boundary,999936,19192,space_invaders,breakout,9,1.0,120
1,boundary,999936,19192,space_invaders,breakout,10,1.0,120
1,boundary,999936,19192,space_invaders,space_invaders,1,16.0,2062
1,boundary,999936,19192,space_invaders,space_invaders,2,16.0,2062
1,boundary,999936,19192,space_invaders,space_invaders,3,10.0,2062
1,boundary,999936,19192,space_invaders,space_invaders,4,13.0,2062
1,boundary,999936,19192,space_invaders,space_invaders,5,12.0,2062
1,boundary,999936,19192,space_invaders,space_invaders,6,23.0,2062
1,boundary,999936,19192,space_invaders,space_invaders,7,14.0,2062
1,boundary,999936,19192,space_invaders,space_invaders,8,18.0,2062
1,boundary,999936,19192,space_invaders,space_invaders,9,15.0,2062
1,boundary,999936,19192,space_invaders,space_invaders,10,15.0,2062
1,boundary,999936,19192,space_invaders,freeway,1,0.0,25000
1,boundary,999936,19192,space_invaders,freeway,2,0.0,25000
1,boundary,999936,19192,space_invaders,freeway,3,0.0,25000
1,boundary,999936,19192,space_invaders,freeway,4,0.0,25000
1,boundary,999936,19192,space_invaders,freeway,5,0.0,25000
1,boundary,999936,19192,space_invaders,freeway,6,0.0,25000
1,boundary,999936,19192,space_invaders,freeway,7,0.0,25000
1,boundary,999936,19192,space_invaders,freeway,8,0.0,25000
1,boundary,999936,19192,space_invaders,freeway,9,0.0,25000
1,boundary,999936,19192,space_invaders,freeway,10,0.0,25000
1,period,500224,15106,space_invaders,breakout,1,6.0,610
1,period,500224,15106,space_invaders,breakout,2,3.0,610
1,period,500224,15106,space_invaders,breakout,3,5.0,610
1,period,500224,15106,space_invaders,breakout,4,6.0,610
1,period,500224,15106,space_invaders,breakout,5,5.0,610
1,period,500224,15106,space_invaders,breakout,6,6.0,610
1,period,500224,15106,space_invaders,breakout,7,5.0,610
1,period,500224,15106,space_invaders,breakout,8,6.0,610
1,period,500224,15106,space_invaders,breakout,9,6.0,610
1,period,500224,15106,space_invaders,breakout,10,3.0,610
1,period,500224,15106,space_invaders,space_invaders,1,0.0,369
1,period,500224,15106,space_invaders,space_invaders,2,1.0,369
1,period,500224,15106,space_invaders,space_invaders,3,5.0,369
1,period,500224,15106,space_invaders,space_invaders,4,2.0,369
1,period,500224,15106,space_invaders,space_invaders,5,4.0,369
1,period,500224,15106,space_invaders,space_invaders,6,1.0,369
1,period,500224,15106,space_invaders,space_invaders,7,3.0,369
1,period,500224,15106,space_invaders,space_invaders,8,2.0,369
1,period,500224,15106,space_invaders,space_invaders,9,4.0,369
1,period,500224,15106,space_invaders,space_invaders,10,0.0,369
1,period,500224,15106,space_invaders,freeway,1,0.0,25000
1,period,500224,15106,space_invaders,freeway,2,0.0,25000
1,period,500224,15106,space_invaders,freeway,3,0.0,25000
1,period,500224,15106,space_invaders,freeway,4,0.0,25000
1,period,500224,15106,space_invaders,freeway,5,0.0,25000
1,period,500224,15106,space_invaders,freeway,6,0.0,25000
1,period,500224,15106,space_invaders,freeway,7,0.0,25000
1,period,500224,15106,space_invaders,freeway,8,0.0,25000
1,period,500224,15106,space_invaders,freeway,9,0.0,25000
1,period,500224,15106,space_invaders,freeway,10,0.0,25000
1,period,525056,15490,space_invaders,breakout,1,3.0,284
1,period,525056,15490,space_invaders,breakout,2,3.0,284
1,period,525056,15490,space_invaders,breakout,3,1.0,284
1,period,525056,15490,space_invaders,breakout,4,5.0,284
1,period,525056,15490,space_invaders,breakout,5,0.0,284
1,period,525056,15490,space_invaders,breakout,6,1.0,284
1,period,525056,15490,space_invaders,breakout,7,1.0,284
1,period,525056,15490,space_invaders,breakout,8,3.0,284
1,period,525056,15490,space_invaders,breakout,9,1.0,284
1,period,525056,15490,space_invaders,breakout,10,3.0,284
1,period,525056,15490,space_invaders,space_invaders,1,5.0,960
1,period,525056,15490,space_invaders,space_invaders,2,5.0,960
1,period,525056,15490,space_invaders,space_invaders,3,5.0,960
1,period,525056,15490,space_invaders,space_invaders,4,5.0,960
1,period,525056,15490,space_invaders,space_invaders,5,5.0,960
1,period,525056,15490,space_invaders,space_invaders,6,5.0,960
1,period,525056,15490,space_invaders,space_invaders,7,6.0,960
1,period,525056,15490,space_invaders,space_invaders,8,6.0,960
1,period,525056,15490,space_invaders,space_invaders,9,6.0,960
1,period,525056,15490,space_invaders,space_invaders,10,6.0,960
1,period,525056,15490,space_invaders,freeway,1,0.0,25000
1,period,525056,15490,space_invaders,freeway,2,0.0,25000
1,period,525056,15490,space_invaders,freeway,3,0.0,25000
1,period,525056,15490,space_invaders,freeway,4,0.0,25000
1,period,525056,15490,space_invaders,freeway,5,0.0,25000
1,period,525056,15490,space_invaders,freeway,6,0.0,25000
1,period,525056,15490,space_invaders,freeway,7,0.0,25000
1,period,525056,15490,space_invaders,freeway,8,0.0,25000
1,period,525056,15490,space_invaders,freeway,9,0.0,25000
1,period,525056,15490,space_invaders,freeway,10,0.0,25000
1,period,550144,15783,space_invaders,breakout,1,0.0,130
1,period,550144,15783,space_invaders,breakout,2,2.0,130
1,period,550144,15783,space_invaders,breakout,3,0.0,130
1,period,550144,15783,space_invaders,breakout,4,1.0,130
1,period,550144,15783,space_invaders,breakout,5,1.0,130
1,period,550144,15783,space_invaders,breakout,6,0.0,130
1,period,550144,15783,space_invaders,breakout,7,0.0,130
1,period,550144,15783,space_invaders,breakout,8,1.0,130
1,period,550144,15783,space_invaders,breakout,9,1.0,130
1,period,550144,15783,space_invaders,breakout,10,1.0,130
1,period,550144,15783,space_invaders,space_invaders,1,8.0,973
1,period,550144,15783,space_invaders,space_invaders,2,8.0,973
1,period,550144,15783,space_invaders,space_invaders,3,8.0,973
1,period,550144,15783,space_invaders,space_invaders,4,8.0,973
1,period,550144,15783,space_invaders,space_invaders,5,8.0,973
1,period,550144,15783,space_invaders,space_invaders,6,8.0,973
1,period,550144,15783,space_invaders,space_invaders,7,8.0,973
1,period,550144,15783,space_invaders,space_invaders,8,8.0,973
1,period,550144,15783,space_invaders,space_invaders,9,8.0,973
1,period,550144,15783,space_invaders,space_invaders,10,8.0,973
1,period,550144,15783,space_invaders,freeway,1,0.0,25000
1,period,550144,15783,space_invaders,freeway,2,0.0,25000
1,period,550144,15783,space_invaders,freeway,3,0.0,25000
1,period,550144,15783,space_invaders,freeway,4,0.0,25000
1,period,550144,15783,space_invaders,freeway,5,0.0,25000
1,period,550144,15783,space_invaders,freeway,6,0.0,25000
1,period,550144,15783,space_invaders,freeway,7,0.0,25000
1,period,550144,15783,space_invaders,freeway,8,0.0,25000
1,period,550144,15783,space_invaders,freeway,9,0.0,25000
1,period,550144,15783,space_invaders,freeway,10,0.0,25000
1,period,575232,16044,space_invaders,breakout,1,0.0,132
1,period,575232,16044,space_invaders,breakout,2,0.0,132
1,period,575232,16044,space_invaders,breakout,3,0.0,132
1,period,575232,16044,space_invaders,breakout,4,0.0,132
1,period,575232,16044,space_invaders,breakout,5,1.0,132
1,period,575232,16044,space_invaders,breakout,6,0.0,132
1,period,575232,16044,space_invaders,breakout,7,1.0,132
1,period,575232,16044,space_invaders,breakout,8,4.0,132
1,period,575232,16044,space_invaders,breakout,9,1.0,132
1,period,575232,16044,space_invaders,breakout,10,0.0,132
1,period,575232,16044,space_invaders,space_invaders,1,8.0,973
1,period,575232,16044,space_invaders,space_invaders,2,9.0,973
1,period,575232,16044,space_invaders,space_invaders,3,8.0,973
1,period,575232,16044,space_invaders,space_invaders,4,8.0,973
1,period,575232,16044,space_invaders,space_invaders,5,9.0,973
1,period,575232,16044,space_invaders,space_invaders,6,8.0,973
1,period,575232,16044,space_invaders,space_invaders,7,8.0,973
1,period,575232,16044,space_invaders,space_invaders,8,8.0,973
1,period,575232,16044,space_invaders,space_invaders,9,8.0,973
1,period,575232,16044,space_invaders,space_invaders,10,8.0,973
1,period,575232,16044,space_invaders,freeway,1,0.0,25000
1,period,575232,16044,space_invaders,freeway,2,0.0,25000
1,period,575232,16044,space_invaders,freeway,3,0.0,25000
1,period,575232,16044,space_invaders,freeway,4,0.0,25000
1,period,575232,16044,space_invaders,freeway,5,0.0,25000
1,period,575232,16044,space_invaders,freeway,6,0.0,25000
1,period,575232,16044,space_invaders,freeway,7,0.0,25000
1,period,575232,16044,space_invaders,freeway,8,0.0,25000
1,period,575232,16044,space_invaders,freeway,9,0.0,25000
1,period,575232,16044,space_invaders,freeway,10,0.0,25000
1,period,600064,16346,space_invaders,breakout,1,1.0,162
1,period,600064,16346,space_invaders,breakout,2,2.0,162
1,period,600064,16346,space_invaders,breakout,3,1.0,162
1,period,600064,16346,space_invaders,breakout,4,1.0,162
1,period,600064,16346,space_invaders,breakout,5,4.0,162
1,period,600064,16346,space_invaders,breakout,6,0.0,162
1,period,600064,16346,space_invaders,breakout,7,1.0,162
1,period,600064,16346,space_invaders,breakout,8,0.0,162
1,period,600064,16346,space_invaders,breakout,9,0.0,162
1,period,600064,16346,space_invaders,breakout,10,0.0,162
1,period,600064,16346,space_invaders,space_invaders,1,10.0,901
1,period,600064,16346,space_invaders,space_invaders,2,9.0,901
1,period,600064,16346,space_invaders,space_invaders,3,10.0,901
1,period,600064,16346,space_invaders,space_invaders,4,10.0,901
1,period,600064,16346,space_invaders,space_invaders,5,9.0,901
1,period,600064,16346,space_invaders,space_invaders,6,10.0,901
1,period,600064,16346,space_invaders,space_invaders,7,8.0,901
1,period,600064,16346,space_invaders,space_invaders,8,10.0,901
1,period,600064,16346,space_invaders,space_invaders,9,10.0,901
1,period,600064,16346,space_invaders,space_invaders,10,9.0,901
1,period,600064,16346,space_invaders,freeway,1,0.0,25000
1,period,600064,16346,space_invaders,freeway,2,0.0,25000
1,period,600064,16346,space_invaders,freeway,3,0.0,25000
1,period,600064,16346,space_invaders,freeway,4,0.0,25000
1,period,600064,16346,space_invaders,freeway,5,0.0,25000
1,period,600064,16346,space_invaders,freeway,6,0.0,25000
1,period,600064,16346,space_invaders,freeway,7,0.0,25000
1,period,600064,16346,space_invaders,freeway,8,0.0,25000
1,period,600064,16346,space_invaders,freeway,9,0.0,25000
1,period,600064,16346,space_invaders,freeway,10,0.0,25000
1,period,625152,16713,space_invaders,breakout,1,0.0,152
1,period,625152,16713,space_invaders,breakout,2,1.0,152
1,period,625152,16713,space_invaders,breakout,3,2.0,152
1,period,625152,16713,space_invaders,breakout,4,1.0,152
1,period,625152,16713,space_invaders,breakout,5,2.0,152
1,period,625152,16713,space_invaders,breakout,6,0.0,152
1,period,625152,16713,space_invaders,breakout,7,0.0,152
1,period,625152,16713,space_invaders,breakout,8,1.0,152
1,period,625152,16713,space_invaders,breakout,9,1.0,152
1,period,625152,16713,space_invaders,breakout,10,1.0,152
1,period,625152,16713,space_invaders,space_invaders,1,9.0,522
1,period,625152,16713,space_invaders,space_invaders,2,7.0,522
1,period,625152,16713,space_invaders,space_invaders,3,2.0,522
1,period,625152,16713,space_invaders,space_invaders,4,11.0,522
1,period,625152,16713,space_invaders,space_invaders,5,3.0,522
1,period,625152,16713,space_invaders,space_invaders,6,8.0,522
1,period,625152,16713,space_invaders,space_invaders,7,9.0,522
1,period,625152,16713,space_invaders,space_invaders,8,3.0,522
1,period,625152,16713,space_invaders,space_invaders,9,12.0,522
1,period,625152,16713,space_invaders,space_invaders,10,13.0,522
1,period,625152,16713,space_invaders,freeway,1,0.0,25000
1,period,625152,16713,space_invaders,freeway,2,0.0,25000
1,period,625152,16713,space_invaders,freeway,3,0.0,25000
1,period,625152,16713,space_invaders,freeway,4,0.0,25000
1,period,625152,16713,space_invaders,freeway,5,0.0,25000
1,period,625152,16713,space_invaders,freeway,6,0.0,25000
1,period,625152,16713,space_invaders,freeway,7,0.0,25000
1,period,625152,16713,space_invaders,freeway,8,0.0,25000
1,period,625152,16713,space_invaders,freeway,9,0.0,25000
1,period,625152,16713,space_invaders,freeway,10,0.0,25000
1,period,650240,16985,space_invaders,breakout,1,1.0,130
1,period,650240,16985,space_invaders,breakout,2,1.0,130
1,period,650240,16985,space_invaders,breakout,3,1.0,130
1,period,650240,16985,space_invaders,breakout,4,1.0,130
1,period,650240,16985,space_invaders,breakout,5,0.0,130
1,period,650240,16985,space_invaders,breakout,6,0.0,130
1,period,650240,16985,space_invaders,breakout,7,0.0,130
1,period,650240,16985,space_invaders,breakout,8,1.0,130
1,period,650240,16985,space_invaders,breakout,9,1.0,130
1,period,650240,16985,space_invaders,breakout,10,1.0,130
1,period,650240,16985,space_invaders,space_invaders,1,8.0,1589
1,period,650240,16985,space_invaders,space_invaders,2,9.0,1589
1,period,650240,16985,space_invaders,space_invaders,3,8.0,1589
1,period,650240,16985,space_invaders,space_invaders,4,9.0,1589
1,period,650240,16985,space_invaders,space_invaders,5,7.0,1589
1,period,650240,16985,space_invaders,space_invaders,6,7.0,1589
1,period,650240,16985,space_invaders,space_invaders,7,2.0,1589
1,period,650240,16985,space_invaders,space_invaders,8,9.0,1589
1,period,650240,16985,space_invaders,space_invaders,9,18.0,1589
1,period,650240,16985,space_invaders,space_invaders,10,10.0,1589
1,period,650240,16985,space_invaders,freeway,1,0.0,25000
1,period,650240,16985,space_invaders,freeway,2,0.0,25000
1,period,650240,16985,space_invaders,freeway,3,0.0,25000
1,period,650240,16985,space_invaders,freeway,4,0.0,25000
1,period,650240,16985,space_invaders,freeway,5,0.0,25000
1,period,650240,16985,space_invaders,freeway,6,0.0,25000
1,period,650240,16985,space_invaders,freeway,7,0.0,25000
1,period,650240,16985,space_invaders,freeway,8,0.0,25000
1,period,650240,16985,space_invaders,freeway,9,0.0,25000
1,period,650240,16985,space_invaders,freeway,10,0.0,25000
1,period,675072,17146,space_invaders,breakout,1,1.0,140
1,period,675072,17146,space_invaders,breakout,2,1.0,140
1,period,675072,17146,space_invaders,breakout,3,1.0,140
1,period,675072,17146,space_invaders,breakout,4,1.0,140
1,period,675072,17146,space_invaders,breakout,5,1.0,140
1,period,675072,17146,space_invaders,breakout,6,1.0,140
1,period,675072,17146,space_invaders,breakout,7,0.0,140
1,period,675072,17146,space_invaders,breakout,8,1.0,140
1,period,675072,17146,space_invaders,breakout,9,0.0,140
1,period,675072,17146,space_invaders,breakout,10,1.0,140
1,period,675072,17146,space_invaders,space_invaders,1,12.0,1380
1,period,675072,17146,space_invaders,space_invaders,2,11.0,1380
1,period,675072,17146,space_invaders,space_invaders,3,12.0,1380
1,period,675072,17146,space_invaders,space_invaders,4,7.0,1380
1,period,675072,17146,space_invaders,space_invaders,5,11.0,1380
1,period,675072,17146,space_invaders,space_invaders,6,4.0,1380
1,period,675072,17146,space_invaders,space_invaders,7,8.0,1380
1,period,675072,17146,space_invaders,space_invaders,8,11.0,1380
1,period,675072,17146,space_invaders,space_invaders,9,17.0,1380
1,period,675072,17146,space_invaders,space_invaders,10,12.0,1380
1,period,675072,17146,space_invaders,freeway,1,0.0,25000
1,period,675072,17146,space_invaders,freeway,2,0.0,25000
1,period,675072,17146,space_invaders,freeway,3,0.0,25000
1,period,675072,17146,space_invaders,freeway,4,0.0,25000
1,period,675072,17146,space_invaders,freeway,5,0.0,25000
1,period,675072,17146,space_invaders,freeway,6,0.0,25000
1,period,675072,17146,space_invaders,freeway,7,0.0,25000
1,period,675072,17146,space_invaders,freeway,8,0.0,25000
1,period,675072,17146,space_invaders,freeway,9,0.0,25000
1,period,675072,17146,space_invaders,freeway,10,0.0,25000
1,period,700160,17313,space_invaders,breakout,1,2.0,120
1,period,700160,17313,space_invaders,breakout,2,1.0,120
1,period,700160,17313,space_invaders,breakout,3,0.0,120
1,period,700160,17313,space_invaders,breakout,4,0.0,120
1,period,700160,17313,space_invaders,breakout,5,1.0,120
1,period,700160,17313,space_invaders,breakout,6,0.0,120
1,period,700160,17313,space_invaders,breakout,7,0.0,120
1,period,700160,17313,space_invaders,breakout,8,1.0,120
1,period,700160,17313,space_invaders,breakout,9,0.0,120
1,period,700160,17313,space_invaders,breakout,10,1.0,120
1,period,700160,17313,space_invaders,space_invaders,1,15.0,1313
1,period,700160,17313,space_invaders,space_invaders,2,16.0,1313
1,period,700160,17313,space_invaders,space_invaders,3,7.0,1313
1,period,700160,17313,space_invaders,space_invaders,4,15.0,1313
1,period,700160,17313,space_invaders,space_invaders,5,10.0,1313
1,period,700160,17313,space_invaders,space_invaders,6,16.0,1313
1,period,700160,17313,space_invaders,space_invaders,7,16.0,1313
1,period,700160,17313,space_invaders,space_invaders,8,14.0,1313
1,period,700160,17313,space_invaders,space_invaders,9,12.0,1313
1,period,700160,17313,space_invaders,space_invaders,10,7.0,1313
1,period,700160,17313,space_invaders,freeway,1,0.0,25000
1,period,700160,17313,space_invaders,freeway,2,0.0,25000
1,period,700160,17313,space_invaders,freeway,3,0.0,25000
1,period,700160,17313,space_invaders,freeway,4,0.0,25000
1,period,700160,17313,space_invaders,freeway,5,0.0,25000
1,period,700160,17313,space_invaders,freeway,6,0.0,25000
1,period,700160,17313,space_invaders,freeway,7,0.0,25000
1,period,700160,17313,space_invaders,freeway,8,0.0,25000
1,period,700160,17313,space_invaders,freeway,9,0.0,25000
1,period,700160,17313,space_invaders,freeway,10,0.0,25000
1,period,725248,17479,space_invaders,breakout,1,0.0,90
1,period,725248,17479,space_invaders,breakout,2,0.0,90
1,period,725248,17479,space_invaders,breakout,3,0.0,90
1,period,725248,17479,space_invaders,breakout,4,0.0,90
1,period,725248,17479,space_invaders,breakout,5,1.0,90
1,period,725248,17479,space_invaders,breakout,6,0.0,90
1,period,725248,17479,space_invaders,breakout,7,1.0,90
1,period,725248,17479,space_invaders,breakout,8,1.0,90
1,period,725248,17479,space_invaders,breakout,9,0.0,90
1,period,725248,17479,space_invaders,breakout,10,0.0,90
1,period,725248,17479,space_invaders,space_invaders,1,13.0,2013
1,period,725248,17479,space_invaders,space_invaders,2,13.0,2013
1,period,725248,17479,space_invaders,space_invaders,3,14.0,2013
1,period,725248,17479,space_invaders,space_invaders,4,13.0,2013
1,period,725248,17479,space_invaders,space_invaders,5,18.0,2013
1,period,725248,17479,space_invaders,space_invaders,6,18.0,2013
1,period,725248,17479,space_invaders,space_invaders,7,16.0,2013
1,period,725248,17479,space_invaders,space_invaders,8,14.0,2013
1,period,725248,17479,space_invaders,space_invaders,9,18.0,2013
1,period,725248,17479,space_invaders,space_invaders,10,15.0,2013
1,period,725248,17479,space_invaders,freeway,1,0.0,25000
1,period,725248,17479,space_invaders,freeway,2,0.0,25000
1,period,725248,17479,space_invaders,freeway,3,0.0,25000
1,period,725248,17479,space_invaders,freeway,4,0.0,25000
1,period,725248,17479,space_invaders,freeway,5,0.0,25000
1,period,725248,17479,space_invaders,freeway,6,0.0,25000
1,period,725248,17479,space_invaders,freeway,7,0.0,25000
1,period,725248,17479,space_invaders,freeway,8,0.0,25000
1,period,725248,17479,space_invaders,freeway,9,0.0,25000
1,period,725248,17479,space_invaders,freeway,10,0.0,25000
1,period,750080,17626,space_invaders,breakout,1,0.0,100
1,period,750080,17626,space_invaders,breakout,2,0.0,100
1,period,750080,17626,space_invaders,breakout,3,0.0,100
1,period,750080,17626,space_invaders,breakout,4,0.0,100
1,period,750080,17626,space_invaders,breakout,5,1.0,100
1,period,750080,17626,space_invaders,breakout,6,0.0,100
1,period,750080,17626,space_invaders,breakout,7,1.0,100
1,period,750080,17626,space_invaders,breakout,8,0.0,100
1,period,750080,17626,space_invaders,breakout,9,1.0,100
1,period,750080,17626,space_invaders,breakout,10,1.0,100
1,period,750080,17626,space_invaders,space_invaders,1,8.0,1181
1,period,750080,17626,space_invaders,space_invaders,2,8.0,1181
1,period,750080,17626,space_invaders,space_invaders,3,14.0,1181
1,period,750080,17626,space_invaders,space_invaders,4,13.0,1181
1,period,750080,17626,space_invaders,space_invaders,5,15.0,1181
1,period,750080,17626,space_invaders,space_invaders,6,7.0,1181
1,period,750080,17626,space_invaders,space_invaders,7,8.0,1181
1,period,750080,17626,space_invaders,space_invaders,8,7.0,1181
1,period,750080,17626,space_invaders,space_invaders,9,15.0,1181
1,period,750080,17626,space_invaders,space_invaders,10,11.0,1181
1,period,750080,17626,space_invaders,freeway,1,0.0,25000
1,period,750080,17626,space_invaders,freeway,2,0.0,25000
1,period,750080,17626,space_invaders,freeway,3,0.0,25000
1,period,750080,17626,space_invaders,freeway,4,0.0,25000
1,period,750080,17626,space_invaders,freeway,5,0.0,25000
1,period,750080,17626,space_invaders,freeway,6,0.0,25000
1,period,750080,17626,space_invaders,freeway,7,0.0,25000
1,period,750080,17626,space_invaders,freeway,8,0.0,25000
1,period,750080,17626,space_invaders,freeway,9,0.0,25000
1,period,750080,17626,space_invaders,freeway,10,0.0,25000
1,period,775168,17802,space_invaders,breakout,1,3.0,174
1,period,775168,17802,space_invaders,breakout,2,0.0,174
1,period,775168,17802,space_invaders,breakout,3,1.0,174
1,period,775168,17802,space_invaders,breakout,4,1.0,174
1,period,775168,17802,space_invaders,breakout,5,1.0,174
1,period,775168,17802,space_invaders,breakout,6,0.0,174
1,period,775168,17802,space_invaders,breakout,7,0.0,174
1,period,775168,17802,space_invaders,breakout,8,0.0,174
1,period,775168,17802,space_invaders,breakout,9,1.0,174
1,period,775168,17802,space_invaders,breakout,10,4.0,174
1,period,775168,17802,space_invaders,space_invaders,1,14.0,2175
1,period,775168,17802,space_invaders,space_invaders,2,13.0,2175
1,period,775168,17802,space_invaders,space_invaders,3,14.0,2175
1,period,775168,17802,space_invaders,space_invaders,4,16.0,2175
1,period,775168,17802,space_invaders,space_invaders,5,15.0,2175
1,period,775168,17802,space_invaders,space_invaders,6,12.0,2175
1,period,775168,17802,space_invaders,space_invaders,7,19.0,2175
1,period,775168,17802,space_invaders,space_invaders,8,14.0,2175
1,period,775168,17802,space_invaders,space_invaders,9,12.0,2175
1,period,775168,17802,space_invaders,space_invaders,10,18.0,2175
1,period,775168,17802,space_invaders,freeway,1,0.0,25000
1,period,775168,17802,space_invaders,freeway,2,0.0,25000
1,period,775168,17802,space_invaders,freeway,3,0.0,25000
1,period,775168,17802,space_invaders,freeway,4,0.0,25000
1,period,775168,17802,space_invaders,freeway,5,0.0,25000
1,period,775168,17802,space_invaders,freeway,6,0.0,25000
1,period,775168,17802,space_invaders,freeway,7,0.0,25000
1,period,775168,17802,space_invaders,freeway,8,0.0,25000
1,period,775168,17802,space_invaders,freeway,9,0.0,25000
1,period,775168,17802,space_invaders,freeway,10,0.0,25000
1,period,800000,17986,space_invaders,breakout,1,3.0,246
1,period,800000,17986,space_invaders,breakout,2,2.0,246
1,period,800000,17986,space_invaders,breakout,3,1.0,246
1,period,800000,17986,space_invaders,breakout,4,1.0,246
1,period,800000,17986,space_invaders,breakout,5,4.0,246
1,period,800000,17986,space_invaders,breakout,6,0.0,246
1,period,800000,17986,space_invaders,breakout,7,1.0,246
1,period,800000,17986,space_invaders,breakout,8,1.0,246
1,period,800000,17986,space_invaders,breakout,9,4.0,246
1,period,800000,17986,space_invaders,breakout,10,1.0,246
1,period,800000,17986,space_invaders,space_invaders,1,18.0,1529
1,period,800000,17986,space_invaders,space_invaders,2,14.0,1529
1,period,800000,17986,space_invaders,space_invaders,3,15.0,1529
1,period,800000,17986,space_invaders,space_invaders,4,15.0,1529
1,period,800000,17986,space_invaders,space_invaders,5,12.0,1529
1,period,800000,17986,space_invaders,space_invaders,6,13.0,1529
1,period,800000,17986,space_invaders,space_invaders,7,4.0,1529
1,period,800000,17986,space_invaders,space_invaders,8,8.0,1529
1,period,800000,17986,space_invaders,space_invaders,9,12.0,1529
1,period,800000,17986,space_invaders,space_invaders,10,14.0,1529
1,period,800000,17986,space_invaders,freeway,1,0.0,25000
1,period,800000,17986,space_invaders,freeway,2,0.0,25000
1,period,800000,17986,space_invaders,freeway,3,0.0,25000
1,period,800000,17986,space_invaders,freeway,4,0.0,25000
1,period,800000,17986,space_invaders,freeway,5,0.0,25000
1,period,800000,17986,space_invaders,freeway,6,0.0,25000
1,period,800000,17986,space_invaders,freeway,7,0.0,25000
1,period,800000,17986,space_invaders,freeway,8,0.0,25000
1,period,800000,17986,space_invaders,freeway,9,0.0,25000
1,period,800000,17986,space_invaders,freeway,10,0.0,25000
1,period,825088,18164,space_invaders,breakout,1,1.0,100
1,period,825088,18164,space_invaders,breakout,2,0.0,100
1,period,825088,18164,space_invaders,breakout,3,1.0,100
1,period,825088,18164,space_invaders,breakout,4,1.0,100
1,period,825088,18164,space_invaders,breakout,5,0.0,100
1,period,825088,18164,space_invaders,breakout,6,1.0,100
1,period,825088,18164,space_invaders,breakout,7,0.0,100
1,period,825088,18164,space_invaders,breakout,8,0.0,100
1,period,825088,18164,space_invaders,breakout,9,0.0,100
1,period,825088,18164,space_invaders,breakout,10,0.0,100
1,period,825088,18164,space_invaders,space_invaders,1,16.0,1613
1,period,825088,18164,space_invaders,space_invaders,2,12.0,1613
1,period,825088,18164,space_invaders,space_invaders,3,11.0,1613
1,period,825088,18164,space_invaders,space_invaders,4,14.0,1613
1,period,825088,18164,space_invaders,space_invaders,5,15.0,1613
1,period,825088,18164,space_invaders,space_invaders,6,8.0,1613
1,period,825088,18164,space_invaders,space_invaders,7,13.0,1613
1,period,825088,18164,space_invaders,space_invaders,8,12.0,1613
1,period,825088,18164,space_invaders,space_invaders,9,18.0,1613
1,period,825088,18164,space_invaders,space_invaders,10,10.0,1613
1,period,825088,18164,space_invaders,freeway,1,0.0,25000
1,period,825088,18164,space_invaders,freeway,2,0.0,25000
1,period,825088,18164,space_invaders,freeway,3,0.0,25000
1,period,825088,18164,space_invaders,freeway,4,0.0,25000
1,period,825088,18164,space_invaders,freeway,5,0.0,25000
1,period,825088,18164,space_invaders,freeway,6,0.0,25000
1,period,825088,18164,space_invaders,freeway,7,0.0,25000
1,period,825088,18164,space_invaders,freeway,8,0.0,25000
1,period,825088,18164,space_invaders,freeway,9,0.0,25000
1,period,825088,18164,space_invaders,freeway,10,0.0,25000
1,period,850176,18315,space_invaders,breakout,1,1.0,120
1,period,850176,18315,space_invaders,breakout,2,1.0,120
1,period,850176,18315,space_invaders,breakout,3,1.0,120
1,period,850176,18315,space_invaders,breakout,4,0.0,120
1,period,850176,18315,space_invaders,breakout,5,1.0,120
1,period,850176,18315,space_invaders,breakout,6,0.0,120
1,period,850176,18315,space_invaders,breakout,7,1.0,120
1,period,850176,18315,space_invaders,breakout,8,1.0,120
1,period,850176,18315,space_invaders,breakout,9,0.0,120
1,period,850176,18315,space_invaders,breakout,10,0.0,120
1,period,850176,18315,space_invaders,space_invaders,1,4.0,1610
1,period,850176,18315,space_invaders,space_invaders,2,17.0,1610
1,period,850176,18315,space_invaders,space_invaders,3,14.0,1610
1,period,850176,18315,space_invaders,space_invaders,4,16.0,1610
1,period,850176,18315,space_invaders,space_invaders,5,9.0,1610
1,period,850176,18315,space_invaders,space_invaders,6,12.0,1610
1,period,850176,18315,space_invaders,space_invaders,7,17.0,1610
1,period,850176,18315,space_invaders,space_invaders,8,15.0,1610
1,period,850176,18315,space_invaders,space_invaders,9,14.0,1610
1,period,850176,18315,space_invaders,space_invaders,10,19.0,1610
1,period,850176,18315,space_invaders,freeway,1,0.0,25000
1,period,850176,18315,space_invaders,freeway,2,0.0,25000
1,period,850176,18315,space_invaders,freeway,3,0.0,25000
1,period,850176,18315,space_invaders,freeway,4,0.0,25000
1,period,850176,18315,space_invaders,freeway,5,0.0,25000
1,period,850176,18315,space_invaders,freeway,6,0.0,25000
1,period,850176,18315,space_invaders,freeway,7,0.0,25000
1,period,850176,18315,space_invaders,freeway,8,0.0,25000
1,period,850176,18315,space_invaders,freeway,9,0.0,25000
1,period,850176,18315,space_invaders,freeway,10,0.0,25000
1,period,875008,18456,space_invaders,breakout,1,0.0,120
1,period,875008,18456,space_invaders,breakout,2,1.0,120
1,period,875008,18456,space_invaders,breakout,3,0.0,120
1,period,875008,18456,space_invaders,breakout,4,1.0,120
1,period,875008,18456,space_invaders,breakout,5,1.0,120
1,period,875008,18456,space_invaders,breakout,6,0.0,120
1,period,875008,18456,space_invaders,breakout,7,1.0,120
1,period,875008,18456,space_invaders,breakout,8,0.0,120
1,period,875008,18456,space_invaders,breakout,9,1.0,120
1,period,875008,18456,space_invaders,breakout,10,1.0,120
1,period,875008,18456,space_invaders,space_invaders,1,15.0,1856
1,period,875008,18456,space_invaders,space_invaders,2,13.0,1856
1,period,875008,18456,space_invaders,space_invaders,3,20.0,1856
1,period,875008,18456,space_invaders,space_invaders,4,11.0,1856
1,period,875008,18456,space_invaders,space_invaders,5,16.0,1856
1,period,875008,18456,space_invaders,space_invaders,6,8.0,1856
1,period,875008,18456,space_invaders,space_invaders,7,15.0,1856
1,period,875008,18456,space_invaders,space_invaders,8,18.0,1856
1,period,875008,18456,space_invaders,space_invaders,9,15.0,1856
1,period,875008,18456,space_invaders,space_invaders,10,13.0,1856
1,period,875008,18456,space_invaders,freeway,1,0.0,25000
1,period,875008,18456,space_invaders,freeway,2,0.0,25000
1,period,875008,18456,space_invaders,freeway,3,0.0,25000
1,period,875008,18456,space_invaders,freeway,4,0.0,25000
1,period,875008,18456,space_invaders,freeway,5,0.0,25000
1,period,875008,18456,space_invaders,freeway,6,0.0,25000
1,period,875008,18456,space_invaders,freeway,7,0.0,25000
1,period,875008,18456,space_invaders,freeway,8,0.0,25000
1,period,875008,18456,space_invaders,freeway,9,0.0,25000
1,period,875008,18456,space_invaders,freeway,10,0.0,25000
1,period,900096,18608,space_invaders,breakout,1,1.0,140
1,period,900096,18608,space_invaders,breakout,2,1.0,140
1,period,900096,18608,space_invaders,breakout,3,1.0,140
1,period,900096,18608,space_invaders,breakout,4,1.0,140
1,period,900096,18608,space_invaders,breakout,5,1.0,140
1,period,900096,18608,space_invaders,breakout,6,1.0,140
1,period,900096,18608,space_invaders,breakout,7,1.0,140
1,period,900096,18608,space_invaders,breakout,8,0.0,140
1,period,900096,18608,space_invaders,breakout,9,0.0,140
1,period,900096,18608,space_invaders,breakout,10,1.0,140
1,period,900096,18608,space_invaders,space_invaders,1,13.0,2088
1,period,900096,18608,space_invaders,space_invaders,2,19.0,2088
1,period,900096,18608,space_invaders,space_invaders,3,16.0,2088
1,period,900096,18608,space_invaders,space_invaders,4,16.0,2088
1,period,900096,18608,space_invaders,space_invaders,5,18.0,2088
1,period,900096,18608,space_invaders,space_invaders,6,23.0,2088
1,period,900096,18608,space_invaders,space_invaders,7,7.0,2088
1,period,900096,18608,space_invaders,space_invaders,8,12.0,2088
1,period,900096,18608,space_invaders,space_invaders,9,22.0,2088
1,period,900096,18608,space_invaders,space_invaders,10,15.0,2088
1,period,900096,18608,space_invaders,freeway,1,0.0,25000
1,period,900096,18608,space_invaders,freeway,2,0.0,25000
1,period,900096,18608,space_invaders,freeway,3,0.0,25000
1,period,900096,18608,space_invaders,freeway,4,0.0,25000
1,period,900096,18608,space_invaders,freeway,5,0.0,25000
1,period,900096,18608,space_invaders,freeway,6,0.0,25000
1,period,900096,18608,space_invaders,freeway,7,0.0,25000
1,period,900096,18608,space_invaders,freeway,8,0.0,25000
1,period,900096,18608,space_invaders,freeway,9,0.0,25000
1,period,900096,18608,space_invaders,freeway,10,0.0,25000
1,period,925184,18757,space_invaders,breakout,1,1.0,120
1,period,925184,18757,space_invaders,breakout,2,0.0,120
1,period,925184,18757,space_invaders,breakout,3,1.0,120
1,period,925184,18757,space_invaders,breakout,4,1.0,120
1,period,925184,18757,space_invaders,breakout,5,0.0,120
1,period,925184,18757,space_invaders,breakout,6,0.0,120
1,period,925184,18757,space_invaders,breakout,7,1.0,120
1,period,925184,18757,space_invaders,breakout,8,1.0,120
1,period,925184,18757,space_invaders,breakout,9,0.0,120
1,period,925184,18757,space_invaders,breakout,10,1.0,120
1,period,925184,18757,space_invaders,space_invaders,1,13.0,1898
1,period,925184,18757,space_invaders,space_invaders,2,13.0,1898
1,period,925184,18757,space_invaders,space_invaders,3,10.0,1898
1,period,925184,18757,space_invaders,space_invaders,4,15.0,1898
1,period,925184,18757,space_invaders,space_invaders,5,13.0,1898
1,period,925184,18757,space_invaders,space_invaders,6,21.0,1898
1,period,925184,18757,space_invaders,space_invaders,7,29.0,1898
1,period,925184,18757,space_invaders,space_invaders,8,18.0,1898
1,period,925184,18757,space_invaders,space_invaders,9,14.0,1898
1,period,925184,18757,space_invaders,space_invaders,10,12.0,1898
1,period,925184,18757,space_invaders,freeway,1,0.0,25000
1,period,925184,18757,space_invaders,freeway,2,0.0,25000
1,period,925184,18757,space_invaders,freeway,3,0.0,25000
1,period,925184,18757,space_invaders,freeway,4,0.0,25000
1,period,925184,18757,space_invaders,freeway,5,0.0,25000
1,period,925184,18757,space_invaders,freeway,6,0.0,25000
1,period,925184,18757,space_invaders,freeway,7,0.0,25000
1,period,925184,18757,space_invaders,freeway,8,0.0,25000
1,period,925184,18757,space_invaders,freeway,9,0.0,25000
1,period,925184,18757,space_invaders,freeway,10,0.0,25000
1,period,950016,18889,space_invaders,breakout,1,0.0,80
1,period,950016,18889,space_invaders,breakout,2,1.0,80
1,period,950016,18889,space_invaders,breakout,3,1.0,80
1,period,950016,18889,space_invaders,breakout,4,0.0,80
1,period,950016,18889,space_invaders,breakout,5,0.0,80
1,period,950016,18889,space_invaders,breakout,6,0.0,80
1,period,950016,18889,space_invaders,breakout,7,0.0,80
1,period,950016,18889,space_invaders,breakout,8,0.0,80
1,period,950016,18889,space_invaders,breakout,9,0.0,80
1,period,950016,18889,space_invaders,breakout,10,0.0,80
1,period,950016,18889,space_invaders,space_invaders,1,12.0,1565
1,period,950016,18889,space_invaders,space_invaders,2,18.0,1565
1,period,950016,18889,space_invaders,space_invaders,3,16.0,1565
1,period,950016,18889,space_invaders,space_invaders,4,6.0,1565
1,period,950016,18889,space_invaders,space_invaders,5,10.0,1565
1,period,950016,18889,space_invaders,space_invaders,6,13.0,1565
1,period,950016,18889,space_invaders,space_invaders,7,9.0,1565
1,period,950016,18889,space_invaders,space_invaders,8,16.0,1565
1,period,950016,18889,space_invaders,space_invaders,9,28.0,1565
1,period,950016,18889,space_invaders,space_invaders,10,20.0,1565
1,period,950016,18889,space_invaders,freeway,1,0.0,25000
1,period,950016,18889,space_invaders,freeway,2,0.0,25000
1,period,950016,18889,space_invaders,freeway,3,0.0,25000
1,period,950016,18889,space_invaders,freeway,4,0.0,25000
1,period,950016,18889,space_invaders,freeway,5,0.0,25000
1,period,950016,18889,space_invaders,freeway,6,0.0,25000
1,period,950016,18889,space_invaders,freeway,7,0.0,25000
1,period,950016,18889,space_invaders,freeway,8,0.0,25000
1,period,950016,18889,space_invaders,freeway,9,0.0,25000
1,period,950016,18889,space_invaders,freeway,10,0.0,25000
1,period,975104,19034,space_invaders,breakout,1,1.0,130
1,period,975104,19034,space_invaders,breakout,2,1.0,130
1,period,975104,19034,space_invaders,breakout,3,1.0,130
1,period,975104,19034,space_invaders,breakout,4,1.0,130
1,period,975104,19034,space_invaders,breakout,5,1.0,130
1,period,975104,19034,space_invaders,breakout,6,0.0,130
1,period,975104,19034,space_invaders,breakout,7,0.0,130
1,period,975104,19034,space_invaders,breakout,8,1.0,130
1,period,975104,19034,space_invaders,breakout,9,0.0,130
1,period,975104,19034,space_invaders,breakout,10,1.0,130
1,period,975104,19034,space_invaders,space_invaders,1,15.0,1955
1,period,975104,19034,space_invaders,space_invaders,2,19.0,1955
1,period,975104,19034,space_invaders,space_invaders,3,19.0,1955
1,period,975104,19034,space_invaders,space_invaders,4,20.0,1955
1,period,975104,19034,space_invaders,space_invaders,5,13.0,1955
1,period,975104,19034,space_invaders,space_invaders,6,13.0,1955
1,period,975104,19034,space_invaders,space_invaders,7,9.0,1955
1,period,975104,19034,space_invaders,space_invaders,8,19.0,1955
1,period,975104,19034,space_invaders,space_invaders,9,18.0,1955
1,period,975104,19034,space_invaders,space_invaders,10,13.0,1955
1,period,975104,19034,space_invaders,freeway,1,0.0,25000
1,period,975104,19034,space_invaders,freeway,2,0.0,25000
1,period,975104,19034,space_invaders,freeway,3,0.0,25000
1,period,975104,19034,space_invaders,freeway,4,0.0,25000
1,period,975104,19034,space_invaders,freeway,5,0.0,25000
1,period,975104,19034,space_invaders,freeway,6,0.0,25000
1,period,975104,19034,space_invaders,freeway,7,0.0,25000
1,period,975104,19034,space_invaders,freeway,8,0.0,25000
1,period,975104,19034,space_invaders,freeway,9,0.0,25000
1,period,975104,19034,space_invaders,freeway,10,0.0,25000
2,boundary,1499904,19384,freeway,breakout,1,1.0,150
2,boundary,1499904,19384,freeway,breakout,2,1.0,150
2,boundary,1499904,19384,freeway,breakout,3,0.0,150
2,boundary,1499904,19384,freeway,breakout,4,0.0,150
2,boundary,1499904,19384,freeway,breakout,5,1.0,150
2,boundary,1499904,19384,freeway,breakout,6,1.0,150
2,boundary,1499904,19384,freeway,breakout,7,1.0,150
2,boundary,1499904,19384,freeway,breakout,8,2.0,150
2,boundary,1499904,19384,freeway,breakout,9,1.0,150
2,boundary,1499904,19384,freeway,breakout,10,1.0,150
2,boundary,1499904,19384,freeway,space_invaders,1,3.0,436
2,boundary,1499904,19384,freeway,space_invaders,2,2.0,436
2,boundary,1499904,19384,freeway,space_invaders,3,4.0,436
2,boundary,1499904,19384,freeway,space_invaders,4,3.0,436
2,boundary,1499904,19384,freeway,space_invaders,5,2.0,436
2,boundary,1499904,19384,freeway,space_invaders,6,3.0,436
2,boundary,1499904,19384,freeway,space_invaders,7,2.0,436
2,boundary,1499904,19384,freeway,space_invaders,8,2.0,436
2,boundary,1499904,19384,freeway,space_invaders,9,4.0,436
2,boundary,1499904,19384,freeway,space_invaders,10,2.0,436
2,boundary,1499904,19384,freeway,freeway,1,19.0,25000
2,boundary,1499904,19384,freeway,freeway,2,30.0,25000
2,boundary,1499904,19384,freeway,freeway,3,29.0,25000
2,boundary,1499904,19384,freeway,freeway,4,32.0,25000
2,boundary,1499904,19384,freeway,freeway,5,26.0,25000
2,boundary,1499904,19384,freeway,freeway,6,25.0,25000
2,boundary,1499904,19384,freeway,freeway,7,13.0,25000
2,boundary,1499904,19384,freeway,freeway,8,18.0,25000
2,boundary,1499904,19384,freeway,freeway,9,34.0,25000
2,boundary,1499904,19384,freeway,freeway,10,32.0,25000
2,period,1000192,19192,freeway,breakout,1,0.0,120
2,period,1000192,19192,freeway,breakout,2,1.0,120
2,period,1000192,19192,freeway,breakout,3,0.0,120
2,period,1000192,19192,freeway,breakout,4,1.0,120
2,period,1000192,19192,freeway,breakout,5,1.0,120
2,period,1000192,19192,freeway,breakout,6,1.0,120
2,period,1000192,19192,freeway,breakout,7,0.0,120
2,period,1000192,19192,freeway,breakout,8,0.0,120
2,period,1000192,19192,freeway,breakout,9,1.0,120
2,period,1000192,19192,freeway,breakout,10,1.0,120
2,period,1000192,19192,freeway,space_invaders,1,17.0,2266
2,period,1000192,19192,freeway,space_invaders,2,13.0,2266
2,period,1000192,19192,freeway,space_invaders,3,22.0,2266
2,period,1000192,19192,freeway,space_invaders,4,14.0,2266
2,period,1000192,19192,freeway,space_invaders,5,14.0,2266
2,period,1000192,19192,freeway,space_invaders,6,16.0,2266
2,period,1000192,19192,freeway,space_invaders,7,18.0,2266
2,period,1000192,19192,freeway,space_invaders,8,16.0,2266
2,period,1000192,19192,freeway,space_invaders,9,17.0,2266
2,period,1000192,19192,freeway,space_invaders,10,17.0,2266
2,period,1000192,19192,freeway,freeway,1,0.0,25000
2,period,1000192,19192,freeway,freeway,2,0.0,25000
2,period,1000192,19192,freeway,freeway,3,0.0,25000
2,period,1000192,19192,freeway,freeway,4,0.0,25000
2,period,1000192,19192,freeway,freeway,5,0.0,25000
2,period,1000192,19192,freeway,freeway,6,0.0,25000
2,period,1000192,19192,freeway,freeway,7,0.0,25000
2,period,1000192,19192,freeway,freeway,8,0.0,25000
2,period,1000192,19192,freeway,freeway,9,0.0,25000
2,period,1000192,19192,freeway,freeway,10,0.0,25000
2,period,1025024,19192,freeway,breakout,1,0.0,90
2,period,1025024,19192,freeway,breakout,2,0.0,90
2,period,1025024,19192,freeway,breakout,3,1.0,90
2,period,1025024,19192,freeway,breakout,4,1.0,90
2,period,1025024,19192,freeway,breakout,5,0.0,90
2,period,1025024,19192,freeway,breakout,6,0.0,90
2,period,1025024,19192,freeway,breakout,7,0.0,90
2,period,1025024,19192,freeway,breakout,8,1.0,90
2,period,1025024,19192,freeway,breakout,9,0.0,90
2,period,1025024,19192,freeway,breakout,10,0.0,90
2,period,1025024,19192,freeway,space_invaders,1,19.0,2389
2,period,1025024,19192,freeway,space_invaders,2,18.0,2389
2,period,1025024,19192,freeway,space_invaders,3,10.0,2389
2,period,1025024,19192,freeway,space_invaders,4,15.0,2389
2,period,1025024,19192,freeway,space_invaders,5,17.0,2389
2,period,1025024,19192,freeway,space_invaders,6,17.0,2389
2,period,1025024,19192,freeway,space_invaders,7,22.0,2389
2,period,1025024,19192,freeway,space_invaders,8,18.0,2389
2,period,1025024,19192,freeway,space_invaders,9,21.0,2389
2,period,1025024,19192,freeway,space_invaders,10,15.0,2389
2,period,1025024,19192,freeway,freeway,1,0.0,25000
2,period,1025024,19192,freeway,freeway,2,0.0,25000
2,period,1025024,19192,freeway,freeway,3,0.0,25000
2,period,1025024,19192,freeway,freeway,4,0.0,25000
2,period,1025024,19192,freeway,freeway,5,0.0,25000
2,period,1025024,19192,freeway,freeway,6,0.0,25000
2,period,1025024,19192,freeway,freeway,7,0.0,25000
2,period,1025024,19192,freeway,freeway,8,0.0,25000
2,period,1025024,19192,freeway,freeway,9,0.0,25000
2,period,1025024,19192,freeway,freeway,10,0.0,25000
2,period,1050112,19208,freeway,breakout,1,3.0,142
2,period,1050112,19208,freeway,breakout,2,1.0,142
2,period,1050112,19208,freeway,breakout,3,1.0,142
2,period,1050112,19208,freeway,breakout,4,0.0,142
2,period,1050112,19208,freeway,breakout,5,1.0,142
2,period,1050112,19208,freeway,breakout,6,0.0,142
2,period,1050112,19208,freeway,breakout,7,1.0,142
2,period,1050112,19208,freeway,breakout,8,1.0,142
2,period,1050112,19208,freeway,breakout,9,0.0,142
2,period,1050112,19208,freeway,breakout,10,0.0,142
2,period,1050112,19208,freeway,space_invaders,1,20.0,2143
2,period,1050112,19208,freeway,space_invaders,2,10.0,2143
2,period,1050112,19208,freeway,space_invaders,3,17.0,2143
2,period,1050112,19208,freeway,space_invaders,4,11.0,2143
2,period,1050112,19208,freeway,space_invaders,5,13.0,2143
2,period,1050112,19208,freeway,space_invaders,6,13.0,2143
2,period,1050112,19208,freeway,space_invaders,7,23.0,2143
2,period,1050112,19208,freeway,space_invaders,8,14.0,2143
2,period,1050112,19208,freeway,space_invaders,9,18.0,2143
2,period,1050112,19208,freeway,space_invaders,10,18.0,2143
2,period,1050112,19208,freeway,freeway,1,0.0,25000
2,period,1050112,19208,freeway,freeway,2,0.0,25000
2,period,1050112,19208,freeway,freeway,3,0.0,25000
2,period,1050112,19208,freeway,freeway,4,0.0,25000
2,period,1050112,19208,freeway,freeway,5,0.0,25000
2,period,1050112,19208,freeway,freeway,6,0.0,25000
2,period,1050112,19208,freeway,freeway,7,0.0,25000
2,period,1050112,19208,freeway,freeway,8,0.0,25000
2,period,1050112,19208,freeway,freeway,9,0.0,25000
2,period,1050112,19208,freeway,freeway,10,0.0,25000
2,period,1075200,19208,freeway,breakout,1,0.0,142
2,period,1075200,19208,freeway,breakout,2,0.0,142
2,period,1075200,19208,freeway,breakout,3,1.0,142
2,period,1075200,19208,freeway,breakout,4,1.0,142
2,period,1075200,19208,freeway,breakout,5,1.0,142
2,period,1075200,19208,freeway,breakout,6,3.0,142
2,period,1075200,19208,freeway,breakout,7,1.0,142
2,period,1075200,19208,freeway,breakout,8,1.0,142
2,period,1075200,19208,freeway,breakout,9,0.0,142
2,period,1075200,19208,freeway,breakout,10,0.0,142
2,period,1075200,19208,freeway,space_invaders,1,18.0,2291
2,period,1075200,19208,freeway,space_invaders,2,14.0,2291
2,period,1075200,19208,freeway,space_invaders,3,16.0,2291
2,period,1075200,19208,freeway,space_invaders,4,23.0,2291
2,period,1075200,19208,freeway,space_invaders,5,15.0,2291
2,period,1075200,19208,freeway,space_invaders,6,14.0,2291
2,period,1075200,19208,freeway,space_invaders,7,21.0,2291
2,period,1075200,19208,freeway,space_invaders,8,13.0,2291
2,period,1075200,19208,freeway,space_invaders,9,13.0,2291
2,period,1075200,19208,freeway,space_invaders,10,9.0,2291
2,period,1075200,19208,freeway,freeway,1,0.0,25000
2,period,1075200,19208,freeway,freeway,2,0.0,25000
2,period,1075200,19208,freeway,freeway,3,0.0,25000
2,period,1075200,19208,freeway,freeway,4,0.0,25000
2,period,1075200,19208,freeway,freeway,5,0.0,25000
2,period,1075200,19208,freeway,freeway,6,0.0,25000
2,period,1075200,19208,freeway,freeway,7,0.0,25000
2,period,1075200,19208,freeway,freeway,8,0.0,25000
2,period,1075200,19208,freeway,freeway,9,0.0,25000
2,period,1075200,19208,freeway,freeway,10,0.0,25000
2,period,1100032,19224,freeway,breakout,1,0.0,100
2,period,1100032,19224,freeway,breakout,2,0.0,100
2,period,1100032,19224,freeway,breakout,3,1.0,100
2,period,1100032,19224,freeway,breakout,4,1.0,100
2,period,1100032,19224,freeway,breakout,5,1.0,100
2,period,1100032,19224,freeway,breakout,6,0.0,100
2,period,1100032,19224,freeway,breakout,7,0.0,100
2,period,1100032,19224,freeway,breakout,8,1.0,100
2,period,1100032,19224,freeway,breakout,9,0.0,100
2,period,1100032,19224,freeway,breakout,10,0.0,100
2,period,1100032,19224,freeway,space_invaders,1,6.0,1083
2,period,1100032,19224,freeway,space_invaders,2,13.0,1083
2,period,1100032,19224,freeway,space_invaders,3,6.0,1083
2,period,1100032,19224,freeway,space_invaders,4,12.0,1083
2,period,1100032,19224,freeway,space_invaders,5,10.0,1083
2,period,1100032,19224,freeway,space_invaders,6,17.0,1083
2,period,1100032,19224,freeway,space_invaders,7,8.0,1083
2,period,1100032,19224,freeway,space_invaders,8,9.0,1083
2,period,1100032,19224,freeway,space_invaders,9,10.0,1083
2,period,1100032,19224,freeway,space_invaders,10,4.0,1083
2,period,1100032,19224,freeway,freeway,1,0.0,25000
2,period,1100032,19224,freeway,freeway,2,0.0,25000
2,period,1100032,19224,freeway,freeway,3,0.0,25000
2,period,1100032,19224,freeway,freeway,4,1.0,25000
2,period,1100032,19224,freeway,freeway,5,0.0,25000
2,period,1100032,19224,freeway,freeway,6,0.0,25000
2,period,1100032,19224,freeway,freeway,7,0.0,25000
2,period,1100032,19224,freeway,freeway,8,0.0,25000
2,period,1100032,19224,freeway,freeway,9,1.0,25000
2,period,1100032,19224,freeway,freeway,10,0.0,25000
2,period,1125120,19240,freeway,breakout,1,1.0,132
2,period,1125120,19240,freeway,breakout,2,0.0,132
2,period,1125120,19240,freeway,breakout,3,1.0,132
2,period,1125120,19240,freeway,breakout,4,3.0,132
2,period,1125120,19240,freeway,breakout,5,0.0,132
2,period,1125120,19240,freeway,breakout,6,0.0,132
2,period,1125120,19240,freeway,breakout,7,1.0,132
2,period,1125120,19240,freeway,breakout,8,0.0,132
2,period,1125120,19240,freeway,breakout,9,1.0,132
2,period,1125120,19240,freeway,breakout,10,0.0,132
2,period,1125120,19240,freeway,space_invaders,1,18.0,1958
2,period,1125120,19240,freeway,space_invaders,2,11.0,1958
2,period,1125120,19240,freeway,space_invaders,3,8.0,1958
2,period,1125120,19240,freeway,space_invaders,4,13.0,1958
2,period,1125120,19240,freeway,space_invaders,5,11.0,1958
2,period,1125120,19240,freeway,space_invaders,6,8.0,1958
2,period,1125120,19240,freeway,space_invaders,7,9.0,1958
2,period,1125120,19240,freeway,space_invaders,8,21.0,1958
2,period,1125120,19240,freeway,space_invaders,9,12.0,1958
2,period,1125120,19240,freeway,space_invaders,10,17.0,1958
2,period,1125120,19240,freeway,freeway,1,0.0,25000
2,period,1125120,19240,freeway,freeway,2,0.0,25000
2,period,1125120,19240,freeway,freeway,3,0.0,25000
2,period,1125120,19240,freeway,freeway,4,2.0,25000
2,period,1125120,19240,freeway,freeway,5,0.0,25000
2,period,1125120,19240,freeway,freeway,6,0.0,25000
2,period,1125120,19240,freeway,freeway,7,0.0,25000
2,period,1125120,19240,freeway,freeway,8,0.0,25000
2,period,1125120,19240,freeway,freeway,9,0.0,25000
2,period,1125120,19240,freeway,freeway,10,0.0,25000
2,period,1150208,19240,freeway,breakout,1,2.0,132
2,period,1150208,19240,freeway,breakout,2,0.0,132
2,period,1150208,19240,freeway,breakout,3,0.0,132
2,period,1150208,19240,freeway,breakout,4,3.0,132
2,period,1150208,19240,freeway,breakout,5,0.0,132
2,period,1150208,19240,freeway,breakout,6,0.0,132
2,period,1150208,19240,freeway,breakout,7,0.0,132
2,period,1150208,19240,freeway,breakout,8,1.0,132
2,period,1150208,19240,freeway,breakout,9,0.0,132
2,period,1150208,19240,freeway,breakout,10,1.0,132
2,period,1150208,19240,freeway,space_invaders,1,8.0,1432
2,period,1150208,19240,freeway,space_invaders,2,17.0,1432
2,period,1150208,19240,freeway,space_invaders,3,15.0,1432
2,period,1150208,19240,freeway,space_invaders,4,13.0,1432
2,period,1150208,19240,freeway,space_invaders,5,13.0,1432
2,period,1150208,19240,freeway,space_invaders,6,18.0,1432
2,period,1150208,19240,freeway,space_invaders,7,11.0,1432
2,period,1150208,19240,freeway,space_invaders,8,12.0,1432
2,period,1150208,19240,freeway,space_invaders,9,5.0,1432
2,period,1150208,19240,freeway,space_invaders,10,8.0,1432
2,period,1150208,19240,freeway,freeway,1,0.0,25000
2,period,1150208,19240,freeway,freeway,2,0.0,25000
2,period,1150208,19240,freeway,freeway,3,0.0,25000
2,period,1150208,19240,freeway,freeway,4,0.0,25000
2,period,1150208,19240,freeway,freeway,5,0.0,25000
2,period,1150208,19240,freeway,freeway,6,0.0,25000
2,period,1150208,19240,freeway,freeway,7,0.0,25000
2,period,1150208,19240,freeway,freeway,8,0.0,25000
2,period,1150208,19240,freeway,freeway,9,0.0,25000
2,period,1150208,19240,freeway,freeway,10,0.0,25000
2,period,1175040,19256,freeway,breakout,1,1.0,196
2,period,1175040,19256,freeway,breakout,2,3.0,196
2,period,1175040,19256,freeway,breakout,3,3.0,196
2,period,1175040,19256,freeway,breakout,4,1.0,196
2,period,1175040,19256,freeway,breakout,5,0.0,196
2,period,1175040,19256,freeway,breakout,6,3.0,196
2,period,1175040,19256,freeway,breakout,7,0.0,196
2,period,1175040,19256,freeway,breakout,8,0.0,196
2,period,1175040,19256,freeway,breakout,9,1.0,196
2,period,1175040,19256,freeway,breakout,10,1.0,196
2,period,1175040,19256,freeway,space_invaders,1,8.0,1636
2,period,1175040,19256,freeway,space_invaders,2,8.0,1636
2,period,1175040,19256,freeway,space_invaders,3,17.0,1636
2,period,1175040,19256,freeway,space_invaders,4,12.0,1636
2,period,1175040,19256,freeway,space_invaders,5,4.0,1636
2,period,1175040,19256,freeway,space_invaders,6,16.0,1636
2,period,1175040,19256,freeway,space_invaders,7,11.0,1636
2,period,1175040,19256,freeway,space_invaders,8,18.0,1636
2,period,1175040,19256,freeway,space_invaders,9,20.0,1636
2,period,1175040,19256,freeway,space_invaders,10,9.0,1636
2,period,1175040,19256,freeway,freeway,1,0.0,25000
2,period,1175040,19256,freeway,freeway,2,0.0,25000
2,period,1175040,19256,freeway,freeway,3,0.0,25000
2,period,1175040,19256,freeway,freeway,4,1.0,25000
2,period,1175040,19256,freeway,freeway,5,0.0,25000
2,period,1175040,19256,freeway,freeway,6,0.0,25000
2,period,1175040,19256,freeway,freeway,7,0.0,25000
2,period,1175040,19256,freeway,freeway,8,0.0,25000
2,period,1175040,19256,freeway,freeway,9,0.0,25000
2,period,1175040,19256,freeway,freeway,10,0.0,25000
2,period,1200128,19272,freeway,breakout,1,1.0,144
2,period,1200128,19272,freeway,breakout,2,1.0,144
2,period,1200128,19272,freeway,breakout,3,0.0,144
2,period,1200128,19272,freeway,breakout,4,0.0,144
2,period,1200128,19272,freeway,breakout,5,1.0,144
2,period,1200128,19272,freeway,breakout,6,0.0,144
2,period,1200128,19272,freeway,breakout,7,2.0,144
2,period,1200128,19272,freeway,breakout,8,0.0,144
2,period,1200128,19272,freeway,breakout,9,0.0,144
2,period,1200128,19272,freeway,breakout,10,3.0,144
2,period,1200128,19272,freeway,space_invaders,1,4.0,1114
2,period,1200128,19272,freeway,space_invaders,2,8.0,1114
2,period,1200128,19272,freeway,space_invaders,3,10.0,1114
2,period,1200128,19272,freeway,space_invaders,4,7.0,1114
2,period,1200128,19272,freeway,space_invaders,5,9.0,1114
2,period,1200128,19272,freeway,space_invaders,6,6.0,1114
2,period,1200128,19272,freeway,space_invaders,7,14.0,1114
2,period,1200128,19272,freeway,space_invaders,8,9.0,1114
2,period,1200128,19272,freeway,space_invaders,9,11.0,1114
2,period,1200128,19272,freeway,space_invaders,10,6.0,1114
2,period,1200128,19272,freeway,freeway,1,0.0,25000
2,period,1200128,19272,freeway,freeway,2,1.0,25000
2,period,1200128,19272,freeway,freeway,3,1.0,25000
2,period,1200128,19272,freeway,freeway,4,1.0,25000
2,period,1200128,19272,freeway,freeway,5,1.0,25000
2,period,1200128,19272,freeway,freeway,6,0.0,25000
2,period,1200128,19272,freeway,freeway,7,0.0,25000
2,period,1200128,19272,freeway,freeway,8,0.0,25000
2,period,1200128,19272,freeway,freeway,9,0.0,25000
2,period,1200128,19272,freeway,freeway,10,0.0,25000
2,period,1225216,19272,freeway,breakout,1,1.0,174
2,period,1225216,19272,freeway,breakout,2,1.0,174
2,period,1225216,19272,freeway,breakout,3,0.0,174
2,period,1225216,19272,freeway,breakout,4,1.0,174
2,period,1225216,19272,freeway,breakout,5,0.0,174
2,period,1225216,19272,freeway,breakout,6,2.0,174
2,period,1225216,19272,freeway,breakout,7,1.0,174
2,period,1225216,19272,freeway,breakout,8,0.0,174
2,period,1225216,19272,freeway,breakout,9,2.0,174
2,period,1225216,19272,freeway,breakout,10,3.0,174
2,period,1225216,19272,freeway,space_invaders,1,11.0,1265
2,period,1225216,19272,freeway,space_invaders,2,14.0,1265
2,period,1225216,19272,freeway,space_invaders,3,7.0,1265
2,period,1225216,19272,freeway,space_invaders,4,9.0,1265
2,period,1225216,19272,freeway,space_invaders,5,14.0,1265
2,period,1225216,19272,freeway,space_invaders,6,7.0,1265
2,period,1225216,19272,freeway,space_invaders,7,8.0,1265
2,period,1225216,19272,freeway,space_invaders,8,12.0,1265
2,period,1225216,19272,freeway,space_invaders,9,14.0,1265
2,period,1225216,19272,freeway,space_invaders,10,6.0,1265
2,period,1225216,19272,freeway,freeway,1,0.0,25000
2,period,1225216,19272,freeway,freeway,2,0.0,25000
2,period,1225216,19272,freeway,freeway,3,2.0,25000
2,period,1225216,19272,freeway,freeway,4,0.0,25000
2,period,1225216,19272,freeway,freeway,5,0.0,25000
2,period,1225216,19272,freeway,freeway,6,0.0,25000
2,period,1225216,19272,freeway,freeway,7,0.0,25000
2,period,1225216,19272,freeway,freeway,8,1.0,25000
2,period,1225216,19272,freeway,freeway,9,0.0,25000
2,period,1225216,19272,freeway,freeway,10,1.0,25000
2,period,1250048,19288,freeway,breakout,1,0.0,176
2,period,1250048,19288,freeway,breakout,2,1.0,176
2,period,1250048,19288,freeway,breakout,3,1.0,176
2,period,1250048,19288,freeway,breakout,4,1.0,176
2,period,1250048,19288,freeway,breakout,5,1.0,176
2,period,1250048,19288,freeway,breakout,6,0.0,176
2,period,1250048,19288,freeway,breakout,7,0.0,176
2,period,1250048,19288,freeway,breakout,8,0.0,176
2,period,1250048,19288,freeway,breakout,9,1.0,176
2,period,1250048,19288,freeway,breakout,10,6.0,176
2,period,1250048,19288,freeway,space_invaders,1,12.0,807
2,period,1250048,19288,freeway,space_invaders,2,5.0,807
2,period,1250048,19288,freeway,space_invaders,3,8.0,807
2,period,1250048,19288,freeway,space_invaders,4,5.0,807
2,period,1250048,19288,freeway,space_invaders,5,7.0,807
2,period,1250048,19288,freeway,space_invaders,6,4.0,807
2,period,1250048,19288,freeway,space_invaders,7,7.0,807
2,period,1250048,19288,freeway,space_invaders,8,9.0,807
2,period,1250048,19288,freeway,space_invaders,9,7.0,807
2,period,1250048,19288,freeway,space_invaders,10,7.0,807
2,period,1250048,19288,freeway,freeway,1,0.0,25000
2,period,1250048,19288,freeway,freeway,2,1.0,25000
2,period,1250048,19288,freeway,freeway,3,1.0,25000
2,period,1250048,19288,freeway,freeway,4,2.0,25000
2,period,1250048,19288,freeway,freeway,5,1.0,25000
2,period,1250048,19288,freeway,freeway,6,1.0,25000
2,period,1250048,19288,freeway,freeway,7,0.0,25000
2,period,1250048,19288,freeway,freeway,8,0.0,25000
2,period,1250048,19288,freeway,freeway,9,0.0,25000
2,period,1250048,19288,freeway,freeway,10,0.0,25000
2,period,1275136,19288,freeway,breakout,1,1.0,164
2,period,1275136,19288,freeway,breakout,2,0.0,164
2,period,1275136,19288,freeway,breakout,3,1.0,164
2,period,1275136,19288,freeway,breakout,4,2.0,164
2,period,1275136,19288,freeway,breakout,5,1.0,164
2,period,1275136,19288,freeway,breakout,6,1.0,164
2,period,1275136,19288,freeway,breakout,7,0.0,164
2,period,1275136,19288,freeway,breakout,8,0.0,164
2,period,1275136,19288,freeway,breakout,9,3.0,164
2,period,1275136,19288,freeway,breakout,10,1.0,164
2,period,1275136,19288,freeway,space_invaders,1,11.0,1072
2,period,1275136,19288,freeway,space_invaders,2,6.0,1072
2,period,1275136,19288,freeway,space_invaders,3,10.0,1072
2,period,1275136,19288,freeway,space_invaders,4,10.0,1072
2,period,1275136,19288,freeway,space_invaders,5,7.0,1072
2,period,1275136,19288,freeway,space_invaders,6,12.0,1072
2,period,1275136,19288,freeway,space_invaders,7,10.0,1072
2,period,1275136,19288,freeway,space_invaders,8,11.0,1072
2,period,1275136,19288,freeway,space_invaders,9,8.0,1072
2,period,1275136,19288,freeway,space_invaders,10,8.0,1072
2,period,1275136,19288,freeway,freeway,1,0.0,25000
2,period,1275136,19288,freeway,freeway,2,1.0,25000
2,period,1275136,19288,freeway,freeway,3,0.0,25000
2,period,1275136,19288,freeway,freeway,4,0.0,25000
2,period,1275136,19288,freeway,freeway,5,0.0,25000
2,period,1275136,19288,freeway,freeway,6,0.0,25000
2,period,1275136,19288,freeway,freeway,7,4.0,25000
2,period,1275136,19288,freeway,freeway,8,1.0,25000
2,period,1275136,19288,freeway,freeway,9,0.0,25000
2,period,1275136,19288,freeway,freeway,10,0.0,25000
2,period,1300224,19304,freeway,breakout,1,3.0,184
2,period,1300224,19304,freeway,breakout,2,1.0,184
2,period,1300224,19304,freeway,breakout,3,0.0,184
2,period,1300224,19304,freeway,breakout,4,1.0,184
2,period,1300224,19304,freeway,breakout,5,0.0,184
2,period,1300224,19304,freeway,breakout,6,3.0,184
2,period,1300224,19304,freeway,breakout,7,1.0,184
2,period,1300224,19304,freeway,breakout,8,1.0,184
2,period,1300224,19304,freeway,breakout,9,0.0,184
2,period,1300224,19304,freeway,breakout,10,2.0,184
2,period,1300224,19304,freeway,space_invaders,1,8.0,805
2,period,1300224,19304,freeway,space_invaders,2,9.0,805
2,period,1300224,19304,freeway,space_invaders,3,4.0,805
2,period,1300224,19304,freeway,space_invaders,4,8.0,805
2,period,1300224,19304,freeway,space_invaders,5,11.0,805
2,period,1300224,19304,freeway,space_invaders,6,5.0,805
2,period,1300224,19304,freeway,space_invaders,7,7.0,805
2,period,1300224,19304,freeway,space_invaders,8,7.0,805
2,period,1300224,19304,freeway,space_invaders,9,6.0,805
2,period,1300224,19304,freeway,space_invaders,10,6.0,805
2,period,1300224,19304,freeway,freeway,1,0.0,25000
2,period,1300224,19304,freeway,freeway,2,1.0,25000
2,period,1300224,19304,freeway,freeway,3,0.0,25000
2,period,1300224,19304,freeway,freeway,4,2.0,25000
2,period,1300224,19304,freeway,freeway,5,3.0,25000
2,period,1300224,19304,freeway,freeway,6,1.0,25000
2,period,1300224,19304,freeway,freeway,7,1.0,25000
2,period,1300224,19304,freeway,freeway,8,0.0,25000
2,period,1300224,19304,freeway,freeway,9,0.0,25000
2,period,1300224,19304,freeway,freeway,10,0.0,25000
2,period,1325056,19320,freeway,breakout,1,1.0,204
2,period,1325056,19320,freeway,breakout,2,1.0,204
2,period,1325056,19320,freeway,breakout,3,1.0,204
2,period,1325056,19320,freeway,breakout,4,1.0,204
2,period,1325056,19320,freeway,breakout,5,1.0,204
2,period,1325056,19320,freeway,breakout,6,1.0,204
2,period,1325056,19320,freeway,breakout,7,1.0,204
2,period,1325056,19320,freeway,breakout,8,3.0,204
2,period,1325056,19320,freeway,breakout,9,1.0,204
2,period,1325056,19320,freeway,breakout,10,3.0,204
2,period,1325056,19320,freeway,space_invaders,1,6.0,878
2,period,1325056,19320,freeway,space_invaders,2,7.0,878
2,period,1325056,19320,freeway,space_invaders,3,9.0,878
2,period,1325056,19320,freeway,space_invaders,4,5.0,878
2,period,1325056,19320,freeway,space_invaders,5,7.0,878
2,period,1325056,19320,freeway,space_invaders,6,9.0,878
2,period,1325056,19320,freeway,space_invaders,7,8.0,878
2,period,1325056,19320,freeway,space_invaders,8,6.0,878
2,period,1325056,19320,freeway,space_invaders,9,9.0,878
2,period,1325056,19320,freeway,space_invaders,10,8.0,878
2,period,1325056,19320,freeway,freeway,1,0.0,25000
2,period,1325056,19320,freeway,freeway,2,1.0,25000
2,period,1325056,19320,freeway,freeway,3,0.0,25000
2,period,1325056,19320,freeway,freeway,4,0.0,25000
2,period,1325056,19320,freeway,freeway,5,0.0,25000
2,period,1325056,19320,freeway,freeway,6,2.0,25000
2,period,1325056,19320,freeway,freeway,7,0.0,25000
2,period,1325056,19320,freeway,freeway,8,1.0,25000
2,period,1325056,19320,freeway,freeway,9,1.0,25000
2,period,1325056,19320,freeway,freeway,10,0.0,25000
2,period,1350144,19320,freeway,breakout,1,0.0,142
2,period,1350144,19320,freeway,breakout,2,1.0,142
2,period,1350144,19320,freeway,breakout,3,1.0,142
2,period,1350144,19320,freeway,breakout,4,0.0,142
2,period,1350144,19320,freeway,breakout,5,0.0,142
2,period,1350144,19320,freeway,breakout,6,1.0,142
2,period,1350144,19320,freeway,breakout,7,1.0,142
2,period,1350144,19320,freeway,breakout,8,1.0,142
2,period,1350144,19320,freeway,breakout,9,2.0,142
2,period,1350144,19320,freeway,breakout,10,1.0,142
2,period,1350144,19320,freeway,space_invaders,1,7.0,900
2,period,1350144,19320,freeway,space_invaders,2,9.0,900
2,period,1350144,19320,freeway,space_invaders,3,7.0,900
2,period,1350144,19320,freeway,space_invaders,4,13.0,900
2,period,1350144,19320,freeway,space_invaders,5,3.0,900
2,period,1350144,19320,freeway,space_invaders,6,8.0,900
2,period,1350144,19320,freeway,space_invaders,7,8.0,900
2,period,1350144,19320,freeway,space_invaders,8,8.0,900
2,period,1350144,19320,freeway,space_invaders,9,7.0,900
2,period,1350144,19320,freeway,space_invaders,10,8.0,900
2,period,1350144,19320,freeway,freeway,1,0.0,25000
2,period,1350144,19320,freeway,freeway,2,2.0,25000
2,period,1350144,19320,freeway,freeway,3,0.0,25000
2,period,1350144,19320,freeway,freeway,4,0.0,25000
2,period,1350144,19320,freeway,freeway,5,2.0,25000
2,period,1350144,19320,freeway,freeway,6,1.0,25000
2,period,1350144,19320,freeway,freeway,7,0.0,25000
2,period,1350144,19320,freeway,freeway,8,0.0,25000
2,period,1350144,19320,freeway,freeway,9,1.0,25000
2,period,1350144,19320,freeway,freeway,10,0.0,25000
2,period,1375232,19336,freeway,breakout,1,4.0,180
2,period,1375232,19336,freeway,breakout,2,0.0,180
2,period,1375232,19336,freeway,breakout,3,0.0,180
2,period,1375232,19336,freeway,breakout,4,0.0,180
2,period,1375232,19336,freeway,breakout,5,1.0,180
2,period,1375232,19336,freeway,breakout,6,0.0,180
2,period,1375232,19336,freeway,breakout,7,1.0,180
2,period,1375232,19336,freeway,breakout,8,0.0,180
2,period,1375232,19336,freeway,breakout,9,0.0,180
2,period,1375232,19336,freeway,breakout,10,5.0,180
2,period,1375232,19336,freeway,space_invaders,1,5.0,819
2,period,1375232,19336,freeway,space_invaders,2,8.0,819
2,period,1375232,19336,freeway,space_invaders,3,8.0,819
2,period,1375232,19336,freeway,space_invaders,4,9.0,819
2,period,1375232,19336,freeway,space_invaders,5,6.0,819
2,period,1375232,19336,freeway,space_invaders,6,7.0,819
2,period,1375232,19336,freeway,space_invaders,7,4.0,819
2,period,1375232,19336,freeway,space_invaders,8,6.0,819
2,period,1375232,19336,freeway,space_invaders,9,8.0,819
2,period,1375232,19336,freeway,space_invaders,10,5.0,819
2,period,1375232,19336,freeway,freeway,1,1.0,25000
2,period,1375232,19336,freeway,freeway,2,2.0,25000
2,period,1375232,19336,freeway,freeway,3,0.0,25000
2,period,1375232,19336,freeway,freeway,4,1.0,25000
2,period,1375232,19336,freeway,freeway,5,0.0,25000
2,period,1375232,19336,freeway,freeway,6,1.0,25000
2,period,1375232,19336,freeway,freeway,7,0.0,25000
2,period,1375232,19336,freeway,freeway,8,2.0,25000
2,period,1375232,19336,freeway,freeway,9,0.0,25000
2,period,1375232,19336,freeway,freeway,10,2.0,25000
2,period,1400064,19352,freeway,breakout,1,2.0,152
2,period,1400064,19352,freeway,breakout,2,3.0,152
2,period,1400064,19352,freeway,breakout,3,0.0,152
2,period,1400064,19352,freeway,breakout,4,1.0,152
2,period,1400064,19352,freeway,breakout,5,1.0,152
2,period,1400064,19352,freeway,breakout,6,1.0,152
2,period,1400064,19352,freeway,breakout,7,0.0,152
2,period,1400064,19352,freeway,breakout,8,0.0,152
2,period,1400064,19352,freeway,breakout,9,0.0,152
2,period,1400064,19352,freeway,breakout,10,1.0,152
2,period,1400064,19352,freeway,space_invaders,1,8.0,727
2,period,1400064,19352,freeway,space_invaders,2,6.0,727
2,period,1400064,19352,freeway,space_invaders,3,11.0,727
2,period,1400064,19352,freeway,space_invaders,4,6.0,727
2,period,1400064,19352,freeway,space_invaders,5,4.0,727
2,period,1400064,19352,freeway,space_invaders,6,8.0,727
2,period,1400064,19352,freeway,space_invaders,7,7.0,727
2,period,1400064,19352,freeway,space_invaders,8,7.0,727
2,period,1400064,19352,freeway,space_invaders,9,5.0,727
2,period,1400064,19352,freeway,space_invaders,10,6.0,727
2,period,1400064,19352,freeway,freeway,1,0.0,25000
2,period,1400064,19352,freeway,freeway,2,0.0,25000
2,period,1400064,19352,freeway,freeway,3,2.0,25000
2,period,1400064,19352,freeway,freeway,4,2.0,25000
2,period,1400064,19352,freeway,freeway,5,2.0,25000
2,period,1400064,19352,freeway,freeway,6,5.0,25000
2,period,1400064,19352,freeway,freeway,7,2.0,25000
2,period,1400064,19352,freeway,freeway,8,3.0,25000
2,period,1400064,19352,freeway,freeway,9,0.0,25000
2,period,1400064,19352,freeway,freeway,10,2.0,25000
2,period,1425152,19352,freeway,breakout,1,1.0,250
2,period,1425152,19352,freeway,breakout,2,1.0,250
2,period,1425152,19352,freeway,breakout,3,4.0,250
2,period,1425152,19352,freeway,breakout,4,1.0,250
2,period,1425152,19352,freeway,breakout,5,1.0,250
2,period,1425152,19352,freeway,breakout,6,0.0,250
2,period,1425152,19352,freeway,breakout,7,3.0,250
2,period,1425152,19352,freeway,breakout,8,1.0,250
2,period,1425152,19352,freeway,breakout,9,1.0,250
2,period,1425152,19352,freeway,breakout,10,5.0,250
2,period,1425152,19352,freeway,space_invaders,1,5.0,717
2,period,1425152,19352,freeway,space_invaders,2,6.0,717
2,period,1425152,19352,freeway,space_invaders,3,7.0,717
2,period,1425152,19352,freeway,space_invaders,4,6.0,717
2,period,1425152,19352,freeway,space_invaders,5,4.0,717
2,period,1425152,19352,freeway,space_invaders,6,4.0,717
2,period,1425152,19352,freeway,space_invaders,7,7.0,717
2,period,1425152,19352,freeway,space_invaders,8,8.0,717
2,period,1425152,19352,freeway,space_invaders,9,5.0,717
2,period,1425152,19352,freeway,space_invaders,10,8.0,717
2,period,1425152,19352,freeway,freeway,1,5.0,25000
2,period,1425152,19352,freeway,freeway,2,8.0,25000
2,period,1425152,19352,freeway,freeway,3,9.0,25000
2,period,1425152,19352,freeway,freeway,4,5.0,25000
2,period,1425152,19352,freeway,freeway,5,7.0,25000
2,period,1425152,19352,freeway,freeway,6,8.0,25000
2,period,1425152,19352,freeway,freeway,7,7.0,25000
2,period,1425152,19352,freeway,freeway,8,7.0,25000
2,period,1425152,19352,freeway,freeway,9,7.0,25000
2,period,1425152,19352,freeway,freeway,10,7.0,25000
2,period,1450240,19368,freeway,breakout,1,0.0,110
2,period,1450240,19368,freeway,breakout,2,1.0,110
2,period,1450240,19368,freeway,breakout,3,0.0,110
2,period,1450240,19368,freeway,breakout,4,1.0,110
2,period,1450240,19368,freeway,breakout,5,1.0,110
2,period,1450240,19368,freeway,breakout,6,0.0,110
2,period,1450240,19368,freeway,breakout,7,0.0,110
2,period,1450240,19368,freeway,breakout,8,0.0,110
2,period,1450240,19368,freeway,breakout,9,1.0,110
2,period,1450240,19368,freeway,breakout,10,1.0,110
2,period,1450240,19368,freeway,space_invaders,1,1.0,447
2,period,1450240,19368,freeway,space_invaders,2,2.0,447
2,period,1450240,19368,freeway,space_invaders,3,2.0,447
2,period,1450240,19368,freeway,space_invaders,4,2.0,447
2,period,1450240,19368,freeway,space_invaders,5,1.0,447
2,period,1450240,19368,freeway,space_invaders,6,1.0,447
2,period,1450240,19368,freeway,space_invaders,7,2.0,447
2,period,1450240,19368,freeway,space_invaders,8,3.0,447
2,period,1450240,19368,freeway,space_invaders,9,5.0,447
2,period,1450240,19368,freeway,space_invaders,10,1.0,447
2,period,1450240,19368,freeway,freeway,1,31.0,25000
2,period,1450240,19368,freeway,freeway,2,23.0,25000
2,period,1450240,19368,freeway,freeway,3,24.0,25000
2,period,1450240,19368,freeway,freeway,4,24.0,25000
2,period,1450240,19368,freeway,freeway,5,23.0,25000
2,period,1450240,19368,freeway,freeway,6,30.0,25000
2,period,1450240,19368,freeway,freeway,7,25.0,25000
2,period,1450240,19368,freeway,freeway,8,28.0,25000
2,period,1450240,19368,freeway,freeway,9,21.0,25000
2,period,1450240,19368,freeway,freeway,10,22.0,25000
2,period,1475072,19368,freeway,breakout,1,1.0,120
2,period,1475072,19368,freeway,breakout,2,0.0,120
2,period,1475072,19368,freeway,breakout,3,0.0,120
2,period,1475072,19368,freeway,breakout,4,1.0,120
2,period,1475072,19368,freeway,breakout,5,1.0,120
2,period,1475072,19368,freeway,breakout,6,1.0,120
2,period,1475072,19368,freeway,breakout,7,0.0,120
2,period,1475072,19368,freeway,breakout,8,0.0,120
2,period,1475072,19368,freeway,breakout,9,1.0,120
2,period,1475072,19368,freeway,breakout,10,1.0,120
2,period,1475072,19368,freeway,space_invaders,1,3.0,685
2,period,1475072,19368,freeway,space_invaders,2,7.0,685
2,period,1475072,19368,freeway,space_invaders,3,5.0,685
2,period,1475072,19368,freeway,space_invaders,4,2.0,685
2,period,1475072,19368,freeway,space_invaders,5,4.0,685
2,period,1475072,19368,freeway,space_invaders,6,3.0,685
2,period,1475072,19368,freeway,space_invaders,7,6.0,685
2,period,1475072,19368,freeway,space_invaders,8,4.0,685
2,period,1475072,19368,freeway,space_invaders,9,5.0,685
2,period,1475072,19368,freeway,space_invaders,10,4.0,685
2,period,1475072,19368,freeway,freeway,1,21.0,25000
2,period,1475072,19368,freeway,freeway,2,23.0,25000
2,period,1475072,19368,freeway,freeway,3,28.0,25000
2,period,1475072,19368,freeway,freeway,4,25.0,25000
2,period,1475072,19368,freeway,freeway,5,23.0,25000
2,period,1475072,19368,freeway,freeway,6,21.0,25000
2,period,1475072,19368,freeway,freeway,7,24.0,25000
2,period,1475072,19368,freeway,freeway,8,26.0,25000
2,period,1475072,19368,freeway,freeway,9,22.0,25000
2,period,1475072,19368,freeway,freeway,10,24.0,25000
3,boundary,1999872,28868,breakout,breakout,1,6.0,556
3,boundary,1999872,28868,breakout,breakout,2,5.0,556
3,boundary,1999872,28868,breakout,breakout,3,5.0,556
3,boundary,1999872,28868,breakout,breakout,4,1.0,556
3,boundary,1999872,28868,breakout,breakout,5,2.0,556
3,boundary,1999872,28868,breakout,breakout,6,6.0,556
3,boundary,1999872,28868,breakout,breakout,7,6.0,556
3,boundary,1999872,28868,breakout,breakout,8,5.0,556
3,boundary,1999872,28868,breakout,breakout,9,5.0,556
3,boundary,1999872,28868,breakout,breakout,10,5.0,556
3,boundary,1999872,28868,breakout,space_invaders,1,4.0,949
3,boundary,1999872,28868,breakout,space_invaders,2,5.0,949
3,boundary,1999872,28868,breakout,space_invaders,3,4.0,949
3,boundary,1999872,28868,breakout,space_invaders,4,6.0,949
3,boundary,1999872,28868,breakout,space_invaders,5,2.0,949
3,boundary,1999872,28868,breakout,space_invaders,6,5.0,949
3,boundary,1999872,28868,breakout,space_invaders,7,6.0,949
3,boundary,1999872,28868,breakout,space_invaders,8,4.0,949
3,boundary,1999872,28868,breakout,space_invaders,9,2.0,949
3,boundary,1999872,28868,breakout,space_invaders,10,3.0,949
3,boundary,1999872,28868,breakout,freeway,1,7.0,25000
3,boundary,1999872,28868,breakout,freeway,2,24.0,25000
3,boundary,1999872,28868,breakout,freeway,3,28.0,25000
3,boundary,1999872,28868,breakout,freeway,4,8.0,25000
3,boundary,1999872,28868,breakout,freeway,5,8.0,25000
3,boundary,1999872,28868,breakout,freeway,6,28.0,25000
3,boundary,1999872,28868,breakout,freeway,7,24.0,25000
3,boundary,1999872,28868,breakout,freeway,8,22.0,25000
3,boundary,1999872,28868,breakout,freeway,9,28.0,25000
3,boundary,1999872,28868,breakout,freeway,10,15.0,25000
3,period,1500160,19403,breakout,breakout,1,0.0,100
3,period,1500160,19403,breakout,breakout,2,1.0,100
3,period,1500160,19403,breakout,breakout,3,1.0,100
3,period,1500160,19403,breakout,breakout,4,2.0,100
3,period,1500160,19403,breakout,breakout,5,0.0,100
3,period,1500160,19403,breakout,breakout,6,0.0,100
3,period,1500160,19403,breakout,breakout,7,0.0,100
3,period,1500160,19403,breakout,breakout,8,0.0,100
3,period,1500160,19403,breakout,breakout,9,0.0,100
3,period,1500160,19403,breakout,breakout,10,0.0,100
3,period,1500160,19403,breakout,space_invaders,1,4.0,435
3,period,1500160,19403,breakout,space_invaders,2,2.0,435
3,period,1500160,19403,breakout,space_invaders,3,4.0,435
3,period,1500160,19403,breakout,space_invaders,4,4.0,435
3,period,1500160,19403,breakout,space_invaders,5,2.0,435
3,period,1500160,19403,breakout,space_invaders,6,2.0,435
3,period,1500160,19403,breakout,space_invaders,7,5.0,435
3,period,1500160,19403,breakout,space_invaders,8,3.0,435
3,period,1500160,19403,breakout,space_invaders,9,2.0,435
3,period,1500160,19403,breakout,space_invaders,10,2.0,435
3,period,1500160,19403,breakout,freeway,1,30.0,25000
3,period,1500160,19403,breakout,freeway,2,24.0,25000
3,period,1500160,19403,breakout,freeway,3,27.0,25000
3,period,1500160,19403,breakout,freeway,4,31.0,25000
3,period,1500160,19403,breakout,freeway,5,25.0,25000
3,period,1500160,19403,breakout,freeway,6,29.0,25000
3,period,1500160,19403,breakout,freeway,7,24.0,25000
3,period,1500160,19403,breakout,freeway,8,20.0,25000
3,period,1500160,19403,breakout,freeway,9,36.0,25000
3,period,1500160,19403,breakout,freeway,10,32.0,25000
3,period,1525248,20122,breakout,breakout,1,6.0,478
3,period,1525248,20122,breakout,breakout,2,1.0,478
3,period,1525248,20122,breakout,breakout,3,3.0,478
3,period,1525248,20122,breakout,breakout,4,5.0,478
3,period,1525248,20122,breakout,breakout,5,5.0,478
3,period,1525248,20122,breakout,breakout,6,2.0,478
3,period,1525248,20122,breakout,breakout,7,6.0,478
3,period,1525248,20122,breakout,breakout,8,6.0,478
3,period,1525248,20122,breakout,breakout,9,4.0,478
3,period,1525248,20122,breakout,breakout,10,1.0,478
3,period,1525248,20122,breakout,space_invaders,1,6.0,791
3,period,1525248,20122,breakout,space_invaders,2,7.0,791
3,period,1525248,20122,breakout,space_invaders,3,6.0,791
3,period,1525248,20122,breakout,space_invaders,4,6.0,791
3,period,1525248,20122,breakout,space_invaders,5,3.0,791
3,period,1525248,20122,breakout,space_invaders,6,7.0,791
3,period,1525248,20122,breakout,space_invaders,7,5.0,791
3,period,1525248,20122,breakout,space_invaders,8,4.0,791
3,period,1525248,20122,breakout,space_invaders,9,3.0,791
3,period,1525248,20122,breakout,space_invaders,10,7.0,791
3,period,1525248,20122,breakout,freeway,1,19.0,25000
3,period,1525248,20122,breakout,freeway,2,23.0,25000
3,period,1525248,20122,breakout,freeway,3,27.0,25000
3,period,1525248,20122,breakout,freeway,4,10.0,25000
3,period,1525248,20122,breakout,freeway,5,32.0,25000
3,period,1525248,20122,breakout,freeway,6,24.0,25000
3,period,1525248,20122,breakout,freeway,7,27.0,25000
3,period,1525248,20122,breakout,freeway,8,21.0,25000
3,period,1525248,20122,breakout,freeway,9,22.0,25000
3,period,1525248,20122,breakout,freeway,10,15.0,25000
3,period,1550080,20624,breakout,breakout,1,6.0,536
3,period,1550080,20624,breakout,breakout,2,5.0,536
3,period,1550080,20624,breakout,breakout,3,5.0,536
3,period,1550080,20624,breakout,breakout,4,5.0,536
3,period,1550080,20624,breakout,breakout,5,5.0,536
3,period,1550080,20624,breakout,breakout,6,5.0,536
3,period,1550080,20624,breakout,breakout,7,3.0,536
3,period,1550080,20624,breakout,breakout,8,5.0,536
3,period,1550080,20624,breakout,breakout,9,3.0,536
3,period,1550080,20624,breakout,breakout,10,2.0,536
3,period,1550080,20624,breakout,space_invaders,1,4.0,735
3,period,1550080,20624,breakout,space_invaders,2,2.0,735
3,period,1550080,20624,breakout,space_invaders,3,7.0,735
3,period,1550080,20624,breakout,space_invaders,4,3.0,735
3,period,1550080,20624,breakout,space_invaders,5,5.0,735
3,period,1550080,20624,breakout,space_invaders,6,6.0,735
3,period,1550080,20624,breakout,space_invaders,7,6.0,735
3,period,1550080,20624,breakout,space_invaders,8,5.0,735
3,period,1550080,20624,breakout,space_invaders,9,6.0,735
3,period,1550080,20624,breakout,space_invaders,10,5.0,735
3,period,1550080,20624,breakout,freeway,1,28.0,25000
3,period,1550080,20624,breakout,freeway,2,27.0,25000
3,period,1550080,20624,breakout,freeway,3,22.0,25000
3,period,1550080,20624,breakout,freeway,4,24.0,25000
3,period,1550080,20624,breakout,freeway,5,35.0,25000
3,period,1550080,20624,breakout,freeway,6,17.0,25000
3,period,1550080,20624,breakout,freeway,7,23.0,25000
3,period,1550080,20624,breakout,freeway,8,21.0,25000
3,period,1550080,20624,breakout,freeway,9,21.0,25000
3,period,1550080,20624,breakout,freeway,10,24.0,25000
3,period,1575168,21113,breakout,breakout,1,3.0,530
3,period,1575168,21113,breakout,breakout,2,5.0,530
3,period,1575168,21113,breakout,breakout,3,6.0,530
3,period,1575168,21113,breakout,breakout,4,5.0,530
3,period,1575168,21113,breakout,breakout,5,6.0,530
3,period,1575168,21113,breakout,breakout,6,2.0,530
3,period,1575168,21113,breakout,breakout,7,4.0,530
3,period,1575168,21113,breakout,breakout,8,6.0,530
3,period,1575168,21113,breakout,breakout,9,6.0,530
3,period,1575168,21113,breakout,breakout,10,1.0,530
3,period,1575168,21113,breakout,space_invaders,1,2.0,947
3,period,1575168,21113,breakout,space_invaders,2,7.0,947
3,period,1575168,21113,breakout,space_invaders,3,7.0,947
3,period,1575168,21113,breakout,space_invaders,4,7.0,947
3,period,1575168,21113,breakout,space_invaders,5,8.0,947
3,period,1575168,21113,breakout,space_invaders,6,5.0,947
3,period,1575168,21113,breakout,space_invaders,7,6.0,947
3,period,1575168,21113,breakout,space_invaders,8,3.0,947
3,period,1575168,21113,breakout,space_invaders,9,4.0,947
3,period,1575168,21113,breakout,space_invaders,10,5.0,947
3,period,1575168,21113,breakout,freeway,1,16.0,25000
3,period,1575168,21113,breakout,freeway,2,28.0,25000
3,period,1575168,21113,breakout,freeway,3,23.0,25000
3,period,1575168,21113,breakout,freeway,4,21.0,25000
3,period,1575168,21113,breakout,freeway,5,20.0,25000
3,period,1575168,21113,breakout,freeway,6,25.0,25000
3,period,1575168,21113,breakout,freeway,7,26.0,25000
3,period,1575168,21113,breakout,freeway,8,26.0,25000
3,period,1575168,21113,breakout,freeway,9,23.0,25000
3,period,1575168,21113,breakout,freeway,10,21.0,25000
3,period,1600000,21602,breakout,breakout,1,5.0,550
3,period,1600000,21602,breakout,breakout,2,1.0,550
3,period,1600000,21602,breakout,breakout,3,4.0,550
3,period,1600000,21602,breakout,breakout,4,6.0,550
3,period,1600000,21602,breakout,breakout,5,6.0,550
3,period,1600000,21602,breakout,breakout,6,5.0,550
3,period,1600000,21602,breakout,breakout,7,5.0,550
3,period,1600000,21602,breakout,breakout,8,6.0,550
3,period,1600000,21602,breakout,breakout,9,6.0,550
3,period,1600000,21602,breakout,breakout,10,2.0,550
3,period,1600000,21602,breakout,space_invaders,1,5.0,761
3,period,1600000,21602,breakout,space_invaders,2,3.0,761
3,period,1600000,21602,breakout,space_invaders,3,2.0,761
3,period,1600000,21602,breakout,space_invaders,4,4.0,761
3,period,1600000,21602,breakout,space_invaders,5,5.0,761
3,period,1600000,21602,breakout,space_invaders,6,5.0,761
3,period,1600000,21602,breakout,space_invaders,7,2.0,761
3,period,1600000,21602,breakout,space_invaders,8,2.0,761
3,period,1600000,21602,breakout,space_invaders,9,3.0,761
3,period,1600000,21602,breakout,space_invaders,10,5.0,761
3,period,1600000,21602,breakout,freeway,1,24.0,25000
3,period,1600000,21602,breakout,freeway,2,24.0,25000
3,period,1600000,21602,breakout,freeway,3,19.0,25000
3,period,1600000,21602,breakout,freeway,4,29.0,25000
3,period,1600000,21602,breakout,freeway,5,25.0,25000
3,period,1600000,21602,breakout,freeway,6,30.0,25000
3,period,1600000,21602,breakout,freeway,7,29.0,25000
3,period,1600000,21602,breakout,freeway,8,30.0,25000
3,period,1600000,21602,breakout,freeway,9,18.0,25000
3,period,1600000,21602,breakout,freeway,10,26.0,25000
3,period,1625088,22071,breakout,breakout,1,6.0,594
3,period,1625088,22071,breakout,breakout,2,6.0,594
3,period,1625088,22071,breakout,breakout,3,6.0,594
3,period,1625088,22071,breakout,breakout,4,6.0,594
3,period,1625088,22071,breakout,breakout,5,6.0,594
3,period,1625088,22071,breakout,breakout,6,6.0,594
3,period,1625088,22071,breakout,breakout,7,5.0,594
3,period,1625088,22071,breakout,breakout,8,4.0,594
3,period,1625088,22071,breakout,breakout,9,5.0,594
3,period,1625088,22071,breakout,breakout,10,0.0,594
3,period,1625088,22071,breakout,space_invaders,1,3.0,621
3,period,1625088,22071,breakout,space_invaders,2,6.0,621
3,period,1625088,22071,breakout,space_invaders,3,4.0,621
3,period,1625088,22071,breakout,space_invaders,4,3.0,621
3,period,1625088,22071,breakout,space_invaders,5,5.0,621
3,period,1625088,22071,breakout,space_invaders,6,4.0,621
3,period,1625088,22071,breakout,space_invaders,7,4.0,621
3,period,1625088,22071,breakout,space_invaders,8,2.0,621
3,period,1625088,22071,breakout,space_invaders,9,2.0,621
3,period,1625088,22071,breakout,space_invaders,10,5.0,621
3,period,1625088,22071,breakout,freeway,1,29.0,25000
3,period,1625088,22071,breakout,freeway,2,23.0,25000
3,period,1625088,22071,breakout,freeway,3,27.0,25000
3,period,1625088,22071,breakout,freeway,4,29.0,25000
3,period,1625088,22071,breakout,freeway,5,20.0,25000
3,period,1625088,22071,breakout,freeway,6,29.0,25000
3,period,1625088,22071,breakout,freeway,7,27.0,25000
3,period,1625088,22071,breakout,freeway,8,21.0,25000
3,period,1625088,22071,breakout,freeway,9,28.0,25000
3,period,1625088,22071,breakout,freeway,10,24.0,25000
3,period,1650176,22530,breakout,breakout,1,5.0,522
3,period,1650176,22530,breakout,breakout,2,5.0,522
3,period,1650176,22530,breakout,breakout,3,5.0,522
3,period,1650176,22530,breakout,breakout,4,5.0,522
3,period,1650176,22530,breakout,breakout,5,6.0,522
3,period,1650176,22530,breakout,breakout,6,3.0,522
3,period,1650176,22530,breakout,breakout,7,5.0,522
3,period,1650176,22530,breakout,breakout,8,1.0,522
3,period,1650176,22530,breakout,breakout,9,6.0,522
3,period,1650176,22530,breakout,breakout,10,2.0,522
3,period,1650176,22530,breakout,space_invaders,1,5.0,793
3,period,1650176,22530,breakout,space_invaders,2,3.0,793
3,period,1650176,22530,breakout,space_invaders,3,4.0,793
3,period,1650176,22530,breakout,space_invaders,4,4.0,793
3,period,1650176,22530,breakout,space_invaders,5,5.0,793
3,period,1650176,22530,breakout,space_invaders,6,6.0,793
3,period,1650176,22530,breakout,space_invaders,7,5.0,793
3,period,1650176,22530,breakout,space_invaders,8,5.0,793
3,period,1650176,22530,breakout,space_invaders,9,4.0,793
3,period,1650176,22530,breakout,space_invaders,10,5.0,793
3,period,1650176,22530,breakout,freeway,1,18.0,25000
3,period,1650176,22530,breakout,freeway,2,25.0,25000
3,period,1650176,22530,breakout,freeway,3,21.0,25000
3,period,1650176,22530,breakout,freeway,4,23.0,25000
3,period,1650176,22530,breakout,freeway,5,19.0,25000
3,period,1650176,22530,breakout,freeway,6,22.0,25000
3,period,1650176,22530,breakout,freeway,7,18.0,25000
3,period,1650176,22530,breakout,freeway,8,29.0,25000
3,period,1650176,22530,breakout,freeway,9,21.0,25000
3,period,1650176,22530,breakout,freeway,10,29.0,25000
3,period,1675008,22986,breakout,breakout,1,6.0,616
3,period,1675008,22986,breakout,breakout,2,5.0,616
3,period,1675008,22986,breakout,breakout,3,6.0,616
3,period,1675008,22986,breakout,breakout,4,6.0,616
3,period,1675008,22986,breakout,breakout,5,6.0,616
3,period,1675008,22986,breakout,breakout,6,6.0,616
3,period,1675008,22986,breakout,breakout,7,5.0,616
3,period,1675008,22986,breakout,breakout,8,5.0,616
3,period,1675008,22986,breakout,breakout,9,5.0,616
3,period,1675008,22986,breakout,breakout,10,2.0,616
3,period,1675008,22986,breakout,space_invaders,1,4.0,730
3,period,1675008,22986,breakout,space_invaders,2,3.0,730
3,period,1675008,22986,breakout,space_invaders,3,3.0,730
3,period,1675008,22986,breakout,space_invaders,4,1.0,730
3,period,1675008,22986,breakout,space_invaders,5,2.0,730
3,period,1675008,22986,breakout,space_invaders,6,2.0,730
3,period,1675008,22986,breakout,space_invaders,7,4.0,730
3,period,1675008,22986,breakout,space_invaders,8,3.0,730
3,period,1675008,22986,breakout,space_invaders,9,6.0,730
3,period,1675008,22986,breakout,space_invaders,10,5.0,730
3,period,1675008,22986,breakout,freeway,1,22.0,25000
3,period,1675008,22986,breakout,freeway,2,21.0,25000
3,period,1675008,22986,breakout,freeway,3,27.0,25000
3,period,1675008,22986,breakout,freeway,4,23.0,25000
3,period,1675008,22986,breakout,freeway,5,25.0,25000
3,period,1675008,22986,breakout,freeway,6,19.0,25000
3,period,1675008,22986,breakout,freeway,7,27.0,25000
3,period,1675008,22986,breakout,freeway,8,17.0,25000
3,period,1675008,22986,breakout,freeway,9,20.0,25000
3,period,1675008,22986,breakout,freeway,10,26.0,25000
3,period,1700096,23435,breakout,breakout,1,3.0,478
3,period,1700096,23435,breakout,breakout,2,6.0,478
3,period,1700096,23435,breakout,breakout,3,5.0,478
3,period,1700096,23435,breakout,breakout,4,1.0,478
3,period,1700096,23435,breakout,breakout,5,2.0,478
3,period,1700096,23435,breakout,breakout,6,6.0,478
3,period,1700096,23435,breakout,breakout,7,3.0,478
3,period,1700096,23435,breakout,breakout,8,5.0,478
3,period,1700096,23435,breakout,breakout,9,5.0,478
3,period,1700096,23435,breakout,breakout,10,3.0,478
3,period,1700096,23435,breakout,space_invaders,1,6.0,948
3,period,1700096,23435,breakout,space_invaders,2,3.0,948
3,period,1700096,23435,breakout,space_invaders,3,3.0,948
3,period,1700096,23435,breakout,space_invaders,4,4.0,948
3,period,1700096,23435,breakout,space_invaders,5,4.0,948
3,period,1700096,23435,breakout,space_invaders,6,4.0,948
3,period,1700096,23435,breakout,space_invaders,7,7.0,948
3,period,1700096,23435,breakout,space_invaders,8,4.0,948
3,period,1700096,23435,breakout,space_invaders,9,4.0,948
3,period,1700096,23435,breakout,space_invaders,10,4.0,948
3,period,1700096,23435,breakout,freeway,1,17.0,25000
3,period,1700096,23435,breakout,freeway,2,27.0,25000
3,period,1700096,23435,breakout,freeway,3,18.0,25000
3,period,1700096,23435,breakout,freeway,4,20.0,25000
3,period,1700096,23435,breakout,freeway,5,23.0,25000
3,period,1700096,23435,breakout,freeway,6,11.0,25000
3,period,1700096,23435,breakout,freeway,7,18.0,25000
3,period,1700096,23435,breakout,freeway,8,20.0,25000
3,period,1700096,23435,breakout,freeway,9,29.0,25000
3,period,1700096,23435,breakout,freeway,10,26.0,25000
3,period,1725184,23885,breakout,breakout,1,5.0,530
3,period,1725184,23885,breakout,breakout,2,5.0,530
3,period,1725184,23885,breakout,breakout,3,6.0,530
3,period,1725184,23885,breakout,breakout,4,5.0,530
3,period,1725184,23885,breakout,breakout,5,2.0,530
3,period,1725184,23885,breakout,breakout,6,5.0,530
3,period,1725184,23885,breakout,breakout,7,4.0,530
3,period,1725184,23885,breakout,breakout,8,5.0,530
3,period,1725184,23885,breakout,breakout,9,2.0,530
3,period,1725184,23885,breakout,breakout,10,5.0,530
3,period,1725184,23885,breakout,space_invaders,1,6.0,732
3,period,1725184,23885,breakout,space_invaders,2,6.0,732
3,period,1725184,23885,breakout,space_invaders,3,2.0,732
3,period,1725184,23885,breakout,space_invaders,4,7.0,732
3,period,1725184,23885,breakout,space_invaders,5,3.0,732
3,period,1725184,23885,breakout,space_invaders,6,6.0,732
3,period,1725184,23885,breakout,space_invaders,7,2.0,732
3,period,1725184,23885,breakout,space_invaders,8,5.0,732
3,period,1725184,23885,breakout,space_invaders,9,4.0,732
3,period,1725184,23885,breakout,space_invaders,10,4.0,732
3,period,1725184,23885,breakout,freeway,1,26.0,25000
3,period,1725184,23885,breakout,freeway,2,24.0,25000
3,period,1725184,23885,breakout,freeway,3,23.0,25000
3,period,1725184,23885,breakout,freeway,4,23.0,25000
3,period,1725184,23885,breakout,freeway,5,17.0,25000
3,period,1725184,23885,breakout,freeway,6,16.0,25000
3,period,1725184,23885,breakout,freeway,7,28.0,25000
3,period,1725184,23885,breakout,freeway,8,25.0,25000
3,period,1725184,23885,breakout,freeway,9,14.0,25000
3,period,1725184,23885,breakout,freeway,10,18.0,25000
3,period,1750016,24330,breakout,breakout,1,5.0,568
3,period,1750016,24330,breakout,breakout,2,5.0,568
3,period,1750016,24330,breakout,breakout,3,5.0,568
3,period,1750016,24330,breakout,breakout,4,3.0,568
3,period,1750016,24330,breakout,breakout,5,6.0,568
3,period,1750016,24330,breakout,breakout,6,5.0,568
3,period,1750016,24330,breakout,breakout,7,2.0,568
3,period,1750016,24330,breakout,breakout,8,6.0,568
3,period,1750016,24330,breakout,breakout,9,4.0,568
3,period,1750016,24330,breakout,breakout,10,6.0,568
3,period,1750016,24330,breakout,space_invaders,1,5.0,900
3,period,1750016,24330,breakout,space_invaders,2,4.0,900
3,period,1750016,24330,breakout,space_invaders,3,3.0,900
3,period,1750016,24330,breakout,space_invaders,4,6.0,900
3,period,1750016,24330,breakout,space_invaders,5,4.0,900
3,period,1750016,24330,breakout,space_invaders,6,2.0,900
3,period,1750016,24330,breakout,space_invaders,7,4.0,900
3,period,1750016,24330,breakout,space_invaders,8,4.0,900
3,period,1750016,24330,breakout,space_invaders,9,4.0,900
3,period,1750016,24330,breakout,space_invaders,10,4.0,900
3,period,1750016,24330,breakout,freeway,1,22.0,25000
3,period,1750016,24330,breakout,freeway,2,25.0,25000
3,period,1750016,24330,breakout,freeway,3,27.0,25000
3,period,1750016,24330,breakout,freeway,4,19.0,25000
3,period,1750016,24330,breakout,freeway,5,21.0,25000
3,period,1750016,24330,breakout,freeway,6,24.0,25000
3,period,1750016,24330,breakout,freeway,7,24.0,25000
3,period,1750016,24330,breakout,freeway,8,33.0,25000
3,period,1750016,24330,breakout,freeway,9,19.0,25000
3,period,1750016,24330,breakout,freeway,10,13.0,25000
3,period,1775104,24791,breakout,breakout,1,6.0,574
3,period,1775104,24791,breakout,breakout,2,5.0,574
3,period,1775104,24791,breakout,breakout,3,1.0,574
3,period,1775104,24791,breakout,breakout,4,6.0,574
3,period,1775104,24791,breakout,breakout,5,3.0,574
3,period,1775104,24791,breakout,breakout,6,6.0,574
3,period,1775104,24791,breakout,breakout,7,5.0,574
3,period,1775104,24791,breakout,breakout,8,6.0,574
3,period,1775104,24791,breakout,breakout,9,5.0,574
3,period,1775104,24791,breakout,breakout,10,5.0,574
3,period,1775104,24791,breakout,space_invaders,1,5.0,782
3,period,1775104,24791,breakout,space_invaders,2,6.0,782
3,period,1775104,24791,breakout,space_invaders,3,3.0,782
3,period,1775104,24791,breakout,space_invaders,4,2.0,782
3,period,1775104,24791,breakout,space_invaders,5,3.0,782
3,period,1775104,24791,breakout,space_invaders,6,5.0,782
3,period,1775104,24791,breakout,space_invaders,7,3.0,782
3,period,1775104,24791,breakout,space_invaders,8,5.0,782
3,period,1775104,24791,breakout,space_invaders,9,4.0,782
3,period,1775104,24791,breakout,space_invaders,10,4.0,782
3,period,1775104,24791,breakout,freeway,1,26.0,25000
3,period,1775104,24791,breakout,freeway,2,10.0,25000
3,period,1775104,24791,breakout,freeway,3,21.0,25000
3,period,1775104,24791,breakout,freeway,4,18.0,25000
3,period,1775104,24791,breakout,freeway,5,17.0,25000
3,period,1775104,24791,breakout,freeway,6,18.0,25000
3,period,1775104,24791,breakout,freeway,7,21.0,25000
3,period,1775104,24791,breakout,freeway,8,22.0,25000
3,period,1775104,24791,breakout,freeway,9,19.0,25000
3,period,1775104,24791,breakout,freeway,10,18.0,25000
3,period,1800192,25250,breakout,breakout,1,6.0,588
3,period,1800192,25250,breakout,breakout,2,5.0,588
3,period,1800192,25250,breakout,breakout,3,5.0,588
3,period,1800192,25250,breakout,breakout,4,5.0,588
3,period,1800192,25250,breakout,breakout,5,5.0,588
3,period,1800192,25250,breakout,breakout,6,5.0,588
3,period,1800192,25250,breakout,breakout,7,2.0,588
3,period,1800192,25250,breakout,breakout,8,5.0,588
3,period,1800192,25250,breakout,breakout,9,5.0,588
3,period,1800192,25250,breakout,breakout,10,6.0,588
3,period,1800192,25250,breakout,space_invaders,1,5.0,1086
3,period,1800192,25250,breakout,space_invaders,2,6.0,1086
3,period,1800192,25250,breakout,space_invaders,3,7.0,1086
3,period,1800192,25250,breakout,space_invaders,4,4.0,1086
3,period,1800192,25250,breakout,space_invaders,5,5.0,1086
3,period,1800192,25250,breakout,space_invaders,6,3.0,1086
3,period,1800192,25250,breakout,space_invaders,7,6.0,1086
3,period,1800192,25250,breakout,space_invaders,8,5.0,1086
3,period,1800192,25250,breakout,space_invaders,9,5.0,1086
3,period,1800192,25250,breakout,space_invaders,10,5.0,1086
3,period,1800192,25250,breakout,freeway,1,25.0,25000
3,period,1800192,25250,breakout,freeway,2,21.0,25000
3,period,1800192,25250,breakout,freeway,3,30.0,25000
3,period,1800192,25250,breakout,freeway,4,30.0,25000
3,period,1800192,25250,breakout,freeway,5,24.0,25000
3,period,1800192,25250,breakout,freeway,6,18.0,25000
3,period,1800192,25250,breakout,freeway,7,26.0,25000
3,period,1800192,25250,breakout,freeway,8,25.0,25000
3,period,1800192,25250,breakout,freeway,9,27.0,25000
3,period,1800192,25250,breakout,freeway,10,17.0,25000
3,period,1825024,25701,breakout,breakout,1,6.0,478
3,period,1825024,25701,breakout,breakout,2,5.0,478
3,period,1825024,25701,breakout,breakout,3,6.0,478
3,period,1825024,25701,breakout,breakout,4,2.0,478
3,period,1825024,25701,breakout,breakout,5,4.0,478
3,period,1825024,25701,breakout,breakout,6,5.0,478
3,period,1825024,25701,breakout,breakout,7,2.0,478
3,period,1825024,25701,breakout,breakout,8,6.0,478
3,period,1825024,25701,breakout,breakout,9,3.0,478
3,period,1825024,25701,breakout,breakout,10,0.0,478
3,period,1825024,25701,breakout,space_invaders,1,2.0,704
3,period,1825024,25701,breakout,space_invaders,2,5.0,704
3,period,1825024,25701,breakout,space_invaders,3,3.0,704
3,period,1825024,25701,breakout,space_invaders,4,4.0,704
3,period,1825024,25701,breakout,space_invaders,5,4.0,704
3,period,1825024,25701,breakout,space_invaders,6,6.0,704
3,period,1825024,25701,breakout,space_invaders,7,3.0,704
3,period,1825024,25701,breakout,space_invaders,8,3.0,704
3,period,1825024,25701,breakout,space_invaders,9,3.0,704
3,period,1825024,25701,breakout,space_invaders,10,3.0,704
3,period,1825024,25701,breakout,freeway,1,22.0,25000
3,period,1825024,25701,breakout,freeway,2,27.0,25000
3,period,1825024,25701,breakout,freeway,3,17.0,25000
3,period,1825024,25701,breakout,freeway,4,28.0,25000
3,period,1825024,25701,breakout,freeway,5,25.0,25000
3,period,1825024,25701,breakout,freeway,6,25.0,25000
3,period,1825024,25701,breakout,freeway,7,18.0,25000
3,period,1825024,25701,breakout,freeway,8,19.0,25000
3,period,1825024,25701,breakout,freeway,9,23.0,25000
3,period,1825024,25701,breakout,freeway,10,27.0,25000
3,period,1850112,26164,breakout,breakout,1,4.0,608
3,period,1850112,26164,breakout,breakout,2,5.0,608
3,period,1850112,26164,breakout,breakout,3,5.0,608
3,period,1850112,26164,breakout,breakout,4,6.0,608
3,period,1850112,26164,breakout,breakout,5,6.0,608
3,period,1850112,26164,breakout,breakout,6,5.0,608
3,period,1850112,26164,breakout,breakout,7,5.0,608
3,period,1850112,26164,breakout,breakout,8,4.0,608
3,period,1850112,26164,breakout,breakout,9,5.0,608
3,period,1850112,26164,breakout,breakout,10,6.0,608
3,period,1850112,26164,breakout,space_invaders,1,5.0,1019
3,period,1850112,26164,breakout,space_invaders,2,4.0,1019
3,period,1850112,26164,breakout,space_invaders,3,4.0,1019
3,period,1850112,26164,breakout,space_invaders,4,5.0,1019
3,period,1850112,26164,breakout,space_invaders,5,2.0,1019
3,period,1850112,26164,breakout,space_invaders,6,4.0,1019
3,period,1850112,26164,breakout,space_invaders,7,3.0,1019
3,period,1850112,26164,breakout,space_invaders,8,6.0,1019
3,period,1850112,26164,breakout,space_invaders,9,3.0,1019
3,period,1850112,26164,breakout,space_invaders,10,3.0,1019
3,period,1850112,26164,breakout,freeway,1,23.0,25000
3,period,1850112,26164,breakout,freeway,2,20.0,25000
3,period,1850112,26164,breakout,freeway,3,25.0,25000
3,period,1850112,26164,breakout,freeway,4,18.0,25000
3,period,1850112,26164,breakout,freeway,5,15.0,25000
3,period,1850112,26164,breakout,freeway,6,22.0,25000
3,period,1850112,26164,breakout,freeway,7,20.0,25000
3,period,1850112,26164,breakout,freeway,8,16.0,25000
3,period,1850112,26164,breakout,freeway,9,22.0,25000
3,period,1850112,26164,breakout,freeway,10,18.0,25000
3,period,1875200,26609,breakout,breakout,1,6.0,596
3,period,1875200,26609,breakout,breakout,2,5.0,596
3,period,1875200,26609,breakout,breakout,3,6.0,596
3,period,1875200,26609,breakout,breakout,4,3.0,596
3,period,1875200,26609,breakout,breakout,5,5.0,596
3,period,1875200,26609,breakout,breakout,6,6.0,596
3,period,1875200,26609,breakout,breakout,7,6.0,596
3,period,1875200,26609,breakout,breakout,8,4.0,596
3,period,1875200,26609,breakout,breakout,9,6.0,596
3,period,1875200,26609,breakout,breakout,10,3.0,596
3,period,1875200,26609,breakout,space_invaders,1,4.0,939
3,period,1875200,26609,breakout,space_invaders,2,6.0,939
3,period,1875200,26609,breakout,space_invaders,3,7.0,939
3,period,1875200,26609,breakout,space_invaders,4,4.0,939
3,period,1875200,26609,breakout,space_invaders,5,5.0,939
3,period,1875200,26609,breakout,space_invaders,6,6.0,939
3,period,1875200,26609,breakout,space_invaders,7,5.0,939
3,period,1875200,26609,breakout,space_invaders,8,8.0,939
3,period,1875200,26609,breakout,space_invaders,9,4.0,939
3,period,1875200,26609,breakout,space_invaders,10,4.0,939
3,period,1875200,26609,breakout,freeway,1,17.0,25000
3,period,1875200,26609,breakout,freeway,2,21.0,25000
3,period,1875200,26609,breakout,freeway,3,14.0,25000
3,period,1875200,26609,breakout,freeway,4,20.0,25000
3,period,1875200,26609,breakout,freeway,5,24.0,25000
3,period,1875200,26609,breakout,freeway,6,27.0,25000
3,period,1875200,26609,breakout,freeway,7,23.0,25000
3,period,1875200,26609,breakout,freeway,8,17.0,25000
3,period,1875200,26609,breakout,freeway,9,24.0,25000
3,period,1875200,26609,breakout,freeway,10,14.0,25000
3,period,1900032,27067,breakout,breakout,1,6.0,660
3,period,1900032,27067,breakout,breakout,2,5.0,660
3,period,1900032,27067,breakout,breakout,3,6.0,660
3,period,1900032,27067,breakout,breakout,4,6.0,660
3,period,1900032,27067,breakout,breakout,5,5.0,660
3,period,1900032,27067,breakout,breakout,6,6.0,660
3,period,1900032,27067,breakout,breakout,7,5.0,660
3,period,1900032,27067,breakout,breakout,8,5.0,660
3,period,1900032,27067,breakout,breakout,9,6.0,660
3,period,1900032,27067,breakout,breakout,10,6.0,660
3,period,1900032,27067,breakout,space_invaders,1,4.0,556
3,period,1900032,27067,breakout,space_invaders,2,2.0,556
3,period,1900032,27067,breakout,space_invaders,3,3.0,556
3,period,1900032,27067,breakout,space_invaders,4,3.0,556
3,period,1900032,27067,breakout,space_invaders,5,5.0,556
3,period,1900032,27067,breakout,space_invaders,6,4.0,556
3,period,1900032,27067,breakout,space_invaders,7,2.0,556
3,period,1900032,27067,breakout,space_invaders,8,2.0,556
3,period,1900032,27067,breakout,space_invaders,9,2.0,556
3,period,1900032,27067,breakout,space_invaders,10,3.0,556
3,period,1900032,27067,breakout,freeway,1,25.0,25000
3,period,1900032,27067,breakout,freeway,2,22.0,25000
3,period,1900032,27067,breakout,freeway,3,17.0,25000
3,period,1900032,27067,breakout,freeway,4,23.0,25000
3,period,1900032,27067,breakout,freeway,5,30.0,25000
3,period,1900032,27067,breakout,freeway,6,24.0,25000
3,period,1900032,27067,breakout,freeway,7,19.0,25000
3,period,1900032,27067,breakout,freeway,8,21.0,25000
3,period,1900032,27067,breakout,freeway,9,23.0,25000
3,period,1900032,27067,breakout,freeway,10,24.0,25000
3,period,1925120,27521,breakout,breakout,1,5.0,530
3,period,1925120,27521,breakout,breakout,2,1.0,530
3,period,1925120,27521,breakout,breakout,3,5.0,530
3,period,1925120,27521,breakout,breakout,4,4.0,530
3,period,1925120,27521,breakout,breakout,5,4.0,530
3,period,1925120,27521,breakout,breakout,6,6.0,530
3,period,1925120,27521,breakout,breakout,7,2.0,530
3,period,1925120,27521,breakout,breakout,8,5.0,530
3,period,1925120,27521,breakout,breakout,9,6.0,530
3,period,1925120,27521,breakout,breakout,10,6.0,530
3,period,1925120,27521,breakout,space_invaders,1,7.0,790
3,period,1925120,27521,breakout,space_invaders,2,5.0,790
3,period,1925120,27521,breakout,space_invaders,3,5.0,790
3,period,1925120,27521,breakout,space_invaders,4,5.0,790
3,period,1925120,27521,breakout,space_invaders,5,6.0,790
3,period,1925120,27521,breakout,space_invaders,6,3.0,790
3,period,1925120,27521,breakout,space_invaders,7,6.0,790
3,period,1925120,27521,breakout,space_invaders,8,6.0,790
3,period,1925120,27521,breakout,space_invaders,9,4.0,790
3,period,1925120,27521,breakout,space_invaders,10,4.0,790
3,period,1925120,27521,breakout,freeway,1,18.0,25000
3,period,1925120,27521,breakout,freeway,2,23.0,25000
3,period,1925120,27521,breakout,freeway,3,21.0,25000
3,period,1925120,27521,breakout,freeway,4,33.0,25000
3,period,1925120,27521,breakout,freeway,5,16.0,25000
3,period,1925120,27521,breakout,freeway,6,25.0,25000
3,period,1925120,27521,breakout,freeway,7,24.0,25000
3,period,1925120,27521,breakout,freeway,8,23.0,25000
3,period,1925120,27521,breakout,freeway,9,25.0,25000
3,period,1925120,27521,breakout,freeway,10,21.0,25000
3,period,1950208,27965,breakout,breakout,1,6.0,444
3,period,1950208,27965,breakout,breakout,2,3.0,444
3,period,1950208,27965,breakout,breakout,3,6.0,444
3,period,1950208,27965,breakout,breakout,4,2.0,444
3,period,1950208,27965,breakout,breakout,5,3.0,444
3,period,1950208,27965,breakout,breakout,6,6.0,444
3,period,1950208,27965,breakout,breakout,7,2.0,444
3,period,1950208,27965,breakout,breakout,8,1.0,444
3,period,1950208,27965,breakout,breakout,9,5.0,444
3,period,1950208,27965,breakout,breakout,10,2.0,444
3,period,1950208,27965,breakout,space_invaders,1,6.0,909
3,period,1950208,27965,breakout,space_invaders,2,6.0,909
3,period,1950208,27965,breakout,space_invaders,3,7.0,909
3,period,1950208,27965,breakout,space_invaders,4,4.0,909
3,period,1950208,27965,breakout,space_invaders,5,10.0,909
3,period,1950208,27965,breakout,space_invaders,6,5.0,909
3,period,1950208,27965,breakout,space_invaders,7,5.0,909
3,period,1950208,27965,breakout,space_invaders,8,2.0,909
3,period,1950208,27965,breakout,space_invaders,9,6.0,909
3,period,1950208,27965,breakout,space_invaders,10,6.0,909
3,period,1950208,27965,breakout,freeway,1,26.0,25000
3,period,1950208,27965,breakout,freeway,2,17.0,25000
3,period,1950208,27965,breakout,freeway,3,15.0,25000
3,period,1950208,27965,breakout,freeway,4,25.0,25000
3,period,1950208,27965,breakout,freeway,5,25.0,25000
3,period,1950208,27965,breakout,freeway,6,23.0,25000
3,period,1950208,27965,breakout,freeway,7,13.0,25000
3,period,1950208,27965,breakout,freeway,8,27.0,25000
3,period,1950208,27965,breakout,freeway,9,30.0,25000
3,period,1950208,27965,breakout,freeway,10,22.0,25000
3,period,1975040,28410,breakout,breakout,1,6.0,628
3,period,1975040,28410,breakout,breakout,2,6.0,628
3,period,1975040,28410,breakout,breakout,3,6.0,628
3,period,1975040,28410,breakout,breakout,4,5.0,628
3,period,1975040,28410,breakout,breakout,5,6.0,628
3,period,1975040,28410,breakout,breakout,6,1.0,628
3,period,1975040,28410,breakout,breakout,7,6.0,628
3,period,1975040,28410,breakout,breakout,8,6.0,628
3,period,1975040,28410,breakout,breakout,9,6.0,628
3,period,1975040,28410,breakout,breakout,10,5.0,628
3,period,1975040,28410,breakout,space_invaders,1,4.0,1139
3,period,1975040,28410,breakout,space_invaders,2,6.0,1139
3,period,1975040,28410,breakout,space_invaders,3,6.0,1139
3,period,1975040,28410,breakout,space_invaders,4,6.0,1139
3,period,1975040,28410,breakout,space_invaders,5,5.0,1139
3,period,1975040,28410,breakout,space_invaders,6,5.0,1139
3,period,1975040,28410,breakout,space_invaders,7,6.0,1139
3,period,1975040,28410,breakout,space_invaders,8,9.0,1139
3,period,1975040,28410,breakout,space_invaders,9,4.0,1139
3,period,1975040,28410,breakout,space_invaders,10,7.0,1139
3,period,1975040,28410,breakout,freeway,1,15.0,25000
3,period,1975040,28410,breakout,freeway,2,18.0,25000
3,period,1975040,28410,breakout,freeway,3,21.0,25000
3,period,1975040,28410,breakout,freeway,4,30.0,25000
3,period,1975040,28410,breakout,freeway,5,28.0,25000
3,period,1975040,28410,breakout,freeway,6,21.0,25000
3,period,1975040,28410,breakout,freeway,7,21.0,25000
3,period,1975040,28410,breakout,freeway,8,15.0,25000
3,period,1975040,28410,breakout,freeway,9,21.0,25000
3,period,1975040,28410,breakout,freeway,10,23.0,25000
4,boundary,2499840,31478,space_invaders,breakout,1,0.0,348
4,boundary,2499840,31478,space_invaders,breakout,2,5.0,348
4,boundary,2499840,31478,space_invaders,breakout,3,0.0,348
4,boundary,2499840,31478,space_invaders,breakout,4,6.0,348
4,boundary,2499840,31478,space_invaders,breakout,5,6.0,348
4,boundary,2499840,31478,space_invaders,breakout,6,6.0,348
4,boundary,2499840,31478,space_invaders,breakout,7,1.0,348
4,boundary,2499840,31478,space_invaders,breakout,8,0.0,348
4,boundary,2499840,31478,space_invaders,breakout,9,2.0,348
4,boundary,2499840,31478,space_invaders,breakout,10,1.0,348
4,boundary,2499840,31478,space_invaders,space_invaders,1,23.0,2078
4,boundary,2499840,31478,space_invaders,space_invaders,2,23.0,2078
4,boundary,2499840,31478,space_invaders,space_invaders,3,15.0,2078
4,boundary,2499840,31478,space_invaders,space_invaders,4,4.0,2078
4,boundary,2499840,31478,space_invaders,space_invaders,5,23.0,2078
4,boundary,2499840,31478,space_invaders,space_invaders,6,22.0,2078
4,boundary,2499840,31478,space_invaders,space_invaders,7,21.0,2078
4,boundary,2499840,31478,space_invaders,space_invaders,8,22.0,2078
4,boundary,2499840,31478,space_invaders,space_invaders,9,41.0,2078
4,boundary,2499840,31478,space_invaders,space_invaders,10,12.0,2078
4,boundary,2499840,31478,space_invaders,freeway,1,5.0,25000
4,boundary,2499840,31478,space_invaders,freeway,2,3.0,25000
4,boundary,2499840,31478,space_invaders,freeway,3,1.0,25000
4,boundary,2499840,31478,space_invaders,freeway,4,3.0,25000
4,boundary,2499840,31478,space_invaders,freeway,5,2.0,25000
4,boundary,2499840,31478,space_invaders,freeway,6,0.0,25000
4,boundary,2499840,31478,space_invaders,freeway,7,1.0,25000
4,boundary,2499840,31478,space_invaders,freeway,8,6.0,25000
4,boundary,2499840,31478,space_invaders,freeway,9,2.0,25000
4,boundary,2499840,31478,space_invaders,freeway,10,3.0,25000
4,period,2000128,28868,space_invaders,breakout,1,5.0,430
4,period,2000128,28868,space_invaders,breakout,2,5.0,430
4,period,2000128,28868,space_invaders,breakout,3,4.0,430
4,period,2000128,28868,space_invaders,breakout,4,1.0,430
4,period,2000128,28868,space_invaders,breakout,5,2.0,430
4,period,2000128,28868,space_invaders,breakout,6,6.0,430
4,period,2000128,28868,space_invaders,breakout,7,6.0,430
4,period,2000128,28868,space_invaders,breakout,8,3.0,430
4,period,2000128,28868,space_invaders,breakout,9,2.0,430
4,period,2000128,28868,space_invaders,breakout,10,1.0,430
4,period,2000128,28868,space_invaders,space_invaders,1,6.0,1056
4,period,2000128,28868,space_invaders,space_invaders,2,6.0,1056
4,period,2000128,28868,space_invaders,space_invaders,3,5.0,1056
4,period,2000128,28868,space_invaders,space_invaders,4,6.0,1056
4,period,2000128,28868,space_invaders,space_invaders,5,7.0,1056
4,period,2000128,28868,space_invaders,space_invaders,6,5.0,1056
4,period,2000128,28868,space_invaders,space_invaders,7,4.0,1056
4,period,2000128,28868,space_invaders,space_invaders,8,4.0,1056
4,period,2000128,28868,space_invaders,space_invaders,9,5.0,1056
4,period,2000128,28868,space_invaders,space_invaders,10,5.0,1056
4,period,2000128,28868,space_invaders,freeway,1,20.0,25000
4,period,2000128,28868,space_invaders,freeway,2,20.0,25000
4,period,2000128,28868,space_invaders,freeway,3,16.0,25000
4,period,2000128,28868,space_invaders,freeway,4,17.0,25000
4,period,2000128,28868,space_invaders,freeway,5,23.0,25000
4,period,2000128,28868,space_invaders,freeway,6,27.0,25000
4,period,2000128,28868,space_invaders,freeway,7,27.0,25000
4,period,2000128,28868,space_invaders,freeway,8,26.0,25000
4,period,2000128,28868,space_invaders,freeway,9,16.0,25000
4,period,2000128,28868,space_invaders,freeway,10,24.0,25000
4,period,2025216,29051,space_invaders,breakout,1,5.0,666
4,period,2025216,29051,space_invaders,breakout,2,5.0,666
4,period,2025216,29051,space_invaders,breakout,3,6.0,666
4,period,2025216,29051,space_invaders,breakout,4,6.0,666
4,period,2025216,29051,space_invaders,breakout,5,5.0,666
4,period,2025216,29051,space_invaders,breakout,6,6.0,666
4,period,2025216,29051,space_invaders,breakout,7,6.0,666
4,period,2025216,29051,space_invaders,breakout,8,6.0,666
4,period,2025216,29051,space_invaders,breakout,9,6.0,666
4,period,2025216,29051,space_invaders,breakout,10,5.0,666
4,period,2025216,29051,space_invaders,space_invaders,1,15.0,1483
4,period,2025216,29051,space_invaders,space_invaders,2,18.0,1483
4,period,2025216,29051,space_invaders,space_invaders,3,11.0,1483
4,period,2025216,29051,space_invaders,space_invaders,4,11.0,1483
4,period,2025216,29051,space_invaders,space_invaders,5,17.0,1483
4,period,2025216,29051,space_invaders,space_invaders,6,10.0,1483
4,period,2025216,29051,space_invaders,space_invaders,7,14.0,1483
4,period,2025216,29051,space_invaders,space_invaders,8,14.0,1483
4,period,2025216,29051,space_invaders,space_invaders,9,7.0,1483
4,period,2025216,29051,space_invaders,space_invaders,10,18.0,1483
4,period,2025216,29051,space_invaders,freeway,1,11.0,25000
4,period,2025216,29051,space_invaders,freeway,2,8.0,25000
4,period,2025216,29051,space_invaders,freeway,3,11.0,25000
4,period,2025216,29051,space_invaders,freeway,4,9.0,25000
4,period,2025216,29051,space_invaders,freeway,5,10.0,25000
4,period,2025216,29051,space_invaders,freeway,6,10.0,25000
4,period,2025216,29051,space_invaders,freeway,7,21.0,25000
4,period,2025216,29051,space_invaders,freeway,8,7.0,25000
4,period,2025216,29051,space_invaders,freeway,9,10.0,25000
4,period,2025216,29051,space_invaders,freeway,10,9.0,25000
4,period,2050048,29201,space_invaders,breakout,1,6.0,558
4,period,2050048,29201,space_invaders,breakout,2,5.0,558
4,period,2050048,29201,space_invaders,breakout,3,4.0,558
4,period,2050048,29201,space_invaders,breakout,4,5.0,558
4,period,2050048,29201,space_invaders,breakout,5,7.0,558
4,period,2050048,29201,space_invaders,breakout,6,1.0,558
4,period,2050048,29201,space_invaders,breakout,7,6.0,558
4,period,2050048,29201,space_invaders,breakout,8,5.0,558
4,period,2050048,29201,space_invaders,breakout,9,6.0,558
4,period,2050048,29201,space_invaders,breakout,10,1.0,558
4,period,2050048,29201,space_invaders,space_invaders,1,15.0,2023
4,period,2050048,29201,space_invaders,space_invaders,2,12.0,2023
4,period,2050048,29201,space_invaders,space_invaders,3,21.0,2023
4,period,2050048,29201,space_invaders,space_invaders,4,14.0,2023
4,period,2050048,29201,space_invaders,space_invaders,5,18.0,2023
4,period,2050048,29201,space_invaders,space_invaders,6,15.0,2023
4,period,2050048,29201,space_invaders,space_invaders,7,14.0,2023
4,period,2050048,29201,space_invaders,space_invaders,8,14.0,2023
4,period,2050048,29201,space_invaders,space_invaders,9,12.0,2023
4,period,2050048,29201,space_invaders,space_invaders,10,18.0,2023
4,period,2050048,29201,space_invaders,freeway,1,13.0,25000
4,period,2050048,29201,space_invaders,freeway,2,7.0,25000
4,period,2050048,29201,space_invaders,freeway,3,11.0,25000
4,period,2050048,29201,space_invaders,freeway,4,5.0,25000
4,period,2050048,29201,space_invaders,freeway,5,15.0,25000
4,period,2050048,29201,space_invaders,freeway,6,9.0,25000
4,period,2050048,29201,space_invaders,freeway,7,14.0,25000
4,period,2050048,29201,space_invaders,freeway,8,13.0,25000
4,period,2050048,29201,space_invaders,freeway,9,11.0,25000
4,period,2050048,29201,space_invaders,freeway,10,15.0,25000
4,period,2075136,29340,space_invaders,breakout,1,6.0,532
4,period,2075136,29340,space_invaders,breakout,2,1.0,532
4,period,2075136,29340,space_invaders,breakout,3,6.0,532
4,period,2075136,29340,space_invaders,breakout,4,6.0,532
4,period,2075136,29340,space_invaders,breakout,5,2.0,532
4,period,2075136,29340,space_invaders,breakout,6,4.0,532
4,period,2075136,29340,space_invaders,breakout,7,6.0,532
4,period,2075136,29340,space_invaders,breakout,8,1.0,532
4,period,2075136,29340,space_invaders,breakout,9,6.0,532
4,period,2075136,29340,space_invaders,breakout,10,6.0,532
4,period,2075136,29340,space_invaders,space_invaders,1,15.0,2166
4,period,2075136,29340,space_invaders,space_invaders,2,22.0,2166
4,period,2075136,29340,space_invaders,space_invaders,3,18.0,2166
4,period,2075136,29340,space_invaders,space_invaders,4,19.0,2166
4,period,2075136,29340,space_invaders,space_invaders,5,13.0,2166
4,period,2075136,29340,space_invaders,space_invaders,6,22.0,2166
4,period,2075136,29340,space_invaders,space_invaders,7,17.0,2166
4,period,2075136,29340,space_invaders,space_invaders,8,17.0,2166
4,period,2075136,29340,space_invaders,space_invaders,9,14.0,2166
4,period,2075136,29340,space_invaders,space_invaders,10,16.0,2166
4,period,2075136,29340,space_invaders,freeway,1,6.0,25000
4,period,2075136,29340,space_invaders,freeway,2,1.0,25000
4,period,2075136,29340,space_invaders,freeway,3,6.0,25000
4,period,2075136,29340,space_invaders,freeway,4,6.0,25000
4,period,2075136,29340,space_invaders,freeway,5,4.0,25000
4,period,2075136,29340,space_invaders,freeway,6,7.0,25000
4,period,2075136,29340,space_invaders,freeway,7,5.0,25000
4,period,2075136,29340,space_invaders,freeway,8,12.0,25000
4,period,2075136,29340,space_invaders,freeway,9,7.0,25000
4,period,2075136,29340,space_invaders,freeway,10,3.0,25000
4,period,2100224,29488,space_invaders,breakout,1,0.0,206
4,period,2100224,29488,space_invaders,breakout,2,4.0,206
4,period,2100224,29488,space_invaders,breakout,3,0.0,206
4,period,2100224,29488,space_invaders,breakout,4,1.0,206
4,period,2100224,29488,space_invaders,breakout,5,1.0,206
4,period,2100224,29488,space_invaders,breakout,6,0.0,206
4,period,2100224,29488,space_invaders,breakout,7,3.0,206
4,period,2100224,29488,space_invaders,breakout,8,0.0,206
4,period,2100224,29488,space_invaders,breakout,9,4.0,206
4,period,2100224,29488,space_invaders,breakout,10,1.0,206
4,period,2100224,29488,space_invaders,space_invaders,1,16.0,1861
4,period,2100224,29488,space_invaders,space_invaders,2,20.0,1861
4,period,2100224,29488,space_invaders,space_invaders,3,19.0,1861
4,period,2100224,29488,space_invaders,space_invaders,4,18.0,1861
4,period,2100224,29488,space_invaders,space_invaders,5,7.0,1861
4,period,2100224,29488,space_invaders,space_invaders,6,21.0,1861
4,period,2100224,29488,space_invaders,space_invaders,7,18.0,1861
4,period,2100224,29488,space_invaders,space_invaders,8,23.0,1861
4,period,2100224,29488,space_invaders,space_invaders,9,16.0,1861
4,period,2100224,29488,space_invaders,space_invaders,10,18.0,1861
4,period,2100224,29488,space_invaders,freeway,1,4.0,25000
4,period,2100224,29488,space_invaders,freeway,2,7.0,25000
4,period,2100224,29488,space_invaders,freeway,3,4.0,25000
4,period,2100224,29488,space_invaders,freeway,4,7.0,25000
4,period,2100224,29488,space_invaders,freeway,5,2.0,25000
4,period,2100224,29488,space_invaders,freeway,6,7.0,25000
4,period,2100224,29488,space_invaders,freeway,7,6.0,25000
4,period,2100224,29488,space_invaders,freeway,8,11.0,25000
4,period,2100224,29488,space_invaders,freeway,9,7.0,25000
4,period,2100224,29488,space_invaders,freeway,10,11.0,25000
4,period,2125056,29629,space_invaders,breakout,1,3.0,162
4,period,2125056,29629,space_invaders,breakout,2,1.0,162
4,period,2125056,29629,space_invaders,breakout,3,1.0,162
4,period,2125056,29629,space_invaders,breakout,4,1.0,162
4,period,2125056,29629,space_invaders,breakout,5,1.0,162
4,period,2125056,29629,space_invaders,breakout,6,0.0,162
4,period,2125056,29629,space_invaders,breakout,7,0.0,162
4,period,2125056,29629,space_invaders,breakout,8,1.0,162
4,period,2125056,29629,space_invaders,breakout,9,1.0,162
4,period,2125056,29629,space_invaders,breakout,10,1.0,162
4,period,2125056,29629,space_invaders,space_invaders,1,17.0,1599
4,period,2125056,29629,space_invaders,space_invaders,2,17.0,1599
4,period,2125056,29629,space_invaders,space_invaders,3,19.0,1599
4,period,2125056,29629,space_invaders,space_invaders,4,12.0,1599
4,period,2125056,29629,space_invaders,space_invaders,5,8.0,1599
4,period,2125056,29629,space_invaders,space_invaders,6,17.0,1599
4,period,2125056,29629,space_invaders,space_invaders,7,11.0,1599
4,period,2125056,29629,space_invaders,space_invaders,8,19.0,1599
4,period,2125056,29629,space_invaders,space_invaders,9,16.0,1599
4,period,2125056,29629,space_invaders,space_invaders,10,18.0,1599
4,period,2125056,29629,space_invaders,freeway,1,4.0,25000
4,period,2125056,29629,space_invaders,freeway,2,7.0,25000
4,period,2125056,29629,space_invaders,freeway,3,2.0,25000
4,period,2125056,29629,space_invaders,freeway,4,8.0,25000
4,period,2125056,29629,space_invaders,freeway,5,12.0,25000
4,period,2125056,29629,space_invaders,freeway,6,5.0,25000
4,period,2125056,29629,space_invaders,freeway,7,4.0,25000
4,period,2125056,29629,space_invaders,freeway,8,11.0,25000
4,period,2125056,29629,space_invaders,freeway,9,1.0,25000
4,period,2125056,29629,space_invaders,freeway,10,7.0,25000
4,period,2150144,29748,space_invaders,breakout,1,1.0,110
4,period,2150144,29748,space_invaders,breakout,2,1.0,110
4,period,2150144,29748,space_invaders,breakout,3,0.0,110
4,period,2150144,29748,space_invaders,breakout,4,1.0,110
4,period,2150144,29748,space_invaders,breakout,5,1.0,110
4,period,2150144,29748,space_invaders,breakout,6,0.0,110
4,period,2150144,29748,space_invaders,breakout,7,0.0,110
4,period,2150144,29748,space_invaders,breakout,8,0.0,110
4,period,2150144,29748,space_invaders,breakout,9,0.0,110
4,period,2150144,29748,space_invaders,breakout,10,1.0,110
4,period,2150144,29748,space_invaders,space_invaders,1,18.0,1682
4,period,2150144,29748,space_invaders,space_invaders,2,26.0,1682
4,period,2150144,29748,space_invaders,space_invaders,3,23.0,1682
4,period,2150144,29748,space_invaders,space_invaders,4,5.0,1682
4,period,2150144,29748,space_invaders,space_invaders,5,16.0,1682
4,period,2150144,29748,space_invaders,space_invaders,6,20.0,1682
4,period,2150144,29748,space_invaders,space_invaders,7,15.0,1682
4,period,2150144,29748,space_invaders,space_invaders,8,18.0,1682
4,period,2150144,29748,space_invaders,space_invaders,9,17.0,1682
4,period,2150144,29748,space_invaders,space_invaders,10,12.0,1682
4,period,2150144,29748,space_invaders,freeway,1,8.0,25000
4,period,2150144,29748,space_invaders,freeway,2,3.0,25000
4,period,2150144,29748,space_invaders,freeway,3,7.0,25000
4,period,2150144,29748,space_invaders,freeway,4,3.0,25000
4,period,2150144,29748,space_invaders,freeway,5,2.0,25000
4,period,2150144,29748,space_invaders,freeway,6,1.0,25000
4,period,2150144,29748,space_invaders,freeway,7,2.0,25000
4,period,2150144,29748,space_invaders,freeway,8,9.0,25000
4,period,2150144,29748,space_invaders,freeway,9,6.0,25000
4,period,2150144,29748,space_invaders,freeway,10,6.0,25000
4,period,2175232,29883,space_invaders,breakout,1,1.0,174
4,period,2175232,29883,space_invaders,breakout,2,1.0,174
4,period,2175232,29883,space_invaders,breakout,3,1.0,174
4,period,2175232,29883,space_invaders,breakout,4,3.0,174
4,period,2175232,29883,space_invaders,breakout,5,0.0,174
4,period,2175232,29883,space_invaders,breakout,6,1.0,174
4,period,2175232,29883,space_invaders,breakout,7,0.0,174
4,period,2175232,29883,space_invaders,breakout,8,3.0,174
4,period,2175232,29883,space_invaders,breakout,9,0.0,174
4,period,2175232,29883,space_invaders,breakout,10,1.0,174
4,period,2175232,29883,space_invaders,space_invaders,1,17.0,1607
4,period,2175232,29883,space_invaders,space_invaders,2,19.0,1607
4,period,2175232,29883,space_invaders,space_invaders,3,19.0,1607
4,period,2175232,29883,space_invaders,space_invaders,4,4.0,1607
4,period,2175232,29883,space_invaders,space_invaders,5,7.0,1607
4,period,2175232,29883,space_invaders,space_invaders,6,22.0,1607
4,period,2175232,29883,space_invaders,space_invaders,7,21.0,1607
4,period,2175232,29883,space_invaders,space_invaders,8,21.0,1607
4,period,2175232,29883,space_invaders,space_invaders,9,7.0,1607
4,period,2175232,29883,space_invaders,space_invaders,10,18.0,1607
4,period,2175232,29883,space_invaders,freeway,1,5.0,25000
4,period,2175232,29883,space_invaders,freeway,2,8.0,25000
4,period,2175232,29883,space_invaders,freeway,3,3.0,25000
4,period,2175232,29883,space_invaders,freeway,4,0.0,25000
4,period,2175232,29883,space_invaders,freeway,5,8.0,25000
4,period,2175232,29883,space_invaders,freeway,6,2.0,25000
4,period,2175232,29883,space_invaders,freeway,7,10.0,25000
4,period,2175232,29883,space_invaders,freeway,8,8.0,25000
4,period,2175232,29883,space_invaders,freeway,9,6.0,25000
4,period,2175232,29883,space_invaders,freeway,10,7.0,25000
4,period,2200064,30012,space_invaders,breakout,1,1.0,376
4,period,2200064,30012,space_invaders,breakout,2,1.0,376
4,period,2200064,30012,space_invaders,breakout,3,6.0,376
4,period,2200064,30012,space_invaders,breakout,4,6.0,376
4,period,2200064,30012,space_invaders,breakout,5,1.0,376
4,period,2200064,30012,space_invaders,breakout,6,2.0,376
4,period,2200064,30012,space_invaders,breakout,7,4.0,376
4,period,2200064,30012,space_invaders,breakout,8,1.0,376
4,period,2200064,30012,space_invaders,breakout,9,4.0,376
4,period,2200064,30012,space_invaders,breakout,10,4.0,376
4,period,2200064,30012,space_invaders,space_invaders,1,11.0,1780
4,period,2200064,30012,space_invaders,space_invaders,2,23.0,1780
4,period,2200064,30012,space_invaders,space_invaders,3,18.0,1780
4,period,2200064,30012,space_invaders,space_invaders,4,22.0,1780
4,period,2200064,30012,space_invaders,space_invaders,5,16.0,1780
4,period,2200064,30012,space_invaders,space_invaders,6,19.0,1780
4,period,2200064,30012,space_invaders,space_invaders,7,15.0,1780
4,period,2200064,30012,space_invaders,space_invaders,8,19.0,1780
4,period,2200064,30012,space_invaders,space_invaders,9,12.0,1780
4,period,2200064,30012,space_invaders,space_invaders,10,8.0,1780
4,period,2200064,30012,space_invaders,freeway,1,8.0,25000
4,period,2200064,30012,space_invaders,freeway,2,13.0,25000
4,period,2200064,30012,space_invaders,freeway,3,12.0,25000
4,period,2200064,30012,space_invaders,freeway,4,8.0,25000
4,period,2200064,30012,space_invaders,freeway,5,9.0,25000
4,period,2200064,30012,space_invaders,freeway,6,10.0,25000
4,period,2200064,30012,space_invaders,freeway,7,5.0,25000
4,period,2200064,30012,space_invaders,freeway,8,8.0,25000
4,period,2200064,30012,space_invaders,freeway,9,10.0,25000
4,period,2200064,30012,space_invaders,freeway,10,3.0,25000
4,period,2225152,30133,space_invaders,breakout,1,5.0,340
4,period,2225152,30133,space_invaders,breakout,2,1.0,340
4,period,2225152,30133,space_invaders,breakout,3,3.0,340
4,period,2225152,30133,space_invaders,breakout,4,0.0,340
4,period,2225152,30133,space_invaders,breakout,5,6.0,340
4,period,2225152,30133,space_invaders,breakout,6,5.0,340
4,period,2225152,30133,space_invaders,breakout,7,4.0,340
4,period,2225152,30133,space_invaders,breakout,8,0.0,340
4,period,2225152,30133,space_invaders,breakout,9,1.0,340
4,period,2225152,30133,space_invaders,breakout,10,1.0,340
4,period,2225152,30133,space_invaders,space_invaders,1,23.0,1936
4,period,2225152,30133,space_invaders,space_invaders,2,19.0,1936
4,period,2225152,30133,space_invaders,space_invaders,3,4.0,1936
4,period,2225152,30133,space_invaders,space_invaders,4,18.0,1936
4,period,2225152,30133,space_invaders,space_invaders,5,7.0,1936
4,period,2225152,30133,space_invaders,space_invaders,6,31.0,1936
4,period,2225152,30133,space_invaders,space_invaders,7,20.0,1936
4,period,2225152,30133,space_invaders,space_invaders,8,23.0,1936
4,period,2225152,30133,space_invaders,space_invaders,9,19.0,1936
4,period,2225152,30133,space_invaders,space_invaders,10,12.0,1936
4,period,2225152,30133,space_invaders,freeway,1,10.0,25000
4,period,2225152,30133,space_invaders,freeway,2,13.0,25000
4,period,2225152,30133,space_invaders,freeway,3,5.0,25000
4,period,2225152,30133,space_invaders,freeway,4,11.0,25000
4,period,2225152,30133,space_invaders,freeway,5,7.0,25000
4,period,2225152,30133,space_invaders,freeway,6,0.0,25000
4,period,2225152,30133,space_invaders,freeway,7,6.0,25000
4,period,2225152,30133,space_invaders,freeway,8,6.0,25000
4,period,2225152,30133,space_invaders,freeway,9,6.0,25000
4,period,2225152,30133,space_invaders,freeway,10,7.0,25000
4,period,2250240,30258,space_invaders,breakout,1,1.0,100
4,period,2250240,30258,space_invaders,breakout,2,1.0,100
4,period,2250240,30258,space_invaders,breakout,3,1.0,100
4,period,2250240,30258,space_invaders,breakout,4,0.0,100
4,period,2250240,30258,space_invaders,breakout,5,1.0,100
4,period,2250240,30258,space_invaders,breakout,6,0.0,100
4,period,2250240,30258,space_invaders,breakout,7,0.0,100
4,period,2250240,30258,space_invaders,breakout,8,0.0,100
4,period,2250240,30258,space_invaders,breakout,9,0.0,100
4,period,2250240,30258,space_invaders,breakout,10,0.0,100
4,period,2250240,30258,space_invaders,space_invaders,1,21.0,2195
4,period,2250240,30258,space_invaders,space_invaders,2,13.0,2195
4,period,2250240,30258,space_invaders,space_invaders,3,20.0,2195
4,period,2250240,30258,space_invaders,space_invaders,4,15.0,2195
4,period,2250240,30258,space_invaders,space_invaders,5,19.0,2195
4,period,2250240,30258,space_invaders,space_invaders,6,18.0,2195
4,period,2250240,30258,space_invaders,space_invaders,7,23.0,2195
4,period,2250240,30258,space_invaders,space_invaders,8,6.0,2195
4,period,2250240,30258,space_invaders,space_invaders,9,16.0,2195
4,period,2250240,30258,space_invaders,space_invaders,10,15.0,2195
4,period,2250240,30258,space_invaders,freeway,1,8.0,25000
4,period,2250240,30258,space_invaders,freeway,2,2.0,25000
4,period,2250240,30258,space_invaders,freeway,3,3.0,25000
4,period,2250240,30258,space_invaders,freeway,4,6.0,25000
4,period,2250240,30258,space_invaders,freeway,5,7.0,25000
4,period,2250240,30258,space_invaders,freeway,6,6.0,25000
4,period,2250240,30258,space_invaders,freeway,7,7.0,25000
4,period,2250240,30258,space_invaders,freeway,8,5.0,25000
4,period,2250240,30258,space_invaders,freeway,9,5.0,25000
4,period,2250240,30258,space_invaders,freeway,10,4.0,25000
4,period,2275072,30398,space_invaders,breakout,1,5.0,274
4,period,2275072,30398,space_invaders,breakout,2,0.0,274
4,period,2275072,30398,space_invaders,breakout,3,5.0,274
4,period,2275072,30398,space_invaders,breakout,4,1.0,274
4,period,2275072,30398,space_invaders,breakout,5,1.0,274
4,period,2275072,30398,space_invaders,breakout,6,1.0,274
4,period,2275072,30398,space_invaders,breakout,7,5.0,274
4,period,2275072,30398,space_invaders,breakout,8,0.0,274
4,period,2275072,30398,space_invaders,breakout,9,1.0,274
4,period,2275072,30398,space_invaders,breakout,10,1.0,274
4,period,2275072,30398,space_invaders,space_invaders,1,7.0,1641
4,period,2275072,30398,space_invaders,space_invaders,2,20.0,1641
4,period,2275072,30398,space_invaders,space_invaders,3,12.0,1641
4,period,2275072,30398,space_invaders,space_invaders,4,14.0,1641
4,period,2275072,30398,space_invaders,space_invaders,5,20.0,1641
4,period,2275072,30398,space_invaders,space_invaders,6,11.0,1641
4,period,2275072,30398,space_invaders,space_invaders,7,6.0,1641
4,period,2275072,30398,space_invaders,space_invaders,8,6.0,1641
4,period,2275072,30398,space_invaders,space_invaders,9,6.0,1641
4,period,2275072,30398,space_invaders,space_invaders,10,23.0,1641
4,period,2275072,30398,space_invaders,freeway,1,1.0,25000
4,period,2275072,30398,space_invaders,freeway,2,4.0,25000
4,period,2275072,30398,space_invaders,freeway,3,13.0,25000
4,period,2275072,30398,space_invaders,freeway,4,9.0,25000
4,period,2275072,30398,space_invaders,freeway,5,12.0,25000
4,period,2275072,30398,space_invaders,freeway,6,4.0,25000
4,period,2275072,30398,space_invaders,freeway,7,1.0,25000
4,period,2275072,30398,space_invaders,freeway,8,3.0,25000
4,period,2275072,30398,space_invaders,freeway,9,3.0,25000
4,period,2275072,30398,space_invaders,freeway,10,10.0,25000
4,period,2300160,30525,space_invaders,breakout,1,1.0,268
4,period,2300160,30525,space_invaders,breakout,2,3.0,268
4,period,2300160,30525,space_invaders,breakout,3,0.0,268
4,period,2300160,30525,space_invaders,breakout,4,2.0,268
4,period,2300160,30525,space_invaders,breakout,5,5.0,268
4,period,2300160,30525,space_invaders,breakout,6,2.0,268
4,period,2300160,30525,space_invaders,breakout,7,4.0,268
4,period,2300160,30525,space_invaders,breakout,8,1.0,268
4,period,2300160,30525,space_invaders,breakout,9,1.0,268
4,period,2300160,30525,space_invaders,breakout,10,1.0,268
4,period,2300160,30525,space_invaders,space_invaders,1,16.0,2491
4,period,2300160,30525,space_invaders,space_invaders,2,29.0,2491
4,period,2300160,30525,space_invaders,space_invaders,3,22.0,2491
4,period,2300160,30525,space_invaders,space_invaders,4,21.0,2491
4,period,2300160,30525,space_invaders,space_invaders,5,22.0,2491
4,period,2300160,30525,space_invaders,space_invaders,6,18.0,2491
4,period,2300160,30525,space_invaders,space_invaders,7,29.0,2491
4,period,2300160,30525,space_invaders,space_invaders,8,22.0,2491
4,period,2300160,30525,space_invaders,space_invaders,9,20.0,2491
4,period,2300160,30525,space_invaders,space_invaders,10,10.0,2491
4,period,2300160,30525,space_invaders,freeway,1,9.0,25000
4,period,2300160,30525,space_invaders,freeway,2,10.0,25000
4,period,2300160,30525,space_invaders,freeway,3,6.0,25000
4,period,2300160,30525,space_invaders,freeway,4,0.0,25000
4,period,2300160,30525,space_invaders,freeway,5,6.0,25000
4,period,2300160,30525,space_invaders,freeway,6,6.0,25000
4,period,2300160,30525,space_invaders,freeway,7,4.0,25000
4,period,2300160,30525,space_invaders,freeway,8,4.0,25000
4,period,2300160,30525,space_invaders,freeway,9,6.0,25000
4,period,2300160,30525,space_invaders,freeway,10,2.0,25000
4,period,2325248,30640,space_invaders,breakout,1,0.0,154
4,period,2325248,30640,space_invaders,breakout,2,5.0,154
4,period,2325248,30640,space_invaders,breakout,3,0.0,154
4,period,2325248,30640,space_invaders,breakout,4,0.0,154
4,period,2325248,30640,space_invaders,breakout,5,0.0,154
4,period,2325248,30640,space_invaders,breakout,6,1.0,154
4,period,2325248,30640,space_invaders,breakout,7,1.0,154
4,period,2325248,30640,space_invaders,breakout,8,0.0,154
4,period,2325248,30640,space_invaders,breakout,9,1.0,154
4,period,2325248,30640,space_invaders,breakout,10,1.0,154
4,period,2325248,30640,space_invaders,space_invaders,1,16.0,1391
4,period,2325248,30640,space_invaders,space_invaders,2,16.0,1391
4,period,2325248,30640,space_invaders,space_invaders,3,12.0,1391
4,period,2325248,30640,space_invaders,space_invaders,4,10.0,1391
4,period,2325248,30640,space_invaders,space_invaders,5,15.0,1391
4,period,2325248,30640,space_invaders,space_invaders,6,22.0,1391
4,period,2325248,30640,space_invaders,space_invaders,7,10.0,1391
4,period,2325248,30640,space_invaders,space_invaders,8,9.0,1391
4,period,2325248,30640,space_invaders,space_invaders,9,19.0,1391
4,period,2325248,30640,space_invaders,space_invaders,10,5.0,1391
4,period,2325248,30640,space_invaders,freeway,1,2.0,25000
4,period,2325248,30640,space_invaders,freeway,2,1.0,25000
4,period,2325248,30640,space_invaders,freeway,3,7.0,25000
4,period,2325248,30640,space_invaders,freeway,4,2.0,25000
4,period,2325248,30640,space_invaders,freeway,5,1.0,25000
4,period,2325248,30640,space_invaders,freeway,6,5.0,25000
4,period,2325248,30640,space_invaders,freeway,7,5.0,25000
4,period,2325248,30640,space_invaders,freeway,8,3.0,25000
4,period,2325248,30640,space_invaders,freeway,9,11.0,25000
4,period,2325248,30640,space_invaders,freeway,10,6.0,25000
4,period,2350080,30764,space_invaders,breakout,1,5.0,458
4,period,2350080,30764,space_invaders,breakout,2,0.0,458
4,period,2350080,30764,space_invaders,breakout,3,2.0,458
4,period,2350080,30764,space_invaders,breakout,4,5.0,458
4,period,2350080,30764,space_invaders,breakout,5,3.0,458
4,period,2350080,30764,space_invaders,breakout,6,6.0,458
4,period,2350080,30764,space_invaders,breakout,7,6.0,458
4,period,2350080,30764,space_invaders,breakout,8,0.0,458
4,period,2350080,30764,space_invaders,breakout,9,5.0,458
4,period,2350080,30764,space_invaders,breakout,10,5.0,458
4,period,2350080,30764,space_invaders,space_invaders,1,11.0,1386
4,period,2350080,30764,space_invaders,space_invaders,2,19.0,1386
4,period,2350080,30764,space_invaders,space_invaders,3,18.0,1386
4,period,2350080,30764,space_invaders,space_invaders,4,23.0,1386
4,period,2350080,30764,space_invaders,space_invaders,5,23.0,1386
4,period,2350080,30764,space_invaders,space_invaders,6,12.0,1386
4,period,2350080,30764,space_invaders,space_invaders,7,18.0,1386
4,period,2350080,30764,space_invaders,space_invaders,8,11.0,1386
4,period,2350080,30764,space_invaders,space_invaders,9,15.0,1386
4,period,2350080,30764,space_invaders,space_invaders,10,15.0,1386
4,period,2350080,30764,space_invaders,freeway,1,8.0,25000
4,period,2350080,30764,space_invaders,freeway,2,7.0,25000
4,period,2350080,30764,space_invaders,freeway,3,1.0,25000
4,period,2350080,30764,space_invaders,freeway,4,3.0,25000
4,period,2350080,30764,space_invaders,freeway,5,0.0,25000
4,period,2350080,30764,space_invaders,freeway,6,4.0,25000
4,period,2350080,30764,space_invaders,freeway,7,3.0,25000
4,period,2350080,30764,space_invaders,freeway,8,7.0,25000
4,period,2350080,30764,space_invaders,freeway,9,5.0,25000
4,period,2350080,30764,space_invaders,freeway,10,5.0,25000
4,period,2375168,30883,space_invaders,breakout,1,1.0,238
4,period,2375168,30883,space_invaders,breakout,2,0.0,238
4,period,2375168,30883,space_invaders,breakout,3,1.0,238
4,period,2375168,30883,space_invaders,breakout,4,1.0,238
4,period,2375168,30883,space_invaders,breakout,5,0.0,238
4,period,2375168,30883,space_invaders,breakout,6,1.0,238
4,period,2375168,30883,space_invaders,breakout,7,5.0,238
4,period,2375168,30883,space_invaders,breakout,8,6.0,238
4,period,2375168,30883,space_invaders,breakout,9,1.0,238
4,period,2375168,30883,space_invaders,breakout,10,1.0,238
4,period,2375168,30883,space_invaders,space_invaders,1,36.0,3283
4,period,2375168,30883,space_invaders,space_invaders,2,21.0,3283
4,period,2375168,30883,space_invaders,space_invaders,3,26.0,3283
4,period,2375168,30883,space_invaders,space_invaders,4,21.0,3283
4,period,2375168,30883,space_invaders,space_invaders,5,18.0,3283
4,period,2375168,30883,space_invaders,space_invaders,6,39.0,3283
4,period,2375168,30883,space_invaders,space_invaders,7,39.0,3283
4,period,2375168,30883,space_invaders,space_invaders,8,47.0,3283
4,period,2375168,30883,space_invaders,space_invaders,9,28.0,3283
4,period,2375168,30883,space_invaders,space_invaders,10,18.0,3283
4,period,2375168,30883,space_invaders,freeway,1,6.0,25000
4,period,2375168,30883,space_invaders,freeway,2,2.0,25000
4,period,2375168,30883,space_invaders,freeway,3,4.0,25000
4,period,2375168,30883,space_invaders,freeway,4,4.0,25000
4,period,2375168,30883,space_invaders,freeway,5,10.0,25000
4,period,2375168,30883,space_invaders,freeway,6,0.0,25000
4,period,2375168,30883,space_invaders,freeway,7,6.0,25000
4,period,2375168,30883,space_invaders,freeway,8,3.0,25000
4,period,2375168,30883,space_invaders,freeway,9,4.0,25000
4,period,2375168,30883,space_invaders,freeway,10,8.0,25000
4,period,2400000,31005,space_invaders,breakout,1,0.0,100
4,period,2400000,31005,space_invaders,breakout,2,1.0,100
4,period,2400000,31005,space_invaders,breakout,3,0.0,100
4,period,2400000,31005,space_invaders,breakout,4,0.0,100
4,period,2400000,31005,space_invaders,breakout,5,1.0,100
4,period,2400000,31005,space_invaders,breakout,6,1.0,100
4,period,2400000,31005,space_invaders,breakout,7,0.0,100
4,period,2400000,31005,space_invaders,breakout,8,1.0,100
4,period,2400000,31005,space_invaders,breakout,9,0.0,100
4,period,2400000,31005,space_invaders,breakout,10,0.0,100
4,period,2400000,31005,space_invaders,space_invaders,1,29.0,2191
4,period,2400000,31005,space_invaders,space_invaders,2,23.0,2191
4,period,2400000,31005,space_invaders,space_invaders,3,23.0,2191
4,period,2400000,31005,space_invaders,space_invaders,4,20.0,2191
4,period,2400000,31005,space_invaders,space_invaders,5,19.0,2191
4,period,2400000,31005,space_invaders,space_invaders,6,23.0,2191
4,period,2400000,31005,space_invaders,space_invaders,7,19.0,2191
4,period,2400000,31005,space_invaders,space_invaders,8,16.0,2191
4,period,2400000,31005,space_invaders,space_invaders,9,12.0,2191
4,period,2400000,31005,space_invaders,space_invaders,10,22.0,2191
4,period,2400000,31005,space_invaders,freeway,1,4.0,25000
4,period,2400000,31005,space_invaders,freeway,2,2.0,25000
4,period,2400000,31005,space_invaders,freeway,3,2.0,25000
4,period,2400000,31005,space_invaders,freeway,4,1.0,25000
4,period,2400000,31005,space_invaders,freeway,5,7.0,25000
4,period,2400000,31005,space_invaders,freeway,6,4.0,25000
4,period,2400000,31005,space_invaders,freeway,7,1.0,25000
4,period,2400000,31005,space_invaders,freeway,8,5.0,25000
4,period,2400000,31005,space_invaders,freeway,9,3.0,25000
4,period,2400000,31005,space_invaders,freeway,10,6.0,25000
4,period,2425088,31119,space_invaders,breakout,1,0.0,80
4,period,2425088,31119,space_invaders,breakout,2,0.0,80
4,period,2425088,31119,space_invaders,breakout,3,0.0,80
4,period,2425088,31119,space_invaders,breakout,4,0.0,80
4,period,2425088,31119,space_invaders,breakout,5,0.0,80
4,period,2425088,31119,space_invaders,breakout,6,1.0,80
4,period,2425088,31119,space_invaders,breakout,7,0.0,80
4,period,2425088,31119,space_invaders,breakout,8,0.0,80
4,period,2425088,31119,space_invaders,breakout,9,1.0,80
4,period,2425088,31119,space_invaders,breakout,10,0.0,80
4,period,2425088,31119,space_invaders,space_invaders,1,36.0,2800
4,period,2425088,31119,space_invaders,space_invaders,2,23.0,2800
4,period,2425088,31119,space_invaders,space_invaders,3,22.0,2800
4,period,2425088,31119,space_invaders,space_invaders,4,39.0,2800
4,period,2425088,31119,space_invaders,space_invaders,5,9.0,2800
4,period,2425088,31119,space_invaders,space_invaders,6,21.0,2800
4,period,2425088,31119,space_invaders,space_invaders,7,20.0,2800
4,period,2425088,31119,space_invaders,space_invaders,8,22.0,2800
4,period,2425088,31119,space_invaders,space_invaders,9,23.0,2800
4,period,2425088,31119,space_invaders,space_invaders,10,22.0,2800
4,period,2425088,31119,space_invaders,freeway,1,3.0,25000
4,period,2425088,31119,space_invaders,freeway,2,5.0,25000
4,period,2425088,31119,space_invaders,freeway,3,11.0,25000
4,period,2425088,31119,space_invaders,freeway,4,3.0,25000
4,period,2425088,31119,space_invaders,freeway,5,2.0,25000
4,period,2425088,31119,space_invaders,freeway,6,7.0,25000
4,period,2425088,31119,space_invaders,freeway,7,6.0,25000
4,period,2425088,31119,space_invaders,freeway,8,9.0,25000
4,period,2425088,31119,space_invaders,freeway,9,1.0,25000
4,period,2425088,31119,space_invaders,freeway,10,5.0,25000
4,period,2450176,31246,space_invaders,breakout,1,0.0,90
4,period,2450176,31246,space_invaders,breakout,2,1.0,90
4,period,2450176,31246,space_invaders,breakout,3,1.0,90
4,period,2450176,31246,space_invaders,breakout,4,0.0,90
4,period,2450176,31246,space_invaders,breakout,5,0.0,90
4,period,2450176,31246,space_invaders,breakout,6,0.0,90
4,period,2450176,31246,space_invaders,breakout,7,0.0,90
4,period,2450176,31246,space_invaders,breakout,8,0.0,90
4,period,2450176,31246,space_invaders,breakout,9,0.0,90
4,period,2450176,31246,space_invaders,breakout,10,1.0,90
4,period,2450176,31246,space_invaders,space_invaders,1,23.0,2084
4,period,2450176,31246,space_invaders,space_invaders,2,23.0,2084
4,period,2450176,31246,space_invaders,space_invaders,3,12.0,2084
4,period,2450176,31246,space_invaders,space_invaders,4,22.0,2084
4,period,2450176,31246,space_invaders,space_invaders,5,23.0,2084
4,period,2450176,31246,space_invaders,space_invaders,6,21.0,2084
4,period,2450176,31246,space_invaders,space_invaders,7,28.0,2084
4,period,2450176,31246,space_invaders,space_invaders,8,21.0,2084
4,period,2450176,31246,space_invaders,space_invaders,9,22.0,2084
4,period,2450176,31246,space_invaders,space_invaders,10,17.0,2084
4,period,2450176,31246,space_invaders,freeway,1,7.0,25000
4,period,2450176,31246,space_invaders,freeway,2,4.0,25000
4,period,2450176,31246,space_invaders,freeway,3,6.0,25000
4,period,2450176,31246,space_invaders,freeway,4,3.0,25000
4,period,2450176,31246,space_invaders,freeway,5,1.0,25000
4,period,2450176,31246,space_invaders,freeway,6,3.0,25000
4,period,2450176,31246,space_invaders,freeway,7,5.0,25000
4,period,2450176,31246,space_invaders,freeway,8,3.0,25000
4,period,2450176,31246,space_invaders,freeway,9,5.0,25000
4,period,2450176,31246,space_invaders,freeway,10,1.0,25000
4,period,2475008,31354,space_invaders,breakout,1,1.0,100
4,period,2475008,31354,space_invaders,breakout,2,0.0,100
4,period,2475008,31354,space_invaders,breakout,3,0.0,100
4,period,2475008,31354,space_invaders,breakout,4,0.0,100
4,period,2475008,31354,space_invaders,breakout,5,0.0,100
4,period,2475008,31354,space_invaders,breakout,6,1.0,100
4,period,2475008,31354,space_invaders,breakout,7,1.0,100
4,period,2475008,31354,space_invaders,breakout,8,0.0,100
4,period,2475008,31354,space_invaders,breakout,9,1.0,100
4,period,2475008,31354,space_invaders,breakout,10,0.0,100
4,period,2475008,31354,space_invaders,space_invaders,1,20.0,2322
4,period,2475008,31354,space_invaders,space_invaders,2,31.0,2322
4,period,2475008,31354,space_invaders,space_invaders,3,19.0,2322
4,period,2475008,31354,space_invaders,space_invaders,4,18.0,2322
4,period,2475008,31354,space_invaders,space_invaders,5,4.0,2322
4,period,2475008,31354,space_invaders,space_invaders,6,19.0,2322
4,period,2475008,31354,space_invaders,space_invaders,7,32.0,2322
4,period,2475008,31354,space_invaders,space_invaders,8,22.0,2322
4,period,2475008,31354,space_invaders,space_invaders,9,4.0,2322
4,period,2475008,31354,space_invaders,space_invaders,10,47.0,2322
4,period,2475008,31354,space_invaders,freeway,1,9.0,25000
4,period,2475008,31354,space_invaders,freeway,2,1.0,25000
4,period,2475008,31354,space_invaders,freeway,3,4.0,25000
4,period,2475008,31354,space_invaders,freeway,4,2.0,25000
4,period,2475008,31354,space_invaders,freeway,5,10.0,25000
4,period,2475008,31354,space_invaders,freeway,6,1.0,25000
4,period,2475008,31354,space_invaders,freeway,7,6.0,25000
4,period,2475008,31354,space_invaders,freeway,8,5.0,25000
4,period,2475008,31354,space_invaders,freeway,9,2.0,25000
4,period,2475008,31354,space_invaders,freeway,10,4.0,25000
5,boundary,2999808,31670,freeway,breakout,1,6.0,488
5,boundary,2999808,31670,freeway,breakout,2,6.0,488
5,boundary,2999808,31670,freeway,breakout,3,5.0,488
5,boundary,2999808,31670,freeway,breakout,4,6.0,488
5,boundary,2999808,31670,freeway,breakout,5,6.0,488
5,boundary,2999808,31670,freeway,breakout,6,1.0,488
5,boundary,2999808,31670,freeway,breakout,7,1.0,488
5,boundary,2999808,31670,freeway,breakout,8,3.0,488
5,boundary,2999808,31670,freeway,breakout,9,6.0,488
5,boundary,2999808,31670,freeway,breakout,10,0.0,488
5,boundary,2999808,31670,freeway,space_invaders,1,34.0,2363
5,boundary,2999808,31670,freeway,space_invaders,2,10.0,2363
5,boundary,2999808,31670,freeway,space_invaders,3,18.0,2363
5,boundary,2999808,31670,freeway,space_invaders,4,12.0,2363
5,boundary,2999808,31670,freeway,space_invaders,5,18.0,2363
5,boundary,2999808,31670,freeway,space_invaders,6,11.0,2363
5,boundary,2999808,31670,freeway,space_invaders,7,47.0,2363
5,boundary,2999808,31670,freeway,space_invaders,8,31.0,2363
5,boundary,2999808,31670,freeway,space_invaders,9,39.0,2363
5,boundary,2999808,31670,freeway,space_invaders,10,11.0,2363
5,boundary,2999808,31670,freeway,freeway,1,29.0,25000
5,boundary,2999808,31670,freeway,freeway,2,38.0,25000
5,boundary,2999808,31670,freeway,freeway,3,23.0,25000
5,boundary,2999808,31670,freeway,freeway,4,23.0,25000
5,boundary,2999808,31670,freeway,freeway,5,34.0,25000
5,boundary,2999808,31670,freeway,freeway,6,22.0,25000
5,boundary,2999808,31670,freeway,freeway,7,32.0,25000
5,boundary,2999808,31670,freeway,freeway,8,27.0,25000
5,boundary,2999808,31670,freeway,freeway,9,31.0,25000
5,boundary,2999808,31670,freeway,freeway,10,31.0,25000
5,period,2500096,31478,freeway,breakout,1,5.0,352
5,period,2500096,31478,freeway,breakout,2,6.0,352
5,period,2500096,31478,freeway,breakout,3,1.0,352
5,period,2500096,31478,freeway,breakout,4,0.0,352
5,period,2500096,31478,freeway,breakout,5,0.0,352
5,period,2500096,31478,freeway,breakout,6,6.0,352
5,period,2500096,31478,freeway,breakout,7,0.0,352
5,period,2500096,31478,freeway,breakout,8,6.0,352
5,period,2500096,31478,freeway,breakout,9,0.0,352
5,period,2500096,31478,freeway,breakout,10,3.0,352
5,period,2500096,31478,freeway,space_invaders,1,22.0,2392
5,period,2500096,31478,freeway,space_invaders,2,23.0,2392
5,period,2500096,31478,freeway,space_invaders,3,19.0,2392
5,period,2500096,31478,freeway,space_invaders,4,38.0,2392
5,period,2500096,31478,freeway,space_invaders,5,20.0,2392
5,period,2500096,31478,freeway,space_invaders,6,22.0,2392
5,period,2500096,31478,freeway,space_invaders,7,18.0,2392
5,period,2500096,31478,freeway,space_invaders,8,18.0,2392
5,period,2500096,31478,freeway,space_invaders,9,23.0,2392
5,period,2500096,31478,freeway,space_invaders,10,23.0,2392
5,period,2500096,31478,freeway,freeway,1,2.0,25000
5,period,2500096,31478,freeway,freeway,2,1.0,25000
5,period,2500096,31478,freeway,freeway,3,3.0,25000
5,period,2500096,31478,freeway,freeway,4,0.0,25000
5,period,2500096,31478,freeway,freeway,5,5.0,25000
5,period,2500096,31478,freeway,freeway,6,2.0,25000
5,period,2500096,31478,freeway,freeway,7,3.0,25000
5,period,2500096,31478,freeway,freeway,8,0.0,25000
5,period,2500096,31478,freeway,freeway,9,2.0,25000
5,period,2500096,31478,freeway,freeway,10,4.0,25000
5,period,2525184,31478,freeway,breakout,1,1.0,184
5,period,2525184,31478,freeway,breakout,2,0.0,184
5,period,2525184,31478,freeway,breakout,3,1.0,184
5,period,2525184,31478,freeway,breakout,4,0.0,184
5,period,2525184,31478,freeway,breakout,5,1.0,184
5,period,2525184,31478,freeway,breakout,6,1.0,184
5,period,2525184,31478,freeway,breakout,7,1.0,184
5,period,2525184,31478,freeway,breakout,8,1.0,184
5,period,2525184,31478,freeway,breakout,9,0.0,184
5,period,2525184,31478,freeway,breakout,10,6.0,184
5,period,2525184,31478,freeway,space_invaders,1,22.0,2281
5,period,2525184,31478,freeway,space_invaders,2,23.0,2281
5,period,2525184,31478,freeway,space_invaders,3,20.0,2281
5,period,2525184,31478,freeway,space_invaders,4,22.0,2281
5,period,2525184,31478,freeway,space_invaders,5,29.0,2281
5,period,2525184,31478,freeway,space_invaders,6,23.0,2281
5,period,2525184,31478,freeway,space_invaders,7,8.0,2281
5,period,2525184,31478,freeway,space_invaders,8,22.0,2281
5,period,2525184,31478,freeway,space_invaders,9,23.0,2281
5,period,2525184,31478,freeway,space_invaders,10,20.0,2281
5,period,2525184,31478,freeway,freeway,1,11.0,25000
5,period,2525184,31478,freeway,freeway,2,3.0,25000
5,period,2525184,31478,freeway,freeway,3,15.0,25000
5,period,2525184,31478,freeway,freeway,4,14.0,25000
5,period,2525184,31478,freeway,freeway,5,9.0,25000
5,period,2525184,31478,freeway,freeway,6,8.0,25000
5,period,2525184,31478,freeway,freeway,7,7.0,25000
5,period,2525184,31478,freeway,freeway,8,12.0,25000
5,period,2525184,31478,freeway,freeway,9,3.0,25000
5,period,2525184,31478,freeway,freeway,10,3.0,25000
5,period,2550016,31494,freeway,breakout,1,0.0,154
5,period,2550016,31494,freeway,breakout,2,1.0,154
5,period,2550016,31494,freeway,breakout,3,1.0,154
5,period,2550016,31494,freeway,breakout,4,0.0,154
5,period,2550016,31494,freeway,breakout,5,5.0,154
5,period,2550016,31494,freeway,breakout,6,0.0,154
5,period,2550016,31494,freeway,breakout,7,0.0,154
5,period,2550016,31494,freeway,breakout,8,0.0,154
5,period,2550016,31494,freeway,breakout,9,1.0,154
5,period,2550016,31494,freeway,breakout,10,1.0,154
5,period,2550016,31494,freeway,space_invaders,1,23.0,2418
5,period,2550016,31494,freeway,space_invaders,2,19.0,2418
5,period,2550016,31494,freeway,space_invaders,3,22.0,2418
5,period,2550016,31494,freeway,space_invaders,4,20.0,2418
5,period,2550016,31494,freeway,space_invaders,5,10.0,2418
5,period,2550016,31494,freeway,space_invaders,6,46.0,2418
5,period,2550016,31494,freeway,space_invaders,7,23.0,2418
5,period,2550016,31494,freeway,space_invaders,8,23.0,2418
5,period,2550016,31494,freeway,space_invaders,9,22.0,2418
5,period,2550016,31494,freeway,space_invaders,10,23.0,2418
5,period,2550016,31494,freeway,freeway,1,21.0,25000
5,period,2550016,31494,freeway,freeway,2,23.0,25000
5,period,2550016,31494,freeway,freeway,3,27.0,25000
5,period,2550016,31494,freeway,freeway,4,25.0,25000
5,period,2550016,31494,freeway,freeway,5,29.0,25000
5,period,2550016,31494,freeway,freeway,6,25.0,25000
5,period,2550016,31494,freeway,freeway,7,24.0,25000
5,period,2550016,31494,freeway,freeway,8,17.0,25000
5,period,2550016,31494,freeway,freeway,9,27.0,25000
5,period,2550016,31494,freeway,freeway,10,16.0,25000
5,period,2575104,31494,freeway,breakout,1,0.0,156
5,period,2575104,31494,freeway,breakout,2,0.0,156
5,period,2575104,31494,freeway,breakout,3,0.0,156
5,period,2575104,31494,freeway,breakout,4,6.0,156
5,period,2575104,31494,freeway,breakout,5,1.0,156
5,period,2575104,31494,freeway,breakout,6,1.0,156
5,period,2575104,31494,freeway,breakout,7,0.0,156
5,period,2575104,31494,freeway,breakout,8,0.0,156
5,period,2575104,31494,freeway,breakout,9,0.0,156
5,period,2575104,31494,freeway,breakout,10,1.0,156
5,period,2575104,31494,freeway,space_invaders,1,15.0,2199
5,period,2575104,31494,freeway,space_invaders,2,23.0,2199
5,period,2575104,31494,freeway,space_invaders,3,23.0,2199
5,period,2575104,31494,freeway,space_invaders,4,23.0,2199
5,period,2575104,31494,freeway,space_invaders,5,15.0,2199
5,period,2575104,31494,freeway,space_invaders,6,23.0,2199
5,period,2575104,31494,freeway,space_invaders,7,47.0,2199
5,period,2575104,31494,freeway,space_invaders,8,21.0,2199
5,period,2575104,31494,freeway,space_invaders,9,6.0,2199
5,period,2575104,31494,freeway,space_invaders,10,18.0,2199
5,period,2575104,31494,freeway,freeway,1,22.0,25000
5,period,2575104,31494,freeway,freeway,2,23.0,25000
5,period,2575104,31494,freeway,freeway,3,15.0,25000
5,period,2575104,31494,freeway,freeway,4,32.0,25000
5,period,2575104,31494,freeway,freeway,5,25.0,25000
5,period,2575104,31494,freeway,freeway,6,22.0,25000
5,period,2575104,31494,freeway,freeway,7,12.0,25000
5,period,2575104,31494,freeway,freeway,8,24.0,25000
5,period,2575104,31494,freeway,freeway,9,16.0,25000
5,period,2575104,31494,freeway,freeway,10,15.0,25000
5,period,2600192,31510,freeway,breakout,1,1.0,146
5,period,2600192,31510,freeway,breakout,2,1.0,146
5,period,2600192,31510,freeway,breakout,3,0.0,146
5,period,2600192,31510,freeway,breakout,4,0.0,146
5,period,2600192,31510,freeway,breakout,5,0.0,146
5,period,2600192,31510,freeway,breakout,6,0.0,146
5,period,2600192,31510,freeway,breakout,7,0.0,146
5,period,2600192,31510,freeway,breakout,8,6.0,146
5,period,2600192,31510,freeway,breakout,9,0.0,146
5,period,2600192,31510,freeway,breakout,10,0.0,146
5,period,2600192,31510,freeway,space_invaders,1,23.0,3296
5,period,2600192,31510,freeway,space_invaders,2,47.0,3296
5,period,2600192,31510,freeway,space_invaders,3,44.0,3296
5,period,2600192,31510,freeway,space_invaders,4,22.0,3296
5,period,2600192,31510,freeway,space_invaders,5,16.0,3296
5,period,2600192,31510,freeway,space_invaders,6,32.0,3296
5,period,2600192,31510,freeway,space_invaders,7,38.0,3296
5,period,2600192,31510,freeway,space_invaders,8,30.0,3296
5,period,2600192,31510,freeway,space_invaders,9,23.0,3296
5,period,2600192,31510,freeway,space_invaders,10,17.0,3296
5,period,2600192,31510,freeway,freeway,1,23.0,25000
5,period,2600192,31510,freeway,freeway,2,21.0,25000
5,period,2600192,31510,freeway,freeway,3,26.0,25000
5,period,2600192,31510,freeway,freeway,4,30.0,25000
5,period,2600192,31510,freeway,freeway,5,20.0,25000
5,period,2600192,31510,freeway,freeway,6,35.0,25000
5,period,2600192,31510,freeway,freeway,7,24.0,25000
5,period,2600192,31510,freeway,freeway,8,25.0,25000
5,period,2600192,31510,freeway,freeway,9,28.0,25000
5,period,2600192,31510,freeway,freeway,10,30.0,25000
5,period,2625024,31526,freeway,breakout,1,5.0,352
5,period,2625024,31526,freeway,breakout,2,5.0,352
5,period,2625024,31526,freeway,breakout,3,6.0,352
5,period,2625024,31526,freeway,breakout,4,5.0,352
5,period,2625024,31526,freeway,breakout,5,3.0,352
5,period,2625024,31526,freeway,breakout,6,0.0,352
5,period,2625024,31526,freeway,breakout,7,2.0,352
5,period,2625024,31526,freeway,breakout,8,1.0,352
5,period,2625024,31526,freeway,breakout,9,0.0,352
5,period,2625024,31526,freeway,breakout,10,0.0,352
5,period,2625024,31526,freeway,space_invaders,1,9.0,1852
5,period,2625024,31526,freeway,space_invaders,2,15.0,1852
5,period,2625024,31526,freeway,space_invaders,3,23.0,1852
5,period,2625024,31526,freeway,space_invaders,4,22.0,1852
5,period,2625024,31526,freeway,space_invaders,5,22.0,1852
5,period,2625024,31526,freeway,space_invaders,6,22.0,1852
5,period,2625024,31526,freeway,space_invaders,7,14.0,1852
5,period,2625024,31526,freeway,space_invaders,8,23.0,1852
5,period,2625024,31526,freeway,space_invaders,9,14.0,1852
5,period,2625024,31526,freeway,space_invaders,10,15.0,1852
5,period,2625024,31526,freeway,freeway,1,33.0,25000
5,period,2625024,31526,freeway,freeway,2,31.0,25000
5,period,2625024,31526,freeway,freeway,3,34.0,25000
5,period,2625024,31526,freeway,freeway,4,38.0,25000
5,period,2625024,31526,freeway,freeway,5,27.0,25000
5,period,2625024,31526,freeway,freeway,6,33.0,25000
5,period,2625024,31526,freeway,freeway,7,31.0,25000
5,period,2625024,31526,freeway,freeway,8,22.0,25000
5,period,2625024,31526,freeway,freeway,9,16.0,25000
5,period,2625024,31526,freeway,freeway,10,27.0,25000
5,period,2650112,31526,freeway,breakout,1,0.0,310
5,period,2650112,31526,freeway,breakout,2,3.0,310
5,period,2650112,31526,freeway,breakout,3,0.0,310
5,period,2650112,31526,freeway,breakout,4,5.0,310
5,period,2650112,31526,freeway,breakout,5,0.0,310
5,period,2650112,31526,freeway,breakout,6,1.0,310
5,period,2650112,31526,freeway,breakout,7,1.0,310
5,period,2650112,31526,freeway,breakout,8,3.0,310
5,period,2650112,31526,freeway,breakout,9,5.0,310
5,period,2650112,31526,freeway,breakout,10,5.0,310
5,period,2650112,31526,freeway,space_invaders,1,22.0,2703
5,period,2650112,31526,freeway,space_invaders,2,23.0,2703
5,period,2650112,31526,freeway,space_invaders,3,18.0,2703
5,period,2650112,31526,freeway,space_invaders,4,27.0,2703
5,period,2650112,31526,freeway,space_invaders,5,46.0,2703
5,period,2650112,31526,freeway,space_invaders,6,23.0,2703
5,period,2650112,31526,freeway,space_invaders,7,21.0,2703
5,period,2650112,31526,freeway,space_invaders,8,16.0,2703
5,period,2650112,31526,freeway,space_invaders,9,23.0,2703
5,period,2650112,31526,freeway,space_invaders,10,25.0,2703
5,period,2650112,31526,freeway,freeway,1,35.0,25000
5,period,2650112,31526,freeway,freeway,2,21.0,25000
5,period,2650112,31526,freeway,freeway,3,23.0,25000
5,period,2650112,31526,freeway,freeway,4,22.0,25000
5,period,2650112,31526,freeway,freeway,5,22.0,25000
5,period,2650112,31526,freeway,freeway,6,20.0,25000
5,period,2650112,31526,freeway,freeway,7,11.0,25000
5,period,2650112,31526,freeway,freeway,8,27.0,25000
5,period,2650112,31526,freeway,freeway,9,31.0,25000
5,period,2650112,31526,freeway,freeway,10,27.0,25000
5,period,2675200,31542,freeway,breakout,1,1.0,328
5,period,2675200,31542,freeway,breakout,2,1.0,328
5,period,2675200,31542,freeway,breakout,3,4.0,328
5,period,2675200,31542,freeway,breakout,4,6.0,328
5,period,2675200,31542,freeway,breakout,5,0.0,328
5,period,2675200,31542,freeway,breakout,6,0.0,328
5,period,2675200,31542,freeway,breakout,7,7.0,328
5,period,2675200,31542,freeway,breakout,8,1.0,328
5,period,2675200,31542,freeway,breakout,9,0.0,328
5,period,2675200,31542,freeway,breakout,10,5.0,328
5,period,2675200,31542,freeway,space_invaders,1,22.0,2289
5,period,2675200,31542,freeway,space_invaders,2,15.0,2289
5,period,2675200,31542,freeway,space_invaders,3,21.0,2289
5,period,2675200,31542,freeway,space_invaders,4,24.0,2289
5,period,2675200,31542,freeway,space_invaders,5,23.0,2289
5,period,2675200,31542,freeway,space_invaders,6,44.0,2289
5,period,2675200,31542,freeway,space_invaders,7,10.0,2289
5,period,2675200,31542,freeway,space_invaders,8,19.0,2289
5,period,2675200,31542,freeway,space_invaders,9,23.0,2289
5,period,2675200,31542,freeway,space_invaders,10,23.0,2289
5,period,2675200,31542,freeway,freeway,1,22.0,25000
5,period,2675200,31542,freeway,freeway,2,30.0,25000
5,period,2675200,31542,freeway,freeway,3,24.0,25000
5,period,2675200,31542,freeway,freeway,4,31.0,25000
5,period,2675200,31542,freeway,freeway,5,33.0,25000
5,period,2675200,31542,freeway,freeway,6,29.0,25000
5,period,2675200,31542,freeway,freeway,7,24.0,25000
5,period,2675200,31542,freeway,freeway,8,28.0,25000
5,period,2675200,31542,freeway,freeway,9,21.0,25000
5,period,2675200,31542,freeway,freeway,10,36.0,25000
5,period,2700032,31558,freeway,breakout,1,6.0,350
5,period,2700032,31558,freeway,breakout,2,0.0,350
5,period,2700032,31558,freeway,breakout,3,0.0,350
5,period,2700032,31558,freeway,breakout,4,3.0,350
5,period,2700032,31558,freeway,breakout,5,6.0,350
5,period,2700032,31558,freeway,breakout,6,1.0,350
5,period,2700032,31558,freeway,breakout,7,0.0,350
5,period,2700032,31558,freeway,breakout,8,5.0,350
5,period,2700032,31558,freeway,breakout,9,0.0,350
5,period,2700032,31558,freeway,breakout,10,6.0,350
5,period,2700032,31558,freeway,space_invaders,1,33.0,1962
5,period,2700032,31558,freeway,space_invaders,2,30.0,1962
5,period,2700032,31558,freeway,space_invaders,3,20.0,1962
5,period,2700032,31558,freeway,space_invaders,4,19.0,1962
5,period,2700032,31558,freeway,space_invaders,5,23.0,1962
5,period,2700032,31558,freeway,space_invaders,6,21.0,1962
5,period,2700032,31558,freeway,space_invaders,7,11.0,1962
5,period,2700032,31558,freeway,space_invaders,8,22.0,1962
5,period,2700032,31558,freeway,space_invaders,9,23.0,1962
5,period,2700032,31558,freeway,space_invaders,10,10.0,1962
5,period,2700032,31558,freeway,freeway,1,22.0,25000
5,period,2700032,31558,freeway,freeway,2,21.0,25000
5,period,2700032,31558,freeway,freeway,3,10.0,25000
5,period,2700032,31558,freeway,freeway,4,26.0,25000
5,period,2700032,31558,freeway,freeway,5,10.0,25000
5,period,2700032,31558,freeway,freeway,6,23.0,25000
5,period,2700032,31558,freeway,freeway,7,28.0,25000
5,period,2700032,31558,freeway,freeway,8,26.0,25000
5,period,2700032,31558,freeway,freeway,9,12.0,25000
5,period,2700032,31558,freeway,freeway,10,35.0,25000
5,period,2725120,31558,freeway,breakout,1,0.0,208
5,period,2725120,31558,freeway,breakout,2,0.0,208
5,period,2725120,31558,freeway,breakout,3,6.0,208
5,period,2725120,31558,freeway,breakout,4,5.0,208
5,period,2725120,31558,freeway,breakout,5,0.0,208
5,period,2725120,31558,freeway,breakout,6,0.0,208
5,period,2725120,31558,freeway,breakout,7,0.0,208
5,period,2725120,31558,freeway,breakout,8,1.0,208
5,period,2725120,31558,freeway,breakout,9,1.0,208
5,period,2725120,31558,freeway,breakout,10,1.0,208
5,period,2725120,31558,freeway,space_invaders,1,9.0,1645
5,period,2725120,31558,freeway,space_invaders,2,22.0,1645
5,period,2725120,31558,freeway,space_invaders,3,11.0,1645
5,period,2725120,31558,freeway,space_invaders,4,20.0,1645
5,period,2725120,31558,freeway,space_invaders,5,12.0,1645
5,period,2725120,31558,freeway,space_invaders,6,20.0,1645
5,period,2725120,31558,freeway,space_invaders,7,16.0,1645
5,period,2725120,31558,freeway,space_invaders,8,5.0,1645
5,period,2725120,31558,freeway,space_invaders,9,32.0,1645
5,period,2725120,31558,freeway,space_invaders,10,14.0,1645
5,period,2725120,31558,freeway,freeway,1,12.0,25000
5,period,2725120,31558,freeway,freeway,2,24.0,25000
5,period,2725120,31558,freeway,freeway,3,34.0,25000
5,period,2725120,31558,freeway,freeway,4,33.0,25000
5,period,2725120,31558,freeway,freeway,5,27.0,25000
5,period,2725120,31558,freeway,freeway,6,7.0,25000
5,period,2725120,31558,freeway,freeway,7,30.0,25000
5,period,2725120,31558,freeway,freeway,8,33.0,25000
5,period,2725120,31558,freeway,freeway,9,31.0,25000
5,period,2725120,31558,freeway,freeway,10,23.0,25000
5,period,2750208,31574,freeway,breakout,1,1.0,262
5,period,2750208,31574,freeway,breakout,2,4.0,262
5,period,2750208,31574,freeway,breakout,3,0.0,262
5,period,2750208,31574,freeway,breakout,4,6.0,262
5,period,2750208,31574,freeway,breakout,5,0.0,262
5,period,2750208,31574,freeway,breakout,6,1.0,262
5,period,2750208,31574,freeway,breakout,7,1.0,262
5,period,2750208,31574,freeway,breakout,8,5.0,262
5,period,2750208,31574,freeway,breakout,9,1.0,262
5,period,2750208,31574,freeway,breakout,10,0.0,262
5,period,2750208,31574,freeway,space_invaders,1,17.0,2428
5,period,2750208,31574,freeway,space_invaders,2,32.0,2428
5,period,2750208,31574,freeway,space_invaders,3,23.0,2428
5,period,2750208,31574,freeway,space_invaders,4,12.0,2428
5,period,2750208,31574,freeway,space_invaders,5,34.0,2428
5,period,2750208,31574,freeway,space_invaders,6,23.0,2428
5,period,2750208,31574,freeway,space_invaders,7,15.0,2428
5,period,2750208,31574,freeway,space_invaders,8,30.0,2428
5,period,2750208,31574,freeway,space_invaders,9,14.0,2428
5,period,2750208,31574,freeway,space_invaders,10,17.0,2428
5,period,2750208,31574,freeway,freeway,1,30.0,25000
5,period,2750208,31574,freeway,freeway,2,21.0,25000
5,period,2750208,31574,freeway,freeway,3,23.0,25000
5,period,2750208,31574,freeway,freeway,4,20.0,25000
5,period,2750208,31574,freeway,freeway,5,27.0,25000
5,period,2750208,31574,freeway,freeway,6,30.0,25000
5,period,2750208,31574,freeway,freeway,7,29.0,25000
5,period,2750208,31574,freeway,freeway,8,31.0,25000
5,period,2750208,31574,freeway,freeway,9,35.0,25000
5,period,2750208,31574,freeway,freeway,10,31.0,25000
5,period,2775040,31574,freeway,breakout,1,3.0,388
5,period,2775040,31574,freeway,breakout,2,5.0,388
5,period,2775040,31574,freeway,breakout,3,6.0,388
5,period,2775040,31574,freeway,breakout,4,0.0,388
5,period,2775040,31574,freeway,breakout,5,5.0,388
5,period,2775040,31574,freeway,breakout,6,0.0,388
5,period,2775040,31574,freeway,breakout,7,5.0,388
5,period,2775040,31574,freeway,breakout,8,5.0,388
5,period,2775040,31574,freeway,breakout,9,1.0,388
5,period,2775040,31574,freeway,breakout,10,0.0,388
5,period,2775040,31574,freeway,space_invaders,1,26.0,1941
5,period,2775040,31574,freeway,space_invaders,2,20.0,1941
5,period,2775040,31574,freeway,space_invaders,3,11.0,1941
5,period,2775040,31574,freeway,space_invaders,4,18.0,1941
5,period,2775040,31574,freeway,space_invaders,5,15.0,1941
5,period,2775040,31574,freeway,space_invaders,6,23.0,1941
5,period,2775040,31574,freeway,space_invaders,7,19.0,1941
5,period,2775040,31574,freeway,space_invaders,8,22.0,1941
5,period,2775040,31574,freeway,space_invaders,9,23.0,1941
5,period,2775040,31574,freeway,space_invaders,10,4.0,1941
5,period,2775040,31574,freeway,freeway,1,38.0,25000
5,period,2775040,31574,freeway,freeway,2,23.0,25000
5,period,2775040,31574,freeway,freeway,3,23.0,25000
5,period,2775040,31574,freeway,freeway,4,27.0,25000
5,period,2775040,31574,freeway,freeway,5,25.0,25000
5,period,2775040,31574,freeway,freeway,6,24.0,25000
5,period,2775040,31574,freeway,freeway,7,23.0,25000
5,period,2775040,31574,freeway,freeway,8,17.0,25000
5,period,2775040,31574,freeway,freeway,9,22.0,25000
5,period,2775040,31574,freeway,freeway,10,25.0,25000
5,period,2800128,31590,freeway,breakout,1,3.0,458
5,period,2800128,31590,freeway,breakout,2,5.0,458
5,period,2800128,31590,freeway,breakout,3,5.0,458
5,period,2800128,31590,freeway,breakout,4,6.0,458
5,period,2800128,31590,freeway,breakout,5,6.0,458
5,period,2800128,31590,freeway,breakout,6,6.0,458
5,period,2800128,31590,freeway,breakout,7,0.0,458
5,period,2800128,31590,freeway,breakout,8,1.0,458
5,period,2800128,31590,freeway,breakout,9,4.0,458
5,period,2800128,31590,freeway,breakout,10,1.0,458
5,period,2800128,31590,freeway,space_invaders,1,22.0,2058
5,period,2800128,31590,freeway,space_invaders,2,17.0,2058
5,period,2800128,31590,freeway,space_invaders,3,22.0,2058
5,period,2800128,31590,freeway,space_invaders,4,19.0,2058
5,period,2800128,31590,freeway,space_invaders,5,21.0,2058
5,period,2800128,31590,freeway,space_invaders,6,21.0,2058
5,period,2800128,31590,freeway,space_invaders,7,36.0,2058
5,period,2800128,31590,freeway,space_invaders,8,9.0,2058
5,period,2800128,31590,freeway,space_invaders,9,23.0,2058
5,period,2800128,31590,freeway,space_invaders,10,4.0,2058
5,period,2800128,31590,freeway,freeway,1,31.0,25000
5,period,2800128,31590,freeway,freeway,2,32.0,25000
5,period,2800128,31590,freeway,freeway,3,26.0,25000
5,period,2800128,31590,freeway,freeway,4,22.0,25000
5,period,2800128,31590,freeway,freeway,5,28.0,25000
5,period,2800128,31590,freeway,freeway,6,36.0,25000
5,period,2800128,31590,freeway,freeway,7,22.0,25000
5,period,2800128,31590,freeway,freeway,8,14.0,25000
5,period,2800128,31590,freeway,freeway,9,29.0,25000
5,period,2800128,31590,freeway,freeway,10,25.0,25000
5,period,2825216,31606,freeway,breakout,1,5.0,456
5,period,2825216,31606,freeway,breakout,2,6.0,456
5,period,2825216,31606,freeway,breakout,3,6.0,456
5,period,2825216,31606,freeway,breakout,4,6.0,456
5,period,2825216,31606,freeway,breakout,5,1.0,456
5,period,2825216,31606,freeway,breakout,6,1.0,456
5,period,2825216,31606,freeway,breakout,7,0.0,456
5,period,2825216,31606,freeway,breakout,8,5.0,456
5,period,2825216,31606,freeway,breakout,9,1.0,456
5,period,2825216,31606,freeway,breakout,10,6.0,456
5,period,2825216,31606,freeway,space_invaders,1,22.0,2409
5,period,2825216,31606,freeway,space_invaders,2,22.0,2409
5,period,2825216,31606,freeway,space_invaders,3,22.0,2409
5,period,2825216,31606,freeway,space_invaders,4,10.0,2409
5,period,2825216,31606,freeway,space_invaders,5,16.0,2409
5,period,2825216,31606,freeway,space_invaders,6,23.0,2409
5,period,2825216,31606,freeway,space_invaders,7,22.0,2409
5,period,2825216,31606,freeway,space_invaders,8,38.0,2409
5,period,2825216,31606,freeway,space_invaders,9,18.0,2409
5,period,2825216,31606,freeway,space_invaders,10,37.0,2409
5,period,2825216,31606,freeway,freeway,1,21.0,25000
5,period,2825216,31606,freeway,freeway,2,25.0,25000
5,period,2825216,31606,freeway,freeway,3,35.0,25000
5,period,2825216,31606,freeway,freeway,4,25.0,25000
5,period,2825216,31606,freeway,freeway,5,35.0,25000
5,period,2825216,31606,freeway,freeway,6,31.0,25000
5,period,2825216,31606,freeway,freeway,7,23.0,25000
5,period,2825216,31606,freeway,freeway,8,25.0,25000
5,period,2825216,31606,freeway,freeway,9,35.0,25000
5,period,2825216,31606,freeway,freeway,10,24.0,25000
5,period,2850048,31606,freeway,breakout,1,5.0,446
5,period,2850048,31606,freeway,breakout,2,1.0,446
5,period,2850048,31606,freeway,breakout,3,5.0,446
5,period,2850048,31606,freeway,breakout,4,5.0,446
5,period,2850048,31606,freeway,breakout,5,5.0,446
5,period,2850048,31606,freeway,breakout,6,1.0,446
5,period,2850048,31606,freeway,breakout,7,6.0,446
5,period,2850048,31606,freeway,breakout,8,3.0,446
5,period,2850048,31606,freeway,breakout,9,5.0,446
5,period,2850048,31606,freeway,breakout,10,0.0,446
5,period,2850048,31606,freeway,space_invaders,1,16.0,1520
5,period,2850048,31606,freeway,space_invaders,2,15.0,1520
5,period,2850048,31606,freeway,space_invaders,3,12.0,1520
5,period,2850048,31606,freeway,space_invaders,4,15.0,1520
5,period,2850048,31606,freeway,space_invaders,5,9.0,1520
5,period,2850048,31606,freeway,space_invaders,6,18.0,1520
5,period,2850048,31606,freeway,space_invaders,7,17.0,1520
5,period,2850048,31606,freeway,space_invaders,8,14.0,1520
5,period,2850048,31606,freeway,space_invaders,9,10.0,1520
5,period,2850048,31606,freeway,space_invaders,10,21.0,1520
5,period,2850048,31606,freeway,freeway,1,35.0,25000
5,period,2850048,31606,freeway,freeway,2,18.0,25000
5,period,2850048,31606,freeway,freeway,3,27.0,25000
5,period,2850048,31606,freeway,freeway,4,18.0,25000
5,period,2850048,31606,freeway,freeway,5,32.0,25000
5,period,2850048,31606,freeway,freeway,6,34.0,25000
5,period,2850048,31606,freeway,freeway,7,29.0,25000
5,period,2850048,31606,freeway,freeway,8,25.0,25000
5,period,2850048,31606,freeway,freeway,9,23.0,25000
5,period,2850048,31606,freeway,freeway,10,31.0,25000
5,period,2875136,31622,freeway,breakout,1,6.0,472
5,period,2875136,31622,freeway,breakout,2,5.0,472
5,period,2875136,31622,freeway,breakout,3,5.0,472
5,period,2875136,31622,freeway,breakout,4,5.0,472
5,period,2875136,31622,freeway,breakout,5,5.0,472
5,period,2875136,31622,freeway,breakout,6,1.0,472
5,period,2875136,31622,freeway,breakout,7,0.0,472
5,period,2875136,31622,freeway,breakout,8,5.0,472
5,period,2875136,31622,freeway,breakout,9,6.0,472
5,period,2875136,31622,freeway,breakout,10,0.0,472
5,period,2875136,31622,freeway,space_invaders,1,17.0,2151
5,period,2875136,31622,freeway,space_invaders,2,15.0,2151
5,period,2875136,31622,freeway,space_invaders,3,37.0,2151
5,period,2875136,31622,freeway,space_invaders,4,10.0,2151
5,period,2875136,31622,freeway,space_invaders,5,11.0,2151
5,period,2875136,31622,freeway,space_invaders,6,22.0,2151
5,period,2875136,31622,freeway,space_invaders,7,21.0,2151
5,period,2875136,31622,freeway,space_invaders,8,21.0,2151
5,period,2875136,31622,freeway,space_invaders,9,21.0,2151
5,period,2875136,31622,freeway,space_invaders,10,19.0,2151
5,period,2875136,31622,freeway,freeway,1,26.0,25000
5,period,2875136,31622,freeway,freeway,2,24.0,25000
5,period,2875136,31622,freeway,freeway,3,33.0,25000
5,period,2875136,31622,freeway,freeway,4,26.0,25000
5,period,2875136,31622,freeway,freeway,5,21.0,25000
5,period,2875136,31622,freeway,freeway,6,24.0,25000
5,period,2875136,31622,freeway,freeway,7,29.0,25000
5,period,2875136,31622,freeway,freeway,8,31.0,25000
5,period,2875136,31622,freeway,freeway,9,26.0,25000
5,period,2875136,31622,freeway,freeway,10,22.0,25000
5,period,2900224,31638,freeway,breakout,1,5.0,446
5,period,2900224,31638,freeway,breakout,2,5.0,446
5,period,2900224,31638,freeway,breakout,3,5.0,446
5,period,2900224,31638,freeway,breakout,4,0.0,446
5,period,2900224,31638,freeway,breakout,5,6.0,446
5,period,2900224,31638,freeway,breakout,6,0.0,446
5,period,2900224,31638,freeway,breakout,7,6.0,446
5,period,2900224,31638,freeway,breakout,8,5.0,446
5,period,2900224,31638,freeway,breakout,9,3.0,446
5,period,2900224,31638,freeway,breakout,10,1.0,446
5,period,2900224,31638,freeway,space_invaders,1,21.0,1868
5,period,2900224,31638,freeway,space_invaders,2,18.0,1868
5,period,2900224,31638,freeway,space_invaders,3,26.0,1868
5,period,2900224,31638,freeway,space_invaders,4,12.0,1868
5,period,2900224,31638,freeway,space_invaders,5,23.0,1868
5,period,2900224,31638,freeway,space_invaders,6,20.0,1868
5,period,2900224,31638,freeway,space_invaders,7,22.0,1868
5,period,2900224,31638,freeway,space_invaders,8,10.0,1868
5,period,2900224,31638,freeway,space_invaders,9,10.0,1868
5,period,2900224,31638,freeway,space_invaders,10,18.0,1868
5,period,2900224,31638,freeway,freeway,1,22.0,25000
5,period,2900224,31638,freeway,freeway,2,21.0,25000
5,period,2900224,31638,freeway,freeway,3,29.0,25000
5,period,2900224,31638,freeway,freeway,4,25.0,25000
5,period,2900224,31638,freeway,freeway,5,29.0,25000
5,period,2900224,31638,freeway,freeway,6,18.0,25000
5,period,2900224,31638,freeway,freeway,7,21.0,25000
5,period,2900224,31638,freeway,freeway,8,28.0,25000
5,period,2900224,31638,freeway,freeway,9,22.0,25000
5,period,2900224,31638,freeway,freeway,10,23.0,25000
5,period,2925056,31638,freeway,breakout,1,4.0,456
5,period,2925056,31638,freeway,breakout,2,6.0,456
5,period,2925056,31638,freeway,breakout,3,5.0,456
5,period,2925056,31638,freeway,breakout,4,1.0,456
5,period,2925056,31638,freeway,breakout,5,6.0,456
5,period,2925056,31638,freeway,breakout,6,6.0,456
5,period,2925056,31638,freeway,breakout,7,1.0,456
5,period,2925056,31638,freeway,breakout,8,5.0,456
5,period,2925056,31638,freeway,breakout,9,3.0,456
5,period,2925056,31638,freeway,breakout,10,0.0,456
5,period,2925056,31638,freeway,space_invaders,1,12.0,2014
5,period,2925056,31638,freeway,space_invaders,2,22.0,2014
5,period,2925056,31638,freeway,space_invaders,3,17.0,2014
5,period,2925056,31638,freeway,space_invaders,4,23.0,2014
5,period,2925056,31638,freeway,space_invaders,5,21.0,2014
5,period,2925056,31638,freeway,space_invaders,6,15.0,2014
5,period,2925056,31638,freeway,space_invaders,7,33.0,2014
5,period,2925056,31638,freeway,space_invaders,8,21.0,2014
5,period,2925056,31638,freeway,space_invaders,9,20.0,2014
5,period,2925056,31638,freeway,space_invaders,10,14.0,2014
5,period,2925056,31638,freeway,freeway,1,25.0,25000
5,period,2925056,31638,freeway,freeway,2,29.0,25000
5,period,2925056,31638,freeway,freeway,3,27.0,25000
5,period,2925056,31638,freeway,freeway,4,29.0,25000
5,period,2925056,31638,freeway,freeway,5,27.0,25000
5,period,2925056,31638,freeway,freeway,6,31.0,25000
5,period,2925056,31638,freeway,freeway,7,32.0,25000
5,period,2925056,31638,freeway,freeway,8,32.0,25000
5,period,2925056,31638,freeway,freeway,9,25.0,25000
5,period,2925056,31638,freeway,freeway,10,28.0,25000
5,period,2950144,31654,freeway,breakout,1,5.0,250
5,period,2950144,31654,freeway,breakout,2,0.0,250
5,period,2950144,31654,freeway,breakout,3,0.0,250
5,period,2950144,31654,freeway,breakout,4,1.0,250
5,period,2950144,31654,freeway,breakout,5,1.0,250
5,period,2950144,31654,freeway,breakout,6,0.0,250
5,period,2950144,31654,freeway,breakout,7,1.0,250
5,period,2950144,31654,freeway,breakout,8,1.0,250
5,period,2950144,31654,freeway,breakout,9,4.0,250
5,period,2950144,31654,freeway,breakout,10,5.0,250
5,period,2950144,31654,freeway,space_invaders,1,22.0,1811
5,period,2950144,31654,freeway,space_invaders,2,18.0,1811
5,period,2950144,31654,freeway,space_invaders,3,16.0,1811
5,period,2950144,31654,freeway,space_invaders,4,16.0,1811
5,period,2950144,31654,freeway,space_invaders,5,20.0,1811
5,period,2950144,31654,freeway,space_invaders,6,22.0,1811
5,period,2950144,31654,freeway,space_invaders,7,10.0,1811
5,period,2950144,31654,freeway,space_invaders,8,23.0,1811
5,period,2950144,31654,freeway,space_invaders,9,11.0,1811
5,period,2950144,31654,freeway,space_invaders,10,18.0,1811
5,period,2950144,31654,freeway,freeway,1,28.0,25000
5,period,2950144,31654,freeway,freeway,2,33.0,25000
5,period,2950144,31654,freeway,freeway,3,26.0,25000
5,period,2950144,31654,freeway,freeway,4,27.0,25000
5,period,2950144,31654,freeway,freeway,5,28.0,25000
5,period,2950144,31654,freeway,freeway,6,33.0,25000
5,period,2950144,31654,freeway,freeway,7,21.0,25000
5,period,2950144,31654,freeway,freeway,8,37.0,25000
5,period,2950144,31654,freeway,freeway,9,26.0,25000
5,period,2950144,31654,freeway,freeway,10,6.0,25000
5,period,2975232,31654,freeway,breakout,1,6.0,454
5,period,2975232,31654,freeway,breakout,2,6.0,454
5,period,2975232,31654,freeway,breakout,3,4.0,454
5,period,2975232,31654,freeway,breakout,4,5.0,454
5,period,2975232,31654,freeway,breakout,5,2.0,454
5,period,2975232,31654,freeway,breakout,6,6.0,454
5,period,2975232,31654,freeway,breakout,7,1.0,454
5,period,2975232,31654,freeway,breakout,8,6.0,454
5,period,2975232,31654,freeway,breakout,9,1.0,454
5,period,2975232,31654,freeway,breakout,10,0.0,454
5,period,2975232,31654,freeway,space_invaders,1,18.0,1990
5,period,2975232,31654,freeway,space_invaders,2,19.0,1990
5,period,2975232,31654,freeway,space_invaders,3,11.0,1990
5,period,2975232,31654,freeway,space_invaders,4,11.0,1990
5,period,2975232,31654,freeway,space_invaders,5,37.0,1990
5,period,2975232,31654,freeway,space_invaders,6,15.0,1990
5,period,2975232,31654,freeway,space_invaders,7,23.0,1990
5,period,2975232,31654,freeway,space_invaders,8,23.0,1990
5,period,2975232,31654,freeway,space_invaders,9,13.0,1990
5,period,2975232,31654,freeway,space_invaders,10,15.0,1990
5,period,2975232,31654,freeway,freeway,1,21.0,25000
5,period,2975232,31654,freeway,freeway,2,33.0,25000
5,period,2975232,31654,freeway,freeway,3,26.0,25000
5,period,2975232,31654,freeway,freeway,4,24.0,25000
5,period,2975232,31654,freeway,freeway,5,31.0,25000
5,period,2975232,31654,freeway,freeway,6,23.0,25000
5,period,2975232,31654,freeway,freeway,7,20.0,25000
5,period,2975232,31654,freeway,freeway,8,23.0,25000
5,period,2975232,31654,freeway,freeway,9,26.0,25000
5,period,2975232,31654,freeway,freeway,10,26.0,25000
6,boundary,3499776,40522,breakout,breakout,1,4.0,586
6,boundary,3499776,40522,breakout,breakout,2,5.0,586
6,boundary,3499776,40522,breakout,breakout,3,6.0,586
6,boundary,3499776,40522,breakout,breakout,4,6.0,586
6,boundary,3499776,40522,breakout,breakout,5,5.0,586
6,boundary,3499776,40522,breakout,breakout,6,6.0,586
6,boundary,3499776,40522,breakout,breakout,7,0.0,586
6,boundary,3499776,40522,breakout,breakout,8,6.0,586
6,boundary,3499776,40522,breakout,breakout,9,5.0,586
6,boundary,3499776,40522,breakout,breakout,10,6.0,586
6,boundary,3499776,40522,breakout,space_invaders,1,21.0,1128
6,boundary,3499776,40522,breakout,space_invaders,2,11.0,1128
6,boundary,3499776,40522,breakout,space_invaders,3,14.0,1128
6,boundary,3499776,40522,breakout,space_invaders,4,15.0,1128
6,boundary,3499776,40522,breakout,space_invaders,5,10.0,1128
6,boundary,3499776,40522,breakout,space_invaders,6,13.0,1128
6,boundary,3499776,40522,breakout,space_invaders,7,12.0,1128
6,boundary,3499776,40522,breakout,space_invaders,8,14.0,1128
6,boundary,3499776,40522,breakout,space_invaders,9,12.0,1128
6,boundary,3499776,40522,breakout,space_invaders,10,11.0,1128
6,boundary,3499776,40522,breakout,freeway,1,14.0,25000
6,boundary,3499776,40522,breakout,freeway,2,25.0,25000
6,boundary,3499776,40522,breakout,freeway,3,26.0,25000
6,boundary,3499776,40522,breakout,freeway,4,27.0,25000
6,boundary,3499776,40522,breakout,freeway,5,24.0,25000
6,boundary,3499776,40522,breakout,freeway,6,29.0,25000
6,boundary,3499776,40522,breakout,freeway,7,24.0,25000
6,boundary,3499776,40522,breakout,freeway,8,24.0,25000
6,boundary,3499776,40522,breakout,freeway,9,20.0,25000
6,boundary,3499776,40522,breakout,freeway,10,27.0,25000
6,period,3000064,31676,breakout,breakout,1,1.0,436
6,period,3000064,31676,breakout,breakout,2,1.0,436
6,period,3000064,31676,breakout,breakout,3,2.0,436
6,period,3000064,31676,breakout,breakout,4,5.0,436
6,period,3000064,31676,breakout,breakout,5,3.0,436
6,period,3000064,31676,breakout,breakout,6,6.0,436
6,period,3000064,31676,breakout,breakout,7,2.0,436
6,period,3000064,31676,breakout,breakout,8,5.0,436
6,period,3000064,31676,breakout,breakout,9,5.0,436
6,period,3000064,31676,breakout,breakout,10,5.0,436
6,period,3000064,31676,breakout,space_invaders,1,15.0,2027
6,period,3000064,31676,breakout,space_invaders,2,4.0,2027
6,period,3000064,31676,breakout,space_invaders,3,38.0,2027
6,period,3000064,31676,breakout,space_invaders,4,22.0,2027
6,period,3000064,31676,breakout,space_invaders,5,23.0,2027
6,period,3000064,31676,breakout,space_invaders,6,10.0,2027
6,period,3000064,31676,breakout,space_invaders,7,23.0,2027
6,period,3000064,31676,breakout,space_invaders,8,4.0,2027
6,period,3000064,31676,breakout,space_invaders,9,21.0,2027
6,period,3000064,31676,breakout,space_invaders,10,20.0,2027
6,period,3000064,31676,breakout,freeway,1,21.0,25000
6,period,3000064,31676,breakout,freeway,2,20.0,25000
6,period,3000064,31676,breakout,freeway,3,21.0,25000
6,period,3000064,31676,breakout,freeway,4,19.0,25000
6,period,3000064,31676,breakout,freeway,5,21.0,25000
6,period,3000064,31676,breakout,freeway,6,24.0,25000
6,period,3000064,31676,breakout,freeway,7,21.0,25000
6,period,3000064,31676,breakout,freeway,8,21.0,25000
6,period,3000064,31676,breakout,freeway,9,19.0,25000
6,period,3000064,31676,breakout,freeway,10,17.0,25000
6,period,3025152,32145,breakout,breakout,1,6.0,626
6,period,3025152,32145,breakout,breakout,2,3.0,626
6,period,3025152,32145,breakout,breakout,3,6.0,626
6,period,3025152,32145,breakout,breakout,4,5.0,626
6,period,3025152,32145,breakout,breakout,5,6.0,626
6,period,3025152,32145,breakout,breakout,6,6.0,626
6,period,3025152,32145,breakout,breakout,7,6.0,626
6,period,3025152,32145,breakout,breakout,8,6.0,626
6,period,3025152,32145,breakout,breakout,9,6.0,626
6,period,3025152,32145,breakout,breakout,10,3.0,626
6,period,3025152,32145,breakout,space_invaders,1,9.0,1252
6,period,3025152,32145,breakout,space_invaders,2,7.0,1252
6,period,3025152,32145,breakout,space_invaders,3,13.0,1252
6,period,3025152,32145,breakout,space_invaders,4,17.0,1252
6,period,3025152,32145,breakout,space_invaders,5,7.0,1252
6,period,3025152,32145,breakout,space_invaders,6,13.0,1252
6,period,3025152,32145,breakout,space_invaders,7,12.0,1252
6,period,3025152,32145,breakout,space_invaders,8,3.0,1252
6,period,3025152,32145,breakout,space_invaders,9,16.0,1252
6,period,3025152,32145,breakout,space_invaders,10,10.0,1252
6,period,3025152,32145,breakout,freeway,1,33.0,25000
6,period,3025152,32145,breakout,freeway,2,24.0,25000
6,period,3025152,32145,breakout,freeway,3,31.0,25000
6,period,3025152,32145,breakout,freeway,4,31.0,25000
6,period,3025152,32145,breakout,freeway,5,23.0,25000
6,period,3025152,32145,breakout,freeway,6,28.0,25000
6,period,3025152,32145,breakout,freeway,7,18.0,25000
6,period,3025152,32145,breakout,freeway,8,29.0,25000
6,period,3025152,32145,breakout,freeway,9,21.0,25000
6,period,3025152,32145,breakout,freeway,10,23.0,25000
6,period,3050240,32596,breakout,breakout,1,0.0,446
6,period,3050240,32596,breakout,breakout,2,5.0,446
6,period,3050240,32596,breakout,breakout,3,1.0,446
6,period,3050240,32596,breakout,breakout,4,1.0,446
6,period,3050240,32596,breakout,breakout,5,6.0,446
6,period,3050240,32596,breakout,breakout,6,1.0,446
6,period,3050240,32596,breakout,breakout,7,6.0,446
6,period,3050240,32596,breakout,breakout,8,5.0,446
6,period,3050240,32596,breakout,breakout,9,5.0,446
6,period,3050240,32596,breakout,breakout,10,6.0,446
6,period,3050240,32596,breakout,space_invaders,1,12.0,1546
6,period,3050240,32596,breakout,space_invaders,2,18.0,1546
6,period,3050240,32596,breakout,space_invaders,3,15.0,1546
6,period,3050240,32596,breakout,space_invaders,4,11.0,1546
6,period,3050240,32596,breakout,space_invaders,5,17.0,1546
6,period,3050240,32596,breakout,space_invaders,6,22.0,1546
6,period,3050240,32596,breakout,space_invaders,7,22.0,1546
6,period,3050240,32596,breakout,space_invaders,8,17.0,1546
6,period,3050240,32596,breakout,space_invaders,9,13.0,1546
6,period,3050240,32596,breakout,space_invaders,10,10.0,1546
6,period,3050240,32596,breakout,freeway,1,25.0,25000
6,period,3050240,32596,breakout,freeway,2,18.0,25000
6,period,3050240,32596,breakout,freeway,3,33.0,25000
6,period,3050240,32596,breakout,freeway,4,31.0,25000
6,period,3050240,32596,breakout,freeway,5,13.0,25000
6,period,3050240,32596,breakout,freeway,6,23.0,25000
6,period,3050240,32596,breakout,freeway,7,26.0,25000
6,period,3050240,32596,breakout,freeway,8,27.0,25000
6,period,3050240,32596,breakout,freeway,9,16.0,25000
6,period,3050240,32596,breakout,freeway,10,21.0,25000
6,period,3075072,33054,breakout,breakout,1,6.0,520
6,period,3075072,33054,breakout,breakout,2,5.0,520
6,period,3075072,33054,breakout,breakout,3,5.0,520
6,period,3075072,33054,breakout,breakout,4,6.0,520
6,period,3075072,33054,breakout,breakout,5,3.0,520
6,period,3075072,33054,breakout,breakout,6,5.0,520
6,period,3075072,33054,breakout,breakout,7,6.0,520
6,period,3075072,33054,breakout,breakout,8,0.0,520
6,period,3075072,33054,breakout,breakout,9,2.0,520
6,period,3075072,33054,breakout,breakout,10,5.0,520
6,period,3075072,33054,breakout,space_invaders,1,12.0,1306
6,period,3075072,33054,breakout,space_invaders,2,13.0,1306
6,period,3075072,33054,breakout,space_invaders,3,15.0,1306
6,period,3075072,33054,breakout,space_invaders,4,15.0,1306
6,period,3075072,33054,breakout,space_invaders,5,10.0,1306
6,period,3075072,33054,breakout,space_invaders,6,15.0,1306
6,period,3075072,33054,breakout,space_invaders,7,23.0,1306
6,period,3075072,33054,breakout,space_invaders,8,10.0,1306
6,period,3075072,33054,breakout,space_invaders,9,10.0,1306
6,period,3075072,33054,breakout,space_invaders,10,14.0,1306
6,period,3075072,33054,breakout,freeway,1,21.0,25000
6,period,3075072,33054,breakout,freeway,2,33.0,25000
6,period,3075072,33054,breakout,freeway,3,27.0,25000
6,period,3075072,33054,breakout,freeway,4,32.0,25000
6,period,3075072,33054,breakout,freeway,5,20.0,25000
6,period,3075072,33054,breakout,freeway,6,32.0,25000
6,period,3075072,33054,breakout,freeway,7,22.0,25000
6,period,3075072,33054,breakout,freeway,8,24.0,25000
6,period,3075072,33054,breakout,freeway,9,25.0,25000
6,period,3075072,33054,breakout,freeway,10,26.0,25000
6,period,3100160,33500,breakout,breakout,1,3.0,510
6,period,3100160,33500,breakout,breakout,2,6.0,510
6,period,3100160,33500,breakout,breakout,3,6.0,510
6,period,3100160,33500,breakout,breakout,4,6.0,510
6,period,3100160,33500,breakout,breakout,5,5.0,510
6,period,3100160,33500,breakout,breakout,6,6.0,510
6,period,3100160,33500,breakout,breakout,7,6.0,510
6,period,3100160,33500,breakout,breakout,8,2.0,510
6,period,3100160,33500,breakout,breakout,9,2.0,510
6,period,3100160,33500,breakout,breakout,10,0.0,510
6,period,3100160,33500,breakout,space_invaders,1,10.0,1266
6,period,3100160,33500,breakout,space_invaders,2,23.0,1266
6,period,3100160,33500,breakout,space_invaders,3,11.0,1266
6,period,3100160,33500,breakout,space_invaders,4,9.0,1266
6,period,3100160,33500,breakout,space_invaders,5,11.0,1266
6,period,3100160,33500,breakout,space_invaders,6,9.0,1266
6,period,3100160,33500,breakout,space_invaders,7,9.0,1266
6,period,3100160,33500,breakout,space_invaders,8,12.0,1266
6,period,3100160,33500,breakout,space_invaders,9,23.0,1266
6,period,3100160,33500,breakout,space_invaders,10,12.0,1266
6,period,3100160,33500,breakout,freeway,1,21.0,25000
6,period,3100160,33500,breakout,freeway,2,24.0,25000
6,period,3100160,33500,breakout,freeway,3,20.0,25000
6,period,3100160,33500,breakout,freeway,4,29.0,25000
6,period,3100160,33500,breakout,freeway,5,19.0,25000
6,period,3100160,33500,breakout,freeway,6,23.0,25000
6,period,3100160,33500,breakout,freeway,7,27.0,25000
6,period,3100160,33500,breakout,freeway,8,28.0,25000
6,period,3100160,33500,breakout,freeway,9,26.0,25000
6,period,3100160,33500,breakout,freeway,10,26.0,25000
6,period,3125248,33957,breakout,breakout,1,5.0,542
6,period,3125248,33957,breakout,breakout,2,5.0,542
6,period,3125248,33957,breakout,breakout,3,5.0,542
6,period,3125248,33957,breakout,breakout,4,1.0,542
6,period,3125248,33957,breakout,breakout,5,5.0,542
6,period,3125248,33957,breakout,breakout,6,5.0,542
6,period,3125248,33957,breakout,breakout,7,6.0,542
6,period,3125248,33957,breakout,breakout,8,6.0,542
6,period,3125248,33957,breakout,breakout,9,5.0,542
6,period,3125248,33957,breakout,breakout,10,2.0,542
6,period,3125248,33957,breakout,space_invaders,1,10.0,1633
6,period,3125248,33957,breakout,space_invaders,2,21.0,1633
6,period,3125248,33957,breakout,space_invaders,3,21.0,1633
6,period,3125248,33957,breakout,space_invaders,4,34.0,1633
6,period,3125248,33957,breakout,space_invaders,5,9.0,1633
6,period,3125248,33957,breakout,space_invaders,6,16.0,1633
6,period,3125248,33957,breakout,space_invaders,7,12.0,1633
6,period,3125248,33957,breakout,space_invaders,8,9.0,1633
6,period,3125248,33957,breakout,space_invaders,9,18.0,1633
6,period,3125248,33957,breakout,space_invaders,10,6.0,1633
6,period,3125248,33957,breakout,freeway,1,27.0,25000
6,period,3125248,33957,breakout,freeway,2,35.0,25000
6,period,3125248,33957,breakout,freeway,3,18.0,25000
6,period,3125248,33957,breakout,freeway,4,24.0,25000
6,period,3125248,33957,breakout,freeway,5,29.0,25000
6,period,3125248,33957,breakout,freeway,6,25.0,25000
6,period,3125248,33957,breakout,freeway,7,30.0,25000
6,period,3125248,33957,breakout,freeway,8,22.0,25000
6,period,3125248,33957,breakout,freeway,9,32.0,25000
6,period,3125248,33957,breakout,freeway,10,15.0,25000
6,period,3150080,34413,breakout,breakout,1,5.0,642
6,period,3150080,34413,breakout,breakout,2,6.0,642
6,period,3150080,34413,breakout,breakout,3,6.0,642
6,period,3150080,34413,breakout,breakout,4,5.0,642
6,period,3150080,34413,breakout,breakout,5,5.0,642
6,period,3150080,34413,breakout,breakout,6,5.0,642
6,period,3150080,34413,breakout,breakout,7,6.0,642
6,period,3150080,34413,breakout,breakout,8,5.0,642
6,period,3150080,34413,breakout,breakout,9,6.0,642
6,period,3150080,34413,breakout,breakout,10,5.0,642
6,period,3150080,34413,breakout,space_invaders,1,3.0,987
6,period,3150080,34413,breakout,space_invaders,2,10.0,987
6,period,3150080,34413,breakout,space_invaders,3,15.0,987
6,period,3150080,34413,breakout,space_invaders,4,10.0,987
6,period,3150080,34413,breakout,space_invaders,5,16.0,987
6,period,3150080,34413,breakout,space_invaders,6,11.0,987
6,period,3150080,34413,breakout,space_invaders,7,9.0,987
6,period,3150080,34413,breakout,space_invaders,8,18.0,987
6,period,3150080,34413,breakout,space_invaders,9,10.0,987
6,period,3150080,34413,breakout,space_invaders,10,5.0,987
6,period,3150080,34413,breakout,freeway,1,18.0,25000
6,period,3150080,34413,breakout,freeway,2,37.0,25000
6,period,3150080,34413,breakout,freeway,3,15.0,25000
6,period,3150080,34413,breakout,freeway,4,25.0,25000
6,period,3150080,34413,breakout,freeway,5,29.0,25000
6,period,3150080,34413,breakout,freeway,6,31.0,25000
6,period,3150080,34413,breakout,freeway,7,30.0,25000
6,period,3150080,34413,breakout,freeway,8,19.0,25000
6,period,3150080,34413,breakout,freeway,9,34.0,25000
6,period,3150080,34413,breakout,freeway,10,29.0,25000
6,period,3175168,34852,breakout,breakout,1,3.0,382
6,period,3175168,34852,breakout,breakout,2,6.0,382
6,period,3175168,34852,breakout,breakout,3,2.0,382
6,period,3175168,34852,breakout,breakout,4,1.0,382
6,period,3175168,34852,breakout,breakout,5,5.0,382
6,period,3175168,34852,breakout,breakout,6,3.0,382
6,period,3175168,34852,breakout,breakout,7,2.0,382
6,period,3175168,34852,breakout,breakout,8,6.0,382
6,period,3175168,34852,breakout,breakout,9,2.0,382
6,period,3175168,34852,breakout,breakout,10,0.0,382
6,period,3175168,34852,breakout,space_invaders,1,12.0,970
6,period,3175168,34852,breakout,space_invaders,2,9.0,970
6,period,3175168,34852,breakout,space_invaders,3,9.0,970
6,period,3175168,34852,breakout,space_invaders,4,13.0,970
6,period,3175168,34852,breakout,space_invaders,5,15.0,970
6,period,3175168,34852,breakout,space_invaders,6,10.0,970
6,period,3175168,34852,breakout,space_invaders,7,9.0,970
6,period,3175168,34852,breakout,space_invaders,8,9.0,970
6,period,3175168,34852,breakout,space_invaders,9,17.0,970
6,period,3175168,34852,breakout,space_invaders,10,17.0,970
6,period,3175168,34852,breakout,freeway,1,29.0,25000
6,period,3175168,34852,breakout,freeway,2,18.0,25000
6,period,3175168,34852,breakout,freeway,3,29.0,25000
6,period,3175168,34852,breakout,freeway,4,25.0,25000
6,period,3175168,34852,breakout,freeway,5,23.0,25000
6,period,3175168,34852,breakout,freeway,6,22.0,25000
6,period,3175168,34852,breakout,freeway,7,27.0,25000
6,period,3175168,34852,breakout,freeway,8,23.0,25000
6,period,3175168,34852,breakout,freeway,9,17.0,25000
6,period,3175168,34852,breakout,freeway,10,25.0,25000
6,period,3200000,35323,breakout,breakout,1,6.0,604
6,period,3200000,35323,breakout,breakout,2,6.0,604
6,period,3200000,35323,breakout,breakout,3,6.0,604
6,period,3200000,35323,breakout,breakout,4,3.0,604
6,period,3200000,35323,breakout,breakout,5,6.0,604
6,period,3200000,35323,breakout,breakout,6,6.0,604
6,period,3200000,35323,breakout,breakout,7,2.0,604
6,period,3200000,35323,breakout,breakout,8,5.0,604
6,period,3200000,35323,breakout,breakout,9,5.0,604
6,period,3200000,35323,breakout,breakout,10,6.0,604
6,period,3200000,35323,breakout,space_invaders,1,16.0,1678
6,period,3200000,35323,breakout,space_invaders,2,11.0,1678
6,period,3200000,35323,breakout,space_invaders,3,14.0,1678
6,period,3200000,35323,breakout,space_invaders,4,19.0,1678
6,period,3200000,35323,breakout,space_invaders,5,13.0,1678
6,period,3200000,35323,breakout,space_invaders,6,17.0,1678
6,period,3200000,35323,breakout,space_invaders,7,8.0,1678
6,period,3200000,35323,breakout,space_invaders,8,6.0,1678
6,period,3200000,35323,breakout,space_invaders,9,23.0,1678
6,period,3200000,35323,breakout,space_invaders,10,17.0,1678
6,period,3200000,35323,breakout,freeway,1,31.0,25000
6,period,3200000,35323,breakout,freeway,2,24.0,25000
6,period,3200000,35323,breakout,freeway,3,24.0,25000
6,period,3200000,35323,breakout,freeway,4,27.0,25000
6,period,3200000,35323,breakout,freeway,5,27.0,25000
6,period,3200000,35323,breakout,freeway,6,30.0,25000
6,period,3200000,35323,breakout,freeway,7,19.0,25000
6,period,3200000,35323,breakout,freeway,8,29.0,25000
6,period,3200000,35323,breakout,freeway,9,23.0,25000
6,period,3200000,35323,breakout,freeway,10,22.0,25000
6,period,3225088,35779,breakout,breakout,1,2.0,488
6,period,3225088,35779,breakout,breakout,2,1.0,488
6,period,3225088,35779,breakout,breakout,3,5.0,488
6,period,3225088,35779,breakout,breakout,4,5.0,488
6,period,3225088,35779,breakout,breakout,5,5.0,488
6,period,3225088,35779,breakout,breakout,6,2.0,488
6,period,3225088,35779,breakout,breakout,7,6.0,488
6,period,3225088,35779,breakout,breakout,8,5.0,488
6,period,3225088,35779,breakout,breakout,9,6.0,488
6,period,3225088,35779,breakout,breakout,10,3.0,488
6,period,3225088,35779,breakout,space_invaders,1,16.0,1527
6,period,3225088,35779,breakout,space_invaders,2,8.0,1527
6,period,3225088,35779,breakout,space_invaders,3,18.0,1527
6,period,3225088,35779,breakout,space_invaders,4,9.0,1527
6,period,3225088,35779,breakout,space_invaders,5,17.0,1527
6,period,3225088,35779,breakout,space_invaders,6,20.0,1527
6,period,3225088,35779,breakout,space_invaders,7,11.0,1527
6,period,3225088,35779,breakout,space_invaders,8,12.0,1527
6,period,3225088,35779,breakout,space_invaders,9,17.0,1527
6,period,3225088,35779,breakout,space_invaders,10,25.0,1527
6,period,3225088,35779,breakout,freeway,1,19.0,25000
6,period,3225088,35779,breakout,freeway,2,21.0,25000
6,period,3225088,35779,breakout,freeway,3,19.0,25000
6,period,3225088,35779,breakout,freeway,4,25.0,25000
6,period,3225088,35779,breakout,freeway,5,25.0,25000
6,period,3225088,35779,breakout,freeway,6,26.0,25000
6,period,3225088,35779,breakout,freeway,7,22.0,25000
6,period,3225088,35779,breakout,freeway,8,29.0,25000
6,period,3225088,35779,breakout,freeway,9,25.0,25000
6,period,3225088,35779,breakout,freeway,10,28.0,25000
6,period,3250176,36211,breakout,breakout,1,5.0,596
6,period,3250176,36211,breakout,breakout,2,5.0,596
6,period,3250176,36211,breakout,breakout,3,5.0,596
6,period,3250176,36211,breakout,breakout,4,6.0,596
6,period,3250176,36211,breakout,breakout,5,6.0,596
6,period,3250176,36211,breakout,breakout,6,5.0,596
6,period,3250176,36211,breakout,breakout,7,6.0,596
6,period,3250176,36211,breakout,breakout,8,6.0,596
6,period,3250176,36211,breakout,breakout,9,1.0,596
6,period,3250176,36211,breakout,breakout,10,5.0,596
6,period,3250176,36211,breakout,space_invaders,1,17.0,1137
6,period,3250176,36211,breakout,space_invaders,2,10.0,1137
6,period,3250176,36211,breakout,space_invaders,3,11.0,1137
6,period,3250176,36211,breakout,space_invaders,4,9.0,1137
6,period,3250176,36211,breakout,space_invaders,5,4.0,1137
6,period,3250176,36211,breakout,space_invaders,6,12.0,1137
6,period,3250176,36211,breakout,space_invaders,7,8.0,1137
6,period,3250176,36211,breakout,space_invaders,8,17.0,1137
6,period,3250176,36211,breakout,space_invaders,9,21.0,1137
6,period,3250176,36211,breakout,space_invaders,10,11.0,1137
6,period,3250176,36211,breakout,freeway,1,24.0,25000
6,period,3250176,36211,breakout,freeway,2,22.0,25000
6,period,3250176,36211,breakout,freeway,3,25.0,25000
6,period,3250176,36211,breakout,freeway,4,22.0,25000
6,period,3250176,36211,breakout,freeway,5,32.0,25000
6,period,3250176,36211,breakout,freeway,6,26.0,25000
6,period,3250176,36211,breakout,freeway,7,27.0,25000
6,period,3250176,36211,breakout,freeway,8,12.0,25000
6,period,3250176,36211,breakout,freeway,9,31.0,25000
6,period,3250176,36211,breakout,freeway,10,20.0,25000
6,period,3275008,36657,breakout,breakout,1,5.0,548
6,period,3275008,36657,breakout,breakout,2,6.0,548
6,period,3275008,36657,breakout,breakout,3,3.0,548
6,period,3275008,36657,breakout,breakout,4,6.0,548
6,period,3275008,36657,breakout,breakout,5,5.0,548
6,period,3275008,36657,breakout,breakout,6,1.0,548
6,period,3275008,36657,breakout,breakout,7,5.0,548
6,period,3275008,36657,breakout,breakout,8,6.0,548
6,period,3275008,36657,breakout,breakout,9,5.0,548
6,period,3275008,36657,breakout,breakout,10,3.0,548
6,period,3275008,36657,breakout,space_invaders,1,14.0,1603
6,period,3275008,36657,breakout,space_invaders,2,16.0,1603
6,period,3275008,36657,breakout,space_invaders,3,9.0,1603
6,period,3275008,36657,breakout,space_invaders,4,19.0,1603
6,period,3275008,36657,breakout,space_invaders,5,11.0,1603
6,period,3275008,36657,breakout,space_invaders,6,15.0,1603
6,period,3275008,36657,breakout,space_invaders,7,21.0,1603
6,period,3275008,36657,breakout,space_invaders,8,23.0,1603
6,period,3275008,36657,breakout,space_invaders,9,20.0,1603
6,period,3275008,36657,breakout,space_invaders,10,9.0,1603
6,period,3275008,36657,breakout,freeway,1,24.0,25000
6,period,3275008,36657,breakout,freeway,2,23.0,25000
6,period,3275008,36657,breakout,freeway,3,23.0,25000
6,period,3275008,36657,breakout,freeway,4,22.0,25000
6,period,3275008,36657,breakout,freeway,5,22.0,25000
6,period,3275008,36657,breakout,freeway,6,29.0,25000
6,period,3275008,36657,breakout,freeway,7,27.0,25000
6,period,3275008,36657,breakout,freeway,8,22.0,25000
6,period,3275008,36657,breakout,freeway,9,23.0,25000
6,period,3275008,36657,breakout,freeway,10,23.0,25000
6,period,3300096,37114,breakout,breakout,1,6.0,632
6,period,3300096,37114,breakout,breakout,2,5.0,632
6,period,3300096,37114,breakout,breakout,3,6.0,632
6,period,3300096,37114,breakout,breakout,4,6.0,632
6,period,3300096,37114,breakout,breakout,5,5.0,632
6,period,3300096,37114,breakout,breakout,6,5.0,632
6,period,3300096,37114,breakout,breakout,7,5.0,632
6,period,3300096,37114,breakout,breakout,8,5.0,632
6,period,3300096,37114,breakout,breakout,9,6.0,632
6,period,3300096,37114,breakout,breakout,10,4.0,632
6,period,3300096,37114,breakout,space_invaders,1,13.0,908
6,period,3300096,37114,breakout,space_invaders,2,16.0,908
6,period,3300096,37114,breakout,space_invaders,3,14.0,908
6,period,3300096,37114,breakout,space_invaders,4,15.0,908
6,period,3300096,37114,breakout,space_invaders,5,7.0,908
6,period,3300096,37114,breakout,space_invaders,6,8.0,908
6,period,3300096,37114,breakout,space_invaders,7,13.0,908
6,period,3300096,37114,breakout,space_invaders,8,6.0,908
6,period,3300096,37114,breakout,space_invaders,9,7.0,908
6,period,3300096,37114,breakout,space_invaders,10,12.0,908
6,period,3300096,37114,breakout,freeway,1,27.0,25000
6,period,3300096,37114,breakout,freeway,2,23.0,25000
6,period,3300096,37114,breakout,freeway,3,19.0,25000
6,period,3300096,37114,breakout,freeway,4,12.0,25000
6,period,3300096,37114,breakout,freeway,5,17.0,25000
6,period,3300096,37114,breakout,freeway,6,28.0,25000
6,period,3300096,37114,breakout,freeway,7,27.0,25000
6,period,3300096,37114,breakout,freeway,8,25.0,25000
6,period,3300096,37114,breakout,freeway,9,29.0,25000
6,period,3300096,37114,breakout,freeway,10,24.0,25000
6,period,3325184,37562,breakout,breakout,1,5.0,650
6,period,3325184,37562,breakout,breakout,2,6.0,650
6,period,3325184,37562,breakout,breakout,3,5.0,650
6,period,3325184,37562,breakout,breakout,4,6.0,650
6,period,3325184,37562,breakout,breakout,5,6.0,650
6,period,3325184,37562,breakout,breakout,6,6.0,650
6,period,3325184,37562,breakout,breakout,7,6.0,650
6,period,3325184,37562,breakout,breakout,8,5.0,650
6,period,3325184,37562,breakout,breakout,9,5.0,650
6,period,3325184,37562,breakout,breakout,10,5.0,650
6,period,3325184,37562,breakout,space_invaders,1,21.0,1428
6,period,3325184,37562,breakout,space_invaders,2,19.0,1428
6,period,3325184,37562,breakout,space_invaders,3,9.0,1428
6,period,3325184,37562,breakout,space_invaders,4,8.0,1428
6,period,3325184,37562,breakout,space_invaders,5,14.0,1428
6,period,3325184,37562,breakout,space_invaders,6,15.0,1428
6,period,3325184,37562,breakout,space_invaders,7,4.0,1428
6,period,3325184,37562,breakout,space_invaders,8,10.0,1428
6,period,3325184,37562,breakout,space_invaders,9,13.0,1428
6,period,3325184,37562,breakout,space_invaders,10,18.0,1428
6,period,3325184,37562,breakout,freeway,1,26.0,25000
6,period,3325184,37562,breakout,freeway,2,22.0,25000
6,period,3325184,37562,breakout,freeway,3,24.0,25000
6,period,3325184,37562,breakout,freeway,4,25.0,25000
6,period,3325184,37562,breakout,freeway,5,23.0,25000
6,period,3325184,37562,breakout,freeway,6,25.0,25000
6,period,3325184,37562,breakout,freeway,7,24.0,25000
6,period,3325184,37562,breakout,freeway,8,26.0,25000
6,period,3325184,37562,breakout,freeway,9,20.0,25000
6,period,3325184,37562,breakout,freeway,10,16.0,25000
6,period,3350016,38027,breakout,breakout,1,5.0,586
6,period,3350016,38027,breakout,breakout,2,3.0,586
6,period,3350016,38027,breakout,breakout,3,6.0,586
6,period,3350016,38027,breakout,breakout,4,3.0,586
6,period,3350016,38027,breakout,breakout,5,6.0,586
6,period,3350016,38027,breakout,breakout,6,6.0,586
6,period,3350016,38027,breakout,breakout,7,5.0,586
6,period,3350016,38027,breakout,breakout,8,4.0,586
6,period,3350016,38027,breakout,breakout,9,5.0,586
6,period,3350016,38027,breakout,breakout,10,6.0,586
6,period,3350016,38027,breakout,space_invaders,1,23.0,1171
6,period,3350016,38027,breakout,space_invaders,2,19.0,1171
6,period,3350016,38027,breakout,space_invaders,3,21.0,1171
6,period,3350016,38027,breakout,space_invaders,4,11.0,1171
6,period,3350016,38027,breakout,space_invaders,5,12.0,1171
6,period,3350016,38027,breakout,space_invaders,6,5.0,1171
6,period,3350016,38027,breakout,space_invaders,7,12.0,1171
6,period,3350016,38027,breakout,space_invaders,8,11.0,1171
6,period,3350016,38027,breakout,space_invaders,9,9.0,1171
6,period,3350016,38027,breakout,space_invaders,10,9.0,1171
6,period,3350016,38027,breakout,freeway,1,26.0,25000
6,period,3350016,38027,breakout,freeway,2,27.0,25000
6,period,3350016,38027,breakout,freeway,3,16.0,25000
6,period,3350016,38027,breakout,freeway,4,23.0,25000
6,period,3350016,38027,breakout,freeway,5,32.0,25000
6,period,3350016,38027,breakout,freeway,6,20.0,25000
6,period,3350016,38027,breakout,freeway,7,33.0,25000
6,period,3350016,38027,breakout,freeway,8,38.0,25000
6,period,3350016,38027,breakout,freeway,9,18.0,25000
6,period,3350016,38027,breakout,freeway,10,31.0,25000
6,period,3375104,38453,breakout,breakout,1,5.0,650
6,period,3375104,38453,breakout,breakout,2,6.0,650
6,period,3375104,38453,breakout,breakout,3,6.0,650
6,period,3375104,38453,breakout,breakout,4,6.0,650
6,period,3375104,38453,breakout,breakout,5,5.0,650
6,period,3375104,38453,breakout,breakout,6,5.0,650
6,period,3375104,38453,breakout,breakout,7,6.0,650
6,period,3375104,38453,breakout,breakout,8,5.0,650
6,period,3375104,38453,breakout,breakout,9,6.0,650
6,period,3375104,38453,breakout,breakout,10,5.0,650
6,period,3375104,38453,breakout,space_invaders,1,13.0,841
6,period,3375104,38453,breakout,space_invaders,2,15.0,841
6,period,3375104,38453,breakout,space_invaders,3,13.0,841
6,period,3375104,38453,breakout,space_invaders,4,12.0,841
6,period,3375104,38453,breakout,space_invaders,5,10.0,841
6,period,3375104,38453,breakout,space_invaders,6,11.0,841
6,period,3375104,38453,breakout,space_invaders,7,10.0,841
6,period,3375104,38453,breakout,space_invaders,8,8.0,841
6,period,3375104,38453,breakout,space_invaders,9,11.0,841
6,period,3375104,38453,breakout,space_invaders,10,10.0,841
6,period,3375104,38453,breakout,freeway,1,27.0,25000
6,period,3375104,38453,breakout,freeway,2,27.0,25000
6,period,3375104,38453,breakout,freeway,3,23.0,25000
6,period,3375104,38453,breakout,freeway,4,12.0,25000
6,period,3375104,38453,breakout,freeway,5,24.0,25000
6,period,3375104,38453,breakout,freeway,6,30.0,25000
6,period,3375104,38453,breakout,freeway,7,19.0,25000
6,period,3375104,38453,breakout,freeway,8,20.0,25000
6,period,3375104,38453,breakout,freeway,9,32.0,25000
6,period,3375104,38453,breakout,freeway,10,20.0,25000
6,period,3400192,38873,breakout,breakout,1,6.0,600
6,period,3400192,38873,breakout,breakout,2,5.0,600
6,period,3400192,38873,breakout,breakout,3,2.0,600
6,period,3400192,38873,breakout,breakout,4,6.0,600
6,period,3400192,38873,breakout,breakout,5,5.0,600
6,period,3400192,38873,breakout,breakout,6,5.0,600
6,period,3400192,38873,breakout,breakout,7,5.0,600
6,period,3400192,38873,breakout,breakout,8,4.0,600
6,period,3400192,38873,breakout,breakout,9,6.0,600
6,period,3400192,38873,breakout,breakout,10,6.0,600
6,period,3400192,38873,breakout,space_invaders,1,11.0,1141
6,period,3400192,38873,breakout,space_invaders,2,14.0,1141
6,period,3400192,38873,breakout,space_invaders,3,10.0,1141
6,period,3400192,38873,breakout,space_invaders,4,6.0,1141
6,period,3400192,38873,breakout,space_invaders,5,11.0,1141
6,period,3400192,38873,breakout,space_invaders,6,10.0,1141
6,period,3400192,38873,breakout,space_invaders,7,13.0,1141
6,period,3400192,38873,breakout,space_invaders,8,21.0,1141
6,period,3400192,38873,breakout,space_invaders,9,12.0,1141
6,period,3400192,38873,breakout,space_invaders,10,15.0,1141
6,period,3400192,38873,breakout,freeway,1,15.0,25000
6,period,3400192,38873,breakout,freeway,2,24.0,25000
6,period,3400192,38873,breakout,freeway,3,31.0,25000
6,period,3400192,38873,breakout,freeway,4,33.0,25000
6,period,3400192,38873,breakout,freeway,5,28.0,25000
6,period,3400192,38873,breakout,freeway,6,21.0,25000
6,period,3400192,38873,breakout,freeway,7,22.0,25000
6,period,3400192,38873,breakout,freeway,8,25.0,25000
6,period,3400192,38873,breakout,freeway,9,21.0,25000
6,period,3400192,38873,breakout,freeway,10,23.0,25000
6,period,3425024,39286,breakout,breakout,1,5.0,630
6,period,3425024,39286,breakout,breakout,2,5.0,630
6,period,3425024,39286,breakout,breakout,3,5.0,630
6,period,3425024,39286,breakout,breakout,4,5.0,630
6,period,3425024,39286,breakout,breakout,5,5.0,630
6,period,3425024,39286,breakout,breakout,6,6.0,630
6,period,3425024,39286,breakout,breakout,7,6.0,630
6,period,3425024,39286,breakout,breakout,8,6.0,630
6,period,3425024,39286,breakout,breakout,9,5.0,630
6,period,3425024,39286,breakout,breakout,10,5.0,630
6,period,3425024,39286,breakout,space_invaders,1,11.0,1295
6,period,3425024,39286,breakout,space_invaders,2,11.0,1295
6,period,3425024,39286,breakout,space_invaders,3,17.0,1295
6,period,3425024,39286,breakout,space_invaders,4,10.0,1295
6,period,3425024,39286,breakout,space_invaders,5,14.0,1295
6,period,3425024,39286,breakout,space_invaders,6,22.0,1295
6,period,3425024,39286,breakout,space_invaders,7,10.0,1295
6,period,3425024,39286,breakout,space_invaders,8,11.0,1295
6,period,3425024,39286,breakout,space_invaders,9,23.0,1295
6,period,3425024,39286,breakout,space_invaders,10,13.0,1295
6,period,3425024,39286,breakout,freeway,1,21.0,25000
6,period,3425024,39286,breakout,freeway,2,15.0,25000
6,period,3425024,39286,breakout,freeway,3,20.0,25000
6,period,3425024,39286,breakout,freeway,4,23.0,25000
6,period,3425024,39286,breakout,freeway,5,19.0,25000
6,period,3425024,39286,breakout,freeway,6,21.0,25000
6,period,3425024,39286,breakout,freeway,7,26.0,25000
6,period,3425024,39286,breakout,freeway,8,31.0,25000
6,period,3425024,39286,breakout,freeway,9,28.0,25000
6,period,3425024,39286,breakout,freeway,10,18.0,25000
6,period,3450112,39708,breakout,breakout,1,6.0,554
6,period,3450112,39708,breakout,breakout,2,5.0,554
6,period,3450112,39708,breakout,breakout,3,6.0,554
6,period,3450112,39708,breakout,breakout,4,6.0,554
6,period,3450112,39708,breakout,breakout,5,5.0,554
6,period,3450112,39708,breakout,breakout,6,1.0,554
6,period,3450112,39708,breakout,breakout,7,5.0,554
6,period,3450112,39708,breakout,breakout,8,5.0,554
6,period,3450112,39708,breakout,breakout,9,5.0,554
6,period,3450112,39708,breakout,breakout,10,2.0,554
6,period,3450112,39708,breakout,space_invaders,1,16.0,1155
6,period,3450112,39708,breakout,space_invaders,2,11.0,1155
6,period,3450112,39708,breakout,space_invaders,3,16.0,1155
6,period,3450112,39708,breakout,space_invaders,4,19.0,1155
6,period,3450112,39708,breakout,space_invaders,5,12.0,1155
6,period,3450112,39708,breakout,space_invaders,6,7.0,1155
6,period,3450112,39708,breakout,space_invaders,7,10.0,1155
6,period,3450112,39708,breakout,space_invaders,8,10.0,1155
6,period,3450112,39708,breakout,space_invaders,9,14.0,1155
6,period,3450112,39708,breakout,space_invaders,10,13.0,1155
6,period,3450112,39708,breakout,freeway,1,19.0,25000
6,period,3450112,39708,breakout,freeway,2,27.0,25000
6,period,3450112,39708,breakout,freeway,3,23.0,25000
6,period,3450112,39708,breakout,freeway,4,22.0,25000
6,period,3450112,39708,breakout,freeway,5,21.0,25000
6,period,3450112,39708,breakout,freeway,6,24.0,25000
6,period,3450112,39708,breakout,freeway,7,23.0,25000
6,period,3450112,39708,breakout,freeway,8,26.0,25000
6,period,3450112,39708,breakout,freeway,9,27.0,25000
6,period,3450112,39708,breakout,freeway,10,24.0,25000
6,period,3475200,40123,breakout,breakout,1,5.0,516
6,period,3475200,40123,breakout,breakout,2,3.0,516
6,period,3475200,40123,breakout,breakout,3,5.0,516
6,period,3475200,40123,breakout,breakout,4,6.0,516
6,period,3475200,40123,breakout,breakout,5,3.0,516
6,period,3475200,40123,breakout,breakout,6,3.0,516
6,period,3475200,40123,breakout,breakout,7,5.0,516
6,period,3475200,40123,breakout,breakout,8,2.0,516
6,period,3475200,40123,breakout,breakout,9,5.0,516
6,period,3475200,40123,breakout,breakout,10,5.0,516
6,period,3475200,40123,breakout,space_invaders,1,9.0,811
6,period,3475200,40123,breakout,space_invaders,2,12.0,811
6,period,3475200,40123,breakout,space_invaders,3,8.0,811
6,period,3475200,40123,breakout,space_invaders,4,10.0,811
6,period,3475200,40123,breakout,space_invaders,5,16.0,811
6,period,3475200,40123,breakout,space_invaders,6,6.0,811
6,period,3475200,40123,breakout,space_invaders,7,9.0,811
6,period,3475200,40123,breakout,space_invaders,8,9.0,811
6,period,3475200,40123,breakout,space_invaders,9,12.0,811
6,period,3475200,40123,breakout,space_invaders,10,13.0,811
6,period,3475200,40123,breakout,freeway,1,24.0,25000
6,period,3475200,40123,breakout,freeway,2,36.0,25000
6,period,3475200,40123,breakout,freeway,3,17.0,25000
6,period,3475200,40123,breakout,freeway,4,28.0,25000
6,period,3475200,40123,breakout,freeway,5,5.0,25000
6,period,3475200,40123,breakout,freeway,6,19.0,25000
6,period,3475200,40123,breakout,freeway,7,28.0,25000
6,period,3475200,40123,breakout,freeway,8,11.0,25000
6,period,3475200,40123,breakout,freeway,9,17.0,25000
6,period,3475200,40123,breakout,freeway,10,29.0,25000
7,boundary,3999744,43191,space_invaders,breakout,1,5.0,594
7,boundary,3999744,43191,space_invaders,breakout,2,2.0,594
7,boundary,3999744,43191,space_invaders,breakout,3,5.0,594
7,boundary,3999744,43191,space_invaders,breakout,4,6.0,594
7,boundary,3999744,43191,space_invaders,breakout,5,5.0,594
7,boundary,3999744,43191,space_invaders,breakout,6,6.0,594
7,boundary,3999744,43191,space_invaders,breakout,7,3.0,594
7,boundary,3999744,43191,space_invaders,breakout,8,6.0,594
7,boundary,3999744,43191,space_invaders,breakout,9,5.0,594
7,boundary,3999744,43191,space_invaders,breakout,10,6.0,594
7,boundary,3999744,43191,space_invaders,space_invaders,1,23.0,3120
7,boundary,3999744,43191,space_invaders,space_invaders,2,25.0,3120
7,boundary,3999744,43191,space_invaders,space_invaders,3,23.0,3120
7,boundary,3999744,43191,space_invaders,space_invaders,4,61.0,3120
7,boundary,3999744,43191,space_invaders,space_invaders,5,20.0,3120
7,boundary,3999744,43191,space_invaders,space_invaders,6,47.0,3120
7,boundary,3999744,43191,space_invaders,space_invaders,7,22.0,3120
7,boundary,3999744,43191,space_invaders,space_invaders,8,20.0,3120
7,boundary,3999744,43191,space_invaders,space_invaders,9,43.0,3120
7,boundary,3999744,43191,space_invaders,space_invaders,10,25.0,3120
7,boundary,3999744,43191,space_invaders,freeway,1,10.0,25000
7,boundary,3999744,43191,space_invaders,freeway,2,16.0,25000
7,boundary,3999744,43191,space_invaders,freeway,3,12.0,25000
7,boundary,3999744,43191,space_invaders,freeway,4,5.0,25000
7,boundary,3999744,43191,space_invaders,freeway,5,9.0,25000
7,boundary,3999744,43191,space_invaders,freeway,6,19.0,25000
7,boundary,3999744,43191,space_invaders,freeway,7,17.0,25000
7,boundary,3999744,43191,space_invaders,freeway,8,12.0,25000
7,boundary,3999744,43191,space_invaders,freeway,9,12.0,25000
7,boundary,3999744,43191,space_invaders,freeway,10,9.0,25000
7,period,3500032,40522,space_invaders,breakout,1,5.0,622
7,period,3500032,40522,space_invaders,breakout,2,4.0,622
7,period,3500032,40522,space_invaders,breakout,3,5.0,622
7,period,3500032,40522,space_invaders,breakout,4,6.0,622
7,period,3500032,40522,space_invaders,breakout,5,5.0,622
7,period,3500032,40522,space_invaders,breakout,6,5.0,622
7,period,3500032,40522,space_invaders,breakout,7,6.0,622
7,period,3500032,40522,space_invaders,breakout,8,5.0,622
7,period,3500032,40522,space_invaders,breakout,9,5.0,622
7,period,3500032,40522,space_invaders,breakout,10,6.0,622
7,period,3500032,40522,space_invaders,space_invaders,1,16.0,986
7,period,3500032,40522,space_invaders,space_invaders,2,18.0,986
7,period,3500032,40522,space_invaders,space_invaders,3,11.0,986
7,period,3500032,40522,space_invaders,space_invaders,4,10.0,986
7,period,3500032,40522,space_invaders,space_invaders,5,14.0,986
7,period,3500032,40522,space_invaders,space_invaders,6,11.0,986
7,period,3500032,40522,space_invaders,space_invaders,7,11.0,986
7,period,3500032,40522,space_invaders,space_invaders,8,10.0,986
7,period,3500032,40522,space_invaders,space_invaders,9,15.0,986
7,period,3500032,40522,space_invaders,space_invaders,10,9.0,986
7,period,3500032,40522,space_invaders,freeway,1,16.0,25000
7,period,3500032,40522,space_invaders,freeway,2,31.0,25000
7,period,3500032,40522,space_invaders,freeway,3,21.0,25000
7,period,3500032,40522,space_invaders,freeway,4,19.0,25000
7,period,3500032,40522,space_invaders,freeway,5,24.0,25000
7,period,3500032,40522,space_invaders,freeway,6,18.0,25000
7,period,3500032,40522,space_invaders,freeway,7,30.0,25000
7,period,3500032,40522,space_invaders,freeway,8,23.0,25000
7,period,3500032,40522,space_invaders,freeway,9,23.0,25000
7,period,3500032,40522,space_invaders,freeway,10,27.0,25000
7,period,3525120,40977,space_invaders,breakout,1,5.0,556
7,period,3525120,40977,space_invaders,breakout,2,5.0,556
7,period,3525120,40977,space_invaders,breakout,3,6.0,556
7,period,3525120,40977,space_invaders,breakout,4,5.0,556
7,period,3525120,40977,space_invaders,breakout,5,4.0,556
7,period,3525120,40977,space_invaders,breakout,6,5.0,556
7,period,3525120,40977,space_invaders,breakout,7,5.0,556
7,period,3525120,40977,space_invaders,breakout,8,0.0,556
7,period,3525120,40977,space_invaders,breakout,9,6.0,556
7,period,3525120,40977,space_invaders,breakout,10,5.0,556
7,period,3525120,40977,space_invaders,space_invaders,1,17.0,1665
7,period,3525120,40977,space_invaders,space_invaders,2,3.0,1665
7,period,3525120,40977,space_invaders,space_invaders,3,3.0,1665
7,period,3525120,40977,space_invaders,space_invaders,4,13.0,1665
7,period,3525120,40977,space_invaders,space_invaders,5,11.0,1665
7,period,3525120,40977,space_invaders,space_invaders,6,19.0,1665
7,period,3525120,40977,space_invaders,space_invaders,7,17.0,1665
7,period,3525120,40977,space_invaders,space_invaders,8,11.0,1665
7,period,3525120,40977,space_invaders,space_invaders,9,13.0,1665
7,period,3525120,40977,space_invaders,space_invaders,10,12.0,1665
7,period,3525120,40977,space_invaders,freeway,1,30.0,25000
7,period,3525120,40977,space_invaders,freeway,2,12.0,25000
7,period,3525120,40977,space_invaders,freeway,3,20.0,25000
7,period,3525120,40977,space_invaders,freeway,4,23.0,25000
7,period,3525120,40977,space_invaders,freeway,5,23.0,25000
7,period,3525120,40977,space_invaders,freeway,6,22.0,25000
7,period,3525120,40977,space_invaders,freeway,7,20.0,25000
7,period,3525120,40977,space_invaders,freeway,8,25.0,25000
7,period,3525120,40977,space_invaders,freeway,9,24.0,25000
7,period,3525120,40977,space_invaders,freeway,10,19.0,25000
7,period,3550208,41121,space_invaders,breakout,1,5.0,606
7,period,3550208,41121,space_invaders,breakout,2,4.0,606
7,period,3550208,41121,space_invaders,breakout,3,5.0,606
7,period,3550208,41121,space_invaders,breakout,4,5.0,606
7,period,3550208,41121,space_invaders,breakout,5,4.0,606
7,period,3550208,41121,space_invaders,breakout,6,6.0,606
7,period,3550208,41121,space_invaders,breakout,7,5.0,606
7,period,3550208,41121,space_invaders,breakout,8,6.0,606
7,period,3550208,41121,space_invaders,breakout,9,5.0,606
7,period,3550208,41121,space_invaders,breakout,10,6.0,606
7,period,3550208,41121,space_invaders,space_invaders,1,3.0,1058
7,period,3550208,41121,space_invaders,space_invaders,2,3.0,1058
7,period,3550208,41121,space_invaders,space_invaders,3,3.0,1058
7,period,3550208,41121,space_invaders,space_invaders,4,16.0,1058
7,period,3550208,41121,space_invaders,space_invaders,5,23.0,1058
7,period,3550208,41121,space_invaders,space_invaders,6,3.0,1058
7,period,3550208,41121,space_invaders,space_invaders,7,15.0,1058
7,period,3550208,41121,space_invaders,space_invaders,8,16.0,1058
7,period,3550208,41121,space_invaders,space_invaders,9,17.0,1058
7,period,3550208,41121,space_invaders,space_invaders,10,3.0,1058
7,period,3550208,41121,space_invaders,freeway,1,29.0,25000
7,period,3550208,41121,space_invaders,freeway,2,26.0,25000
7,period,3550208,41121,space_invaders,freeway,3,20.0,25000
7,period,3550208,41121,space_invaders,freeway,4,8.0,25000
7,period,3550208,41121,space_invaders,freeway,5,14.0,25000
7,period,3550208,41121,space_invaders,freeway,6,19.0,25000
7,period,3550208,41121,space_invaders,freeway,7,19.0,25000
7,period,3550208,41121,space_invaders,freeway,8,20.0,25000
7,period,3550208,41121,space_invaders,freeway,9,21.0,25000
7,period,3550208,41121,space_invaders,freeway,10,22.0,25000
7,period,3575040,41361,space_invaders,breakout,1,4.0,370
7,period,3575040,41361,space_invaders,breakout,2,5.0,370
7,period,3575040,41361,space_invaders,breakout,3,5.0,370
7,period,3575040,41361,space_invaders,breakout,4,0.0,370
7,period,3575040,41361,space_invaders,breakout,5,1.0,370
7,period,3575040,41361,space_invaders,breakout,6,0.0,370
7,period,3575040,41361,space_invaders,breakout,7,4.0,370
7,period,3575040,41361,space_invaders,breakout,8,5.0,370
7,period,3575040,41361,space_invaders,breakout,9,0.0,370
7,period,3575040,41361,space_invaders,breakout,10,5.0,370
7,period,3575040,41361,space_invaders,space_invaders,1,11.0,1016
7,period,3575040,41361,space_invaders,space_invaders,2,19.0,1016
7,period,3575040,41361,space_invaders,space_invaders,3,5.0,1016
7,period,3575040,41361,space_invaders,space_invaders,4,5.0,1016
7,period,3575040,41361,space_invaders,space_invaders,5,5.0,1016
7,period,3575040,41361,space_invaders,space_invaders,6,5.0,1016
7,period,3575040,41361,space_invaders,space_invaders,7,9.0,1016
7,period,3575040,41361,space_invaders,space_invaders,8,5.0,1016
7,period,3575040,41361,space_invaders,space_invaders,9,5.0,1016
7,period,3575040,41361,space_invaders,space_invaders,10,14.0,1016
7,period,3575040,41361,space_invaders,freeway,1,26.0,25000
7,period,3575040,41361,space_invaders,freeway,2,21.0,25000
7,period,3575040,41361,space_invaders,freeway,3,20.0,25000
7,period,3575040,41361,space_invaders,freeway,4,29.0,25000
7,period,3575040,41361,space_invaders,freeway,5,20.0,25000
7,period,3575040,41361,space_invaders,freeway,6,17.0,25000
7,period,3575040,41361,space_invaders,freeway,7,23.0,25000
7,period,3575040,41361,space_invaders,freeway,8,24.0,25000
7,period,3575040,41361,space_invaders,freeway,9,18.0,25000
7,period,3575040,41361,space_invaders,freeway,10,28.0,25000
7,period,3600128,41555,space_invaders,breakout,1,6.0,630
7,period,3600128,41555,space_invaders,breakout,2,6.0,630
7,period,3600128,41555,space_invaders,breakout,3,5.0,630
7,period,3600128,41555,space_invaders,breakout,4,6.0,630
7,period,3600128,41555,space_invaders,breakout,5,4.0,630
7,period,3600128,41555,space_invaders,breakout,6,6.0,630
7,period,3600128,41555,space_invaders,breakout,7,4.0,630
7,period,3600128,41555,space_invaders,breakout,8,5.0,630
7,period,3600128,41555,space_invaders,breakout,9,5.0,630
7,period,3600128,41555,space_invaders,breakout,10,6.0,630
7,period,3600128,41555,space_invaders,space_invaders,1,19.0,2274
7,period,3600128,41555,space_invaders,space_invaders,2,14.0,2274
7,period,3600128,41555,space_invaders,space_invaders,3,11.0,2274
7,period,3600128,41555,space_invaders,space_invaders,4,13.0,2274
7,period,3600128,41555,space_invaders,space_invaders,5,22.0,2274
7,period,3600128,41555,space_invaders,space_invaders,6,17.0,2274
7,period,3600128,41555,space_invaders,space_invaders,7,23.0,2274
7,period,3600128,41555,space_invaders,space_invaders,8,18.0,2274
7,period,3600128,41555,space_invaders,space_invaders,9,32.0,2274
7,period,3600128,41555,space_invaders,space_invaders,10,23.0,2274
7,period,3600128,41555,space_invaders,freeway,1,12.0,25000
7,period,3600128,41555,space_invaders,freeway,2,21.0,25000
7,period,3600128,41555,space_invaders,freeway,3,20.0,25000
7,period,3600128,41555,space_invaders,freeway,4,21.0,25000
7,period,3600128,41555,space_invaders,freeway,5,20.0,25000
7,period,3600128,41555,space_invaders,freeway,6,17.0,25000
7,period,3600128,41555,space_invaders,freeway,7,28.0,25000
7,period,3600128,41555,space_invaders,freeway,8,27.0,25000
7,period,3600128,41555,space_invaders,freeway,9,22.0,25000
7,period,3600128,41555,space_invaders,freeway,10,24.0,25000
7,period,3625216,41669,space_invaders,breakout,1,3.0,596
7,period,3625216,41669,space_invaders,breakout,2,5.0,596
7,period,3625216,41669,space_invaders,breakout,3,5.0,596
7,period,3625216,41669,space_invaders,breakout,4,6.0,596
7,period,3625216,41669,space_invaders,breakout,5,6.0,596
7,period,3625216,41669,space_invaders,breakout,6,5.0,596
7,period,3625216,41669,space_invaders,breakout,7,6.0,596
7,period,3625216,41669,space_invaders,breakout,8,5.0,596
7,period,3625216,41669,space_invaders,breakout,9,5.0,596
7,period,3625216,41669,space_invaders,breakout,10,3.0,596
7,period,3625216,41669,space_invaders,space_invaders,1,14.0,1692
7,period,3625216,41669,space_invaders,space_invaders,2,12.0,1692
7,period,3625216,41669,space_invaders,space_invaders,3,35.0,1692
7,period,3625216,41669,space_invaders,space_invaders,4,14.0,1692
7,period,3625216,41669,space_invaders,space_invaders,5,18.0,1692
7,period,3625216,41669,space_invaders,space_invaders,6,11.0,1692
7,period,3625216,41669,space_invaders,space_invaders,7,12.0,1692
7,period,3625216,41669,space_invaders,space_invaders,8,11.0,1692
7,period,3625216,41669,space_invaders,space_invaders,9,23.0,1692
7,period,3625216,41669,space_invaders,space_invaders,10,36.0,1692
7,period,3625216,41669,space_invaders,freeway,1,21.0,25000
7,period,3625216,41669,space_invaders,freeway,2,21.0,25000
7,period,3625216,41669,space_invaders,freeway,3,21.0,25000
7,period,3625216,41669,space_invaders,freeway,4,17.0,25000
7,period,3625216,41669,space_invaders,freeway,5,15.0,25000
7,period,3625216,41669,space_invaders,freeway,6,12.0,25000
7,period,3625216,41669,space_invaders,freeway,7,21.0,25000
7,period,3625216,41669,space_invaders,freeway,8,16.0,25000
7,period,3625216,41669,space_invaders,freeway,9,24.0,25000
7,period,3625216,41669,space_invaders,freeway,10,24.0,25000
7,period,3650048,41808,space_invaders,breakout,1,6.0,630
7,period,3650048,41808,space_invaders,breakout,2,2.0,630
7,period,3650048,41808,space_invaders,breakout,3,5.0,630
7,period,3650048,41808,space_invaders,breakout,4,5.0,630
7,period,3650048,41808,space_invaders,breakout,5,6.0,630
7,period,3650048,41808,space_invaders,breakout,6,6.0,630
7,period,3650048,41808,space_invaders,breakout,7,5.0,630
7,period,3650048,41808,space_invaders,breakout,8,6.0,630
7,period,3650048,41808,space_invaders,breakout,9,6.0,630
7,period,3650048,41808,space_invaders,breakout,10,6.0,630
7,period,3650048,41808,space_invaders,space_invaders,1,43.0,2644
7,period,3650048,41808,space_invaders,space_invaders,2,15.0,2644
7,period,3650048,41808,space_invaders,space_invaders,3,18.0,2644
7,period,3650048,41808,space_invaders,space_invaders,4,23.0,2644
7,period,3650048,41808,space_invaders,space_invaders,5,40.0,2644
7,period,3650048,41808,space_invaders,space_invaders,6,23.0,2644
7,period,3650048,41808,space_invaders,space_invaders,7,23.0,2644
7,period,3650048,41808,space_invaders,space_invaders,8,22.0,2644
7,period,3650048,41808,space_invaders,space_invaders,9,23.0,2644
7,period,3650048,41808,space_invaders,space_invaders,10,7.0,2644
7,period,3650048,41808,space_invaders,freeway,1,23.0,25000
7,period,3650048,41808,space_invaders,freeway,2,18.0,25000
7,period,3650048,41808,space_invaders,freeway,3,17.0,25000
7,period,3650048,41808,space_invaders,freeway,4,18.0,25000
7,period,3650048,41808,space_invaders,freeway,5,22.0,25000
7,period,3650048,41808,space_invaders,freeway,6,22.0,25000
7,period,3650048,41808,space_invaders,freeway,7,22.0,25000
7,period,3650048,41808,space_invaders,freeway,8,22.0,25000
7,period,3650048,41808,space_invaders,freeway,9,24.0,25000
7,period,3650048,41808,space_invaders,freeway,10,22.0,25000
7,period,3675136,41946,space_invaders,breakout,1,6.0,626
7,period,3675136,41946,space_invaders,breakout,2,6.0,626
7,period,3675136,41946,space_invaders,breakout,3,6.0,626
7,period,3675136,41946,space_invaders,breakout,4,5.0,626
7,period,3675136,41946,space_invaders,breakout,5,5.0,626
7,period,3675136,41946,space_invaders,breakout,6,6.0,626
7,period,3675136,41946,space_invaders,breakout,7,2.0,626
7,period,3675136,41946,space_invaders,breakout,8,6.0,626
7,period,3675136,41946,space_invaders,breakout,9,5.0,626
7,period,3675136,41946,space_invaders,breakout,10,5.0,626
7,period,3675136,41946,space_invaders,space_invaders,1,23.0,2059
7,period,3675136,41946,space_invaders,space_invaders,2,23.0,2059
7,period,3675136,41946,space_invaders,space_invaders,3,23.0,2059
7,period,3675136,41946,space_invaders,space_invaders,4,16.0,2059
7,period,3675136,41946,space_invaders,space_invaders,5,6.0,2059
7,period,3675136,41946,space_invaders,space_invaders,6,23.0,2059
7,period,3675136,41946,space_invaders,space_invaders,7,23.0,2059
7,period,3675136,41946,space_invaders,space_invaders,8,15.0,2059
7,period,3675136,41946,space_invaders,space_invaders,9,23.0,2059
7,period,3675136,41946,space_invaders,space_invaders,10,16.0,2059
7,period,3675136,41946,space_invaders,freeway,1,17.0,25000
7,period,3675136,41946,space_invaders,freeway,2,25.0,25000
7,period,3675136,41946,space_invaders,freeway,3,20.0,25000
7,period,3675136,41946,space_invaders,freeway,4,17.0,25000
7,period,3675136,41946,space_invaders,freeway,5,16.0,25000
7,period,3675136,41946,space_invaders,freeway,6,25.0,25000
7,period,3675136,41946,space_invaders,freeway,7,18.0,25000
7,period,3675136,41946,space_invaders,freeway,8,19.0,25000
7,period,3675136,41946,space_invaders,freeway,9,23.0,25000
7,period,3675136,41946,space_invaders,freeway,10,20.0,25000
7,period,3700224,42046,space_invaders,breakout,1,6.0,678
7,period,3700224,42046,space_invaders,breakout,2,6.0,678
7,period,3700224,42046,space_invaders,breakout,3,5.0,678
7,period,3700224,42046,space_invaders,breakout,4,6.0,678
7,period,3700224,42046,space_invaders,breakout,5,6.0,678
7,period,3700224,42046,space_invaders,breakout,6,6.0,678
7,period,3700224,42046,space_invaders,breakout,7,5.0,678
7,period,3700224,42046,space_invaders,breakout,8,6.0,678
7,period,3700224,42046,space_invaders,breakout,9,5.0,678
7,period,3700224,42046,space_invaders,breakout,10,6.0,678
7,period,3700224,42046,space_invaders,space_invaders,1,23.0,1644
7,period,3700224,42046,space_invaders,space_invaders,2,34.0,1644
7,period,3700224,42046,space_invaders,space_invaders,3,19.0,1644
7,period,3700224,42046,space_invaders,space_invaders,4,23.0,1644
7,period,3700224,42046,space_invaders,space_invaders,5,5.0,1644
7,period,3700224,42046,space_invaders,space_invaders,6,13.0,1644
7,period,3700224,42046,space_invaders,space_invaders,7,21.0,1644
7,period,3700224,42046,space_invaders,space_invaders,8,9.0,1644
7,period,3700224,42046,space_invaders,space_invaders,9,7.0,1644
7,period,3700224,42046,space_invaders,space_invaders,10,14.0,1644
7,period,3700224,42046,space_invaders,freeway,1,23.0,25000
7,period,3700224,42046,space_invaders,freeway,2,23.0,25000
7,period,3700224,42046,space_invaders,freeway,3,27.0,25000
7,period,3700224,42046,space_invaders,freeway,4,24.0,25000
7,period,3700224,42046,space_invaders,freeway,5,22.0,25000
7,period,3700224,42046,space_invaders,freeway,6,15.0,25000
7,period,3700224,42046,space_invaders,freeway,7,23.0,25000
7,period,3700224,42046,space_invaders,freeway,8,16.0,25000
7,period,3700224,42046,space_invaders,freeway,9,24.0,25000
7,period,3700224,42046,space_invaders,freeway,10,20.0,25000
7,period,3725056,42161,space_invaders,breakout,1,6.0,624
7,period,3725056,42161,space_invaders,breakout,2,5.0,624
7,period,3725056,42161,space_invaders,breakout,3,5.0,624
7,period,3725056,42161,space_invaders,breakout,4,6.0,624
7,period,3725056,42161,space_invaders,breakout,5,6.0,624
7,period,3725056,42161,space_invaders,breakout,6,2.0,624
7,period,3725056,42161,space_invaders,breakout,7,5.0,624
7,period,3725056,42161,space_invaders,breakout,8,6.0,624
7,period,3725056,42161,space_invaders,breakout,9,6.0,624
7,period,3725056,42161,space_invaders,breakout,10,5.0,624
7,period,3725056,42161,space_invaders,space_invaders,1,40.0,3008
7,period,3725056,42161,space_invaders,space_invaders,2,37.0,3008
7,period,3725056,42161,space_invaders,space_invaders,3,23.0,3008
7,period,3725056,42161,space_invaders,space_invaders,4,7.0,3008
7,period,3725056,42161,space_invaders,space_invaders,5,19.0,3008
7,period,3725056,42161,space_invaders,space_invaders,6,23.0,3008
7,period,3725056,42161,space_invaders,space_invaders,7,36.0,3008
7,period,3725056,42161,space_invaders,space_invaders,8,19.0,3008
7,period,3725056,42161,space_invaders,space_invaders,9,32.0,3008
7,period,3725056,42161,space_invaders,space_invaders,10,37.0,3008
7,period,3725056,42161,space_invaders,freeway,1,24.0,25000
7,period,3725056,42161,space_invaders,freeway,2,12.0,25000
7,period,3725056,42161,space_invaders,freeway,3,18.0,25000
7,period,3725056,42161,space_invaders,freeway,4,26.0,25000
7,period,3725056,42161,space_invaders,freeway,5,19.0,25000
7,period,3725056,42161,space_invaders,freeway,6,7.0,25000
7,period,3725056,42161,space_invaders,freeway,7,13.0,25000
7,period,3725056,42161,space_invaders,freeway,8,16.0,25000
7,period,3725056,42161,space_invaders,freeway,9,19.0,25000
7,period,3725056,42161,space_invaders,freeway,10,15.0,25000
7,period,3750144,42277,space_invaders,breakout,1,5.0,558
7,period,3750144,42277,space_invaders,breakout,2,3.0,558
7,period,3750144,42277,space_invaders,breakout,3,6.0,558
7,period,3750144,42277,space_invaders,breakout,4,2.0,558
7,period,3750144,42277,space_invaders,breakout,5,6.0,558
7,period,3750144,42277,space_invaders,breakout,6,3.0,558
7,period,3750144,42277,space_invaders,breakout,7,6.0,558
7,period,3750144,42277,space_invaders,breakout,8,6.0,558
7,period,3750144,42277,space_invaders,breakout,9,3.0,558
7,period,3750144,42277,space_invaders,breakout,10,6.0,558
7,period,3750144,42277,space_invaders,space_invaders,1,23.0,2016
7,period,3750144,42277,space_invaders,space_invaders,2,11.0,2016
7,period,3750144,42277,space_invaders,space_invaders,3,7.0,2016
7,period,3750144,42277,space_invaders,space_invaders,4,10.0,2016
7,period,3750144,42277,space_invaders,space_invaders,5,31.0,2016
7,period,3750144,42277,space_invaders,space_invaders,6,22.0,2016
7,period,3750144,42277,space_invaders,space_invaders,7,23.0,2016
7,period,3750144,42277,space_invaders,space_invaders,8,22.0,2016
7,period,3750144,42277,space_invaders,space_invaders,9,10.0,2016
7,period,3750144,42277,space_invaders,space_invaders,10,47.0,2016
7,period,3750144,42277,space_invaders,freeway,1,17.0,25000
7,period,3750144,42277,space_invaders,freeway,2,22.0,25000
7,period,3750144,42277,space_invaders,freeway,3,25.0,25000
7,period,3750144,42277,space_invaders,freeway,4,27.0,25000
7,period,3750144,42277,space_invaders,freeway,5,20.0,25000
7,period,3750144,42277,space_invaders,freeway,6,16.0,25000
7,period,3750144,42277,space_invaders,freeway,7,17.0,25000
7,period,3750144,42277,space_invaders,freeway,8,24.0,25000
7,period,3750144,42277,space_invaders,freeway,9,16.0,25000
7,period,3750144,42277,space_invaders,freeway,10,18.0,25000
7,period,3775232,42375,space_invaders,breakout,1,5.0,572
7,period,3775232,42375,space_invaders,breakout,2,6.0,572
7,period,3775232,42375,space_invaders,breakout,3,4.0,572
7,period,3775232,42375,space_invaders,breakout,4,5.0,572
7,period,3775232,42375,space_invaders,breakout,5,4.0,572
7,period,3775232,42375,space_invaders,breakout,6,2.0,572
7,period,3775232,42375,space_invaders,breakout,7,6.0,572
7,period,3775232,42375,space_invaders,breakout,8,4.0,572
7,period,3775232,42375,space_invaders,breakout,9,6.0,572
7,period,3775232,42375,space_invaders,breakout,10,5.0,572
7,period,3775232,42375,space_invaders,space_invaders,1,23.0,3350
7,period,3775232,42375,space_invaders,space_invaders,2,23.0,3350
7,period,3775232,42375,space_invaders,space_invaders,3,70.0,3350
7,period,3775232,42375,space_invaders,space_invaders,4,23.0,3350
7,period,3775232,42375,space_invaders,space_invaders,5,19.0,3350
7,period,3775232,42375,space_invaders,space_invaders,6,37.0,3350
7,period,3775232,42375,space_invaders,space_invaders,7,7.0,3350
7,period,3775232,42375,space_invaders,space_invaders,8,12.0,3350
7,period,3775232,42375,space_invaders,space_invaders,9,19.0,3350
7,period,3775232,42375,space_invaders,space_invaders,10,44.0,3350
7,period,3775232,42375,space_invaders,freeway,1,13.0,25000
7,period,3775232,42375,space_invaders,freeway,2,26.0,25000
7,period,3775232,42375,space_invaders,freeway,3,3.0,25000
7,period,3775232,42375,space_invaders,freeway,4,8.0,25000
7,period,3775232,42375,space_invaders,freeway,5,12.0,25000
7,period,3775232,42375,space_invaders,freeway,6,18.0,25000
7,period,3775232,42375,space_invaders,freeway,7,14.0,25000
7,period,3775232,42375,space_invaders,freeway,8,17.0,25000
7,period,3775232,42375,space_invaders,freeway,9,23.0,25000
7,period,3775232,42375,space_invaders,freeway,10,8.0,25000
7,period,3800064,42467,space_invaders,breakout,1,6.0,534
7,period,3800064,42467,space_invaders,breakout,2,6.0,534
7,period,3800064,42467,space_invaders,breakout,3,3.0,534
7,period,3800064,42467,space_invaders,breakout,4,3.0,534
7,period,3800064,42467,space_invaders,breakout,5,3.0,534
7,period,3800064,42467,space_invaders,breakout,6,6.0,534
7,period,3800064,42467,space_invaders,breakout,7,3.0,534
7,period,3800064,42467,space_invaders,breakout,8,5.0,534
7,period,3800064,42467,space_invaders,breakout,9,6.0,534
7,period,3800064,42467,space_invaders,breakout,10,3.0,534
7,period,3800064,42467,space_invaders,space_invaders,1,11.0,2602
7,period,3800064,42467,space_invaders,space_invaders,2,17.0,2602
7,period,3800064,42467,space_invaders,space_invaders,3,23.0,2602
7,period,3800064,42467,space_invaders,space_invaders,4,23.0,2602
7,period,3800064,42467,space_invaders,space_invaders,5,22.0,2602
7,period,3800064,42467,space_invaders,space_invaders,6,23.0,2602
7,period,3800064,42467,space_invaders,space_invaders,7,19.0,2602
7,period,3800064,42467,space_invaders,space_invaders,8,23.0,2602
7,period,3800064,42467,space_invaders,space_invaders,9,47.0,2602
7,period,3800064,42467,space_invaders,space_invaders,10,22.0,2602
7,period,3800064,42467,space_invaders,freeway,1,24.0,25000
7,period,3800064,42467,space_invaders,freeway,2,14.0,25000
7,period,3800064,42467,space_invaders,freeway,3,17.0,25000
7,period,3800064,42467,space_invaders,freeway,4,16.0,25000
7,period,3800064,42467,space_invaders,freeway,5,18.0,25000
7,period,3800064,42467,space_invaders,freeway,6,16.0,25000
7,period,3800064,42467,space_invaders,freeway,7,14.0,25000
7,period,3800064,42467,space_invaders,freeway,8,21.0,25000
7,period,3800064,42467,space_invaders,freeway,9,21.0,25000
7,period,3800064,42467,space_invaders,freeway,10,16.0,25000
7,period,3825152,42572,space_invaders,breakout,1,6.0,572
7,period,3825152,42572,space_invaders,breakout,2,6.0,572
7,period,3825152,42572,space_invaders,breakout,3,5.0,572
7,period,3825152,42572,space_invaders,breakout,4,6.0,572
7,period,3825152,42572,space_invaders,breakout,5,3.0,572
7,period,3825152,42572,space_invaders,breakout,6,5.0,572
7,period,3825152,42572,space_invaders,breakout,7,3.0,572
7,period,3825152,42572,space_invaders,breakout,8,6.0,572
7,period,3825152,42572,space_invaders,breakout,9,2.0,572
7,period,3825152,42572,space_invaders,breakout,10,5.0,572
7,period,3825152,42572,space_invaders,space_invaders,1,22.0,3162
7,period,3825152,42572,space_invaders,space_invaders,2,38.0,3162
7,period,3825152,42572,space_invaders,space_invaders,3,25.0,3162
7,period,3825152,42572,space_invaders,space_invaders,4,43.0,3162
7,period,3825152,42572,space_invaders,space_invaders,5,23.0,3162
7,period,3825152,42572,space_invaders,space_invaders,6,23.0,3162
7,period,3825152,42572,space_invaders,space_invaders,7,23.0,3162
7,period,3825152,42572,space_invaders,space_invaders,8,41.0,3162
7,period,3825152,42572,space_invaders,space_invaders,9,23.0,3162
7,period,3825152,42572,space_invaders,space_invaders,10,22.0,3162
7,period,3825152,42572,space_invaders,freeway,1,20.0,25000
7,period,3825152,42572,space_invaders,freeway,2,14.0,25000
7,period,3825152,42572,space_invaders,freeway,3,11.0,25000
7,period,3825152,42572,space_invaders,freeway,4,18.0,25000
7,period,3825152,42572,space_invaders,freeway,5,14.0,25000
7,period,3825152,42572,space_invaders,freeway,6,21.0,25000
7,period,3825152,42572,space_invaders,freeway,7,16.0,25000
7,period,3825152,42572,space_invaders,freeway,8,15.0,25000
7,period,3825152,42572,space_invaders,freeway,9,17.0,25000
7,period,3825152,42572,space_invaders,freeway,10,22.0,25000
7,period,3850240,42670,space_invaders,breakout,1,3.0,566
7,period,3850240,42670,space_invaders,breakout,2,0.0,566
7,period,3850240,42670,space_invaders,breakout,3,5.0,566
7,period,3850240,42670,space_invaders,breakout,4,6.0,566
7,period,3850240,42670,space_invaders,breakout,5,6.0,566
7,period,3850240,42670,space_invaders,breakout,6,5.0,566
7,period,3850240,42670,space_invaders,breakout,7,5.0,566
7,period,3850240,42670,space_invaders,breakout,8,5.0,566
7,period,3850240,42670,space_invaders,breakout,9,6.0,566
7,period,3850240,42670,space_invaders,breakout,10,5.0,566
7,period,3850240,42670,space_invaders,space_invaders,1,23.0,2880
7,period,3850240,42670,space_invaders,space_invaders,2,23.0,2880
7,period,3850240,42670,space_invaders,space_invaders,3,10.0,2880
7,period,3850240,42670,space_invaders,space_invaders,4,35.0,2880
7,period,3850240,42670,space_invaders,space_invaders,5,21.0,2880
7,period,3850240,42670,space_invaders,space_invaders,6,23.0,2880
7,period,3850240,42670,space_invaders,space_invaders,7,34.0,2880
7,period,3850240,42670,space_invaders,space_invaders,8,21.0,2880
7,period,3850240,42670,space_invaders,space_invaders,9,23.0,2880
7,period,3850240,42670,space_invaders,space_invaders,10,27.0,2880
7,period,3850240,42670,space_invaders,freeway,1,11.0,25000
7,period,3850240,42670,space_invaders,freeway,2,19.0,25000
7,period,3850240,42670,space_invaders,freeway,3,18.0,25000
7,period,3850240,42670,space_invaders,freeway,4,15.0,25000
7,period,3850240,42670,space_invaders,freeway,5,21.0,25000
7,period,3850240,42670,space_invaders,freeway,6,18.0,25000
7,period,3850240,42670,space_invaders,freeway,7,17.0,25000
7,period,3850240,42670,space_invaders,freeway,8,10.0,25000
7,period,3850240,42670,space_invaders,freeway,9,20.0,25000
7,period,3850240,42670,space_invaders,freeway,10,13.0,25000
7,period,3875072,42751,space_invaders,breakout,1,3.0,554
7,period,3875072,42751,space_invaders,breakout,2,6.0,554
7,period,3875072,42751,space_invaders,breakout,3,6.0,554
7,period,3875072,42751,space_invaders,breakout,4,6.0,554
7,period,3875072,42751,space_invaders,breakout,5,1.0,554
7,period,3875072,42751,space_invaders,breakout,6,4.0,554
7,period,3875072,42751,space_invaders,breakout,7,4.0,554
7,period,3875072,42751,space_invaders,breakout,8,5.0,554
7,period,3875072,42751,space_invaders,breakout,9,5.0,554
7,period,3875072,42751,space_invaders,breakout,10,5.0,554
7,period,3875072,42751,space_invaders,space_invaders,1,23.0,3265
7,period,3875072,42751,space_invaders,space_invaders,2,35.0,3265
7,period,3875072,42751,space_invaders,space_invaders,3,26.0,3265
7,period,3875072,42751,space_invaders,space_invaders,4,60.0,3265
7,period,3875072,42751,space_invaders,space_invaders,5,21.0,3265
7,period,3875072,42751,space_invaders,space_invaders,6,17.0,3265
7,period,3875072,42751,space_invaders,space_invaders,7,34.0,3265
7,period,3875072,42751,space_invaders,space_invaders,8,47.0,3265
7,period,3875072,42751,space_invaders,space_invaders,9,43.0,3265
7,period,3875072,42751,space_invaders,space_invaders,10,11.0,3265
7,period,3875072,42751,space_invaders,freeway,1,13.0,25000
7,period,3875072,42751,space_invaders,freeway,2,7.0,25000
7,period,3875072,42751,space_invaders,freeway,3,20.0,25000
7,period,3875072,42751,space_invaders,freeway,4,13.0,25000
7,period,3875072,42751,space_invaders,freeway,5,15.0,25000
7,period,3875072,42751,space_invaders,freeway,6,14.0,25000
7,period,3875072,42751,space_invaders,freeway,7,20.0,25000
7,period,3875072,42751,space_invaders,freeway,8,12.0,25000
7,period,3875072,42751,space_invaders,freeway,9,13.0,25000
7,period,3875072,42751,space_invaders,freeway,10,14.0,25000
7,period,3900160,42838,space_invaders,breakout,1,3.0,572
7,period,3900160,42838,space_invaders,breakout,2,6.0,572
7,period,3900160,42838,space_invaders,breakout,3,3.0,572
7,period,3900160,42838,space_invaders,breakout,4,3.0,572
7,period,3900160,42838,space_invaders,breakout,5,6.0,572
7,period,3900160,42838,space_invaders,breakout,6,6.0,572
7,period,3900160,42838,space_invaders,breakout,7,6.0,572
7,period,3900160,42838,space_invaders,breakout,8,6.0,572
7,period,3900160,42838,space_invaders,breakout,9,5.0,572
7,period,3900160,42838,space_invaders,breakout,10,3.0,572
7,period,3900160,42838,space_invaders,space_invaders,1,25.0,2427
7,period,3900160,42838,space_invaders,space_invaders,2,25.0,2427
7,period,3900160,42838,space_invaders,space_invaders,3,23.0,2427
7,period,3900160,42838,space_invaders,space_invaders,4,23.0,2427
7,period,3900160,42838,space_invaders,space_invaders,5,21.0,2427
7,period,3900160,42838,space_invaders,space_invaders,6,34.0,2427
7,period,3900160,42838,space_invaders,space_invaders,7,11.0,2427
7,period,3900160,42838,space_invaders,space_invaders,8,23.0,2427
7,period,3900160,42838,space_invaders,space_invaders,9,28.0,2427
7,period,3900160,42838,space_invaders,space_invaders,10,23.0,2427
7,period,3900160,42838,space_invaders,freeway,1,12.0,25000
7,period,3900160,42838,space_invaders,freeway,2,12.0,25000
7,period,3900160,42838,space_invaders,freeway,3,18.0,25000
7,period,3900160,42838,space_invaders,freeway,4,15.0,25000
7,period,3900160,42838,space_invaders,freeway,5,17.0,25000
7,period,3900160,42838,space_invaders,freeway,6,11.0,25000
7,period,3900160,42838,space_invaders,freeway,7,20.0,25000
7,period,3900160,42838,space_invaders,freeway,8,13.0,25000
7,period,3900160,42838,space_invaders,freeway,9,13.0,25000
7,period,3900160,42838,space_invaders,freeway,10,17.0,25000
7,period,3925248,42927,space_invaders,breakout,1,6.0,616
7,period,3925248,42927,space_invaders,breakout,2,6.0,616
7,period,3925248,42927,space_invaders,breakout,3,6.0,616
7,period,3925248,42927,space_invaders,breakout,4,5.0,616
7,period,3925248,42927,space_invaders,breakout,5,3.0,616
7,period,3925248,42927,space_invaders,breakout,6,3.0,616
7,period,3925248,42927,space_invaders,breakout,7,5.0,616
7,period,3925248,42927,space_invaders,breakout,8,5.0,616
7,period,3925248,42927,space_invaders,breakout,9,6.0,616
7,period,3925248,42927,space_invaders,breakout,10,6.0,616
7,period,3925248,42927,space_invaders,space_invaders,1,10.0,1948
7,period,3925248,42927,space_invaders,space_invaders,2,23.0,1948
7,period,3925248,42927,space_invaders,space_invaders,3,38.0,1948
7,period,3925248,42927,space_invaders,space_invaders,4,21.0,1948
7,period,3925248,42927,space_invaders,space_invaders,5,11.0,1948
7,period,3925248,42927,space_invaders,space_invaders,6,23.0,1948
7,period,3925248,42927,space_invaders,space_invaders,7,22.0,1948
7,period,3925248,42927,space_invaders,space_invaders,8,22.0,1948
7,period,3925248,42927,space_invaders,space_invaders,9,31.0,1948
7,period,3925248,42927,space_invaders,space_invaders,10,12.0,1948
7,period,3925248,42927,space_invaders,freeway,1,11.0,25000
7,period,3925248,42927,space_invaders,freeway,2,12.0,25000
7,period,3925248,42927,space_invaders,freeway,3,18.0,25000
7,period,3925248,42927,space_invaders,freeway,4,14.0,25000
7,period,3925248,42927,space_invaders,freeway,5,21.0,25000
7,period,3925248,42927,space_invaders,freeway,6,26.0,25000
7,period,3925248,42927,space_invaders,freeway,7,13.0,25000
7,period,3925248,42927,space_invaders,freeway,8,12.0,25000
7,period,3925248,42927,space_invaders,freeway,9,15.0,25000
7,period,3925248,42927,space_invaders,freeway,10,19.0,25000
7,period,3950080,43017,space_invaders,breakout,1,6.0,608
7,period,3950080,43017,space_invaders,breakout,2,6.0,608
7,period,3950080,43017,space_invaders,breakout,3,6.0,608
7,period,3950080,43017,space_invaders,breakout,4,3.0,608
7,period,3950080,43017,space_invaders,breakout,5,6.0,608
7,period,3950080,43017,space_invaders,breakout,6,6.0,608
7,period,3950080,43017,space_invaders,breakout,7,3.0,608
7,period,3950080,43017,space_invaders,breakout,8,5.0,608
7,period,3950080,43017,space_invaders,breakout,9,6.0,608
7,period,3950080,43017,space_invaders,breakout,10,3.0,608
7,period,3950080,43017,space_invaders,space_invaders,1,23.0,2723
7,period,3950080,43017,space_invaders,space_invaders,2,24.0,2723
7,period,3950080,43017,space_invaders,space_invaders,3,23.0,2723
7,period,3950080,43017,space_invaders,space_invaders,4,23.0,2723
7,period,3950080,43017,space_invaders,space_invaders,5,28.0,2723
7,period,3950080,43017,space_invaders,space_invaders,6,12.0,2723
7,period,3950080,43017,space_invaders,space_invaders,7,68.0,2723
7,period,3950080,43017,space_invaders,space_invaders,8,46.0,2723
7,period,3950080,43017,space_invaders,space_invaders,9,12.0,2723
7,period,3950080,43017,space_invaders,space_invaders,10,23.0,2723
7,period,3950080,43017,space_invaders,freeway,1,5.0,25000
7,period,3950080,43017,space_invaders,freeway,2,19.0,25000
7,period,3950080,43017,space_invaders,freeway,3,14.0,25000
7,period,3950080,43017,space_invaders,freeway,4,8.0,25000
7,period,3950080,43017,space_invaders,freeway,5,3.0,25000
7,period,3950080,43017,space_invaders,freeway,6,14.0,25000
7,period,3950080,43017,space_invaders,freeway,7,14.0,25000
7,period,3950080,43017,space_invaders,freeway,8,17.0,25000
7,period,3950080,43017,space_invaders,freeway,9,16.0,25000
7,period,3950080,43017,space_invaders,freeway,10,18.0,25000
7,period,3975168,43105,space_invaders,breakout,1,6.0,522
7,period,3975168,43105,space_invaders,breakout,2,6.0,522
7,period,3975168,43105,space_invaders,breakout,3,2.0,522
7,period,3975168,43105,space_invaders,breakout,4,5.0,522
7,period,3975168,43105,space_invaders,breakout,5,6.0,522
7,period,3975168,43105,space_invaders,breakout,6,3.0,522
7,period,3975168,43105,space_invaders,breakout,7,0.0,522
7,period,3975168,43105,space_invaders,breakout,8,5.0,522
7,period,3975168,43105,space_invaders,breakout,9,6.0,522
7,period,3975168,43105,space_invaders,breakout,10,3.0,522
7,period,3975168,43105,space_invaders,space_invaders,1,16.0,2540
7,period,3975168,43105,space_invaders,space_invaders,2,23.0,2540
7,period,3975168,43105,space_invaders,space_invaders,3,46.0,2540
7,period,3975168,43105,space_invaders,space_invaders,4,18.0,2540
7,period,3975168,43105,space_invaders,space_invaders,5,23.0,2540
7,period,3975168,43105,space_invaders,space_invaders,6,32.0,2540
7,period,3975168,43105,space_invaders,space_invaders,7,10.0,2540
7,period,3975168,43105,space_invaders,space_invaders,8,9.0,2540
7,period,3975168,43105,space_invaders,space_invaders,9,29.0,2540
7,period,3975168,43105,space_invaders,space_invaders,10,50.0,2540
7,period,3975168,43105,space_invaders,freeway,1,13.0,25000
7,period,3975168,43105,space_invaders,freeway,2,17.0,25000
7,period,3975168,43105,space_invaders,freeway,3,11.0,25000
7,period,3975168,43105,space_invaders,freeway,4,20.0,25000
7,period,3975168,43105,space_invaders,freeway,5,18.0,25000
7,period,3975168,43105,space_invaders,freeway,6,10.0,25000
7,period,3975168,43105,space_invaders,freeway,7,12.0,25000
7,period,3975168,43105,space_invaders,freeway,8,14.0,25000
7,period,3975168,43105,space_invaders,freeway,9,24.0,25000
7,period,3975168,43105,space_invaders,freeway,10,22.0,25000
8,boundary,4499712,43383,freeway,breakout,1,2.0,504
8,boundary,4499712,43383,freeway,breakout,2,5.0,504
8,boundary,4499712,43383,freeway,breakout,3,2.0,504
8,boundary,4499712,43383,freeway,breakout,4,2.0,504
8,boundary,4499712,43383,freeway,breakout,5,5.0,504
8,boundary,4499712,43383,freeway,breakout,6,6.0,504
8,boundary,4499712,43383,freeway,breakout,7,6.0,504
8,boundary,4499712,43383,freeway,breakout,8,6.0,504
8,boundary,4499712,43383,freeway,breakout,9,3.0,504
8,boundary,4499712,43383,freeway,breakout,10,4.0,504
8,boundary,4499712,43383,freeway,space_invaders,1,20.0,2996
8,boundary,4499712,43383,freeway,space_invaders,2,37.0,2996
8,boundary,4499712,43383,freeway,space_invaders,3,61.0,2996
8,boundary,4499712,43383,freeway,space_invaders,4,23.0,2996
8,boundary,4499712,43383,freeway,space_invaders,5,17.0,2996
8,boundary,4499712,43383,freeway,space_invaders,6,23.0,2996
8,boundary,4499712,43383,freeway,space_invaders,7,21.0,2996
8,boundary,4499712,43383,freeway,space_invaders,8,39.0,2996
8,boundary,4499712,43383,freeway,space_invaders,9,23.0,2996
8,boundary,4499712,43383,freeway,space_invaders,10,23.0,2996
8,boundary,4499712,43383,freeway,freeway,1,20.0,25000
8,boundary,4499712,43383,freeway,freeway,2,27.0,25000
8,boundary,4499712,43383,freeway,freeway,3,24.0,25000
8,boundary,4499712,43383,freeway,freeway,4,25.0,25000
8,boundary,4499712,43383,freeway,freeway,5,26.0,25000
8,boundary,4499712,43383,freeway,freeway,6,33.0,25000
8,boundary,4499712,43383,freeway,freeway,7,29.0,25000
8,boundary,4499712,43383,freeway,freeway,8,31.0,25000
8,boundary,4499712,43383,freeway,freeway,9,29.0,25000
8,boundary,4499712,43383,freeway,freeway,10,31.0,25000
8,period,4000000,43191,freeway,breakout,1,5.0,594
8,period,4000000,43191,freeway,breakout,2,6.0,594
8,period,4000000,43191,freeway,breakout,3,6.0,594
8,period,4000000,43191,freeway,breakout,4,5.0,594
8,period,4000000,43191,freeway,breakout,5,6.0,594
8,period,4000000,43191,freeway,breakout,6,5.0,594
8,period,4000000,43191,freeway,breakout,7,3.0,594
8,period,4000000,43191,freeway,breakout,8,6.0,594
8,period,4000000,43191,freeway,breakout,9,4.0,594
8,period,4000000,43191,freeway,breakout,10,3.0,594
8,period,4000000,43191,freeway,space_invaders,1,23.0,3992
8,period,4000000,43191,freeway,space_invaders,2,23.0,3992
8,period,4000000,43191,freeway,space_invaders,3,39.0,3992
8,period,4000000,43191,freeway,space_invaders,4,30.0,3992
8,period,4000000,43191,freeway,space_invaders,5,47.0,3992
8,period,4000000,43191,freeway,space_invaders,6,47.0,3992
8,period,4000000,43191,freeway,space_invaders,7,47.0,3992
8,period,4000000,43191,freeway,space_invaders,8,19.0,3992
8,period,4000000,43191,freeway,space_invaders,9,71.0,3992
8,period,4000000,43191,freeway,space_invaders,10,19.0,3992
8,period,4000000,43191,freeway,freeway,1,14.0,25000
8,period,4000000,43191,freeway,freeway,2,13.0,25000
8,period,4000000,43191,freeway,freeway,3,14.0,25000
8,period,4000000,43191,freeway,freeway,4,14.0,25000
8,period,4000000,43191,freeway,freeway,5,21.0,25000
8,period,4000000,43191,freeway,freeway,6,9.0,25000
8,period,4000000,43191,freeway,freeway,7,12.0,25000
8,period,4000000,43191,freeway,freeway,8,8.0,25000
8,period,4000000,43191,freeway,freeway,9,12.0,25000
8,period,4000000,43191,freeway,freeway,10,3.0,25000
8,period,4025088,43191,freeway,breakout,1,4.0,554
8,period,4025088,43191,freeway,breakout,2,5.0,554
8,period,4025088,43191,freeway,breakout,3,5.0,554
8,period,4025088,43191,freeway,breakout,4,3.0,554
8,period,4025088,43191,freeway,breakout,5,5.0,554
8,period,4025088,43191,freeway,breakout,6,6.0,554
8,period,4025088,43191,freeway,breakout,7,2.0,554
8,period,4025088,43191,freeway,breakout,8,6.0,554
8,period,4025088,43191,freeway,breakout,9,5.0,554
8,period,4025088,43191,freeway,breakout,10,4.0,554
8,period,4025088,43191,freeway,space_invaders,1,23.0,3245
8,period,4025088,43191,freeway,space_invaders,2,37.0,3245
8,period,4025088,43191,freeway,space_invaders,3,44.0,3245
8,period,4025088,43191,freeway,space_invaders,4,39.0,3245
8,period,4025088,43191,freeway,space_invaders,5,23.0,3245
8,period,4025088,43191,freeway,space_invaders,6,19.0,3245
8,period,4025088,43191,freeway,space_invaders,7,23.0,3245
8,period,4025088,43191,freeway,space_invaders,8,46.0,3245
8,period,4025088,43191,freeway,space_invaders,9,23.0,3245
8,period,4025088,43191,freeway,space_invaders,10,26.0,3245
8,period,4025088,43191,freeway,freeway,1,20.0,25000
8,period,4025088,43191,freeway,freeway,2,18.0,25000
8,period,4025088,43191,freeway,freeway,3,24.0,25000
8,period,4025088,43191,freeway,freeway,4,22.0,25000
8,period,4025088,43191,freeway,freeway,5,20.0,25000
8,period,4025088,43191,freeway,freeway,6,21.0,25000
8,period,4025088,43191,freeway,freeway,7,18.0,25000
8,period,4025088,43191,freeway,freeway,8,16.0,25000
8,period,4025088,43191,freeway,freeway,9,29.0,25000
8,period,4025088,43191,freeway,freeway,10,25.0,25000
8,period,4050176,43207,freeway,breakout,1,1.0,534
8,period,4050176,43207,freeway,breakout,2,6.0,534
8,period,4050176,43207,freeway,breakout,3,6.0,534
8,period,4050176,43207,freeway,breakout,4,5.0,534
8,period,4050176,43207,freeway,breakout,5,3.0,534
8,period,4050176,43207,freeway,breakout,6,2.0,534
8,period,4050176,43207,freeway,breakout,7,6.0,534
8,period,4050176,43207,freeway,breakout,8,3.0,534
8,period,4050176,43207,freeway,breakout,9,6.0,534
8,period,4050176,43207,freeway,breakout,10,6.0,534
8,period,4050176,43207,freeway,space_invaders,1,23.0,3215
8,period,4050176,43207,freeway,space_invaders,2,37.0,3215
8,period,4050176,43207,freeway,space_invaders,3,19.0,3215
8,period,4050176,43207,freeway,space_invaders,4,20.0,3215
8,period,4050176,43207,freeway,space_invaders,5,47.0,3215
8,period,4050176,43207,freeway,space_invaders,6,23.0,3215
8,period,4050176,43207,freeway,space_invaders,7,71.0,3215
8,period,4050176,43207,freeway,space_invaders,8,23.0,3215
8,period,4050176,43207,freeway,space_invaders,9,32.0,3215
8,period,4050176,43207,freeway,space_invaders,10,23.0,3215
8,period,4050176,43207,freeway,freeway,1,33.0,25000
8,period,4050176,43207,freeway,freeway,2,30.0,25000
8,period,4050176,43207,freeway,freeway,3,14.0,25000
8,period,4050176,43207,freeway,freeway,4,19.0,25000
8,period,4050176,43207,freeway,freeway,5,23.0,25000
8,period,4050176,43207,freeway,freeway,6,23.0,25000
8,period,4050176,43207,freeway,freeway,7,26.0,25000
8,period,4050176,43207,freeway,freeway,8,23.0,25000
8,period,4050176,43207,freeway,freeway,9,25.0,25000
8,period,4050176,43207,freeway,freeway,10,19.0,25000
8,period,4075008,43207,freeway,breakout,1,5.0,646
8,period,4075008,43207,freeway,breakout,2,6.0,646
8,period,4075008,43207,freeway,breakout,3,6.0,646
8,period,4075008,43207,freeway,breakout,4,5.0,646
8,period,4075008,43207,freeway,breakout,5,6.0,646
8,period,4075008,43207,freeway,breakout,6,6.0,646
8,period,4075008,43207,freeway,breakout,7,5.0,646
8,period,4075008,43207,freeway,breakout,8,6.0,646
8,period,4075008,43207,freeway,breakout,9,3.0,646
8,period,4075008,43207,freeway,breakout,10,6.0,646
8,period,4075008,43207,freeway,space_invaders,1,39.0,3574
8,period,4075008,43207,freeway,space_invaders,2,23.0,3574
8,period,4075008,43207,freeway,space_invaders,3,23.0,3574
8,period,4075008,43207,freeway,space_invaders,4,23.0,3574
8,period,4075008,43207,freeway,space_invaders,5,20.0,3574
8,period,4075008,43207,freeway,space_invaders,6,22.0,3574
8,period,4075008,43207,freeway,space_invaders,7,22.0,3574
8,period,4075008,43207,freeway,space_invaders,8,22.0,3574
8,period,4075008,43207,freeway,space_invaders,9,94.0,3574
8,period,4075008,43207,freeway,space_invaders,10,35.0,3574
8,period,4075008,43207,freeway,freeway,1,26.0,25000
8,period,4075008,43207,freeway,freeway,2,30.0,25000
8,period,4075008,43207,freeway,freeway,3,27.0,25000
8,period,4075008,43207,freeway,freeway,4,27.0,25000
8,period,4075008,43207,freeway,freeway,5,30.0,25000
8,period,4075008,43207,freeway,freeway,6,18.0,25000
8,period,4075008,43207,freeway,freeway,7,28.0,25000
8,period,4075008,43207,freeway,freeway,8,22.0,25000
8,period,4075008,43207,freeway,freeway,9,27.0,25000
8,period,4075008,43207,freeway,freeway,10,23.0,25000
8,period,4100096,43223,freeway,breakout,1,5.0,640
8,period,4100096,43223,freeway,breakout,2,3.0,640
8,period,4100096,43223,freeway,breakout,3,6.0,640
8,period,4100096,43223,freeway,breakout,4,6.0,640
8,period,4100096,43223,freeway,breakout,5,6.0,640
8,period,4100096,43223,freeway,breakout,6,6.0,640
8,period,4100096,43223,freeway,breakout,7,5.0,640
8,period,4100096,43223,freeway,breakout,8,6.0,640
8,period,4100096,43223,freeway,breakout,9,5.0,640
8,period,4100096,43223,freeway,breakout,10,5.0,640
8,period,4100096,43223,freeway,space_invaders,1,23.0,3781
8,period,4100096,43223,freeway,space_invaders,2,21.0,3781
8,period,4100096,43223,freeway,space_invaders,3,22.0,3781
8,period,4100096,43223,freeway,space_invaders,4,71.0,3781
8,period,4100096,43223,freeway,space_invaders,5,70.0,3781
8,period,4100096,43223,freeway,space_invaders,6,23.0,3781
8,period,4100096,43223,freeway,space_invaders,7,23.0,3781
8,period,4100096,43223,freeway,space_invaders,8,23.0,3781
8,period,4100096,43223,freeway,space_invaders,9,46.0,3781
8,period,4100096,43223,freeway,space_invaders,10,23.0,3781
8,period,4100096,43223,freeway,freeway,1,14.0,25000
8,period,4100096,43223,freeway,freeway,2,29.0,25000
8,period,4100096,43223,freeway,freeway,3,25.0,25000
8,period,4100096,43223,freeway,freeway,4,27.0,25000
8,period,4100096,43223,freeway,freeway,5,28.0,25000
8,period,4100096,43223,freeway,freeway,6,31.0,25000
8,period,4100096,43223,freeway,freeway,7,25.0,25000
8,period,4100096,43223,freeway,freeway,8,14.0,25000
8,period,4100096,43223,freeway,freeway,9,29.0,25000
8,period,4100096,43223,freeway,freeway,10,25.0,25000
8,period,4125184,43239,freeway,breakout,1,6.0,540
8,period,4125184,43239,freeway,breakout,2,3.0,540
8,period,4125184,43239,freeway,breakout,3,6.0,540
8,period,4125184,43239,freeway,breakout,4,6.0,540
8,period,4125184,43239,freeway,breakout,5,2.0,540
8,period,4125184,43239,freeway,breakout,6,3.0,540
8,period,4125184,43239,freeway,breakout,7,6.0,540
8,period,4125184,43239,freeway,breakout,8,6.0,540
8,period,4125184,43239,freeway,breakout,9,5.0,540
8,period,4125184,43239,freeway,breakout,10,2.0,540
8,period,4125184,43239,freeway,space_invaders,1,23.0,3249
8,period,4125184,43239,freeway,space_invaders,2,37.0,3249
8,period,4125184,43239,freeway,space_invaders,3,71.0,3249
8,period,4125184,43239,freeway,space_invaders,4,21.0,3249
8,period,4125184,43239,freeway,space_invaders,5,20.0,3249
8,period,4125184,43239,freeway,space_invaders,6,18.0,3249
8,period,4125184,43239,freeway,space_invaders,7,37.0,3249
8,period,4125184,43239,freeway,space_invaders,8,22.0,3249
8,period,4125184,43239,freeway,space_invaders,9,23.0,3249
8,period,4125184,43239,freeway,space_invaders,10,34.0,3249
8,period,4125184,43239,freeway,freeway,1,32.0,25000
8,period,4125184,43239,freeway,freeway,2,26.0,25000
8,period,4125184,43239,freeway,freeway,3,26.0,25000
8,period,4125184,43239,freeway,freeway,4,27.0,25000
8,period,4125184,43239,freeway,freeway,5,30.0,25000
8,period,4125184,43239,freeway,freeway,6,26.0,25000
8,period,4125184,43239,freeway,freeway,7,22.0,25000
8,period,4125184,43239,freeway,freeway,8,25.0,25000
8,period,4125184,43239,freeway,freeway,9,25.0,25000
8,period,4125184,43239,freeway,freeway,10,25.0,25000
8,period,4150016,43239,freeway,breakout,1,5.0,640
8,period,4150016,43239,freeway,breakout,2,5.0,640
8,period,4150016,43239,freeway,breakout,3,5.0,640
8,period,4150016,43239,freeway,breakout,4,5.0,640
8,period,4150016,43239,freeway,breakout,5,6.0,640
8,period,4150016,43239,freeway,breakout,6,6.0,640
8,period,4150016,43239,freeway,breakout,7,6.0,640
8,period,4150016,43239,freeway,breakout,8,4.0,640
8,period,4150016,43239,freeway,breakout,9,6.0,640
8,period,4150016,43239,freeway,breakout,10,5.0,640
8,period,4150016,43239,freeway,space_invaders,1,47.0,3531
8,period,4150016,43239,freeway,space_invaders,2,22.0,3531
8,period,4150016,43239,freeway,space_invaders,3,43.0,3531
8,period,4150016,43239,freeway,space_invaders,4,23.0,3531
8,period,4150016,43239,freeway,space_invaders,5,54.0,3531
8,period,4150016,43239,freeway,space_invaders,6,23.0,3531
8,period,4150016,43239,freeway,space_invaders,7,47.0,3531
8,period,4150016,43239,freeway,space_invaders,8,12.0,3531
8,period,4150016,43239,freeway,space_invaders,9,33.0,3531
8,period,4150016,43239,freeway,space_invaders,10,35.0,3531
8,period,4150016,43239,freeway,freeway,1,30.0,25000
8,period,4150016,43239,freeway,freeway,2,22.0,25000
8,period,4150016,43239,freeway,freeway,3,32.0,25000
8,period,4150016,43239,freeway,freeway,4,19.0,25000
8,period,4150016,43239,freeway,freeway,5,25.0,25000
8,period,4150016,43239,freeway,freeway,6,29.0,25000
8,period,4150016,43239,freeway,freeway,7,26.0,25000
8,period,4150016,43239,freeway,freeway,8,24.0,25000
8,period,4150016,43239,freeway,freeway,9,18.0,25000
8,period,4150016,43239,freeway,freeway,10,29.0,25000
8,period,4175104,43255,freeway,breakout,1,6.0,534
8,period,4175104,43255,freeway,breakout,2,4.0,534
8,period,4175104,43255,freeway,breakout,3,6.0,534
8,period,4175104,43255,freeway,breakout,4,6.0,534
8,period,4175104,43255,freeway,breakout,5,0.0,534
8,period,4175104,43255,freeway,breakout,6,6.0,534
8,period,4175104,43255,freeway,breakout,7,0.0,534
8,period,4175104,43255,freeway,breakout,8,5.0,534
8,period,4175104,43255,freeway,breakout,9,5.0,534
8,period,4175104,43255,freeway,breakout,10,6.0,534
8,period,4175104,43255,freeway,space_invaders,1,64.0,3188
8,period,4175104,43255,freeway,space_invaders,2,47.0,3188
8,period,4175104,43255,freeway,space_invaders,3,49.0,3188
8,period,4175104,43255,freeway,space_invaders,4,12.0,3188
8,period,4175104,43255,freeway,space_invaders,5,23.0,3188
8,period,4175104,43255,freeway,space_invaders,6,47.0,3188
8,period,4175104,43255,freeway,space_invaders,7,13.0,3188
8,period,4175104,43255,freeway,space_invaders,8,23.0,3188
8,period,4175104,43255,freeway,space_invaders,9,23.0,3188
8,period,4175104,43255,freeway,space_invaders,10,6.0,3188
8,period,4175104,43255,freeway,freeway,1,27.0,25000
8,period,4175104,43255,freeway,freeway,2,30.0,25000
8,period,4175104,43255,freeway,freeway,3,38.0,25000
8,period,4175104,43255,freeway,freeway,4,29.0,25000
8,period,4175104,43255,freeway,freeway,5,31.0,25000
8,period,4175104,43255,freeway,freeway,6,25.0,25000
8,period,4175104,43255,freeway,freeway,7,19.0,25000
8,period,4175104,43255,freeway,freeway,8,21.0,25000
8,period,4175104,43255,freeway,freeway,9,24.0,25000
8,period,4175104,43255,freeway,freeway,10,23.0,25000
8,period,4200192,43271,freeway,breakout,1,6.0,560
8,period,4200192,43271,freeway,breakout,2,3.0,560
8,period,4200192,43271,freeway,breakout,3,6.0,560
8,period,4200192,43271,freeway,breakout,4,5.0,560
8,period,4200192,43271,freeway,breakout,5,5.0,560
8,period,4200192,43271,freeway,breakout,6,6.0,560
8,period,4200192,43271,freeway,breakout,7,6.0,560
8,period,4200192,43271,freeway,breakout,8,2.0,560
8,period,4200192,43271,freeway,breakout,9,5.0,560
8,period,4200192,43271,freeway,breakout,10,2.0,560
8,period,4200192,43271,freeway,space_invaders,1,44.0,3733
8,period,4200192,43271,freeway,space_invaders,2,15.0,3733
8,period,4200192,43271,freeway,space_invaders,3,44.0,3733
8,period,4200192,43271,freeway,space_invaders,4,33.0,3733
8,period,4200192,43271,freeway,space_invaders,5,44.0,3733
8,period,4200192,43271,freeway,space_invaders,6,47.0,3733
8,period,4200192,43271,freeway,space_invaders,7,22.0,3733
8,period,4200192,43271,freeway,space_invaders,8,23.0,3733
8,period,4200192,43271,freeway,space_invaders,9,42.0,3733
8,period,4200192,43271,freeway,space_invaders,10,21.0,3733
8,period,4200192,43271,freeway,freeway,1,19.0,25000
8,period,4200192,43271,freeway,freeway,2,20.0,25000
8,period,4200192,43271,freeway,freeway,3,17.0,25000
8,period,4200192,43271,freeway,freeway,4,29.0,25000
8,period,4200192,43271,freeway,freeway,5,29.0,25000
8,period,4200192,43271,freeway,freeway,6,31.0,25000
8,period,4200192,43271,freeway,freeway,7,27.0,25000
8,period,4200192,43271,freeway,freeway,8,24.0,25000
8,period,4200192,43271,freeway,freeway,9,26.0,25000
8,period,4200192,43271,freeway,freeway,10,26.0,25000
8,period,4225024,43271,freeway,breakout,1,4.0,546
8,period,4225024,43271,freeway,breakout,2,3.0,546
8,period,4225024,43271,freeway,breakout,3,5.0,546
8,period,4225024,43271,freeway,breakout,4,6.0,546
8,period,4225024,43271,freeway,breakout,5,1.0,546
8,period,4225024,43271,freeway,breakout,6,6.0,546
8,period,4225024,43271,freeway,breakout,7,5.0,546
8,period,4225024,43271,freeway,breakout,8,3.0,546
8,period,4225024,43271,freeway,breakout,9,6.0,546
8,period,4225024,43271,freeway,breakout,10,6.0,546
8,period,4225024,43271,freeway,space_invaders,1,46.0,3598
8,period,4225024,43271,freeway,space_invaders,2,21.0,3598
8,period,4225024,43271,freeway,space_invaders,3,71.0,3598
8,period,4225024,43271,freeway,space_invaders,4,19.0,3598
8,period,4225024,43271,freeway,space_invaders,5,20.0,3598
8,period,4225024,43271,freeway,space_invaders,6,20.0,3598
8,period,4225024,43271,freeway,space_invaders,7,46.0,3598
8,period,4225024,43271,freeway,space_invaders,8,47.0,3598
8,period,4225024,43271,freeway,space_invaders,9,6.0,3598
8,period,4225024,43271,freeway,space_invaders,10,23.0,3598
8,period,4225024,43271,freeway,freeway,1,22.0,25000
8,period,4225024,43271,freeway,freeway,2,23.0,25000
8,period,4225024,43271,freeway,freeway,3,25.0,25000
8,period,4225024,43271,freeway,freeway,4,13.0,25000
8,period,4225024,43271,freeway,freeway,5,31.0,25000
8,period,4225024,43271,freeway,freeway,6,32.0,25000
8,period,4225024,43271,freeway,freeway,7,28.0,25000
8,period,4225024,43271,freeway,freeway,8,21.0,25000
8,period,4225024,43271,freeway,freeway,9,28.0,25000
8,period,4225024,43271,freeway,freeway,10,23.0,25000
8,period,4250112,43287,freeway,breakout,1,6.0,562
8,period,4250112,43287,freeway,breakout,2,5.0,562
8,period,4250112,43287,freeway,breakout,3,6.0,562
8,period,4250112,43287,freeway,breakout,4,3.0,562
8,period,4250112,43287,freeway,breakout,5,5.0,562
8,period,4250112,43287,freeway,breakout,6,1.0,562
8,period,4250112,43287,freeway,breakout,7,5.0,562
8,period,4250112,43287,freeway,breakout,8,5.0,562
8,period,4250112,43287,freeway,breakout,9,5.0,562
8,period,4250112,43287,freeway,breakout,10,5.0,562
8,period,4250112,43287,freeway,space_invaders,1,41.0,3740
8,period,4250112,43287,freeway,space_invaders,2,23.0,3740
8,period,4250112,43287,freeway,space_invaders,3,26.0,3740
8,period,4250112,43287,freeway,space_invaders,4,57.0,3740
8,period,4250112,43287,freeway,space_invaders,5,44.0,3740
8,period,4250112,43287,freeway,space_invaders,6,47.0,3740
8,period,4250112,43287,freeway,space_invaders,7,38.0,3740
8,period,4250112,43287,freeway,space_invaders,8,16.0,3740
8,period,4250112,43287,freeway,space_invaders,9,34.0,3740
8,period,4250112,43287,freeway,space_invaders,10,21.0,3740
8,period,4250112,43287,freeway,freeway,1,31.0,25000
8,period,4250112,43287,freeway,freeway,2,23.0,25000
8,period,4250112,43287,freeway,freeway,3,20.0,25000
8,period,4250112,43287,freeway,freeway,4,32.0,25000
8,period,4250112,43287,freeway,freeway,5,20.0,25000
8,period,4250112,43287,freeway,freeway,6,24.0,25000
8,period,4250112,43287,freeway,freeway,7,22.0,25000
8,period,4250112,43287,freeway,freeway,8,34.0,25000
8,period,4250112,43287,freeway,freeway,9,25.0,25000
8,period,4250112,43287,freeway,freeway,10,27.0,25000
8,period,4275200,43287,freeway,breakout,1,4.0,496
8,period,4275200,43287,freeway,breakout,2,6.0,496
8,period,4275200,43287,freeway,breakout,3,4.0,496
8,period,4275200,43287,freeway,breakout,4,3.0,496
8,period,4275200,43287,freeway,breakout,5,6.0,496
8,period,4275200,43287,freeway,breakout,6,0.0,496
8,period,4275200,43287,freeway,breakout,7,2.0,496
8,period,4275200,43287,freeway,breakout,8,5.0,496
8,period,4275200,43287,freeway,breakout,9,5.0,496
8,period,4275200,43287,freeway,breakout,10,5.0,496
8,period,4275200,43287,freeway,space_invaders,1,23.0,3233
8,period,4275200,43287,freeway,space_invaders,2,17.0,3233
8,period,4275200,43287,freeway,space_invaders,3,17.0,3233
8,period,4275200,43287,freeway,space_invaders,4,44.0,3233
8,period,4275200,43287,freeway,space_invaders,5,47.0,3233
8,period,4275200,43287,freeway,space_invaders,6,38.0,3233
8,period,4275200,43287,freeway,space_invaders,7,12.0,3233
8,period,4275200,43287,freeway,space_invaders,8,42.0,3233
8,period,4275200,43287,freeway,space_invaders,9,23.0,3233
8,period,4275200,43287,freeway,space_invaders,10,25.0,3233
8,period,4275200,43287,freeway,freeway,1,26.0,25000
8,period,4275200,43287,freeway,freeway,2,31.0,25000
8,period,4275200,43287,freeway,freeway,3,23.0,25000
8,period,4275200,43287,freeway,freeway,4,25.0,25000
8,period,4275200,43287,freeway,freeway,5,18.0,25000
8,period,4275200,43287,freeway,freeway,6,20.0,25000
8,period,4275200,43287,freeway,freeway,7,26.0,25000
8,period,4275200,43287,freeway,freeway,8,32.0,25000
8,period,4275200,43287,freeway,freeway,9,33.0,25000
8,period,4275200,43287,freeway,freeway,10,27.0,25000
8,period,4300032,43303,freeway,breakout,1,5.0,552
8,period,4300032,43303,freeway,breakout,2,4.0,552
8,period,4300032,43303,freeway,breakout,3,3.0,552
8,period,4300032,43303,freeway,breakout,4,2.0,552
8,period,4300032,43303,freeway,breakout,5,5.0,552
8,period,4300032,43303,freeway,breakout,6,6.0,552
8,period,4300032,43303,freeway,breakout,7,6.0,552
8,period,4300032,43303,freeway,breakout,8,6.0,552
8,period,4300032,43303,freeway,breakout,9,2.0,552
8,period,4300032,43303,freeway,breakout,10,6.0,552
8,period,4300032,43303,freeway,space_invaders,1,20.0,3062
8,period,4300032,43303,freeway,space_invaders,2,30.0,3062
8,period,4300032,43303,freeway,space_invaders,3,21.0,3062
8,period,4300032,43303,freeway,space_invaders,4,39.0,3062
8,period,4300032,43303,freeway,space_invaders,5,34.0,3062
8,period,4300032,43303,freeway,space_invaders,6,23.0,3062
8,period,4300032,43303,freeway,space_invaders,7,23.0,3062
8,period,4300032,43303,freeway,space_invaders,8,44.0,3062
8,period,4300032,43303,freeway,space_invaders,9,23.0,3062
8,period,4300032,43303,freeway,space_invaders,10,35.0,3062
8,period,4300032,43303,freeway,freeway,1,23.0,25000
8,period,4300032,43303,freeway,freeway,2,38.0,25000
8,period,4300032,43303,freeway,freeway,3,28.0,25000
8,period,4300032,43303,freeway,freeway,4,35.0,25000
8,period,4300032,43303,freeway,freeway,5,27.0,25000
8,period,4300032,43303,freeway,freeway,6,25.0,25000
8,period,4300032,43303,freeway,freeway,7,32.0,25000
8,period,4300032,43303,freeway,freeway,8,25.0,25000
8,period,4300032,43303,freeway,freeway,9,26.0,25000
8,period,4300032,43303,freeway,freeway,10,31.0,25000
8,period,4325120,43319,freeway,breakout,1,5.0,584
8,period,4325120,43319,freeway,breakout,2,3.0,584
8,period,4325120,43319,freeway,breakout,3,6.0,584
8,period,4325120,43319,freeway,breakout,4,5.0,584
8,period,4325120,43319,freeway,breakout,5,5.0,584
8,period,4325120,43319,freeway,breakout,6,6.0,584
8,period,4325120,43319,freeway,breakout,7,6.0,584
8,period,4325120,43319,freeway,breakout,8,6.0,584
8,period,4325120,43319,freeway,breakout,9,4.0,584
8,period,4325120,43319,freeway,breakout,10,2.0,584
8,period,4325120,43319,freeway,space_invaders,1,25.0,4044
8,period,4325120,43319,freeway,space_invaders,2,82.0,4044
8,period,4325120,43319,freeway,space_invaders,3,47.0,4044
8,period,4325120,43319,freeway,space_invaders,4,23.0,4044
8,period,4325120,43319,freeway,space_invaders,5,57.0,4044
8,period,4325120,43319,freeway,space_invaders,6,47.0,4044
8,period,4325120,43319,freeway,space_invaders,7,19.0,4044
8,period,4325120,43319,freeway,space_invaders,8,30.0,4044
8,period,4325120,43319,freeway,space_invaders,9,23.0,4044
8,period,4325120,43319,freeway,space_invaders,10,27.0,4044
8,period,4325120,43319,freeway,freeway,1,23.0,25000
8,period,4325120,43319,freeway,freeway,2,24.0,25000
8,period,4325120,43319,freeway,freeway,3,30.0,25000
8,period,4325120,43319,freeway,freeway,4,24.0,25000
8,period,4325120,43319,freeway,freeway,5,29.0,25000
8,period,4325120,43319,freeway,freeway,6,24.0,25000
8,period,4325120,43319,freeway,freeway,7,24.0,25000
8,period,4325120,43319,freeway,freeway,8,32.0,25000
8,period,4325120,43319,freeway,freeway,9,21.0,25000
8,period,4325120,43319,freeway,freeway,10,27.0,25000
8,period,4350208,43319,freeway,breakout,1,5.0,692
8,period,4350208,43319,freeway,breakout,2,6.0,692
8,period,4350208,43319,freeway,breakout,3,6.0,692
8,period,4350208,43319,freeway,breakout,4,6.0,692
8,period,4350208,43319,freeway,breakout,5,6.0,692
8,period,4350208,43319,freeway,breakout,6,6.0,692
8,period,4350208,43319,freeway,breakout,7,6.0,692
8,period,4350208,43319,freeway,breakout,8,6.0,692
8,period,4350208,43319,freeway,breakout,9,6.0,692
8,period,4350208,43319,freeway,breakout,10,6.0,692
8,period,4350208,43319,freeway,space_invaders,1,47.0,3214
8,period,4350208,43319,freeway,space_invaders,2,11.0,3214
8,period,4350208,43319,freeway,space_invaders,3,63.0,3214
8,period,4350208,43319,freeway,space_invaders,4,43.0,3214
8,period,4350208,43319,freeway,space_invaders,5,41.0,3214
8,period,4350208,43319,freeway,space_invaders,6,22.0,3214
8,period,4350208,43319,freeway,space_invaders,7,21.0,3214
8,period,4350208,43319,freeway,space_invaders,8,16.0,3214
8,period,4350208,43319,freeway,space_invaders,9,23.0,3214
8,period,4350208,43319,freeway,space_invaders,10,23.0,3214
8,period,4350208,43319,freeway,freeway,1,26.0,25000
8,period,4350208,43319,freeway,freeway,2,27.0,25000
8,period,4350208,43319,freeway,freeway,3,34.0,25000
8,period,4350208,43319,freeway,freeway,4,14.0,25000
8,period,4350208,43319,freeway,freeway,5,24.0,25000
8,period,4350208,43319,freeway,freeway,6,38.0,25000
8,period,4350208,43319,freeway,freeway,7,22.0,25000
8,period,4350208,43319,freeway,freeway,8,26.0,25000
8,period,4350208,43319,freeway,freeway,9,21.0,25000
8,period,4350208,43319,freeway,freeway,10,28.0,25000
8,period,4375040,43335,freeway,breakout,1,6.0,572
8,period,4375040,43335,freeway,breakout,2,5.0,572
8,period,4375040,43335,freeway,breakout,3,6.0,572
8,period,4375040,43335,freeway,breakout,4,3.0,572
8,period,4375040,43335,freeway,breakout,5,6.0,572
8,period,4375040,43335,freeway,breakout,6,3.0,572
8,period,4375040,43335,freeway,breakout,7,2.0,572
8,period,4375040,43335,freeway,breakout,8,5.0,572
8,period,4375040,43335,freeway,breakout,9,5.0,572
8,period,4375040,43335,freeway,breakout,10,6.0,572
8,period,4375040,43335,freeway,space_invaders,1,38.0,3118
8,period,4375040,43335,freeway,space_invaders,2,40.0,3118
8,period,4375040,43335,freeway,space_invaders,3,43.0,3118
8,period,4375040,43335,freeway,space_invaders,4,23.0,3118
8,period,4375040,43335,freeway,space_invaders,5,19.0,3118
8,period,4375040,43335,freeway,space_invaders,6,89.0,3118
8,period,4375040,43335,freeway,space_invaders,7,12.0,3118
8,period,4375040,43335,freeway,space_invaders,8,12.0,3118
8,period,4375040,43335,freeway,space_invaders,9,19.0,3118
8,period,4375040,43335,freeway,space_invaders,10,23.0,3118
8,period,4375040,43335,freeway,freeway,1,29.0,25000
8,period,4375040,43335,freeway,freeway,2,26.0,25000
8,period,4375040,43335,freeway,freeway,3,25.0,25000
8,period,4375040,43335,freeway,freeway,4,30.0,25000
8,period,4375040,43335,freeway,freeway,5,34.0,25000
8,period,4375040,43335,freeway,freeway,6,30.0,25000
8,period,4375040,43335,freeway,freeway,7,29.0,25000
8,period,4375040,43335,freeway,freeway,8,29.0,25000
8,period,4375040,43335,freeway,freeway,9,35.0,25000
8,period,4375040,43335,freeway,freeway,10,29.0,25000
8,period,4400128,43351,freeway,breakout,1,5.0,636
8,period,4400128,43351,freeway,breakout,2,5.0,636
8,period,4400128,43351,freeway,breakout,3,5.0,636
8,period,4400128,43351,freeway,breakout,4,5.0,636
8,period,4400128,43351,freeway,breakout,5,5.0,636
8,period,4400128,43351,freeway,breakout,6,5.0,636
8,period,4400128,43351,freeway,breakout,7,5.0,636
8,period,4400128,43351,freeway,breakout,8,6.0,636
8,period,4400128,43351,freeway,breakout,9,5.0,636
8,period,4400128,43351,freeway,breakout,10,6.0,636
8,period,4400128,43351,freeway,space_invaders,1,35.0,3004
8,period,4400128,43351,freeway,space_invaders,2,63.0,3004
8,period,4400128,43351,freeway,space_invaders,3,11.0,3004
8,period,4400128,43351,freeway,space_invaders,4,15.0,3004
8,period,4400128,43351,freeway,space_invaders,5,47.0,3004
8,period,4400128,43351,freeway,space_invaders,6,50.0,3004
8,period,4400128,43351,freeway,space_invaders,7,22.0,3004
8,period,4400128,43351,freeway,space_invaders,8,23.0,3004
8,period,4400128,43351,freeway,space_invaders,9,16.0,3004
8,period,4400128,43351,freeway,space_invaders,10,15.0,3004
8,period,4400128,43351,freeway,freeway,1,34.0,25000
8,period,4400128,43351,freeway,freeway,2,31.0,25000
8,period,4400128,43351,freeway,freeway,3,31.0,25000
8,period,4400128,43351,freeway,freeway,4,25.0,25000
8,period,4400128,43351,freeway,freeway,5,35.0,25000
8,period,4400128,43351,freeway,freeway,6,33.0,25000
8,period,4400128,43351,freeway,freeway,7,22.0,25000
8,period,4400128,43351,freeway,freeway,8,26.0,25000
8,period,4400128,43351,freeway,freeway,9,20.0,25000
8,period,4400128,43351,freeway,freeway,10,28.0,25000
8,period,4425216,43351,freeway,breakout,1,6.0,586
8,period,4425216,43351,freeway,breakout,2,4.0,586
8,period,4425216,43351,freeway,breakout,3,5.0,586
8,period,4425216,43351,freeway,breakout,4,4.0,586
8,period,4425216,43351,freeway,breakout,5,1.0,586
8,period,4425216,43351,freeway,breakout,6,5.0,586
8,period,4425216,43351,freeway,breakout,7,6.0,586
8,period,4425216,43351,freeway,breakout,8,6.0,586
8,period,4425216,43351,freeway,breakout,9,6.0,586
8,period,4425216,43351,freeway,breakout,10,5.0,586
8,period,4425216,43351,freeway,space_invaders,1,23.0,2771
8,period,4425216,43351,freeway,space_invaders,2,20.0,2771
8,period,4425216,43351,freeway,space_invaders,3,15.0,2771
8,period,4425216,43351,freeway,space_invaders,4,31.0,2771
8,period,4425216,43351,freeway,space_invaders,5,22.0,2771
8,period,4425216,43351,freeway,space_invaders,6,23.0,2771
8,period,4425216,43351,freeway,space_invaders,7,21.0,2771
8,period,4425216,43351,freeway,space_invaders,8,39.0,2771
8,period,4425216,43351,freeway,space_invaders,9,18.0,2771
8,period,4425216,43351,freeway,space_invaders,10,56.0,2771
8,period,4425216,43351,freeway,freeway,1,22.0,25000
8,period,4425216,43351,freeway,freeway,2,33.0,25000
8,period,4425216,43351,freeway,freeway,3,28.0,25000
8,period,4425216,43351,freeway,freeway,4,29.0,25000
8,period,4425216,43351,freeway,freeway,5,24.0,25000
8,period,4425216,43351,freeway,freeway,6,26.0,25000
8,period,4425216,43351,freeway,freeway,7,31.0,25000
8,period,4425216,43351,freeway,freeway,8,27.0,25000
8,period,4425216,43351,freeway,freeway,9,15.0,25000
8,period,4425216,43351,freeway,freeway,10,22.0,25000
8,period,4450048,43367,freeway,breakout,1,6.0,608
8,period,4450048,43367,freeway,breakout,2,5.0,608
8,period,4450048,43367,freeway,breakout,3,5.0,608
8,period,4450048,43367,freeway,breakout,4,5.0,608
8,period,4450048,43367,freeway,breakout,5,4.0,608
8,period,4450048,43367,freeway,breakout,6,6.0,608
8,period,4450048,43367,freeway,breakout,7,3.0,608
8,period,4450048,43367,freeway,breakout,8,6.0,608
8,period,4450048,43367,freeway,breakout,9,5.0,608
8,period,4450048,43367,freeway,breakout,10,5.0,608
8,period,4450048,43367,freeway,space_invaders,1,22.0,2833
8,period,4450048,43367,freeway,space_invaders,2,33.0,2833
8,period,4450048,43367,freeway,space_invaders,3,23.0,2833
8,period,4450048,43367,freeway,space_invaders,4,22.0,2833
8,period,4450048,43367,freeway,space_invaders,5,38.0,2833
8,period,4450048,43367,freeway,space_invaders,6,12.0,2833
8,period,4450048,43367,freeway,space_invaders,7,23.0,2833
8,period,4450048,43367,freeway,space_invaders,8,23.0,2833
8,period,4450048,43367,freeway,space_invaders,9,22.0,2833
8,period,4450048,43367,freeway,space_invaders,10,30.0,2833
8,period,4450048,43367,freeway,freeway,1,24.0,25000
8,period,4450048,43367,freeway,freeway,2,26.0,25000
8,period,4450048,43367,freeway,freeway,3,18.0,25000
8,period,4450048,43367,freeway,freeway,4,24.0,25000
8,period,4450048,43367,freeway,freeway,5,25.0,25000
8,period,4450048,43367,freeway,freeway,6,20.0,25000
8,period,4450048,43367,freeway,freeway,7,34.0,25000
8,period,4450048,43367,freeway,freeway,8,34.0,25000
8,period,4450048,43367,freeway,freeway,9,23.0,25000
8,period,4450048,43367,freeway,freeway,10,30.0,25000
8,period,4475136,43367,freeway,breakout,1,4.0,522
8,period,4475136,43367,freeway,breakout,2,5.0,522
8,period,4475136,43367,freeway,breakout,3,5.0,522
8,period,4475136,43367,freeway,breakout,4,5.0,522
8,period,4475136,43367,freeway,breakout,5,5.0,522
8,period,4475136,43367,freeway,breakout,6,5.0,522
8,period,4475136,43367,freeway,breakout,7,3.0,522
8,period,4475136,43367,freeway,breakout,8,2.0,522
8,period,4475136,43367,freeway,breakout,9,6.0,522
8,period,4475136,43367,freeway,breakout,10,2.0,522
8,period,4475136,43367,freeway,space_invaders,1,21.0,2814
8,period,4475136,43367,freeway,space_invaders,2,28.0,2814
8,period,4475136,43367,freeway,space_invaders,3,32.0,2814
8,period,4475136,43367,freeway,space_invaders,4,25.0,2814
8,period,4475136,43367,freeway,space_invaders,5,7.0,2814
8,period,4475136,43367,freeway,space_invaders,6,23.0,2814
8,period,4475136,43367,freeway,space_invaders,7,31.0,2814
8,period,4475136,43367,freeway,space_invaders,8,47.0,2814
8,period,4475136,43367,freeway,space_invaders,9,29.0,2814
8,period,4475136,43367,freeway,space_invaders,10,25.0,2814
8,period,4475136,43367,freeway,freeway,1,32.0,25000
8,period,4475136,43367,freeway,freeway,2,35.0,25000
8,period,4475136,43367,freeway,freeway,3,29.0,25000
8,period,4475136,43367,freeway,freeway,4,28.0,25000
8,period,4475136,43367,freeway,freeway,5,28.0,25000
8,period,4475136,43367,freeway,freeway,6,22.0,25000
8,period,4475136,43367,freeway,freeway,7,26.0,25000
8,period,4475136,43367,freeway,freeway,8,30.0,25000
8,period,4475136,43367,freeway,freeway,9,24.0,25000
8,period,4475136,43367,freeway,freeway,10,29.0,25000
9,boundary,4999680,51602,breakout,breakout,1,5.0,614
9,boundary,4999680,51602,breakout,breakout,2,6.0,614
9,boundary,4999680,51602,breakout,breakout,3,6.0,614
9,boundary,4999680,51602,breakout,breakout,4,5.0,614
9,boundary,4999680,51602,breakout,breakout,5,1.0,614
9,boundary,4999680,51602,breakout,breakout,6,6.0,614
9,boundary,4999680,51602,breakout,breakout,7,5.0,614
9,boundary,4999680,51602,breakout,breakout,8,6.0,614
9,boundary,4999680,51602,breakout,breakout,9,5.0,614
9,boundary,4999680,51602,breakout,breakout,10,6.0,614
9,boundary,4999680,51602,breakout,space_invaders,1,16.0,2707
9,boundary,4999680,51602,breakout,space_invaders,2,23.0,2707
9,boundary,4999680,51602,breakout,space_invaders,3,17.0,2707
9,boundary,4999680,51602,breakout,space_invaders,4,23.0,2707
9,boundary,4999680,51602,breakout,space_invaders,5,17.0,2707
9,boundary,4999680,51602,breakout,space_invaders,6,23.0,2707
9,boundary,4999680,51602,breakout,space_invaders,7,42.0,2707
9,boundary,4999680,51602,breakout,space_invaders,8,23.0,2707
9,boundary,4999680,51602,breakout,space_invaders,9,44.0,2707
9,boundary,4999680,51602,breakout,space_invaders,10,13.0,2707
9,boundary,4999680,51602,breakout,freeway,1,22.0,25000
9,boundary,4999680,51602,breakout,freeway,2,32.0,25000
9,boundary,4999680,51602,breakout,freeway,3,19.0,25000
9,boundary,4999680,51602,breakout,freeway,4,26.0,25000
9,boundary,4999680,51602,breakout,freeway,5,26.0,25000
9,boundary,4999680,51602,breakout,freeway,6,33.0,25000
9,boundary,4999680,51602,breakout,freeway,7,34.0,25000
9,boundary,4999680,51602,breakout,freeway,8,36.0,25000
9,boundary,4999680,51602,breakout,freeway,9,27.0,25000
9,boundary,4999680,51602,breakout,freeway,10,8.0,25000
9,period,4500224,43385,breakout,breakout,1,6.0,448
9,period,4500224,43385,breakout,breakout,2,3.0,448
9,period,4500224,43385,breakout,breakout,3,5.0,448
9,period,4500224,43385,breakout,breakout,4,1.0,448
9,period,4500224,43385,breakout,breakout,5,1.0,448
9,period,4500224,43385,breakout,breakout,6,1.0,448
9,period,4500224,43385,breakout,breakout,7,6.0,448
9,period,4500224,43385,breakout,breakout,8,5.0,448
9,period,4500224,43385,breakout,breakout,9,4.0,448
9,period,4500224,43385,breakout,breakout,10,4.0,448
9,period,4500224,43385,breakout,space_invaders,1,22.0,2917
9,period,4500224,43385,breakout,space_invaders,2,23.0,2917
9,period,4500224,43385,breakout,space_invaders,3,32.0,2917
9,period,4500224,43385,breakout,space_invaders,4,24.0,2917
9,period,4500224,43385,breakout,space_invaders,5,47.0,2917
9,period,4500224,43385,breakout,space_invaders,6,19.0,2917
9,period,4500224,43385,breakout,space_invaders,7,23.0,2917
9,period,4500224,43385,breakout,space_invaders,8,13.0,2917
9,period,4500224,43385,breakout,space_invaders,9,23.0,2917
9,period,4500224,43385,breakout,space_invaders,10,23.0,2917
9,period,4500224,43385,breakout,freeway,1,23.0,25000
9,period,4500224,43385,breakout,freeway,2,24.0,25000
9,period,4500224,43385,breakout,freeway,3,29.0,25000
9,period,4500224,43385,breakout,freeway,4,27.0,25000
9,period,4500224,43385,breakout,freeway,5,30.0,25000
9,period,4500224,43385,breakout,freeway,6,23.0,25000
9,period,4500224,43385,breakout,freeway,7,29.0,25000
9,period,4500224,43385,breakout,freeway,8,30.0,25000
9,period,4500224,43385,breakout,freeway,9,27.0,25000
9,period,4500224,43385,breakout,freeway,10,25.0,25000
9,period,4525056,43814,breakout,breakout,1,1.0,590
9,period,4525056,43814,breakout,breakout,2,6.0,590
9,period,4525056,43814,breakout,breakout,3,5.0,590
9,period,4525056,43814,breakout,breakout,4,5.0,590
9,period,4525056,43814,breakout,breakout,5,5.0,590
9,period,4525056,43814,breakout,breakout,6,6.0,590
9,period,4525056,43814,breakout,breakout,7,5.0,590
9,period,4525056,43814,breakout,breakout,8,6.0,590
9,period,4525056,43814,breakout,breakout,9,5.0,590
9,period,4525056,43814,breakout,breakout,10,5.0,590
9,period,4525056,43814,breakout,space_invaders,1,20.0,3106
9,period,4525056,43814,breakout,space_invaders,2,39.0,3106
9,period,4525056,43814,breakout,space_invaders,3,23.0,3106
9,period,4525056,43814,breakout,space_invaders,4,33.0,3106
9,period,4525056,43814,breakout,space_invaders,5,19.0,3106
9,period,4525056,43814,breakout,space_invaders,6,18.0,3106
9,period,4525056,43814,breakout,space_invaders,7,47.0,3106
9,period,4525056,43814,breakout,space_invaders,8,8.0,3106
9,period,4525056,43814,breakout,space_invaders,9,31.0,3106
9,period,4525056,43814,breakout,space_invaders,10,23.0,3106
9,period,4525056,43814,breakout,freeway,1,36.0,25000
9,period,4525056,43814,breakout,freeway,2,23.0,25000
9,period,4525056,43814,breakout,freeway,3,33.0,25000
9,period,4525056,43814,breakout,freeway,4,29.0,25000
9,period,4525056,43814,breakout,freeway,5,29.0,25000
9,period,4525056,43814,breakout,freeway,6,27.0,25000
9,period,4525056,43814,breakout,freeway,7,19.0,25000
9,period,4525056,43814,breakout,freeway,8,27.0,25000
9,period,4525056,43814,breakout,freeway,9,33.0,25000
9,period,4525056,43814,breakout,freeway,10,27.0,25000
9,period,4550144,44251,breakout,breakout,1,6.0,560
9,period,4550144,44251,breakout,breakout,2,6.0,560
9,period,4550144,44251,breakout,breakout,3,5.0,560
9,period,4550144,44251,breakout,breakout,4,5.0,560
9,period,4550144,44251,breakout,breakout,5,6.0,560
9,period,4550144,44251,breakout,breakout,6,5.0,560
9,period,4550144,44251,breakout,breakout,7,0.0,560
9,period,4550144,44251,breakout,breakout,8,3.0,560
9,period,4550144,44251,breakout,breakout,9,6.0,560
9,period,4550144,44251,breakout,breakout,10,4.0,560
9,period,4550144,44251,breakout,space_invaders,1,44.0,2930
9,period,4550144,44251,breakout,space_invaders,2,36.0,2930
9,period,4550144,44251,breakout,space_invaders,3,47.0,2930
9,period,4550144,44251,breakout,space_invaders,4,23.0,2930
9,period,4550144,44251,breakout,space_invaders,5,10.0,2930
9,period,4550144,44251,breakout,space_invaders,6,23.0,2930
9,period,4550144,44251,breakout,space_invaders,7,16.0,2930
9,period,4550144,44251,breakout,space_invaders,8,34.0,2930
9,period,4550144,44251,breakout,space_invaders,9,23.0,2930
9,period,4550144,44251,breakout,space_invaders,10,11.0,2930
9,period,4550144,44251,breakout,freeway,1,27.0,25000
9,period,4550144,44251,breakout,freeway,2,26.0,25000
9,period,4550144,44251,breakout,freeway,3,30.0,25000
9,period,4550144,44251,breakout,freeway,4,32.0,25000
9,period,4550144,44251,breakout,freeway,5,29.0,25000
9,period,4550144,44251,breakout,freeway,6,33.0,25000
9,period,4550144,44251,breakout,freeway,7,32.0,25000
9,period,4550144,44251,breakout,freeway,8,26.0,25000
9,period,4550144,44251,breakout,freeway,9,26.0,25000
9,period,4550144,44251,breakout,freeway,10,33.0,25000
9,period,4575232,44681,breakout,breakout,1,6.0,566
9,period,4575232,44681,breakout,breakout,2,6.0,566
9,period,4575232,44681,breakout,breakout,3,2.0,566
9,period,4575232,44681,breakout,breakout,4,6.0,566
9,period,4575232,44681,breakout,breakout,5,2.0,566
9,period,4575232,44681,breakout,breakout,6,5.0,566
9,period,4575232,44681,breakout,breakout,7,5.0,566
9,period,4575232,44681,breakout,breakout,8,5.0,566
9,period,4575232,44681,breakout,breakout,9,5.0,566
9,period,4575232,44681,breakout,breakout,10,5.0,566
9,period,4575232,44681,breakout,space_invaders,1,23.0,2013
9,period,4575232,44681,breakout,space_invaders,2,23.0,2013
9,period,4575232,44681,breakout,space_invaders,3,8.0,2013
9,period,4575232,44681,breakout,space_invaders,4,23.0,2013
9,period,4575232,44681,breakout,space_invaders,5,18.0,2013
9,period,4575232,44681,breakout,space_invaders,6,19.0,2013
9,period,4575232,44681,breakout,space_invaders,7,11.0,2013
9,period,4575232,44681,breakout,space_invaders,8,38.0,2013
9,period,4575232,44681,breakout,space_invaders,9,10.0,2013
9,period,4575232,44681,breakout,space_invaders,10,13.0,2013
9,period,4575232,44681,breakout,freeway,1,39.0,25000
9,period,4575232,44681,breakout,freeway,2,22.0,25000
9,period,4575232,44681,breakout,freeway,3,8.0,25000
9,period,4575232,44681,breakout,freeway,4,27.0,25000
9,period,4575232,44681,breakout,freeway,5,33.0,25000
9,period,4575232,44681,breakout,freeway,6,24.0,25000
9,period,4575232,44681,breakout,freeway,7,28.0,25000
9,period,4575232,44681,breakout,freeway,8,31.0,25000
9,period,4575232,44681,breakout,freeway,9,23.0,25000
9,period,4575232,44681,breakout,freeway,10,18.0,25000
9,period,4600064,45091,breakout,breakout,1,4.0,580
9,period,4600064,45091,breakout,breakout,2,2.0,580
9,period,4600064,45091,breakout,breakout,3,4.0,580
9,period,4600064,45091,breakout,breakout,4,6.0,580
9,period,4600064,45091,breakout,breakout,5,5.0,580
9,period,4600064,45091,breakout,breakout,6,5.0,580
9,period,4600064,45091,breakout,breakout,7,5.0,580
9,period,4600064,45091,breakout,breakout,8,6.0,580
9,period,4600064,45091,breakout,breakout,9,6.0,580
9,period,4600064,45091,breakout,breakout,10,5.0,580
9,period,4600064,45091,breakout,space_invaders,1,20.0,1741
9,period,4600064,45091,breakout,space_invaders,2,14.0,1741
9,period,4600064,45091,breakout,space_invaders,3,8.0,1741
9,period,4600064,45091,breakout,space_invaders,4,30.0,1741
9,period,4600064,45091,breakout,space_invaders,5,19.0,1741
9,period,4600064,45091,breakout,space_invaders,6,11.0,1741
9,period,4600064,45091,breakout,space_invaders,7,23.0,1741
9,period,4600064,45091,breakout,space_invaders,8,7.0,1741
9,period,4600064,45091,breakout,space_invaders,9,20.0,1741
9,period,4600064,45091,breakout,space_invaders,10,14.0,1741
9,period,4600064,45091,breakout,freeway,1,25.0,25000
9,period,4600064,45091,breakout,freeway,2,25.0,25000
9,period,4600064,45091,breakout,freeway,3,26.0,25000
9,period,4600064,45091,breakout,freeway,4,36.0,25000
9,period,4600064,45091,breakout,freeway,5,29.0,25000
9,period,4600064,45091,breakout,freeway,6,32.0,25000
9,period,4600064,45091,breakout,freeway,7,28.0,25000
9,period,4600064,45091,breakout,freeway,8,34.0,25000
9,period,4600064,45091,breakout,freeway,9,28.0,25000
9,period,4600064,45091,breakout,freeway,10,23.0,25000
9,period,4625152,45501,breakout,breakout,1,5.0,598
9,period,4625152,45501,breakout,breakout,2,5.0,598
9,period,4625152,45501,breakout,breakout,3,4.0,598
9,period,4625152,45501,breakout,breakout,4,6.0,598
9,period,4625152,45501,breakout,breakout,5,5.0,598
9,period,4625152,45501,breakout,breakout,6,3.0,598
9,period,4625152,45501,breakout,breakout,7,5.0,598
9,period,4625152,45501,breakout,breakout,8,5.0,598
9,period,4625152,45501,breakout,breakout,9,6.0,598
9,period,4625152,45501,breakout,breakout,10,6.0,598
9,period,4625152,45501,breakout,space_invaders,1,23.0,2812
9,period,4625152,45501,breakout,space_invaders,2,19.0,2812
9,period,4625152,45501,breakout,space_invaders,3,23.0,2812
9,period,4625152,45501,breakout,space_invaders,4,23.0,2812
9,period,4625152,45501,breakout,space_invaders,5,17.0,2812
9,period,4625152,45501,breakout,space_invaders,6,37.0,2812
9,period,4625152,45501,breakout,space_invaders,7,31.0,2812
9,period,4625152,45501,breakout,space_invaders,8,22.0,2812
9,period,4625152,45501,breakout,space_invaders,9,6.0,2812
9,period,4625152,45501,breakout,space_invaders,10,39.0,2812
9,period,4625152,45501,breakout,freeway,1,27.0,25000
9,period,4625152,45501,breakout,freeway,2,27.0,25000
9,period,4625152,45501,breakout,freeway,3,27.0,25000
9,period,4625152,45501,breakout,freeway,4,23.0,25000
9,period,4625152,45501,breakout,freeway,5,28.0,25000
9,period,4625152,45501,breakout,freeway,6,24.0,25000
9,period,4625152,45501,breakout,freeway,7,29.0,25000
9,period,4625152,45501,breakout,freeway,8,22.0,25000
9,period,4625152,45501,breakout,freeway,9,30.0,25000
9,period,4625152,45501,breakout,freeway,10,30.0,25000
9,period,4650240,45916,breakout,breakout,1,6.0,642
9,period,4650240,45916,breakout,breakout,2,5.0,642
9,period,4650240,45916,breakout,breakout,3,6.0,642
9,period,4650240,45916,breakout,breakout,4,5.0,642
9,period,4650240,45916,breakout,breakout,5,5.0,642
9,period,4650240,45916,breakout,breakout,6,5.0,642
9,period,4650240,45916,breakout,breakout,7,6.0,642
9,period,4650240,45916,breakout,breakout,8,6.0,642
9,period,4650240,45916,breakout,breakout,9,5.0,642
9,period,4650240,45916,breakout,breakout,10,5.0,642
9,period,4650240,45916,breakout,space_invaders,1,27.0,2327
9,period,4650240,45916,breakout,space_invaders,2,10.0,2327
9,period,4650240,45916,breakout,space_invaders,3,14.0,2327
9,period,4650240,45916,breakout,space_invaders,4,7.0,2327
9,period,4650240,45916,breakout,space_invaders,5,31.0,2327
9,period,4650240,45916,breakout,space_invaders,6,9.0,2327
9,period,4650240,45916,breakout,space_invaders,7,46.0,2327
9,period,4650240,45916,breakout,space_invaders,8,11.0,2327
9,period,4650240,45916,breakout,space_invaders,9,34.0,2327
9,period,4650240,45916,breakout,space_invaders,10,21.0,2327
9,period,4650240,45916,breakout,freeway,1,32.0,25000
9,period,4650240,45916,breakout,freeway,2,22.0,25000
9,period,4650240,45916,breakout,freeway,3,23.0,25000
9,period,4650240,45916,breakout,freeway,4,30.0,25000
9,period,4650240,45916,breakout,freeway,5,29.0,25000
9,period,4650240,45916,breakout,freeway,6,19.0,25000
9,period,4650240,45916,breakout,freeway,7,32.0,25000
9,period,4650240,45916,breakout,freeway,8,25.0,25000
9,period,4650240,45916,breakout,freeway,9,30.0,25000
9,period,4650240,45916,breakout,freeway,10,28.0,25000
9,period,4675072,46316,breakout,breakout,1,5.0,504
9,period,4675072,46316,breakout,breakout,2,5.0,504
9,period,4675072,46316,breakout,breakout,3,5.0,504
9,period,4675072,46316,breakout,breakout,4,5.0,504
9,period,4675072,46316,breakout,breakout,5,5.0,504
9,period,4675072,46316,breakout,breakout,6,5.0,504
9,period,4675072,46316,breakout,breakout,7,5.0,504
9,period,4675072,46316,breakout,breakout,8,0.0,504
9,period,4675072,46316,breakout,breakout,9,5.0,504
9,period,4675072,46316,breakout,breakout,10,1.0,504
9,period,4675072,46316,breakout,space_invaders,1,23.0,2610
9,period,4675072,46316,breakout,space_invaders,2,14.0,2610
9,period,4675072,46316,breakout,space_invaders,3,22.0,2610
9,period,4675072,46316,breakout,space_invaders,4,20.0,2610
9,period,4675072,46316,breakout,space_invaders,5,23.0,2610
9,period,4675072,46316,breakout,space_invaders,6,38.0,2610
9,period,4675072,46316,breakout,space_invaders,7,12.0,2610
9,period,4675072,46316,breakout,space_invaders,8,16.0,2610
9,period,4675072,46316,breakout,space_invaders,9,14.0,2610
9,period,4675072,46316,breakout,space_invaders,10,40.0,2610
9,period,4675072,46316,breakout,freeway,1,27.0,25000
9,period,4675072,46316,breakout,freeway,2,34.0,25000
9,period,4675072,46316,breakout,freeway,3,23.0,25000
9,period,4675072,46316,breakout,freeway,4,25.0,25000
9,period,4675072,46316,breakout,freeway,5,23.0,25000
9,period,4675072,46316,breakout,freeway,6,28.0,25000
9,period,4675072,46316,breakout,freeway,7,27.0,25000
9,period,4675072,46316,breakout,freeway,8,21.0,25000
9,period,4675072,46316,breakout,freeway,9,30.0,25000
9,period,4675072,46316,breakout,freeway,10,22.0,25000
9,period,4700160,46727,breakout,breakout,1,6.0,630
9,period,4700160,46727,breakout,breakout,2,6.0,630
9,period,4700160,46727,breakout,breakout,3,6.0,630
9,period,4700160,46727,breakout,breakout,4,6.0,630
9,period,4700160,46727,breakout,breakout,5,6.0,630
9,period,4700160,46727,breakout,breakout,6,5.0,630
9,period,4700160,46727,breakout,breakout,7,2.0,630
9,period,4700160,46727,breakout,breakout,8,6.0,630
9,period,4700160,46727,breakout,breakout,9,4.0,630
9,period,4700160,46727,breakout,breakout,10,6.0,630
9,period,4700160,46727,breakout,space_invaders,1,23.0,2484
9,period,4700160,46727,breakout,space_invaders,2,21.0,2484
9,period,4700160,46727,breakout,space_invaders,3,37.0,2484
9,period,4700160,46727,breakout,space_invaders,4,19.0,2484
9,period,4700160,46727,breakout,space_invaders,5,47.0,2484
9,period,4700160,46727,breakout,space_invaders,6,20.0,2484
9,period,4700160,46727,breakout,space_invaders,7,7.0,2484
9,period,4700160,46727,breakout,space_invaders,8,10.0,2484
9,period,4700160,46727,breakout,space_invaders,9,23.0,2484
9,period,4700160,46727,breakout,space_invaders,10,42.0,2484
9,period,4700160,46727,breakout,freeway,1,36.0,25000
9,period,4700160,46727,breakout,freeway,2,23.0,25000
9,period,4700160,46727,breakout,freeway,3,30.0,25000
9,period,4700160,46727,breakout,freeway,4,25.0,25000
9,period,4700160,46727,breakout,freeway,5,14.0,25000
9,period,4700160,46727,breakout,freeway,6,20.0,25000
9,period,4700160,46727,breakout,freeway,7,26.0,25000
9,period,4700160,46727,breakout,freeway,8,32.0,25000
9,period,4700160,46727,breakout,freeway,9,32.0,25000
9,period,4700160,46727,breakout,freeway,10,29.0,25000
9,period,4725248,47143,breakout,breakout,1,2.0,526
9,period,4725248,47143,breakout,breakout,2,2.0,526
9,period,4725248,47143,breakout,breakout,3,6.0,526
9,period,4725248,47143,breakout,breakout,4,4.0,526
9,period,4725248,47143,breakout,breakout,5,5.0,526
9,period,4725248,47143,breakout,breakout,6,5.0,526
9,period,4725248,47143,breakout,breakout,7,2.0,526
9,period,4725248,47143,breakout,breakout,8,6.0,526
9,period,4725248,47143,breakout,breakout,9,6.0,526
9,period,4725248,47143,breakout,breakout,10,5.0,526
9,period,4725248,47143,breakout,space_invaders,1,23.0,1921
9,period,4725248,47143,breakout,space_invaders,2,23.0,1921
9,period,4725248,47143,breakout,space_invaders,3,33.0,1921
9,period,4725248,47143,breakout,space_invaders,4,22.0,1921
9,period,4725248,47143,breakout,space_invaders,5,15.0,1921
9,period,4725248,47143,breakout,space_invaders,6,8.0,1921
9,period,4725248,47143,breakout,space_invaders,7,16.0,1921
9,period,4725248,47143,breakout,space_invaders,8,7.0,1921
9,period,4725248,47143,breakout,space_invaders,9,23.0,1921
9,period,4725248,47143,breakout,space_invaders,10,8.0,1921
9,period,4725248,47143,breakout,freeway,1,22.0,25000
9,period,4725248,47143,breakout,freeway,2,23.0,25000
9,period,4725248,47143,breakout,freeway,3,23.0,25000
9,period,4725248,47143,breakout,freeway,4,23.0,25000
9,period,4725248,47143,breakout,freeway,5,25.0,25000
9,period,4725248,47143,breakout,freeway,6,23.0,25000
9,period,4725248,47143,breakout,freeway,7,27.0,25000
9,period,4725248,47143,breakout,freeway,8,27.0,25000
9,period,4725248,47143,breakout,freeway,9,27.0,25000
9,period,4725248,47143,breakout,freeway,10,23.0,25000
9,period,4750080,47549,breakout,breakout,1,4.0,522
9,period,4750080,47549,breakout,breakout,2,5.0,522
9,period,4750080,47549,breakout,breakout,3,2.0,522
9,period,4750080,47549,breakout,breakout,4,2.0,522
9,period,4750080,47549,breakout,breakout,5,6.0,522
9,period,4750080,47549,breakout,breakout,6,6.0,522
9,period,4750080,47549,breakout,breakout,7,6.0,522
9,period,4750080,47549,breakout,breakout,8,5.0,522
9,period,4750080,47549,breakout,breakout,9,5.0,522
9,period,4750080,47549,breakout,breakout,10,2.0,522
9,period,4750080,47549,breakout,space_invaders,1,18.0,1854
9,period,4750080,47549,breakout,space_invaders,2,10.0,1854
9,period,4750080,47549,breakout,space_invaders,3,6.0,1854
9,period,4750080,47549,breakout,space_invaders,4,14.0,1854
9,period,4750080,47549,breakout,space_invaders,5,9.0,1854
9,period,4750080,47549,breakout,space_invaders,6,23.0,1854
9,period,4750080,47549,breakout,space_invaders,7,14.0,1854
9,period,4750080,47549,breakout,space_invaders,8,34.0,1854
9,period,4750080,47549,breakout,space_invaders,9,22.0,1854
9,period,4750080,47549,breakout,space_invaders,10,12.0,1854
9,period,4750080,47549,breakout,freeway,1,28.0,25000
9,period,4750080,47549,breakout,freeway,2,31.0,25000
9,period,4750080,47549,breakout,freeway,3,28.0,25000
9,period,4750080,47549,breakout,freeway,4,19.0,25000
9,period,4750080,47549,breakout,freeway,5,25.0,25000
9,period,4750080,47549,breakout,freeway,6,30.0,25000
9,period,4750080,47549,breakout,freeway,7,32.0,25000
9,period,4750080,47549,breakout,freeway,8,25.0,25000
9,period,4750080,47549,breakout,freeway,9,23.0,25000
9,period,4750080,47549,breakout,freeway,10,27.0,25000
9,period,4775168,47958,breakout,breakout,1,6.0,628
9,period,4775168,47958,breakout,breakout,2,5.0,628
9,period,4775168,47958,breakout,breakout,3,5.0,628
9,period,4775168,47958,breakout,breakout,4,6.0,628
9,period,4775168,47958,breakout,breakout,5,6.0,628
9,period,4775168,47958,breakout,breakout,6,5.0,628
9,period,4775168,47958,breakout,breakout,7,6.0,628
9,period,4775168,47958,breakout,breakout,8,6.0,628
9,period,4775168,47958,breakout,breakout,9,2.0,628
9,period,4775168,47958,breakout,breakout,10,6.0,628
9,period,4775168,47958,breakout,space_invaders,1,40.0,3814
9,period,4775168,47958,breakout,space_invaders,2,29.0,3814
9,period,4775168,47958,breakout,space_invaders,3,16.0,3814
9,period,4775168,47958,breakout,space_invaders,4,23.0,3814
9,period,4775168,47958,breakout,space_invaders,5,23.0,3814
9,period,4775168,47958,breakout,space_invaders,6,23.0,3814
9,period,4775168,47958,breakout,space_invaders,7,45.0,3814
9,period,4775168,47958,breakout,space_invaders,8,23.0,3814
9,period,4775168,47958,breakout,space_invaders,9,56.0,3814
9,period,4775168,47958,breakout,space_invaders,10,33.0,3814
9,period,4775168,47958,breakout,freeway,1,24.0,25000
9,period,4775168,47958,breakout,freeway,2,32.0,25000
9,period,4775168,47958,breakout,freeway,3,27.0,25000
9,period,4775168,47958,breakout,freeway,4,30.0,25000
9,period,4775168,47958,breakout,freeway,5,31.0,25000
9,period,4775168,47958,breakout,freeway,6,13.0,25000
9,period,4775168,47958,breakout,freeway,7,27.0,25000
9,period,4775168,47958,breakout,freeway,8,27.0,25000
9,period,4775168,47958,breakout,freeway,9,27.0,25000
9,period,4775168,47958,breakout,freeway,10,30.0,25000
9,period,4800000,48366,breakout,breakout,1,6.0,652
9,period,4800000,48366,breakout,breakout,2,5.0,652
9,period,4800000,48366,breakout,breakout,3,6.0,652
9,period,4800000,48366,breakout,breakout,4,5.0,652
9,period,4800000,48366,breakout,breakout,5,6.0,652
9,period,4800000,48366,breakout,breakout,6,5.0,652
9,period,4800000,48366,breakout,breakout,7,5.0,652
9,period,4800000,48366,breakout,breakout,8,6.0,652
9,period,4800000,48366,breakout,breakout,9,5.0,652
9,period,4800000,48366,breakout,breakout,10,6.0,652
9,period,4800000,48366,breakout,space_invaders,1,22.0,2495
9,period,4800000,48366,breakout,space_invaders,2,15.0,2495
9,period,4800000,48366,breakout,space_invaders,3,46.0,2495
9,period,4800000,48366,breakout,space_invaders,4,10.0,2495
9,period,4800000,48366,breakout,space_invaders,5,23.0,2495
9,period,4800000,48366,breakout,space_invaders,6,25.0,2495
9,period,4800000,48366,breakout,space_invaders,7,7.0,2495
9,period,4800000,48366,breakout,space_invaders,8,35.0,2495
9,period,4800000,48366,breakout,space_invaders,9,13.0,2495
9,period,4800000,48366,breakout,space_invaders,10,18.0,2495
9,period,4800000,48366,breakout,freeway,1,36.0,25000
9,period,4800000,48366,breakout,freeway,2,20.0,25000
9,period,4800000,48366,breakout,freeway,3,33.0,25000
9,period,4800000,48366,breakout,freeway,4,26.0,25000
9,period,4800000,48366,breakout,freeway,5,31.0,25000
9,period,4800000,48366,breakout,freeway,6,31.0,25000
9,period,4800000,48366,breakout,freeway,7,24.0,25000
9,period,4800000,48366,breakout,freeway,8,32.0,25000
9,period,4800000,48366,breakout,freeway,9,25.0,25000
9,period,4800000,48366,breakout,freeway,10,28.0,25000
9,period,4825088,48774,breakout,breakout,1,6.0,664
9,period,4825088,48774,breakout,breakout,2,5.0,664
9,period,4825088,48774,breakout,breakout,3,5.0,664
9,period,4825088,48774,breakout,breakout,4,6.0,664
9,period,4825088,48774,breakout,breakout,5,6.0,664
9,period,4825088,48774,breakout,breakout,6,5.0,664
9,period,4825088,48774,breakout,breakout,7,6.0,664
9,period,4825088,48774,breakout,breakout,8,6.0,664
9,period,4825088,48774,breakout,breakout,9,5.0,664
9,period,4825088,48774,breakout,breakout,10,6.0,664
9,period,4825088,48774,breakout,space_invaders,1,23.0,2087
9,period,4825088,48774,breakout,space_invaders,2,8.0,2087
9,period,4825088,48774,breakout,space_invaders,3,15.0,2087
9,period,4825088,48774,breakout,space_invaders,4,20.0,2087
9,period,4825088,48774,breakout,space_invaders,5,17.0,2087
9,period,4825088,48774,breakout,space_invaders,6,8.0,2087
9,period,4825088,48774,breakout,space_invaders,7,19.0,2087
9,period,4825088,48774,breakout,space_invaders,8,22.0,2087
9,period,4825088,48774,breakout,space_invaders,9,34.0,2087
9,period,4825088,48774,breakout,space_invaders,10,9.0,2087
9,period,4825088,48774,breakout,freeway,1,28.0,25000
9,period,4825088,48774,breakout,freeway,2,27.0,25000
9,period,4825088,48774,breakout,freeway,3,29.0,25000
9,period,4825088,48774,breakout,freeway,4,25.0,25000
9,period,4825088,48774,breakout,freeway,5,23.0,25000
9,period,4825088,48774,breakout,freeway,6,26.0,25000
9,period,4825088,48774,breakout,freeway,7,30.0,25000
9,period,4825088,48774,breakout,freeway,8,21.0,25000
9,period,4825088,48774,breakout,freeway,9,31.0,25000
9,period,4825088,48774,breakout,freeway,10,29.0,25000
9,period,4850176,49182,breakout,breakout,1,3.0,548
9,period,4850176,49182,breakout,breakout,2,2.0,548
9,period,4850176,49182,breakout,breakout,3,6.0,548
9,period,4850176,49182,breakout,breakout,4,3.0,548
9,period,4850176,49182,breakout,breakout,5,4.0,548
9,period,4850176,49182,breakout,breakout,6,5.0,548
9,period,4850176,49182,breakout,breakout,7,5.0,548
9,period,4850176,49182,breakout,breakout,8,5.0,548
9,period,4850176,49182,breakout,breakout,9,6.0,548
9,period,4850176,49182,breakout,breakout,10,6.0,548
9,period,4850176,49182,breakout,space_invaders,1,35.0,3513
9,period,4850176,49182,breakout,space_invaders,2,46.0,3513
9,period,4850176,49182,breakout,space_invaders,3,22.0,3513
9,period,4850176,49182,breakout,space_invaders,4,15.0,3513
9,period,4850176,49182,breakout,space_invaders,5,29.0,3513
9,period,4850176,49182,breakout,space_invaders,6,23.0,3513
9,period,4850176,49182,breakout,space_invaders,7,23.0,3513
9,period,4850176,49182,breakout,space_invaders,8,47.0,3513
9,period,4850176,49182,breakout,space_invaders,9,22.0,3513
9,period,4850176,49182,breakout,space_invaders,10,13.0,3513
9,period,4850176,49182,breakout,freeway,1,30.0,25000
9,period,4850176,49182,breakout,freeway,2,24.0,25000
9,period,4850176,49182,breakout,freeway,3,25.0,25000
9,period,4850176,49182,breakout,freeway,4,33.0,25000
9,period,4850176,49182,breakout,freeway,5,31.0,25000
9,period,4850176,49182,breakout,freeway,6,35.0,25000
9,period,4850176,49182,breakout,freeway,7,33.0,25000
9,period,4850176,49182,breakout,freeway,8,32.0,25000
9,period,4850176,49182,breakout,freeway,9,28.0,25000
9,period,4850176,49182,breakout,freeway,10,27.0,25000
9,period,4875008,49590,breakout,breakout,1,6.0,666
9,period,4875008,49590,breakout,breakout,2,5.0,666
9,period,4875008,49590,breakout,breakout,3,6.0,666
9,period,4875008,49590,breakout,breakout,4,5.0,666
9,period,4875008,49590,breakout,breakout,5,5.0,666
9,period,4875008,49590,breakout,breakout,6,6.0,666
9,period,4875008,49590,breakout,breakout,7,6.0,666
9,period,4875008,49590,breakout,breakout,8,6.0,666
9,period,4875008,49590,breakout,breakout,9,5.0,666
9,period,4875008,49590,breakout,breakout,10,6.0,666
9,period,4875008,49590,breakout,space_invaders,1,30.0,2232
9,period,4875008,49590,breakout,space_invaders,2,9.0,2232
9,period,4875008,49590,breakout,space_invaders,3,12.0,2232
9,period,4875008,49590,breakout,space_invaders,4,22.0,2232
9,period,4875008,49590,breakout,space_invaders,5,14.0,2232
9,period,4875008,49590,breakout,space_invaders,6,8.0,2232
9,period,4875008,49590,breakout,space_invaders,7,28.0,2232
9,period,4875008,49590,breakout,space_invaders,8,31.0,2232
9,period,4875008,49590,breakout,space_invaders,9,23.0,2232
9,period,4875008,49590,breakout,space_invaders,10,21.0,2232
9,period,4875008,49590,breakout,freeway,1,20.0,25000
9,period,4875008,49590,breakout,freeway,2,18.0,25000
9,period,4875008,49590,breakout,freeway,3,26.0,25000
9,period,4875008,49590,breakout,freeway,4,31.0,25000
9,period,4875008,49590,breakout,freeway,5,25.0,25000
9,period,4875008,49590,breakout,freeway,6,27.0,25000
9,period,4875008,49590,breakout,freeway,7,29.0,25000
9,period,4875008,49590,breakout,freeway,8,21.0,25000
9,period,4875008,49590,breakout,freeway,9,40.0,25000
9,period,4875008,49590,breakout,freeway,10,28.0,25000
9,period,4900096,49990,breakout,breakout,1,5.0,568
9,period,4900096,49990,breakout,breakout,2,6.0,568
9,period,4900096,49990,breakout,breakout,3,1.0,568
9,period,4900096,49990,breakout,breakout,4,4.0,568
9,period,4900096,49990,breakout,breakout,5,6.0,568
9,period,4900096,49990,breakout,breakout,6,4.0,568
9,period,4900096,49990,breakout,breakout,7,6.0,568
9,period,4900096,49990,breakout,breakout,8,5.0,568
9,period,4900096,49990,breakout,breakout,9,5.0,568
9,period,4900096,49990,breakout,breakout,10,5.0,568
9,period,4900096,49990,breakout,space_invaders,1,22.0,2614
9,period,4900096,49990,breakout,space_invaders,2,34.0,2614
9,period,4900096,49990,breakout,space_invaders,3,34.0,2614
9,period,4900096,49990,breakout,space_invaders,4,23.0,2614
9,period,4900096,49990,breakout,space_invaders,5,23.0,2614
9,period,4900096,49990,breakout,space_invaders,6,7.0,2614
9,period,4900096,49990,breakout,space_invaders,7,23.0,2614
9,period,4900096,49990,breakout,space_invaders,8,7.0,2614
9,period,4900096,49990,breakout,space_invaders,9,23.0,2614
9,period,4900096,49990,breakout,space_invaders,10,25.0,2614
9,period,4900096,49990,breakout,freeway,1,25.0,25000
9,period,4900096,49990,breakout,freeway,2,19.0,25000
9,period,4900096,49990,breakout,freeway,3,26.0,25000
9,period,4900096,49990,breakout,freeway,4,33.0,25000
9,period,4900096,49990,breakout,freeway,5,27.0,25000
9,period,4900096,49990,breakout,freeway,6,32.0,25000
9,period,4900096,49990,breakout,freeway,7,32.0,25000
9,period,4900096,49990,breakout,freeway,8,29.0,25000
9,period,4900096,49990,breakout,freeway,9,23.0,25000
9,period,4900096,49990,breakout,freeway,10,29.0,25000
9,period,4925184,50393,breakout,breakout,1,6.0,646
9,period,4925184,50393,breakout,breakout,2,5.0,646
9,period,4925184,50393,breakout,breakout,3,6.0,646
9,period,4925184,50393,breakout,breakout,4,6.0,646
9,period,4925184,50393,breakout,breakout,5,5.0,646
9,period,4925184,50393,breakout,breakout,6,5.0,646
9,period,4925184,50393,breakout,breakout,7,6.0,646
9,period,4925184,50393,breakout,breakout,8,4.0,646
9,period,4925184,50393,breakout,breakout,9,5.0,646
9,period,4925184,50393,breakout,breakout,10,6.0,646
9,period,4925184,50393,breakout,space_invaders,1,46.0,2473
9,period,4925184,50393,breakout,space_invaders,2,22.0,2473
9,period,4925184,50393,breakout,space_invaders,3,23.0,2473
9,period,4925184,50393,breakout,space_invaders,4,23.0,2473
9,period,4925184,50393,breakout,space_invaders,5,23.0,2473
9,period,4925184,50393,breakout,space_invaders,6,21.0,2473
9,period,4925184,50393,breakout,space_invaders,7,23.0,2473
9,period,4925184,50393,breakout,space_invaders,8,11.0,2473
9,period,4925184,50393,breakout,space_invaders,9,20.0,2473
9,period,4925184,50393,breakout,space_invaders,10,18.0,2473
9,period,4925184,50393,breakout,freeway,1,28.0,25000
9,period,4925184,50393,breakout,freeway,2,26.0,25000
9,period,4925184,50393,breakout,freeway,3,28.0,25000
9,period,4925184,50393,breakout,freeway,4,25.0,25000
9,period,4925184,50393,breakout,freeway,5,32.0,25000
9,period,4925184,50393,breakout,freeway,6,31.0,25000
9,period,4925184,50393,breakout,freeway,7,23.0,25000
9,period,4925184,50393,breakout,freeway,8,26.0,25000
9,period,4925184,50393,breakout,freeway,9,26.0,25000
9,period,4925184,50393,breakout,freeway,10,37.0,25000
9,period,4950016,50804,breakout,breakout,1,6.0,556
9,period,4950016,50804,breakout,breakout,2,6.0,556
9,period,4950016,50804,breakout,breakout,3,6.0,556
9,period,4950016,50804,breakout,breakout,4,2.0,556
9,period,4950016,50804,breakout,breakout,5,5.0,556
9,period,4950016,50804,breakout,breakout,6,5.0,556
9,period,4950016,50804,breakout,breakout,7,5.0,556
9,period,4950016,50804,breakout,breakout,8,5.0,556
9,period,4950016,50804,breakout,breakout,9,6.0,556
9,period,4950016,50804,breakout,breakout,10,0.0,556
9,period,4950016,50804,breakout,space_invaders,1,22.0,2777
9,period,4950016,50804,breakout,space_invaders,2,24.0,2777
9,period,4950016,50804,breakout,space_invaders,3,47.0,2777
9,period,4950016,50804,breakout,space_invaders,4,21.0,2777
9,period,4950016,50804,breakout,space_invaders,5,18.0,2777
9,period,4950016,50804,breakout,space_invaders,6,8.0,2777
9,period,4950016,50804,breakout,space_invaders,7,33.0,2777
9,period,4950016,50804,breakout,space_invaders,8,21.0,2777
9,period,4950016,50804,breakout,space_invaders,9,23.0,2777
9,period,4950016,50804,breakout,space_invaders,10,22.0,2777
9,period,4950016,50804,breakout,freeway,1,29.0,25000
9,period,4950016,50804,breakout,freeway,2,32.0,25000
9,period,4950016,50804,breakout,freeway,3,23.0,25000
9,period,4950016,50804,breakout,freeway,4,28.0,25000
9,period,4950016,50804,breakout,freeway,5,27.0,25000
9,period,4950016,50804,breakout,freeway,6,27.0,25000
9,period,4950016,50804,breakout,freeway,7,33.0,25000
9,period,4950016,50804,breakout,freeway,8,29.0,25000
9,period,4950016,50804,breakout,freeway,9,28.0,25000
9,period,4950016,50804,breakout,freeway,10,24.0,25000
9,period,4975104,51212,breakout,breakout,1,6.0,628
9,period,4975104,51212,breakout,breakout,2,3.0,628
9,period,4975104,51212,breakout,breakout,3,5.0,628
9,period,4975104,51212,breakout,breakout,4,6.0,628
9,period,4975104,51212,breakout,breakout,5,5.0,628
9,period,4975104,51212,breakout,breakout,6,6.0,628
9,period,4975104,51212,breakout,breakout,7,5.0,628
9,period,4975104,51212,breakout,breakout,8,6.0,628
9,period,4975104,51212,breakout,breakout,9,5.0,628
9,period,4975104,51212,breakout,breakout,10,5.0,628
9,period,4975104,51212,breakout,space_invaders,1,21.0,2273
9,period,4975104,51212,breakout,space_invaders,2,32.0,2273
9,period,4975104,51212,breakout,space_invaders,3,34.0,2273
9,period,4975104,51212,breakout,space_invaders,4,32.0,2273
9,period,4975104,51212,breakout,space_invaders,5,19.0,2273
9,period,4975104,51212,breakout,space_invaders,6,15.0,2273
9,period,4975104,51212,breakout,space_invaders,7,16.0,2273
9,period,4975104,51212,breakout,space_invaders,8,11.0,2273
9,period,4975104,51212,breakout,space_invaders,9,8.0,2273
9,period,4975104,51212,breakout,space_invaders,10,36.0,2273
9,period,4975104,51212,breakout,freeway,1,25.0,25000
9,period,4975104,51212,breakout,freeway,2,28.0,25000
9,period,4975104,51212,breakout,freeway,3,37.0,25000
9,period,4975104,51212,breakout,freeway,4,25.0,25000
9,period,4975104,51212,breakout,freeway,5,27.0,25000
9,period,4975104,51212,breakout,freeway,6,33.0,25000
9,period,4975104,51212,breakout,freeway,7,23.0,25000
9,period,4975104,51212,breakout,freeway,8,19.0,25000
9,period,4975104,51212,breakout,freeway,9,25.0,25000
9,period,4975104,51212,breakout,freeway,10,27.0,25000
10,boundary,5499648,78417,space_invaders,breakout,1,6.0,646
10,boundary,5499648,78417,space_invaders,breakout,2,6.0,646
10,boundary,5499648,78417,space_invaders,breakout,3,6.0,646
10,boundary,5499648,78417,space_invaders,breakout,4,6.0,646
10,boundary,5499648,78417,space_invaders,breakout,5,6.0,646
10,boundary,5499648,78417,space_invaders,breakout,6,5.0,646
10,boundary,5499648,78417,space_invaders,breakout,7,5.0,646
10,boundary,5499648,78417,space_invaders,breakout,8,6.0,646
10,boundary,5499648,78417,space_invaders,breakout,9,3.0,646
10,boundary,5499648,78417,space_invaders,breakout,10,5.0,646
10,boundary,5499648,78417,space_invaders,space_invaders,1,3.0,180
10,boundary,5499648,78417,space_invaders,space_invaders,2,3.0,180
10,boundary,5499648,78417,space_invaders,space_invaders,3,3.0,180
10,boundary,5499648,78417,space_invaders,space_invaders,4,3.0,180
10,boundary,5499648,78417,space_invaders,space_invaders,5,3.0,180
10,boundary,5499648,78417,space_invaders,space_invaders,6,3.0,180
10,boundary,5499648,78417,space_invaders,space_invaders,7,3.0,180
10,boundary,5499648,78417,space_invaders,space_invaders,8,3.0,180
10,boundary,5499648,78417,space_invaders,space_invaders,9,3.0,180
10,boundary,5499648,78417,space_invaders,space_invaders,10,3.0,180
10,boundary,5499648,78417,space_invaders,freeway,1,21.0,25000
10,boundary,5499648,78417,space_invaders,freeway,2,25.0,25000
10,boundary,5499648,78417,space_invaders,freeway,3,15.0,25000
10,boundary,5499648,78417,space_invaders,freeway,4,17.0,25000
10,boundary,5499648,78417,space_invaders,freeway,5,20.0,25000
10,boundary,5499648,78417,space_invaders,freeway,6,23.0,25000
10,boundary,5499648,78417,space_invaders,freeway,7,23.0,25000
10,boundary,5499648,78417,space_invaders,freeway,8,21.0,25000
10,boundary,5499648,78417,space_invaders,freeway,9,22.0,25000
10,boundary,5499648,78417,space_invaders,freeway,10,29.0,25000
10,period,5000192,51602,space_invaders,breakout,1,6.0,632
10,period,5000192,51602,space_invaders,breakout,2,6.0,632
10,period,5000192,51602,space_invaders,breakout,3,6.0,632
10,period,5000192,51602,space_invaders,breakout,4,6.0,632
10,period,5000192,51602,space_invaders,breakout,5,5.0,632
10,period,5000192,51602,space_invaders,breakout,6,5.0,632
10,period,5000192,51602,space_invaders,breakout,7,6.0,632
10,period,5000192,51602,space_invaders,breakout,8,5.0,632
10,period,5000192,51602,space_invaders,breakout,9,2.0,632
10,period,5000192,51602,space_invaders,breakout,10,6.0,632
10,period,5000192,51602,space_invaders,space_invaders,1,47.0,2970
10,period,5000192,51602,space_invaders,space_invaders,2,23.0,2970
10,period,5000192,51602,space_invaders,space_invaders,3,23.0,2970
10,period,5000192,51602,space_invaders,space_invaders,4,23.0,2970
10,period,5000192,51602,space_invaders,space_invaders,5,21.0,2970
10,period,5000192,51602,space_invaders,space_invaders,6,19.0,2970
10,period,5000192,51602,space_invaders,space_invaders,7,23.0,2970
10,period,5000192,51602,space_invaders,space_invaders,8,23.0,2970
10,period,5000192,51602,space_invaders,space_invaders,9,9.0,2970
10,period,5000192,51602,space_invaders,space_invaders,10,39.0,2970
10,period,5000192,51602,space_invaders,freeway,1,31.0,25000
10,period,5000192,51602,space_invaders,freeway,2,29.0,25000
10,period,5000192,51602,space_invaders,freeway,3,27.0,25000
10,period,5000192,51602,space_invaders,freeway,4,31.0,25000
10,period,5000192,51602,space_invaders,freeway,5,25.0,25000
10,period,5000192,51602,space_invaders,freeway,6,27.0,25000
10,period,5000192,51602,space_invaders,freeway,7,23.0,25000
10,period,5000192,51602,space_invaders,freeway,8,20.0,25000
10,period,5000192,51602,space_invaders,freeway,9,31.0,25000
10,period,5000192,51602,space_invaders,freeway,10,16.0,25000
10,period,5025024,52049,space_invaders,breakout,1,5.0,652
10,period,5025024,52049,space_invaders,breakout,2,5.0,652
10,period,5025024,52049,space_invaders,breakout,3,5.0,652
10,period,5025024,52049,space_invaders,breakout,4,6.0,652
10,period,5025024,52049,space_invaders,breakout,5,5.0,652
10,period,5025024,52049,space_invaders,breakout,6,5.0,652
10,period,5025024,52049,space_invaders,breakout,7,6.0,652
10,period,5025024,52049,space_invaders,breakout,8,5.0,652
10,period,5025024,52049,space_invaders,breakout,9,6.0,652
10,period,5025024,52049,space_invaders,breakout,10,6.0,652
10,period,5025024,52049,space_invaders,space_invaders,1,3.0,180
10,period,5025024,52049,space_invaders,space_invaders,2,3.0,180
10,period,5025024,52049,space_invaders,space_invaders,3,3.0,180
10,period,5025024,52049,space_invaders,space_invaders,4,3.0,180
10,period,5025024,52049,space_invaders,space_invaders,5,3.0,180
10,period,5025024,52049,space_invaders,space_invaders,6,3.0,180
10,period,5025024,52049,space_invaders,space_invaders,7,3.0,180
10,period,5025024,52049,space_invaders,space_invaders,8,3.0,180
10,period,5025024,52049,space_invaders,space_invaders,9,3.0,180
10,period,5025024,52049,space_invaders,space_invaders,10,3.0,180
10,period,5025024,52049,space_invaders,freeway,1,18.0,25000
10,period,5025024,52049,space_invaders,freeway,2,11.0,25000
10,period,5025024,52049,space_invaders,freeway,3,24.0,25000
10,period,5025024,52049,space_invaders,freeway,4,23.0,25000
10,period,5025024,52049,space_invaders,freeway,5,24.0,25000
10,period,5025024,52049,space_invaders,freeway,6,20.0,25000
10,period,5025024,52049,space_invaders,freeway,7,28.0,25000
10,period,5025024,52049,space_invaders,freeway,8,21.0,25000
10,period,5025024,52049,space_invaders,freeway,9,20.0,25000
10,period,5025024,52049,space_invaders,freeway,10,28.0,25000
10,period,5050112,53443,space_invaders,breakout,1,5.0,650
10,period,5050112,53443,space_invaders,breakout,2,5.0,650
10,period,5050112,53443,space_invaders,breakout,3,6.0,650
10,period,5050112,53443,space_invaders,breakout,4,6.0,650
10,period,5050112,53443,space_invaders,breakout,5,5.0,650
10,period,5050112,53443,space_invaders,breakout,6,6.0,650
10,period,5050112,53443,space_invaders,breakout,7,5.0,650
10,period,5050112,53443,space_invaders,breakout,8,5.0,650
10,period,5050112,53443,space_invaders,breakout,9,6.0,650
10,period,5050112,53443,space_invaders,breakout,10,5.0,650
10,period,5050112,53443,space_invaders,space_invaders,1,3.0,180
10,period,5050112,53443,space_invaders,space_invaders,2,3.0,180
10,period,5050112,53443,space_invaders,space_invaders,3,3.0,180
10,period,5050112,53443,space_invaders,space_invaders,4,3.0,180
10,period,5050112,53443,space_invaders,space_invaders,5,3.0,180
10,period,5050112,53443,space_invaders,space_invaders,6,3.0,180
10,period,5050112,53443,space_invaders,space_invaders,7,3.0,180
10,period,5050112,53443,space_invaders,space_invaders,8,3.0,180
10,period,5050112,53443,space_invaders,space_invaders,9,3.0,180
10,period,5050112,53443,space_invaders,space_invaders,10,3.0,180
10,period,5050112,53443,space_invaders,freeway,1,19.0,25000
10,period,5050112,53443,space_invaders,freeway,2,20.0,25000
10,period,5050112,53443,space_invaders,freeway,3,20.0,25000
10,period,5050112,53443,space_invaders,freeway,4,30.0,25000
10,period,5050112,53443,space_invaders,freeway,5,23.0,25000
10,period,5050112,53443,space_invaders,freeway,6,18.0,25000
10,period,5050112,53443,space_invaders,freeway,7,19.0,25000
10,period,5050112,53443,space_invaders,freeway,8,21.0,25000
10,period,5050112,53443,space_invaders,freeway,9,24.0,25000
10,period,5050112,53443,space_invaders,freeway,10,20.0,25000
10,period,5075200,54836,space_invaders,breakout,1,5.0,596
10,period,5075200,54836,space_invaders,breakout,2,2.0,596
10,period,5075200,54836,space_invaders,breakout,3,4.0,596
10,period,5075200,54836,space_invaders,breakout,4,6.0,596
10,period,5075200,54836,space_invaders,breakout,5,6.0,596
10,period,5075200,54836,space_invaders,breakout,6,5.0,596
10,period,5075200,54836,space_invaders,breakout,7,5.0,596
10,period,5075200,54836,space_invaders,breakout,8,5.0,596
10,period,5075200,54836,space_invaders,breakout,9,6.0,596
10,period,5075200,54836,space_invaders,breakout,10,5.0,596
10,period,5075200,54836,space_invaders,space_invaders,1,3.0,180
10,period,5075200,54836,space_invaders,space_invaders,2,3.0,180
10,period,5075200,54836,space_invaders,space_invaders,3,2.0,180
10,period,5075200,54836,space_invaders,space_invaders,4,3.0,180
10,period,5075200,54836,space_invaders,space_invaders,5,3.0,180
10,period,5075200,54836,space_invaders,space_invaders,6,3.0,180
10,period,5075200,54836,space_invaders,space_invaders,7,3.0,180
10,period,5075200,54836,space_invaders,space_invaders,8,3.0,180
10,period,5075200,54836,space_invaders,space_invaders,9,3.0,180
10,period,5075200,54836,space_invaders,space_invaders,10,3.0,180
10,period,5075200,54836,space_invaders,freeway,1,20.0,25000
10,period,5075200,54836,space_invaders,freeway,2,17.0,25000
10,period,5075200,54836,space_invaders,freeway,3,23.0,25000
10,period,5075200,54836,space_invaders,freeway,4,23.0,25000
10,period,5075200,54836,space_invaders,freeway,5,24.0,25000
10,period,5075200,54836,space_invaders,freeway,6,20.0,25000
10,period,5075200,54836,space_invaders,freeway,7,23.0,25000
10,period,5075200,54836,space_invaders,freeway,8,23.0,25000
10,period,5075200,54836,space_invaders,freeway,9,25.0,25000
10,period,5075200,54836,space_invaders,freeway,10,22.0,25000
10,period,5100032,56216,space_invaders,breakout,1,6.0,632
10,period,5100032,56216,space_invaders,breakout,2,5.0,632
10,period,5100032,56216,space_invaders,breakout,3,5.0,632
10,period,5100032,56216,space_invaders,breakout,4,5.0,632
10,period,5100032,56216,space_invaders,breakout,5,6.0,632
10,period,5100032,56216,space_invaders,breakout,6,5.0,632
10,period,5100032,56216,space_invaders,breakout,7,6.0,632
10,period,5100032,56216,space_invaders,breakout,8,4.0,632
10,period,5100032,56216,space_invaders,breakout,9,5.0,632
10,period,5100032,56216,space_invaders,breakout,10,5.0,632
10,period,5100032,56216,space_invaders,space_invaders,1,3.0,180
10,period,5100032,56216,space_invaders,space_invaders,2,3.0,180
10,period,5100032,56216,space_invaders,space_invaders,3,3.0,180
10,period,5100032,56216,space_invaders,space_invaders,4,3.0,180
10,period,5100032,56216,space_invaders,space_invaders,5,3.0,180
10,period,5100032,56216,space_invaders,space_invaders,6,3.0,180
10,period,5100032,56216,space_invaders,space_invaders,7,3.0,180
10,period,5100032,56216,space_invaders,space_invaders,8,3.0,180
10,period,5100032,56216,space_invaders,space_invaders,9,3.0,180
10,period,5100032,56216,space_invaders,space_invaders,10,3.0,180
10,period,5100032,56216,space_invaders,freeway,1,20.0,25000
10,period,5100032,56216,space_invaders,freeway,2,31.0,25000
10,period,5100032,56216,space_invaders,freeway,3,16.0,25000
10,period,5100032,56216,space_invaders,freeway,4,19.0,25000
10,period,5100032,56216,space_invaders,freeway,5,23.0,25000
10,period,5100032,56216,space_invaders,freeway,6,25.0,25000
10,period,5100032,56216,space_invaders,freeway,7,19.0,25000
10,period,5100032,56216,space_invaders,freeway,8,23.0,25000
10,period,5100032,56216,space_invaders,freeway,9,19.0,25000
10,period,5100032,56216,space_invaders,freeway,10,13.0,25000
10,period,5125120,57611,space_invaders,breakout,1,5.0,648
10,period,5125120,57611,space_invaders,breakout,2,5.0,648
10,period,5125120,57611,space_invaders,breakout,3,6.0,648
10,period,5125120,57611,space_invaders,breakout,4,5.0,648
10,period,5125120,57611,space_invaders,breakout,5,5.0,648
10,period,5125120,57611,space_invaders,breakout,6,5.0,648
10,period,5125120,57611,space_invaders,breakout,7,5.0,648
10,period,5125120,57611,space_invaders,breakout,8,6.0,648
10,period,5125120,57611,space_invaders,breakout,9,6.0,648
10,period,5125120,57611,space_invaders,breakout,10,6.0,648
10,period,5125120,57611,space_invaders,space_invaders,1,3.0,180
10,period,5125120,57611,space_invaders,space_invaders,2,3.0,180
10,period,5125120,57611,space_invaders,space_invaders,3,3.0,180
10,period,5125120,57611,space_invaders,space_invaders,4,3.0,180
10,period,5125120,57611,space_invaders,space_invaders,5,3.0,180
10,period,5125120,57611,space_invaders,space_invaders,6,3.0,180
10,period,5125120,57611,space_invaders,space_invaders,7,3.0,180
10,period,5125120,57611,space_invaders,space_invaders,8,3.0,180
10,period,5125120,57611,space_invaders,space_invaders,9,3.0,180
10,period,5125120,57611,space_invaders,space_invaders,10,3.0,180
10,period,5125120,57611,space_invaders,freeway,1,17.0,25000
10,period,5125120,57611,space_invaders,freeway,2,26.0,25000
10,period,5125120,57611,space_invaders,freeway,3,19.0,25000
10,period,5125120,57611,space_invaders,freeway,4,21.0,25000
10,period,5125120,57611,space_invaders,freeway,5,18.0,25000
10,period,5125120,57611,space_invaders,freeway,6,29.0,25000
10,period,5125120,57611,space_invaders,freeway,7,27.0,25000
10,period,5125120,57611,space_invaders,freeway,8,26.0,25000
10,period,5125120,57611,space_invaders,freeway,9,27.0,25000
10,period,5125120,57611,space_invaders,freeway,10,19.0,25000
10,period,5150208,59006,space_invaders,breakout,1,6.0,648
10,period,5150208,59006,space_invaders,breakout,2,5.0,648
10,period,5150208,59006,space_invaders,breakout,3,6.0,648
10,period,5150208,59006,space_invaders,breakout,4,6.0,648
10,period,5150208,59006,space_invaders,breakout,5,5.0,648
10,period,5150208,59006,space_invaders,breakout,6,5.0,648
10,period,5150208,59006,space_invaders,breakout,7,6.0,648
10,period,5150208,59006,space_invaders,breakout,8,5.0,648
10,period,5150208,59006,space_invaders,breakout,9,5.0,648
10,period,5150208,59006,space_invaders,breakout,10,5.0,648
10,period,5150208,59006,space_invaders,space_invaders,1,3.0,180
10,period,5150208,59006,space_invaders,space_invaders,2,3.0,180
10,period,5150208,59006,space_invaders,space_invaders,3,3.0,180
10,period,5150208,59006,space_invaders,space_invaders,4,3.0,180
10,period,5150208,59006,space_invaders,space_invaders,5,3.0,180
10,period,5150208,59006,space_invaders,space_invaders,6,3.0,180
10,period,5150208,59006,space_invaders,space_invaders,7,3.0,180
10,period,5150208,59006,space_invaders,space_invaders,8,3.0,180
10,period,5150208,59006,space_invaders,space_invaders,9,3.0,180
10,period,5150208,59006,space_invaders,space_invaders,10,3.0,180
10,period,5150208,59006,space_invaders,freeway,1,22.0,25000
10,period,5150208,59006,space_invaders,freeway,2,17.0,25000
10,period,5150208,59006,space_invaders,freeway,3,24.0,25000
10,period,5150208,59006,space_invaders,freeway,4,29.0,25000
10,period,5150208,59006,space_invaders,freeway,5,19.0,25000
10,period,5150208,59006,space_invaders,freeway,6,21.0,25000
10,period,5150208,59006,space_invaders,freeway,7,23.0,25000
10,period,5150208,59006,space_invaders,freeway,8,26.0,25000
10,period,5150208,59006,space_invaders,freeway,9,24.0,25000
10,period,5150208,59006,space_invaders,freeway,10,28.0,25000
10,period,5175040,60384,space_invaders,breakout,1,6.0,666
10,period,5175040,60384,space_invaders,breakout,2,6.0,666
10,period,5175040,60384,space_invaders,breakout,3,6.0,666
10,period,5175040,60384,space_invaders,breakout,4,6.0,666
10,period,5175040,60384,space_invaders,breakout,5,6.0,666
10,period,5175040,60384,space_invaders,breakout,6,5.0,666
10,period,5175040,60384,space_invaders,breakout,7,5.0,666
10,period,5175040,60384,space_invaders,breakout,8,6.0,666
10,period,5175040,60384,space_invaders,breakout,9,5.0,666
10,period,5175040,60384,space_invaders,breakout,10,5.0,666
10,period,5175040,60384,space_invaders,space_invaders,1,3.0,180
10,period,5175040,60384,space_invaders,space_invaders,2,3.0,180
10,period,5175040,60384,space_invaders,space_invaders,3,3.0,180
10,period,5175040,60384,space_invaders,space_invaders,4,3.0,180
10,period,5175040,60384,space_invaders,space_invaders,5,3.0,180
10,period,5175040,60384,space_invaders,space_invaders,6,3.0,180
10,period,5175040,60384,space_invaders,space_invaders,7,3.0,180
10,period,5175040,60384,space_invaders,space_invaders,8,3.0,180
10,period,5175040,60384,space_invaders,space_invaders,9,3.0,180
10,period,5175040,60384,space_invaders,space_invaders,10,3.0,180
10,period,5175040,60384,space_invaders,freeway,1,24.0,25000
10,period,5175040,60384,space_invaders,freeway,2,10.0,25000
10,period,5175040,60384,space_invaders,freeway,3,24.0,25000
10,period,5175040,60384,space_invaders,freeway,4,22.0,25000
10,period,5175040,60384,space_invaders,freeway,5,20.0,25000
10,period,5175040,60384,space_invaders,freeway,6,16.0,25000
10,period,5175040,60384,space_invaders,freeway,7,19.0,25000
10,period,5175040,60384,space_invaders,freeway,8,18.0,25000
10,period,5175040,60384,space_invaders,freeway,9,25.0,25000
10,period,5175040,60384,space_invaders,freeway,10,22.0,25000
10,period,5200128,61777,space_invaders,breakout,1,6.0,578
10,period,5200128,61777,space_invaders,breakout,2,5.0,578
10,period,5200128,61777,space_invaders,breakout,3,5.0,578
10,period,5200128,61777,space_invaders,breakout,4,5.0,578
10,period,5200128,61777,space_invaders,breakout,5,5.0,578
10,period,5200128,61777,space_invaders,breakout,6,3.0,578
10,period,5200128,61777,space_invaders,breakout,7,2.0,578
10,period,5200128,61777,space_invaders,breakout,8,5.0,578
10,period,5200128,61777,space_invaders,breakout,9,6.0,578
10,period,5200128,61777,space_invaders,breakout,10,5.0,578
10,period,5200128,61777,space_invaders,space_invaders,1,3.0,180
10,period,5200128,61777,space_invaders,space_invaders,2,3.0,180
10,period,5200128,61777,space_invaders,space_invaders,3,3.0,180
10,period,5200128,61777,space_invaders,space_invaders,4,3.0,180
10,period,5200128,61777,space_invaders,space_invaders,5,3.0,180
10,period,5200128,61777,space_invaders,space_invaders,6,3.0,180
10,period,5200128,61777,space_invaders,space_invaders,7,3.0,180
10,period,5200128,61777,space_invaders,space_invaders,8,3.0,180
10,period,5200128,61777,space_invaders,space_invaders,9,3.0,180
10,period,5200128,61777,space_invaders,space_invaders,10,3.0,180
10,period,5200128,61777,space_invaders,freeway,1,21.0,25000
10,period,5200128,61777,space_invaders,freeway,2,17.0,25000
10,period,5200128,61777,space_invaders,freeway,3,21.0,25000
10,period,5200128,61777,space_invaders,freeway,4,23.0,25000
10,period,5200128,61777,space_invaders,freeway,5,25.0,25000
10,period,5200128,61777,space_invaders,freeway,6,17.0,25000
10,period,5200128,61777,space_invaders,freeway,7,16.0,25000
10,period,5200128,61777,space_invaders,freeway,8,26.0,25000
10,period,5200128,61777,space_invaders,freeway,9,21.0,25000
10,period,5200128,61777,space_invaders,freeway,10,24.0,25000
10,period,5225216,63171,space_invaders,breakout,1,6.0,672
10,period,5225216,63171,space_invaders,breakout,2,6.0,672
10,period,5225216,63171,space_invaders,breakout,3,5.0,672
10,period,5225216,63171,space_invaders,breakout,4,5.0,672
10,period,5225216,63171,space_invaders,breakout,5,6.0,672
10,period,5225216,63171,space_invaders,breakout,6,5.0,672
10,period,5225216,63171,space_invaders,breakout,7,5.0,672
10,period,5225216,63171,space_invaders,breakout,8,6.0,672
10,period,5225216,63171,space_invaders,breakout,9,6.0,672
10,period,5225216,63171,space_invaders,breakout,10,6.0,672
10,period,5225216,63171,space_invaders,space_invaders,1,3.0,180
10,period,5225216,63171,space_invaders,space_invaders,2,3.0,180
10,period,5225216,63171,space_invaders,space_invaders,3,3.0,180
10,period,5225216,63171,space_invaders,space_invaders,4,3.0,180
10,period,5225216,63171,space_invaders,space_invaders,5,3.0,180
10,period,5225216,63171,space_invaders,space_invaders,6,3.0,180
10,period,5225216,63171,space_invaders,space_invaders,7,3.0,180
10,period,5225216,63171,space_invaders,space_invaders,8,3.0,180
10,period,5225216,63171,space_invaders,space_invaders,9,3.0,180
10,period,5225216,63171,space_invaders,space_invaders,10,3.0,180
10,period,5225216,63171,space_invaders,freeway,1,17.0,25000
10,period,5225216,63171,space_invaders,freeway,2,16.0,25000
10,period,5225216,63171,space_invaders,freeway,3,23.0,25000
10,period,5225216,63171,space_invaders,freeway,4,15.0,25000
10,period,5225216,63171,space_invaders,freeway,5,19.0,25000
10,period,5225216,63171,space_invaders,freeway,6,21.0,25000
10,period,5225216,63171,space_invaders,freeway,7,23.0,25000
10,period,5225216,63171,space_invaders,freeway,8,19.0,25000
10,period,5225216,63171,space_invaders,freeway,9,18.0,25000
10,period,5225216,63171,space_invaders,freeway,10,19.0,25000
10,period,5250048,64549,space_invaders,breakout,1,6.0,658
10,period,5250048,64549,space_invaders,breakout,2,5.0,658
10,period,5250048,64549,space_invaders,breakout,3,5.0,658
10,period,5250048,64549,space_invaders,breakout,4,5.0,658
10,period,5250048,64549,space_invaders,breakout,5,6.0,658
10,period,5250048,64549,space_invaders,breakout,6,5.0,658
10,period,5250048,64549,space_invaders,breakout,7,6.0,658
10,period,5250048,64549,space_invaders,breakout,8,6.0,658
10,period,5250048,64549,space_invaders,breakout,9,5.0,658
10,period,5250048,64549,space_invaders,breakout,10,6.0,658
10,period,5250048,64549,space_invaders,space_invaders,1,3.0,180
10,period,5250048,64549,space_invaders,space_invaders,2,3.0,180
10,period,5250048,64549,space_invaders,space_invaders,3,3.0,180
10,period,5250048,64549,space_invaders,space_invaders,4,3.0,180
10,period,5250048,64549,space_invaders,space_invaders,5,3.0,180
10,period,5250048,64549,space_invaders,space_invaders,6,3.0,180
10,period,5250048,64549,space_invaders,space_invaders,7,3.0,180
10,period,5250048,64549,space_invaders,space_invaders,8,3.0,180
10,period,5250048,64549,space_invaders,space_invaders,9,3.0,180
10,period,5250048,64549,space_invaders,space_invaders,10,3.0,180
10,period,5250048,64549,space_invaders,freeway,1,24.0,25000
10,period,5250048,64549,space_invaders,freeway,2,26.0,25000
10,period,5250048,64549,space_invaders,freeway,3,20.0,25000
10,period,5250048,64549,space_invaders,freeway,4,22.0,25000
10,period,5250048,64549,space_invaders,freeway,5,21.0,25000
10,period,5250048,64549,space_invaders,freeway,6,24.0,25000
10,period,5250048,64549,space_invaders,freeway,7,24.0,25000
10,period,5250048,64549,space_invaders,freeway,8,16.0,25000
10,period,5250048,64549,space_invaders,freeway,9,28.0,25000
10,period,5250048,64549,space_invaders,freeway,10,8.0,25000
10,period,5275136,65944,space_invaders,breakout,1,5.0,646
10,period,5275136,65944,space_invaders,breakout,2,6.0,646
10,period,5275136,65944,space_invaders,breakout,3,6.0,646
10,period,5275136,65944,space_invaders,breakout,4,5.0,646
10,period,5275136,65944,space_invaders,breakout,5,5.0,646
10,period,5275136,65944,space_invaders,breakout,6,5.0,646
10,period,5275136,65944,space_invaders,breakout,7,6.0,646
10,period,5275136,65944,space_invaders,breakout,8,6.0,646
10,period,5275136,65944,space_invaders,breakout,9,4.0,646
10,period,5275136,65944,space_invaders,breakout,10,6.0,646
10,period,5275136,65944,space_invaders,space_invaders,1,3.0,180
10,period,5275136,65944,space_invaders,space_invaders,2,3.0,180
10,period,5275136,65944,space_invaders,space_invaders,3,3.0,180
10,period,5275136,65944,space_invaders,space_invaders,4,3.0,180
10,period,5275136,65944,space_invaders,space_invaders,5,3.0,180
10,period,5275136,65944,space_invaders,space_invaders,6,3.0,180
10,period,5275136,65944,space_invaders,space_invaders,7,3.0,180
10,period,5275136,65944,space_invaders,space_invaders,8,3.0,180
10,period,5275136,65944,space_invaders,space_invaders,9,3.0,180
10,period,5275136,65944,space_invaders,space_invaders,10,3.0,180
10,period,5275136,65944,space_invaders,freeway,1,22.0,25000
10,period,5275136,65944,space_invaders,freeway,2,25.0,25000
10,period,5275136,65944,space_invaders,freeway,3,25.0,25000
10,period,5275136,65944,space_invaders,freeway,4,19.0,25000
10,period,5275136,65944,space_invaders,freeway,5,21.0,25000
10,period,5275136,65944,space_invaders,freeway,6,17.0,25000
10,period,5275136,65944,space_invaders,freeway,7,21.0,25000
10,period,5275136,65944,space_invaders,freeway,8,25.0,25000
10,period,5275136,65944,space_invaders,freeway,9,19.0,25000
10,period,5275136,65944,space_invaders,freeway,10,23.0,25000
10,period,5300224,67339,space_invaders,breakout,1,6.0,678
10,period,5300224,67339,space_invaders,breakout,2,6.0,678
10,period,5300224,67339,space_invaders,breakout,3,6.0,678
10,period,5300224,67339,space_invaders,breakout,4,5.0,678
10,period,5300224,67339,space_invaders,breakout,5,6.0,678
10,period,5300224,67339,space_invaders,breakout,6,6.0,678
10,period,5300224,67339,space_invaders,breakout,7,5.0,678
10,period,5300224,67339,space_invaders,breakout,8,6.0,678
10,period,5300224,67339,space_invaders,breakout,9,5.0,678
10,period,5300224,67339,space_invaders,breakout,10,6.0,678
10,period,5300224,67339,space_invaders,space_invaders,1,3.0,180
10,period,5300224,67339,space_invaders,space_invaders,2,3.0,180
10,period,5300224,67339,space_invaders,space_invaders,3,3.0,180
10,period,5300224,67339,space_invaders,space_invaders,4,3.0,180
10,period,5300224,67339,space_invaders,space_invaders,5,3.0,180
10,period,5300224,67339,space_invaders,space_invaders,6,3.0,180
10,period,5300224,67339,space_invaders,space_invaders,7,3.0,180
10,period,5300224,67339,space_invaders,space_invaders,8,3.0,180
10,period,5300224,67339,space_invaders,space_invaders,9,3.0,180
10,period,5300224,67339,space_invaders,space_invaders,10,3.0,180
10,period,5300224,67339,space_invaders,freeway,1,17.0,25000
10,period,5300224,67339,space_invaders,freeway,2,22.0,25000
10,period,5300224,67339,space_invaders,freeway,3,30.0,25000
10,period,5300224,67339,space_invaders,freeway,4,30.0,25000
10,period,5300224,67339,space_invaders,freeway,5,25.0,25000
10,period,5300224,67339,space_invaders,freeway,6,20.0,25000
10,period,5300224,67339,space_invaders,freeway,7,21.0,25000
10,period,5300224,67339,space_invaders,freeway,8,14.0,25000
10,period,5300224,67339,space_invaders,freeway,9,21.0,25000
10,period,5300224,67339,space_invaders,freeway,10,14.0,25000
10,period,5325056,68719,space_invaders,breakout,1,6.0,668
10,period,5325056,68719,space_invaders,breakout,2,6.0,668
10,period,5325056,68719,space_invaders,breakout,3,6.0,668
10,period,5325056,68719,space_invaders,breakout,4,6.0,668
10,period,5325056,68719,space_invaders,breakout,5,5.0,668
10,period,5325056,68719,space_invaders,breakout,6,5.0,668
10,period,5325056,68719,space_invaders,breakout,7,5.0,668
10,period,5325056,68719,space_invaders,breakout,8,6.0,668
10,period,5325056,68719,space_invaders,breakout,9,6.0,668
10,period,5325056,68719,space_invaders,breakout,10,5.0,668
10,period,5325056,68719,space_invaders,space_invaders,1,3.0,180
10,period,5325056,68719,space_invaders,space_invaders,2,3.0,180
10,period,5325056,68719,space_invaders,space_invaders,3,3.0,180
10,period,5325056,68719,space_invaders,space_invaders,4,3.0,180
10,period,5325056,68719,space_invaders,space_invaders,5,3.0,180
10,period,5325056,68719,space_invaders,space_invaders,6,3.0,180
10,period,5325056,68719,space_invaders,space_invaders,7,3.0,180
10,period,5325056,68719,space_invaders,space_invaders,8,3.0,180
10,period,5325056,68719,space_invaders,space_invaders,9,3.0,180
10,period,5325056,68719,space_invaders,space_invaders,10,3.0,180
10,period,5325056,68719,space_invaders,freeway,1,19.0,25000
10,period,5325056,68719,space_invaders,freeway,2,32.0,25000
10,period,5325056,68719,space_invaders,freeway,3,22.0,25000
10,period,5325056,68719,space_invaders,freeway,4,15.0,25000
10,period,5325056,68719,space_invaders,freeway,5,20.0,25000
10,period,5325056,68719,space_invaders,freeway,6,29.0,25000
10,period,5325056,68719,space_invaders,freeway,7,26.0,25000
10,period,5325056,68719,space_invaders,freeway,8,23.0,25000
10,period,5325056,68719,space_invaders,freeway,9,24.0,25000
10,period,5325056,68719,space_invaders,freeway,10,22.0,25000
10,period,5350144,70112,space_invaders,breakout,1,5.0,632
10,period,5350144,70112,space_invaders,breakout,2,2.0,632
10,period,5350144,70112,space_invaders,breakout,3,5.0,632
10,period,5350144,70112,space_invaders,breakout,4,6.0,632
10,period,5350144,70112,space_invaders,breakout,5,6.0,632
10,period,5350144,70112,space_invaders,breakout,6,6.0,632
10,period,5350144,70112,space_invaders,breakout,7,5.0,632
10,period,5350144,70112,space_invaders,breakout,8,5.0,632
10,period,5350144,70112,space_invaders,breakout,9,6.0,632
10,period,5350144,70112,space_invaders,breakout,10,6.0,632
10,period,5350144,70112,space_invaders,space_invaders,1,3.0,180
10,period,5350144,70112,space_invaders,space_invaders,2,3.0,180
10,period,5350144,70112,space_invaders,space_invaders,3,3.0,180
10,period,5350144,70112,space_invaders,space_invaders,4,3.0,180
10,period,5350144,70112,space_invaders,space_invaders,5,3.0,180
10,period,5350144,70112,space_invaders,space_invaders,6,3.0,180
10,period,5350144,70112,space_invaders,space_invaders,7,3.0,180
10,period,5350144,70112,space_invaders,space_invaders,8,3.0,180
10,period,5350144,70112,space_invaders,space_invaders,9,3.0,180
10,period,5350144,70112,space_invaders,space_invaders,10,3.0,180
10,period,5350144,70112,space_invaders,freeway,1,22.0,25000
10,period,5350144,70112,space_invaders,freeway,2,28.0,25000
10,period,5350144,70112,space_invaders,freeway,3,23.0,25000
10,period,5350144,70112,space_invaders,freeway,4,25.0,25000
10,period,5350144,70112,space_invaders,freeway,5,22.0,25000
10,period,5350144,70112,space_invaders,freeway,6,27.0,25000
10,period,5350144,70112,space_invaders,freeway,7,22.0,25000
10,period,5350144,70112,space_invaders,freeway,8,16.0,25000
10,period,5350144,70112,space_invaders,freeway,9,25.0,25000
10,period,5350144,70112,space_invaders,freeway,10,16.0,25000
10,period,5375232,71505,space_invaders,breakout,1,6.0,620
10,period,5375232,71505,space_invaders,breakout,2,6.0,620
10,period,5375232,71505,space_invaders,breakout,3,6.0,620
10,period,5375232,71505,space_invaders,breakout,4,5.0,620
10,period,5375232,71505,space_invaders,breakout,5,5.0,620
10,period,5375232,71505,space_invaders,breakout,6,4.0,620
10,period,5375232,71505,space_invaders,breakout,7,6.0,620
10,period,5375232,71505,space_invaders,breakout,8,6.0,620
10,period,5375232,71505,space_invaders,breakout,9,2.0,620
10,period,5375232,71505,space_invaders,breakout,10,6.0,620
10,period,5375232,71505,space_invaders,space_invaders,1,3.0,180
10,period,5375232,71505,space_invaders,space_invaders,2,3.0,180
10,period,5375232,71505,space_invaders,space_invaders,3,3.0,180
10,period,5375232,71505,space_invaders,space_invaders,4,3.0,180
10,period,5375232,71505,space_invaders,space_invaders,5,3.0,180
10,period,5375232,71505,space_invaders,space_invaders,6,3.0,180
10,period,5375232,71505,space_invaders,space_invaders,7,3.0,180
10,period,5375232,71505,space_invaders,space_invaders,8,3.0,180
10,period,5375232,71505,space_invaders,space_invaders,9,3.0,180
10,period,5375232,71505,space_invaders,space_invaders,10,3.0,180
10,period,5375232,71505,space_invaders,freeway,1,23.0,25000
10,period,5375232,71505,space_invaders,freeway,2,22.0,25000
10,period,5375232,71505,space_invaders,freeway,3,24.0,25000
10,period,5375232,71505,space_invaders,freeway,4,24.0,25000
10,period,5375232,71505,space_invaders,freeway,5,22.0,25000
10,period,5375232,71505,space_invaders,freeway,6,18.0,25000
10,period,5375232,71505,space_invaders,freeway,7,22.0,25000
10,period,5375232,71505,space_invaders,freeway,8,20.0,25000
10,period,5375232,71505,space_invaders,freeway,9,19.0,25000
10,period,5375232,71505,space_invaders,freeway,10,23.0,25000
10,period,5400064,72884,space_invaders,breakout,1,3.0,636
10,period,5400064,72884,space_invaders,breakout,2,5.0,636
10,period,5400064,72884,space_invaders,breakout,3,5.0,636
10,period,5400064,72884,space_invaders,breakout,4,5.0,636
10,period,5400064,72884,space_invaders,breakout,5,5.0,636
10,period,5400064,72884,space_invaders,breakout,6,6.0,636
10,period,5400064,72884,space_invaders,breakout,7,6.0,636
10,period,5400064,72884,space_invaders,breakout,8,6.0,636
10,period,5400064,72884,space_invaders,breakout,9,6.0,636
10,period,5400064,72884,space_invaders,breakout,10,6.0,636
10,period,5400064,72884,space_invaders,space_invaders,1,3.0,180
10,period,5400064,72884,space_invaders,space_invaders,2,3.0,180
10,period,5400064,72884,space_invaders,space_invaders,3,3.0,180
10,period,5400064,72884,space_invaders,space_invaders,4,3.0,180
10,period,5400064,72884,space_invaders,space_invaders,5,3.0,180
10,period,5400064,72884,space_invaders,space_invaders,6,3.0,180
10,period,5400064,72884,space_invaders,space_invaders,7,3.0,180
10,period,5400064,72884,space_invaders,space_invaders,8,3.0,180
10,period,5400064,72884,space_invaders,space_invaders,9,3.0,180
10,period,5400064,72884,space_invaders,space_invaders,10,3.0,180
10,period,5400064,72884,space_invaders,freeway,1,23.0,25000
10,period,5400064,72884,space_invaders,freeway,2,21.0,25000
10,period,5400064,72884,space_invaders,freeway,3,22.0,25000
10,period,5400064,72884,space_invaders,freeway,4,21.0,25000
10,period,5400064,72884,space_invaders,freeway,5,27.0,25000
10,period,5400064,72884,space_invaders,freeway,6,22.0,25000
10,period,5400064,72884,space_invaders,freeway,7,17.0,25000
10,period,5400064,72884,space_invaders,freeway,8,23.0,25000
10,period,5400064,72884,space_invaders,freeway,9,21.0,25000
10,period,5400064,72884,space_invaders,freeway,10,23.0,25000
10,period,5425152,74277,space_invaders,breakout,1,5.0,628
10,period,5425152,74277,space_invaders,breakout,2,6.0,628
10,period,5425152,74277,space_invaders,breakout,3,5.0,628
10,period,5425152,74277,space_invaders,breakout,4,5.0,628
10,period,5425152,74277,space_invaders,breakout,5,6.0,628
10,period,5425152,74277,space_invaders,breakout,6,5.0,628
10,period,5425152,74277,space_invaders,breakout,7,6.0,628
10,period,5425152,74277,space_invaders,breakout,8,5.0,628
10,period,5425152,74277,space_invaders,breakout,9,5.0,628
10,period,5425152,74277,space_invaders,breakout,10,4.0,628
10,period,5425152,74277,space_invaders,space_invaders,1,3.0,180
10,period,5425152,74277,space_invaders,space_invaders,2,3.0,180
10,period,5425152,74277,space_invaders,space_invaders,3,3.0,180
10,period,5425152,74277,space_invaders,space_invaders,4,3.0,180
10,period,5425152,74277,space_invaders,space_invaders,5,3.0,180
10,period,5425152,74277,space_invaders,space_invaders,6,3.0,180
10,period,5425152,74277,space_invaders,space_invaders,7,3.0,180
10,period,5425152,74277,space_invaders,space_invaders,8,3.0,180
10,period,5425152,74277,space_invaders,space_invaders,9,3.0,180
10,period,5425152,74277,space_invaders,space_invaders,10,3.0,180
10,period,5425152,74277,space_invaders,freeway,1,22.0,25000
10,period,5425152,74277,space_invaders,freeway,2,11.0,25000
10,period,5425152,74277,space_invaders,freeway,3,22.0,25000
10,period,5425152,74277,space_invaders,freeway,4,20.0,25000
10,period,5425152,74277,space_invaders,freeway,5,20.0,25000
10,period,5425152,74277,space_invaders,freeway,6,26.0,25000
10,period,5425152,74277,space_invaders,freeway,7,22.0,25000
10,period,5425152,74277,space_invaders,freeway,8,29.0,25000
10,period,5425152,74277,space_invaders,freeway,9,22.0,25000
10,period,5425152,74277,space_invaders,freeway,10,24.0,25000
10,period,5450240,75672,space_invaders,breakout,1,5.0,610
10,period,5450240,75672,space_invaders,breakout,2,6.0,610
10,period,5450240,75672,space_invaders,breakout,3,5.0,610
10,period,5450240,75672,space_invaders,breakout,4,5.0,610
10,period,5450240,75672,space_invaders,breakout,5,5.0,610
10,period,5450240,75672,space_invaders,breakout,6,5.0,610
10,period,5450240,75672,space_invaders,breakout,7,5.0,610
10,period,5450240,75672,space_invaders,breakout,8,6.0,610
10,period,5450240,75672,space_invaders,breakout,9,3.0,610
10,period,5450240,75672,space_invaders,breakout,10,5.0,610
10,period,5450240,75672,space_invaders,space_invaders,1,3.0,180
10,period,5450240,75672,space_invaders,space_invaders,2,3.0,180
10,period,5450240,75672,space_invaders,space_invaders,3,3.0,180
10,period,5450240,75672,space_invaders,space_invaders,4,3.0,180
10,period,5450240,75672,space_invaders,space_invaders,5,3.0,180
10,period,5450240,75672,space_invaders,space_invaders,6,3.0,180
10,period,5450240,75672,space_invaders,space_invaders,7,3.0,180
10,period,5450240,75672,space_invaders,space_invaders,8,3.0,180
10,period,5450240,75672,space_invaders,space_invaders,9,3.0,180
10,period,5450240,75672,space_invaders,space_invaders,10,3.0,180
10,period,5450240,75672,space_invaders,freeway,1,22.0,25000
10,period,5450240,75672,space_invaders,freeway,2,18.0,25000
10,period,5450240,75672,space_invaders,freeway,3,23.0,25000
10,period,5450240,75672,space_invaders,freeway,4,23.0,25000
10,period,5450240,75672,space_invaders,freeway,5,29.0,25000
10,period,5450240,75672,space_invaders,freeway,6,22.0,25000
10,period,5450240,75672,space_invaders,freeway,7,24.0,25000
10,period,5450240,75672,space_invaders,freeway,8,27.0,25000
10,period,5450240,75672,space_invaders,freeway,9,17.0,25000
10,period,5450240,75672,space_invaders,freeway,10,22.0,25000
10,period,5475072,77054,space_invaders,breakout,1,5.0,590
10,period,5475072,77054,space_invaders,breakout,2,6.0,590
10,period,5475072,77054,space_invaders,breakout,3,5.0,590
10,period,5475072,77054,space_invaders,breakout,4,2.0,590
10,period,5475072,77054,space_invaders,breakout,5,6.0,590
10,period,5475072,77054,space_invaders,breakout,6,6.0,590
10,period,5475072,77054,space_invaders,breakout,7,5.0,590
10,period,5475072,77054,space_invaders,breakout,8,6.0,590
10,period,5475072,77054,space_invaders,breakout,9,2.0,590
10,period,5475072,77054,space_invaders,breakout,10,6.0,590
10,period,5475072,77054,space_invaders,space_invaders,1,3.0,180
10,period,5475072,77054,space_invaders,space_invaders,2,3.0,180
10,period,5475072,77054,space_invaders,space_invaders,3,3.0,180
10,period,5475072,77054,space_invaders,space_invaders,4,2.0,180
10,period,5475072,77054,space_invaders,space_invaders,5,3.0,180
10,period,5475072,77054,space_invaders,space_invaders,6,3.0,180
10,period,5475072,77054,space_invaders,space_invaders,7,3.0,180
10,period,5475072,77054,space_invaders,space_invaders,8,3.0,180
10,period,5475072,77054,space_invaders,space_invaders,9,3.0,180
10,period,5475072,77054,space_invaders,space_invaders,10,3.0,180
10,period,5475072,77054,space_invaders,freeway,1,29.0,25000
10,period,5475072,77054,space_invaders,freeway,2,25.0,25000
10,period,5475072,77054,space_invaders,freeway,3,3.0,25000
10,period,5475072,77054,space_invaders,freeway,4,33.0,25000
10,period,5475072,77054,space_invaders,freeway,5,19.0,25000
10,period,5475072,77054,space_invaders,freeway,6,32.0,25000
10,period,5475072,77054,space_invaders,freeway,7,18.0,25000
10,period,5475072,77054,space_invaders,freeway,8,23.0,25000
10,period,5475072,77054,space_invaders,freeway,9,18.0,25000
10,period,5475072,77054,space_invaders,freeway,10,21.0,25000
11,boundary,5999616,78609,freeway,breakout,1,6.0,618
11,boundary,5999616,78609,freeway,breakout,2,5.0,618
11,boundary,5999616,78609,freeway,breakout,3,5.0,618
11,boundary,5999616,78609,freeway,breakout,4,6.0,618
11,boundary,5999616,78609,freeway,breakout,5,5.0,618
11,boundary,5999616,78609,freeway,breakout,6,2.0,618
11,boundary,5999616,78609,freeway,breakout,7,5.0,618
11,boundary,5999616,78609,freeway,breakout,8,6.0,618
11,boundary,5999616,78609,freeway,breakout,9,5.0,618
11,boundary,5999616,78609,freeway,breakout,10,6.0,618
11,boundary,5999616,78609,freeway,space_invaders,1,3.0,180
11,boundary,5999616,78609,freeway,space_invaders,2,3.0,180
11,boundary,5999616,78609,freeway,space_invaders,3,3.0,180
11,boundary,5999616,78609,freeway,space_invaders,4,3.0,180
11,boundary,5999616,78609,freeway,space_invaders,5,3.0,180
11,boundary,5999616,78609,freeway,space_invaders,6,3.0,180
11,boundary,5999616,78609,freeway,space_invaders,7,3.0,180
11,boundary,5999616,78609,freeway,space_invaders,8,3.0,180
11,boundary,5999616,78609,freeway,space_invaders,9,3.0,180
11,boundary,5999616,78609,freeway,space_invaders,10,3.0,180
11,boundary,5999616,78609,freeway,freeway,1,12.0,25000
11,boundary,5999616,78609,freeway,freeway,2,26.0,25000
11,boundary,5999616,78609,freeway,freeway,3,24.0,25000
11,boundary,5999616,78609,freeway,freeway,4,38.0,25000
11,boundary,5999616,78609,freeway,freeway,5,28.0,25000
11,boundary,5999616,78609,freeway,freeway,6,34.0,25000
11,boundary,5999616,78609,freeway,freeway,7,25.0,25000
11,boundary,5999616,78609,freeway,freeway,8,34.0,25000
11,boundary,5999616,78609,freeway,freeway,9,26.0,25000
11,boundary,5999616,78609,freeway,freeway,10,23.0,25000
11,period,5500160,78417,freeway,breakout,1,6.0,646
11,period,5500160,78417,freeway,breakout,2,5.0,646
11,period,5500160,78417,freeway,breakout,3,5.0,646
11,period,5500160,78417,freeway,breakout,4,6.0,646
11,period,5500160,78417,freeway,breakout,5,5.0,646
11,period,5500160,78417,freeway,breakout,6,5.0,646
11,period,5500160,78417,freeway,breakout,7,6.0,646
11,period,5500160,78417,freeway,breakout,8,5.0,646
11,period,5500160,78417,freeway,breakout,9,5.0,646
11,period,5500160,78417,freeway,breakout,10,5.0,646
11,period,5500160,78417,freeway,space_invaders,1,3.0,180
11,period,5500160,78417,freeway,space_invaders,2,3.0,180
11,period,5500160,78417,freeway,space_invaders,3,3.0,180
11,period,5500160,78417,freeway,space_invaders,4,3.0,180
11,period,5500160,78417,freeway,space_invaders,5,3.0,180
11,period,5500160,78417,freeway,space_invaders,6,3.0,180
11,period,5500160,78417,freeway,space_invaders,7,3.0,180
11,period,5500160,78417,freeway,space_invaders,8,3.0,180
11,period,5500160,78417,freeway,space_invaders,9,3.0,180
11,period,5500160,78417,freeway,space_invaders,10,3.0,180
11,period,5500160,78417,freeway,freeway,1,25.0,25000
11,period,5500160,78417,freeway,freeway,2,25.0,25000
11,period,5500160,78417,freeway,freeway,3,20.0,25000
11,period,5500160,78417,freeway,freeway,4,21.0,25000
11,period,5500160,78417,freeway,freeway,5,29.0,25000
11,period,5500160,78417,freeway,freeway,6,26.0,25000
11,period,5500160,78417,freeway,freeway,7,16.0,25000
11,period,5500160,78417,freeway,freeway,8,20.0,25000
11,period,5500160,78417,freeway,freeway,9,17.0,25000
11,period,5500160,78417,freeway,freeway,10,22.0,25000
11,period,5525248,78417,freeway,breakout,1,6.0,644
11,period,5525248,78417,freeway,breakout,2,6.0,644
11,period,5525248,78417,freeway,breakout,3,5.0,644
11,period,5525248,78417,freeway,breakout,4,5.0,644
11,period,5525248,78417,freeway,breakout,5,5.0,644
11,period,5525248,78417,freeway,breakout,6,5.0,644
11,period,5525248,78417,freeway,breakout,7,5.0,644
11,period,5525248,78417,freeway,breakout,8,5.0,644
11,period,5525248,78417,freeway,breakout,9,5.0,644
11,period,5525248,78417,freeway,breakout,10,6.0,644
11,period,5525248,78417,freeway,space_invaders,1,3.0,180
11,period,5525248,78417,freeway,space_invaders,2,3.0,180
11,period,5525248,78417,freeway,space_invaders,3,3.0,180
11,period,5525248,78417,freeway,space_invaders,4,3.0,180
11,period,5525248,78417,freeway,space_invaders,5,3.0,180
11,period,5525248,78417,freeway,space_invaders,6,3.0,180
11,period,5525248,78417,freeway,space_invaders,7,3.0,180
11,period,5525248,78417,freeway,space_invaders,8,3.0,180
11,period,5525248,78417,freeway,space_invaders,9,3.0,180
11,period,5525248,78417,freeway,space_invaders,10,3.0,180
11,period,5525248,78417,freeway,freeway,1,22.0,25000
11,period,5525248,78417,freeway,freeway,2,29.0,25000
11,period,5525248,78417,freeway,freeway,3,25.0,25000
11,period,5525248,78417,freeway,freeway,4,28.0,25000
11,period,5525248,78417,freeway,freeway,5,28.0,25000
11,period,5525248,78417,freeway,freeway,6,15.0,25000
11,period,5525248,78417,freeway,freeway,7,26.0,25000
11,period,5525248,78417,freeway,freeway,8,23.0,25000
11,period,5525248,78417,freeway,freeway,9,25.0,25000
11,period,5525248,78417,freeway,freeway,10,29.0,25000
11,period,5550080,78433,freeway,breakout,1,6.0,608
11,period,5550080,78433,freeway,breakout,2,5.0,608
11,period,5550080,78433,freeway,breakout,3,5.0,608
11,period,5550080,78433,freeway,breakout,4,5.0,608
11,period,5550080,78433,freeway,breakout,5,5.0,608
11,period,5550080,78433,freeway,breakout,6,5.0,608
11,period,5550080,78433,freeway,breakout,7,6.0,608
11,period,5550080,78433,freeway,breakout,8,5.0,608
11,period,5550080,78433,freeway,breakout,9,2.0,608
11,period,5550080,78433,freeway,breakout,10,6.0,608
11,period,5550080,78433,freeway,space_invaders,1,3.0,180
11,period,5550080,78433,freeway,space_invaders,2,3.0,180
11,period,5550080,78433,freeway,space_invaders,3,3.0,180
11,period,5550080,78433,freeway,space_invaders,4,3.0,180
11,period,5550080,78433,freeway,space_invaders,5,3.0,180
11,period,5550080,78433,freeway,space_invaders,6,3.0,180
11,period,5550080,78433,freeway,space_invaders,7,3.0,180
11,period,5550080,78433,freeway,space_invaders,8,3.0,180
11,period,5550080,78433,freeway,space_invaders,9,3.0,180
11,period,5550080,78433,freeway,space_invaders,10,3.0,180
11,period,5550080,78433,freeway,freeway,1,24.0,25000
11,period,5550080,78433,freeway,freeway,2,11.0,25000
11,period,5550080,78433,freeway,freeway,3,18.0,25000
11,period,5550080,78433,freeway,freeway,4,27.0,25000
11,period,5550080,78433,freeway,freeway,5,25.0,25000
11,period,5550080,78433,freeway,freeway,6,25.0,25000
11,period,5550080,78433,freeway,freeway,7,26.0,25000
11,period,5550080,78433,freeway,freeway,8,23.0,25000
11,period,5550080,78433,freeway,freeway,9,24.0,25000
11,period,5550080,78433,freeway,freeway,10,24.0,25000
11,period,5575168,78433,freeway,breakout,1,5.0,556
11,period,5575168,78433,freeway,breakout,2,6.0,556
11,period,5575168,78433,freeway,breakout,3,5.0,556
11,period,5575168,78433,freeway,breakout,4,6.0,556
11,period,5575168,78433,freeway,breakout,5,1.0,556
11,period,5575168,78433,freeway,breakout,6,2.0,556
11,period,5575168,78433,freeway,breakout,7,5.0,556
11,period,5575168,78433,freeway,breakout,8,5.0,556
11,period,5575168,78433,freeway,breakout,9,4.0,556
11,period,5575168,78433,freeway,breakout,10,6.0,556
11,period,5575168,78433,freeway,space_invaders,1,3.0,180
11,period,5575168,78433,freeway,space_invaders,2,3.0,180
11,period,5575168,78433,freeway,space_invaders,3,3.0,180
11,period,5575168,78433,freeway,space_invaders,4,3.0,180
11,period,5575168,78433,freeway,space_invaders,5,3.0,180
11,period,5575168,78433,freeway,space_invaders,6,3.0,180
11,period,5575168,78433,freeway,space_invaders,7,3.0,180
11,period,5575168,78433,freeway,space_invaders,8,3.0,180
11,period,5575168,78433,freeway,space_invaders,9,3.0,180
11,period,5575168,78433,freeway,space_invaders,10,3.0,180
11,period,5575168,78433,freeway,freeway,1,31.0,25000
11,period,5575168,78433,freeway,freeway,2,33.0,25000
11,period,5575168,78433,freeway,freeway,3,26.0,25000
11,period,5575168,78433,freeway,freeway,4,28.0,25000
11,period,5575168,78433,freeway,freeway,5,20.0,25000
11,period,5575168,78433,freeway,freeway,6,23.0,25000
11,period,5575168,78433,freeway,freeway,7,34.0,25000
11,period,5575168,78433,freeway,freeway,8,23.0,25000
11,period,5575168,78433,freeway,freeway,9,27.0,25000
11,period,5575168,78433,freeway,freeway,10,27.0,25000
11,period,5600000,78449,freeway,breakout,1,6.0,596
11,period,5600000,78449,freeway,breakout,2,5.0,596
11,period,5600000,78449,freeway,breakout,3,5.0,596
11,period,5600000,78449,freeway,breakout,4,6.0,596
11,period,5600000,78449,freeway,breakout,5,5.0,596
11,period,5600000,78449,freeway,breakout,6,5.0,596
11,period,5600000,78449,freeway,breakout,7,5.0,596
11,period,5600000,78449,freeway,breakout,8,5.0,596
11,period,5600000,78449,freeway,breakout,9,1.0,596
11,period,5600000,78449,freeway,breakout,10,6.0,596
11,period,5600000,78449,freeway,space_invaders,1,3.0,180
11,period,5600000,78449,freeway,space_invaders,2,3.0,180
11,period,5600000,78449,freeway,space_invaders,3,3.0,180
11,period,5600000,78449,freeway,space_invaders,4,3.0,180
11,period,5600000,78449,freeway,space_invaders,5,3.0,180
11,period,5600000,78449,freeway,space_invaders,6,3.0,180
11,period,5600000,78449,freeway,space_invaders,7,3.0,180
11,period,5600000,78449,freeway,space_invaders,8,3.0,180
11,period,5600000,78449,freeway,space_invaders,9,3.0,180
11,period,5600000,78449,freeway,space_invaders,10,3.0,180
11,period,5600000,78449,freeway,freeway,1,30.0,25000
11,period,5600000,78449,freeway,freeway,2,29.0,25000
11,period,5600000,78449,freeway,freeway,3,28.0,25000
11,period,5600000,78449,freeway,freeway,4,35.0,25000
11,period,5600000,78449,freeway,freeway,5,30.0,25000
11,period,5600000,78449,freeway,freeway,6,30.0,25000
11,period,5600000,78449,freeway,freeway,7,32.0,25000
11,period,5600000,78449,freeway,freeway,8,31.0,25000
11,period,5600000,78449,freeway,freeway,9,28.0,25000
11,period,5600000,78449,freeway,freeway,10,26.0,25000
11,period,5625088,78465,freeway,breakout,1,6.0,594
11,period,5625088,78465,freeway,breakout,2,6.0,594
11,period,5625088,78465,freeway,breakout,3,6.0,594
11,period,5625088,78465,freeway,breakout,4,5.0,594
11,period,5625088,78465,freeway,breakout,5,2.0,594
11,period,5625088,78465,freeway,breakout,6,5.0,594
11,period,5625088,78465,freeway,breakout,7,6.0,594
11,period,5625088,78465,freeway,breakout,8,2.0,594
11,period,5625088,78465,freeway,breakout,9,6.0,594
11,period,5625088,78465,freeway,breakout,10,5.0,594
11,period,5625088,78465,freeway,space_invaders,1,3.0,180
11,period,5625088,78465,freeway,space_invaders,2,3.0,180
11,period,5625088,78465,freeway,space_invaders,3,3.0,180
11,period,5625088,78465,freeway,space_invaders,4,3.0,180
11,period,5625088,78465,freeway,space_invaders,5,3.0,180
11,period,5625088,78465,freeway,space_invaders,6,3.0,180
11,period,5625088,78465,freeway,space_invaders,7,3.0,180
11,period,5625088,78465,freeway,space_invaders,8,3.0,180
11,period,5625088,78465,freeway,space_invaders,9,3.0,180
11,period,5625088,78465,freeway,space_invaders,10,3.0,180
11,period,5625088,78465,freeway,freeway,1,29.0,25000
11,period,5625088,78465,freeway,freeway,2,33.0,25000
11,period,5625088,78465,freeway,freeway,3,28.0,25000
11,period,5625088,78465,freeway,freeway,4,3.0,25000
11,period,5625088,78465,freeway,freeway,5,34.0,25000
11,period,5625088,78465,freeway,freeway,6,17.0,25000
11,period,5625088,78465,freeway,freeway,7,22.0,25000
11,period,5625088,78465,freeway,freeway,8,20.0,25000
11,period,5625088,78465,freeway,freeway,9,23.0,25000
11,period,5625088,78465,freeway,freeway,10,30.0,25000
11,period,5650176,78465,freeway,breakout,1,6.0,578
11,period,5650176,78465,freeway,breakout,2,5.0,578
11,period,5650176,78465,freeway,breakout,3,6.0,578
11,period,5650176,78465,freeway,breakout,4,6.0,578
11,period,5650176,78465,freeway,breakout,5,5.0,578
11,period,5650176,78465,freeway,breakout,6,6.0,578
11,period,5650176,78465,freeway,breakout,7,5.0,578
11,period,5650176,78465,freeway,breakout,8,1.0,578
11,period,5650176,78465,freeway,breakout,9,5.0,578
11,period,5650176,78465,freeway,breakout,10,2.0,578
11,period,5650176,78465,freeway,space_invaders,1,3.0,180
11,period,5650176,78465,freeway,space_invaders,2,3.0,180
11,period,5650176,78465,freeway,space_invaders,3,3.0,180
11,period,5650176,78465,freeway,space_invaders,4,3.0,180
11,period,5650176,78465,freeway,space_invaders,5,3.0,180
11,period,5650176,78465,freeway,space_invaders,6,3.0,180
11,period,5650176,78465,freeway,space_invaders,7,3.0,180
11,period,5650176,78465,freeway,space_invaders,8,3.0,180
11,period,5650176,78465,freeway,space_invaders,9,3.0,180
11,period,5650176,78465,freeway,space_invaders,10,3.0,180
11,period,5650176,78465,freeway,freeway,1,28.0,25000
11,period,5650176,78465,freeway,freeway,2,30.0,25000
11,period,5650176,78465,freeway,freeway,3,22.0,25000
11,period,5650176,78465,freeway,freeway,4,26.0,25000
11,period,5650176,78465,freeway,freeway,5,35.0,25000
11,period,5650176,78465,freeway,freeway,6,33.0,25000
11,period,5650176,78465,freeway,freeway,7,27.0,25000
11,period,5650176,78465,freeway,freeway,8,34.0,25000
11,period,5650176,78465,freeway,freeway,9,36.0,25000
11,period,5650176,78465,freeway,freeway,10,25.0,25000
11,period,5675008,78481,freeway,breakout,1,5.0,596
11,period,5675008,78481,freeway,breakout,2,6.0,596
11,period,5675008,78481,freeway,breakout,3,5.0,596
11,period,5675008,78481,freeway,breakout,4,2.0,596
11,period,5675008,78481,freeway,breakout,5,6.0,596
11,period,5675008,78481,freeway,breakout,6,3.0,596
11,period,5675008,78481,freeway,breakout,7,5.0,596
11,period,5675008,78481,freeway,breakout,8,6.0,596
11,period,5675008,78481,freeway,breakout,9,6.0,596
11,period,5675008,78481,freeway,breakout,10,5.0,596
11,period,5675008,78481,freeway,space_invaders,1,3.0,180
11,period,5675008,78481,freeway,space_invaders,2,3.0,180
11,period,5675008,78481,freeway,space_invaders,3,3.0,180
11,period,5675008,78481,freeway,space_invaders,4,3.0,180
11,period,5675008,78481,freeway,space_invaders,5,3.0,180
11,period,5675008,78481,freeway,space_invaders,6,3.0,180
11,period,5675008,78481,freeway,space_invaders,7,3.0,180
11,period,5675008,78481,freeway,space_invaders,8,3.0,180
11,period,5675008,78481,freeway,space_invaders,9,3.0,180
11,period,5675008,78481,freeway,space_invaders,10,3.0,180
11,period,5675008,78481,freeway,freeway,1,29.0,25000
11,period,5675008,78481,freeway,freeway,2,26.0,25000
11,period,5675008,78481,freeway,freeway,3,21.0,25000
11,period,5675008,78481,freeway,freeway,4,33.0,25000
11,period,5675008,78481,freeway,freeway,5,33.0,25000
11,period,5675008,78481,freeway,freeway,6,27.0,25000
11,period,5675008,78481,freeway,freeway,7,31.0,25000
11,period,5675008,78481,freeway,freeway,8,36.0,25000
11,period,5675008,78481,freeway,freeway,9,20.0,25000
11,period,5675008,78481,freeway,freeway,10,27.0,25000
11,period,5700096,78497,freeway,breakout,1,5.0,640
11,period,5700096,78497,freeway,breakout,2,6.0,640
11,period,5700096,78497,freeway,breakout,3,5.0,640
11,period,5700096,78497,freeway,breakout,4,6.0,640
11,period,5700096,78497,freeway,breakout,5,6.0,640
11,period,5700096,78497,freeway,breakout,6,6.0,640
11,period,5700096,78497,freeway,breakout,7,3.0,640
11,period,5700096,78497,freeway,breakout,8,6.0,640
11,period,5700096,78497,freeway,breakout,9,5.0,640
11,period,5700096,78497,freeway,breakout,10,5.0,640
11,period,5700096,78497,freeway,space_invaders,1,3.0,180
11,period,5700096,78497,freeway,space_invaders,2,3.0,180
11,period,5700096,78497,freeway,space_invaders,3,3.0,180
11,period,5700096,78497,freeway,space_invaders,4,3.0,180
11,period,5700096,78497,freeway,space_invaders,5,3.0,180
11,period,5700096,78497,freeway,space_invaders,6,3.0,180
11,period,5700096,78497,freeway,space_invaders,7,3.0,180
11,period,5700096,78497,freeway,space_invaders,8,3.0,180
11,period,5700096,78497,freeway,space_invaders,9,3.0,180
11,period,5700096,78497,freeway,space_invaders,10,3.0,180
11,period,5700096,78497,freeway,freeway,1,24.0,25000
11,period,5700096,78497,freeway,freeway,2,29.0,25000
11,period,5700096,78497,freeway,freeway,3,32.0,25000
11,period,5700096,78497,freeway,freeway,4,29.0,25000
11,period,5700096,78497,freeway,freeway,5,22.0,25000
11,period,5700096,78497,freeway,freeway,6,26.0,25000
11,period,5700096,78497,freeway,freeway,7,30.0,25000
11,period,5700096,78497,freeway,freeway,8,34.0,25000
11,period,5700096,78497,freeway,freeway,9,29.0,25000
11,period,5700096,78497,freeway,freeway,10,38.0,25000
11,period,5725184,78497,freeway,breakout,1,6.0,674
11,period,5725184,78497,freeway,breakout,2,6.0,674
11,period,5725184,78497,freeway,breakout,3,5.0,674
11,period,5725184,78497,freeway,breakout,4,5.0,674
11,period,5725184,78497,freeway,breakout,5,6.0,674
11,period,5725184,78497,freeway,breakout,6,5.0,674
11,period,5725184,78497,freeway,breakout,7,6.0,674
11,period,5725184,78497,freeway,breakout,8,6.0,674
11,period,5725184,78497,freeway,breakout,9,6.0,674
11,period,5725184,78497,freeway,breakout,10,5.0,674
11,period,5725184,78497,freeway,space_invaders,1,3.0,180
11,period,5725184,78497,freeway,space_invaders,2,3.0,180
11,period,5725184,78497,freeway,space_invaders,3,3.0,180
11,period,5725184,78497,freeway,space_invaders,4,3.0,180
11,period,5725184,78497,freeway,space_invaders,5,3.0,180
11,period,5725184,78497,freeway,space_invaders,6,3.0,180
11,period,5725184,78497,freeway,space_invaders,7,3.0,180
11,period,5725184,78497,freeway,space_invaders,8,3.0,180
11,period,5725184,78497,freeway,space_invaders,9,3.0,180
11,period,5725184,78497,freeway,space_invaders,10,3.0,180
11,period,5725184,78497,freeway,freeway,1,25.0,25000
11,period,5725184,78497,freeway,freeway,2,22.0,25000
11,period,5725184,78497,freeway,freeway,3,19.0,25000
11,period,5725184,78497,freeway,freeway,4,34.0,25000
11,period,5725184,78497,freeway,freeway,5,24.0,25000
11,period,5725184,78497,freeway,freeway,6,32.0,25000
11,period,5725184,78497,freeway,freeway,7,30.0,25000
11,period,5725184,78497,freeway,freeway,8,31.0,25000
11,period,5725184,78497,freeway,freeway,9,16.0,25000
11,period,5725184,78497,freeway,freeway,10,15.0,25000
11,period,5750016,78513,freeway,breakout,1,6.0,678
11,period,5750016,78513,freeway,breakout,2,5.0,678
11,period,5750016,78513,freeway,breakout,3,6.0,678
11,period,5750016,78513,freeway,breakout,4,6.0,678
11,period,5750016,78513,freeway,breakout,5,6.0,678
11,period,5750016,78513,freeway,breakout,6,5.0,678
11,period,5750016,78513,freeway,breakout,7,6.0,678
11,period,5750016,78513,freeway,breakout,8,6.0,678
11,period,5750016,78513,freeway,breakout,9,6.0,678
11,period,5750016,78513,freeway,breakout,10,5.0,678
11,period,5750016,78513,freeway,space_invaders,1,3.0,180
11,period,5750016,78513,freeway,space_invaders,2,3.0,180
11,period,5750016,78513,freeway,space_invaders,3,3.0,180
11,period,5750016,78513,freeway,space_invaders,4,3.0,180
11,period,5750016,78513,freeway,space_invaders,5,3.0,180
11,period,5750016,78513,freeway,space_invaders,6,3.0,180
11,period,5750016,78513,freeway,space_invaders,7,3.0,180
11,period,5750016,78513,freeway,space_invaders,8,3.0,180
11,period,5750016,78513,freeway,space_invaders,9,3.0,180
11,period,5750016,78513,freeway,space_invaders,10,3.0,180
11,period,5750016,78513,freeway,freeway,1,27.0,25000
11,period,5750016,78513,freeway,freeway,2,32.0,25000
11,period,5750016,78513,freeway,freeway,3,33.0,25000
11,period,5750016,78513,freeway,freeway,4,28.0,25000
11,period,5750016,78513,freeway,freeway,5,30.0,25000
11,period,5750016,78513,freeway,freeway,6,19.0,25000
11,period,5750016,78513,freeway,freeway,7,23.0,25000
11,period,5750016,78513,freeway,freeway,8,26.0,25000
11,period,5750016,78513,freeway,freeway,9,31.0,25000
11,period,5750016,78513,freeway,freeway,10,28.0,25000
11,period,5775104,78513,freeway,breakout,1,5.0,662
11,period,5775104,78513,freeway,breakout,2,6.0,662
11,period,5775104,78513,freeway,breakout,3,6.0,662
11,period,5775104,78513,freeway,breakout,4,6.0,662
11,period,5775104,78513,freeway,breakout,5,6.0,662
11,period,5775104,78513,freeway,breakout,6,5.0,662
11,period,5775104,78513,freeway,breakout,7,6.0,662
11,period,5775104,78513,freeway,breakout,8,5.0,662
11,period,5775104,78513,freeway,breakout,9,5.0,662
11,period,5775104,78513,freeway,breakout,10,5.0,662
11,period,5775104,78513,freeway,space_invaders,1,3.0,180
11,period,5775104,78513,freeway,space_invaders,2,3.0,180
11,period,5775104,78513,freeway,space_invaders,3,3.0,180
11,period,5775104,78513,freeway,space_invaders,4,3.0,180
11,period,5775104,78513,freeway,space_invaders,5,3.0,180
11,period,5775104,78513,freeway,space_invaders,6,3.0,180
11,period,5775104,78513,freeway,space_invaders,7,3.0,180
11,period,5775104,78513,freeway,space_invaders,8,3.0,180
11,period,5775104,78513,freeway,space_invaders,9,3.0,180
11,period,5775104,78513,freeway,space_invaders,10,3.0,180
11,period,5775104,78513,freeway,freeway,1,30.0,25000
11,period,5775104,78513,freeway,freeway,2,24.0,25000
11,period,5775104,78513,freeway,freeway,3,33.0,25000
11,period,5775104,78513,freeway,freeway,4,35.0,25000
11,period,5775104,78513,freeway,freeway,5,28.0,25000
11,period,5775104,78513,freeway,freeway,6,28.0,25000
11,period,5775104,78513,freeway,freeway,7,30.0,25000
11,period,5775104,78513,freeway,freeway,8,26.0,25000
11,period,5775104,78513,freeway,freeway,9,14.0,25000
11,period,5775104,78513,freeway,freeway,10,27.0,25000
11,period,5800192,78529,freeway,breakout,1,6.0,576
11,period,5800192,78529,freeway,breakout,2,5.0,576
11,period,5800192,78529,freeway,breakout,3,5.0,576
11,period,5800192,78529,freeway,breakout,4,5.0,576
11,period,5800192,78529,freeway,breakout,5,5.0,576
11,period,5800192,78529,freeway,breakout,6,6.0,576
11,period,5800192,78529,freeway,breakout,7,2.0,576
11,period,5800192,78529,freeway,breakout,8,6.0,576
11,period,5800192,78529,freeway,breakout,9,5.0,576
11,period,5800192,78529,freeway,breakout,10,2.0,576
11,period,5800192,78529,freeway,space_invaders,1,3.0,180
11,period,5800192,78529,freeway,space_invaders,2,3.0,180
11,period,5800192,78529,freeway,space_invaders,3,3.0,180
11,period,5800192,78529,freeway,space_invaders,4,3.0,180
11,period,5800192,78529,freeway,space_invaders,5,3.0,180
11,period,5800192,78529,freeway,space_invaders,6,3.0,180
11,period,5800192,78529,freeway,space_invaders,7,3.0,180
11,period,5800192,78529,freeway,space_invaders,8,3.0,180
11,period,5800192,78529,freeway,space_invaders,9,3.0,180
11,period,5800192,78529,freeway,space_invaders,10,3.0,180
11,period,5800192,78529,freeway,freeway,1,24.0,25000
11,period,5800192,78529,freeway,freeway,2,31.0,25000
11,period,5800192,78529,freeway,freeway,3,28.0,25000
11,period,5800192,78529,freeway,freeway,4,26.0,25000
11,period,5800192,78529,freeway,freeway,5,24.0,25000
11,period,5800192,78529,freeway,freeway,6,24.0,25000
11,period,5800192,78529,freeway,freeway,7,30.0,25000
11,period,5800192,78529,freeway,freeway,8,23.0,25000
11,period,5800192,78529,freeway,freeway,9,27.0,25000
11,period,5800192,78529,freeway,freeway,10,29.0,25000
11,period,5825024,78545,freeway,breakout,1,5.0,606
11,period,5825024,78545,freeway,breakout,2,6.0,606
11,period,5825024,78545,freeway,breakout,3,2.0,606
11,period,5825024,78545,freeway,breakout,4,6.0,606
11,period,5825024,78545,freeway,breakout,5,5.0,606
11,period,5825024,78545,freeway,breakout,6,5.0,606
11,period,5825024,78545,freeway,breakout,7,5.0,606
11,period,5825024,78545,freeway,breakout,8,4.0,606
11,period,5825024,78545,freeway,breakout,9,6.0,606
11,period,5825024,78545,freeway,breakout,10,6.0,606
11,period,5825024,78545,freeway,space_invaders,1,3.0,180
11,period,5825024,78545,freeway,space_invaders,2,3.0,180
11,period,5825024,78545,freeway,space_invaders,3,3.0,180
11,period,5825024,78545,freeway,space_invaders,4,3.0,180
11,period,5825024,78545,freeway,space_invaders,5,3.0,180
11,period,5825024,78545,freeway,space_invaders,6,2.0,180
11,period,5825024,78545,freeway,space_invaders,7,3.0,180
11,period,5825024,78545,freeway,space_invaders,8,3.0,180
11,period,5825024,78545,freeway,space_invaders,9,3.0,180
11,period,5825024,78545,freeway,space_invaders,10,3.0,180
11,period,5825024,78545,freeway,freeway,1,24.0,25000
11,period,5825024,78545,freeway,freeway,2,31.0,25000
11,period,5825024,78545,freeway,freeway,3,24.0,25000
11,period,5825024,78545,freeway,freeway,4,29.0,25000
11,period,5825024,78545,freeway,freeway,5,27.0,25000
11,period,5825024,78545,freeway,freeway,6,23.0,25000
11,period,5825024,78545,freeway,freeway,7,34.0,25000
11,period,5825024,78545,freeway,freeway,8,27.0,25000
11,period,5825024,78545,freeway,freeway,9,22.0,25000
11,period,5825024,78545,freeway,freeway,10,27.0,25000
11,period,5850112,78545,freeway,breakout,1,5.0,630
11,period,5850112,78545,freeway,breakout,2,5.0,630
11,period,5850112,78545,freeway,breakout,3,5.0,630
11,period,5850112,78545,freeway,breakout,4,5.0,630
11,period,5850112,78545,freeway,breakout,5,5.0,630
11,period,5850112,78545,freeway,breakout,6,5.0,630
11,period,5850112,78545,freeway,breakout,7,5.0,630
11,period,5850112,78545,freeway,breakout,8,6.0,630
11,period,5850112,78545,freeway,breakout,9,6.0,630
11,period,5850112,78545,freeway,breakout,10,5.0,630
11,period,5850112,78545,freeway,space_invaders,1,3.0,180
11,period,5850112,78545,freeway,space_invaders,2,3.0,180
11,period,5850112,78545,freeway,space_invaders,3,3.0,180
11,period,5850112,78545,freeway,space_invaders,4,3.0,180
11,period,5850112,78545,freeway,space_invaders,5,3.0,180
11,period,5850112,78545,freeway,space_invaders,6,3.0,180
11,period,5850112,78545,freeway,space_invaders,7,3.0,180
11,period,5850112,78545,freeway,space_invaders,8,3.0,180
11,period,5850112,78545,freeway,space_invaders,9,3.0,180
11,period,5850112,78545,freeway,space_invaders,10,3.0,180
11,period,5850112,78545,freeway,freeway,1,32.0,25000
11,period,5850112,78545,freeway,freeway,2,27.0,25000
11,period,5850112,78545,freeway,freeway,3,30.0,25000
11,period,5850112,78545,freeway,freeway,4,28.0,25000
11,period,5850112,78545,freeway,freeway,5,26.0,25000
11,period,5850112,78545,freeway,freeway,6,26.0,25000
11,period,5850112,78545,freeway,freeway,7,24.0,25000
11,period,5850112,78545,freeway,freeway,8,24.0,25000
11,period,5850112,78545,freeway,freeway,9,22.0,25000
11,period,5850112,78545,freeway,freeway,10,22.0,25000
11,period,5875200,78561,freeway,breakout,1,6.0,662
11,period,5875200,78561,freeway,breakout,2,6.0,662
11,period,5875200,78561,freeway,breakout,3,6.0,662
11,period,5875200,78561,freeway,breakout,4,5.0,662
11,period,5875200,78561,freeway,breakout,5,5.0,662
11,period,5875200,78561,freeway,breakout,6,5.0,662
11,period,5875200,78561,freeway,breakout,7,5.0,662
11,period,5875200,78561,freeway,breakout,8,6.0,662
11,period,5875200,78561,freeway,breakout,9,6.0,662
11,period,5875200,78561,freeway,breakout,10,5.0,662
11,period,5875200,78561,freeway,space_invaders,1,3.0,180
11,period,5875200,78561,freeway,space_invaders,2,3.0,180
11,period,5875200,78561,freeway,space_invaders,3,3.0,180
11,period,5875200,78561,freeway,space_invaders,4,3.0,180
11,period,5875200,78561,freeway,space_invaders,5,3.0,180
11,period,5875200,78561,freeway,space_invaders,6,3.0,180
11,period,5875200,78561,freeway,space_invaders,7,3.0,180
11,period,5875200,78561,freeway,space_invaders,8,3.0,180
11,period,5875200,78561,freeway,space_invaders,9,3.0,180
11,period,5875200,78561,freeway,space_invaders,10,3.0,180
11,period,5875200,78561,freeway,freeway,1,28.0,25000
11,period,5875200,78561,freeway,freeway,2,16.0,25000
11,period,5875200,78561,freeway,freeway,3,12.0,25000
11,period,5875200,78561,freeway,freeway,4,23.0,25000
11,period,5875200,78561,freeway,freeway,5,25.0,25000
11,period,5875200,78561,freeway,freeway,6,26.0,25000
11,period,5875200,78561,freeway,freeway,7,25.0,25000
11,period,5875200,78561,freeway,freeway,8,19.0,25000
11,period,5875200,78561,freeway,freeway,9,16.0,25000
11,period,5875200,78561,freeway,freeway,10,36.0,25000
11,period,5900032,78577,freeway,breakout,1,5.0,602
11,period,5900032,78577,freeway,breakout,2,5.0,602
11,period,5900032,78577,freeway,breakout,3,3.0,602
11,period,5900032,78577,freeway,breakout,4,5.0,602
11,period,5900032,78577,freeway,breakout,5,5.0,602
11,period,5900032,78577,freeway,breakout,6,5.0,602
11,period,5900032,78577,freeway,breakout,7,5.0,602
11,period,5900032,78577,freeway,breakout,8,6.0,602
11,period,5900032,78577,freeway,breakout,9,5.0,602
11,period,5900032,78577,freeway,breakout,10,5.0,602
11,period,5900032,78577,freeway,space_invaders,1,3.0,180
11,period,5900032,78577,freeway,space_invaders,2,3.0,180
11,period,5900032,78577,freeway,space_invaders,3,3.0,180
11,period,5900032,78577,freeway,space_invaders,4,3.0,180
11,period,5900032,78577,freeway,space_invaders,5,3.0,180
11,period,5900032,78577,freeway,space_invaders,6,3.0,180
11,period,5900032,78577,freeway,space_invaders,7,3.0,180
11,period,5900032,78577,freeway,space_invaders,8,3.0,180
11,period,5900032,78577,freeway,space_invaders,9,3.0,180
11,period,5900032,78577,freeway,space_invaders,10,3.0,180
11,period,5900032,78577,freeway,freeway,1,22.0,25000
11,period,5900032,78577,freeway,freeway,2,30.0,25000
11,period,5900032,78577,freeway,freeway,3,27.0,25000
11,period,5900032,78577,freeway,freeway,4,26.0,25000
11,period,5900032,78577,freeway,freeway,5,24.0,25000
11,period,5900032,78577,freeway,freeway,6,32.0,25000
11,period,5900032,78577,freeway,freeway,7,18.0,25000
11,period,5900032,78577,freeway,freeway,8,35.0,25000
11,period,5900032,78577,freeway,freeway,9,27.0,25000
11,period,5900032,78577,freeway,freeway,10,18.0,25000
11,period,5925120,78577,freeway,breakout,1,5.0,666
11,period,5925120,78577,freeway,breakout,2,6.0,666
11,period,5925120,78577,freeway,breakout,3,5.0,666
11,period,5925120,78577,freeway,breakout,4,6.0,666
11,period,5925120,78577,freeway,breakout,5,5.0,666
11,period,5925120,78577,freeway,breakout,6,6.0,666
11,period,5925120,78577,freeway,breakout,7,6.0,666
11,period,5925120,78577,freeway,breakout,8,6.0,666
11,period,5925120,78577,freeway,breakout,9,5.0,666
11,period,5925120,78577,freeway,breakout,10,6.0,666
11,period,5925120,78577,freeway,space_invaders,1,3.0,180
11,period,5925120,78577,freeway,space_invaders,2,3.0,180
11,period,5925120,78577,freeway,space_invaders,3,3.0,180
11,period,5925120,78577,freeway,space_invaders,4,3.0,180
11,period,5925120,78577,freeway,space_invaders,5,3.0,180
11,period,5925120,78577,freeway,space_invaders,6,3.0,180
11,period,5925120,78577,freeway,space_invaders,7,3.0,180
11,period,5925120,78577,freeway,space_invaders,8,3.0,180
11,period,5925120,78577,freeway,space_invaders,9,3.0,180
11,period,5925120,78577,freeway,space_invaders,10,3.0,180
11,period,5925120,78577,freeway,freeway,1,24.0,25000
11,period,5925120,78577,freeway,freeway,2,31.0,25000
11,period,5925120,78577,freeway,freeway,3,29.0,25000
11,period,5925120,78577,freeway,freeway,4,29.0,25000
11,period,5925120,78577,freeway,freeway,5,27.0,25000
11,period,5925120,78577,freeway,freeway,6,21.0,25000
11,period,5925120,78577,freeway,freeway,7,32.0,25000
11,period,5925120,78577,freeway,freeway,8,22.0,25000
11,period,5925120,78577,freeway,freeway,9,24.0,25000
11,period,5925120,78577,freeway,freeway,10,30.0,25000
11,period,5950208,78593,freeway,breakout,1,5.0,550
11,period,5950208,78593,freeway,breakout,2,0.0,550
11,period,5950208,78593,freeway,breakout,3,6.0,550
11,period,5950208,78593,freeway,breakout,4,6.0,550
11,period,5950208,78593,freeway,breakout,5,5.0,550
11,period,5950208,78593,freeway,breakout,6,6.0,550
11,period,5950208,78593,freeway,breakout,7,6.0,550
11,period,5950208,78593,freeway,breakout,8,5.0,550
11,period,5950208,78593,freeway,breakout,9,6.0,550
11,period,5950208,78593,freeway,breakout,10,0.0,550
11,period,5950208,78593,freeway,space_invaders,1,2.0,180
11,period,5950208,78593,freeway,space_invaders,2,3.0,180
11,period,5950208,78593,freeway,space_invaders,3,3.0,180
11,period,5950208,78593,freeway,space_invaders,4,3.0,180
11,period,5950208,78593,freeway,space_invaders,5,3.0,180
11,period,5950208,78593,freeway,space_invaders,6,3.0,180
11,period,5950208,78593,freeway,space_invaders,7,3.0,180
11,period,5950208,78593,freeway,space_invaders,8,3.0,180
11,period,5950208,78593,freeway,space_invaders,9,3.0,180
11,period,5950208,78593,freeway,space_invaders,10,3.0,180
11,period,5950208,78593,freeway,freeway,1,25.0,25000
11,period,5950208,78593,freeway,freeway,2,27.0,25000
11,period,5950208,78593,freeway,freeway,3,26.0,25000
11,period,5950208,78593,freeway,freeway,4,25.0,25000
11,period,5950208,78593,freeway,freeway,5,17.0,25000
11,period,5950208,78593,freeway,freeway,6,21.0,25000
11,period,5950208,78593,freeway,freeway,7,24.0,25000
11,period,5950208,78593,freeway,freeway,8,29.0,25000
11,period,5950208,78593,freeway,freeway,9,26.0,25000
11,period,5950208,78593,freeway,freeway,10,29.0,25000
11,period,5975040,78593,freeway,breakout,1,6.0,528
11,period,5975040,78593,freeway,breakout,2,3.0,528
11,period,5975040,78593,freeway,breakout,3,5.0,528
11,period,5975040,78593,freeway,breakout,4,5.0,528
11,period,5975040,78593,freeway,breakout,5,6.0,528
11,period,5975040,78593,freeway,breakout,6,5.0,528
11,period,5975040,78593,freeway,breakout,7,5.0,528
11,period,5975040,78593,freeway,breakout,8,3.0,528
11,period,5975040,78593,freeway,breakout,9,3.0,528
11,period,5975040,78593,freeway,breakout,10,2.0,528
11,period,5975040,78593,freeway,space_invaders,1,3.0,180
11,period,5975040,78593,freeway,space_invaders,2,3.0,180
11,period,5975040,78593,freeway,space_invaders,3,3.0,180
11,period,5975040,78593,freeway,space_invaders,4,3.0,180
11,period,5975040,78593,freeway,space_invaders,5,3.0,180
11,period,5975040,78593,freeway,space_invaders,6,3.0,180
11,period,5975040,78593,freeway,space_invaders,7,3.0,180
11,period,5975040,78593,freeway,space_invaders,8,3.0,180
11,period,5975040,78593,freeway,space_invaders,9,3.0,180
11,period,5975040,78593,freeway,space_invaders,10,3.0,180
11,period,5975040,78593,freeway,freeway,1,27.0,25000
11,period,5975040,78593,freeway,freeway,2,34.0,25000
11,period,5975040,78593,freeway,freeway,3,26.0,25000
11,period,5975040,78593,freeway,freeway,4,32.0,25000
11,period,5975040,78593,freeway,freeway,5,30.0,25000
11,period,5975040,78593,freeway,freeway,6,28.0,25000
11,period,5975040,78593,freeway,freeway,7,32.0,25000
11,period,5975040,78593,freeway,freeway,8,26.0,25000
11,period,5975040,78593,freeway,freeway,9,16.0,25000
11,period,5975040,78593,freeway,freeway,10,30.0,25000
12,boundary,6499584,86395,breakout,breakout,1,5.0,664
12,boundary,6499584,86395,breakout,breakout,2,6.0,664
12,boundary,6499584,86395,breakout,breakout,3,6.0,664
12,boundary,6499584,86395,breakout,breakout,4,5.0,664
12,boundary,6499584,86395,breakout,breakout,5,6.0,664
12,boundary,6499584,86395,breakout,breakout,6,6.0,664
12,boundary,6499584,86395,breakout,breakout,7,5.0,664
12,boundary,6499584,86395,breakout,breakout,8,5.0,664
12,boundary,6499584,86395,breakout,breakout,9,6.0,664
12,boundary,6499584,86395,breakout,breakout,10,5.0,664
12,boundary,6499584,86395,breakout,space_invaders,1,3.0,344
12,boundary,6499584,86395,breakout,space_invaders,2,3.0,344
12,boundary,6499584,86395,breakout,space_invaders,3,3.0,344
12,boundary,6499584,86395,breakout,space_invaders,4,3.0,344
12,boundary,6499584,86395,breakout,space_invaders,5,5.0,344
12,boundary,6499584,86395,breakout,space_invaders,6,3.0,344
12,boundary,6499584,86395,breakout,space_invaders,7,3.0,344
12,boundary,6499584,86395,breakout,space_invaders,8,3.0,344
12,boundary,6499584,86395,breakout,space_invaders,9,4.0,344
12,boundary,6499584,86395,breakout,space_invaders,10,14.0,344
12,boundary,6499584,86395,breakout,freeway,1,24.0,25000
12,boundary,6499584,86395,breakout,freeway,2,30.0,25000
12,boundary,6499584,86395,breakout,freeway,3,29.0,25000
12,boundary,6499584,86395,breakout,freeway,4,21.0,25000
12,boundary,6499584,86395,breakout,freeway,5,22.0,25000
12,boundary,6499584,86395,breakout,freeway,6,28.0,25000
12,boundary,6499584,86395,breakout,freeway,7,29.0,25000
12,boundary,6499584,86395,breakout,freeway,8,27.0,25000
12,boundary,6499584,86395,breakout,freeway,9,18.0,25000
12,boundary,6499584,86395,breakout,freeway,10,27.0,25000
12,period,6000128,78609,breakout,breakout,1,6.0,608
12,period,6000128,78609,breakout,breakout,2,5.0,608
12,period,6000128,78609,breakout,breakout,3,5.0,608
12,period,6000128,78609,breakout,breakout,4,6.0,608
12,period,6000128,78609,breakout,breakout,5,6.0,608
12,period,6000128,78609,breakout,breakout,6,5.0,608
12,period,6000128,78609,breakout,breakout,7,5.0,608
12,period,6000128,78609,breakout,breakout,8,5.0,608
12,period,6000128,78609,breakout,breakout,9,6.0,608
12,period,6000128,78609,breakout,breakout,10,1.0,608
12,period,6000128,78609,breakout,space_invaders,1,3.0,180
12,period,6000128,78609,breakout,space_invaders,2,3.0,180
12,period,6000128,78609,breakout,space_invaders,3,3.0,180
12,period,6000128,78609,breakout,space_invaders,4,3.0,180
12,period,6000128,78609,breakout,space_invaders,5,3.0,180
12,period,6000128,78609,breakout,space_invaders,6,3.0,180
12,period,6000128,78609,breakout,space_invaders,7,3.0,180
12,period,6000128,78609,breakout,space_invaders,8,3.0,180
12,period,6000128,78609,breakout,space_invaders,9,3.0,180
12,period,6000128,78609,breakout,space_invaders,10,3.0,180
12,period,6000128,78609,breakout,freeway,1,27.0,25000
12,period,6000128,78609,breakout,freeway,2,21.0,25000
12,period,6000128,78609,breakout,freeway,3,27.0,25000
12,period,6000128,78609,breakout,freeway,4,27.0,25000
12,period,6000128,78609,breakout,freeway,5,27.0,25000
12,period,6000128,78609,breakout,freeway,6,29.0,25000
12,period,6000128,78609,breakout,freeway,7,27.0,25000
12,period,6000128,78609,breakout,freeway,8,27.0,25000
12,period,6000128,78609,breakout,freeway,9,30.0,25000
12,period,6000128,78609,breakout,freeway,10,32.0,25000
12,period,6025216,79030,breakout,breakout,1,3.0,524
12,period,6025216,79030,breakout,breakout,2,4.0,524
12,period,6025216,79030,breakout,breakout,3,3.0,524
12,period,6025216,79030,breakout,breakout,4,6.0,524
12,period,6025216,79030,breakout,breakout,5,6.0,524
12,period,6025216,79030,breakout,breakout,6,2.0,524
12,period,6025216,79030,breakout,breakout,7,6.0,524
12,period,6025216,79030,breakout,breakout,8,5.0,524
12,period,6025216,79030,breakout,breakout,9,5.0,524
12,period,6025216,79030,breakout,breakout,10,3.0,524
12,period,6025216,79030,breakout,space_invaders,1,3.0,180
12,period,6025216,79030,breakout,space_invaders,2,3.0,180
12,period,6025216,79030,breakout,space_invaders,3,3.0,180
12,period,6025216,79030,breakout,space_invaders,4,3.0,180
12,period,6025216,79030,breakout,space_invaders,5,3.0,180
12,period,6025216,79030,breakout,space_invaders,6,3.0,180
12,period,6025216,79030,breakout,space_invaders,7,3.0,180
12,period,6025216,79030,breakout,space_invaders,8,3.0,180
12,period,6025216,79030,breakout,space_invaders,9,3.0,180
12,period,6025216,79030,breakout,space_invaders,10,3.0,180
12,period,6025216,79030,breakout,freeway,1,28.0,25000
12,period,6025216,79030,breakout,freeway,2,19.0,25000
12,period,6025216,79030,breakout,freeway,3,30.0,25000
12,period,6025216,79030,breakout,freeway,4,22.0,25000
12,period,6025216,79030,breakout,freeway,5,36.0,25000
12,period,6025216,79030,breakout,freeway,6,20.0,25000
12,period,6025216,79030,breakout,freeway,7,31.0,25000
12,period,6025216,79030,breakout,freeway,8,22.0,25000
12,period,6025216,79030,breakout,freeway,9,30.0,25000
12,period,6025216,79030,breakout,freeway,10,34.0,25000
12,period,6050048,79448,breakout,breakout,1,6.0,634
12,period,6050048,79448,breakout,breakout,2,5.0,634
12,period,6050048,79448,breakout,breakout,3,5.0,634
12,period,6050048,79448,breakout,breakout,4,5.0,634
12,period,6050048,79448,breakout,breakout,5,5.0,634
12,period,6050048,79448,breakout,breakout,6,6.0,634
12,period,6050048,79448,breakout,breakout,7,5.0,634
12,period,6050048,79448,breakout,breakout,8,6.0,634
12,period,6050048,79448,breakout,breakout,9,5.0,634
12,period,6050048,79448,breakout,breakout,10,5.0,634
12,period,6050048,79448,breakout,space_invaders,1,3.0,180
12,period,6050048,79448,breakout,space_invaders,2,3.0,180
12,period,6050048,79448,breakout,space_invaders,3,3.0,180
12,period,6050048,79448,breakout,space_invaders,4,3.0,180
12,period,6050048,79448,breakout,space_invaders,5,3.0,180
12,period,6050048,79448,breakout,space_invaders,6,3.0,180
12,period,6050048,79448,breakout,space_invaders,7,3.0,180
12,period,6050048,79448,breakout,space_invaders,8,3.0,180
12,period,6050048,79448,breakout,space_invaders,9,3.0,180
12,period,6050048,79448,breakout,space_invaders,10,3.0,180
12,period,6050048,79448,breakout,freeway,1,26.0,25000
12,period,6050048,79448,breakout,freeway,2,21.0,25000
12,period,6050048,79448,breakout,freeway,3,31.0,25000
12,period,6050048,79448,breakout,freeway,4,24.0,25000
12,period,6050048,79448,breakout,freeway,5,26.0,25000
12,period,6050048,79448,breakout,freeway,6,30.0,25000
12,period,6050048,79448,breakout,freeway,7,38.0,25000
12,period,6050048,79448,breakout,freeway,8,20.0,25000
12,period,6050048,79448,breakout,freeway,9,30.0,25000
12,period,6050048,79448,breakout,freeway,10,29.0,25000
12,period,6075136,79849,breakout,breakout,1,6.0,668
12,period,6075136,79849,breakout,breakout,2,5.0,668
12,period,6075136,79849,breakout,breakout,3,6.0,668
12,period,6075136,79849,breakout,breakout,4,6.0,668
12,period,6075136,79849,breakout,breakout,5,5.0,668
12,period,6075136,79849,breakout,breakout,6,5.0,668
12,period,6075136,79849,breakout,breakout,7,5.0,668
12,period,6075136,79849,breakout,breakout,8,5.0,668
12,period,6075136,79849,breakout,breakout,9,6.0,668
12,period,6075136,79849,breakout,breakout,10,6.0,668
12,period,6075136,79849,breakout,space_invaders,1,3.0,180
12,period,6075136,79849,breakout,space_invaders,2,3.0,180
12,period,6075136,79849,breakout,space_invaders,3,3.0,180
12,period,6075136,79849,breakout,space_invaders,4,3.0,180
12,period,6075136,79849,breakout,space_invaders,5,3.0,180
12,period,6075136,79849,breakout,space_invaders,6,3.0,180
12,period,6075136,79849,breakout,space_invaders,7,3.0,180
12,period,6075136,79849,breakout,space_invaders,8,3.0,180
12,period,6075136,79849,breakout,space_invaders,9,3.0,180
12,period,6075136,79849,breakout,space_invaders,10,3.0,180
12,period,6075136,79849,breakout,freeway,1,34.0,25000
12,period,6075136,79849,breakout,freeway,2,25.0,25000
12,period,6075136,79849,breakout,freeway,3,26.0,25000
12,period,6075136,79849,breakout,freeway,4,30.0,25000
12,period,6075136,79849,breakout,freeway,5,30.0,25000
12,period,6075136,79849,breakout,freeway,6,32.0,25000
12,period,6075136,79849,breakout,freeway,7,28.0,25000
12,period,6075136,79849,breakout,freeway,8,19.0,25000
12,period,6075136,79849,breakout,freeway,9,29.0,25000
12,period,6075136,79849,breakout,freeway,10,33.0,25000
12,period,6100224,80240,breakout,breakout,1,6.0,660
12,period,6100224,80240,breakout,breakout,2,5.0,660
12,period,6100224,80240,breakout,breakout,3,5.0,660
12,period,6100224,80240,breakout,breakout,4,6.0,660
12,period,6100224,80240,breakout,breakout,5,5.0,660
12,period,6100224,80240,breakout,breakout,6,5.0,660
12,period,6100224,80240,breakout,breakout,7,5.0,660
12,period,6100224,80240,breakout,breakout,8,5.0,660
12,period,6100224,80240,breakout,breakout,9,6.0,660
12,period,6100224,80240,breakout,breakout,10,6.0,660
12,period,6100224,80240,breakout,space_invaders,1,3.0,180
12,period,6100224,80240,breakout,space_invaders,2,3.0,180
12,period,6100224,80240,breakout,space_invaders,3,3.0,180
12,period,6100224,80240,breakout,space_invaders,4,3.0,180
12,period,6100224,80240,breakout,space_invaders,5,3.0,180
12,period,6100224,80240,breakout,space_invaders,6,3.0,180
12,period,6100224,80240,breakout,space_invaders,7,3.0,180
12,period,6100224,80240,breakout,space_invaders,8,3.0,180
12,period,6100224,80240,breakout,space_invaders,9,3.0,180
12,period,6100224,80240,breakout,space_invaders,10,3.0,180
12,period,6100224,80240,breakout,freeway,1,21.0,25000
12,period,6100224,80240,breakout,freeway,2,29.0,25000
12,period,6100224,80240,breakout,freeway,3,25.0,25000
12,period,6100224,80240,breakout,freeway,4,33.0,25000
12,period,6100224,80240,breakout,freeway,5,37.0,25000
12,period,6100224,80240,breakout,freeway,6,30.0,25000
12,period,6100224,80240,breakout,freeway,7,30.0,25000
12,period,6100224,80240,breakout,freeway,8,22.0,25000
12,period,6100224,80240,breakout,freeway,9,26.0,25000
12,period,6100224,80240,breakout,freeway,10,31.0,25000
12,period,6125056,80625,breakout,breakout,1,6.0,668
12,period,6125056,80625,breakout,breakout,2,5.0,668
12,period,6125056,80625,breakout,breakout,3,6.0,668
12,period,6125056,80625,breakout,breakout,4,5.0,668
12,period,6125056,80625,breakout,breakout,5,6.0,668
12,period,6125056,80625,breakout,breakout,6,5.0,668
12,period,6125056,80625,breakout,breakout,7,6.0,668
12,period,6125056,80625,breakout,breakout,8,5.0,668
12,period,6125056,80625,breakout,breakout,9,5.0,668
12,period,6125056,80625,breakout,breakout,10,6.0,668
12,period,6125056,80625,breakout,space_invaders,1,3.0,180
12,period,6125056,80625,breakout,space_invaders,2,2.0,180
12,period,6125056,80625,breakout,space_invaders,3,3.0,180
12,period,6125056,80625,breakout,space_invaders,4,3.0,180
12,period,6125056,80625,breakout,space_invaders,5,3.0,180
12,period,6125056,80625,breakout,space_invaders,6,3.0,180
12,period,6125056,80625,breakout,space_invaders,7,3.0,180
12,period,6125056,80625,breakout,space_invaders,8,3.0,180
12,period,6125056,80625,breakout,space_invaders,9,3.0,180
12,period,6125056,80625,breakout,space_invaders,10,3.0,180
12,period,6125056,80625,breakout,freeway,1,36.0,25000
12,period,6125056,80625,breakout,freeway,2,31.0,25000
12,period,6125056,80625,breakout,freeway,3,27.0,25000
12,period,6125056,80625,breakout,freeway,4,22.0,25000
12,period,6125056,80625,breakout,freeway,5,23.0,25000
12,period,6125056,80625,breakout,freeway,6,2.0,25000
12,period,6125056,80625,breakout,freeway,7,31.0,25000
12,period,6125056,80625,breakout,freeway,8,31.0,25000
12,period,6125056,80625,breakout,freeway,9,24.0,25000
12,period,6125056,80625,breakout,freeway,10,27.0,25000
12,period,6150144,81016,breakout,breakout,1,6.0,614
12,period,6150144,81016,breakout,breakout,2,5.0,614
12,period,6150144,81016,breakout,breakout,3,5.0,614
12,period,6150144,81016,breakout,breakout,4,1.0,614
12,period,6150144,81016,breakout,breakout,5,5.0,614
12,period,6150144,81016,breakout,breakout,6,6.0,614
12,period,6150144,81016,breakout,breakout,7,6.0,614
12,period,6150144,81016,breakout,breakout,8,5.0,614
12,period,6150144,81016,breakout,breakout,9,5.0,614
12,period,6150144,81016,breakout,breakout,10,6.0,614
12,period,6150144,81016,breakout,space_invaders,1,3.0,180
12,period,6150144,81016,breakout,space_invaders,2,3.0,180
12,period,6150144,81016,breakout,space_invaders,3,3.0,180
12,period,6150144,81016,breakout,space_invaders,4,3.0,180
12,period,6150144,81016,breakout,space_invaders,5,3.0,180
12,period,6150144,81016,breakout,space_invaders,6,3.0,180
12,period,6150144,81016,breakout,space_invaders,7,3.0,180
12,period,6150144,81016,breakout,space_invaders,8,3.0,180
12,period,6150144,81016,breakout,space_invaders,9,3.0,180
12,period,6150144,81016,breakout,space_invaders,10,3.0,180
12,period,6150144,81016,breakout,freeway,1,22.0,25000
12,period,6150144,81016,breakout,freeway,2,17.0,25000
12,period,6150144,81016,breakout,freeway,3,34.0,25000
12,period,6150144,81016,breakout,freeway,4,28.0,25000
12,period,6150144,81016,breakout,freeway,5,28.0,25000
12,period,6150144,81016,breakout,freeway,6,31.0,25000
12,period,6150144,81016,breakout,freeway,7,30.0,25000
12,period,6150144,81016,breakout,freeway,8,31.0,25000
12,period,6150144,81016,breakout,freeway,9,31.0,25000
12,period,6150144,81016,breakout,freeway,10,24.0,25000
12,period,6175232,81404,breakout,breakout,1,5.0,658
12,period,6175232,81404,breakout,breakout,2,5.0,658
12,period,6175232,81404,breakout,breakout,3,5.0,658
12,period,6175232,81404,breakout,breakout,4,6.0,658
12,period,6175232,81404,breakout,breakout,5,6.0,658
12,period,6175232,81404,breakout,breakout,6,6.0,658
12,period,6175232,81404,breakout,breakout,7,6.0,658
12,period,6175232,81404,breakout,breakout,8,6.0,658
12,period,6175232,81404,breakout,breakout,9,5.0,658
12,period,6175232,81404,breakout,breakout,10,5.0,658
12,period,6175232,81404,breakout,space_invaders,1,4.0,386
12,period,6175232,81404,breakout,space_invaders,2,21.0,386
12,period,6175232,81404,breakout,space_invaders,3,4.0,386
12,period,6175232,81404,breakout,space_invaders,4,3.0,386
12,period,6175232,81404,breakout,space_invaders,5,3.0,386
12,period,6175232,81404,breakout,space_invaders,6,2.0,386
12,period,6175232,81404,breakout,space_invaders,7,3.0,386
12,period,6175232,81404,breakout,space_invaders,8,3.0,386
12,period,6175232,81404,breakout,space_invaders,9,5.0,386
12,period,6175232,81404,breakout,space_invaders,10,3.0,386
12,period,6175232,81404,breakout,freeway,1,26.0,25000
12,period,6175232,81404,breakout,freeway,2,30.0,25000
12,period,6175232,81404,breakout,freeway,3,37.0,25000
12,period,6175232,81404,breakout,freeway,4,32.0,25000
12,period,6175232,81404,breakout,freeway,5,31.0,25000
12,period,6175232,81404,breakout,freeway,6,33.0,25000
12,period,6175232,81404,breakout,freeway,7,29.0,25000
12,period,6175232,81404,breakout,freeway,8,24.0,25000
12,period,6175232,81404,breakout,freeway,9,26.0,25000
12,period,6175232,81404,breakout,freeway,10,27.0,25000
12,period,6200064,81794,breakout,breakout,1,5.0,664
12,period,6200064,81794,breakout,breakout,2,6.0,664
12,period,6200064,81794,breakout,breakout,3,5.0,664
12,period,6200064,81794,breakout,breakout,4,6.0,664
12,period,6200064,81794,breakout,breakout,5,6.0,664
12,period,6200064,81794,breakout,breakout,6,5.0,664
12,period,6200064,81794,breakout,breakout,7,6.0,664
12,period,6200064,81794,breakout,breakout,8,5.0,664
12,period,6200064,81794,breakout,breakout,9,5.0,664
12,period,6200064,81794,breakout,breakout,10,6.0,664
12,period,6200064,81794,breakout,space_invaders,1,3.0,668
12,period,6200064,81794,breakout,space_invaders,2,3.0,668
12,period,6200064,81794,breakout,space_invaders,3,3.0,668
12,period,6200064,81794,breakout,space_invaders,4,3.0,668
12,period,6200064,81794,breakout,space_invaders,5,3.0,668
12,period,6200064,81794,breakout,space_invaders,6,3.0,668
12,period,6200064,81794,breakout,space_invaders,7,4.0,668
12,period,6200064,81794,breakout,space_invaders,8,3.0,668
12,period,6200064,81794,breakout,space_invaders,9,45.0,668
12,period,6200064,81794,breakout,space_invaders,10,11.0,668
12,period,6200064,81794,breakout,freeway,1,27.0,25000
12,period,6200064,81794,breakout,freeway,2,32.0,25000
12,period,6200064,81794,breakout,freeway,3,24.0,25000
12,period,6200064,81794,breakout,freeway,4,28.0,25000
12,period,6200064,81794,breakout,freeway,5,32.0,25000
12,period,6200064,81794,breakout,freeway,6,32.0,25000
12,period,6200064,81794,breakout,freeway,7,14.0,25000
12,period,6200064,81794,breakout,freeway,8,22.0,25000
12,period,6200064,81794,breakout,freeway,9,35.0,25000
12,period,6200064,81794,breakout,freeway,10,33.0,25000
12,period,6225152,82180,breakout,breakout,1,6.0,670
12,period,6225152,82180,breakout,breakout,2,6.0,670
12,period,6225152,82180,breakout,breakout,3,5.0,670
12,period,6225152,82180,breakout,breakout,4,5.0,670
12,period,6225152,82180,breakout,breakout,5,6.0,670
12,period,6225152,82180,breakout,breakout,6,5.0,670
12,period,6225152,82180,breakout,breakout,7,5.0,670
12,period,6225152,82180,breakout,breakout,8,6.0,670
12,period,6225152,82180,breakout,breakout,9,6.0,670
12,period,6225152,82180,breakout,breakout,10,5.0,670
12,period,6225152,82180,breakout,space_invaders,1,3.0,189
12,period,6225152,82180,breakout,space_invaders,2,3.0,189
12,period,6225152,82180,breakout,space_invaders,3,3.0,189
12,period,6225152,82180,breakout,space_invaders,4,3.0,189
12,period,6225152,82180,breakout,space_invaders,5,3.0,189
12,period,6225152,82180,breakout,space_invaders,6,3.0,189
12,period,6225152,82180,breakout,space_invaders,7,3.0,189
12,period,6225152,82180,breakout,space_invaders,8,3.0,189
12,period,6225152,82180,breakout,space_invaders,9,3.0,189
12,period,6225152,82180,breakout,space_invaders,10,4.0,189
12,period,6225152,82180,breakout,freeway,1,22.0,25000
12,period,6225152,82180,breakout,freeway,2,24.0,25000
12,period,6225152,82180,breakout,freeway,3,25.0,25000
12,period,6225152,82180,breakout,freeway,4,27.0,25000
12,period,6225152,82180,breakout,freeway,5,22.0,25000
12,period,6225152,82180,breakout,freeway,6,24.0,25000
12,period,6225152,82180,breakout,freeway,7,30.0,25000
12,period,6225152,82180,breakout,freeway,8,28.0,25000
12,period,6225152,82180,breakout,freeway,9,30.0,25000
12,period,6225152,82180,breakout,freeway,10,17.0,25000
12,period,6250240,82563,breakout,breakout,1,6.0,670
12,period,6250240,82563,breakout,breakout,2,5.0,670
12,period,6250240,82563,breakout,breakout,3,6.0,670
12,period,6250240,82563,breakout,breakout,4,6.0,670
12,period,6250240,82563,breakout,breakout,5,6.0,670
12,period,6250240,82563,breakout,breakout,6,5.0,670
12,period,6250240,82563,breakout,breakout,7,5.0,670
12,period,6250240,82563,breakout,breakout,8,5.0,670
12,period,6250240,82563,breakout,breakout,9,6.0,670
12,period,6250240,82563,breakout,breakout,10,5.0,670
12,period,6250240,82563,breakout,space_invaders,1,3.0,180
12,period,6250240,82563,breakout,space_invaders,2,3.0,180
12,period,6250240,82563,breakout,space_invaders,3,3.0,180
12,period,6250240,82563,breakout,space_invaders,4,3.0,180
12,period,6250240,82563,breakout,space_invaders,5,3.0,180
12,period,6250240,82563,breakout,space_invaders,6,3.0,180
12,period,6250240,82563,breakout,space_invaders,7,3.0,180
12,period,6250240,82563,breakout,space_invaders,8,3.0,180
12,period,6250240,82563,breakout,space_invaders,9,3.0,180
12,period,6250240,82563,breakout,space_invaders,10,3.0,180
12,period,6250240,82563,breakout,freeway,1,30.0,25000
12,period,6250240,82563,breakout,freeway,2,31.0,25000
12,period,6250240,82563,breakout,freeway,3,29.0,25000
12,period,6250240,82563,breakout,freeway,4,29.0,25000
12,period,6250240,82563,breakout,freeway,5,32.0,25000
12,period,6250240,82563,breakout,freeway,6,32.0,25000
12,period,6250240,82563,breakout,freeway,7,25.0,25000
12,period,6250240,82563,breakout,freeway,8,30.0,25000
12,period,6250240,82563,breakout,freeway,9,19.0,25000
12,period,6250240,82563,breakout,freeway,10,28.0,25000
12,period,6275072,82944,breakout,breakout,1,6.0,680
12,period,6275072,82944,breakout,breakout,2,5.0,680
12,period,6275072,82944,breakout,breakout,3,6.0,680
12,period,6275072,82944,breakout,breakout,4,5.0,680
12,period,6275072,82944,breakout,breakout,5,6.0,680
12,period,6275072,82944,breakout,breakout,6,6.0,680
12,period,6275072,82944,breakout,breakout,7,6.0,680
12,period,6275072,82944,breakout,breakout,8,6.0,680
12,period,6275072,82944,breakout,breakout,9,6.0,680
12,period,6275072,82944,breakout,breakout,10,5.0,680
12,period,6275072,82944,breakout,space_invaders,1,3.0,180
12,period,6275072,82944,breakout,space_invaders,2,3.0,180
12,period,6275072,82944,breakout,space_invaders,3,3.0,180
12,period,6275072,82944,breakout,space_invaders,4,3.0,180
12,period,6275072,82944,breakout,space_invaders,5,3.0,180
12,period,6275072,82944,breakout,space_invaders,6,3.0,180
12,period,6275072,82944,breakout,space_invaders,7,3.0,180
12,period,6275072,82944,breakout,space_invaders,8,3.0,180
12,period,6275072,82944,breakout,space_invaders,9,3.0,180
12,period,6275072,82944,breakout,space_invaders,10,3.0,180
12,period,6275072,82944,breakout,freeway,1,25.0,25000
12,period,6275072,82944,breakout,freeway,2,26.0,25000
12,period,6275072,82944,breakout,freeway,3,15.0,25000
12,period,6275072,82944,breakout,freeway,4,38.0,25000
12,period,6275072,82944,breakout,freeway,5,32.0,25000
12,period,6275072,82944,breakout,freeway,6,26.0,25000
12,period,6275072,82944,breakout,freeway,7,22.0,25000
12,period,6275072,82944,breakout,freeway,8,33.0,25000
12,period,6275072,82944,breakout,freeway,9,25.0,25000
12,period,6275072,82944,breakout,freeway,10,32.0,25000
12,period,6300160,83327,breakout,breakout,1,5.0,602
12,period,6300160,83327,breakout,breakout,2,5.0,602
12,period,6300160,83327,breakout,breakout,3,6.0,602
12,period,6300160,83327,breakout,breakout,4,6.0,602
12,period,6300160,83327,breakout,breakout,5,5.0,602
12,period,6300160,83327,breakout,breakout,6,5.0,602
12,period,6300160,83327,breakout,breakout,7,5.0,602
12,period,6300160,83327,breakout,breakout,8,5.0,602
12,period,6300160,83327,breakout,breakout,9,6.0,602
12,period,6300160,83327,breakout,breakout,10,1.0,602
12,period,6300160,83327,breakout,space_invaders,1,3.0,180
12,period,6300160,83327,breakout,space_invaders,2,3.0,180
12,period,6300160,83327,breakout,space_invaders,3,3.0,180
12,period,6300160,83327,breakout,space_invaders,4,3.0,180
12,period,6300160,83327,breakout,space_invaders,5,3.0,180
12,period,6300160,83327,breakout,space_invaders,6,3.0,180
12,period,6300160,83327,breakout,space_invaders,7,3.0,180
12,period,6300160,83327,breakout,space_invaders,8,2.0,180
12,period,6300160,83327,breakout,space_invaders,9,3.0,180
12,period,6300160,83327,breakout,space_invaders,10,3.0,180
12,period,6300160,83327,breakout,freeway,1,26.0,25000
12,period,6300160,83327,breakout,freeway,2,28.0,25000
12,period,6300160,83327,breakout,freeway,3,28.0,25000
12,period,6300160,83327,breakout,freeway,4,13.0,25000
12,period,6300160,83327,breakout,freeway,5,24.0,25000
12,period,6300160,83327,breakout,freeway,6,29.0,25000
12,period,6300160,83327,breakout,freeway,7,31.0,25000
12,period,6300160,83327,breakout,freeway,8,29.0,25000
12,period,6300160,83327,breakout,freeway,9,30.0,25000
12,period,6300160,83327,breakout,freeway,10,29.0,25000
12,period,6325248,83713,breakout,breakout,1,5.0,652
12,period,6325248,83713,breakout,breakout,2,5.0,652
12,period,6325248,83713,breakout,breakout,3,6.0,652
12,period,6325248,83713,breakout,breakout,4,6.0,652
12,period,6325248,83713,breakout,breakout,5,5.0,652
12,period,6325248,83713,breakout,breakout,6,5.0,652
12,period,6325248,83713,breakout,breakout,7,5.0,652
12,period,6325248,83713,breakout,breakout,8,6.0,652
12,period,6325248,83713,breakout,breakout,9,5.0,652
12,period,6325248,83713,breakout,breakout,10,6.0,652
12,period,6325248,83713,breakout,space_invaders,1,3.0,414
12,period,6325248,83713,breakout,space_invaders,2,3.0,414
12,period,6325248,83713,breakout,space_invaders,3,3.0,414
12,period,6325248,83713,breakout,space_invaders,4,3.0,414
12,period,6325248,83713,breakout,space_invaders,5,3.0,414
12,period,6325248,83713,breakout,space_invaders,6,3.0,414
12,period,6325248,83713,breakout,space_invaders,7,4.0,414
12,period,6325248,83713,breakout,space_invaders,8,23.0,414
12,period,6325248,83713,breakout,space_invaders,9,3.0,414
12,period,6325248,83713,breakout,space_invaders,10,3.0,414
12,period,6325248,83713,breakout,freeway,1,25.0,25000
12,period,6325248,83713,breakout,freeway,2,29.0,25000
12,period,6325248,83713,breakout,freeway,3,33.0,25000
12,period,6325248,83713,breakout,freeway,4,30.0,25000
12,period,6325248,83713,breakout,freeway,5,28.0,25000
12,period,6325248,83713,breakout,freeway,6,24.0,25000
12,period,6325248,83713,breakout,freeway,7,28.0,25000
12,period,6325248,83713,breakout,freeway,8,20.0,25000
12,period,6325248,83713,breakout,freeway,9,27.0,25000
12,period,6325248,83713,breakout,freeway,10,28.0,25000
12,period,6350080,84096,breakout,breakout,1,6.0,658
12,period,6350080,84096,breakout,breakout,2,5.0,658
12,period,6350080,84096,breakout,breakout,3,5.0,658
12,period,6350080,84096,breakout,breakout,4,5.0,658
12,period,6350080,84096,breakout,breakout,5,6.0,658
12,period,6350080,84096,breakout,breakout,6,5.0,658
12,period,6350080,84096,breakout,breakout,7,5.0,658
12,period,6350080,84096,breakout,breakout,8,6.0,658
12,period,6350080,84096,breakout,breakout,9,6.0,658
12,period,6350080,84096,breakout,breakout,10,5.0,658
12,period,6350080,84096,breakout,space_invaders,1,3.0,180
12,period,6350080,84096,breakout,space_invaders,2,3.0,180
12,period,6350080,84096,breakout,space_invaders,3,3.0,180
12,period,6350080,84096,breakout,space_invaders,4,3.0,180
12,period,6350080,84096,breakout,space_invaders,5,3.0,180
12,period,6350080,84096,breakout,space_invaders,6,3.0,180
12,period,6350080,84096,breakout,space_invaders,7,3.0,180
12,period,6350080,84096,breakout,space_invaders,8,3.0,180
12,period,6350080,84096,breakout,space_invaders,9,3.0,180
12,period,6350080,84096,breakout,space_invaders,10,3.0,180
12,period,6350080,84096,breakout,freeway,1,22.0,25000
12,period,6350080,84096,breakout,freeway,2,30.0,25000
12,period,6350080,84096,breakout,freeway,3,29.0,25000
12,period,6350080,84096,breakout,freeway,4,31.0,25000
12,period,6350080,84096,breakout,freeway,5,30.0,25000
12,period,6350080,84096,breakout,freeway,6,27.0,25000
12,period,6350080,84096,breakout,freeway,7,25.0,25000
12,period,6350080,84096,breakout,freeway,8,21.0,25000
12,period,6350080,84096,breakout,freeway,9,33.0,25000
12,period,6350080,84096,breakout,freeway,10,31.0,25000
12,period,6375168,84480,breakout,breakout,1,6.0,668
12,period,6375168,84480,breakout,breakout,2,5.0,668
12,period,6375168,84480,breakout,breakout,3,6.0,668
12,period,6375168,84480,breakout,breakout,4,5.0,668
12,period,6375168,84480,breakout,breakout,5,5.0,668
12,period,6375168,84480,breakout,breakout,6,6.0,668
12,period,6375168,84480,breakout,breakout,7,5.0,668
12,period,6375168,84480,breakout,breakout,8,6.0,668
12,period,6375168,84480,breakout,breakout,9,6.0,668
12,period,6375168,84480,breakout,breakout,10,5.0,668
12,period,6375168,84480,breakout,space_invaders,1,3.0,180
12,period,6375168,84480,breakout,space_invaders,2,3.0,180
12,period,6375168,84480,breakout,space_invaders,3,3.0,180
12,period,6375168,84480,breakout,space_invaders,4,3.0,180
12,period,6375168,84480,breakout,space_invaders,5,3.0,180
12,period,6375168,84480,breakout,space_invaders,6,3.0,180
12,period,6375168,84480,breakout,space_invaders,7,3.0,180
12,period,6375168,84480,breakout,space_invaders,8,3.0,180
12,period,6375168,84480,breakout,space_invaders,9,3.0,180
12,period,6375168,84480,breakout,space_invaders,10,3.0,180
12,period,6375168,84480,breakout,freeway,1,30.0,25000
12,period,6375168,84480,breakout,freeway,2,38.0,25000
12,period,6375168,84480,breakout,freeway,3,37.0,25000
12,period,6375168,84480,breakout,freeway,4,28.0,25000
12,period,6375168,84480,breakout,freeway,5,24.0,25000
12,period,6375168,84480,breakout,freeway,6,22.0,25000
12,period,6375168,84480,breakout,freeway,7,22.0,25000
12,period,6375168,84480,breakout,freeway,8,25.0,25000
12,period,6375168,84480,breakout,freeway,9,28.0,25000
12,period,6375168,84480,breakout,freeway,10,29.0,25000
12,period,6400000,84861,breakout,breakout,1,6.0,630
12,period,6400000,84861,breakout,breakout,2,6.0,630
12,period,6400000,84861,breakout,breakout,3,6.0,630
12,period,6400000,84861,breakout,breakout,4,5.0,630
12,period,6400000,84861,breakout,breakout,5,6.0,630
12,period,6400000,84861,breakout,breakout,6,6.0,630
12,period,6400000,84861,breakout,breakout,7,0.0,630
12,period,6400000,84861,breakout,breakout,8,6.0,630
12,period,6400000,84861,breakout,breakout,9,6.0,630
12,period,6400000,84861,breakout,breakout,10,6.0,630
12,period,6400000,84861,breakout,space_invaders,1,3.0,431
12,period,6400000,84861,breakout,space_invaders,2,3.0,431
12,period,6400000,84861,breakout,space_invaders,3,3.0,431
12,period,6400000,84861,breakout,space_invaders,4,23.0,431
12,period,6400000,84861,breakout,space_invaders,5,3.0,431
12,period,6400000,84861,breakout,space_invaders,6,3.0,431
12,period,6400000,84861,breakout,space_invaders,7,3.0,431
12,period,6400000,84861,breakout,space_invaders,8,3.0,431
12,period,6400000,84861,breakout,space_invaders,9,3.0,431
12,period,6400000,84861,breakout,space_invaders,10,3.0,431
12,period,6400000,84861,breakout,freeway,1,23.0,25000
12,period,6400000,84861,breakout,freeway,2,26.0,25000
12,period,6400000,84861,breakout,freeway,3,26.0,25000
12,period,6400000,84861,breakout,freeway,4,26.0,25000
12,period,6400000,84861,breakout,freeway,5,33.0,25000
12,period,6400000,84861,breakout,freeway,6,28.0,25000
12,period,6400000,84861,breakout,freeway,7,28.0,25000
12,period,6400000,84861,breakout,freeway,8,26.0,25000
12,period,6400000,84861,breakout,freeway,9,26.0,25000
12,period,6400000,84861,breakout,freeway,10,28.0,25000
12,period,6425088,85250,breakout,breakout,1,6.0,670
12,period,6425088,85250,breakout,breakout,2,5.0,670
12,period,6425088,85250,breakout,breakout,3,5.0,670
12,period,6425088,85250,breakout,breakout,4,6.0,670
12,period,6425088,85250,breakout,breakout,5,5.0,670
12,period,6425088,85250,breakout,breakout,6,6.0,670
12,period,6425088,85250,breakout,breakout,7,6.0,670
12,period,6425088,85250,breakout,breakout,8,6.0,670
12,period,6425088,85250,breakout,breakout,9,5.0,670
12,period,6425088,85250,breakout,breakout,10,5.0,670
12,period,6425088,85250,breakout,space_invaders,1,3.0,227
12,period,6425088,85250,breakout,space_invaders,2,3.0,227
12,period,6425088,85250,breakout,space_invaders,3,3.0,227
12,period,6425088,85250,breakout,space_invaders,4,3.0,227
12,period,6425088,85250,breakout,space_invaders,5,9.0,227
12,period,6425088,85250,breakout,space_invaders,6,3.0,227
12,period,6425088,85250,breakout,space_invaders,7,3.0,227
12,period,6425088,85250,breakout,space_invaders,8,3.0,227
12,period,6425088,85250,breakout,space_invaders,9,3.0,227
12,period,6425088,85250,breakout,space_invaders,10,4.0,227
12,period,6425088,85250,breakout,freeway,1,13.0,25000
12,period,6425088,85250,breakout,freeway,2,31.0,25000
12,period,6425088,85250,breakout,freeway,3,26.0,25000
12,period,6425088,85250,breakout,freeway,4,27.0,25000
12,period,6425088,85250,breakout,freeway,5,35.0,25000
12,period,6425088,85250,breakout,freeway,6,30.0,25000
12,period,6425088,85250,breakout,freeway,7,26.0,25000
12,period,6425088,85250,breakout,freeway,8,29.0,25000
12,period,6425088,85250,breakout,freeway,9,35.0,25000
12,period,6425088,85250,breakout,freeway,10,28.0,25000
12,period,6450176,85636,breakout,breakout,1,6.0,636
12,period,6450176,85636,breakout,breakout,2,6.0,636
12,period,6450176,85636,breakout,breakout,3,6.0,636
12,period,6450176,85636,breakout,breakout,4,5.0,636
12,period,6450176,85636,breakout,breakout,5,5.0,636
12,period,6450176,85636,breakout,breakout,6,5.0,636
12,period,6450176,85636,breakout,breakout,7,5.0,636
12,period,6450176,85636,breakout,breakout,8,5.0,636
12,period,6450176,85636,breakout,breakout,9,5.0,636
12,period,6450176,85636,breakout,breakout,10,5.0,636
12,period,6450176,85636,breakout,space_invaders,1,3.0,465
12,period,6450176,85636,breakout,space_invaders,2,3.0,465
12,period,6450176,85636,breakout,space_invaders,3,3.0,465
12,period,6450176,85636,breakout,space_invaders,4,23.0,465
12,period,6450176,85636,breakout,space_invaders,5,3.0,465
12,period,6450176,85636,breakout,space_invaders,6,3.0,465
12,period,6450176,85636,breakout,space_invaders,7,3.0,465
12,period,6450176,85636,breakout,space_invaders,8,3.0,465
12,period,6450176,85636,breakout,space_invaders,9,3.0,465
12,period,6450176,85636,breakout,space_invaders,10,14.0,465
12,period,6450176,85636,breakout,freeway,1,27.0,25000
12,period,6450176,85636,breakout,freeway,2,26.0,25000
12,period,6450176,85636,breakout,freeway,3,26.0,25000
12,period,6450176,85636,breakout,freeway,4,13.0,25000
12,period,6450176,85636,breakout,freeway,5,26.0,25000
12,period,6450176,85636,breakout,freeway,6,23.0,25000
12,period,6450176,85636,breakout,freeway,7,24.0,25000
12,period,6450176,85636,breakout,freeway,8,27.0,25000
12,period,6450176,85636,breakout,freeway,9,26.0,25000
12,period,6450176,85636,breakout,freeway,10,23.0,25000
12,period,6475008,86018,breakout,breakout,1,5.0,656
12,period,6475008,86018,breakout,breakout,2,5.0,656
12,period,6475008,86018,breakout,breakout,3,6.0,656
12,period,6475008,86018,breakout,breakout,4,6.0,656
12,period,6475008,86018,breakout,breakout,5,6.0,656
12,period,6475008,86018,breakout,breakout,6,5.0,656
12,period,6475008,86018,breakout,breakout,7,6.0,656
12,period,6475008,86018,breakout,breakout,8,5.0,656
12,period,6475008,86018,breakout,breakout,9,5.0,656
12,period,6475008,86018,breakout,breakout,10,6.0,656
12,period,6475008,86018,breakout,space_invaders,1,3.0,189
12,period,6475008,86018,breakout,space_invaders,2,3.0,189
12,period,6475008,86018,breakout,space_invaders,3,3.0,189
12,period,6475008,86018,breakout,space_invaders,4,3.0,189
12,period,6475008,86018,breakout,space_invaders,5,3.0,189
12,period,6475008,86018,breakout,space_invaders,6,3.0,189
12,period,6475008,86018,breakout,space_invaders,7,5.0,189
12,period,6475008,86018,breakout,space_invaders,8,3.0,189
12,period,6475008,86018,breakout,space_invaders,9,3.0,189
12,period,6475008,86018,breakout,space_invaders,10,3.0,189
12,period,6475008,86018,breakout,freeway,1,35.0,25000
12,period,6475008,86018,breakout,freeway,2,24.0,25000
12,period,6475008,86018,breakout,freeway,3,31.0,25000
12,period,6475008,86018,breakout,freeway,4,26.0,25000
12,period,6475008,86018,breakout,freeway,5,24.0,25000
12,period,6475008,86018,breakout,freeway,6,21.0,25000
12,period,6475008,86018,breakout,freeway,7,30.0,25000
12,period,6475008,86018,breakout,freeway,8,33.0,25000
12,period,6475008,86018,breakout,freeway,9,24.0,25000
12,period,6475008,86018,breakout,freeway,10,17.0,25000
13,boundary,6999552,88362,space_invaders,breakout,1,6.0,520
13,boundary,6999552,88362,space_invaders,breakout,2,6.0,520
13,boundary,6999552,88362,space_invaders,breakout,3,2.0,520
13,boundary,6999552,88362,space_invaders,breakout,4,2.0,520
13,boundary,6999552,88362,space_invaders,breakout,5,6.0,520
13,boundary,6999552,88362,space_invaders,breakout,6,6.0,520
13,boundary,6999552,88362,space_invaders,breakout,7,3.0,520
13,boundary,6999552,88362,space_invaders,breakout,8,5.0,520
13,boundary,6999552,88362,space_invaders,breakout,9,3.0,520
13,boundary,6999552,88362,space_invaders,breakout,10,3.0,520
13,boundary,6999552,88362,space_invaders,space_invaders,1,31.0,2553
13,boundary,6999552,88362,space_invaders,space_invaders,2,14.0,2553
13,boundary,6999552,88362,space_invaders,space_invaders,3,88.0,2553
13,boundary,6999552,88362,space_invaders,space_invaders,4,14.0,2553
13,boundary,6999552,88362,space_invaders,space_invaders,5,22.0,2553
13,boundary,6999552,88362,space_invaders,space_invaders,6,15.0,2553
13,boundary,6999552,88362,space_invaders,space_invaders,7,23.0,2553
13,boundary,6999552,88362,space_invaders,space_invaders,8,14.0,2553
13,boundary,6999552,88362,space_invaders,space_invaders,9,21.0,2553
13,boundary,6999552,88362,space_invaders,space_invaders,10,46.0,2553
13,boundary,6999552,88362,space_invaders,freeway,1,26.0,25000
13,boundary,6999552,88362,space_invaders,freeway,2,27.0,25000
13,boundary,6999552,88362,space_invaders,freeway,3,22.0,25000
13,boundary,6999552,88362,space_invaders,freeway,4,22.0,25000
13,boundary,6999552,88362,space_invaders,freeway,5,31.0,25000
13,boundary,6999552,88362,space_invaders,freeway,6,27.0,25000
13,boundary,6999552,88362,space_invaders,freeway,7,27.0,25000
13,boundary,6999552,88362,space_invaders,freeway,8,17.0,25000
13,boundary,6999552,88362,space_invaders,freeway,9,29.0,25000
13,boundary,6999552,88362,space_invaders,freeway,10,29.0,25000
13,period,6500096,86407,space_invaders,breakout,1,5.0,664
13,period,6500096,86407,space_invaders,breakout,2,5.0,664
13,period,6500096,86407,space_invaders,breakout,3,5.0,664
13,period,6500096,86407,space_invaders,breakout,4,6.0,664
13,period,6500096,86407,space_invaders,breakout,5,6.0,664
13,period,6500096,86407,space_invaders,breakout,6,6.0,664
13,period,6500096,86407,space_invaders,breakout,7,5.0,664
13,period,6500096,86407,space_invaders,breakout,8,6.0,664
13,period,6500096,86407,space_invaders,breakout,9,6.0,664
13,period,6500096,86407,space_invaders,breakout,10,6.0,664
13,period,6500096,86407,space_invaders,space_invaders,1,4.0,429
13,period,6500096,86407,space_invaders,space_invaders,2,4.0,429
13,period,6500096,86407,space_invaders,space_invaders,3,7.0,429
13,period,6500096,86407,space_invaders,space_invaders,4,5.0,429
13,period,6500096,86407,space_invaders,space_invaders,5,4.0,429
13,period,6500096,86407,space_invaders,space_invaders,6,4.0,429
13,period,6500096,86407,space_invaders,space_invaders,7,4.0,429
13,period,6500096,86407,space_invaders,space_invaders,8,18.0,429
13,period,6500096,86407,space_invaders,space_invaders,9,4.0,429
13,period,6500096,86407,space_invaders,space_invaders,10,4.0,429
13,period,6500096,86407,space_invaders,freeway,1,29.0,25000
13,period,6500096,86407,space_invaders,freeway,2,30.0,25000
13,period,6500096,86407,space_invaders,freeway,3,30.0,25000
13,period,6500096,86407,space_invaders,freeway,4,30.0,25000
13,period,6500096,86407,space_invaders,freeway,5,20.0,25000
13,period,6500096,86407,space_invaders,freeway,6,33.0,25000
13,period,6500096,86407,space_invaders,freeway,7,31.0,25000
13,period,6500096,86407,space_invaders,freeway,8,25.0,25000
13,period,6500096,86407,space_invaders,freeway,9,23.0,25000
13,period,6500096,86407,space_invaders,freeway,10,33.0,25000
13,period,6525184,86734,space_invaders,breakout,1,6.0,694
13,period,6525184,86734,space_invaders,breakout,2,6.0,694
13,period,6525184,86734,space_invaders,breakout,3,6.0,694
13,period,6525184,86734,space_invaders,breakout,4,6.0,694
13,period,6525184,86734,space_invaders,breakout,5,5.0,694
13,period,6525184,86734,space_invaders,breakout,6,6.0,694
13,period,6525184,86734,space_invaders,breakout,7,6.0,694
13,period,6525184,86734,space_invaders,breakout,8,6.0,694
13,period,6525184,86734,space_invaders,breakout,9,6.0,694
13,period,6525184,86734,space_invaders,breakout,10,6.0,694
13,period,6525184,86734,space_invaders,space_invaders,1,7.0,2777
13,period,6525184,86734,space_invaders,space_invaders,2,17.0,2777
13,period,6525184,86734,space_invaders,space_invaders,3,38.0,2777
13,period,6525184,86734,space_invaders,space_invaders,4,46.0,2777
13,period,6525184,86734,space_invaders,space_invaders,5,39.0,2777
13,period,6525184,86734,space_invaders,space_invaders,6,31.0,2777
13,period,6525184,86734,space_invaders,space_invaders,7,19.0,2777
13,period,6525184,86734,space_invaders,space_invaders,8,9.0,2777
13,period,6525184,86734,space_invaders,space_invaders,9,22.0,2777
13,period,6525184,86734,space_invaders,space_invaders,10,49.0,2777
13,period,6525184,86734,space_invaders,freeway,1,27.0,25000
13,period,6525184,86734,space_invaders,freeway,2,13.0,25000
13,period,6525184,86734,space_invaders,freeway,3,25.0,25000
13,period,6525184,86734,space_invaders,freeway,4,28.0,25000
13,period,6525184,86734,space_invaders,freeway,5,19.0,25000
13,period,6525184,86734,space_invaders,freeway,6,17.0,25000
13,period,6525184,86734,space_invaders,freeway,7,22.0,25000
13,period,6525184,86734,space_invaders,freeway,8,26.0,25000
13,period,6525184,86734,space_invaders,freeway,9,18.0,25000
13,period,6525184,86734,space_invaders,freeway,10,28.0,25000
13,period,6550016,86844,space_invaders,breakout,1,6.0,666
13,period,6550016,86844,space_invaders,breakout,2,5.0,666
13,period,6550016,86844,space_invaders,breakout,3,6.0,666
13,period,6550016,86844,space_invaders,breakout,4,6.0,666
13,period,6550016,86844,space_invaders,breakout,5,6.0,666
13,period,6550016,86844,space_invaders,breakout,6,5.0,666
13,period,6550016,86844,space_invaders,breakout,7,6.0,666
13,period,6550016,86844,space_invaders,breakout,8,6.0,666
13,period,6550016,86844,space_invaders,breakout,9,5.0,666
13,period,6550016,86844,space_invaders,breakout,10,5.0,666
13,period,6550016,86844,space_invaders,space_invaders,1,33.0,2288
13,period,6550016,86844,space_invaders,space_invaders,2,22.0,2288
13,period,6550016,86844,space_invaders,space_invaders,3,22.0,2288
13,period,6550016,86844,space_invaders,space_invaders,4,23.0,2288
13,period,6550016,86844,space_invaders,space_invaders,5,11.0,2288
13,period,6550016,86844,space_invaders,space_invaders,6,19.0,2288
13,period,6550016,86844,space_invaders,space_invaders,7,22.0,2288
13,period,6550016,86844,space_invaders,space_invaders,8,23.0,2288
13,period,6550016,86844,space_invaders,space_invaders,9,34.0,2288
13,period,6550016,86844,space_invaders,space_invaders,10,22.0,2288
13,period,6550016,86844,space_invaders,freeway,1,26.0,25000
13,period,6550016,86844,space_invaders,freeway,2,27.0,25000
13,period,6550016,86844,space_invaders,freeway,3,20.0,25000
13,period,6550016,86844,space_invaders,freeway,4,31.0,25000
13,period,6550016,86844,space_invaders,freeway,5,27.0,25000
13,period,6550016,86844,space_invaders,freeway,6,20.0,25000
13,period,6550016,86844,space_invaders,freeway,7,26.0,25000
13,period,6550016,86844,space_invaders,freeway,8,24.0,25000
13,period,6550016,86844,space_invaders,freeway,9,23.0,25000
13,period,6550016,86844,space_invaders,freeway,10,22.0,25000
13,period,6575104,86951,space_invaders,breakout,1,5.0,632
13,period,6575104,86951,space_invaders,breakout,2,5.0,632
13,period,6575104,86951,space_invaders,breakout,3,5.0,632
13,period,6575104,86951,space_invaders,breakout,4,5.0,632
13,period,6575104,86951,space_invaders,breakout,5,5.0,632
13,period,6575104,86951,space_invaders,breakout,6,5.0,632
13,period,6575104,86951,space_invaders,breakout,7,5.0,632
13,period,6575104,86951,space_invaders,breakout,8,6.0,632
13,period,6575104,86951,space_invaders,breakout,9,6.0,632
13,period,6575104,86951,space_invaders,breakout,10,6.0,632
13,period,6575104,86951,space_invaders,space_invaders,1,18.0,1660
13,period,6575104,86951,space_invaders,space_invaders,2,21.0,1660
13,period,6575104,86951,space_invaders,space_invaders,3,22.0,1660
13,period,6575104,86951,space_invaders,space_invaders,4,14.0,1660
13,period,6575104,86951,space_invaders,space_invaders,5,15.0,1660
13,period,6575104,86951,space_invaders,space_invaders,6,6.0,1660
13,period,6575104,86951,space_invaders,space_invaders,7,7.0,1660
13,period,6575104,86951,space_invaders,space_invaders,8,11.0,1660
13,period,6575104,86951,space_invaders,space_invaders,9,21.0,1660
13,period,6575104,86951,space_invaders,space_invaders,10,23.0,1660
13,period,6575104,86951,space_invaders,freeway,1,29.0,25000
13,period,6575104,86951,space_invaders,freeway,2,28.0,25000
13,period,6575104,86951,space_invaders,freeway,3,29.0,25000
13,period,6575104,86951,space_invaders,freeway,4,17.0,25000
13,period,6575104,86951,space_invaders,freeway,5,25.0,25000
13,period,6575104,86951,space_invaders,freeway,6,18.0,25000
13,period,6575104,86951,space_invaders,freeway,7,21.0,25000
13,period,6575104,86951,space_invaders,freeway,8,15.0,25000
13,period,6575104,86951,space_invaders,freeway,9,24.0,25000
13,period,6575104,86951,space_invaders,freeway,10,12.0,25000
13,period,6600192,87044,space_invaders,breakout,1,6.0,638
13,period,6600192,87044,space_invaders,breakout,2,5.0,638
13,period,6600192,87044,space_invaders,breakout,3,5.0,638
13,period,6600192,87044,space_invaders,breakout,4,6.0,638
13,period,6600192,87044,space_invaders,breakout,5,5.0,638
13,period,6600192,87044,space_invaders,breakout,6,5.0,638
13,period,6600192,87044,space_invaders,breakout,7,5.0,638
13,period,6600192,87044,space_invaders,breakout,8,6.0,638
13,period,6600192,87044,space_invaders,breakout,9,5.0,638
13,period,6600192,87044,space_invaders,breakout,10,5.0,638
13,period,6600192,87044,space_invaders,space_invaders,1,26.0,3169
13,period,6600192,87044,space_invaders,space_invaders,2,31.0,3169
13,period,6600192,87044,space_invaders,space_invaders,3,36.0,3169
13,period,6600192,87044,space_invaders,space_invaders,4,70.0,3169
13,period,6600192,87044,space_invaders,space_invaders,5,19.0,3169
13,period,6600192,87044,space_invaders,space_invaders,6,22.0,3169
13,period,6600192,87044,space_invaders,space_invaders,7,18.0,3169
13,period,6600192,87044,space_invaders,space_invaders,8,29.0,3169
13,period,6600192,87044,space_invaders,space_invaders,9,27.0,3169
13,period,6600192,87044,space_invaders,space_invaders,10,26.0,3169
13,period,6600192,87044,space_invaders,freeway,1,23.0,25000
13,period,6600192,87044,space_invaders,freeway,2,19.0,25000
13,period,6600192,87044,space_invaders,freeway,3,18.0,25000
13,period,6600192,87044,space_invaders,freeway,4,19.0,25000
13,period,6600192,87044,space_invaders,freeway,5,23.0,25000
13,period,6600192,87044,space_invaders,freeway,6,17.0,25000
13,period,6600192,87044,space_invaders,freeway,7,23.0,25000
13,period,6600192,87044,space_invaders,freeway,8,24.0,25000
13,period,6600192,87044,space_invaders,freeway,9,21.0,25000
13,period,6600192,87044,space_invaders,freeway,10,27.0,25000
13,period,6625024,87147,space_invaders,breakout,1,6.0,676
13,period,6625024,87147,space_invaders,breakout,2,5.0,676
13,period,6625024,87147,space_invaders,breakout,3,5.0,676
13,period,6625024,87147,space_invaders,breakout,4,6.0,676
13,period,6625024,87147,space_invaders,breakout,5,5.0,676
13,period,6625024,87147,space_invaders,breakout,6,6.0,676
13,period,6625024,87147,space_invaders,breakout,7,6.0,676
13,period,6625024,87147,space_invaders,breakout,8,6.0,676
13,period,6625024,87147,space_invaders,breakout,9,6.0,676
13,period,6625024,87147,space_invaders,breakout,10,6.0,676
13,period,6625024,87147,space_invaders,space_invaders,1,19.0,1924
13,period,6625024,87147,space_invaders,space_invaders,2,15.0,1924
13,period,6625024,87147,space_invaders,space_invaders,3,18.0,1924
13,period,6625024,87147,space_invaders,space_invaders,4,26.0,1924
13,period,6625024,87147,space_invaders,space_invaders,5,11.0,1924
13,period,6625024,87147,space_invaders,space_invaders,6,23.0,1924
13,period,6625024,87147,space_invaders,space_invaders,7,22.0,1924
13,period,6625024,87147,space_invaders,space_invaders,8,25.0,1924
13,period,6625024,87147,space_invaders,space_invaders,9,23.0,1924
13,period,6625024,87147,space_invaders,space_invaders,10,10.0,1924
13,period,6625024,87147,space_invaders,freeway,1,21.0,25000
13,period,6625024,87147,space_invaders,freeway,2,17.0,25000
13,period,6625024,87147,space_invaders,freeway,3,9.0,25000
13,period,6625024,87147,space_invaders,freeway,4,19.0,25000
13,period,6625024,87147,space_invaders,freeway,5,17.0,25000
13,period,6625024,87147,space_invaders,freeway,6,22.0,25000
13,period,6625024,87147,space_invaders,freeway,7,22.0,25000
13,period,6625024,87147,space_invaders,freeway,8,22.0,25000
13,period,6625024,87147,space_invaders,freeway,9,20.0,25000
13,period,6625024,87147,space_invaders,freeway,10,15.0,25000
13,period,6650112,87247,space_invaders,breakout,1,5.0,652
13,period,6650112,87247,space_invaders,breakout,2,6.0,652
13,period,6650112,87247,space_invaders,breakout,3,5.0,652
13,period,6650112,87247,space_invaders,breakout,4,5.0,652
13,period,6650112,87247,space_invaders,breakout,5,6.0,652
13,period,6650112,87247,space_invaders,breakout,6,5.0,652
13,period,6650112,87247,space_invaders,breakout,7,6.0,652
13,period,6650112,87247,space_invaders,breakout,8,5.0,652
13,period,6650112,87247,space_invaders,breakout,9,6.0,652
13,period,6650112,87247,space_invaders,breakout,10,5.0,652
13,period,6650112,87247,space_invaders,space_invaders,1,25.0,3455
13,period,6650112,87247,space_invaders,space_invaders,2,23.0,3455
13,period,6650112,87247,space_invaders,space_invaders,3,69.0,3455
13,period,6650112,87247,space_invaders,space_invaders,4,22.0,3455
13,period,6650112,87247,space_invaders,space_invaders,5,23.0,3455
13,period,6650112,87247,space_invaders,space_invaders,6,34.0,3455
13,period,6650112,87247,space_invaders,space_invaders,7,23.0,3455
13,period,6650112,87247,space_invaders,space_invaders,8,60.0,3455
13,period,6650112,87247,space_invaders,space_invaders,9,10.0,3455
13,period,6650112,87247,space_invaders,space_invaders,10,42.0,3455
13,period,6650112,87247,space_invaders,freeway,1,25.0,25000
13,period,6650112,87247,space_invaders,freeway,2,26.0,25000
13,period,6650112,87247,space_invaders,freeway,3,18.0,25000
13,period,6650112,87247,space_invaders,freeway,4,26.0,25000
13,period,6650112,87247,space_invaders,freeway,5,30.0,25000
13,period,6650112,87247,space_invaders,freeway,6,25.0,25000
13,period,6650112,87247,space_invaders,freeway,7,15.0,25000
13,period,6650112,87247,space_invaders,freeway,8,24.0,25000
13,period,6650112,87247,space_invaders,freeway,9,28.0,25000
13,period,6650112,87247,space_invaders,freeway,10,32.0,25000
13,period,6675200,87349,space_invaders,breakout,1,1.0,578
13,period,6675200,87349,space_invaders,breakout,2,5.0,578
13,period,6675200,87349,space_invaders,breakout,3,5.0,578
13,period,6675200,87349,space_invaders,breakout,4,5.0,578
13,period,6675200,87349,space_invaders,breakout,5,5.0,578
13,period,6675200,87349,space_invaders,breakout,6,6.0,578
13,period,6675200,87349,space_invaders,breakout,7,5.0,578
13,period,6675200,87349,space_invaders,breakout,8,5.0,578
13,period,6675200,87349,space_invaders,breakout,9,5.0,578
13,period,6675200,87349,space_invaders,breakout,10,5.0,578
13,period,6675200,87349,space_invaders,space_invaders,1,34.0,2290
13,period,6675200,87349,space_invaders,space_invaders,2,22.0,2290
13,period,6675200,87349,space_invaders,space_invaders,3,23.0,2290
13,period,6675200,87349,space_invaders,space_invaders,4,40.0,2290
13,period,6675200,87349,space_invaders,space_invaders,5,27.0,2290
13,period,6675200,87349,space_invaders,space_invaders,6,12.0,2290
13,period,6675200,87349,space_invaders,space_invaders,7,5.0,2290
13,period,6675200,87349,space_invaders,space_invaders,8,20.0,2290
13,period,6675200,87349,space_invaders,space_invaders,9,21.0,2290
13,period,6675200,87349,space_invaders,space_invaders,10,44.0,2290
13,period,6675200,87349,space_invaders,freeway,1,30.0,25000
13,period,6675200,87349,space_invaders,freeway,2,23.0,25000
13,period,6675200,87349,space_invaders,freeway,3,17.0,25000
13,period,6675200,87349,space_invaders,freeway,4,25.0,25000
13,period,6675200,87349,space_invaders,freeway,5,22.0,25000
13,period,6675200,87349,space_invaders,freeway,6,16.0,25000
13,period,6675200,87349,space_invaders,freeway,7,28.0,25000
13,period,6675200,87349,space_invaders,freeway,8,30.0,25000
13,period,6675200,87349,space_invaders,freeway,9,24.0,25000
13,period,6675200,87349,space_invaders,freeway,10,30.0,25000
13,period,6700032,87438,space_invaders,breakout,1,6.0,654
13,period,6700032,87438,space_invaders,breakout,2,5.0,654
13,period,6700032,87438,space_invaders,breakout,3,6.0,654
13,period,6700032,87438,space_invaders,breakout,4,5.0,654
13,period,6700032,87438,space_invaders,breakout,5,5.0,654
13,period,6700032,87438,space_invaders,breakout,6,5.0,654
13,period,6700032,87438,space_invaders,breakout,7,5.0,654
13,period,6700032,87438,space_invaders,breakout,8,6.0,654
13,period,6700032,87438,space_invaders,breakout,9,6.0,654
13,period,6700032,87438,space_invaders,breakout,10,6.0,654
13,period,6700032,87438,space_invaders,space_invaders,1,33.0,2709
13,period,6700032,87438,space_invaders,space_invaders,2,13.0,2709
13,period,6700032,87438,space_invaders,space_invaders,3,46.0,2709
13,period,6700032,87438,space_invaders,space_invaders,4,11.0,2709
13,period,6700032,87438,space_invaders,space_invaders,5,33.0,2709
13,period,6700032,87438,space_invaders,space_invaders,6,13.0,2709
13,period,6700032,87438,space_invaders,space_invaders,7,47.0,2709
13,period,6700032,87438,space_invaders,space_invaders,8,34.0,2709
13,period,6700032,87438,space_invaders,space_invaders,9,47.0,2709
13,period,6700032,87438,space_invaders,space_invaders,10,13.0,2709
13,period,6700032,87438,space_invaders,freeway,1,21.0,25000
13,period,6700032,87438,space_invaders,freeway,2,25.0,25000
13,period,6700032,87438,space_invaders,freeway,3,23.0,25000
13,period,6700032,87438,space_invaders,freeway,4,15.0,25000
13,period,6700032,87438,space_invaders,freeway,5,28.0,25000
13,period,6700032,87438,space_invaders,freeway,6,17.0,25000
13,period,6700032,87438,space_invaders,freeway,7,25.0,25000
13,period,6700032,87438,space_invaders,freeway,8,26.0,25000
13,period,6700032,87438,space_invaders,freeway,9,25.0,25000
13,period,6700032,87438,space_invaders,freeway,10,24.0,25000
13,period,6725120,87514,space_invaders,breakout,1,6.0,662
13,period,6725120,87514,space_invaders,breakout,2,6.0,662
13,period,6725120,87514,space_invaders,breakout,3,5.0,662
13,period,6725120,87514,space_invaders,breakout,4,5.0,662
13,period,6725120,87514,space_invaders,breakout,5,5.0,662
13,period,6725120,87514,space_invaders,breakout,6,5.0,662
13,period,6725120,87514,space_invaders,breakout,7,6.0,662
13,period,6725120,87514,space_invaders,breakout,8,6.0,662
13,period,6725120,87514,space_invaders,breakout,9,6.0,662
13,period,6725120,87514,space_invaders,breakout,10,5.0,662
13,period,6725120,87514,space_invaders,space_invaders,1,67.0,3519
13,period,6725120,87514,space_invaders,space_invaders,2,23.0,3519
13,period,6725120,87514,space_invaders,space_invaders,3,4.0,3519
13,period,6725120,87514,space_invaders,space_invaders,4,34.0,3519
13,period,6725120,87514,space_invaders,space_invaders,5,23.0,3519
13,period,6725120,87514,space_invaders,space_invaders,6,23.0,3519
13,period,6725120,87514,space_invaders,space_invaders,7,23.0,3519
13,period,6725120,87514,space_invaders,space_invaders,8,23.0,3519
13,period,6725120,87514,space_invaders,space_invaders,9,47.0,3519
13,period,6725120,87514,space_invaders,space_invaders,10,71.0,3519
13,period,6725120,87514,space_invaders,freeway,1,25.0,25000
13,period,6725120,87514,space_invaders,freeway,2,26.0,25000
13,period,6725120,87514,space_invaders,freeway,3,23.0,25000
13,period,6725120,87514,space_invaders,freeway,4,17.0,25000
13,period,6725120,87514,space_invaders,freeway,5,29.0,25000
13,period,6725120,87514,space_invaders,freeway,6,26.0,25000
13,period,6725120,87514,space_invaders,freeway,7,19.0,25000
13,period,6725120,87514,space_invaders,freeway,8,22.0,25000
13,period,6725120,87514,space_invaders,freeway,9,17.0,25000
13,period,6725120,87514,space_invaders,freeway,10,25.0,25000
13,period,6750208,87599,space_invaders,breakout,1,6.0,662
13,period,6750208,87599,space_invaders,breakout,2,5.0,662
13,period,6750208,87599,space_invaders,breakout,3,5.0,662
13,period,6750208,87599,space_invaders,breakout,4,6.0,662
13,period,6750208,87599,space_invaders,breakout,5,6.0,662
13,period,6750208,87599,space_invaders,breakout,6,5.0,662
13,period,6750208,87599,space_invaders,breakout,7,5.0,662
13,period,6750208,87599,space_invaders,breakout,8,5.0,662
13,period,6750208,87599,space_invaders,breakout,9,6.0,662
13,period,6750208,87599,space_invaders,breakout,10,6.0,662
13,period,6750208,87599,space_invaders,space_invaders,1,39.0,3166
13,period,6750208,87599,space_invaders,space_invaders,2,31.0,3166
13,period,6750208,87599,space_invaders,space_invaders,3,35.0,3166
13,period,6750208,87599,space_invaders,space_invaders,4,22.0,3166
13,period,6750208,87599,space_invaders,space_invaders,5,23.0,3166
13,period,6750208,87599,space_invaders,space_invaders,6,23.0,3166
13,period,6750208,87599,space_invaders,space_invaders,7,46.0,3166
13,period,6750208,87599,space_invaders,space_invaders,8,37.0,3166
13,period,6750208,87599,space_invaders,space_invaders,9,23.0,3166
13,period,6750208,87599,space_invaders,space_invaders,10,19.0,3166
13,period,6750208,87599,space_invaders,freeway,1,22.0,25000
13,period,6750208,87599,space_invaders,freeway,2,33.0,25000
13,period,6750208,87599,space_invaders,freeway,3,20.0,25000
13,period,6750208,87599,space_invaders,freeway,4,33.0,25000
13,period,6750208,87599,space_invaders,freeway,5,24.0,25000
13,period,6750208,87599,space_invaders,freeway,6,21.0,25000
13,period,6750208,87599,space_invaders,freeway,7,21.0,25000
13,period,6750208,87599,space_invaders,freeway,8,24.0,25000
13,period,6750208,87599,space_invaders,freeway,9,22.0,25000
13,period,6750208,87599,space_invaders,freeway,10,19.0,25000
13,period,6775040,87675,space_invaders,breakout,1,5.0,632
13,period,6775040,87675,space_invaders,breakout,2,5.0,632
13,period,6775040,87675,space_invaders,breakout,3,5.0,632
13,period,6775040,87675,space_invaders,breakout,4,5.0,632
13,period,6775040,87675,space_invaders,breakout,5,6.0,632
13,period,6775040,87675,space_invaders,breakout,6,5.0,632
13,period,6775040,87675,space_invaders,breakout,7,5.0,632
13,period,6775040,87675,space_invaders,breakout,8,5.0,632
13,period,6775040,87675,space_invaders,breakout,9,5.0,632
13,period,6775040,87675,space_invaders,breakout,10,6.0,632
13,period,6775040,87675,space_invaders,space_invaders,1,36.0,3660
13,period,6775040,87675,space_invaders,space_invaders,2,22.0,3660
13,period,6775040,87675,space_invaders,space_invaders,3,15.0,3660
13,period,6775040,87675,space_invaders,space_invaders,4,47.0,3660
13,period,6775040,87675,space_invaders,space_invaders,5,71.0,3660
13,period,6775040,87675,space_invaders,space_invaders,6,23.0,3660
13,period,6775040,87675,space_invaders,space_invaders,7,34.0,3660
13,period,6775040,87675,space_invaders,space_invaders,8,42.0,3660
13,period,6775040,87675,space_invaders,space_invaders,9,20.0,3660
13,period,6775040,87675,space_invaders,space_invaders,10,37.0,3660
13,period,6775040,87675,space_invaders,freeway,1,28.0,25000
13,period,6775040,87675,space_invaders,freeway,2,22.0,25000
13,period,6775040,87675,space_invaders,freeway,3,22.0,25000
13,period,6775040,87675,space_invaders,freeway,4,26.0,25000
13,period,6775040,87675,space_invaders,freeway,5,27.0,25000
13,period,6775040,87675,space_invaders,freeway,6,22.0,25000
13,period,6775040,87675,space_invaders,freeway,7,26.0,25000
13,period,6775040,87675,space_invaders,freeway,8,20.0,25000
13,period,6775040,87675,space_invaders,freeway,9,27.0,25000
13,period,6775040,87675,space_invaders,freeway,10,15.0,25000
13,period,6800128,87758,space_invaders,breakout,1,5.0,652
13,period,6800128,87758,space_invaders,breakout,2,6.0,652
13,period,6800128,87758,space_invaders,breakout,3,5.0,652
13,period,6800128,87758,space_invaders,breakout,4,6.0,652
13,period,6800128,87758,space_invaders,breakout,5,6.0,652
13,period,6800128,87758,space_invaders,breakout,6,5.0,652
13,period,6800128,87758,space_invaders,breakout,7,5.0,652
13,period,6800128,87758,space_invaders,breakout,8,5.0,652
13,period,6800128,87758,space_invaders,breakout,9,6.0,652
13,period,6800128,87758,space_invaders,breakout,10,5.0,652
13,period,6800128,87758,space_invaders,space_invaders,1,26.0,2953
13,period,6800128,87758,space_invaders,space_invaders,2,43.0,2953
13,period,6800128,87758,space_invaders,space_invaders,3,25.0,2953
13,period,6800128,87758,space_invaders,space_invaders,4,28.0,2953
13,period,6800128,87758,space_invaders,space_invaders,5,23.0,2953
13,period,6800128,87758,space_invaders,space_invaders,6,23.0,2953
13,period,6800128,87758,space_invaders,space_invaders,7,23.0,2953
13,period,6800128,87758,space_invaders,space_invaders,8,48.0,2953
13,period,6800128,87758,space_invaders,space_invaders,9,23.0,2953
13,period,6800128,87758,space_invaders,space_invaders,10,19.0,2953
13,period,6800128,87758,space_invaders,freeway,1,22.0,25000
13,period,6800128,87758,space_invaders,freeway,2,18.0,25000
13,period,6800128,87758,space_invaders,freeway,3,15.0,25000
13,period,6800128,87758,space_invaders,freeway,4,16.0,25000
13,period,6800128,87758,space_invaders,freeway,5,25.0,25000
13,period,6800128,87758,space_invaders,freeway,6,19.0,25000
13,period,6800128,87758,space_invaders,freeway,7,25.0,25000
13,period,6800128,87758,space_invaders,freeway,8,25.0,25000
13,period,6800128,87758,space_invaders,freeway,9,14.0,25000
13,period,6800128,87758,space_invaders,freeway,10,28.0,25000
13,period,6825216,87842,space_invaders,breakout,1,5.0,642
13,period,6825216,87842,space_invaders,breakout,2,5.0,642
13,period,6825216,87842,space_invaders,breakout,3,6.0,642
13,period,6825216,87842,space_invaders,breakout,4,6.0,642
13,period,6825216,87842,space_invaders,breakout,5,5.0,642
13,period,6825216,87842,space_invaders,breakout,6,5.0,642
13,period,6825216,87842,space_invaders,breakout,7,5.0,642
13,period,6825216,87842,space_invaders,breakout,8,6.0,642
13,period,6825216,87842,space_invaders,breakout,9,6.0,642
13,period,6825216,87842,space_invaders,breakout,10,5.0,642
13,period,6825216,87842,space_invaders,space_invaders,1,11.0,2602
13,period,6825216,87842,space_invaders,space_invaders,2,12.0,2602
13,period,6825216,87842,space_invaders,space_invaders,3,23.0,2602
13,period,6825216,87842,space_invaders,space_invaders,4,45.0,2602
13,period,6825216,87842,space_invaders,space_invaders,5,38.0,2602
13,period,6825216,87842,space_invaders,space_invaders,6,9.0,2602
13,period,6825216,87842,space_invaders,space_invaders,7,16.0,2602
13,period,6825216,87842,space_invaders,space_invaders,8,37.0,2602
13,period,6825216,87842,space_invaders,space_invaders,9,44.0,2602
13,period,6825216,87842,space_invaders,space_invaders,10,22.0,2602
13,period,6825216,87842,space_invaders,freeway,1,33.0,25000
13,period,6825216,87842,space_invaders,freeway,2,27.0,25000
13,period,6825216,87842,space_invaders,freeway,3,18.0,25000
13,period,6825216,87842,space_invaders,freeway,4,28.0,25000
13,period,6825216,87842,space_invaders,freeway,5,22.0,25000
13,period,6825216,87842,space_invaders,freeway,6,25.0,25000
13,period,6825216,87842,space_invaders,freeway,7,24.0,25000
13,period,6825216,87842,space_invaders,freeway,8,19.0,25000
13,period,6825216,87842,space_invaders,freeway,9,26.0,25000
13,period,6825216,87842,space_invaders,freeway,10,22.0,25000
13,period,6850048,87918,space_invaders,breakout,1,6.0,542
13,period,6850048,87918,space_invaders,breakout,2,1.0,542
13,period,6850048,87918,space_invaders,breakout,3,6.0,542
13,period,6850048,87918,space_invaders,breakout,4,3.0,542
13,period,6850048,87918,space_invaders,breakout,5,5.0,542
13,period,6850048,87918,space_invaders,breakout,6,3.0,542
13,period,6850048,87918,space_invaders,breakout,7,5.0,542
13,period,6850048,87918,space_invaders,breakout,8,6.0,542
13,period,6850048,87918,space_invaders,breakout,9,5.0,542
13,period,6850048,87918,space_invaders,breakout,10,5.0,542
13,period,6850048,87918,space_invaders,space_invaders,1,69.0,4300
13,period,6850048,87918,space_invaders,space_invaders,2,47.0,4300
13,period,6850048,87918,space_invaders,space_invaders,3,23.0,4300
13,period,6850048,87918,space_invaders,space_invaders,4,33.0,4300
13,period,6850048,87918,space_invaders,space_invaders,5,42.0,4300
13,period,6850048,87918,space_invaders,space_invaders,6,41.0,4300
13,period,6850048,87918,space_invaders,space_invaders,7,23.0,4300
13,period,6850048,87918,space_invaders,space_invaders,8,54.0,4300
13,period,6850048,87918,space_invaders,space_invaders,9,47.0,4300
13,period,6850048,87918,space_invaders,space_invaders,10,23.0,4300
13,period,6850048,87918,space_invaders,freeway,1,14.0,25000
13,period,6850048,87918,space_invaders,freeway,2,14.0,25000
13,period,6850048,87918,space_invaders,freeway,3,21.0,25000
13,period,6850048,87918,space_invaders,freeway,4,24.0,25000
13,period,6850048,87918,space_invaders,freeway,5,25.0,25000
13,period,6850048,87918,space_invaders,freeway,6,25.0,25000
13,period,6850048,87918,space_invaders,freeway,7,21.0,25000
13,period,6850048,87918,space_invaders,freeway,8,21.0,25000
13,period,6850048,87918,space_invaders,freeway,9,25.0,25000
13,period,6850048,87918,space_invaders,freeway,10,23.0,25000
13,period,6875136,87986,space_invaders,breakout,1,5.0,678
13,period,6875136,87986,space_invaders,breakout,2,6.0,678
13,period,6875136,87986,space_invaders,breakout,3,6.0,678
13,period,6875136,87986,space_invaders,breakout,4,6.0,678
13,period,6875136,87986,space_invaders,breakout,5,5.0,678
13,period,6875136,87986,space_invaders,breakout,6,6.0,678
13,period,6875136,87986,space_invaders,breakout,7,6.0,678
13,period,6875136,87986,space_invaders,breakout,8,6.0,678
13,period,6875136,87986,space_invaders,breakout,9,5.0,678
13,period,6875136,87986,space_invaders,breakout,10,6.0,678
13,period,6875136,87986,space_invaders,space_invaders,1,35.0,3351
13,period,6875136,87986,space_invaders,space_invaders,2,35.0,3351
13,period,6875136,87986,space_invaders,space_invaders,3,10.0,3351
13,period,6875136,87986,space_invaders,space_invaders,4,47.0,3351
13,period,6875136,87986,space_invaders,space_invaders,5,46.0,3351
13,period,6875136,87986,space_invaders,space_invaders,6,24.0,3351
13,period,6875136,87986,space_invaders,space_invaders,7,22.0,3351
13,period,6875136,87986,space_invaders,space_invaders,8,7.0,3351
13,period,6875136,87986,space_invaders,space_invaders,9,71.0,3351
13,period,6875136,87986,space_invaders,space_invaders,10,47.0,3351
13,period,6875136,87986,space_invaders,freeway,1,18.0,25000
13,period,6875136,87986,space_invaders,freeway,2,22.0,25000
13,period,6875136,87986,space_invaders,freeway,3,19.0,25000
13,period,6875136,87986,space_invaders,freeway,4,20.0,25000
13,period,6875136,87986,space_invaders,freeway,5,27.0,25000
13,period,6875136,87986,space_invaders,freeway,6,16.0,25000
13,period,6875136,87986,space_invaders,freeway,7,21.0,25000
13,period,6875136,87986,space_invaders,freeway,8,20.0,25000
13,period,6875136,87986,space_invaders,freeway,9,33.0,25000
13,period,6875136,87986,space_invaders,freeway,10,30.0,25000
13,period,6900224,88056,space_invaders,breakout,1,5.0,644
13,period,6900224,88056,space_invaders,breakout,2,6.0,644
13,period,6900224,88056,space_invaders,breakout,3,5.0,644
13,period,6900224,88056,space_invaders,breakout,4,5.0,644
13,period,6900224,88056,space_invaders,breakout,5,5.0,644
13,period,6900224,88056,space_invaders,breakout,6,6.0,644
13,period,6900224,88056,space_invaders,breakout,7,5.0,644
13,period,6900224,88056,space_invaders,breakout,8,5.0,644
13,period,6900224,88056,space_invaders,breakout,9,5.0,644
13,period,6900224,88056,space_invaders,breakout,10,6.0,644
13,period,6900224,88056,space_invaders,space_invaders,1,46.0,3776
13,period,6900224,88056,space_invaders,space_invaders,2,22.0,3776
13,period,6900224,88056,space_invaders,space_invaders,3,45.0,3776
13,period,6900224,88056,space_invaders,space_invaders,4,64.0,3776
13,period,6900224,88056,space_invaders,space_invaders,5,23.0,3776
13,period,6900224,88056,space_invaders,space_invaders,6,39.0,3776
13,period,6900224,88056,space_invaders,space_invaders,7,70.0,3776
13,period,6900224,88056,space_invaders,space_invaders,8,22.0,3776
13,period,6900224,88056,space_invaders,space_invaders,9,23.0,3776
13,period,6900224,88056,space_invaders,space_invaders,10,31.0,3776
13,period,6900224,88056,space_invaders,freeway,1,14.0,25000
13,period,6900224,88056,space_invaders,freeway,2,18.0,25000
13,period,6900224,88056,space_invaders,freeway,3,19.0,25000
13,period,6900224,88056,space_invaders,freeway,4,20.0,25000
13,period,6900224,88056,space_invaders,freeway,5,14.0,25000
13,period,6900224,88056,space_invaders,freeway,6,20.0,25000
13,period,6900224,88056,space_invaders,freeway,7,25.0,25000
13,period,6900224,88056,space_invaders,freeway,8,32.0,25000
13,period,6900224,88056,space_invaders,freeway,9,25.0,25000
13,period,6900224,88056,space_invaders,freeway,10,17.0,25000
13,period,6925056,88139,space_invaders,breakout,1,6.0,656
13,period,6925056,88139,space_invaders,breakout,2,6.0,656
13,period,6925056,88139,space_invaders,breakout,3,5.0,656
13,period,6925056,88139,space_invaders,breakout,4,5.0,656
13,period,6925056,88139,space_invaders,breakout,5,6.0,656
13,period,6925056,88139,space_invaders,breakout,6,5.0,656
13,period,6925056,88139,space_invaders,breakout,7,6.0,656
13,period,6925056,88139,space_invaders,breakout,8,3.0,656
13,period,6925056,88139,space_invaders,breakout,9,6.0,656
13,period,6925056,88139,space_invaders,breakout,10,6.0,656
13,period,6925056,88139,space_invaders,space_invaders,1,25.0,3450
13,period,6925056,88139,space_invaders,space_invaders,2,47.0,3450
13,period,6925056,88139,space_invaders,space_invaders,3,12.0,3450
13,period,6925056,88139,space_invaders,space_invaders,4,21.0,3450
13,period,6925056,88139,space_invaders,space_invaders,5,38.0,3450
13,period,6925056,88139,space_invaders,space_invaders,6,22.0,3450
13,period,6925056,88139,space_invaders,space_invaders,7,84.0,3450
13,period,6925056,88139,space_invaders,space_invaders,8,36.0,3450
13,period,6925056,88139,space_invaders,space_invaders,9,34.0,3450
13,period,6925056,88139,space_invaders,space_invaders,10,22.0,3450
13,period,6925056,88139,space_invaders,freeway,1,24.0,25000
13,period,6925056,88139,space_invaders,freeway,2,23.0,25000
13,period,6925056,88139,space_invaders,freeway,3,26.0,25000
13,period,6925056,88139,space_invaders,freeway,4,26.0,25000
13,period,6925056,88139,space_invaders,freeway,5,17.0,25000
13,period,6925056,88139,space_invaders,freeway,6,24.0,25000
13,period,6925056,88139,space_invaders,freeway,7,19.0,25000
13,period,6925056,88139,space_invaders,freeway,8,24.0,25000
13,period,6925056,88139,space_invaders,freeway,9,28.0,25000
13,period,6925056,88139,space_invaders,freeway,10,20.0,25000
13,period,6950144,88213,space_invaders,breakout,1,6.0,654
13,period,6950144,88213,space_invaders,breakout,2,6.0,654
13,period,6950144,88213,space_invaders,breakout,3,6.0,654
13,period,6950144,88213,space_invaders,breakout,4,5.0,654
13,period,6950144,88213,space_invaders,breakout,5,2.0,654
13,period,6950144,88213,space_invaders,breakout,6,6.0,654
13,period,6950144,88213,space_invaders,breakout,7,6.0,654
13,period,6950144,88213,space_invaders,breakout,8,6.0,654
13,period,6950144,88213,space_invaders,breakout,9,5.0,654
13,period,6950144,88213,space_invaders,breakout,10,6.0,654
13,period,6950144,88213,space_invaders,space_invaders,1,23.0,2864
13,period,6950144,88213,space_invaders,space_invaders,2,23.0,2864
13,period,6950144,88213,space_invaders,space_invaders,3,21.0,2864
13,period,6950144,88213,space_invaders,space_invaders,4,44.0,2864
13,period,6950144,88213,space_invaders,space_invaders,5,20.0,2864
13,period,6950144,88213,space_invaders,space_invaders,6,32.0,2864
13,period,6950144,88213,space_invaders,space_invaders,7,41.0,2864
13,period,6950144,88213,space_invaders,space_invaders,8,32.0,2864
13,period,6950144,88213,space_invaders,space_invaders,9,23.0,2864
13,period,6950144,88213,space_invaders,space_invaders,10,46.0,2864
13,period,6950144,88213,space_invaders,freeway,1,26.0,25000
13,period,6950144,88213,space_invaders,freeway,2,29.0,25000
13,period,6950144,88213,space_invaders,freeway,3,30.0,25000
13,period,6950144,88213,space_invaders,freeway,4,22.0,25000
13,period,6950144,88213,space_invaders,freeway,5,24.0,25000
13,period,6950144,88213,space_invaders,freeway,6,23.0,25000
13,period,6950144,88213,space_invaders,freeway,7,19.0,25000
13,period,6950144,88213,space_invaders,freeway,8,20.0,25000
13,period,6950144,88213,space_invaders,freeway,9,23.0,25000
13,period,6950144,88213,space_invaders,freeway,10,26.0,25000
13,period,6975232,88286,space_invaders,breakout,1,3.0,592
13,period,6975232,88286,space_invaders,breakout,2,5.0,592
13,period,6975232,88286,space_invaders,breakout,3,3.0,592
13,period,6975232,88286,space_invaders,breakout,4,6.0,592
13,period,6975232,88286,space_invaders,breakout,5,6.0,592
13,period,6975232,88286,space_invaders,breakout,6,5.0,592
13,period,6975232,88286,space_invaders,breakout,7,5.0,592
13,period,6975232,88286,space_invaders,breakout,8,5.0,592
13,period,6975232,88286,space_invaders,breakout,9,5.0,592
13,period,6975232,88286,space_invaders,breakout,10,5.0,592
13,period,6975232,88286,space_invaders,space_invaders,1,22.0,3209
13,period,6975232,88286,space_invaders,space_invaders,2,38.0,3209
13,period,6975232,88286,space_invaders,space_invaders,3,23.0,3209
13,period,6975232,88286,space_invaders,space_invaders,4,9.0,3209
13,period,6975232,88286,space_invaders,space_invaders,5,103.0,3209
13,period,6975232,88286,space_invaders,space_invaders,6,31.0,3209
13,period,6975232,88286,space_invaders,space_invaders,7,40.0,3209
13,period,6975232,88286,space_invaders,space_invaders,8,25.0,3209
13,period,6975232,88286,space_invaders,space_invaders,9,28.0,3209
13,period,6975232,88286,space_invaders,space_invaders,10,31.0,3209
13,period,6975232,88286,space_invaders,freeway,1,10.0,25000
13,period,6975232,88286,space_invaders,freeway,2,32.0,25000
13,period,6975232,88286,space_invaders,freeway,3,27.0,25000
13,period,6975232,88286,space_invaders,freeway,4,21.0,25000
13,period,6975232,88286,space_invaders,freeway,5,23.0,25000
13,period,6975232,88286,space_invaders,freeway,6,29.0,25000
13,period,6975232,88286,space_invaders,freeway,7,25.0,25000
13,period,6975232,88286,space_invaders,freeway,8,30.0,25000
13,period,6975232,88286,space_invaders,freeway,9,21.0,25000
13,period,6975232,88286,space_invaders,freeway,10,14.0,25000
14,boundary,7499520,88554,freeway,breakout,1,3.0,608
14,boundary,7499520,88554,freeway,breakout,2,6.0,608
14,boundary,7499520,88554,freeway,breakout,3,6.0,608
14,boundary,7499520,88554,freeway,breakout,4,6.0,608
14,boundary,7499520,88554,freeway,breakout,5,6.0,608
14,boundary,7499520,88554,freeway,breakout,6,6.0,608
14,boundary,7499520,88554,freeway,breakout,7,3.0,608
14,boundary,7499520,88554,freeway,breakout,8,6.0,608
14,boundary,7499520,88554,freeway,breakout,9,5.0,608
14,boundary,7499520,88554,freeway,breakout,10,3.0,608
14,boundary,7499520,88554,freeway,space_invaders,1,19.0,2487
14,boundary,7499520,88554,freeway,space_invaders,2,14.0,2487
14,boundary,7499520,88554,freeway,space_invaders,3,71.0,2487
14,boundary,7499520,88554,freeway,space_invaders,4,26.0,2487
14,boundary,7499520,88554,freeway,space_invaders,5,47.0,2487
14,boundary,7499520,88554,freeway,space_invaders,6,15.0,2487
14,boundary,7499520,88554,freeway,space_invaders,7,21.0,2487
14,boundary,7499520,88554,freeway,space_invaders,8,37.0,2487
14,boundary,7499520,88554,freeway,space_invaders,9,18.0,2487
14,boundary,7499520,88554,freeway,space_invaders,10,14.0,2487
14,boundary,7499520,88554,freeway,freeway,1,28.0,25000
14,boundary,7499520,88554,freeway,freeway,2,31.0,25000
14,boundary,7499520,88554,freeway,freeway,3,25.0,25000
14,boundary,7499520,88554,freeway,freeway,4,30.0,25000
14,boundary,7499520,88554,freeway,freeway,5,37.0,25000
14,boundary,7499520,88554,freeway,freeway,6,29.0,25000
14,boundary,7499520,88554,freeway,freeway,7,18.0,25000
14,boundary,7499520,88554,freeway,freeway,8,26.0,25000
14,boundary,7499520,88554,freeway,freeway,9,27.0,25000
14,boundary,7499520,88554,freeway,freeway,10,21.0,25000
14,period,7000064,88362,freeway,breakout,1,6.0,646
14,period,7000064,88362,freeway,breakout,2,5.0,646
14,period,7000064,88362,freeway,breakout,3,5.0,646
14,period,7000064,88362,freeway,breakout,4,5.0,646
14,period,7000064,88362,freeway,breakout,5,5.0,646
14,period,7000064,88362,freeway,breakout,6,6.0,646
14,period,7000064,88362,freeway,breakout,7,6.0,646
14,period,7000064,88362,freeway,breakout,8,6.0,646
14,period,7000064,88362,freeway,breakout,9,3.0,646
14,period,7000064,88362,freeway,breakout,10,6.0,646
14,period,7000064,88362,freeway,space_invaders,1,25.0,3724
14,period,7000064,88362,freeway,space_invaders,2,94.0,3724
14,period,7000064,88362,freeway,space_invaders,3,22.0,3724
14,period,7000064,88362,freeway,space_invaders,4,34.0,3724
14,period,7000064,88362,freeway,space_invaders,5,20.0,3724
14,period,7000064,88362,freeway,space_invaders,6,63.0,3724
14,period,7000064,88362,freeway,space_invaders,7,25.0,3724
14,period,7000064,88362,freeway,space_invaders,8,104.0,3724
14,period,7000064,88362,freeway,space_invaders,9,10.0,3724
14,period,7000064,88362,freeway,space_invaders,10,36.0,3724
14,period,7000064,88362,freeway,freeway,1,23.0,25000
14,period,7000064,88362,freeway,freeway,2,24.0,25000
14,period,7000064,88362,freeway,freeway,3,22.0,25000
14,period,7000064,88362,freeway,freeway,4,26.0,25000
14,period,7000064,88362,freeway,freeway,5,27.0,25000
14,period,7000064,88362,freeway,freeway,6,28.0,25000
14,period,7000064,88362,freeway,freeway,7,31.0,25000
14,period,7000064,88362,freeway,freeway,8,22.0,25000
14,period,7000064,88362,freeway,freeway,9,29.0,25000
14,period,7000064,88362,freeway,freeway,10,17.0,25000
14,period,7025152,88362,freeway,breakout,1,6.0,680
14,period,7025152,88362,freeway,breakout,2,6.0,680
14,period,7025152,88362,freeway,breakout,3,5.0,680
14,period,7025152,88362,freeway,breakout,4,6.0,680
14,period,7025152,88362,freeway,breakout,5,5.0,680
14,period,7025152,88362,freeway,breakout,6,5.0,680
14,period,7025152,88362,freeway,breakout,7,5.0,680
14,period,7025152,88362,freeway,breakout,8,6.0,680
14,period,7025152,88362,freeway,breakout,9,6.0,680
14,period,7025152,88362,freeway,breakout,10,6.0,680
14,period,7025152,88362,freeway,space_invaders,1,15.0,2094
14,period,7025152,88362,freeway,space_invaders,2,56.0,2094
14,period,7025152,88362,freeway,space_invaders,3,22.0,2094
14,period,7025152,88362,freeway,space_invaders,4,32.0,2094
14,period,7025152,88362,freeway,space_invaders,5,14.0,2094
14,period,7025152,88362,freeway,space_invaders,6,25.0,2094
14,period,7025152,88362,freeway,space_invaders,7,18.0,2094
14,period,7025152,88362,freeway,space_invaders,8,27.0,2094
14,period,7025152,88362,freeway,space_invaders,9,38.0,2094
14,period,7025152,88362,freeway,space_invaders,10,14.0,2094
14,period,7025152,88362,freeway,freeway,1,21.0,25000
14,period,7025152,88362,freeway,freeway,2,29.0,25000
14,period,7025152,88362,freeway,freeway,3,23.0,25000
14,period,7025152,88362,freeway,freeway,4,26.0,25000
14,period,7025152,88362,freeway,freeway,5,23.0,25000
14,period,7025152,88362,freeway,freeway,6,23.0,25000
14,period,7025152,88362,freeway,freeway,7,28.0,25000
14,period,7025152,88362,freeway,freeway,8,24.0,25000
14,period,7025152,88362,freeway,freeway,9,32.0,25000
14,period,7025152,88362,freeway,freeway,10,24.0,25000
14,period,7050240,88378,freeway,breakout,1,6.0,626
14,period,7050240,88378,freeway,breakout,2,6.0,626
14,period,7050240,88378,freeway,breakout,3,5.0,626
14,period,7050240,88378,freeway,breakout,4,5.0,626
14,period,7050240,88378,freeway,breakout,5,5.0,626
14,period,7050240,88378,freeway,breakout,6,3.0,626
14,period,7050240,88378,freeway,breakout,7,5.0,626
14,period,7050240,88378,freeway,breakout,8,5.0,626
14,period,7050240,88378,freeway,breakout,9,6.0,626
14,period,7050240,88378,freeway,breakout,10,5.0,626
14,period,7050240,88378,freeway,space_invaders,1,10.0,2524
14,period,7050240,88378,freeway,space_invaders,2,23.0,2524
14,period,7050240,88378,freeway,space_invaders,3,26.0,2524
14,period,7050240,88378,freeway,space_invaders,4,23.0,2524
14,period,7050240,88378,freeway,space_invaders,5,41.0,2524
14,period,7050240,88378,freeway,space_invaders,6,35.0,2524
14,period,7050240,88378,freeway,space_invaders,7,24.0,2524
14,period,7050240,88378,freeway,space_invaders,8,57.0,2524
14,period,7050240,88378,freeway,space_invaders,9,12.0,2524
14,period,7050240,88378,freeway,space_invaders,10,22.0,2524
14,period,7050240,88378,freeway,freeway,1,23.0,25000
14,period,7050240,88378,freeway,freeway,2,30.0,25000
14,period,7050240,88378,freeway,freeway,3,27.0,25000
14,period,7050240,88378,freeway,freeway,4,22.0,25000
14,period,7050240,88378,freeway,freeway,5,19.0,25000
14,period,7050240,88378,freeway,freeway,6,27.0,25000
14,period,7050240,88378,freeway,freeway,7,22.0,25000
14,period,7050240,88378,freeway,freeway,8,24.0,25000
14,period,7050240,88378,freeway,freeway,9,17.0,25000
14,period,7050240,88378,freeway,freeway,10,29.0,25000
14,period,7075072,88378,freeway,breakout,1,3.0,646
14,period,7075072,88378,freeway,breakout,2,6.0,646
14,period,7075072,88378,freeway,breakout,3,6.0,646
14,period,7075072,88378,freeway,breakout,4,6.0,646
14,period,7075072,88378,freeway,breakout,5,6.0,646
14,period,7075072,88378,freeway,breakout,6,6.0,646
14,period,7075072,88378,freeway,breakout,7,5.0,646
14,period,7075072,88378,freeway,breakout,8,5.0,646
14,period,7075072,88378,freeway,breakout,9,5.0,646
14,period,7075072,88378,freeway,breakout,10,5.0,646
14,period,7075072,88378,freeway,space_invaders,1,44.0,2668
14,period,7075072,88378,freeway,space_invaders,2,37.0,2668
14,period,7075072,88378,freeway,space_invaders,3,45.0,2668
14,period,7075072,88378,freeway,space_invaders,4,24.0,2668
14,period,7075072,88378,freeway,space_invaders,5,22.0,2668
14,period,7075072,88378,freeway,space_invaders,6,48.0,2668
14,period,7075072,88378,freeway,space_invaders,7,17.0,2668
14,period,7075072,88378,freeway,space_invaders,8,27.0,2668
14,period,7075072,88378,freeway,space_invaders,9,14.0,2668
14,period,7075072,88378,freeway,space_invaders,10,25.0,2668
14,period,7075072,88378,freeway,freeway,1,30.0,25000
14,period,7075072,88378,freeway,freeway,2,24.0,25000
14,period,7075072,88378,freeway,freeway,3,19.0,25000
14,period,7075072,88378,freeway,freeway,4,29.0,25000
14,period,7075072,88378,freeway,freeway,5,19.0,25000
14,period,7075072,88378,freeway,freeway,6,28.0,25000
14,period,7075072,88378,freeway,freeway,7,22.0,25000
14,period,7075072,88378,freeway,freeway,8,22.0,25000
14,period,7075072,88378,freeway,freeway,9,23.0,25000
14,period,7075072,88378,freeway,freeway,10,23.0,25000
14,period,7100160,88394,freeway,breakout,1,6.0,598
14,period,7100160,88394,freeway,breakout,2,6.0,598
14,period,7100160,88394,freeway,breakout,3,6.0,598
14,period,7100160,88394,freeway,breakout,4,6.0,598
14,period,7100160,88394,freeway,breakout,5,2.0,598
14,period,7100160,88394,freeway,breakout,6,6.0,598
14,period,7100160,88394,freeway,breakout,7,4.0,598
14,period,7100160,88394,freeway,breakout,8,2.0,598
14,period,7100160,88394,freeway,breakout,9,6.0,598
14,period,7100160,88394,freeway,breakout,10,5.0,598
14,period,7100160,88394,freeway,space_invaders,1,71.0,3951
14,period,7100160,88394,freeway,space_invaders,2,78.0,3951
14,period,7100160,88394,freeway,space_invaders,3,15.0,3951
14,period,7100160,88394,freeway,space_invaders,4,44.0,3951
14,period,7100160,88394,freeway,space_invaders,5,61.0,3951
14,period,7100160,88394,freeway,space_invaders,6,37.0,3951
14,period,7100160,88394,freeway,space_invaders,7,24.0,3951
14,period,7100160,88394,freeway,space_invaders,8,47.0,3951
14,period,7100160,88394,freeway,space_invaders,9,23.0,3951
14,period,7100160,88394,freeway,space_invaders,10,34.0,3951
14,period,7100160,88394,freeway,freeway,1,23.0,25000
14,period,7100160,88394,freeway,freeway,2,27.0,25000
14,period,7100160,88394,freeway,freeway,3,21.0,25000
14,period,7100160,88394,freeway,freeway,4,39.0,25000
14,period,7100160,88394,freeway,freeway,5,28.0,25000
14,period,7100160,88394,freeway,freeway,6,21.0,25000
14,period,7100160,88394,freeway,freeway,7,28.0,25000
14,period,7100160,88394,freeway,freeway,8,28.0,25000
14,period,7100160,88394,freeway,freeway,9,37.0,25000
14,period,7100160,88394,freeway,freeway,10,27.0,25000
14,period,7125248,88410,freeway,breakout,1,5.0,642
14,period,7125248,88410,freeway,breakout,2,6.0,642
14,period,7125248,88410,freeway,breakout,3,3.0,642
14,period,7125248,88410,freeway,breakout,4,3.0,642
14,period,7125248,88410,freeway,breakout,5,6.0,642
14,period,7125248,88410,freeway,breakout,6,6.0,642
14,period,7125248,88410,freeway,breakout,7,6.0,642
14,period,7125248,88410,freeway,breakout,8,6.0,642
14,period,7125248,88410,freeway,breakout,9,6.0,642
14,period,7125248,88410,freeway,breakout,10,6.0,642
14,period,7125248,88410,freeway,space_invaders,1,68.0,2686
14,period,7125248,88410,freeway,space_invaders,2,16.0,2686
14,period,7125248,88410,freeway,space_invaders,3,22.0,2686
14,period,7125248,88410,freeway,space_invaders,4,49.0,2686
14,period,7125248,88410,freeway,space_invaders,5,22.0,2686
14,period,7125248,88410,freeway,space_invaders,6,14.0,2686
14,period,7125248,88410,freeway,space_invaders,7,18.0,2686
14,period,7125248,88410,freeway,space_invaders,8,40.0,2686
14,period,7125248,88410,freeway,space_invaders,9,38.0,2686
14,period,7125248,88410,freeway,space_invaders,10,24.0,2686
14,period,7125248,88410,freeway,freeway,1,26.0,25000
14,period,7125248,88410,freeway,freeway,2,32.0,25000
14,period,7125248,88410,freeway,freeway,3,25.0,25000
14,period,7125248,88410,freeway,freeway,4,35.0,25000
14,period,7125248,88410,freeway,freeway,5,31.0,25000
14,period,7125248,88410,freeway,freeway,6,27.0,25000
14,period,7125248,88410,freeway,freeway,7,20.0,25000
14,period,7125248,88410,freeway,freeway,8,27.0,25000
14,period,7125248,88410,freeway,freeway,9,30.0,25000
14,period,7125248,88410,freeway,freeway,10,27.0,25000
14,period,7150080,88410,freeway,breakout,1,3.0,562
14,period,7150080,88410,freeway,breakout,2,6.0,562
14,period,7150080,88410,freeway,breakout,3,6.0,562
14,period,7150080,88410,freeway,breakout,4,6.0,562
14,period,7150080,88410,freeway,breakout,5,3.0,562
14,period,7150080,88410,freeway,breakout,6,6.0,562
14,period,7150080,88410,freeway,breakout,7,6.0,562
14,period,7150080,88410,freeway,breakout,8,5.0,562
14,period,7150080,88410,freeway,breakout,9,2.0,562
14,period,7150080,88410,freeway,breakout,10,3.0,562
14,period,7150080,88410,freeway,space_invaders,1,34.0,1724
14,period,7150080,88410,freeway,space_invaders,2,26.0,1724
14,period,7150080,88410,freeway,space_invaders,3,23.0,1724
14,period,7150080,88410,freeway,space_invaders,4,20.0,1724
14,period,7150080,88410,freeway,space_invaders,5,26.0,1724
14,period,7150080,88410,freeway,space_invaders,6,20.0,1724
14,period,7150080,88410,freeway,space_invaders,7,14.0,1724
14,period,7150080,88410,freeway,space_invaders,8,20.0,1724
14,period,7150080,88410,freeway,space_invaders,9,9.0,1724
14,period,7150080,88410,freeway,space_invaders,10,22.0,1724
14,period,7150080,88410,freeway,freeway,1,29.0,25000
14,period,7150080,88410,freeway,freeway,2,30.0,25000
14,period,7150080,88410,freeway,freeway,3,29.0,25000
14,period,7150080,88410,freeway,freeway,4,27.0,25000
14,period,7150080,88410,freeway,freeway,5,23.0,25000
14,period,7150080,88410,freeway,freeway,6,41.0,25000
14,period,7150080,88410,freeway,freeway,7,29.0,25000
14,period,7150080,88410,freeway,freeway,8,31.0,25000
14,period,7150080,88410,freeway,freeway,9,29.0,25000
14,period,7150080,88410,freeway,freeway,10,36.0,25000
14,period,7175168,88426,freeway,breakout,1,3.0,494
14,period,7175168,88426,freeway,breakout,2,3.0,494
14,period,7175168,88426,freeway,breakout,3,3.0,494
14,period,7175168,88426,freeway,breakout,4,6.0,494
14,period,7175168,88426,freeway,breakout,5,6.0,494
14,period,7175168,88426,freeway,breakout,6,6.0,494
14,period,7175168,88426,freeway,breakout,7,3.0,494
14,period,7175168,88426,freeway,breakout,8,3.0,494
14,period,7175168,88426,freeway,breakout,9,6.0,494
14,period,7175168,88426,freeway,breakout,10,1.0,494
14,period,7175168,88426,freeway,space_invaders,1,19.0,1835
14,period,7175168,88426,freeway,space_invaders,2,23.0,1835
14,period,7175168,88426,freeway,space_invaders,3,15.0,1835
14,period,7175168,88426,freeway,space_invaders,4,31.0,1835
14,period,7175168,88426,freeway,space_invaders,5,20.0,1835
14,period,7175168,88426,freeway,space_invaders,6,34.0,1835
14,period,7175168,88426,freeway,space_invaders,7,15.0,1835
14,period,7175168,88426,freeway,space_invaders,8,33.0,1835
14,period,7175168,88426,freeway,space_invaders,9,20.0,1835
14,period,7175168,88426,freeway,space_invaders,10,24.0,1835
14,period,7175168,88426,freeway,freeway,1,31.0,25000
14,period,7175168,88426,freeway,freeway,2,27.0,25000
14,period,7175168,88426,freeway,freeway,3,38.0,25000
14,period,7175168,88426,freeway,freeway,4,35.0,25000
14,period,7175168,88426,freeway,freeway,5,17.0,25000
14,period,7175168,88426,freeway,freeway,6,29.0,25000
14,period,7175168,88426,freeway,freeway,7,30.0,25000
14,period,7175168,88426,freeway,freeway,8,31.0,25000
14,period,7175168,88426,freeway,freeway,9,27.0,25000
14,period,7175168,88426,freeway,freeway,10,28.0,25000
14,period,7200000,88442,freeway,breakout,1,6.0,528
14,period,7200000,88442,freeway,breakout,2,3.0,528
14,period,7200000,88442,freeway,breakout,3,1.0,528
14,period,7200000,88442,freeway,breakout,4,3.0,528
14,period,7200000,88442,freeway,breakout,5,6.0,528
14,period,7200000,88442,freeway,breakout,6,6.0,528
14,period,7200000,88442,freeway,breakout,7,3.0,528
14,period,7200000,88442,freeway,breakout,8,3.0,528
14,period,7200000,88442,freeway,breakout,9,6.0,528
14,period,7200000,88442,freeway,breakout,10,6.0,528
14,period,7200000,88442,freeway,space_invaders,1,11.0,2362
14,period,7200000,88442,freeway,space_invaders,2,25.0,2362
14,period,7200000,88442,freeway,space_invaders,3,18.0,2362
14,period,7200000,88442,freeway,space_invaders,4,19.0,2362
14,period,7200000,88442,freeway,space_invaders,5,27.0,2362
14,period,7200000,88442,freeway,space_invaders,6,22.0,2362
14,period,7200000,88442,freeway,space_invaders,7,56.0,2362
14,period,7200000,88442,freeway,space_invaders,8,15.0,2362
14,period,7200000,88442,freeway,space_invaders,9,46.0,2362
14,period,7200000,88442,freeway,space_invaders,10,30.0,2362
14,period,7200000,88442,freeway,freeway,1,18.0,25000
14,period,7200000,88442,freeway,freeway,2,24.0,25000
14,period,7200000,88442,freeway,freeway,3,19.0,25000
14,period,7200000,88442,freeway,freeway,4,29.0,25000
14,period,7200000,88442,freeway,freeway,5,29.0,25000
14,period,7200000,88442,freeway,freeway,6,28.0,25000
14,period,7200000,88442,freeway,freeway,7,31.0,25000
14,period,7200000,88442,freeway,freeway,8,21.0,25000
14,period,7200000,88442,freeway,freeway,9,30.0,25000
14,period,7200000,88442,freeway,freeway,10,30.0,25000
14,period,7225088,88442,freeway,breakout,1,6.0,564
14,period,7225088,88442,freeway,breakout,2,5.0,564
14,period,7225088,88442,freeway,breakout,3,3.0,564
14,period,7225088,88442,freeway,breakout,4,6.0,564
14,period,7225088,88442,freeway,breakout,5,5.0,564
14,period,7225088,88442,freeway,breakout,6,3.0,564
14,period,7225088,88442,freeway,breakout,7,6.0,564
14,period,7225088,88442,freeway,breakout,8,6.0,564
14,period,7225088,88442,freeway,breakout,9,3.0,564
14,period,7225088,88442,freeway,breakout,10,3.0,564
14,period,7225088,88442,freeway,space_invaders,1,23.0,2851
14,period,7225088,88442,freeway,space_invaders,2,23.0,2851
14,period,7225088,88442,freeway,space_invaders,3,23.0,2851
14,period,7225088,88442,freeway,space_invaders,4,18.0,2851
14,period,7225088,88442,freeway,space_invaders,5,49.0,2851
14,period,7225088,88442,freeway,space_invaders,6,47.0,2851
14,period,7225088,88442,freeway,space_invaders,7,12.0,2851
14,period,7225088,88442,freeway,space_invaders,8,47.0,2851
14,period,7225088,88442,freeway,space_invaders,9,35.0,2851
14,period,7225088,88442,freeway,space_invaders,10,23.0,2851
14,period,7225088,88442,freeway,freeway,1,27.0,25000
14,period,7225088,88442,freeway,freeway,2,29.0,25000
14,period,7225088,88442,freeway,freeway,3,37.0,25000
14,period,7225088,88442,freeway,freeway,4,29.0,25000
14,period,7225088,88442,freeway,freeway,5,26.0,25000
14,period,7225088,88442,freeway,freeway,6,27.0,25000
14,period,7225088,88442,freeway,freeway,7,21.0,25000
14,period,7225088,88442,freeway,freeway,8,29.0,25000
14,period,7225088,88442,freeway,freeway,9,30.0,25000
14,period,7225088,88442,freeway,freeway,10,29.0,25000
14,period,7250176,88458,freeway,breakout,1,6.0,532
14,period,7250176,88458,freeway,breakout,2,5.0,532
14,period,7250176,88458,freeway,breakout,3,1.0,532
14,period,7250176,88458,freeway,breakout,4,3.0,532
14,period,7250176,88458,freeway,breakout,5,5.0,532
14,period,7250176,88458,freeway,breakout,6,6.0,532
14,period,7250176,88458,freeway,breakout,7,5.0,532
14,period,7250176,88458,freeway,breakout,8,3.0,532
14,period,7250176,88458,freeway,breakout,9,3.0,532
14,period,7250176,88458,freeway,breakout,10,6.0,532
14,period,7250176,88458,freeway,space_invaders,1,47.0,3935
14,period,7250176,88458,freeway,space_invaders,2,25.0,3935
14,period,7250176,88458,freeway,space_invaders,3,71.0,3935
14,period,7250176,88458,freeway,space_invaders,4,23.0,3935
14,period,7250176,88458,freeway,space_invaders,5,17.0,3935
14,period,7250176,88458,freeway,space_invaders,6,12.0,3935
14,period,7250176,88458,freeway,space_invaders,7,54.0,3935
14,period,7250176,88458,freeway,space_invaders,8,105.0,3935
14,period,7250176,88458,freeway,space_invaders,9,56.0,3935
14,period,7250176,88458,freeway,space_invaders,10,14.0,3935
14,period,7250176,88458,freeway,freeway,1,22.0,25000
14,period,7250176,88458,freeway,freeway,2,29.0,25000
14,period,7250176,88458,freeway,freeway,3,27.0,25000
14,period,7250176,88458,freeway,freeway,4,34.0,25000
14,period,7250176,88458,freeway,freeway,5,24.0,25000
14,period,7250176,88458,freeway,freeway,6,30.0,25000
14,period,7250176,88458,freeway,freeway,7,35.0,25000
14,period,7250176,88458,freeway,freeway,8,28.0,25000
14,period,7250176,88458,freeway,freeway,9,32.0,25000
14,period,7250176,88458,freeway,freeway,10,26.0,25000
14,period,7275008,88458,freeway,breakout,1,5.0,544
14,period,7275008,88458,freeway,breakout,2,5.0,544
14,period,7275008,88458,freeway,breakout,3,6.0,544
14,period,7275008,88458,freeway,breakout,4,0.0,544
14,period,7275008,88458,freeway,breakout,5,2.0,544
14,period,7275008,88458,freeway,breakout,6,6.0,544
14,period,7275008,88458,freeway,breakout,7,6.0,544
14,period,7275008,88458,freeway,breakout,8,5.0,544
14,period,7275008,88458,freeway,breakout,9,3.0,544
14,period,7275008,88458,freeway,breakout,10,6.0,544
14,period,7275008,88458,freeway,space_invaders,1,12.0,2458
14,period,7275008,88458,freeway,space_invaders,2,17.0,2458
14,period,7275008,88458,freeway,space_invaders,3,11.0,2458
14,period,7275008,88458,freeway,space_invaders,4,72.0,2458
14,period,7275008,88458,freeway,space_invaders,5,23.0,2458
14,period,7275008,88458,freeway,space_invaders,6,47.0,2458
14,period,7275008,88458,freeway,space_invaders,7,47.0,2458
14,period,7275008,88458,freeway,space_invaders,8,22.0,2458
14,period,7275008,88458,freeway,space_invaders,9,7.0,2458
14,period,7275008,88458,freeway,space_invaders,10,11.0,2458
14,period,7275008,88458,freeway,freeway,1,32.0,25000
14,period,7275008,88458,freeway,freeway,2,24.0,25000
14,period,7275008,88458,freeway,freeway,3,26.0,25000
14,period,7275008,88458,freeway,freeway,4,33.0,25000
14,period,7275008,88458,freeway,freeway,5,35.0,25000
14,period,7275008,88458,freeway,freeway,6,33.0,25000
14,period,7275008,88458,freeway,freeway,7,28.0,25000
14,period,7275008,88458,freeway,freeway,8,26.0,25000
14,period,7275008,88458,freeway,freeway,9,26.0,25000
14,period,7275008,88458,freeway,freeway,10,29.0,25000
14,period,7300096,88474,freeway,breakout,1,1.0,464
14,period,7300096,88474,freeway,breakout,2,2.0,464
14,period,7300096,88474,freeway,breakout,3,6.0,464
14,period,7300096,88474,freeway,breakout,4,5.0,464
14,period,7300096,88474,freeway,breakout,5,6.0,464
14,period,7300096,88474,freeway,breakout,6,2.0,464
14,period,7300096,88474,freeway,breakout,7,2.0,464
14,period,7300096,88474,freeway,breakout,8,1.0,464
14,period,7300096,88474,freeway,breakout,9,6.0,464
14,period,7300096,88474,freeway,breakout,10,6.0,464
14,period,7300096,88474,freeway,space_invaders,1,30.0,2351
14,period,7300096,88474,freeway,space_invaders,2,20.0,2351
14,period,7300096,88474,freeway,space_invaders,3,47.0,2351
14,period,7300096,88474,freeway,space_invaders,4,26.0,2351
14,period,7300096,88474,freeway,space_invaders,5,56.0,2351
14,period,7300096,88474,freeway,space_invaders,6,15.0,2351
14,period,7300096,88474,freeway,space_invaders,7,12.0,2351
14,period,7300096,88474,freeway,space_invaders,8,35.0,2351
14,period,7300096,88474,freeway,space_invaders,9,26.0,2351
14,period,7300096,88474,freeway,space_invaders,10,14.0,2351
14,period,7300096,88474,freeway,freeway,1,34.0,25000
14,period,7300096,88474,freeway,freeway,2,25.0,25000
14,period,7300096,88474,freeway,freeway,3,36.0,25000
14,period,7300096,88474,freeway,freeway,4,24.0,25000
14,period,7300096,88474,freeway,freeway,5,30.0,25000
14,period,7300096,88474,freeway,freeway,6,35.0,25000
14,period,7300096,88474,freeway,freeway,7,26.0,25000
14,period,7300096,88474,freeway,freeway,8,30.0,25000
14,period,7300096,88474,freeway,freeway,9,28.0,25000
14,period,7300096,88474,freeway,freeway,10,27.0,25000
14,period,7325184,88490,freeway,breakout,1,6.0,552
14,period,7325184,88490,freeway,breakout,2,6.0,552
14,period,7325184,88490,freeway,breakout,3,3.0,552
14,period,7325184,88490,freeway,breakout,4,6.0,552
14,period,7325184,88490,freeway,breakout,5,3.0,552
14,period,7325184,88490,freeway,breakout,6,5.0,552
14,period,7325184,88490,freeway,breakout,7,6.0,552
14,period,7325184,88490,freeway,breakout,8,6.0,552
14,period,7325184,88490,freeway,breakout,9,1.0,552
14,period,7325184,88490,freeway,breakout,10,3.0,552
14,period,7325184,88490,freeway,space_invaders,1,94.0,2881
14,period,7325184,88490,freeway,space_invaders,2,10.0,2881
14,period,7325184,88490,freeway,space_invaders,3,21.0,2881
14,period,7325184,88490,freeway,space_invaders,4,25.0,2881
14,period,7325184,88490,freeway,space_invaders,5,41.0,2881
14,period,7325184,88490,freeway,space_invaders,6,12.0,2881
14,period,7325184,88490,freeway,space_invaders,7,37.0,2881
14,period,7325184,88490,freeway,space_invaders,8,26.0,2881
14,period,7325184,88490,freeway,space_invaders,9,25.0,2881
14,period,7325184,88490,freeway,space_invaders,10,38.0,2881
14,period,7325184,88490,freeway,freeway,1,23.0,25000
14,period,7325184,88490,freeway,freeway,2,30.0,25000
14,period,7325184,88490,freeway,freeway,3,26.0,25000
14,period,7325184,88490,freeway,freeway,4,26.0,25000
14,period,7325184,88490,freeway,freeway,5,29.0,25000
14,period,7325184,88490,freeway,freeway,6,30.0,25000
14,period,7325184,88490,freeway,freeway,7,8.0,25000
14,period,7325184,88490,freeway,freeway,8,34.0,25000
14,period,7325184,88490,freeway,freeway,9,30.0,25000
14,period,7325184,88490,freeway,freeway,10,32.0,25000
14,period,7350016,88490,freeway,breakout,1,6.0,598
14,period,7350016,88490,freeway,breakout,2,6.0,598
14,period,7350016,88490,freeway,breakout,3,6.0,598
14,period,7350016,88490,freeway,breakout,4,3.0,598
14,period,7350016,88490,freeway,breakout,5,3.0,598
14,period,7350016,88490,freeway,breakout,6,3.0,598
14,period,7350016,88490,freeway,breakout,7,5.0,598
14,period,7350016,88490,freeway,breakout,8,6.0,598
14,period,7350016,88490,freeway,breakout,9,5.0,598
14,period,7350016,88490,freeway,breakout,10,6.0,598
14,period,7350016,88490,freeway,space_invaders,1,23.0,3316
14,period,7350016,88490,freeway,space_invaders,2,43.0,3316
14,period,7350016,88490,freeway,space_invaders,3,15.0,3316
14,period,7350016,88490,freeway,space_invaders,4,46.0,3316
14,period,7350016,88490,freeway,space_invaders,5,44.0,3316
14,period,7350016,88490,freeway,space_invaders,6,15.0,3316
14,period,7350016,88490,freeway,space_invaders,7,94.0,3316
14,period,7350016,88490,freeway,space_invaders,8,23.0,3316
14,period,7350016,88490,freeway,space_invaders,9,25.0,3316
14,period,7350016,88490,freeway,space_invaders,10,24.0,3316
14,period,7350016,88490,freeway,freeway,1,23.0,25000
14,period,7350016,88490,freeway,freeway,2,34.0,25000
14,period,7350016,88490,freeway,freeway,3,22.0,25000
14,period,7350016,88490,freeway,freeway,4,24.0,25000
14,period,7350016,88490,freeway,freeway,5,29.0,25000
14,period,7350016,88490,freeway,freeway,6,26.0,25000
14,period,7350016,88490,freeway,freeway,7,23.0,25000
14,period,7350016,88490,freeway,freeway,8,30.0,25000
14,period,7350016,88490,freeway,freeway,9,19.0,25000
14,period,7350016,88490,freeway,freeway,10,27.0,25000
14,period,7375104,88506,freeway,breakout,1,5.0,452
14,period,7375104,88506,freeway,breakout,2,3.0,452
14,period,7375104,88506,freeway,breakout,3,6.0,452
14,period,7375104,88506,freeway,breakout,4,3.0,452
14,period,7375104,88506,freeway,breakout,5,1.0,452
14,period,7375104,88506,freeway,breakout,6,6.0,452
14,period,7375104,88506,freeway,breakout,7,3.0,452
14,period,7375104,88506,freeway,breakout,8,1.0,452
14,period,7375104,88506,freeway,breakout,9,5.0,452
14,period,7375104,88506,freeway,breakout,10,3.0,452
14,period,7375104,88506,freeway,space_invaders,1,47.0,2459
14,period,7375104,88506,freeway,space_invaders,2,11.0,2459
14,period,7375104,88506,freeway,space_invaders,3,22.0,2459
14,period,7375104,88506,freeway,space_invaders,4,28.0,2459
14,period,7375104,88506,freeway,space_invaders,5,47.0,2459
14,period,7375104,88506,freeway,space_invaders,6,25.0,2459
14,period,7375104,88506,freeway,space_invaders,7,21.0,2459
14,period,7375104,88506,freeway,space_invaders,8,23.0,2459
14,period,7375104,88506,freeway,space_invaders,9,25.0,2459
14,period,7375104,88506,freeway,space_invaders,10,23.0,2459
14,period,7375104,88506,freeway,freeway,1,19.0,25000
14,period,7375104,88506,freeway,freeway,2,28.0,25000
14,period,7375104,88506,freeway,freeway,3,33.0,25000
14,period,7375104,88506,freeway,freeway,4,28.0,25000
14,period,7375104,88506,freeway,freeway,5,35.0,25000
14,period,7375104,88506,freeway,freeway,6,23.0,25000
14,period,7375104,88506,freeway,freeway,7,28.0,25000
14,period,7375104,88506,freeway,freeway,8,31.0,25000
14,period,7375104,88506,freeway,freeway,9,36.0,25000
14,period,7375104,88506,freeway,freeway,10,22.0,25000
14,period,7400192,88522,freeway,breakout,1,1.0,498
14,period,7400192,88522,freeway,breakout,2,1.0,498
14,period,7400192,88522,freeway,breakout,3,6.0,498
14,period,7400192,88522,freeway,breakout,4,5.0,498
14,period,7400192,88522,freeway,breakout,5,6.0,498
14,period,7400192,88522,freeway,breakout,6,6.0,498
14,period,7400192,88522,freeway,breakout,7,0.0,498
14,period,7400192,88522,freeway,breakout,8,6.0,498
14,period,7400192,88522,freeway,breakout,9,6.0,498
14,period,7400192,88522,freeway,breakout,10,3.0,498
14,period,7400192,88522,freeway,space_invaders,1,23.0,2669
14,period,7400192,88522,freeway,space_invaders,2,32.0,2669
14,period,7400192,88522,freeway,space_invaders,3,12.0,2669
14,period,7400192,88522,freeway,space_invaders,4,57.0,2669
14,period,7400192,88522,freeway,space_invaders,5,15.0,2669
14,period,7400192,88522,freeway,space_invaders,6,49.0,2669
14,period,7400192,88522,freeway,space_invaders,7,47.0,2669
14,period,7400192,88522,freeway,space_invaders,8,14.0,2669
14,period,7400192,88522,freeway,space_invaders,9,23.0,2669
14,period,7400192,88522,freeway,space_invaders,10,31.0,2669
14,period,7400192,88522,freeway,freeway,1,37.0,25000
14,period,7400192,88522,freeway,freeway,2,26.0,25000
14,period,7400192,88522,freeway,freeway,3,26.0,25000
14,period,7400192,88522,freeway,freeway,4,29.0,25000
14,period,7400192,88522,freeway,freeway,5,11.0,25000
14,period,7400192,88522,freeway,freeway,6,23.0,25000
14,period,7400192,88522,freeway,freeway,7,24.0,25000
14,period,7400192,88522,freeway,freeway,8,27.0,25000
14,period,7400192,88522,freeway,freeway,9,35.0,25000
14,period,7400192,88522,freeway,freeway,10,31.0,25000
14,period,7425024,88522,freeway,breakout,1,6.0,462
14,period,7425024,88522,freeway,breakout,2,2.0,462
14,period,7425024,88522,freeway,breakout,3,5.0,462
14,period,7425024,88522,freeway,breakout,4,3.0,462
14,period,7425024,88522,freeway,breakout,5,6.0,462
14,period,7425024,88522,freeway,breakout,6,6.0,462
14,period,7425024,88522,freeway,breakout,7,2.0,462
14,period,7425024,88522,freeway,breakout,8,1.0,462
14,period,7425024,88522,freeway,breakout,9,3.0,462
14,period,7425024,88522,freeway,breakout,10,3.0,462
14,period,7425024,88522,freeway,space_invaders,1,16.0,1084
14,period,7425024,88522,freeway,space_invaders,2,15.0,1084
14,period,7425024,88522,freeway,space_invaders,3,10.0,1084
14,period,7425024,88522,freeway,space_invaders,4,27.0,1084
14,period,7425024,88522,freeway,space_invaders,5,16.0,1084
14,period,7425024,88522,freeway,space_invaders,6,19.0,1084
14,period,7425024,88522,freeway,space_invaders,7,15.0,1084
14,period,7425024,88522,freeway,space_invaders,8,16.0,1084
14,period,7425024,88522,freeway,space_invaders,9,23.0,1084
14,period,7425024,88522,freeway,space_invaders,10,10.0,1084
14,period,7425024,88522,freeway,freeway,1,30.0,25000
14,period,7425024,88522,freeway,freeway,2,25.0,25000
14,period,7425024,88522,freeway,freeway,3,32.0,25000
14,period,7425024,88522,freeway,freeway,4,23.0,25000
14,period,7425024,88522,freeway,freeway,5,24.0,25000
14,period,7425024,88522,freeway,freeway,6,25.0,25000
14,period,7425024,88522,freeway,freeway,7,31.0,25000
14,period,7425024,88522,freeway,freeway,8,30.0,25000
14,period,7425024,88522,freeway,freeway,9,27.0,25000
14,period,7425024,88522,freeway,freeway,10,24.0,25000
14,period,7450112,88538,freeway,breakout,1,3.0,496
14,period,7450112,88538,freeway,breakout,2,3.0,496
14,period,7450112,88538,freeway,breakout,3,3.0,496
14,period,7450112,88538,freeway,breakout,4,5.0,496
14,period,7450112,88538,freeway,breakout,5,6.0,496
14,period,7450112,88538,freeway,breakout,6,6.0,496
14,period,7450112,88538,freeway,breakout,7,3.0,496
14,period,7450112,88538,freeway,breakout,8,3.0,496
14,period,7450112,88538,freeway,breakout,9,3.0,496
14,period,7450112,88538,freeway,breakout,10,5.0,496
14,period,7450112,88538,freeway,space_invaders,1,16.0,3045
14,period,7450112,88538,freeway,space_invaders,2,47.0,3045
14,period,7450112,88538,freeway,space_invaders,3,25.0,3045
14,period,7450112,88538,freeway,space_invaders,4,23.0,3045
14,period,7450112,88538,freeway,space_invaders,5,68.0,3045
14,period,7450112,88538,freeway,space_invaders,6,26.0,3045
14,period,7450112,88538,freeway,space_invaders,7,29.0,3045
14,period,7450112,88538,freeway,space_invaders,8,73.0,3045
14,period,7450112,88538,freeway,space_invaders,9,17.0,3045
14,period,7450112,88538,freeway,space_invaders,10,21.0,3045
14,period,7450112,88538,freeway,freeway,1,28.0,25000
14,period,7450112,88538,freeway,freeway,2,28.0,25000
14,period,7450112,88538,freeway,freeway,3,26.0,25000
14,period,7450112,88538,freeway,freeway,4,34.0,25000
14,period,7450112,88538,freeway,freeway,5,24.0,25000
14,period,7450112,88538,freeway,freeway,6,30.0,25000
14,period,7450112,88538,freeway,freeway,7,29.0,25000
14,period,7450112,88538,freeway,freeway,8,30.0,25000
14,period,7450112,88538,freeway,freeway,9,25.0,25000
14,period,7450112,88538,freeway,freeway,10,25.0,25000
14,period,7475200,88538,freeway,breakout,1,6.0,552
14,period,7475200,88538,freeway,breakout,2,3.0,552
14,period,7475200,88538,freeway,breakout,3,6.0,552
14,period,7475200,88538,freeway,breakout,4,6.0,552
14,period,7475200,88538,freeway,breakout,5,3.0,552
14,period,7475200,88538,freeway,breakout,6,5.0,552
14,period,7475200,88538,freeway,breakout,7,5.0,552
14,period,7475200,88538,freeway,breakout,8,2.0,552
14,period,7475200,88538,freeway,breakout,9,6.0,552
14,period,7475200,88538,freeway,breakout,10,3.0,552
14,period,7475200,88538,freeway,space_invaders,1,14.0,2102
14,period,7475200,88538,freeway,space_invaders,2,15.0,2102
14,period,7475200,88538,freeway,space_invaders,3,22.0,2102
14,period,7475200,88538,freeway,space_invaders,4,47.0,2102
14,period,7475200,88538,freeway,space_invaders,5,23.0,2102
14,period,7475200,88538,freeway,space_invaders,6,40.0,2102
14,period,7475200,88538,freeway,space_invaders,7,28.0,2102
14,period,7475200,88538,freeway,space_invaders,8,28.0,2102
14,period,7475200,88538,freeway,space_invaders,9,12.0,2102
14,period,7475200,88538,freeway,space_invaders,10,22.0,2102
14,period,7475200,88538,freeway,freeway,1,24.0,25000
14,period,7475200,88538,freeway,freeway,2,29.0,25000
14,period,7475200,88538,freeway,freeway,3,22.0,25000
14,period,7475200,88538,freeway,freeway,4,28.0,25000
14,period,7475200,88538,freeway,freeway,5,28.0,25000
14,period,7475200,88538,freeway,freeway,6,23.0,25000
14,period,7475200,88538,freeway,freeway,7,24.0,25000
14,period,7475200,88538,freeway,freeway,8,29.0,25000
14,period,7475200,88538,freeway,freeway,9,16.0,25000
14,period,7475200,88538,freeway,freeway,10,32.0,25000
