episode,block,task,start_env_steps,env_steps,return
1,0,space_invaders,0,260,1.0
2,0,space_invaders,0,266,0.0
3,0,space_invaders,0,429,2.0
4,0,space_invaders,0,431,1.0
5,0,space_invaders,0,432,0.0
6,0,space_invaders,260,532,1.0
7,0,space_invaders,0,581,3.0
8,0,space_invaders,0,583,2.0
9,0,space_invaders,0,584,3.0
10,0,space_invaders,0,587,3.0
11,0,space_invaders,0,590,1.0
12,0,space_invaders,266,714,1.0
13,0,space_invaders,0,721,3.0
14,0,space_invaders,0,739,6.0
15,0,space_invaders,0,758,3.0
16,0,space_invaders,581,853,1.0
17,0,space_invaders,584,856,2.0
18,0,space_invaders,587,859,2.0
19,0,space_invaders,432,864,1.0
20,0,space_invaders,739,1011,0.0
21,0,space_invaders,583,1015,3.0
22,0,space_invaders,431,1023,3.0
23,0,space_invaders,0,1042,2.0
24,0,space_invaders,864,1136,0.0
25,0,space_invaders,532,1140,3.0
26,0,space_invaders,0,1257,9.0
27,0,space_invaders,1011,1283,2.0
28,0,space_invaders,1015,1287,1.0
29,0,space_invaders,856,1288,1.0
30,0,space_invaders,714,1306,2.0
31,0,space_invaders,1042,1314,2.0
32,0,space_invaders,1287,1559,1.0
33,0,space_invaders,1023,1615,3.0
34,0,space_invaders,429,1677,5.0
35,0,space_invaders,1257,1689,1.0
36,0,space_invaders,1314,1746,1.0
37,0,space_invaders,0,1852,5.0
38,0,space_invaders,853,1925,2.0
39,0,space_invaders,1689,1961,1.0
40,0,space_invaders,1615,2047,2.0
41,0,space_invaders,1136,2048,3.0
42,0,space_invaders,590,2142,7.0
43,0,space_invaders,1283,2211,5.0
44,0,space_invaders,1677,2269,2.0
45,0,space_invaders,758,2294,4.0
46,0,space_invaders,2047,2495,2.0
47,0,space_invaders,2048,2496,2.0
48,0,space_invaders,1925,2517,3.0
49,0,space_invaders,1306,2522,3.0
50,0,space_invaders,859,2571,9.0
51,0,space_invaders,2294,2582,1.0
52,0,space_invaders,2495,2767,1.0
53,0,space_invaders,2522,2794,2.0
54,0,space_invaders,2582,2870,1.0
55,0,space_invaders,2496,2928,3.0
56,0,space_invaders,2211,2947,3.0
57,0,space_invaders,1288,2968,6.0
58,0,space_invaders,2571,3003,2.0
59,0,space_invaders,2142,3038,2.0
60,0,space_invaders,2767,3039,0.0
61,0,space_invaders,721,3041,6.0
62,0,space_invaders,2794,3066,2.0
63,0,space_invaders,1852,3068,2.0
64,0,space_invaders,2870,3142,1.0
65,0,space_invaders,2269,3181,4.0
66,0,space_invaders,2947,3235,1.0
67,0,space_invaders,1559,3239,4.0
68,0,space_invaders,1746,3330,8.0
69,0,space_invaders,3003,3435,3.0
70,0,space_invaders,3039,3471,3.0
71,0,space_invaders,3235,3507,2.0
72,0,space_invaders,2928,3520,3.0
73,0,space_invaders,2517,3573,6.0
74,0,space_invaders,3142,3734,3.0
75,0,space_invaders,1140,3764,4.0
76,0,space_invaders,3038,3790,2.0
77,0,space_invaders,3520,3792,1.0
78,0,space_invaders,3507,3795,2.0
79,0,space_invaders,3239,3831,2.0
80,0,space_invaders,2968,3864,6.0
81,0,space_invaders,3573,4005,1.0
82,0,space_invaders,3764,4036,1.0
83,0,space_invaders,3330,4082,3.0
84,0,space_invaders,3831,4103,0.0
85,0,space_invaders,3068,4140,7.0
86,0,space_invaders,3864,4152,3.0
87,0,space_invaders,3734,4182,1.0
88,0,space_invaders,3792,4224,2.0
89,0,space_invaders,3790,4238,3.0
90,0,space_invaders,3041,4257,4.0
91,0,space_invaders,4036,4468,2.0
92,0,space_invaders,4140,4572,2.0
93,0,space_invaders,4005,4613,4.0
94,0,space_invaders,1961,4617,6.0
95,0,space_invaders,4238,4686,3.0
96,0,space_invaders,4257,4689,3.0
97,0,space_invaders,4468,4756,2.0
98,0,space_invaders,4082,4818,1.0
99,0,space_invaders,3435,4827,4.0
100,0,space_invaders,3471,4863,4.0
101,0,space_invaders,4182,4934,5.0
102,0,space_invaders,4756,5028,1.0
103,0,space_invaders,3795,5203,3.0
104,0,space_invaders,4617,5209,2.0
105,0,space_invaders,4613,5221,1.0
106,0,space_invaders,4152,5240,8.0
107,0,space_invaders,4224,5280,2.0
108,0,space_invaders,4863,5295,3.0
109,0,space_invaders,4103,5319,5.0
110,0,space_invaders,4818,5410,3.0
111,0,space_invaders,4686,5422,4.0
112,0,space_invaders,4689,5425,5.0
113,0,space_invaders,4827,5435,4.0
114,0,space_invaders,5028,5460,0.0
115,0,space_invaders,5209,5497,2.0
116,0,space_invaders,3181,5517,10.0
117,0,space_invaders,5319,5607,1.0
118,0,space_invaders,5203,5635,3.0
119,0,space_invaders,4572,5676,8.0
120,0,space_invaders,5295,5743,2.0
121,0,space_invaders,5497,5769,0.0
122,0,space_invaders,5460,5908,3.0
123,0,space_invaders,5635,5923,2.0
124,0,space_invaders,5221,5957,5.0
125,0,space_invaders,5422,6014,5.0
126,0,space_invaders,5425,6017,4.0
127,0,space_invaders,4934,6038,7.0
128,0,space_invaders,5410,6146,5.0
129,0,space_invaders,5280,6208,7.0
130,0,space_invaders,5957,6229,0.0
131,0,space_invaders,5240,6296,4.0
132,0,space_invaders,5435,6347,2.0
133,0,space_invaders,6229,6501,1.0
134,0,space_invaders,5923,6531,3.0
135,0,space_invaders,6146,6578,4.0
136,0,space_invaders,6347,6619,1.0
137,0,space_invaders,3066,6634,6.0
138,0,space_invaders,6017,6641,3.0
139,0,space_invaders,5769,6825,7.0
140,0,space_invaders,6619,6907,2.0
141,0,space_invaders,5676,6908,7.0
142,0,space_invaders,5908,7124,3.0
143,0,space_invaders,6531,7139,4.0
144,0,space_invaders,6578,7170,3.0
145,0,space_invaders,6908,7180,2.0
146,0,space_invaders,6296,7208,2.0
147,0,space_invaders,6501,7237,3.0
148,0,space_invaders,5517,7245,8.0
149,0,space_invaders,5743,7295,4.0
150,0,space_invaders,6634,7402,6.0
151,0,space_invaders,7245,7517,2.0
152,0,space_invaders,7139,7571,3.0
153,0,space_invaders,6038,7622,5.0
154,0,space_invaders,7180,7628,3.0
155,0,space_invaders,7208,7640,2.0
156,0,space_invaders,6907,7675,5.0
157,0,space_invaders,6014,7694,5.0
158,0,space_invaders,7295,7727,4.0
159,0,space_invaders,7517,7789,1.0
160,0,space_invaders,7170,7906,6.0
161,0,space_invaders,7694,7966,1.0
162,0,space_invaders,7402,8010,6.0
163,0,space_invaders,7622,8054,0.0
164,0,space_invaders,7789,8061,1.0
165,0,space_invaders,7906,8178,1.0
166,0,space_invaders,6825,8201,4.0
167,0,space_invaders,7640,8232,3.0
168,0,space_invaders,7966,8238,1.0
169,0,space_invaders,5607,8279,7.0
170,0,space_invaders,7675,8283,2.0
171,0,space_invaders,7571,8307,5.0
172,0,space_invaders,7237,8453,11.0
173,0,space_invaders,8061,8493,2.0
174,0,space_invaders,7124,8532,8.0
175,0,space_invaders,8010,8618,5.0
176,0,space_invaders,7727,8655,7.0
177,0,space_invaders,7628,8684,5.0
178,0,space_invaders,8493,8765,3.0
179,0,space_invaders,8283,8875,3.0
180,0,space_invaders,8684,8956,2.0
181,0,space_invaders,8532,8964,3.0
182,0,space_invaders,8232,8984,3.0
183,0,space_invaders,6208,9040,9.0
184,0,space_invaders,8307,9059,4.0
185,0,space_invaders,8178,9090,5.0
186,0,space_invaders,6641,9137,10.0
187,0,space_invaders,8655,9263,6.0
188,0,space_invaders,8875,9307,3.0
189,0,space_invaders,8238,9486,8.0
190,0,space_invaders,9040,9488,3.0
191,0,space_invaders,8956,9548,5.0
192,0,space_invaders,9137,9569,2.0
193,0,space_invaders,9307,9579,2.0
194,0,space_invaders,8279,9671,4.0
195,0,space_invaders,8765,9677,3.0
196,0,space_invaders,8453,9685,5.0
197,0,space_invaders,9263,9711,1.0
198,0,space_invaders,9090,9714,6.0
199,0,space_invaders,9486,9758,2.0
200,0,space_invaders,8984,9768,5.0
201,0,space_invaders,8618,9834,2.0
202,0,space_invaders,8964,9860,6.0
203,0,space_invaders,9671,9943,1.0
204,0,space_invaders,9711,9983,2.0
205,0,space_invaders,9579,10011,4.0
206,0,space_invaders,9758,10046,2.0
207,0,space_invaders,9943,10215,2.0
208,0,space_invaders,9834,10282,3.0
209,0,space_invaders,10011,10283,1.0
210,0,space_invaders,9860,10292,3.0
211,0,space_invaders,8054,10390,12.0
212,0,space_invaders,9488,10416,5.0
213,0,space_invaders,9685,10421,4.0
214,0,space_invaders,9569,10481,8.0
215,0,space_invaders,10215,10487,1.0
216,0,space_invaders,9768,10520,5.0
217,0,space_invaders,10390,10662,2.0
218,0,space_invaders,8201,10697,8.0
219,0,space_invaders,10481,10753,1.0
220,0,space_invaders,10487,10759,1.0
221,0,space_invaders,9677,10909,4.0
222,0,space_invaders,10292,10916,4.0
223,0,space_invaders,10421,11013,5.0
224,0,space_invaders,10416,11040,5.0
225,0,space_invaders,10662,11110,3.0
226,0,space_invaders,9714,11122,4.0
227,0,space_invaders,10753,11185,1.0
228,0,space_invaders,10282,11194,7.0
229,0,space_invaders,9548,11228,10.0
230,0,space_invaders,10697,11289,5.0
231,0,space_invaders,10909,11341,2.0
232,0,space_invaders,11122,11394,2.0
233,0,space_invaders,10520,11432,6.0
234,0,space_invaders,10046,11454,4.0
235,0,space_invaders,11040,11472,3.0
236,0,space_invaders,10759,11511,6.0
237,0,space_invaders,11194,11626,2.0
238,0,space_invaders,10916,11652,5.0
239,0,space_invaders,11013,11765,4.0
240,0,space_invaders,11341,11773,3.0
241,0,space_invaders,11228,11836,5.0
242,0,space_invaders,11432,11896,4.0
243,0,space_invaders,11289,11897,5.0
244,0,space_invaders,11472,11904,3.0
245,0,space_invaders,11185,11921,5.0
246,0,space_invaders,11110,12006,7.0
247,0,space_invaders,11765,12037,2.0
248,0,space_invaders,11454,12046,4.0
249,0,space_invaders,11773,12061,2.0
250,0,space_invaders,11511,12103,6.0
251,0,space_invaders,9983,12159,4.0
252,0,space_invaders,11896,12168,2.0
253,0,space_invaders,11904,12176,2.0
254,0,space_invaders,11897,12185,3.0
255,0,space_invaders,12061,12333,2.0
256,0,space_invaders,11652,12404,7.0
257,0,space_invaders,11836,12428,4.0
258,0,space_invaders,12159,12431,2.0
259,0,space_invaders,12176,12448,3.0
260,0,space_invaders,11394,12450,2.0
261,0,space_invaders,12006,12614,5.0
262,0,space_invaders,12185,12617,4.0
263,0,space_invaders,12037,12645,6.0
264,0,space_invaders,12404,12676,3.0
265,0,space_invaders,12168,12760,4.0
266,0,space_invaders,12431,12863,3.0
267,0,space_invaders,11626,12874,5.0
268,0,space_invaders,12448,12896,3.0
269,0,space_invaders,12614,12902,2.0
270,0,space_invaders,12676,12964,2.0
271,0,space_invaders,9059,12979,16.0
272,0,space_invaders,12103,12999,7.0
273,0,space_invaders,11921,13009,6.0
274,0,space_invaders,12428,13036,5.0
275,0,space_invaders,10283,13099,18.0
276,0,space_invaders,12902,13174,2.0
277,0,space_invaders,12645,13269,6.0
278,0,space_invaders,13009,13281,2.0
279,0,space_invaders,12874,13338,4.0
280,0,space_invaders,12896,13344,4.0
281,0,space_invaders,13099,13371,3.0
282,0,space_invaders,12863,13487,4.0
283,0,space_invaders,12760,13496,7.0
284,0,space_invaders,12450,13506,10.0
285,0,space_invaders,12964,13556,5.0
286,0,space_invaders,12979,13587,4.0
287,0,space_invaders,12046,13598,8.0
288,0,space_invaders,13338,13610,1.0
289,0,space_invaders,12617,13689,7.0
290,0,space_invaders,13281,13729,3.0
291,0,space_invaders,13344,13776,4.0
292,0,space_invaders,13506,13778,2.0
293,0,space_invaders,13371,13803,3.0
294,0,space_invaders,13556,13828,2.0
295,0,space_invaders,13587,13859,3.0
296,0,space_invaders,13269,13877,6.0
297,0,space_invaders,13610,13898,3.0
298,0,space_invaders,12999,13927,6.0
299,0,space_invaders,13496,13944,4.0
300,0,space_invaders,13598,14062,5.0
301,0,space_invaders,13776,14208,4.0
302,0,space_invaders,13778,14242,3.0
303,0,space_invaders,13828,14260,2.0
304,0,space_invaders,13859,14291,3.0
305,0,space_invaders,13877,14309,4.0
306,0,space_invaders,13898,14330,4.0
307,0,space_invaders,13729,14337,4.0
308,0,space_invaders,13803,14539,7.0
309,0,space_invaders,14309,14581,2.0
310,0,space_invaders,14330,14618,3.0
311,0,space_invaders,13927,14663,5.0
312,0,space_invaders,14062,14686,5.0
313,0,space_invaders,13944,14712,7.0
314,0,space_invaders,14539,14811,1.0
315,0,space_invaders,14242,14834,4.0
316,0,space_invaders,13487,14863,4.0
317,0,space_invaders,13689,14905,6.0
318,0,space_invaders,14291,14915,6.0
319,0,space_invaders,14663,14935,3.0
320,0,space_invaders,14686,14958,2.0
321,0,space_invaders,14618,15066,4.0
322,0,space_invaders,14208,15104,8.0
323,0,space_invaders,14337,15105,7.0
324,0,space_invaders,14863,15295,2.0
325,0,space_invaders,14260,15332,5.0
326,0,space_invaders,14581,15349,4.0
327,0,space_invaders,14915,15363,5.0
328,0,space_invaders,14834,15426,5.0
329,0,space_invaders,14712,15464,5.0
330,0,space_invaders,15105,15537,3.0
331,0,space_invaders,14935,15543,4.0
332,0,space_invaders,15295,15567,2.0
333,0,space_invaders,15332,15604,2.0
334,0,space_invaders,14905,15641,7.0
335,0,space_invaders,15363,15651,2.0
336,0,space_invaders,15066,15674,4.0
337,0,space_invaders,13036,15692,20.0
338,0,space_invaders,14811,15707,8.0
339,0,space_invaders,12333,15757,17.0
340,0,space_invaders,15349,15797,4.0
341,0,space_invaders,15604,15876,3.0
342,0,space_invaders,15692,15964,3.0
343,0,space_invaders,15707,15979,3.0
344,0,space_invaders,15567,16015,3.0
345,0,space_invaders,15426,16034,5.0
346,0,space_invaders,15104,16160,11.0
347,0,space_invaders,15464,16200,7.0
348,0,space_invaders,15757,16205,3.0
349,0,space_invaders,15979,16251,2.0
350,0,space_invaders,15964,16252,3.0
351,0,space_invaders,15674,16266,5.0
352,0,space_invaders,13174,16294,8.0
353,0,space_invaders,15543,16295,6.0
354,0,space_invaders,15876,16308,3.0
355,0,space_invaders,15537,16321,7.0
356,0,space_invaders,16034,16322,2.0
357,0,space_invaders,15641,16377,7.0
358,0,space_invaders,15797,16389,6.0
359,0,space_invaders,15651,16403,7.0
360,0,space_invaders,16015,16447,2.0
361,0,space_invaders,16251,16523,1.0
362,0,space_invaders,14958,16526,13.0
363,0,space_invaders,16266,16538,3.0
364,0,space_invaders,16308,16580,2.0
365,0,space_invaders,16321,16593,2.0
366,0,space_invaders,16322,16594,2.0
367,0,space_invaders,16200,16792,5.0
368,0,space_invaders,16526,16798,2.0
369,0,space_invaders,16295,16887,6.0
370,0,space_invaders,16160,16912,6.0
371,0,space_invaders,16294,16918,6.0
372,0,space_invaders,16389,16981,6.0
373,0,space_invaders,16593,17025,4.0
374,0,space_invaders,16447,17055,5.0
375,0,space_invaders,16798,17070,2.0
376,0,space_invaders,16580,17172,5.0
377,0,space_invaders,16918,17190,2.0
378,0,space_invaders,16792,17224,4.0
379,0,space_invaders,16981,17253,3.0
380,0,space_invaders,16403,17299,3.0
381,0,space_invaders,16252,17324,9.0
382,0,space_invaders,17055,17327,2.0
383,0,space_invaders,16594,17330,7.0
384,0,space_invaders,16912,17360,4.0
385,0,space_invaders,16523,17419,7.0
386,0,space_invaders,16538,17434,7.0
387,0,space_invaders,17327,17599,2.0
388,0,space_invaders,17025,17617,4.0
389,0,space_invaders,16205,17629,5.0
390,0,space_invaders,17419,17691,2.0
391,0,space_invaders,17360,17792,3.0
392,0,space_invaders,17172,17796,5.0
393,0,space_invaders,17224,17816,3.0
394,0,space_invaders,17253,17845,6.0
395,0,space_invaders,17629,17901,3.0
396,0,space_invaders,17190,17926,6.0
397,0,space_invaders,16887,17943,6.0
398,0,space_invaders,17330,17954,6.0
399,0,space_invaders,17070,17998,9.0
400,0,space_invaders,17434,18026,6.0
401,0,space_invaders,17324,18092,8.0
402,0,space_invaders,17845,18117,2.0
403,0,space_invaders,17599,18191,5.0
404,0,space_invaders,17617,18241,6.0
405,0,space_invaders,16377,18249,9.0
406,0,space_invaders,17998,18270,2.0
407,0,space_invaders,18026,18314,3.0
408,0,space_invaders,17901,18333,4.0
409,0,space_invaders,17691,18443,5.0
410,0,space_invaders,17926,18518,3.0
411,0,space_invaders,17816,18568,7.0
412,0,space_invaders,17943,18695,6.0
413,0,space_invaders,18443,18715,2.0
414,0,space_invaders,18249,18841,5.0
415,0,space_invaders,18241,18865,6.0
416,0,space_invaders,18191,18927,7.0
417,0,space_invaders,18518,18966,2.0
418,0,space_invaders,18092,19004,8.0
419,0,space_invaders,18841,19113,2.0
420,0,space_invaders,18117,19173,7.0
421,0,space_invaders,18715,19307,5.0
422,0,space_invaders,17796,19364,9.0
423,0,space_invaders,18966,19398,4.0
424,0,space_invaders,18865,19457,6.0
425,0,space_invaders,19364,19636,2.0
426,0,space_invaders,19113,19881,8.0
427,0,space_invaders,19004,19900,7.0
428,0,space_invaders,19173,19925,5.0
429,0,space_invaders,19307,19931,6.0
430,0,space_invaders,17954,19970,16.0
431,0,space_invaders,19636,20068,4.0
432,0,space_invaders,19881,20169,3.0
433,0,space_invaders,17299,20291,16.0
434,0,space_invaders,19900,20332,5.0
435,0,space_invaders,19457,20353,9.0
436,0,space_invaders,19398,20454,8.0
437,0,space_invaders,19925,20517,7.0
438,0,space_invaders,17792,20608,13.0
439,0,space_invaders,20068,20676,5.0
440,0,space_invaders,19931,20683,7.0
441,0,space_invaders,20291,20723,4.0
442,0,space_invaders,20454,20726,3.0
443,0,space_invaders,20169,20921,7.0
444,0,space_invaders,18270,20926,12.0
445,0,space_invaders,18314,20970,12.0
446,0,space_invaders,20723,20995,2.0
447,0,space_invaders,20608,21040,4.0
448,0,space_invaders,20332,21100,7.0
449,0,space_invaders,20353,21105,8.0
450,0,space_invaders,20676,21108,3.0
451,0,space_invaders,20921,21193,2.0
452,0,space_invaders,20995,21267,2.0
453,0,space_invaders,20517,21269,6.0
454,0,space_invaders,20726,21318,5.0
455,0,space_invaders,18568,21384,10.0
456,0,space_invaders,20683,21467,8.0
457,0,space_invaders,21040,21632,6.0
458,0,space_invaders,21384,21672,2.0
459,0,space_invaders,21105,21697,5.0
460,0,space_invaders,21193,21785,4.0
461,0,space_invaders,20926,21854,9.0
462,0,space_invaders,21100,21868,8.0
463,0,space_invaders,21267,21875,6.0
464,0,space_invaders,20970,21898,9.0
465,0,space_invaders,21318,21910,4.0
466,0,space_invaders,21269,22005,8.0
467,0,space_invaders,21785,22057,3.0
468,0,space_invaders,21467,22075,6.0
469,0,space_invaders,21672,22104,4.0
470,0,space_invaders,21868,22140,3.0
471,0,space_invaders,21632,22240,6.0
472,0,space_invaders,22005,22277,3.0
473,0,space_invaders,21697,22305,6.0
474,0,space_invaders,21875,22323,3.0
475,0,space_invaders,22104,22392,3.0
476,0,space_invaders,21854,22462,5.0
477,0,space_invaders,19970,22482,9.0
478,0,space_invaders,21898,22490,4.0
479,0,space_invaders,22240,22512,2.0
480,0,space_invaders,21108,22532,11.0
481,0,space_invaders,18695,22631,19.0
482,0,space_invaders,21910,22662,8.0
483,0,space_invaders,22075,22667,6.0
484,0,space_invaders,22277,22709,4.0
485,0,space_invaders,22482,22754,2.0
486,0,space_invaders,22140,22764,6.0
487,0,space_invaders,22057,22793,7.0
488,0,space_invaders,22662,22934,2.0
489,0,space_invaders,22323,22947,7.0
490,0,space_invaders,22392,23016,6.0
491,0,space_invaders,22490,23098,6.0
492,0,space_invaders,22512,23120,6.0
493,0,space_invaders,22532,23140,6.0
494,0,space_invaders,18333,23197,16.0
495,0,space_invaders,22305,23201,7.0
496,0,space_invaders,22631,23223,5.0
497,0,space_invaders,22947,23235,3.0
498,0,space_invaders,22462,23246,8.0
499,0,space_invaders,22709,23333,6.0
500,0,space_invaders,22934,23366,5.0
501,0,space_invaders,23098,23386,2.0
502,0,space_invaders,22764,23388,5.0
503,0,space_invaders,22793,23417,6.0
504,0,space_invaders,23235,23507,3.0
505,0,space_invaders,23120,23552,4.0
506,0,space_invaders,23016,23640,4.0
507,0,space_invaders,22754,23650,8.0
508,0,space_invaders,23201,23809,4.0
509,0,space_invaders,23386,23818,4.0
510,0,space_invaders,23223,23831,5.0
511,0,space_invaders,18927,23855,22.0
512,0,space_invaders,23246,23870,6.0
513,0,space_invaders,23333,23925,5.0
514,0,space_invaders,23388,23980,6.0
515,0,space_invaders,23366,23990,6.0
516,0,space_invaders,23417,24057,6.0
517,0,space_invaders,23507,24099,6.0
518,0,space_invaders,23640,24232,5.0
519,0,space_invaders,23650,24258,6.0
520,0,space_invaders,23809,24417,6.0
521,0,space_invaders,23831,24423,6.0
522,0,space_invaders,23818,24442,5.0
523,0,space_invaders,23855,24447,6.0
524,0,space_invaders,24057,24489,4.0
525,0,space_invaders,23870,24494,6.0
526,0,space_invaders,24099,24547,4.0
527,0,space_invaders,23980,24572,5.0
528,0,space_invaders,23990,24598,5.0
529,0,space_invaders,23197,24765,10.0
530,0,space_invaders,24494,24766,3.0
531,0,space_invaders,23552,24816,9.0
532,0,space_invaders,24258,24882,5.0
533,0,space_invaders,24547,24995,5.0
534,0,space_invaders,24417,25025,5.0
535,0,space_invaders,24442,25034,6.0
536,0,space_invaders,24572,25036,4.0
537,0,space_invaders,24447,25071,6.0
538,0,space_invaders,24423,25175,8.0
539,0,space_invaders,24598,25190,5.0
540,0,space_invaders,24489,25241,5.0
541,0,space_invaders,24765,25357,6.0
542,0,space_invaders,24766,25374,5.0
543,0,space_invaders,24995,25427,4.0
544,0,space_invaders,24816,25440,5.0
545,0,space_invaders,24882,25490,6.0
546,0,space_invaders,22667,25499,16.0
547,0,space_invaders,25034,25642,5.0
548,0,space_invaders,25025,25665,7.0
549,0,space_invaders,25071,25711,5.0
550,0,space_invaders,23140,25796,11.0
551,0,space_invaders,25190,25798,5.0
552,0,space_invaders,25175,25927,6.0
553,0,space_invaders,24232,25928,11.0
554,0,space_invaders,25357,25965,5.0
555,0,space_invaders,25711,25983,2.0
556,0,space_invaders,25440,26048,6.0
557,0,space_invaders,25427,26051,6.0
558,0,space_invaders,25796,26068,3.0
559,0,space_invaders,25499,26091,7.0
560,0,space_invaders,25036,26108,8.0
561,0,space_invaders,25642,26250,3.0
562,0,space_invaders,25374,26270,8.0
563,0,space_invaders,25665,26289,5.0
564,0,space_invaders,26108,26380,3.0
565,0,space_invaders,25798,26390,4.0
566,0,space_invaders,25490,26418,7.0
567,0,space_invaders,25927,26535,6.0
568,0,space_invaders,25965,26573,5.0
569,0,space_invaders,23925,26597,9.0
570,0,space_invaders,25983,26607,6.0
571,0,space_invaders,26048,26640,4.0
572,0,space_invaders,26390,26662,2.0
573,0,space_invaders,26051,26675,4.0
574,0,space_invaders,26091,26699,5.0
575,0,space_invaders,26068,26804,6.0
576,0,space_invaders,26418,26850,2.0
577,0,space_invaders,26662,26934,1.0
578,0,space_invaders,26250,27002,7.0
579,0,space_invaders,26289,27057,3.0
580,0,space_invaders,26380,27132,6.0
581,0,space_invaders,26535,27143,4.0
582,0,space_invaders,26699,27147,4.0
583,0,space_invaders,26573,27197,4.0
584,0,space_invaders,26597,27205,5.0
585,0,space_invaders,26607,27215,5.0
586,0,space_invaders,26640,27232,6.0
587,0,space_invaders,26804,27428,5.0
588,0,space_invaders,27002,27434,3.0
589,0,space_invaders,26850,27474,5.0
590,0,space_invaders,25928,27480,11.0
591,0,space_invaders,27057,27649,4.0
592,0,space_invaders,27143,27735,5.0
593,0,space_invaders,27147,27739,5.0
594,0,space_invaders,27474,27746,2.0
595,0,space_invaders,25241,27753,8.0
596,0,space_invaders,27215,27823,6.0
597,0,space_invaders,27232,27824,4.0
598,0,space_invaders,27205,27829,4.0
599,0,space_invaders,26934,27830,8.0
600,0,space_invaders,27746,28018,3.0
601,0,space_invaders,27428,28020,5.0
602,0,space_invaders,27434,28058,4.0
603,0,space_invaders,27197,28141,8.0
604,0,space_invaders,27735,28167,4.0
605,0,space_invaders,27649,28241,6.0
606,0,space_invaders,27830,28262,2.0
607,0,space_invaders,28058,28330,2.0
608,0,space_invaders,27753,28377,5.0
609,0,space_invaders,27824,28432,4.0
610,0,space_invaders,27739,28491,7.0
611,0,space_invaders,28262,28534,3.0
612,0,space_invaders,27480,28536,9.0
613,0,space_invaders,27823,28575,6.0
614,0,space_invaders,27829,28581,8.0
615,0,space_invaders,28330,28602,3.0
616,0,space_invaders,28018,28610,6.0
617,0,space_invaders,28020,28628,6.0
618,0,space_invaders,28491,28763,3.0
619,0,space_invaders,26270,28798,9.0
620,0,space_invaders,28167,28807,6.0
621,0,space_invaders,28241,28849,6.0
622,0,space_invaders,28581,29013,5.0
623,0,space_invaders,28763,29035,2.0
624,0,space_invaders,28432,29040,6.0
625,0,space_invaders,28610,29042,3.0
626,0,space_invaders,28534,29158,6.0
627,0,space_invaders,28602,29226,3.0
628,0,space_invaders,28628,29268,6.0
629,0,space_invaders,28536,29288,7.0
630,0,space_invaders,29042,29314,3.0
631,0,space_invaders,28807,29415,6.0
632,0,space_invaders,28798,29438,6.0
633,0,space_invaders,28849,29457,5.0
634,0,space_invaders,29035,29467,4.0
635,0,space_invaders,26675,29475,14.0
636,0,space_invaders,28575,29487,5.0
637,0,space_invaders,29013,29653,5.0
638,0,space_invaders,28141,29693,11.0
639,0,space_invaders,29314,29746,4.0
640,0,space_invaders,29487,29759,3.0
641,0,space_invaders,29158,29766,5.0
642,0,space_invaders,29040,29824,7.0
643,0,space_invaders,29268,29876,6.0
644,0,space_invaders,29288,29880,6.0
645,0,space_invaders,29467,29915,3.0
646,0,space_invaders,29226,29994,7.0
647,0,space_invaders,29475,30099,5.0
648,0,space_invaders,29438,30222,8.0
649,0,space_invaders,29653,30245,6.0
650,0,space_invaders,29746,30354,5.0
651,0,space_invaders,29766,30374,6.0
652,0,space_invaders,29759,30399,6.0
653,0,space_invaders,29824,30416,6.0
654,0,space_invaders,29693,30461,6.0
655,0,space_invaders,29880,30504,6.0
656,0,space_invaders,29457,30513,10.0
657,0,space_invaders,30099,30531,4.0
658,0,space_invaders,29994,30602,6.0
659,0,space_invaders,29876,30660,9.0
660,0,space_invaders,30374,30662,3.0
661,0,space_invaders,30504,30776,3.0
662,0,space_invaders,30354,30786,4.0
663,0,space_invaders,29915,30811,6.0
664,0,space_invaders,30245,30837,5.0
665,0,space_invaders,30222,30846,6.0
666,0,space_invaders,30399,30847,4.0
667,0,space_invaders,28377,30889,7.0
668,0,space_invaders,27132,30892,16.0
669,0,space_invaders,30461,30893,4.0
670,0,space_invaders,30513,30945,5.0
671,0,space_invaders,30416,31024,6.0
672,0,space_invaders,30660,31092,4.0
673,0,space_invaders,30531,31139,6.0
674,0,space_invaders,30602,31210,5.0
675,0,space_invaders,30776,31384,6.0
676,0,space_invaders,30837,31429,6.0
677,0,space_invaders,30811,31435,6.0
678,0,space_invaders,30846,31438,6.0
679,0,space_invaders,30662,31446,4.0
680,0,space_invaders,31024,31456,4.0
681,0,space_invaders,30889,31497,7.0
682,0,space_invaders,30893,31501,6.0
683,0,space_invaders,31092,31524,4.0
684,0,space_invaders,30945,31569,4.0
685,0,space_invaders,30786,31714,9.0
686,0,space_invaders,31435,31723,3.0
687,0,space_invaders,30847,31903,9.0
688,0,space_invaders,31723,32011,3.0
689,0,space_invaders,31438,32046,4.0
690,0,space_invaders,31456,32064,6.0
691,0,space_invaders,29415,32071,11.0
692,0,space_invaders,31139,32083,9.0
693,0,space_invaders,31501,32109,6.0
694,0,space_invaders,31569,32177,6.0
695,0,space_invaders,31384,32312,9.0
696,0,space_invaders,31903,32335,4.0
697,0,space_invaders,31429,32373,8.0
698,0,space_invaders,32011,32619,6.0
699,0,space_invaders,32064,32688,6.0
700,0,space_invaders,32109,32701,5.0
701,0,space_invaders,31497,32713,9.0
702,0,space_invaders,32046,32798,7.0
703,0,space_invaders,32335,32943,6.0
704,0,space_invaders,32071,32999,9.0
705,0,space_invaders,32373,33125,6.0
706,0,space_invaders,32083,33139,8.0
707,0,space_invaders,32619,33243,6.0
708,0,space_invaders,32701,33309,6.0
709,0,space_invaders,32713,33337,6.0
710,0,space_invaders,31210,33386,7.0
711,0,space_invaders,33139,33411,3.0
712,0,space_invaders,32177,33441,10.0
713,0,space_invaders,33125,33557,4.0
714,0,space_invaders,32798,33566,8.0
715,0,space_invaders,32999,33607,7.0
716,0,space_invaders,33411,33683,2.0
717,0,space_invaders,32943,33695,6.0
718,0,space_invaders,32312,33704,9.0
719,0,space_invaders,30892,33708,9.0
720,0,space_invaders,33441,33729,3.0
721,0,space_invaders,33337,33769,4.0
722,0,space_invaders,33243,33851,6.0
723,0,space_invaders,31446,33910,15.0
724,0,space_invaders,33309,34045,8.0
725,0,space_invaders,33769,34057,3.0
726,0,space_invaders,33557,34149,7.0
727,0,space_invaders,33695,34303,6.0
728,0,space_invaders,33704,34312,6.0
729,0,space_invaders,33708,34332,4.0
730,0,space_invaders,33910,34342,4.0
731,0,space_invaders,34057,34345,3.0
732,0,space_invaders,31714,34402,14.0
733,0,space_invaders,34149,34421,3.0
734,0,space_invaders,33851,34459,6.0
735,0,space_invaders,33566,34478,8.0
736,0,space_invaders,31524,34484,12.0
737,0,space_invaders,34303,34575,2.0
738,0,space_invaders,34345,34633,3.0
739,0,space_invaders,34045,34637,6.0
740,0,space_invaders,34421,34693,3.0
741,0,space_invaders,34402,34850,5.0
742,0,space_invaders,34459,34907,4.0
743,0,space_invaders,34312,34920,5.0
744,0,space_invaders,34342,34934,7.0
745,0,space_invaders,34332,34940,7.0
746,0,space_invaders,34484,35108,6.0
747,0,space_invaders,34940,35212,2.0
748,0,space_invaders,34633,35225,7.0
749,0,space_invaders,34637,35229,7.0
750,0,space_invaders,34693,35317,6.0
751,0,space_invaders,34850,35458,7.0
752,0,space_invaders,35225,35497,2.0
753,0,space_invaders,34907,35499,6.0
754,0,space_invaders,34920,35528,3.0
755,0,space_invaders,35229,35661,4.0
756,0,space_invaders,35108,35716,6.0
757,0,space_invaders,35499,35771,2.0
758,0,space_invaders,32688,35792,12.0
759,0,space_invaders,35528,35800,2.0
760,0,space_invaders,35212,35820,6.0
761,0,space_invaders,34934,35846,8.0
762,0,space_invaders,35317,35925,7.0
763,0,space_invaders,35458,36066,2.0
764,0,space_invaders,35497,36089,6.0
765,0,space_invaders,35820,36092,2.0
766,0,space_invaders,35925,36197,3.0
767,0,space_invaders,35661,36269,5.0
768,0,space_invaders,35716,36308,6.0
769,0,space_invaders,33386,36346,12.0
770,0,space_invaders,35771,36363,7.0
771,0,space_invaders,33683,36371,11.0
772,0,space_invaders,35792,36400,6.0
773,0,space_invaders,33729,36401,11.0
774,0,space_invaders,35846,36486,6.0
775,0,space_invaders,33607,36583,14.0
776,0,space_invaders,36092,36700,6.0
777,0,space_invaders,35800,36728,8.0
778,0,space_invaders,36197,36789,6.0
779,0,space_invaders,36066,36818,7.0
780,0,space_invaders,36269,36861,6.0
781,0,space_invaders,36308,36916,7.0
782,0,space_invaders,36346,36954,6.0
783,0,space_invaders,36371,36995,5.0
784,0,space_invaders,34478,37006,10.0
785,0,space_invaders,36401,37009,7.0
786,0,space_invaders,36789,37061,2.0
787,0,space_invaders,34575,37103,10.0
788,0,space_invaders,36363,37115,8.0
789,0,space_invaders,36486,37126,6.0
790,0,space_invaders,36861,37133,2.0
791,0,space_invaders,36583,37191,6.0
792,0,space_invaders,36954,37226,3.0
793,0,space_invaders,36700,37308,6.0
794,0,space_invaders,36089,37321,10.0
795,0,space_invaders,36916,37348,4.0
796,0,space_invaders,36818,37426,5.0
797,0,space_invaders,37006,37438,4.0
798,0,space_invaders,37308,37580,3.0
799,0,space_invaders,37009,37601,6.0
800,0,space_invaders,36995,37603,4.0
801,0,space_invaders,36728,37656,8.0
802,0,space_invaders,37103,37695,6.0
803,0,space_invaders,37133,37725,7.0
804,0,space_invaders,36400,37808,9.0
805,0,space_invaders,37191,37927,8.0
806,0,space_invaders,37321,37945,6.0
807,0,space_invaders,37226,37978,8.0
808,0,space_invaders,37426,38034,6.0
809,0,space_invaders,37438,38046,6.0
810,0,space_invaders,37580,38172,7.0
811,0,space_invaders,37115,38203,10.0
812,0,space_invaders,37603,38211,6.0
813,0,space_invaders,37601,38241,7.0
814,0,space_invaders,37348,38244,8.0
815,0,space_invaders,37656,38264,6.0
816,0,space_invaders,37725,38349,6.0
817,0,space_invaders,37808,38416,4.0
818,0,space_invaders,37695,38447,7.0
819,0,space_invaders,38203,38475,3.0
820,0,space_invaders,37126,38550,12.0
821,0,space_invaders,38172,38604,4.0
822,0,space_invaders,37978,38618,6.0
823,0,space_invaders,38034,38642,5.0
824,0,space_invaders,38046,38654,7.0
825,0,space_invaders,37927,38839,5.0
826,0,space_invaders,38244,38852,6.0
827,0,space_invaders,37945,38873,9.0
828,0,space_invaders,38264,38888,6.0
829,0,space_invaders,38349,38957,6.0
830,0,space_invaders,38241,38977,7.0
831,0,space_invaders,38416,39008,6.0
832,0,space_invaders,38447,39071,7.0
833,0,space_invaders,38211,39139,7.0
834,0,space_invaders,38550,39158,5.0
835,0,space_invaders,38618,39242,7.0
836,0,space_invaders,38642,39394,8.0
837,0,space_invaders,38654,39406,8.0
838,0,space_invaders,39158,39446,2.0
839,0,space_invaders,38839,39447,6.0
840,0,space_invaders,38852,39476,6.0
841,0,space_invaders,38888,39480,5.0
842,0,space_invaders,38977,39601,6.0
843,0,space_invaders,39406,39678,2.0
844,0,space_invaders,39071,39695,6.0
845,0,space_invaders,37061,39701,15.0
846,0,space_invaders,38604,39708,8.0
847,0,space_invaders,39139,39747,6.0
848,0,space_invaders,39242,39834,5.0
849,0,space_invaders,38957,39885,9.0
850,0,space_invaders,39394,40034,4.0
851,0,space_invaders,39446,40054,6.0
852,0,space_invaders,39447,40055,6.0
853,0,space_invaders,39601,40065,5.0
854,0,space_invaders,39476,40084,6.0
855,0,space_invaders,39834,40106,2.0
856,0,space_invaders,39480,40232,7.0
857,0,space_invaders,39008,40272,9.0
858,0,space_invaders,39678,40286,6.0
859,0,space_invaders,39695,40303,6.0
860,0,space_invaders,40055,40327,2.0
861,0,space_invaders,39708,40332,6.0
862,0,space_invaders,39747,40355,5.0
863,0,space_invaders,39885,40637,8.0
864,0,space_invaders,40034,40642,7.0
865,0,space_invaders,40054,40662,4.0
866,0,space_invaders,40065,40689,6.0
867,0,space_invaders,40106,40714,5.0
868,0,space_invaders,40303,40751,4.0
869,0,space_invaders,40327,40759,4.0
870,0,space_invaders,40286,40926,4.0
871,0,space_invaders,40332,40956,6.0
872,0,space_invaders,40272,41040,7.0
873,0,space_invaders,40084,41156,9.0
874,0,space_invaders,38475,41163,11.0
875,0,space_invaders,40355,41251,10.0
876,0,space_invaders,40637,41261,6.0
877,0,space_invaders,40642,41266,6.0
878,0,space_invaders,40662,41270,6.0
879,0,space_invaders,40232,41304,8.0
880,0,space_invaders,40759,41351,7.0
881,0,space_invaders,40751,41375,4.0
882,0,space_invaders,40926,41534,5.0
883,0,space_invaders,40956,41580,6.0
884,0,space_invaders,41040,41648,6.0
885,0,space_invaders,38873,41689,13.0
886,0,space_invaders,41163,41787,5.0
887,0,space_invaders,41261,41869,5.0
888,0,space_invaders,41266,41890,5.0
889,0,space_invaders,41351,41959,4.0
890,0,space_invaders,41375,41983,6.0
891,0,space_invaders,41251,41987,6.0
892,0,space_invaders,41270,42022,6.0
893,0,space_invaders,41534,42158,5.0
894,0,space_invaders,41580,42188,6.0
895,0,space_invaders,41156,42212,6.0
896,0,space_invaders,39701,42213,14.0
897,0,space_invaders,41648,42256,6.0
898,0,space_invaders,41787,42411,6.0
899,0,space_invaders,41689,42441,6.0
900,0,space_invaders,41890,42514,3.0
901,0,space_invaders,41959,42583,5.0
902,0,space_invaders,41983,42591,5.0
903,0,space_invaders,41987,42595,5.0
904,0,space_invaders,41304,42680,8.0
905,0,space_invaders,42411,42683,2.0
906,0,space_invaders,42188,42828,6.0
907,0,space_invaders,40714,42922,9.0
908,0,space_invaders,41869,42925,6.0
909,0,space_invaders,42595,43219,5.0
910,0,space_invaders,42212,43268,6.0
911,0,space_invaders,42683,43291,6.0
912,0,space_invaders,42256,43328,6.0
913,0,space_invaders,40689,43361,10.0
914,0,space_invaders,42514,43410,5.0
915,0,space_invaders,42925,43517,4.0
916,0,space_invaders,42022,43574,7.0
917,0,space_invaders,42828,43612,8.0
918,0,space_invaders,42441,43657,6.0
919,0,space_invaders,43268,43716,4.0
920,0,space_invaders,42591,43807,8.0
921,0,space_invaders,43328,43952,4.0
922,0,space_invaders,42583,43975,11.0
923,0,space_invaders,43410,44002,5.0
924,0,space_invaders,43574,44166,5.0
925,0,space_invaders,43612,44236,6.0
926,0,space_invaders,43219,44275,8.0
927,0,space_invaders,42158,44510,17.0
928,0,space_invaders,42213,44565,11.0
929,0,space_invaders,43657,44569,7.0
930,0,space_invaders,43975,44583,6.0
931,0,space_invaders,44002,44594,5.0
932,0,space_invaders,42922,44634,13.0
933,0,space_invaders,42680,44696,15.0
934,0,space_invaders,44166,44758,7.0
935,0,space_invaders,44758,45030,2.0
936,0,space_invaders,44583,45047,4.0
937,0,space_invaders,43517,45069,13.0
938,0,space_invaders,44696,45128,2.0
939,0,space_invaders,44510,45150,5.0
940,0,space_invaders,44569,45161,6.0
941,0,space_invaders,44594,45186,5.0
942,0,space_invaders,43716,45268,12.0
943,0,space_invaders,43807,45359,10.0
944,0,space_invaders,45128,45560,5.0
945,0,space_invaders,43291,45627,17.0
946,0,space_invaders,45359,45631,3.0
947,0,space_invaders,43952,45648,10.0
948,0,space_invaders,45030,45654,6.0
949,0,space_invaders,44634,45690,8.0
950,0,space_invaders,45150,45742,5.0
951,0,space_invaders,45627,45915,3.0
952,0,space_invaders,45268,46164,9.0
953,0,space_invaders,45648,46256,7.0
954,0,space_invaders,45915,46507,5.0
955,0,space_invaders,45047,46583,5.0
956,0,space_invaders,44236,46604,14.0
957,0,space_invaders,45069,46621,11.0
958,0,space_invaders,45161,46857,7.0
959,0,space_invaders,46507,46955,4.0
960,0,space_invaders,46604,47036,4.0
961,0,space_invaders,45560,47112,11.0
962,0,space_invaders,46857,47129,3.0
963,0,space_invaders,45186,47186,14.0
964,0,space_invaders,44565,47221,13.0
965,0,space_invaders,45654,47222,11.0
966,0,space_invaders,45742,47294,10.0
967,0,space_invaders,47112,47384,3.0
968,0,space_invaders,45690,47402,12.0
969,0,space_invaders,47222,47494,3.0
970,0,space_invaders,47129,47561,4.0
971,0,space_invaders,46955,47563,5.0
972,0,space_invaders,47294,47566,2.0
973,0,space_invaders,47036,47628,6.0
974,0,space_invaders,47221,47653,4.0
975,0,space_invaders,47384,47672,3.0
976,0,space_invaders,45631,47679,14.0
977,0,space_invaders,47402,47690,3.0
978,0,space_invaders,43361,47713,22.0
979,0,space_invaders,46164,47716,10.0
980,0,space_invaders,44275,47731,15.0
981,0,space_invaders,47186,47778,6.0
982,0,space_invaders,46621,47837,9.0
983,0,space_invaders,47672,47960,3.0
984,0,space_invaders,46256,47968,12.0
985,0,space_invaders,47731,48003,3.0
986,0,space_invaders,47628,48060,4.0
987,0,space_invaders,47713,48145,4.0
988,0,space_invaders,47563,48155,6.0
989,0,space_invaders,47561,48169,6.0
990,0,space_invaders,47566,48190,7.0
991,0,space_invaders,48155,48427,3.0
992,0,space_invaders,47960,48552,6.0
993,0,space_invaders,47968,48560,6.0
994,0,space_invaders,48145,48577,5.0
995,0,space_invaders,48003,48595,5.0
996,0,space_invaders,48060,48652,5.0
997,0,space_invaders,48552,48824,3.0
998,0,space_invaders,48427,49051,6.0
999,0,space_invaders,47653,49205,10.0
1000,0,space_invaders,47679,49215,8.0
1001,0,space_invaders,48652,49244,6.0
1002,0,space_invaders,48595,49347,7.0
1003,0,space_invaders,48824,49416,5.0
1004,0,space_invaders,47716,49460,13.0
1005,0,space_invaders,48169,49545,10.0
1006,0,space_invaders,48560,49616,6.0
1007,0,space_invaders,49215,49647,3.0
1008,0,space_invaders,47690,49866,13.0
1009,0,space_invaders,49416,49880,4.0
1010,0,space_invaders,48190,49902,11.0
1011,0,space_invaders,49460,50068,6.0
1012,0,space_invaders,48577,50145,13.0
1013,0,space_invaders,47837,50205,14.0
1014,0,space_invaders,49902,50510,7.0
1015,0,space_invaders,49347,50723,9.0
1016,0,space_invaders,50145,50785,6.0
1017,0,space_invaders,47494,50790,19.0
1018,0,space_invaders,49244,50796,9.0
1019,0,space_invaders,49545,50937,7.0
1020,0,space_invaders,46583,50967,15.0
1021,0,space_invaders,50723,50995,3.0
1022,0,space_invaders,49647,51199,11.0
1023,0,space_invaders,49616,51296,9.0
1024,0,space_invaders,50785,51393,6.0
1025,0,space_invaders,47778,51522,18.0
1026,0,space_invaders,50937,51577,6.0
1027,0,space_invaders,49051,51723,15.0
1028,0,space_invaders,51199,51807,6.0
1029,0,space_invaders,50510,51918,11.0
1030,0,space_invaders,50995,52051,9.0
1031,0,space_invaders,51577,52169,6.0
1032,0,space_invaders,49205,52309,18.0
1033,0,space_invaders,50796,52348,8.0
1034,0,space_invaders,51393,52449,5.0
1035,0,space_invaders,51918,52510,6.0
1036,0,space_invaders,51723,52635,8.0
1037,0,space_invaders,50790,52646,12.0
1038,0,space_invaders,50967,52663,12.0
1039,0,space_invaders,49880,52696,16.0
1040,0,space_invaders,52169,52761,4.0
1041,0,space_invaders,52309,52933,6.0
1042,0,space_invaders,52348,52956,6.0
1043,0,space_invaders,52449,53057,5.0
1044,0,space_invaders,51296,53136,13.0
1045,0,space_invaders,49866,53162,15.0
1046,0,space_invaders,52635,53243,5.0
1047,0,space_invaders,51807,53359,10.0
1048,0,space_invaders,52761,53369,4.0
1049,0,space_invaders,52051,53443,8.0
1050,0,space_invaders,50205,53661,16.0
1051,0,space_invaders,52663,53719,8.0
1052,0,space_invaders,53136,53744,5.0
1053,0,space_invaders,53162,53898,8.0
1054,0,space_invaders,53443,53907,4.0
1055,0,space_invaders,52696,53912,7.0
1056,0,space_invaders,53359,53951,4.0
1057,0,space_invaders,53369,53961,5.0
1058,0,space_invaders,53661,54109,5.0
1059,0,space_invaders,50068,54292,18.0
1060,0,space_invaders,53719,54311,5.0
1061,0,space_invaders,52933,54485,7.0
1062,0,space_invaders,52646,54534,11.0
1063,0,space_invaders,54311,54583,2.0
1064,0,space_invaders,53057,54609,9.0
1065,0,space_invaders,51522,54642,16.0
1066,0,space_invaders,52510,54686,14.0
1067,0,space_invaders,52956,54844,8.0
1068,0,space_invaders,54642,54930,3.0
1069,0,space_invaders,53243,54939,10.0
1070,0,space_invaders,54583,55015,4.0
1071,0,space_invaders,53951,55167,7.0
1072,0,space_invaders,53912,55288,6.0
1073,0,space_invaders,55167,55439,2.0
1074,0,space_invaders,53744,55456,11.0
1075,0,space_invaders,54109,55501,10.0
1076,0,space_invaders,55439,55711,2.0
1077,0,space_invaders,55288,55880,5.0
1078,0,space_invaders,54534,55910,8.0
1079,0,space_invaders,54485,56053,10.0
1080,0,space_invaders,54292,56164,12.0
1081,0,space_invaders,54609,56177,12.0
1082,0,space_invaders,53907,56259,14.0
1083,0,space_invaders,55880,56312,4.0
1084,0,space_invaders,55910,56342,4.0
1085,0,space_invaders,56177,56449,3.0
1086,0,space_invaders,54930,56498,11.0
1087,0,space_invaders,56259,56547,3.0
1088,0,space_invaders,54686,56558,12.0
1089,0,space_invaders,56312,56584,2.0
1090,0,space_invaders,56164,56596,5.0
1091,0,space_invaders,55015,56599,9.0
1092,0,space_invaders,54844,56700,11.0
1093,0,space_invaders,56449,56721,2.0
1094,0,space_invaders,55501,56749,7.0
1095,0,space_invaders,56498,56770,2.0
1096,0,space_invaders,55456,56848,8.0
1097,0,space_invaders,56700,56988,3.0
1098,0,space_invaders,56558,56990,4.0
1099,0,space_invaders,53898,57178,16.0
1100,0,space_invaders,56990,57262,2.0
1101,0,space_invaders,56721,57329,6.0
1102,0,space_invaders,55711,57407,10.0
1103,0,space_invaders,56988,57420,5.0
1104,0,space_invaders,56342,57558,8.0
1105,0,space_invaders,56547,57603,8.0
1106,0,space_invaders,57178,57610,5.0
1107,0,space_invaders,54939,57771,16.0
1108,0,space_invaders,56584,57800,7.0
1109,0,space_invaders,57407,57839,4.0
1110,0,space_invaders,57420,58028,6.0
1111,0,space_invaders,56053,58053,13.0
1112,0,space_invaders,56596,58164,8.0
1113,0,space_invaders,53961,58201,20.0
1114,0,space_invaders,57603,58211,7.0
1115,0,space_invaders,57800,58392,5.0
1116,0,space_invaders,58053,58485,5.0
1117,0,space_invaders,56599,58487,13.0
1118,0,space_invaders,56770,58498,11.0
1119,0,space_invaders,56848,58528,9.0
1120,0,space_invaders,57262,58654,9.0
1121,0,space_invaders,58211,58819,6.0
1122,0,space_invaders,58485,58917,5.0
1123,0,space_invaders,57610,58986,10.0
1124,0,space_invaders,57771,59147,6.0
1125,0,space_invaders,57329,59185,12.0
1126,0,space_invaders,56749,59261,13.0
1127,0,space_invaders,58819,59411,4.0
1128,0,space_invaders,59185,59473,3.0
1129,0,space_invaders,58986,59594,6.0
1130,0,space_invaders,58487,59703,9.0
1131,0,space_invaders,58654,59710,7.0
1132,0,space_invaders,58528,59760,8.0
1133,0,space_invaders,57558,59910,17.0
1134,0,space_invaders,58164,60020,10.0
1135,0,space_invaders,57839,60159,14.0
1136,0,space_invaders,58498,60194,10.0
1137,0,space_invaders,59261,60317,6.0
1138,0,space_invaders,59411,60467,7.0
1139,0,space_invaders,59910,60550,6.0
1140,0,space_invaders,59703,60599,7.0
1141,0,space_invaders,60020,60612,5.0
1142,0,space_invaders,59147,60731,11.0
1143,0,space_invaders,59760,60976,8.0
1144,0,space_invaders,60159,61055,10.0
1145,0,space_invaders,60467,61059,6.0
1146,0,space_invaders,60550,61142,5.0
1147,0,space_invaders,59594,61146,10.0
1148,0,space_invaders,60599,61207,5.0
1149,0,space_invaders,60612,61220,5.0
1150,0,space_invaders,60317,61373,8.0
1151,0,space_invaders,61055,61503,4.0
1152,0,space_invaders,60194,61570,8.0
1153,0,space_invaders,61059,61667,6.0
1154,0,space_invaders,59473,61681,18.0
1155,0,space_invaders,58917,61717,15.0
1156,0,space_invaders,58028,61772,19.0
1157,0,space_invaders,61207,61799,7.0
1158,0,space_invaders,58201,61817,16.0
1159,0,space_invaders,60976,61872,7.0
1160,0,space_invaders,59710,61902,15.0
1161,0,space_invaders,61817,62249,4.0
1162,0,space_invaders,61570,62322,6.0
1163,0,space_invaders,61142,62374,10.0
1164,0,space_invaders,61681,62417,7.0
1165,0,space_invaders,61872,62480,7.0
1166,0,space_invaders,61220,62612,8.0
1167,0,space_invaders,61146,62714,8.0
1168,0,space_invaders,61503,62719,7.0
1169,0,space_invaders,62249,62841,6.0
1170,0,space_invaders,61667,62899,10.0
1171,0,space_invaders,62322,62914,6.0
1172,0,space_invaders,61717,62933,9.0
1173,0,space_invaders,61373,62941,11.0
1174,0,space_invaders,62374,62966,5.0
1175,0,space_invaders,62417,63009,6.0
1176,0,space_invaders,60731,63099,17.0
1177,0,space_invaders,62914,63186,2.0
1178,0,space_invaders,62966,63254,3.0
1179,0,space_invaders,62719,63311,5.0
1180,0,space_invaders,61799,63351,9.0
1181,0,space_invaders,62841,63433,6.0
1182,0,space_invaders,61902,63454,11.0
1183,0,space_invaders,61772,63468,12.0
1184,0,space_invaders,62899,63507,6.0
1185,0,space_invaders,63099,63531,4.0
1186,0,space_invaders,58392,63560,21.0
1187,0,space_invaders,63009,63649,7.0
1188,0,space_invaders,63254,63686,5.0
1189,0,space_invaders,63560,63848,2.0
1190,0,space_invaders,62480,63856,5.0
1191,0,space_invaders,63454,63886,5.0
1192,0,space_invaders,63351,63959,6.0
1193,0,space_invaders,63531,64139,6.0
1194,0,space_invaders,62941,64333,11.0
1195,0,space_invaders,63856,64448,6.0
1196,0,space_invaders,63959,64583,7.0
1197,0,space_invaders,63186,64594,10.0
1198,0,space_invaders,63468,64684,8.0
1199,0,space_invaders,64139,64747,6.0
1200,0,space_invaders,62933,64805,14.0
1201,0,space_invaders,62612,64948,16.0
1202,0,space_invaders,63649,65041,9.0
1203,0,space_invaders,63886,65102,8.0
1204,0,space_invaders,64684,65116,4.0
1205,0,space_invaders,63433,65161,13.0
1206,0,space_invaders,64594,65186,5.0
1207,0,space_invaders,62714,65210,16.0
1208,0,space_invaders,63507,65235,11.0
1209,0,space_invaders,63311,65343,15.0
1210,0,space_invaders,63686,65366,10.0
1211,0,space_invaders,64948,65380,3.0
1212,0,space_invaders,63848,65576,11.0
1213,0,space_invaders,65102,65694,6.0
1214,0,space_invaders,65161,65753,7.0
1215,0,space_invaders,64583,65799,6.0
1216,0,space_invaders,65210,65802,6.0
1217,0,space_invaders,64448,65840,9.0
1218,0,space_invaders,65366,65974,6.0
1219,0,space_invaders,64747,65979,7.0
1220,0,space_invaders,65799,66231,5.0
1221,0,space_invaders,65840,66304,5.0
1222,0,space_invaders,64805,66341,10.0
1223,0,space_invaders,65235,66787,11.0
1224,0,space_invaders,65116,66828,12.0
1225,0,space_invaders,65041,66881,12.0
1226,0,space_invaders,65343,66911,13.0
1227,0,space_invaders,65974,67030,7.0
1228,0,space_invaders,65186,67058,14.0
1229,0,space_invaders,65576,67128,9.0
1230,0,space_invaders,65753,67129,12.0
1231,0,space_invaders,66881,67169,3.0
1232,0,space_invaders,65694,67246,10.0
1233,0,space_invaders,65802,67370,10.0
1234,0,space_invaders,65979,67371,9.0
1235,0,space_invaders,66828,67420,7.0
1236,0,space_invaders,67246,67518,2.0
1237,0,space_invaders,67128,67560,4.0
1238,0,space_invaders,66341,67573,9.0
1239,0,space_invaders,67370,67642,3.0
1240,0,space_invaders,66304,67680,9.0
1241,0,space_invaders,65380,67732,16.0
1242,0,space_invaders,66231,67767,8.0
1243,0,space_invaders,67518,67950,5.0
1244,0,space_invaders,67371,68011,7.0
1245,0,space_invaders,66911,68127,10.0
1246,0,space_invaders,67573,68165,7.0
1247,0,space_invaders,67950,68222,3.0
1248,0,space_invaders,67642,68250,6.0
1249,0,space_invaders,67732,68356,6.0
1250,0,space_invaders,67767,68359,7.0
1251,0,space_invaders,67680,68416,9.0
1252,0,space_invaders,67030,68422,10.0
1253,0,space_invaders,67058,68450,14.0
1254,0,space_invaders,67169,68545,10.0
1255,0,space_invaders,68011,68635,5.0
1256,0,space_invaders,68222,68654,5.0
1257,0,space_invaders,68416,68688,3.0
1258,0,space_invaders,68165,68773,7.0
1259,0,space_invaders,68250,68842,7.0
1260,0,space_invaders,64333,68893,20.0
1261,0,space_invaders,68356,68948,7.0
1262,0,space_invaders,68359,68951,6.0
1263,0,space_invaders,67129,68969,11.0
1264,0,space_invaders,68422,69014,7.0
1265,0,space_invaders,68654,69086,4.0
1266,0,space_invaders,67560,69128,11.0
1267,0,space_invaders,68545,69137,6.0
1268,0,space_invaders,68635,69227,5.0
1269,0,space_invaders,68688,69280,7.0
1270,0,space_invaders,66787,69299,12.0
1271,0,space_invaders,68893,69325,4.0
1272,0,space_invaders,68773,69381,6.0
1273,0,space_invaders,69227,69499,3.0
1274,0,space_invaders,68127,69503,9.0
1275,0,space_invaders,69086,69518,4.0
1276,0,space_invaders,68951,69559,6.0
1277,0,space_invaders,69014,69606,6.0
1278,0,space_invaders,69499,69771,2.0
1279,0,space_invaders,69280,69888,6.0
1280,0,space_invaders,69381,69973,6.0
1281,0,space_invaders,68450,70002,10.0
1282,0,space_invaders,69299,70035,7.0
1283,0,space_invaders,69518,70110,7.0
1284,0,space_invaders,69128,70184,9.0
1285,0,space_invaders,70002,70274,2.0
1286,0,space_invaders,68948,70324,7.0
1287,0,space_invaders,69137,70353,8.0
1288,0,space_invaders,70184,70456,2.0
1289,0,space_invaders,68969,70505,9.0
1290,0,space_invaders,69888,70528,6.0
1291,0,space_invaders,68842,70682,12.0
1292,0,space_invaders,69606,70838,7.0
1293,0,space_invaders,70274,70866,6.0
1294,0,space_invaders,70456,71048,7.0
1295,0,space_invaders,70505,71113,6.0
1296,0,space_invaders,69325,71165,12.0
1297,0,space_invaders,69559,71239,10.0
1298,0,space_invaders,70035,71427,9.0
1299,0,space_invaders,70838,71430,6.0
1300,0,space_invaders,70682,71434,7.0
1301,0,space_invaders,69503,71535,14.0
1302,0,space_invaders,69771,71659,13.0
1303,0,space_invaders,71113,71705,7.0
1304,0,space_invaders,71427,71715,3.0
1305,0,space_invaders,70110,71806,10.0
1306,0,space_invaders,69973,71829,15.0
1307,0,space_invaders,70324,71860,10.0
1308,0,space_invaders,70528,71904,9.0
1309,0,space_invaders,71430,72038,6.0
1310,0,space_invaders,71659,72251,6.0
1311,0,space_invaders,71239,72295,7.0
1312,0,space_invaders,71715,72307,7.0
1313,0,space_invaders,71705,72313,6.0
1314,0,space_invaders,71806,72398,7.0
1315,0,space_invaders,70866,72418,10.0
1316,0,space_invaders,71829,72437,7.0
1317,0,space_invaders,71860,72452,6.0
1318,0,space_invaders,71165,72541,9.0
1319,0,space_invaders,71535,72591,7.0
1320,0,space_invaders,71048,72600,12.0
1321,0,space_invaders,71434,72826,12.0
1322,0,space_invaders,70353,72881,18.0
1323,0,space_invaders,72398,73006,6.0
1324,0,space_invaders,72452,73060,6.0
1325,0,space_invaders,67420,73356,21.0
1326,0,space_invaders,72826,73418,6.0
1327,0,space_invaders,73060,73652,7.0
1328,0,space_invaders,72295,73671,9.0
1329,0,space_invaders,72038,73734,12.0
1330,0,space_invaders,72251,73803,9.0
1331,0,space_invaders,72418,73810,9.0
1332,0,space_invaders,72600,73816,8.0
1333,0,space_invaders,72541,73917,6.0
1334,0,space_invaders,72591,74127,9.0
1335,0,space_invaders,73734,74358,5.0
1336,0,space_invaders,73917,74541,6.0
1337,0,space_invaders,72313,74681,17.0
1338,0,space_invaders,73652,74708,7.0
1339,0,space_invaders,71904,74880,15.0
1340,0,space_invaders,73356,74908,13.0
1341,0,space_invaders,72437,74933,19.0
1342,0,space_invaders,74541,74973,5.0
1343,0,space_invaders,73810,75202,9.0
1344,0,space_invaders,74681,75273,6.0
1345,0,space_invaders,74708,75300,5.0
1346,0,space_invaders,73671,75367,11.0
1347,0,space_invaders,74880,75488,6.0
1348,0,space_invaders,74933,75573,6.0
1349,0,space_invaders,74127,75695,11.0
1350,0,space_invaders,74358,75734,8.0
1351,0,space_invaders,73006,75822,16.0
1352,0,space_invaders,75273,75865,6.0
1353,0,space_invaders,75300,75892,4.0
1354,0,space_invaders,75367,75991,5.0
1355,0,space_invaders,72307,76067,19.0
1356,0,space_invaders,75488,76096,6.0
1357,0,space_invaders,75202,76258,9.0
1358,0,space_invaders,75695,76319,6.0
1359,0,space_invaders,75734,76326,5.0
1360,0,space_invaders,75822,76414,5.0
1361,0,space_invaders,75573,76469,8.0
1362,0,space_invaders,75892,76532,7.0
1363,0,space_invaders,73418,76554,20.0
1364,0,space_invaders,75991,76615,5.0
1365,0,space_invaders,76067,76675,6.0
1366,0,space_invaders,76258,76850,6.0
1367,0,space_invaders,76319,76927,5.0
1368,0,space_invaders,73816,76968,19.0
1369,0,space_invaders,76469,77077,7.0
1370,0,space_invaders,72881,77185,23.0
1371,0,space_invaders,75865,77241,9.0
1372,0,space_invaders,76675,77571,9.0
1373,0,space_invaders,77077,77669,7.0
1374,0,space_invaders,73803,77723,15.0
1375,0,space_invaders,74908,77740,14.0
1376,0,space_invaders,76850,77746,8.0
1377,0,space_invaders,77185,77777,6.0
1378,0,space_invaders,76096,77808,13.0
1379,0,space_invaders,77241,77849,6.0
1380,0,space_invaders,76532,77924,8.0
1381,0,space_invaders,76615,77991,11.0
1382,0,space_invaders,76414,77998,12.0
1383,0,space_invaders,77740,78012,3.0
1384,0,space_invaders,77746,78018,3.0
1385,0,space_invaders,76554,78106,10.0
1386,0,space_invaders,77669,78261,6.0
1387,0,space_invaders,77991,78279,3.0
1388,0,space_invaders,77723,78315,7.0
1389,0,space_invaders,76927,78319,9.0
1390,0,space_invaders,76968,78344,9.0
1391,0,space_invaders,77777,78369,7.0
1392,0,space_invaders,77849,78441,6.0
1393,0,space_invaders,77571,78467,9.0
1394,0,space_invaders,77924,78516,6.0
1395,0,space_invaders,78012,78604,6.0
1396,0,space_invaders,78106,78714,6.0
1397,0,space_invaders,78315,78747,4.0
1398,0,space_invaders,78467,78755,3.0
1399,0,space_invaders,78344,78776,5.0
1400,0,space_invaders,78604,78892,3.0
1401,0,space_invaders,78319,78911,7.0
1402,0,space_invaders,78516,78948,4.0
1403,0,space_invaders,78369,78961,6.0
1404,0,space_invaders,78747,79019,3.0
1405,0,space_invaders,78755,79027,2.0
1406,0,space_invaders,78892,79180,3.0
1407,0,space_invaders,78714,79306,7.0
1408,0,space_invaders,78776,79368,6.0
1409,0,space_invaders,78948,79380,5.0
1410,0,space_invaders,78911,79503,6.0
1411,0,space_invaders,77808,79504,13.0
1412,0,space_invaders,78961,79569,7.0
1413,0,space_invaders,78018,79602,11.0
1414,0,space_invaders,79019,79611,6.0
1415,0,space_invaders,79380,79668,3.0
1416,0,space_invaders,79180,79772,5.0
1417,0,space_invaders,76326,79782,20.0
1418,0,space_invaders,78261,79813,11.0
1419,0,space_invaders,78279,79831,11.0
1420,0,space_invaders,74973,79837,19.0
1421,0,space_invaders,79602,79890,3.0
1422,0,space_invaders,79306,79898,6.0
1423,0,space_invaders,79611,79899,3.0
1424,0,space_invaders,78441,79977,9.0
1425,0,space_invaders,79569,80161,7.0
1426,0,space_invaders,79772,80204,4.0
1427,0,space_invaders,79977,80249,3.0
1428,0,space_invaders,77998,80318,17.0
1429,0,space_invaders,79782,80374,7.0
1430,0,space_invaders,79831,80423,7.0
1431,0,space_invaders,79890,80482,6.0
1432,0,space_invaders,79899,80491,7.0
1433,0,space_invaders,79898,80506,6.0
1434,0,space_invaders,80204,80796,6.0
1435,0,space_invaders,80318,80910,6.0
1436,0,space_invaders,80482,80914,5.0
1437,0,space_invaders,80423,81015,7.0
1438,0,space_invaders,79668,81044,8.0
1439,0,space_invaders,80491,81083,7.0
1440,0,space_invaders,79503,81215,12.0
1441,0,space_invaders,80910,81342,5.0
1442,0,space_invaders,79837,81373,12.0
1443,0,space_invaders,79813,81381,11.0
1444,0,space_invaders,81015,81607,7.0
1445,0,space_invaders,79027,81667,14.0
1446,0,space_invaders,79504,81712,16.0
1447,0,space_invaders,81215,81807,6.0
1448,0,space_invaders,79368,81848,18.0
1449,0,space_invaders,80161,81857,12.0
1450,0,space_invaders,80914,81858,10.0
1451,0,space_invaders,80374,81910,10.0
1452,0,space_invaders,81342,81934,7.0
1453,0,space_invaders,80506,82058,10.0
1454,0,space_invaders,81607,82215,6.0
1455,0,space_invaders,81667,82259,7.0
1456,0,space_invaders,81712,82336,7.0
1457,0,space_invaders,81807,82415,7.0
1458,0,space_invaders,80249,82425,15.0
1459,0,space_invaders,81848,82440,6.0
1460,0,space_invaders,81858,82466,7.0
1461,0,space_invaders,81910,82502,6.0
1462,0,space_invaders,81934,82526,6.0
1463,0,space_invaders,81083,82635,10.0
1464,0,space_invaders,80796,82684,14.0
1465,0,space_invaders,82259,82851,7.0
1466,0,space_invaders,82336,82928,6.0
1467,0,space_invaders,81381,82949,8.0
1468,0,space_invaders,82502,83094,7.0
1469,0,space_invaders,82635,83243,6.0
1470,0,space_invaders,81373,83261,13.0
1471,0,space_invaders,82440,83336,9.0
1472,0,space_invaders,82928,83520,7.0
1473,0,space_invaders,81857,83537,14.0
1474,0,space_invaders,83094,83686,5.0
1475,0,space_invaders,82415,83791,9.0
1476,0,space_invaders,82949,83845,7.0
1477,0,space_invaders,82058,83898,12.0
1478,0,space_invaders,82215,84071,15.0
1479,0,space_invaders,82425,84281,11.0
1480,0,space_invaders,82851,84403,10.0
1481,0,space_invaders,83243,84635,9.0
1482,0,space_invaders,84071,84663,6.0
1483,0,space_invaders,81044,84676,17.0
1484,0,space_invaders,82684,84700,16.0
1485,0,space_invaders,83336,84728,8.0
1486,0,space_invaders,83261,84813,12.0
1487,0,space_invaders,82466,84978,14.0
1488,0,space_invaders,82526,85022,17.0
1489,0,space_invaders,83537,85073,8.0
1490,0,space_invaders,83845,85221,8.0
1491,0,space_invaders,84663,85255,5.0
1492,0,space_invaders,83791,85327,8.0
1493,0,space_invaders,84813,85405,7.0
1494,0,space_invaders,83898,85450,10.0
1495,0,space_invaders,83686,85526,15.0
1496,0,space_invaders,84978,85618,6.0
1497,0,space_invaders,84281,85657,9.0
1498,0,space_invaders,85073,85681,6.0
1499,0,space_invaders,85450,85722,2.0
1500,0,space_invaders,84403,85939,10.0
1501,0,space_invaders,85722,85994,2.0
1502,0,space_invaders,85405,85997,6.0
1503,0,space_invaders,84635,86171,11.0
1504,0,space_invaders,85657,86249,6.0
1505,0,space_invaders,85022,86398,9.0
1506,0,space_invaders,84728,86600,12.0
1507,0,space_invaders,85997,86621,6.0
1508,0,space_invaders,84676,86676,16.0
1509,0,space_invaders,85221,86789,11.0
1510,0,space_invaders,85327,86863,10.0
1511,0,space_invaders,86676,86964,3.0
1512,0,space_invaders,85255,86967,13.0
1513,0,space_invaders,83520,86992,16.0
1514,0,space_invaders,84700,87020,11.0
1515,0,space_invaders,85994,87050,8.0
1516,0,space_invaders,86863,87151,3.0
1517,0,space_invaders,85618,87170,10.0
1518,0,space_invaders,86600,87192,6.0
1519,0,space_invaders,85526,87222,12.0
1520,0,space_invaders,85681,87233,9.0
1521,0,space_invaders,87151,87423,3.0
1522,0,space_invaders,87170,87442,2.0
1523,0,space_invaders,85939,87475,8.0
1524,0,space_invaders,87233,87505,2.0
1525,0,space_invaders,86964,87556,7.0
1526,0,space_invaders,87423,87695,3.0
1527,0,space_invaders,86249,87801,10.0
1528,0,space_invaders,86171,87883,14.0
1529,0,space_invaders,86398,87966,10.0
1530,0,space_invaders,87442,88034,7.0
1531,0,space_invaders,87505,88097,7.0
1532,0,space_invaders,87050,88122,9.0
1533,0,space_invaders,87883,88155,3.0
1534,0,space_invaders,87695,88287,7.0
1535,0,space_invaders,88122,88394,2.0
1536,0,space_invaders,86967,88535,10.0
1537,0,space_invaders,87556,88788,8.0
1538,0,space_invaders,88287,88879,6.0
1539,0,space_invaders,88535,89127,7.0
1540,0,space_invaders,88879,89167,3.0
1541,0,space_invaders,87801,89193,9.0
1542,0,space_invaders,87222,89222,14.0
1543,0,space_invaders,86621,89293,21.0
1544,0,space_invaders,86992,89344,15.0
1545,0,space_invaders,87966,89374,10.0
1546,0,space_invaders,88788,89380,7.0
1547,0,space_invaders,87192,89384,18.0
1548,0,space_invaders,88034,89426,9.0
1549,0,space_invaders,89193,89465,2.0
1550,0,space_invaders,87020,89516,18.0
1551,0,space_invaders,88155,89531,9.0
1552,0,space_invaders,89127,89719,6.0
1553,0,space_invaders,89516,89948,4.0
1554,0,space_invaders,89719,89991,2.0
1555,0,space_invaders,89384,89992,6.0
1556,0,space_invaders,89465,90057,6.0
1557,0,space_invaders,89167,90063,10.0
1558,0,space_invaders,86789,90405,18.0
1559,0,space_invaders,88394,90442,11.0
1560,0,space_invaders,89992,90584,6.0
1561,0,space_invaders,89991,90599,6.0
1562,0,space_invaders,87475,90755,19.0
1563,0,space_invaders,88097,90769,21.0
1564,0,space_invaders,89293,90829,10.0
1565,0,space_invaders,90599,90871,2.0
1566,0,space_invaders,89380,90948,12.0
1567,0,space_invaders,89426,90978,11.0
1568,0,space_invaders,90442,91050,6.0
1569,0,space_invaders,89374,91054,12.0
1570,0,space_invaders,90584,91176,5.0
1571,0,space_invaders,90769,91361,6.0
1572,0,space_invaders,89531,91531,12.0
1573,0,space_invaders,91054,91662,6.0
1574,0,space_invaders,90063,91743,13.0
1575,0,space_invaders,90405,91781,8.0
1576,0,space_invaders,91361,91953,5.0
1577,0,space_invaders,90755,91987,9.0
1578,0,space_invaders,90948,92164,9.0
1579,0,space_invaders,90978,92210,12.0
1580,0,space_invaders,90871,92247,9.0
1581,0,space_invaders,90829,92365,9.0
1582,0,space_invaders,91050,92426,8.0
1583,0,space_invaders,89948,92444,15.0
1584,0,space_invaders,89344,92624,13.0
1585,0,space_invaders,92210,92802,5.0
1586,0,space_invaders,91743,92815,7.0
1587,0,space_invaders,89222,92838,20.0
1588,0,space_invaders,92247,92855,6.0
1589,0,space_invaders,92444,92892,4.0
1590,0,space_invaders,92426,93050,6.0
1591,0,space_invaders,91662,93070,10.0
1592,0,space_invaders,92164,93220,9.0
1593,0,space_invaders,92365,93277,10.0
1594,0,space_invaders,92815,93423,6.0
1595,0,space_invaders,91953,93537,13.0
1596,0,space_invaders,93050,93642,5.0
1597,0,space_invaders,92624,93712,11.0
1598,0,space_invaders,92892,93804,8.0
1599,0,space_invaders,92838,94054,13.0
1600,0,space_invaders,93537,94129,4.0
1601,0,space_invaders,93642,94234,4.0
1602,0,space_invaders,91531,94347,17.0
1603,0,space_invaders,92802,94370,11.0
1604,0,space_invaders,92855,94407,13.0
1605,0,space_invaders,93712,94608,10.0
1606,0,space_invaders,94054,94662,4.0
1607,0,space_invaders,91987,94675,12.0
1608,0,space_invaders,90057,94745,23.0
1609,0,space_invaders,94407,94999,4.0
1610,0,space_invaders,93277,95165,13.0
1611,0,space_invaders,94608,95216,6.0
1612,0,space_invaders,94662,95270,6.0
1613,0,space_invaders,94745,95353,5.0
1614,0,space_invaders,94999,95591,6.0
1615,0,space_invaders,95165,95597,4.0
1616,0,space_invaders,91781,95669,18.0
1617,0,space_invaders,94129,95697,10.0
1618,0,space_invaders,93220,95700,12.0
1619,0,space_invaders,91176,95736,22.0
1620,0,space_invaders,93423,95903,15.0
1621,0,space_invaders,94370,95906,10.0
1622,0,space_invaders,93804,96012,13.0
1623,0,space_invaders,93070,96046,21.0
1624,0,space_invaders,95591,96183,6.0
1625,0,space_invaders,94675,96227,11.0
1626,0,space_invaders,95669,96261,6.0
1627,0,space_invaders,95697,96289,6.0
1628,0,space_invaders,96012,96444,4.0
1629,0,space_invaders,95903,96495,6.0
1630,0,space_invaders,95906,96498,6.0
1631,0,space_invaders,95270,96646,9.0
1632,0,space_invaders,96261,96853,6.0
1633,0,space_invaders,95353,97049,11.0
1634,0,space_invaders,96495,97103,6.0
1635,0,space_invaders,96646,97238,6.0
1636,0,space_invaders,95597,97309,10.0
1637,0,space_invaders,95700,97380,13.0
1638,0,space_invaders,96046,97454,11.0
1639,0,space_invaders,95216,97552,15.0
1640,0,space_invaders,95736,97624,10.0
1641,0,space_invaders,96289,97665,9.0
1642,0,space_invaders,97309,97741,5.0
1643,0,space_invaders,96853,97749,9.0
1644,0,space_invaders,94234,97802,23.0
1645,0,space_invaders,97238,97830,6.0
1646,0,space_invaders,97103,97855,9.0
1647,0,space_invaders,96227,97923,13.0
1648,0,space_invaders,94347,97947,16.0
1649,0,space_invaders,96444,97996,11.0
1650,0,space_invaders,96498,98050,11.0
1651,0,space_invaders,97802,98234,5.0
1652,0,space_invaders,97749,98341,6.0
1653,0,space_invaders,97923,98355,4.0
1654,0,space_invaders,97996,98428,4.0
1655,0,space_invaders,97830,98438,6.0
1656,0,space_invaders,97855,98447,6.0
1657,0,space_invaders,96183,98535,15.0
1658,0,space_invaders,97947,98539,7.0
1659,0,space_invaders,97049,98617,16.0
1660,0,space_invaders,98050,98642,7.0
1661,0,space_invaders,97741,98669,9.0
1662,0,space_invaders,98438,98870,5.0
1663,0,space_invaders,98234,98970,8.0
1664,0,space_invaders,98428,99020,6.0
1665,0,space_invaders,97552,99104,11.0
1666,0,space_invaders,98355,99107,9.0
1667,0,space_invaders,98539,99147,6.0
1668,0,space_invaders,97454,99182,13.0
1669,0,space_invaders,97665,99201,14.0
1670,0,space_invaders,98617,99225,6.0
1671,0,space_invaders,98970,99258,3.0
1672,0,space_invaders,98669,99261,7.0
1673,0,space_invaders,99147,99435,3.0
1674,0,space_invaders,99020,99452,4.0
1675,0,space_invaders,98870,99462,7.0
1676,0,space_invaders,97624,99496,15.0
1677,0,space_invaders,99225,99513,3.0
1678,0,space_invaders,99107,99571,5.0
1679,0,space_invaders,99435,99723,3.0
1680,0,space_invaders,98341,99733,9.0
1681,0,space_invaders,99182,99774,7.0
1682,0,space_invaders,99201,99793,6.0
1683,0,space_invaders,99513,99801,3.0
1684,0,space_invaders,99723,100011,3.0
1685,0,space_invaders,99774,100062,3.0
1686,0,space_invaders,98535,100119,14.0
1687,0,space_invaders,99733,100197,5.0
1688,0,space_invaders,97380,100212,25.0
1689,0,space_invaders,99793,100225,4.0
1690,0,space_invaders,99496,100232,8.0
1691,0,space_invaders,100062,100350,3.0
1692,0,space_invaders,98642,100370,14.0
1693,0,space_invaders,99801,100393,7.0
1694,0,space_invaders,99571,100467,10.0
1695,0,space_invaders,100197,100485,3.0
1696,0,space_invaders,100011,100603,7.0
1697,0,space_invaders,99104,100688,15.0
1698,0,space_invaders,100225,100817,7.0
1699,0,space_invaders,100232,100824,7.0
1700,0,space_invaders,100393,100825,5.0
1701,0,space_invaders,99261,100829,12.0
1702,0,space_invaders,99258,100842,12.0
1703,0,space_invaders,100485,100933,5.0
1704,0,space_invaders,100370,100962,6.0
1705,0,space_invaders,100119,101015,10.0
1706,0,space_invaders,100467,101059,7.0
1707,0,space_invaders,99452,101148,13.0
1708,0,space_invaders,99462,101190,17.0
1709,0,space_invaders,100817,101249,5.0
1710,0,space_invaders,100962,101250,3.0
1711,0,space_invaders,100825,101257,4.0
1712,0,space_invaders,100824,101416,7.0
1713,0,space_invaders,100829,101421,6.0
1714,0,space_invaders,101190,101478,3.0
1715,0,space_invaders,100933,101525,7.0
1716,0,space_invaders,101416,101704,3.0
1717,0,space_invaders,101250,101714,5.0
1718,0,space_invaders,100212,101748,9.0
1719,0,space_invaders,101249,101841,7.0
1720,0,space_invaders,101257,101881,6.0
1721,0,space_invaders,100350,101918,11.0
1722,0,space_invaders,100603,101979,11.0
1723,0,space_invaders,101421,102029,6.0
1724,0,space_invaders,101478,102070,7.0
1725,0,space_invaders,101918,102206,3.0
1726,0,space_invaders,101881,102313,5.0
1727,0,space_invaders,101714,102322,7.0
1728,0,space_invaders,100688,102384,11.0
1729,0,space_invaders,101015,102423,10.0
1730,0,space_invaders,101841,102433,7.0
1731,0,space_invaders,102029,102461,5.0
1732,0,space_invaders,98447,102511,21.0
1733,0,space_invaders,101748,102644,11.0
1734,0,space_invaders,102070,102662,6.0
1735,0,space_invaders,101148,102716,16.0
1736,0,space_invaders,102511,102799,3.0
1737,0,space_invaders,101979,102875,9.0
1738,0,space_invaders,101525,102917,13.0
1739,0,space_invaders,101059,102931,16.0
1740,0,space_invaders,102384,102992,6.0
1741,0,space_invaders,102423,103031,6.0
1742,0,space_invaders,102799,103071,2.0
1743,0,space_invaders,102461,103213,8.0
1744,0,space_invaders,102322,103218,10.0
1745,0,space_invaders,102644,103236,5.0
1746,0,space_invaders,102662,103286,7.0
1747,0,space_invaders,100842,103338,15.0
1748,0,space_invaders,102992,103424,4.0
1749,0,space_invaders,102875,103483,6.0
1750,0,space_invaders,102931,103539,5.0
1751,0,space_invaders,102206,103614,12.0
1752,0,space_invaders,101704,103736,16.0
1753,0,space_invaders,103213,103821,6.0
1754,0,space_invaders,103218,103826,6.0
1755,0,space_invaders,102313,103881,15.0
1756,0,space_invaders,102716,104124,13.0
1757,0,space_invaders,102433,104129,14.0
1758,0,space_invaders,103539,104163,6.0
1759,0,space_invaders,103614,104206,6.0
1760,0,space_invaders,103736,104328,5.0
1761,0,space_invaders,103821,104413,6.0
1762,0,space_invaders,103826,104418,6.0
1763,0,space_invaders,103286,104694,15.0
1764,0,space_invaders,103031,104759,13.0
1765,0,space_invaders,103071,104767,13.0
1766,0,space_invaders,104328,104936,6.0
1767,0,space_invaders,103236,105268,10.0
1768,0,space_invaders,103424,105280,15.0
1769,0,space_invaders,104124,105516,9.0
1770,0,space_invaders,104163,105539,8.0
1771,0,space_invaders,104418,105682,14.0
1772,0,space_invaders,104206,105742,10.0
1773,0,space_invaders,102917,105749,18.0
1774,0,space_invaders,103483,105979,17.0
1775,0,space_invaders,104767,106175,9.0
1776,0,space_invaders,104694,106278,11.0
1777,0,space_invaders,104936,106328,11.0
1778,0,space_invaders,105742,106334,5.0
1779,0,space_invaders,105749,106357,5.0
1780,0,space_invaders,103881,106409,14.0
1781,0,space_invaders,105516,106748,8.0
1782,0,space_invaders,103338,106762,19.0
1783,0,space_invaders,106175,106767,7.0
1784,0,space_invaders,104129,106801,17.0
1785,0,space_invaders,105268,106836,11.0
1786,0,space_invaders,106278,106886,6.0
1787,0,space_invaders,104413,106909,13.0
1788,0,space_invaders,105682,106914,10.0
1789,0,space_invaders,106409,107017,6.0
1790,0,space_invaders,105979,107211,10.0
1791,0,space_invaders,106914,107362,3.0
1792,0,space_invaders,106767,107375,6.0
1793,0,space_invaders,104759,107399,17.0
1794,0,space_invaders,106357,107749,10.0
1795,0,space_invaders,106334,107886,13.0
1796,0,space_invaders,105539,107907,17.0
1797,0,space_invaders,107017,107913,9.0
1798,0,space_invaders,107375,107967,7.0
1799,0,space_invaders,106748,108332,12.0
1800,0,space_invaders,107907,108499,6.0
1801,0,space_invaders,107913,108505,5.0
1802,0,space_invaders,106909,108637,16.0
1803,0,space_invaders,107211,108747,10.0
1804,0,space_invaders,108505,108777,2.0
1805,0,space_invaders,105280,109056,19.0
1806,0,space_invaders,108637,109069,4.0
1807,0,space_invaders,106801,109121,16.0
1808,0,space_invaders,106836,109204,10.0
1809,0,space_invaders,108747,109339,6.0
1810,0,space_invaders,107967,109375,10.0
1811,0,space_invaders,109121,109553,5.0
1812,0,space_invaders,109375,109647,3.0
1813,0,space_invaders,106762,109866,17.0
1814,0,space_invaders,108499,110067,13.0
1815,0,space_invaders,108777,110169,12.0
1816,0,space_invaders,108332,110220,14.0
1817,0,space_invaders,109647,110239,5.0
1818,0,space_invaders,109204,110420,12.0
1819,0,space_invaders,109069,110461,10.0
1820,0,space_invaders,109056,110480,11.0
1821,0,space_invaders,107362,110498,17.0
1822,0,space_invaders,110067,110659,6.0
1823,0,space_invaders,107886,110670,12.0
1824,0,space_invaders,106328,110808,22.0
1825,0,space_invaders,109553,110945,10.0
1826,0,space_invaders,110498,111106,6.0
1827,0,space_invaders,107399,111159,21.0
1828,0,space_invaders,109866,111242,8.0
1829,0,space_invaders,110670,111262,6.0
1830,0,space_invaders,110945,111537,5.0
1831,0,space_invaders,106886,111574,22.0
1832,0,space_invaders,110220,111612,15.0
1833,0,space_invaders,107749,111669,21.0
1834,0,space_invaders,111106,111714,6.0
1835,0,space_invaders,111159,111767,6.0
1836,0,space_invaders,110808,111864,11.0
1837,0,space_invaders,109339,111867,14.0
1838,0,space_invaders,110461,111869,11.0
1839,0,space_invaders,111262,111870,6.0
1840,0,space_invaders,110420,112292,14.0
1841,0,space_invaders,111714,112322,5.0
1842,0,space_invaders,111864,112456,6.0
1843,0,space_invaders,111870,112462,6.0
1844,0,space_invaders,110169,112521,17.0
1845,0,space_invaders,111669,112581,9.0
1846,0,space_invaders,110239,112607,15.0
1847,0,space_invaders,111242,112778,11.0
1848,0,space_invaders,111537,112913,10.0
1849,0,space_invaders,112322,112914,5.0
1850,0,space_invaders,112292,112916,5.0
1851,0,space_invaders,111612,112988,8.0
1852,0,space_invaders,110659,113171,18.0
1853,0,space_invaders,110480,113488,15.0
1854,0,space_invaders,112913,113505,7.0
1855,0,space_invaders,112916,113828,10.0
1856,0,space_invaders,111869,113869,13.0
1857,0,space_invaders,112456,114024,13.0
1858,0,space_invaders,111574,114070,19.0
1859,0,space_invaders,113488,114096,6.0
1860,0,space_invaders,112581,114277,10.0
1861,0,space_invaders,112914,114306,9.0
1862,0,space_invaders,112988,114380,9.0
1863,0,space_invaders,111767,114423,16.0
1864,0,space_invaders,112778,114474,11.0
1865,0,space_invaders,112521,114537,13.0
1866,0,space_invaders,113171,114563,9.0
1867,0,space_invaders,114070,114662,6.0
1868,0,space_invaders,114380,114668,3.0
1869,0,space_invaders,114096,114704,6.0
1870,0,space_invaders,114537,114809,3.0
1871,0,space_invaders,114474,114906,4.0
1872,0,space_invaders,113505,114929,14.0
1873,0,space_invaders,114662,114950,3.0
1874,0,space_invaders,112462,114958,13.0
1875,0,space_invaders,112607,114975,13.0
1876,0,space_invaders,114306,115058,8.0
1877,0,space_invaders,114704,115296,7.0
1878,0,space_invaders,114906,115338,5.0
1879,0,space_invaders,114929,115361,5.0
1880,0,space_invaders,114024,115400,9.0
1881,0,space_invaders,114975,115567,6.0
1882,0,space_invaders,114277,115653,9.0
1883,0,space_invaders,111867,116123,19.0
1884,0,space_invaders,115653,116261,6.0
1885,0,space_invaders,114423,116279,14.0
1886,0,space_invaders,113828,116308,15.0
1887,0,space_invaders,114809,116345,10.0
1888,0,space_invaders,113869,116541,15.0
1889,0,space_invaders,114563,116563,15.0
1890,0,space_invaders,115296,116672,10.0
1891,0,space_invaders,115338,116714,7.0
1892,0,space_invaders,115361,116737,9.0
1893,0,space_invaders,115058,117266,12.0
1894,0,space_invaders,114958,117278,13.0
1895,0,space_invaders,116279,117335,7.0
1896,0,space_invaders,116563,117475,9.0
1897,0,space_invaders,116123,117499,9.0
1898,0,space_invaders,114668,117500,18.0
1899,0,space_invaders,117266,117698,4.0
1900,0,space_invaders,116345,117737,10.0
1901,0,space_invaders,115567,117759,14.0
1902,0,space_invaders,116714,117786,7.0
1903,0,space_invaders,116308,117860,11.0
1904,0,space_invaders,115400,117912,15.0
1905,0,space_invaders,116541,117933,11.0
1906,0,space_invaders,117737,118345,7.0
1907,0,space_invaders,117759,118351,5.0
1908,0,space_invaders,117786,118394,7.0
1909,0,space_invaders,117499,118411,10.0
1910,0,space_invaders,117860,118452,7.0
1911,0,space_invaders,117335,118583,13.0
1912,0,space_invaders,118345,118617,2.0
1913,0,space_invaders,117278,118654,8.0
1914,0,space_invaders,118411,118843,4.0
1915,0,space_invaders,117475,118851,10.0
1916,0,space_invaders,117500,118924,11.0
1917,0,space_invaders,118452,119044,7.0
1918,0,space_invaders,118654,119086,4.0
1919,0,space_invaders,116672,119184,13.0
1920,0,space_invaders,118924,119196,3.0
1921,0,space_invaders,118617,119225,6.0
1922,0,space_invaders,117912,119304,9.0
1923,0,space_invaders,118851,119443,5.0
1924,0,space_invaders,119044,119652,6.0
1925,0,space_invaders,119086,119694,5.0
1926,0,space_invaders,119184,119792,6.0
1927,0,space_invaders,114950,119798,21.0
1928,0,space_invaders,116737,119841,16.0
1929,0,space_invaders,118351,119887,10.0
1930,0,space_invaders,119304,119912,6.0
1931,0,space_invaders,117933,119981,9.0
1932,0,space_invaders,119196,120092,10.0
1933,0,space_invaders,117698,120354,15.0
1934,0,space_invaders,116261,120357,20.0
1935,0,space_invaders,119792,120416,6.0
1936,0,space_invaders,119798,120422,6.0
1937,0,space_invaders,119981,120573,7.0
1938,0,space_invaders,119694,120590,10.0
1939,0,space_invaders,119225,120761,11.0
1940,0,space_invaders,119912,120808,9.0
1941,0,space_invaders,119652,120868,9.0
1942,0,space_invaders,120416,121008,6.0
1943,0,space_invaders,118394,121066,16.0
1944,0,space_invaders,119841,121073,12.0
1945,0,space_invaders,118583,121079,16.0
1946,0,space_invaders,120808,121416,5.0
1947,0,space_invaders,120868,121460,6.0
1948,0,space_invaders,120092,121468,9.0
1949,0,space_invaders,120573,121469,9.0
1950,0,space_invaders,121008,121616,6.0
1951,0,space_invaders,121073,121681,5.0
1952,0,space_invaders,120354,121730,9.0
1953,0,space_invaders,121079,121815,8.0
1954,0,space_invaders,120761,121865,10.0
1955,0,space_invaders,121460,122052,5.0
1956,0,space_invaders,121468,122076,6.0
1957,0,space_invaders,119443,122099,13.0
1958,0,space_invaders,121066,122122,9.0
1959,0,space_invaders,118843,122155,19.0
1960,0,space_invaders,121616,122224,6.0
1961,0,space_invaders,121681,122289,6.0
1962,0,space_invaders,122052,122644,6.0
1963,0,space_invaders,121416,122664,10.0
1964,0,space_invaders,122076,122684,6.0
1965,0,space_invaders,121865,122761,10.0
1966,0,space_invaders,120422,122790,16.0
1967,0,space_invaders,121815,122887,10.0
1968,0,space_invaders,122289,122929,7.0
1969,0,space_invaders,120357,123013,14.0
1970,0,space_invaders,121469,123037,15.0
1971,0,space_invaders,120590,123278,13.0
1972,0,space_invaders,122099,123315,12.0
1973,0,space_invaders,122644,123380,8.0
1974,0,space_invaders,122664,123400,9.0
1975,0,space_invaders,119887,123487,21.0
1976,0,space_invaders,122887,123495,6.0
1977,0,space_invaders,122761,123657,10.0
1978,0,space_invaders,123278,123886,6.0
1979,0,space_invaders,123315,123907,6.0
1980,0,space_invaders,123487,124079,7.0
1981,0,space_invaders,122790,124182,12.0
1982,0,space_invaders,123037,124253,7.0
1983,0,space_invaders,122929,124305,9.0
1984,0,space_invaders,123400,124456,9.0
1985,0,space_invaders,123380,124596,10.0
1986,0,space_invaders,124079,124671,6.0
1987,0,space_invaders,124253,124685,5.0
1988,0,space_invaders,123657,124745,11.0
1989,0,space_invaders,122122,124762,11.0
1990,0,space_invaders,124182,124790,6.0
1991,0,space_invaders,122155,124843,15.0
1992,0,space_invaders,124671,124959,3.0
1993,0,space_invaders,124685,125277,7.0
1994,0,space_invaders,123907,125299,8.0
1995,0,space_invaders,122684,125340,16.0
1996,0,space_invaders,124790,125382,7.0
1997,0,space_invaders,124456,125512,11.0
1998,0,space_invaders,124305,125537,9.0
1999,0,space_invaders,125277,125869,6.0
2000,0,space_invaders,125299,125891,7.0
2001,0,space_invaders,125340,125948,6.0
2002,0,space_invaders,123013,125989,16.0
2003,0,space_invaders,124762,126154,9.0
2004,0,space_invaders,125869,126461,7.0
2005,0,space_invaders,125891,126483,7.0
2006,0,space_invaders,126154,126586,4.0
2007,0,space_invaders,122224,126608,22.0
2008,0,space_invaders,125382,126774,10.0
2009,0,space_invaders,124596,126964,13.0
2010,0,space_invaders,126461,127053,6.0
2011,0,space_invaders,123886,127182,13.0
2012,0,space_invaders,121730,127202,21.0
2013,0,space_invaders,126608,127216,7.0
2014,0,space_invaders,125989,127365,9.0
2015,0,space_invaders,126774,127366,7.0
2016,0,space_invaders,124745,127401,15.0
2017,0,space_invaders,127216,127504,3.0
2018,0,space_invaders,127504,127776,2.0
2019,0,space_invaders,126586,127802,10.0
2020,0,space_invaders,125512,127848,14.0
2021,0,space_invaders,126483,127859,8.0
2022,0,space_invaders,126964,127860,9.0
2023,0,space_invaders,127365,127957,6.0
2024,0,space_invaders,127366,127958,7.0
2025,0,space_invaders,127401,127993,5.0
2026,0,space_invaders,125537,128033,11.0
2027,0,space_invaders,127202,128098,8.0
2028,0,space_invaders,123495,128375,15.0
2029,0,space_invaders,127860,128452,7.0
2030,0,space_invaders,127053,128461,10.0
2031,0,space_invaders,127957,128549,7.0
2032,0,space_invaders,127958,128550,7.0
2033,0,space_invaders,128033,128673,8.0
2034,0,space_invaders,128098,128690,7.0
2035,0,space_invaders,127859,128803,10.0
2036,0,space_invaders,128549,128821,2.0
2037,0,space_invaders,124959,128863,22.0
2038,0,space_invaders,128673,128961,3.0
2039,0,space_invaders,128452,129044,7.0
2040,0,space_invaders,127993,129049,9.0
2041,0,space_invaders,128461,129069,6.0
2042,0,space_invaders,127776,129152,10.0
2043,0,space_invaders,128690,129282,7.0
2044,0,space_invaders,128821,129413,7.0
2045,0,space_invaders,128863,129455,7.0
2046,0,space_invaders,129044,129476,4.0
2047,0,space_invaders,129069,129501,4.0
2048,0,space_invaders,125948,129548,17.0
2049,0,space_invaders,128961,129553,7.0
2050,0,space_invaders,129282,129570,3.0
2051,0,space_invaders,128550,129622,11.0
2052,0,space_invaders,129049,129641,7.0
2053,0,space_invaders,128803,129699,9.0
2054,0,space_invaders,127182,129710,12.0
2055,0,space_invaders,128375,129767,11.0
2056,0,space_invaders,129501,129789,3.0
2057,0,space_invaders,129553,129825,2.0
2058,0,space_invaders,124843,129867,16.0
2059,0,space_invaders,129455,129887,4.0
2060,0,space_invaders,129413,130021,6.0
2061,0,space_invaders,129152,130064,9.0
2062,0,space_invaders,129570,130162,7.0
2063,0,space_invaders,129789,130221,5.0
2064,0,space_invaders,129699,130291,6.0
2065,0,space_invaders,127848,130344,14.0
2066,0,space_invaders,129767,130359,6.0
2067,0,space_invaders,129867,130459,7.0
2068,0,space_invaders,127802,130474,18.0
2069,0,space_invaders,129476,130548,11.0
2070,0,space_invaders,130359,130631,3.0
2071,0,space_invaders,130064,130656,6.0
2072,0,space_invaders,130221,130813,7.0
2073,0,space_invaders,129548,130924,10.0
2074,0,space_invaders,129641,131017,8.0
2075,0,space_invaders,130474,131066,6.0
2076,0,space_invaders,130631,131223,6.0
2077,0,space_invaders,129710,131262,13.0
2078,0,space_invaders,129825,131393,14.0
2079,0,space_invaders,130813,131405,7.0
2080,0,space_invaders,131017,131449,4.0
2081,0,space_invaders,131066,131498,5.0
2082,0,space_invaders,131262,131694,5.0
2083,0,space_invaders,130459,131835,7.0
2084,0,space_invaders,131393,131985,6.0
2085,0,space_invaders,129622,132102,12.0
2086,0,space_invaders,130162,132162,13.0
2087,0,space_invaders,131694,132286,7.0
2088,0,space_invaders,130924,132300,9.0
2089,0,space_invaders,130656,132368,12.0
2090,0,space_invaders,129887,132399,18.0
2091,0,space_invaders,131223,132455,10.0
2092,0,space_invaders,132300,132588,3.0
2093,0,space_invaders,132102,132710,7.0
2094,0,space_invaders,130344,132856,15.0
2095,0,space_invaders,131498,132890,9.0
2096,0,space_invaders,130291,132947,12.0
2097,0,space_invaders,130548,133220,15.0
2098,0,space_invaders,132162,133378,8.0
2099,0,space_invaders,131405,133437,9.0
2100,0,space_invaders,132856,133448,6.0
2101,0,space_invaders,132286,133710,10.0
2102,0,space_invaders,133220,133828,7.0
2103,0,space_invaders,131449,133945,12.0
2104,0,space_invaders,131985,134017,14.0
2105,0,space_invaders,131835,134155,15.0
2106,0,space_invaders,132455,134167,12.0
2107,0,space_invaders,132890,134266,8.0
2108,0,space_invaders,130021,134405,20.0
2109,0,space_invaders,132399,134559,12.0
2110,0,space_invaders,134155,134747,6.0
2111,0,space_invaders,133378,134770,9.0
2112,0,space_invaders,132947,135155,17.0
2113,0,space_invaders,133828,135204,8.0
2114,0,space_invaders,133945,135321,7.0
2115,0,space_invaders,133448,135496,14.0
2116,0,space_invaders,134167,135719,9.0
2117,0,space_invaders,134559,136095,9.0
2118,0,space_invaders,134747,136123,9.0
2119,0,space_invaders,133710,136238,14.0
2120,0,space_invaders,134770,136338,9.0
2121,0,space_invaders,134405,136581,9.0
2122,0,space_invaders,132368,136608,22.0
2123,0,space_invaders,136123,136715,6.0
2124,0,space_invaders,135321,136873,8.0
2125,0,space_invaders,136581,137013,4.0
2126,0,space_invaders,132588,137132,21.0
2127,0,space_invaders,136715,137163,3.0
2128,0,space_invaders,135204,137220,9.0
2129,0,space_invaders,134266,137258,20.0
2130,0,space_invaders,136095,137471,8.0
2131,0,space_invaders,137132,137740,6.0
2132,0,space_invaders,137258,137866,6.0
2133,0,space_invaders,135496,138024,14.0
2134,0,space_invaders,135719,138055,14.0
2135,0,space_invaders,134017,138081,15.0
2136,0,space_invaders,136338,138226,11.0
2137,0,space_invaders,132710,138230,23.0
2138,0,space_invaders,136608,138304,11.0
2139,0,space_invaders,137740,138348,6.0
2140,0,space_invaders,136238,138414,12.0
2141,0,space_invaders,138055,138487,4.0
2142,0,space_invaders,138081,138513,5.0
2143,0,space_invaders,137163,138555,8.0
2144,0,space_invaders,137013,138725,12.0
2145,0,space_invaders,137220,138772,10.0
2146,0,space_invaders,135155,138787,14.0
2147,0,space_invaders,133437,139069,22.0
2148,0,space_invaders,138487,139079,6.0
2149,0,space_invaders,138772,139220,4.0
2150,0,space_invaders,136873,139385,13.0
2151,0,space_invaders,139079,139511,4.0
2152,0,space_invaders,139069,139661,6.0
2153,0,space_invaders,137471,139663,14.0
2154,0,space_invaders,138304,139680,7.0
2155,0,space_invaders,138230,139782,8.0
2156,0,space_invaders,138414,139966,9.0
2157,0,space_invaders,138226,140098,11.0
2158,0,space_invaders,139511,140119,6.0
2159,0,space_invaders,138513,140193,10.0
2160,0,space_invaders,139782,140214,4.0
2161,0,space_invaders,138348,140236,11.0
2162,0,space_invaders,138725,140277,10.0
2163,0,space_invaders,138555,140411,12.0
2164,0,space_invaders,140193,140625,4.0
2165,0,space_invaders,138787,140627,10.0
2166,0,space_invaders,139385,140761,8.0
2167,0,space_invaders,139220,140772,8.0
2168,0,space_invaders,140236,140828,6.0
2169,0,space_invaders,140277,140885,6.0
2170,0,space_invaders,137866,141018,18.0
2171,0,space_invaders,139663,141199,7.0
2172,0,space_invaders,140772,141204,4.0
2173,0,space_invaders,140828,141260,5.0
2174,0,space_invaders,139680,141392,11.0
2175,0,space_invaders,141018,141450,5.0
2176,0,space_invaders,140885,141477,7.0
2177,0,space_invaders,141199,141631,4.0
2178,0,space_invaders,138024,141800,16.0
2179,0,space_invaders,140411,141963,8.0
2180,0,space_invaders,139661,141981,13.0
2181,0,space_invaders,141450,142058,6.0
2182,0,space_invaders,140098,142130,12.0
2183,0,space_invaders,140627,142163,7.0
2184,0,space_invaders,140625,142177,9.0
2185,0,space_invaders,141631,142223,6.0
2186,0,space_invaders,141981,142269,1.0
2187,0,space_invaders,140761,142297,8.0
2188,0,space_invaders,141963,142395,4.0
2189,0,space_invaders,142058,142490,4.0
2190,0,space_invaders,142163,142611,4.0
2191,0,space_invaders,142269,142701,4.0
2192,0,space_invaders,141260,142812,9.0
2193,0,space_invaders,141392,142928,7.0
2194,0,space_invaders,142611,143043,4.0
2195,0,space_invaders,141204,143252,12.0
2196,0,space_invaders,141800,143336,9.0
2197,0,space_invaders,142928,143520,5.0
2198,0,space_invaders,140119,143591,11.0
2199,0,space_invaders,143043,143651,7.0
2200,0,space_invaders,141477,143669,11.0
2201,0,space_invaders,142130,143682,9.0
2202,0,space_invaders,143252,143684,4.0
2203,0,space_invaders,142223,143903,11.0
2204,0,space_invaders,143336,143928,5.0
2205,0,space_invaders,142395,143931,8.0
2206,0,space_invaders,142297,143993,10.0
2207,0,space_invaders,142177,144033,13.0
2208,0,space_invaders,142490,144202,12.0
2209,0,space_invaders,143651,144259,6.0
2210,0,space_invaders,142812,144364,9.0
2211,0,space_invaders,139966,144494,17.0
2212,0,space_invaders,144259,144531,3.0
2213,0,space_invaders,143520,144896,8.0
2214,0,space_invaders,142701,145053,16.0
2215,0,space_invaders,144494,145086,5.0
2216,0,space_invaders,143682,145234,10.0
2217,0,space_invaders,143684,145236,11.0
2218,0,space_invaders,143591,145463,12.0
2219,0,space_invaders,143928,145480,9.0
2220,0,space_invaders,145053,145485,5.0
2221,0,space_invaders,143993,145545,10.0
2222,0,space_invaders,140214,145574,19.0
2223,0,space_invaders,144202,145738,10.0
2224,0,space_invaders,143903,145743,10.0
2225,0,space_invaders,145545,145817,2.0
2226,0,space_invaders,145574,146006,5.0
2227,0,space_invaders,145743,146015,3.0
2228,0,space_invaders,144364,146076,12.0
2229,0,space_invaders,144896,146448,10.0
2230,0,space_invaders,145086,146462,8.0
2231,0,space_invaders,144531,146547,12.0
2232,0,space_invaders,145236,146612,6.0
2233,0,space_invaders,145480,146856,8.0
2234,0,space_invaders,143669,146949,19.0
2235,0,space_invaders,145738,147130,10.0
2236,0,space_invaders,143931,147563,16.0
2237,0,space_invaders,146006,147574,10.0
2238,0,space_invaders,145463,147655,10.0
2239,0,space_invaders,145485,147661,15.0
2240,0,space_invaders,145817,147865,12.0
2241,0,space_invaders,145234,147906,13.0
2242,0,space_invaders,147563,148155,5.0
2243,0,space_invaders,146462,148190,12.0
2244,0,space_invaders,147865,148457,4.0
2245,0,space_invaders,148190,148830,6.0
2246,0,space_invaders,146547,148883,12.0
2247,0,space_invaders,146612,149108,13.0
2248,0,space_invaders,144033,149185,22.0
2249,0,space_invaders,147906,149282,8.0
2250,0,space_invaders,146015,149327,19.0
2251,0,space_invaders,148155,149531,10.0
2252,0,space_invaders,146949,149605,12.0
2253,0,space_invaders,147574,149606,14.0
2254,0,space_invaders,146448,149760,16.0
2255,0,space_invaders,149185,149793,6.0
2256,0,space_invaders,148457,149881,13.0
2257,0,space_invaders,149327,149935,5.0
2258,0,space_invaders,146076,149996,22.0
2259,0,space_invaders,147661,149997,12.0
2260,0,space_invaders,147655,150007,10.0
2261,0,space_invaders,148830,150206,8.0
2262,0,space_invaders,147130,150250,17.0
2263,0,space_invaders,148883,150275,10.0
2264,0,space_invaders,150007,150279,3.0
2265,0,space_invaders,149531,150427,8.0
2266,0,space_invaders,149108,150484,7.0
2267,0,space_invaders,149605,150501,9.0
2268,0,space_invaders,149997,150589,5.0
2269,0,space_invaders,149606,150662,9.0
2270,0,space_invaders,149935,150671,7.0
2271,0,space_invaders,149282,150674,6.0
2272,0,space_invaders,149881,150777,9.0
2273,0,space_invaders,150250,150858,5.0
2274,0,space_invaders,150279,150871,4.0
2275,0,space_invaders,146856,150920,19.0
2276,0,space_invaders,149996,150924,8.0
2277,0,space_invaders,150427,151051,5.0
2278,0,space_invaders,150484,151076,5.0
2279,0,space_invaders,150589,151181,5.0
2280,0,space_invaders,149793,151185,11.0
2281,0,space_invaders,150674,151266,4.0
2282,0,space_invaders,150777,151417,7.0
2283,0,space_invaders,150858,151466,6.0
2284,0,space_invaders,150501,151573,9.0
2285,0,space_invaders,150662,151574,8.0
2286,0,space_invaders,151185,151777,4.0
2287,0,space_invaders,151076,151812,6.0
2288,0,space_invaders,151266,151858,6.0
2289,0,space_invaders,150871,151927,10.0
2290,0,space_invaders,151181,151933,7.0
2291,0,space_invaders,150671,152047,10.0
2292,0,space_invaders,150924,152140,9.0
2293,0,space_invaders,151466,152202,8.0
2294,0,space_invaders,151573,152309,8.0
2295,0,space_invaders,151812,152420,6.0
2296,0,space_invaders,150920,152472,15.0
2297,0,space_invaders,151417,152521,11.0
2298,0,space_invaders,151933,152525,7.0
2299,0,space_invaders,149760,152608,16.0
2300,0,space_invaders,151574,152662,10.0
2301,0,space_invaders,151777,152673,9.0
2302,0,space_invaders,152140,152748,5.0
2303,0,space_invaders,152047,152943,9.0
2304,0,space_invaders,151858,153074,10.0
2305,0,space_invaders,152521,153129,4.0
2306,0,space_invaders,150275,153235,15.0
2307,0,space_invaders,152673,153281,5.0
2308,0,space_invaders,152420,153316,10.0
2309,0,space_invaders,152748,153340,7.0
2310,0,space_invaders,152525,153421,9.0
2311,0,space_invaders,152662,153430,8.0
2312,0,space_invaders,152608,153504,9.0
2313,0,space_invaders,151051,153547,12.0
2314,0,space_invaders,152472,153576,11.0
2315,0,space_invaders,152202,153594,7.0
2316,0,space_invaders,150206,153662,19.0
2317,0,space_invaders,153074,153682,6.0
2318,0,space_invaders,153662,153934,2.0
2319,0,space_invaders,153340,153948,6.0
2320,0,space_invaders,152943,153999,12.0
2321,0,space_invaders,153235,154131,10.0
2322,0,space_invaders,153504,154144,7.0
2323,0,space_invaders,153547,154155,7.0
2324,0,space_invaders,153594,154186,7.0
2325,0,space_invaders,153129,154217,12.0
2326,0,space_invaders,153421,154333,10.0
2327,0,space_invaders,153430,154342,10.0
2328,0,space_invaders,153316,154404,11.0
2329,0,space_invaders,153281,154529,13.0
2330,0,space_invaders,153948,154556,6.0
2331,0,space_invaders,151927,154599,16.0
2332,0,space_invaders,154342,154614,3.0
2333,0,space_invaders,154144,154752,6.0
2334,0,space_invaders,153682,154914,12.0
2335,0,space_invaders,154333,154925,6.0
2336,0,space_invaders,153999,154927,10.0
2337,0,space_invaders,153576,154952,15.0
2338,0,space_invaders,152309,154965,12.0
2339,0,space_invaders,154131,155027,9.0
2340,0,space_invaders,154529,155121,6.0
2341,0,space_invaders,154217,155129,10.0
2342,0,space_invaders,154556,155164,7.0
2343,0,space_invaders,153934,155166,11.0
2344,0,space_invaders,154965,155237,3.0
2345,0,space_invaders,154186,155242,8.0
2346,0,space_invaders,154614,155350,7.0
2347,0,space_invaders,154155,155531,7.0
2348,0,space_invaders,154599,155671,11.0
2349,0,space_invaders,154952,155848,10.0
2350,0,space_invaders,155671,155959,3.0
2351,0,space_invaders,154914,155970,11.0
2352,0,space_invaders,154927,155999,9.0
2353,0,space_invaders,155121,156017,10.0
2354,0,space_invaders,155129,156185,8.0
2355,0,space_invaders,155350,156262,10.0
2356,0,space_invaders,154752,156320,15.0
2357,0,space_invaders,154925,156509,15.0
2358,0,space_invaders,155166,156542,10.0
2359,0,space_invaders,155999,156591,6.0
2360,0,space_invaders,154404,156612,13.0
2361,0,space_invaders,155164,156700,11.0
2362,0,space_invaders,155237,156773,12.0
2363,0,space_invaders,155242,156794,11.0
2364,0,space_invaders,155531,156923,11.0
2365,0,space_invaders,156017,157073,8.0
2366,0,space_invaders,155848,157384,12.0
2367,0,space_invaders,155970,157522,11.0
2368,0,space_invaders,156794,157850,11.0
2369,0,space_invaders,157522,157954,4.0
2370,0,space_invaders,156591,157967,7.0
2371,0,space_invaders,156773,157989,8.0
2372,0,space_invaders,156700,158252,11.0
2373,0,space_invaders,157384,158280,9.0
2374,0,space_invaders,156320,158368,12.0
2375,0,space_invaders,155027,158467,21.0
2376,0,space_invaders,155959,158471,11.0
2377,0,space_invaders,156923,158475,10.0
2378,0,space_invaders,157967,158559,5.0
2379,0,space_invaders,156542,158734,14.0
2380,0,space_invaders,156262,158774,16.0
2381,0,space_invaders,158280,158872,5.0
2382,0,space_invaders,157850,159066,11.0
2383,0,space_invaders,158475,159115,7.0
2384,0,space_invaders,156612,159140,14.0
2385,0,space_invaders,158252,159148,10.0
2386,0,space_invaders,158559,159151,7.0
2387,0,space_invaders,157954,159186,11.0
2388,0,space_invaders,159066,159338,2.0
2389,0,space_invaders,158471,159367,7.0
2390,0,space_invaders,158774,159382,6.0
2391,0,space_invaders,157073,159553,12.0
2392,0,space_invaders,159151,159583,4.0
2393,0,space_invaders,159115,159707,6.0
2394,0,space_invaders,159148,159740,6.0
2395,0,space_invaders,158872,159768,9.0
2396,0,space_invaders,158467,159843,9.0
2397,0,space_invaders,159583,159855,3.0
2398,0,space_invaders,159367,159959,7.0
2399,0,space_invaders,159140,160052,10.0
2400,0,space_invaders,159186,160114,10.0
2401,0,space_invaders,159553,160145,6.0
2402,0,space_invaders,159338,160234,9.0
2403,0,space_invaders,158368,160256,13.0
2404,0,space_invaders,159707,160299,7.0
2405,0,space_invaders,156185,160425,19.0
2406,0,space_invaders,159843,160435,7.0
2407,0,space_invaders,159855,160447,6.0
2408,0,space_invaders,159959,160567,6.0
2409,0,space_invaders,157989,160629,15.0
2410,0,space_invaders,160114,160706,7.0
2411,0,space_invaders,160145,160737,5.0
2412,0,space_invaders,156509,160749,23.0
2413,0,space_invaders,160052,160948,9.0
2414,0,space_invaders,160256,160992,8.0
2415,0,space_invaders,159768,161000,13.0
2416,0,space_invaders,160435,161027,7.0
2417,0,space_invaders,160425,161033,5.0
2418,0,space_invaders,160567,161159,6.0
2419,0,space_invaders,160234,161306,9.0
2420,0,space_invaders,160706,161346,7.0
2421,0,space_invaders,160447,161375,10.0
2422,0,space_invaders,160299,161563,13.0
2423,0,space_invaders,161000,161608,6.0
2424,0,space_invaders,161346,161618,3.0
2425,0,space_invaders,160749,161661,11.0
2426,0,space_invaders,158734,161742,13.0
2427,0,space_invaders,161159,161751,6.0
2428,0,space_invaders,161033,161945,9.0
2429,0,space_invaders,161375,161983,6.0
2430,0,space_invaders,160948,162020,11.0
2431,0,space_invaders,159382,162038,16.0
2432,0,space_invaders,161618,162226,6.0
2433,0,space_invaders,161661,162253,5.0
2434,0,space_invaders,161563,162299,8.0
2435,0,space_invaders,160737,162305,9.0
2436,0,space_invaders,161608,162376,8.0
2437,0,space_invaders,161742,162478,8.0
2438,0,space_invaders,161983,162575,6.0
2439,0,space_invaders,161027,162611,13.0
2440,0,space_invaders,162020,162612,6.0
2441,0,space_invaders,161306,162698,7.0
2442,0,space_invaders,162226,162818,5.0
2443,0,space_invaders,159740,162876,18.0
2444,0,space_invaders,162611,162883,3.0
2445,0,space_invaders,162478,163086,5.0
2446,0,space_invaders,161945,163177,10.0
2447,0,space_invaders,160992,163184,18.0
2448,0,space_invaders,162305,163217,10.0
2449,0,space_invaders,162612,163220,6.0
2450,0,space_invaders,162376,163272,10.0
2451,0,space_invaders,162698,163290,7.0
2452,0,space_invaders,162575,163311,8.0
2453,0,space_invaders,162818,163410,6.0
2454,0,space_invaders,160629,163461,19.0
2455,0,space_invaders,162253,163485,10.0
2456,0,space_invaders,163217,163825,5.0
2457,0,space_invaders,163311,164047,8.0
2458,0,space_invaders,163485,164093,6.0
2459,0,space_invaders,163177,164105,10.0
2460,0,space_invaders,163220,164132,9.0
2461,0,space_invaders,163290,164218,10.0
2462,0,space_invaders,163410,164338,8.0
2463,0,space_invaders,163272,164344,11.0
2464,0,space_invaders,162299,164635,14.0
2465,0,space_invaders,162876,164716,16.0
2466,0,space_invaders,164218,164810,6.0
2467,0,space_invaders,163461,164869,12.0
2468,0,space_invaders,162038,165014,16.0
2469,0,space_invaders,164132,165028,9.0
2470,0,space_invaders,163825,165201,10.0
2471,0,space_invaders,164047,165279,8.0
2472,0,space_invaders,164093,165485,10.0
2473,0,space_invaders,163184,165536,14.0
2474,0,space_invaders,165028,165620,7.0
2475,0,space_invaders,163086,165742,14.0
2476,0,space_invaders,164716,165772,8.0
2477,0,space_invaders,165485,166077,6.0
2478,0,space_invaders,165742,166334,7.0
2479,0,space_invaders,165014,166406,9.0
2480,0,space_invaders,164869,166421,11.0
2481,0,space_invaders,166077,166509,4.0
2482,0,space_invaders,164810,166666,16.0
2483,0,space_invaders,165201,166737,12.0
2484,0,space_invaders,161751,166855,22.0
2485,0,space_invaders,166334,166926,7.0
2486,0,space_invaders,166406,167014,6.0
2487,0,space_invaders,166509,167101,7.0
2488,0,space_invaders,166855,167143,3.0
2489,0,space_invaders,164105,167225,17.0
2490,0,space_invaders,166666,167258,7.0
2491,0,space_invaders,164338,167458,17.0
2492,0,space_invaders,164344,167480,22.0
2493,0,space_invaders,166421,167509,12.0
2494,0,space_invaders,167014,167606,7.0
2495,0,space_invaders,167101,167709,6.0
2496,0,space_invaders,167225,167817,6.0
2497,0,space_invaders,165536,167872,15.0
2498,0,space_invaders,166737,167969,9.0
2499,0,space_invaders,167458,168050,7.0
2500,0,space_invaders,162883,168051,21.0
2501,0,space_invaders,167509,168101,7.0
2502,0,space_invaders,165620,168148,18.0
2503,0,space_invaders,165772,168284,14.0
2504,0,space_invaders,166926,168318,9.0
2505,0,space_invaders,165279,168415,18.0
2506,0,space_invaders,168148,168420,3.0
2507,0,space_invaders,167872,168480,6.0
2508,0,space_invaders,167143,168551,12.0
2509,0,space_invaders,167969,168561,6.0
2510,0,space_invaders,167258,168634,9.0
2511,0,space_invaders,168101,168693,6.0
2512,0,space_invaders,168415,169007,7.0
2513,0,space_invaders,168561,169153,7.0
2514,0,space_invaders,168551,169175,6.0
2515,0,space_invaders,168634,169226,5.0
2516,0,space_invaders,164635,169243,23.0
2517,0,space_invaders,168693,169285,6.0
2518,0,space_invaders,168050,169442,10.0
2519,0,space_invaders,169007,169599,7.0
2520,0,space_invaders,168420,169668,11.0
2521,0,space_invaders,169153,169745,5.0
2522,0,space_invaders,168284,169820,15.0
2523,0,space_invaders,168480,169856,8.0
2524,0,space_invaders,169285,169893,5.0
2525,0,space_invaders,169442,170034,5.0
2526,0,space_invaders,169599,170191,6.0
2527,0,space_invaders,167606,170262,12.0
2528,0,space_invaders,169745,170337,6.0
2529,0,space_invaders,169668,170564,10.0
2530,0,space_invaders,168318,170670,19.0
2531,0,space_invaders,168051,170723,21.0
2532,0,space_invaders,169175,170743,12.0
2533,0,space_invaders,169226,170762,13.0
2534,0,space_invaders,170262,170870,6.0
2535,0,space_invaders,169893,170949,7.0
2536,0,space_invaders,170762,171050,3.0
2537,0,space_invaders,170337,171073,8.0
2538,0,space_invaders,170191,171087,10.0
2539,0,space_invaders,169243,171131,11.0
2540,0,space_invaders,170670,171262,7.0
2541,0,space_invaders,167817,171273,19.0
2542,0,space_invaders,170743,171335,6.0
2543,0,space_invaders,171087,171359,3.0
2544,0,space_invaders,169820,171372,11.0
2545,0,space_invaders,170564,171460,7.0
2546,0,space_invaders,167709,171629,19.0
2547,0,space_invaders,171131,171723,6.0
2548,0,space_invaders,171262,171854,6.0
2549,0,space_invaders,171273,171865,7.0
2550,0,space_invaders,171335,171927,6.0
2551,0,space_invaders,171359,171951,7.0
2552,0,space_invaders,171460,172068,7.0
2553,0,space_invaders,170723,172275,16.0
2554,0,space_invaders,171723,172315,7.0
2555,0,space_invaders,170034,172386,20.0
2556,0,space_invaders,171854,172446,6.0
2557,0,space_invaders,171073,172609,10.0
2558,0,space_invaders,171927,172663,8.0
2559,0,space_invaders,167480,172808,21.0
2560,0,space_invaders,172275,172867,7.0
2561,0,space_invaders,171865,172921,10.0
2562,0,space_invaders,172386,172978,6.0
2563,0,space_invaders,172446,173054,6.0
2564,0,space_invaders,172609,173217,6.0
2565,0,space_invaders,172068,173300,9.0
2566,0,space_invaders,170870,173382,18.0
2567,0,space_invaders,172921,173513,7.0
2568,0,space_invaders,171050,173546,14.0
2569,0,space_invaders,170949,173589,14.0
2570,0,space_invaders,173513,173801,3.0
2571,0,space_invaders,173217,173809,7.0
2572,0,space_invaders,172315,173883,15.0
2573,0,space_invaders,173546,174138,5.0
2574,0,space_invaders,172808,174184,9.0
2575,0,space_invaders,171372,174348,20.0
2576,0,space_invaders,172978,174354,9.0
2577,0,space_invaders,173801,174393,7.0
2578,0,space_invaders,171951,174479,17.0
2579,0,space_invaders,171629,174781,19.0
2580,0,space_invaders,173382,174790,10.0
2581,0,space_invaders,173300,174868,10.0
2582,0,space_invaders,174393,174985,6.0
2583,0,space_invaders,173809,175025,11.0
2584,0,space_invaders,174781,175053,3.0
2585,0,space_invaders,174354,175250,10.0
2586,0,space_invaders,174348,175260,9.0
2587,0,space_invaders,172867,175395,13.0
2588,0,space_invaders,169856,175584,21.0
2589,0,space_invaders,174479,175711,10.0
2590,0,space_invaders,174868,175764,9.0
2591,0,space_invaders,175250,175842,7.0
2592,0,space_invaders,173054,175870,16.0
2593,0,space_invaders,175053,175965,10.0
2594,0,space_invaders,175395,175987,6.0
2595,0,space_invaders,172663,176119,20.0
2596,0,space_invaders,174790,176166,14.0
2597,0,space_invaders,175711,176303,7.0
2598,0,space_invaders,174138,176330,15.0
2599,0,space_invaders,173883,176379,17.0
2600,0,space_invaders,175842,176434,6.0
2601,0,space_invaders,175987,176595,6.0
2602,0,space_invaders,176330,176922,7.0
2603,0,space_invaders,175764,177156,10.0
2604,0,space_invaders,173589,177205,22.0
2605,0,space_invaders,175025,177361,15.0
2606,0,space_invaders,174985,177481,16.0
2607,0,space_invaders,175965,177517,11.0
2608,0,space_invaders,176166,177558,10.0
2609,0,space_invaders,176119,177671,10.0
2610,0,space_invaders,176303,177679,8.0
2611,0,space_invaders,176379,177755,7.0
2612,0,space_invaders,174184,177768,19.0
2613,0,space_invaders,175260,177772,12.0
2614,0,space_invaders,177205,177797,7.0
2615,0,space_invaders,176434,177826,9.0
2616,0,space_invaders,175584,177904,15.0
2617,0,space_invaders,176595,178147,13.0
2618,0,space_invaders,176922,178314,12.0
2619,0,space_invaders,177904,178512,6.0
2620,0,space_invaders,175870,178542,16.0
2621,0,space_invaders,177671,178567,8.0
2622,0,space_invaders,177517,178573,7.0
2623,0,space_invaders,177797,178693,8.0
2624,0,space_invaders,177156,178724,11.0
2625,0,space_invaders,177679,178735,10.0
2626,0,space_invaders,177361,178913,9.0
2627,0,space_invaders,177558,179094,10.0
2628,0,space_invaders,178542,179134,6.0
2629,0,space_invaders,178693,179301,6.0
2630,0,space_invaders,177755,179307,11.0
2631,0,space_invaders,177768,179320,11.0
2632,0,space_invaders,177772,179324,10.0
2633,0,space_invaders,178913,179505,6.0
2634,0,space_invaders,179094,179686,7.0
2635,0,space_invaders,178147,179699,9.0
2636,0,space_invaders,177481,179849,11.0
2637,0,space_invaders,178314,179898,15.0
2638,0,space_invaders,179307,179899,5.0
2639,0,space_invaders,178567,180119,10.0
2640,0,space_invaders,179320,180216,9.0
2641,0,space_invaders,178724,180276,11.0
2642,0,space_invaders,179686,180278,6.0
2643,0,space_invaders,177826,180626,20.0
2644,0,space_invaders,180278,180870,7.0
2645,0,space_invaders,179699,180915,9.0
2646,0,space_invaders,180216,180984,8.0
2647,0,space_invaders,178512,181168,13.0
2648,0,space_invaders,180276,181172,10.0
2649,0,space_invaders,178573,181229,18.0
2650,0,space_invaders,179849,181401,12.0
2651,0,space_invaders,180984,181416,4.0
2652,0,space_invaders,179898,181450,13.0
2653,0,space_invaders,180119,181655,10.0
2654,0,space_invaders,178735,181711,22.0
2655,0,space_invaders,179134,181790,19.0
2656,0,space_invaders,181168,181792,6.0
2657,0,space_invaders,179301,181941,16.0
2658,0,space_invaders,181401,181993,6.0
2659,0,space_invaders,180915,182131,13.0
2660,0,space_invaders,179324,182156,16.0
2661,0,space_invaders,181790,182222,5.0
2662,0,space_invaders,181229,182317,11.0
2663,0,space_invaders,180626,182338,14.0
2664,0,space_invaders,181450,182362,10.0
2665,0,space_invaders,179899,182379,12.0
2666,0,space_invaders,182131,182723,6.0
2667,0,space_invaders,181941,182853,9.0
2668,0,space_invaders,182338,182930,4.0
2669,0,space_invaders,182362,182970,7.0
2670,0,space_invaders,182970,183242,2.0
2671,0,space_invaders,179505,183377,23.0
2672,0,space_invaders,180870,183510,20.0
2673,0,space_invaders,182222,183598,9.0
2674,0,space_invaders,181993,183673,12.0
2675,0,space_invaders,181172,183828,19.0
2676,0,space_invaders,182723,183955,12.0
2677,0,space_invaders,182317,183997,12.0
2678,0,space_invaders,183510,184118,5.0
2679,0,space_invaders,182853,184245,10.0
2680,0,space_invaders,182930,184338,11.0
2681,0,space_invaders,181792,184448,16.0
2682,0,space_invaders,183598,184510,9.0
2683,0,space_invaders,183997,184589,6.0
2684,0,space_invaders,181655,184631,18.0
2685,0,space_invaders,181711,184671,16.0
2686,0,space_invaders,182379,184859,13.0
2687,0,space_invaders,184338,184946,6.0
2688,0,space_invaders,183673,185049,8.0
2689,0,space_invaders,184448,185056,6.0
2690,0,space_invaders,183828,185060,11.0
2691,0,space_invaders,182156,185132,19.0
2692,0,space_invaders,181416,185176,19.0
2693,0,space_invaders,184631,185223,4.0
2694,0,space_invaders,184118,185510,10.0
2695,0,space_invaders,184245,185653,12.0
2696,0,space_invaders,185060,185700,6.0
2697,0,space_invaders,183377,185713,15.0
2698,0,space_invaders,184510,185742,8.0
2699,0,space_invaders,185223,185831,5.0
2700,0,space_invaders,185132,185868,8.0
2701,0,space_invaders,184859,186075,8.0
2702,0,space_invaders,184671,186079,11.0
2703,0,space_invaders,183242,186362,16.0
2704,0,space_invaders,185510,186422,8.0
2705,0,space_invaders,185049,186457,13.0
2706,0,space_invaders,185176,186568,7.0
2707,0,space_invaders,185700,186596,6.0
2708,0,space_invaders,185713,186609,10.0
2709,0,space_invaders,184589,186797,15.0
2710,0,space_invaders,186362,186954,5.0
2711,0,space_invaders,186075,187131,9.0
2712,0,space_invaders,185868,187260,10.0
2713,0,space_invaders,186457,187385,10.0
2714,0,space_invaders,186422,187478,7.0
2715,0,space_invaders,186954,187546,5.0
2716,0,space_invaders,186079,187631,10.0
2717,0,space_invaders,186797,187693,9.0
2718,0,space_invaders,185056,187728,12.0
2719,0,space_invaders,187131,187755,6.0
2720,0,space_invaders,184946,187762,15.0
2721,0,space_invaders,187260,187868,5.0
2722,0,space_invaders,186596,187988,9.0
2723,0,space_invaders,186609,188017,9.0
2724,0,space_invaders,187478,188070,5.0
2725,0,space_invaders,185653,188341,16.0
2726,0,space_invaders,183955,188355,20.0
2727,0,space_invaders,187755,188363,5.0
2728,0,space_invaders,187988,188596,6.0
2729,0,space_invaders,188017,188657,6.0
2730,0,space_invaders,187631,188703,10.0
2731,0,space_invaders,187546,188762,11.0
2732,0,space_invaders,187693,188909,10.0
2733,0,space_invaders,188341,188933,4.0
2734,0,space_invaders,188657,189089,4.0
2735,0,space_invaders,186568,189240,14.0
2736,0,space_invaders,188363,189259,8.0
2737,0,space_invaders,188355,189267,10.0
2738,0,space_invaders,188703,189295,6.0
2739,0,space_invaders,188762,189370,5.0
2740,0,space_invaders,185742,189486,16.0
2741,0,space_invaders,188596,189684,10.0
2742,0,space_invaders,189267,190003,7.0
2743,0,space_invaders,189370,190010,6.0
2744,0,space_invaders,187385,190041,14.0
2745,0,space_invaders,189240,190152,9.0
2746,0,space_invaders,187728,190224,12.0
2747,0,space_invaders,189684,190292,6.0
2748,0,space_invaders,190041,190633,5.0
2749,0,space_invaders,185831,190663,23.0
2750,0,space_invaders,188070,190870,19.0
2751,0,space_invaders,190292,190884,6.0
2752,0,space_invaders,187762,190898,15.0
2753,0,space_invaders,190010,191066,10.0
2754,0,space_invaders,190224,191120,10.0
2755,0,space_invaders,190663,191559,8.0
2756,0,space_invaders,188909,191581,13.0
2757,0,space_invaders,188933,191781,18.0
2758,0,space_invaders,190884,191796,10.0
2759,0,space_invaders,189089,191889,15.0
2760,0,space_invaders,190870,191926,12.0
2761,0,space_invaders,190898,191970,10.0
2762,0,space_invaders,189486,191998,16.0
2763,0,space_invaders,189295,192143,16.0
2764,0,space_invaders,191781,192373,7.0
2765,0,space_invaders,191796,192404,6.0
2766,0,space_invaders,191581,192477,9.0
2767,0,space_invaders,191889,192481,5.0
2768,0,space_invaders,190152,192504,13.0
2769,0,space_invaders,191120,192512,10.0
2770,0,space_invaders,187868,192588,22.0
2771,0,space_invaders,192504,192776,3.0
2772,0,space_invaders,192404,192996,6.0
2773,0,space_invaders,192477,193085,6.0
2774,0,space_invaders,190003,193459,17.0
2775,0,space_invaders,189259,193483,22.0
2776,0,space_invaders,192588,193484,8.0
2777,0,space_invaders,192776,193672,8.0
2778,0,space_invaders,192143,193711,8.0
2779,0,space_invaders,191066,193754,18.0
2780,0,space_invaders,192373,193765,11.0
2781,0,space_invaders,192481,193857,8.0
2782,0,space_invaders,192512,193888,8.0
2783,0,space_invaders,191559,194039,17.0
2784,0,space_invaders,193459,194051,5.0
2785,0,space_invaders,192996,194052,10.0
2786,0,space_invaders,193085,194317,10.0
2787,0,space_invaders,194051,194323,2.0
2788,0,space_invaders,191998,194366,13.0
2789,0,space_invaders,193484,194380,8.0
2790,0,space_invaders,193754,194666,10.0
2791,0,space_invaders,193857,194753,9.0
2792,0,space_invaders,194052,194788,7.0
2793,0,space_invaders,193483,194875,14.0
2794,0,space_invaders,193711,194943,9.0
2795,0,space_invaders,194380,194972,7.0
2796,0,space_invaders,190633,195017,19.0
2797,0,space_invaders,194323,195075,8.0
2798,0,space_invaders,194317,195245,10.0
2799,0,space_invaders,193888,195280,14.0
2800,0,space_invaders,194366,195438,10.0
2801,0,space_invaders,194972,195564,6.0
2802,0,space_invaders,194753,195809,12.0
2803,0,space_invaders,195280,195872,6.0
2804,0,space_invaders,194666,195882,9.0
2805,0,space_invaders,191926,195990,23.0
2806,0,space_invaders,193765,196245,15.0
2807,0,space_invaders,194875,196283,11.0
2808,0,space_invaders,195990,196582,5.0
2809,0,space_invaders,195075,196627,11.0
2810,0,space_invaders,193672,196664,18.0
2811,0,space_invaders,196283,196875,5.0
2812,0,space_invaders,191970,197010,21.0
2813,0,space_invaders,194788,197124,13.0
2814,0,space_invaders,196582,197190,6.0
2815,0,space_invaders,196664,197256,5.0
2816,0,space_invaders,195882,197258,9.0
2817,0,space_invaders,194943,197311,14.0
2818,0,space_invaders,194039,197351,21.0
2819,0,space_invaders,195809,197361,11.0
2820,0,space_invaders,196875,197467,7.0
2821,0,space_invaders,196627,197699,10.0
2822,0,space_invaders,195438,197774,12.0
2823,0,space_invaders,197258,197850,7.0
2824,0,space_invaders,195245,197901,18.0
2825,0,space_invaders,197351,197943,6.0
2826,0,space_invaders,197361,197953,7.0
2827,0,space_invaders,197124,198196,12.0
2828,0,space_invaders,197256,198312,11.0
2829,0,space_invaders,197850,198442,7.0
2830,0,space_invaders,197901,198493,6.0
2831,0,space_invaders,197943,198535,6.0
2832,0,space_invaders,197699,198595,9.0
2833,0,space_invaders,197190,198726,12.0
2834,0,space_invaders,198312,198904,7.0
2835,0,space_invaders,198442,199050,5.0
2836,0,space_invaders,197774,199166,11.0
2837,0,space_invaders,198493,199245,8.0
2838,0,space_invaders,198196,199284,11.0
2839,0,space_invaders,198535,199431,9.0
2840,0,space_invaders,195017,199673,23.0
2841,0,space_invaders,199166,199758,5.0
2842,0,space_invaders,197010,199810,16.0
2843,0,space_invaders,198595,199811,13.0
2844,0,space_invaders,198904,199816,9.0
2845,0,space_invaders,199431,200071,7.0
2846,0,space_invaders,197467,200139,14.0
2847,0,space_invaders,195872,200192,22.0
2848,0,space_invaders,199284,200196,10.0
2849,0,space_invaders,199673,200265,6.0
2850,0,space_invaders,198726,200310,13.0
2851,0,space_invaders,199810,200402,6.0
2852,0,space_invaders,199811,200403,6.0
2853,0,space_invaders,199050,200426,8.0
2854,0,space_invaders,197953,200433,18.0
2855,0,space_invaders,195564,200476,23.0
2856,0,space_invaders,199816,200568,8.0
2857,0,space_invaders,199758,201006,11.0
2858,0,space_invaders,196245,201061,21.0
2859,0,space_invaders,200192,201120,9.0
2860,0,space_invaders,200568,201160,7.0
2861,0,space_invaders,200139,201403,12.0
2862,0,space_invaders,199245,201453,17.0
2863,0,space_invaders,200426,201498,10.0
2864,0,space_invaders,201006,201614,7.0
2865,0,space_invaders,200196,201620,15.0
2866,0,space_invaders,201160,201784,6.0
2867,0,space_invaders,200403,201811,13.0
2868,0,space_invaders,200476,201884,12.0
2869,0,space_invaders,200071,201911,13.0
2870,0,space_invaders,197311,202015,20.0
2871,0,space_invaders,201403,202043,7.0
2872,0,space_invaders,201614,202206,5.0
2873,0,space_invaders,201620,202212,6.0
2874,0,space_invaders,201784,202376,6.0
2875,0,space_invaders,201884,202492,6.0
2876,0,space_invaders,201911,202503,7.0
2877,0,space_invaders,200402,202578,14.0
2878,0,space_invaders,202015,202607,7.0
2879,0,space_invaders,200310,202790,13.0
2880,0,space_invaders,202376,202968,6.0
2881,0,space_invaders,201453,203037,14.0
2882,0,space_invaders,202578,203170,7.0
2883,0,space_invaders,202607,203199,6.0
2884,0,space_invaders,202790,203382,7.0
2885,0,space_invaders,202492,203404,8.0
2886,0,space_invaders,201061,203429,15.0
2887,0,space_invaders,201498,203530,18.0
2888,0,space_invaders,202968,203560,6.0
2889,0,space_invaders,202043,203595,11.0
2890,0,space_invaders,203037,203629,6.0
2891,0,space_invaders,202212,203780,11.0
2892,0,space_invaders,203629,203917,3.0
2893,0,space_invaders,203382,203974,7.0
2894,0,space_invaders,203429,204021,7.0
2895,0,space_invaders,201120,204112,15.0
2896,0,space_invaders,203530,204122,6.0
2897,0,space_invaders,203595,204187,6.0
2898,0,space_invaders,203404,204300,10.0
2899,0,space_invaders,203780,204388,6.0
2900,0,space_invaders,201811,204451,15.0
2901,0,space_invaders,203560,204456,11.0
2902,0,space_invaders,203974,204566,7.0
2903,0,space_invaders,200433,204657,22.0
2904,0,space_invaders,200265,204665,22.0
2905,0,space_invaders,204112,204704,7.0
2906,0,space_invaders,204122,204714,6.0
2907,0,space_invaders,204451,204739,3.0
2908,0,space_invaders,204021,204757,8.0
2909,0,space_invaders,204300,204892,7.0
2910,0,space_invaders,204388,204980,7.0
2911,0,space_invaders,204456,205048,6.0
2912,0,space_invaders,204566,205158,7.0
2913,0,space_invaders,204665,205257,6.0
2914,0,space_invaders,204704,205296,7.0
2915,0,space_invaders,204757,205349,7.0
2916,0,space_invaders,204657,205409,8.0
2917,0,space_invaders,205158,205446,3.0
2918,0,space_invaders,204892,205484,7.0
2919,0,space_invaders,204980,205572,6.0
2920,0,space_invaders,203199,205679,17.0
2921,0,space_invaders,205409,205697,3.0
2922,0,space_invaders,205349,205941,6.0
2923,0,space_invaders,202503,205943,22.0
2924,0,space_invaders,205679,205951,3.0
2925,0,space_invaders,205572,206004,4.0
2926,0,space_invaders,205484,206076,7.0
2927,0,space_invaders,203170,206146,18.0
2928,0,space_invaders,204187,206203,16.0
2929,0,space_invaders,205951,206239,3.0
2930,0,space_invaders,203917,206285,17.0
2931,0,space_invaders,205697,206289,6.0
2932,0,space_invaders,205943,206535,6.0
2933,0,space_invaders,206285,206717,4.0
2934,0,space_invaders,202206,206750,22.0
2935,0,space_invaders,206203,206811,6.0
2936,0,space_invaders,205048,206888,14.0
2937,0,space_invaders,206717,207309,7.0
2938,0,space_invaders,206750,207342,6.0
2939,0,space_invaders,206888,207480,7.0
2940,0,space_invaders,205941,207509,12.0
2941,0,space_invaders,205257,207625,16.0
2942,0,space_invaders,206076,207772,13.0
2943,0,space_invaders,206146,207826,14.0
2944,0,space_invaders,206289,207841,10.0
2945,0,space_invaders,207625,207897,3.0
2946,0,space_invaders,206535,208071,9.0
2947,0,space_invaders,207509,208101,6.0
2948,0,space_invaders,205446,208102,16.0
2949,0,space_invaders,208071,208359,1.0
2950,0,space_invaders,207826,208418,7.0
2951,0,space_invaders,204714,208474,21.0
2952,0,space_invaders,206004,208660,16.0
2953,0,space_invaders,208102,208694,7.0
2954,0,space_invaders,206239,208751,15.0
2955,0,space_invaders,206811,208827,14.0
2956,0,space_invaders,208359,208967,7.0
2957,0,space_invaders,208694,209286,6.0
2958,0,space_invaders,207897,209433,10.0
2959,0,space_invaders,204739,209491,21.0
2960,0,space_invaders,208101,209493,10.0
2961,0,space_invaders,207309,209677,15.0
2962,0,space_invaders,205296,209808,23.0
2963,0,space_invaders,207342,209870,13.0
2964,0,space_invaders,208751,209967,7.0
2965,0,space_invaders,207480,209992,13.0
2966,0,space_invaders,208474,210010,10.0
2967,0,space_invaders,209493,210085,5.0
2968,0,space_invaders,207772,210108,14.0
2969,0,space_invaders,209491,210259,7.0
2970,0,space_invaders,208418,210274,14.0
2971,0,space_invaders,210259,210851,6.0
2972,0,space_invaders,208967,210967,12.0
2973,0,space_invaders,209433,210985,10.0
2974,0,space_invaders,210010,211066,8.0
2975,0,space_invaders,208660,211140,12.0
2976,0,space_invaders,208827,211355,14.0
2977,0,space_invaders,209992,211368,8.0
2978,0,space_invaders,209286,212118,14.0
2979,0,space_invaders,210108,212588,13.0
2980,0,space_invaders,210085,212725,13.0
2981,0,space_invaders,211368,212744,7.0
2982,0,space_invaders,211355,212907,11.0
2983,0,space_invaders,210274,213106,16.0
2984,0,space_invaders,207841,213185,22.0
2985,0,space_invaders,210967,213479,13.0
2986,0,space_invaders,212907,213499,7.0
2987,0,space_invaders,209967,213551,16.0
2988,0,space_invaders,213106,213698,6.0
2989,0,space_invaders,210851,213699,17.0
2990,0,space_invaders,211066,213738,16.0
2991,0,space_invaders,210985,213801,15.0
2992,0,space_invaders,213698,213970,2.0
2993,0,space_invaders,209870,214110,20.0
2994,0,space_invaders,209808,214672,21.0
2995,0,space_invaders,212118,214758,13.0
2996,0,space_invaders,209677,214797,23.0
2997,0,space_invaders,213551,214927,8.0
2998,0,space_invaders,213801,215209,11.0
2999,0,space_invaders,211140,215220,22.0
3000,0,space_invaders,213738,215322,12.0
3001,0,space_invaders,213499,215355,14.0
3002,0,space_invaders,214110,215678,12.0
3003,0,space_invaders,212725,215701,19.0
3004,0,space_invaders,215209,215801,6.0
3005,0,space_invaders,215322,215930,6.0
3006,0,space_invaders,215355,215947,7.0
3007,0,space_invaders,213185,216017,21.0
3008,0,space_invaders,213699,216211,15.0
3009,0,space_invaders,215678,216270,7.0
3010,0,space_invaders,213479,216279,17.0
3011,0,space_invaders,215701,216293,7.0
3012,0,space_invaders,214758,216326,10.0
3013,0,space_invaders,212588,216348,20.0
3014,0,space_invaders,215947,216539,6.0
3015,0,space_invaders,213970,216642,18.0
3016,0,space_invaders,215220,216772,10.0
3017,0,space_invaders,216348,216780,5.0
3018,0,space_invaders,216279,216871,6.0
3019,0,space_invaders,216293,216885,7.0
3020,0,space_invaders,216772,217060,3.0
3021,0,space_invaders,216539,217131,7.0
3022,0,space_invaders,216642,217234,7.0
3023,0,space_invaders,216871,217479,7.0
3024,0,space_invaders,212744,217528,23.0
3025,0,space_invaders,217131,217563,5.0
3026,0,space_invaders,215930,217610,14.0
3027,0,space_invaders,214672,217664,20.0
3028,0,space_invaders,214927,217759,19.0
3029,0,space_invaders,217234,217826,7.0
3030,0,space_invaders,216326,217878,12.0
3031,0,space_invaders,217664,218096,5.0
3032,0,space_invaders,217528,218120,7.0
3033,0,space_invaders,216780,218204,13.0
3034,0,space_invaders,217759,218351,7.0
3035,0,space_invaders,218096,218368,2.0
3036,0,space_invaders,216885,218437,11.0
3037,0,space_invaders,217878,218518,6.0
3038,0,space_invaders,216270,218638,13.0
3039,0,space_invaders,217060,218644,14.0
3040,0,space_invaders,217479,218871,10.0
3041,0,space_invaders,218437,219029,7.0
3042,0,space_invaders,218518,219110,7.0
3043,0,space_invaders,214797,219165,21.0
3044,0,space_invaders,218644,219236,7.0
3045,0,space_invaders,219029,219461,5.0
3046,0,space_invaders,217826,219522,14.0
3047,0,space_invaders,219236,219828,6.0
3048,0,space_invaders,219522,220114,7.0
3049,0,space_invaders,216211,220259,19.0
3050,0,space_invaders,218871,220423,9.0
3051,0,space_invaders,217610,220426,18.0
3052,0,space_invaders,218204,220556,13.0
3053,0,space_invaders,215801,220601,23.0
3054,0,space_invaders,218351,220687,19.0
3055,0,space_invaders,216017,220785,23.0
3056,0,space_invaders,220259,220851,6.0
3057,0,space_invaders,219165,220893,15.0
3058,0,space_invaders,218368,221008,14.0
3059,0,space_invaders,218638,221278,15.0
3060,0,space_invaders,219461,221349,17.0
3061,0,space_invaders,218120,221416,21.0
3062,0,space_invaders,220556,221612,10.0
3063,0,space_invaders,219110,221798,13.0
3064,0,space_invaders,221416,222008,6.0
3065,0,space_invaders,221008,222064,12.0
3066,0,space_invaders,217563,222155,26.0
3067,0,space_invaders,220851,222227,8.0
3068,0,space_invaders,220785,222337,11.0
3069,0,space_invaders,219828,222644,16.0
3070,0,space_invaders,222155,222747,5.0
3071,0,space_invaders,222227,222835,6.0
3072,0,space_invaders,220423,222919,18.0
3073,0,space_invaders,221612,222988,8.0
3074,0,space_invaders,220687,223167,16.0
3075,0,space_invaders,222747,223339,6.0
3076,0,space_invaders,222008,223400,10.0
3077,0,space_invaders,220426,223418,20.0
3078,0,space_invaders,222835,223443,7.0
3079,0,space_invaders,220114,223730,22.0
3080,0,space_invaders,220601,223753,19.0
3081,0,space_invaders,222337,223873,11.0
3082,0,space_invaders,221278,223966,16.0
3083,0,space_invaders,223418,224026,6.0
3084,0,space_invaders,223443,224035,6.0
3085,0,space_invaders,221349,224181,15.0
3086,0,space_invaders,222988,224204,7.0
3087,0,space_invaders,223753,224345,5.0
3088,0,space_invaders,223339,224715,9.0
3089,0,space_invaders,221798,224758,19.0
3090,0,space_invaders,222064,224896,20.0
3091,0,space_invaders,223730,224962,10.0
3092,0,space_invaders,220893,225165,25.0
3093,0,space_invaders,224758,225366,6.0
3094,0,space_invaders,223873,225425,12.0
3095,0,space_invaders,224896,225488,6.0
3096,0,space_invaders,224035,225571,9.0
3097,0,space_invaders,224181,225717,11.0
3098,0,space_invaders,224345,225913,11.0
3099,0,space_invaders,225425,226017,7.0
3100,0,space_invaders,222919,226023,17.0
3101,0,space_invaders,223966,226286,12.0
3102,0,space_invaders,222644,226404,21.0
3103,0,space_invaders,225571,226483,9.0
3104,0,space_invaders,223400,226680,20.0
3105,0,space_invaders,224204,226732,17.0
3106,0,space_invaders,225913,226809,10.0
3107,0,space_invaders,225488,227040,14.0
3108,0,space_invaders,226483,227075,5.0
3109,0,space_invaders,223167,227375,23.0
3110,0,space_invaders,226809,227401,5.0
3111,0,space_invaders,224962,227458,16.0
3112,0,space_invaders,224026,227802,20.0
3113,0,space_invaders,226404,227828,14.0
3114,0,space_invaders,224715,227835,16.0
3115,0,space_invaders,226286,227838,12.0
3116,0,space_invaders,227040,227936,9.0
3117,0,space_invaders,226732,228124,10.0
3118,0,space_invaders,227838,228430,7.0
3119,0,space_invaders,227835,228443,6.0
3120,0,space_invaders,227075,228451,10.0
3121,0,space_invaders,228124,228732,6.0
3122,0,space_invaders,226017,228833,16.0
3123,0,space_invaders,227802,229018,13.0
3124,0,space_invaders,228443,229035,6.0
3125,0,space_invaders,226023,229335,20.0
3126,0,space_invaders,228833,229425,6.0
3127,0,space_invaders,226680,229480,17.0
3128,0,space_invaders,225366,229590,22.0
3129,0,space_invaders,225165,229693,22.0
3130,0,space_invaders,225717,229701,27.0
3131,0,space_invaders,229335,229943,7.0
3132,0,space_invaders,229035,229963,11.0
3133,0,space_invaders,228430,229982,15.0
3134,0,space_invaders,227375,230047,15.0
3135,0,space_invaders,227936,230416,18.0
3136,0,space_invaders,227401,230553,19.0
3137,0,space_invaders,229480,230568,12.0
3138,0,space_invaders,229018,230586,12.0
3139,0,space_invaders,229982,230766,9.0
3140,0,space_invaders,227828,230820,20.0
3141,0,space_invaders,229963,230891,9.0
3142,0,space_invaders,228732,230908,16.0
3143,0,space_invaders,229943,230999,12.0
3144,0,space_invaders,229590,231142,12.0
3145,0,space_invaders,230820,231412,5.0
3146,0,space_invaders,230047,231599,13.0
3147,0,space_invaders,230891,231787,11.0
3148,0,space_invaders,230416,231792,9.0
3149,0,space_invaders,227458,231842,19.0
3150,0,space_invaders,231412,232004,7.0
3151,0,space_invaders,229693,232029,14.0
3152,0,space_invaders,231599,232191,7.0
3153,0,space_invaders,228451,232515,19.0
3154,0,space_invaders,230999,232535,12.0
3155,0,space_invaders,229425,232881,19.0
3156,0,space_invaders,230553,232889,18.0
3157,0,space_invaders,230586,232954,15.0
3158,0,space_invaders,232515,233107,5.0
3159,0,space_invaders,229701,233125,20.0
3160,0,space_invaders,231842,233250,11.0
3161,0,space_invaders,230908,233276,15.0
3162,0,space_invaders,231142,233510,15.0
3163,0,space_invaders,230568,234008,21.0
3164,0,space_invaders,230766,234078,19.0
3165,0,space_invaders,232535,234087,9.0
3166,0,space_invaders,233510,234118,6.0
3167,0,space_invaders,231787,234299,16.0
3168,0,space_invaders,234008,234616,6.0
3169,0,space_invaders,233125,234677,10.0
3170,0,space_invaders,234087,234679,5.0
3171,0,space_invaders,232029,234701,14.0
3172,0,space_invaders,232191,234831,15.0
3173,0,space_invaders,234679,235271,5.0
3174,0,space_invaders,231792,235552,21.0
3175,0,space_invaders,234118,235654,11.0
3176,0,space_invaders,233107,235795,15.0
3177,0,space_invaders,235271,235879,7.0
3178,0,space_invaders,234677,236069,9.0
3179,0,space_invaders,232881,236321,18.0
3180,0,space_invaders,232889,236489,19.0
3181,0,space_invaders,232954,236586,19.0
3182,0,space_invaders,233276,236716,14.0
3183,0,space_invaders,234078,236862,14.0
3184,0,space_invaders,234299,236987,16.0
3185,0,space_invaders,232004,237076,27.0
3186,0,space_invaders,233250,237346,19.0
3187,0,space_invaders,234701,237485,13.0
3188,0,space_invaders,236987,238363,8.0
3189,0,space_invaders,234616,238376,17.0
3190,0,space_invaders,235552,238528,18.0
3191,0,space_invaders,235879,238535,13.0
3192,0,space_invaders,236069,238565,14.0
3193,0,space_invaders,237346,238722,8.0
3194,0,space_invaders,234831,238735,13.0
3195,0,space_invaders,235654,238934,19.0
3196,0,space_invaders,236321,239137,13.0
3197,0,space_invaders,236489,239145,11.0
3198,0,space_invaders,236716,239372,13.0
3199,0,space_invaders,238376,239752,8.0
3200,0,space_invaders,238363,239755,9.0
3201,0,space_invaders,237076,239876,16.0
3202,0,space_invaders,239145,239913,7.0
3203,0,space_invaders,238735,240143,9.0
3204,0,space_invaders,239752,240344,5.0
3205,0,space_invaders,238934,240470,11.0
3206,0,space_invaders,235795,240707,23.0
3207,0,space_invaders,236586,240826,21.0
3208,0,space_invaders,239372,240908,7.0
3209,0,space_invaders,237485,240941,16.0
3210,0,space_invaders,238528,241184,12.0
3211,0,space_invaders,239755,241307,10.0
3212,0,space_invaders,236862,241374,23.0
3213,0,space_invaders,238565,241397,16.0
3214,0,space_invaders,240826,241434,7.0
3215,0,space_invaders,238535,241671,18.0
3216,0,space_invaders,241397,241989,5.0
3217,0,space_invaders,240344,242040,13.0
3218,0,space_invaders,241374,242142,7.0
3219,0,space_invaders,239876,242372,12.0
3220,0,space_invaders,240908,242460,10.0
3221,0,space_invaders,240143,242495,14.0
3222,0,space_invaders,239913,242553,16.0
3223,0,space_invaders,240470,242662,17.0
3224,0,space_invaders,241434,242826,9.0
3225,0,space_invaders,242495,243103,6.0
3226,0,space_invaders,240707,243187,11.0
3227,0,space_invaders,241184,243344,13.0
3228,0,space_invaders,238722,243410,22.0
3229,0,space_invaders,243187,243459,3.0
3230,0,space_invaders,241307,243467,13.0
3231,0,space_invaders,243103,243695,7.0
3232,0,space_invaders,239137,243697,21.0
3233,0,space_invaders,243344,243776,5.0
3234,0,space_invaders,243410,243842,4.0
3235,0,space_invaders,240941,243933,18.0
3236,0,space_invaders,242372,243940,10.0
3237,0,space_invaders,242460,244012,11.0
3238,0,space_invaders,243459,244051,7.0
3239,0,space_invaders,243776,244368,6.0
3240,0,space_invaders,243697,244593,10.0
3241,0,space_invaders,241671,244647,17.0
3242,0,space_invaders,242040,244696,15.0
3243,0,space_invaders,242553,245033,12.0
3244,0,space_invaders,243842,245394,13.0
3245,0,space_invaders,242142,245406,20.0
3246,0,space_invaders,245033,245465,5.0
3247,0,space_invaders,242826,245466,17.0
3248,0,space_invaders,243933,245501,12.0
3249,0,space_invaders,244051,245603,13.0
3250,0,space_invaders,244012,245724,16.0
3251,0,space_invaders,242662,246118,21.0
3252,0,space_invaders,243467,246139,17.0
3253,0,space_invaders,244647,246199,12.0
3254,0,space_invaders,245466,246394,10.0
3255,0,space_invaders,245501,246413,10.0
3256,0,space_invaders,243940,246452,16.0
3257,0,space_invaders,243695,246671,18.0
3258,0,space_invaders,241989,246725,23.0
3259,0,space_invaders,246394,247002,7.0
3260,0,space_invaders,246139,247051,10.0
3261,0,space_invaders,244368,247328,17.0
3262,0,space_invaders,244593,247409,20.0
3263,0,space_invaders,245394,247890,17.0
3264,0,space_invaders,247328,247920,6.0
3265,0,space_invaders,247409,248001,5.0
3266,0,space_invaders,247002,248218,12.0
3267,0,space_invaders,246671,248223,13.0
3268,0,space_invaders,246413,248253,14.0
3269,0,space_invaders,245465,248425,18.0
3270,0,space_invaders,247920,248528,6.0
3271,0,space_invaders,246199,248727,19.0
3272,0,space_invaders,248218,248810,5.0
3273,0,space_invaders,248425,248857,4.0
3274,0,space_invaders,245406,248878,24.0
3275,0,space_invaders,246118,248918,12.0
3276,0,space_invaders,245603,249059,21.0
3277,0,space_invaders,246452,249092,11.0
3278,0,space_invaders,244696,249096,18.0
3279,0,space_invaders,248528,249120,5.0
3280,0,space_invaders,246725,249541,21.0
3281,0,space_invaders,249092,249700,6.0
3282,0,space_invaders,247051,249723,15.0
3283,0,space_invaders,245724,249852,23.0
3284,0,space_invaders,249541,250933,11.0
3285,0,space_invaders,249700,251076,9.0
3286,0,space_invaders,247890,251362,14.0
3287,0,space_invaders,248918,251414,16.0
3288,0,space_invaders,248001,251441,20.0
3289,0,space_invaders,248810,251482,12.0
3290,0,space_invaders,248727,251527,17.0
3291,0,space_invaders,248253,251853,18.0
3292,0,space_invaders,249059,251891,16.0
3293,0,space_invaders,248223,251983,18.0
3294,0,space_invaders,248878,251998,20.0
3295,0,space_invaders,251441,252193,7.0
3296,0,space_invaders,249723,252203,12.0
3297,0,space_invaders,249852,252492,12.0
3298,0,space_invaders,250933,252501,13.0
3299,0,space_invaders,249096,252536,19.0
3300,0,space_invaders,251998,252606,6.0
3301,0,space_invaders,249120,252736,20.0
3302,0,space_invaders,251983,252751,8.0
3303,0,space_invaders,251482,252874,8.0
3304,0,space_invaders,251362,252898,10.0
3305,0,space_invaders,252492,253084,6.0
3306,0,space_invaders,252501,253109,7.0
3307,0,space_invaders,252606,253198,6.0
3308,0,space_invaders,253109,253733,7.0
3309,0,space_invaders,253198,253806,6.0
3310,0,space_invaders,251891,253923,13.0
3311,0,space_invaders,248857,254009,23.0
3312,0,space_invaders,251527,254199,21.0
3313,0,space_invaders,252874,254442,13.0
3314,0,space_invaders,252193,254721,17.0
3315,0,space_invaders,251414,254870,20.0
3316,0,space_invaders,254442,255034,5.0
3317,0,space_invaders,251076,255172,18.0
3318,0,space_invaders,253806,255198,9.0
3319,0,space_invaders,252536,255208,14.0
3320,0,space_invaders,254870,255462,6.0
3321,0,space_invaders,252898,255554,16.0
3322,0,space_invaders,251853,255629,17.0
3323,0,space_invaders,253084,255932,18.0
3324,0,space_invaders,253733,256229,15.0
3325,0,space_invaders,252736,256320,19.0
3326,0,space_invaders,255932,256524,6.0
3327,0,space_invaders,255198,256590,10.0
3328,0,space_invaders,255172,256708,13.0
3329,0,space_invaders,253923,256739,16.0
3330,0,space_invaders,252203,256875,22.0
3331,0,space_invaders,255462,257014,11.0
3332,0,space_invaders,252751,257167,17.0
3333,0,space_invaders,256875,257483,6.0
3334,0,space_invaders,254199,257511,19.0
3335,0,space_invaders,257483,257755,3.0
3336,0,space_invaders,256590,257806,8.0
3337,0,space_invaders,255034,257850,22.0
3338,0,space_invaders,255208,257880,15.0
3339,0,space_invaders,255629,257997,16.0
3340,0,space_invaders,256524,258076,11.0
3341,0,space_invaders,257806,258238,4.0
3342,0,space_invaders,256708,258260,11.0
3343,0,space_invaders,257997,258285,3.0
3344,0,space_invaders,256739,258307,11.0
3345,0,space_invaders,254009,258393,23.0
3346,0,space_invaders,257014,258566,11.0
3347,0,space_invaders,256320,258672,14.0
3348,0,space_invaders,258076,258684,7.0
3349,0,space_invaders,255554,258706,20.0
3350,0,space_invaders,257167,258735,12.0
3351,0,space_invaders,258307,258899,7.0
3352,0,space_invaders,257511,259239,13.0
3353,0,space_invaders,258672,259264,7.0
3354,0,space_invaders,258684,259276,6.0
3355,0,space_invaders,258706,259298,6.0
3356,0,space_invaders,257755,259307,11.0
3357,0,space_invaders,258899,259491,6.0
3358,0,space_invaders,256229,259509,23.0
3359,0,space_invaders,259298,259586,3.0
3360,0,space_invaders,258238,259630,12.0
3361,0,space_invaders,254721,259777,25.0
3362,0,space_invaders,258285,259869,14.0
3363,0,space_invaders,259777,260065,3.0
3364,0,space_invaders,258566,260118,13.0
3365,0,space_invaders,259630,260222,7.0
3366,0,space_invaders,259869,260301,4.0
3367,0,space_invaders,257850,260346,15.0
3368,0,space_invaders,260065,260497,5.0
3369,0,space_invaders,260222,260510,3.0
3370,0,space_invaders,259491,260899,11.0
3371,0,space_invaders,258260,260900,20.0
3372,0,space_invaders,259509,261061,12.0
3373,0,space_invaders,260497,261089,7.0
3374,0,space_invaders,259264,261120,15.0
3375,0,space_invaders,259586,261138,11.0
3376,0,space_invaders,260900,261332,4.0
3377,0,space_invaders,260899,261635,9.0
3378,0,space_invaders,259239,261751,18.0
3379,0,space_invaders,257880,261752,23.0
3380,0,space_invaders,261061,261797,8.0
3381,0,space_invaders,258735,261871,20.0
3382,0,space_invaders,260510,261886,9.0
3383,0,space_invaders,258393,261913,23.0
3384,0,space_invaders,261120,262192,10.0
3385,0,space_invaders,259307,262299,20.0
3386,0,space_invaders,261871,262463,6.0
3387,0,space_invaders,260118,262630,17.0
3388,0,space_invaders,261138,262690,12.0
3389,0,space_invaders,259276,262716,21.0
3390,0,space_invaders,261332,262724,9.0
3391,0,space_invaders,262716,263148,4.0
3392,0,space_invaders,262192,263264,13.0
3393,0,space_invaders,262690,263298,7.0
3394,0,space_invaders,261797,263365,11.0
3395,0,space_invaders,260301,263453,19.0
3396,0,space_invaders,261752,263640,16.0
3397,0,space_invaders,261913,263641,14.0
3398,0,space_invaders,262724,263780,12.0
3399,0,space_invaders,261886,263902,14.0
3400,0,space_invaders,261635,263987,14.0
3401,0,space_invaders,263264,264176,10.0
3402,0,space_invaders,263148,264380,12.0
3403,0,space_invaders,264176,264448,3.0
3404,0,space_invaders,263780,264516,8.0
3405,0,space_invaders,263902,264526,6.0
3406,0,space_invaders,261089,264689,17.0
3407,0,space_invaders,260346,264746,21.0
3408,0,space_invaders,262463,264799,14.0
3409,0,space_invaders,263453,264829,12.0
3410,0,space_invaders,263298,264850,16.0
3411,0,space_invaders,264516,264948,5.0
3412,0,space_invaders,262299,264987,17.0
3413,0,space_invaders,264746,265018,3.0
3414,0,space_invaders,263640,265064,12.0
3415,0,space_invaders,264689,265121,4.0
3416,0,space_invaders,262630,265286,17.0
3417,0,space_invaders,261751,265351,20.0
3418,0,space_invaders,264948,265380,4.0
3419,0,space_invaders,264380,265436,12.0
3420,0,space_invaders,264850,265442,6.0
3421,0,space_invaders,264448,265712,13.0
3422,0,space_invaders,264829,265741,9.0
3423,0,space_invaders,264799,265903,11.0
3424,0,space_invaders,264526,265918,10.0
3425,0,space_invaders,265121,266033,10.0
3426,0,space_invaders,263365,266309,20.0
3427,0,space_invaders,265442,266338,10.0
3428,0,space_invaders,265380,266436,11.0
3429,0,space_invaders,265712,266448,7.0
3430,0,space_invaders,265741,266509,7.0
3431,0,space_invaders,265064,266648,13.0
3432,0,space_invaders,265286,266694,13.0
3433,0,space_invaders,266436,266868,4.0
3434,0,space_invaders,265351,266919,15.0
3435,0,space_invaders,263641,267049,23.0
3436,0,space_invaders,265903,267311,14.0
3437,0,space_invaders,266868,267476,7.0
3438,0,space_invaders,266919,267527,5.0
3439,0,space_invaders,266338,267586,13.0
3440,0,space_invaders,266694,267590,10.0
3441,0,space_invaders,266309,267701,11.0
3442,0,space_invaders,264987,267819,18.0
3443,0,space_invaders,263987,267875,22.0
3444,0,space_invaders,267311,267919,6.0
3445,0,space_invaders,265436,267964,13.0
3446,0,space_invaders,265018,268010,18.0
3447,0,space_invaders,266648,268040,10.0
3448,0,space_invaders,267049,268153,11.0
3449,0,space_invaders,266509,268205,11.0
3450,0,space_invaders,267590,268214,7.0
3451,0,space_invaders,267586,268338,8.0
3452,0,space_invaders,267819,268411,6.0
3453,0,space_invaders,267527,268423,9.0
3454,0,space_invaders,267875,268467,5.0
3455,0,space_invaders,265918,268574,17.0
3456,0,space_invaders,266448,268624,20.0
3457,0,space_invaders,268205,268797,5.0
3458,0,space_invaders,268411,269147,8.0
3459,0,space_invaders,267476,269172,12.0
3460,0,space_invaders,268010,269386,9.0
3461,0,space_invaders,268797,269389,5.0
3462,0,space_invaders,269147,269787,6.0
3463,0,space_invaders,268153,269833,13.0
3464,0,space_invaders,268214,269910,12.0
3465,0,space_invaders,266033,269985,22.0
3466,0,space_invaders,267964,270332,14.0
3467,0,space_invaders,268040,270376,14.0
3468,0,space_invaders,267919,270415,16.0
3469,0,space_invaders,269985,270577,5.0
3470,0,space_invaders,269386,270794,11.0
3471,0,space_invaders,268467,270819,13.0
3472,0,space_invaders,268338,270866,17.0
3473,0,space_invaders,268423,270919,10.0
3474,0,space_invaders,270376,271112,8.0
3475,0,space_invaders,269833,271225,10.0
3476,0,space_invaders,269910,271286,7.0
3477,0,space_invaders,268624,271296,15.0
3478,0,space_invaders,270919,271511,6.0
3479,0,space_invaders,268574,271694,17.0
3480,0,space_invaders,269172,271828,12.0
3481,0,space_invaders,269389,271901,16.0
3482,0,space_invaders,267701,272117,22.0
3483,0,space_invaders,270819,272227,9.0
3484,0,space_invaders,269787,272475,16.0
3485,0,space_invaders,271296,272672,12.0
3486,0,space_invaders,271511,272727,7.0
3487,0,space_invaders,271225,272793,12.0
3488,0,space_invaders,271828,273204,8.0
3489,0,space_invaders,270577,273569,16.0
3490,0,space_invaders,270866,273698,13.0
3491,0,space_invaders,272227,273907,10.0
3492,0,space_invaders,271286,273974,14.0
3493,0,space_invaders,272672,274064,10.0
3494,0,space_invaders,272793,274169,10.0
3495,0,space_invaders,270794,274266,20.0
3496,0,space_invaders,272727,274279,11.0
3497,0,space_invaders,270415,274319,17.0
3498,0,space_invaders,271901,274573,14.0
3499,0,space_invaders,270332,274716,18.0
3500,0,space_invaders,273974,274870,10.0
3501,0,space_invaders,272117,274949,11.0
3502,0,space_invaders,273204,275060,11.0
3503,0,space_invaders,272475,275307,16.0
3504,0,space_invaders,271112,275512,18.0
3505,0,space_invaders,271694,275630,18.0
3506,0,space_invaders,274716,275788,10.0
3507,0,space_invaders,274319,275855,11.0
3508,0,space_invaders,274573,275949,9.0
3509,0,space_invaders,274949,276021,12.0
3510,0,space_invaders,273569,276065,14.0
3511,0,space_invaders,275307,276203,10.0
3512,0,space_invaders,274870,276422,11.0
3513,0,space_invaders,275060,276436,10.0
3514,0,space_invaders,275630,276686,11.0
3515,0,space_invaders,276203,276971,8.0
3516,0,space_invaders,273907,277043,17.0
3517,0,space_invaders,276436,277172,7.0
3518,0,space_invaders,276686,277422,8.0
3519,0,space_invaders,276021,277429,13.0
3520,0,space_invaders,274169,277609,20.0
3521,0,space_invaders,275949,277629,13.0
3522,0,space_invaders,273698,277650,20.0
3523,0,space_invaders,274064,277696,20.0
3524,0,space_invaders,276422,277990,11.0
3525,0,space_invaders,274266,278058,18.0
3526,0,space_invaders,277043,278131,12.0
3527,0,space_invaders,277429,278165,7.0
3528,0,space_invaders,277422,278174,8.0
3529,0,space_invaders,276971,278187,11.0
3530,0,space_invaders,275788,278268,14.0
3531,0,space_invaders,277609,278361,9.0
3532,0,space_invaders,277696,278592,10.0
3533,0,space_invaders,277629,278701,11.0
3534,0,space_invaders,278165,278773,6.0
3535,0,space_invaders,278187,278779,7.0
3536,0,space_invaders,274279,278791,23.0
3537,0,space_invaders,278058,278794,8.0
3538,0,space_invaders,275512,278952,19.0
3539,0,space_invaders,278174,279086,10.0
3540,0,space_invaders,278701,279469,8.0
3541,0,space_invaders,276065,279521,22.0
3542,0,space_invaders,278131,279539,15.0
3543,0,space_invaders,278791,279543,8.0
3544,0,space_invaders,278952,279544,5.0
3545,0,space_invaders,278779,279707,10.0
3546,0,space_invaders,278773,279877,12.0
3547,0,space_invaders,278794,280026,14.0
3548,0,space_invaders,279877,280165,3.0
3549,0,space_invaders,277650,280306,21.0
3550,0,space_invaders,279544,280600,12.0
3551,0,space_invaders,278268,280796,17.0
3552,0,space_invaders,278592,280960,12.0
3553,0,space_invaders,280796,281068,2.0
3554,0,space_invaders,279543,281095,12.0
3555,0,space_invaders,278361,281177,20.0
3556,0,space_invaders,275855,281407,33.0
3557,0,space_invaders,279086,281614,19.0
3558,0,space_invaders,279521,281889,14.0
3559,0,space_invaders,281407,282015,5.0
3560,0,space_invaders,280600,282024,12.0
3561,0,space_invaders,277172,282164,23.0
3562,0,space_invaders,277990,282214,20.0
3563,0,space_invaders,279707,282347,14.0
3564,0,space_invaders,280306,282354,12.0
3565,0,space_invaders,281095,282471,10.0
3566,0,space_invaders,279539,282499,17.0
3567,0,space_invaders,280960,282512,12.0
3568,0,space_invaders,281068,282636,12.0
3569,0,space_invaders,282471,283063,6.0
3570,0,space_invaders,282499,283107,6.0
3571,0,space_invaders,282512,283120,6.0
3572,0,space_invaders,279469,283405,17.0
3573,0,space_invaders,281889,283425,11.0
3574,0,space_invaders,281177,283545,15.0
3575,0,space_invaders,282354,283602,12.0
3576,0,space_invaders,283063,283687,6.0
3577,0,space_invaders,283107,283715,7.0
3578,0,space_invaders,280026,283770,23.0
3579,0,space_invaders,282347,283915,13.0
3580,0,space_invaders,283120,284016,10.0
3581,0,space_invaders,283425,284161,8.0
3582,0,space_invaders,283602,284210,6.0
3583,0,space_invaders,282015,284367,18.0
3584,0,space_invaders,283687,284423,8.0
3585,0,space_invaders,280165,284565,21.0
3586,0,space_invaders,284161,284769,6.0
3587,0,space_invaders,283405,284781,11.0
3588,0,space_invaders,283715,284787,11.0
3589,0,space_invaders,284210,284818,6.0
3590,0,space_invaders,282164,284980,23.0
3591,0,space_invaders,283545,285289,14.0
3592,0,space_invaders,283770,285354,13.0
3593,0,space_invaders,284781,285373,6.0
3594,0,space_invaders,281614,285390,15.0
3595,0,space_invaders,284769,285409,7.0
3596,0,space_invaders,284367,285439,13.0
3597,0,space_invaders,284818,285554,8.0
3598,0,space_invaders,284016,285568,12.0
3599,0,space_invaders,285289,285881,7.0
3600,0,space_invaders,285354,285946,6.0
3601,0,space_invaders,285373,285965,6.0
3602,0,space_invaders,285409,286017,7.0
3603,0,space_invaders,282214,286150,18.0
3604,0,space_invaders,282024,286184,23.0
3605,0,space_invaders,285946,286378,5.0
3606,0,space_invaders,284980,286532,9.0
3607,0,space_invaders,284565,286933,16.0
3608,0,space_invaders,285390,286958,11.0
3609,0,space_invaders,282636,286988,22.0
3610,0,space_invaders,285568,287120,10.0
3611,0,space_invaders,285554,287122,12.0
3612,0,space_invaders,283915,287227,22.0
3613,0,space_invaders,284787,287299,19.0
3614,0,space_invaders,287122,287394,3.0
3615,0,space_invaders,285881,287433,10.0
3616,0,space_invaders,284423,287703,19.0
3617,0,space_invaders,286532,288116,13.0
3618,0,space_invaders,286017,288225,15.0
3619,0,space_invaders,287227,288603,9.0
3620,0,space_invaders,285965,288797,18.0
3621,0,space_invaders,287433,288985,10.0
3622,0,space_invaders,285439,289071,25.0
3623,0,space_invaders,286184,289176,13.0
3624,0,space_invaders,287703,289255,11.0
3625,0,space_invaders,286988,289356,12.0
3626,0,space_invaders,286150,289606,18.0
3627,0,space_invaders,286933,289621,17.0
3628,0,space_invaders,287120,289760,13.0
3629,0,space_invaders,287299,289811,17.0
3630,0,space_invaders,289176,289944,8.0
3631,0,space_invaders,288116,289956,12.0
3632,0,space_invaders,289356,289964,7.0
3633,0,space_invaders,288603,289995,11.0
3634,0,space_invaders,288797,290173,14.0
3635,0,space_invaders,289621,290517,10.0
3636,0,space_invaders,289964,290700,8.0
3637,0,space_invaders,286378,290762,22.0
3638,0,space_invaders,290173,291069,9.0
3639,0,space_invaders,286958,291166,23.0
3640,0,space_invaders,288225,291985,23.0
3641,0,space_invaders,289255,292087,22.0
3642,0,space_invaders,291069,292461,9.0
3643,0,space_invaders,289956,292484,19.0
3644,0,space_invaders,289071,292495,20.0
3645,0,space_invaders,289944,292600,16.0
3646,0,space_invaders,287394,292610,32.0
3647,0,space_invaders,292087,292679,6.0
3648,0,space_invaders,291985,292721,8.0
3649,0,space_invaders,292484,292916,3.0
3650,0,space_invaders,289811,292947,23.0
3651,0,space_invaders,290700,293196,14.0
3652,0,space_invaders,289995,293275,22.0
3653,0,space_invaders,292610,293362,8.0
3654,0,space_invaders,288985,293401,23.0
3655,0,space_invaders,289606,293510,23.0
3656,0,space_invaders,289760,293520,17.0
3657,0,space_invaders,290762,293706,18.0
3658,0,space_invaders,292495,293871,10.0
3659,0,space_invaders,293275,293883,5.0
3660,0,space_invaders,290517,294133,20.0
3661,0,space_invaders,292679,294263,15.0
3662,0,space_invaders,293706,294458,9.0
3663,0,space_invaders,293871,294479,6.0
3664,0,space_invaders,293196,294572,9.0
3665,0,space_invaders,291166,294766,20.0
3666,0,space_invaders,293883,294971,12.0
3667,0,space_invaders,294133,295045,10.0
3668,0,space_invaders,292947,295443,19.0
3669,0,space_invaders,292721,295553,17.0
3670,0,space_invaders,295045,295637,5.0
3671,0,space_invaders,292916,296036,12.0
3672,0,space_invaders,294479,296191,10.0
3673,0,space_invaders,295443,296211,7.0
3674,0,space_invaders,293510,296326,13.0
3675,0,space_invaders,292600,296360,20.0
3676,0,space_invaders,293401,296521,21.0
3677,0,space_invaders,296211,296819,6.0
3678,0,space_invaders,294458,297114,17.0
3679,0,space_invaders,292461,297485,22.0
3680,0,space_invaders,294572,297564,16.0
3681,0,space_invaders,296191,297567,10.0
3682,0,space_invaders,293520,297728,20.0
3683,0,space_invaders,296326,297862,11.0
3684,0,space_invaders,293362,297938,19.0
3685,0,space_invaders,295553,298241,15.0
3686,0,space_invaders,297485,298397,10.0
3687,0,space_invaders,295637,298613,16.0
3688,0,space_invaders,294263,298631,21.0
3689,0,space_invaders,296036,298836,19.0
3690,0,space_invaders,294971,299035,18.0
3691,0,space_invaders,296521,299353,14.0
3692,0,space_invaders,296819,299619,17.0
3693,0,space_invaders,299619,300051,5.0
3694,0,space_invaders,296360,300120,16.0
3695,0,space_invaders,294766,300142,22.0
3696,0,space_invaders,298613,300165,12.0
3697,0,space_invaders,297728,300224,10.0
3698,0,space_invaders,297564,300236,14.0
3699,0,space_invaders,297114,300266,16.0
3700,0,space_invaders,300165,300597,4.0
3701,0,space_invaders,300051,300659,7.0
3702,0,space_invaders,300120,300712,6.0
3703,0,space_invaders,300266,300858,6.0
3704,0,space_invaders,298241,301201,19.0
3705,0,space_invaders,299353,301241,17.0
3706,0,space_invaders,298836,301332,14.0
3707,0,space_invaders,300858,301450,7.0
3708,0,space_invaders,300712,301464,8.0
3709,0,space_invaders,297862,301478,19.0
3710,0,space_invaders,298397,301533,20.0
3711,0,space_invaders,297938,301666,23.0
3712,0,space_invaders,298631,301943,22.0
3713,0,space_invaders,301478,302070,6.0
3714,0,space_invaders,300659,302211,13.0
3715,0,space_invaders,297567,302239,23.0
3716,0,space_invaders,300224,302240,15.0
3717,0,space_invaders,302070,302662,7.0
3718,0,space_invaders,302239,302847,6.0
3719,0,space_invaders,301332,302868,12.0
3720,0,space_invaders,302211,302947,8.0
3721,0,space_invaders,301450,303018,15.0
3722,0,space_invaders,301464,303048,14.0
3723,0,space_invaders,300597,303093,17.0
3724,0,space_invaders,302947,303219,2.0
3725,0,space_invaders,300142,303278,19.0
3726,0,space_invaders,300236,303372,21.0
3727,0,space_invaders,301201,303713,16.0
3728,0,space_invaders,299035,303739,23.0
3729,0,space_invaders,302662,304086,15.0
3730,0,space_invaders,302240,304112,15.0
3731,0,space_invaders,303219,304115,10.0
3732,0,space_invaders,303093,304661,13.0
3733,0,space_invaders,304086,304694,6.0
3734,0,space_invaders,301666,304818,21.0
3735,0,space_invaders,303739,304971,12.0
3736,0,space_invaders,303713,305105,11.0
3737,0,space_invaders,302847,305519,14.0
3738,0,space_invaders,304971,305595,7.0
3739,0,space_invaders,303048,305736,16.0
3740,0,space_invaders,301533,305933,19.0
3741,0,space_invaders,302868,305988,19.0
3742,0,space_invaders,304661,306069,11.0
3743,0,space_invaders,305736,306168,4.0
3744,0,space_invaders,304694,306278,14.0
3745,0,space_invaders,301241,306457,26.0
3746,0,space_invaders,303372,306508,19.0
3747,0,space_invaders,304112,306640,13.0
3748,0,space_invaders,305595,306683,11.0
3749,0,space_invaders,305988,306724,8.0
3750,0,space_invaders,306069,306821,8.0
3751,0,space_invaders,306278,306886,7.0
3752,0,space_invaders,306168,306904,8.0
3753,0,space_invaders,305519,306927,10.0
3754,0,space_invaders,301943,306999,36.0
3755,0,space_invaders,303278,307038,22.0
3756,0,space_invaders,306457,307193,8.0
3757,0,space_invaders,306724,307332,6.0
3758,0,space_invaders,306640,307376,8.0
3759,0,space_invaders,306927,307535,7.0
3760,0,space_invaders,303018,307546,21.0
3761,0,space_invaders,306904,307656,8.0
3762,0,space_invaders,304818,308258,20.0
3763,0,space_invaders,304115,308515,21.0
3764,0,space_invaders,307193,308585,11.0
3765,0,space_invaders,306508,308844,15.0
3766,0,space_invaders,306821,309333,18.0
3767,0,space_invaders,308585,309529,10.0
3768,0,space_invaders,307038,309726,16.0
3769,0,space_invaders,306683,309819,15.0
3770,0,space_invaders,305105,309889,23.0
3771,0,space_invaders,305933,309981,21.0
3772,0,space_invaders,307376,310032,14.0
3773,0,space_invaders,309333,310069,9.0
3774,0,space_invaders,307332,310276,17.0
3775,0,space_invaders,306886,310662,20.0
3776,0,space_invaders,307535,310671,18.0
3777,0,space_invaders,307546,310682,17.0
3778,0,space_invaders,309529,310905,9.0
3779,0,space_invaders,308258,311058,14.0
3780,0,space_invaders,306999,311239,23.0
3781,0,space_invaders,310069,311285,10.0
3782,0,space_invaders,310032,311408,8.0
3783,0,space_invaders,307656,311928,27.0
3784,0,space_invaders,311408,312016,7.0
3785,0,space_invaders,310662,312038,10.0
3786,0,space_invaders,310671,312079,10.0
3787,0,space_invaders,308515,312099,23.0
3788,0,space_invaders,310905,312137,8.0
3789,0,space_invaders,312079,312671,7.0
3790,0,space_invaders,312137,312729,6.0
3791,0,space_invaders,309726,313006,20.0
3792,0,space_invaders,309889,313153,20.0
3793,0,space_invaders,310276,313236,19.0
3794,0,space_invaders,312016,313392,10.0
3795,0,space_invaders,308844,313420,21.0
3796,0,space_invaders,309819,313435,18.0
3797,0,space_invaders,311928,313496,10.0
3798,0,space_invaders,311058,313714,13.0
3799,0,space_invaders,309981,313917,17.0
3800,0,space_invaders,312099,313987,15.0
3801,0,space_invaders,313496,314104,6.0
3802,0,space_invaders,311285,314117,16.0
3803,0,space_invaders,310682,314154,17.0
3804,0,space_invaders,313006,314382,9.0
3805,0,space_invaders,313153,314529,9.0
3806,0,space_invaders,314117,314725,6.0
3807,0,space_invaders,313236,314804,12.0
3808,0,space_invaders,311239,314839,16.0
3809,0,space_invaders,313420,314972,10.0
3810,0,space_invaders,314529,315137,6.0
3811,0,space_invaders,313435,315147,11.0
3812,0,space_invaders,313714,315266,11.0
3813,0,space_invaders,315137,315569,4.0
3814,0,space_invaders,312038,315654,22.0
3815,0,space_invaders,314104,315656,8.0
3816,0,space_invaders,314154,315690,11.0
3817,0,space_invaders,315266,315890,6.0
3818,0,space_invaders,312729,316009,22.0
3819,0,space_invaders,313917,316125,15.0
3820,0,space_invaders,312671,316127,19.0
3821,0,space_invaders,314804,316372,10.0
3822,0,space_invaders,314839,316407,11.0
3823,0,space_invaders,315147,316715,12.0
3824,0,space_invaders,316372,316980,7.0
3825,0,space_invaders,313392,317008,21.0
3826,0,space_invaders,313987,317123,19.0
3827,0,space_invaders,315656,317208,11.0
3828,0,space_invaders,316127,317679,10.0
3829,0,space_invaders,316980,317748,8.0
3830,0,space_invaders,314725,318133,20.0
3831,0,space_invaders,315654,318166,16.0
3832,0,space_invaders,317208,318264,12.0
3833,0,space_invaders,316125,318637,19.0
3834,0,space_invaders,314972,318732,20.0
3835,0,space_invaders,318166,318774,7.0
3836,0,space_invaders,316009,318809,21.0
3837,0,space_invaders,316407,318919,19.0
3838,0,space_invaders,318133,319029,9.0
3839,0,space_invaders,318264,319032,8.0
3840,0,space_invaders,316715,319243,16.0
3841,0,space_invaders,315690,319290,21.0
3842,0,space_invaders,318637,319405,9.0
3843,0,space_invaders,317008,319488,14.0
3844,0,space_invaders,315890,319650,18.0
3845,0,space_invaders,317123,320403,22.0
3846,0,space_invaders,314382,320702,42.0
3847,0,space_invaders,319405,320941,11.0
3848,0,space_invaders,317748,321012,23.0
3849,0,space_invaders,317679,321103,23.0
3850,0,space_invaders,318732,321260,15.0
3851,0,space_invaders,319032,321384,16.0
3852,0,space_invaders,315569,321409,35.0
3853,0,space_invaders,318809,321785,14.0
3854,0,space_invaders,318919,321911,18.0
3855,0,space_invaders,320403,321955,10.0
3856,0,space_invaders,318774,322070,19.0
3857,0,space_invaders,321911,322183,3.0
3858,0,space_invaders,320702,322238,10.0
3859,0,space_invaders,321785,322537,7.0
3860,0,space_invaders,321260,322636,9.0
3861,0,space_invaders,319243,322699,15.0
3862,0,space_invaders,319650,322930,21.0
3863,0,space_invaders,321409,322961,12.0
3864,0,space_invaders,319488,323072,19.0
3865,0,space_invaders,321384,323224,14.0
3866,0,space_invaders,319290,323434,23.0
3867,0,space_invaders,322070,323606,12.0
3868,0,space_invaders,319029,323829,23.0
3869,0,space_invaders,323434,324042,6.0
3870,0,space_invaders,322537,324073,9.0
3871,0,space_invaders,322699,324107,11.0
3872,0,space_invaders,320941,324397,22.0
3873,0,space_invaders,323829,324469,7.0
3874,0,space_invaders,321103,324559,21.0
3875,0,space_invaders,322183,325015,14.0
3876,0,space_invaders,321955,325411,21.0
3877,0,space_invaders,324042,325418,7.0
3878,0,space_invaders,322636,325628,13.0
3879,0,space_invaders,322961,325937,15.0
3880,0,space_invaders,322238,326334,16.0
3881,0,space_invaders,323224,326504,21.0
3882,0,space_invaders,325628,326540,9.0
3883,0,space_invaders,321012,326564,26.0
3884,0,space_invaders,324107,326907,14.0
3885,0,space_invaders,326334,326942,4.0
3886,0,space_invaders,326540,327148,6.0
3887,0,space_invaders,324073,327177,18.0
3888,0,space_invaders,323072,327264,20.0
3889,0,space_invaders,324469,327477,12.0
3890,0,space_invaders,326504,327592,10.0
3891,0,space_invaders,325015,327703,11.0
3892,0,space_invaders,327148,327740,5.0
3893,0,space_invaders,325411,327747,19.0
3894,0,space_invaders,327177,327785,5.0
3895,0,space_invaders,324397,327837,17.0
3896,0,space_invaders,322930,327954,20.0
3897,0,space_invaders,324559,328031,16.0
3898,0,space_invaders,326907,328171,12.0
3899,0,space_invaders,327592,328200,6.0
3900,0,space_invaders,327703,328311,6.0
3901,0,space_invaders,325418,328522,15.0
3902,0,space_invaders,323606,328646,23.0
3903,0,space_invaders,326942,328846,12.0
3904,0,space_invaders,328171,328907,8.0
3905,0,space_invaders,327954,329010,11.0
3906,0,space_invaders,327837,329229,9.0
3907,0,space_invaders,326564,329236,17.0
3908,0,space_invaders,327747,329283,12.0
3909,0,space_invaders,328646,329382,8.0
3910,0,space_invaders,325937,329873,20.0
3911,0,space_invaders,329283,329891,7.0
3912,0,space_invaders,328522,330106,14.0
3913,0,space_invaders,327477,330117,17.0
3914,0,space_invaders,329873,330305,4.0
3915,0,space_invaders,327264,330528,19.0
3916,0,space_invaders,327785,330905,19.0
3917,0,space_invaders,329236,331604,18.0
3918,0,space_invaders,330106,331642,11.0
3919,0,space_invaders,327740,331644,22.0
3920,0,space_invaders,329010,331666,13.0
3921,0,space_invaders,328907,332187,21.0
3922,0,space_invaders,328200,332264,21.0
3923,0,space_invaders,330905,332473,15.0
3924,0,space_invaders,328311,332679,23.0
3925,0,space_invaders,328846,332750,23.0
3926,0,space_invaders,331604,332996,10.0
3927,0,space_invaders,331644,333020,9.0
3928,0,space_invaders,330117,333093,23.0
3929,0,space_invaders,330305,333105,18.0
3930,0,space_invaders,329229,333149,20.0
3931,0,space_invaders,332996,333268,2.0
3932,0,space_invaders,333020,333292,3.0
3933,0,space_invaders,328031,333327,22.0
3934,0,space_invaders,330528,333328,16.0
3935,0,space_invaders,332750,333374,7.0
3936,0,space_invaders,333268,334052,9.0
3937,0,space_invaders,331666,334498,18.0
3938,0,space_invaders,329382,334582,30.0
3939,0,space_invaders,334052,334660,6.0
3940,0,space_invaders,332264,334904,10.0
3941,0,space_invaders,329891,335283,34.0
3942,0,space_invaders,331642,335722,18.0
3943,0,space_invaders,333093,335765,13.0
3944,0,space_invaders,332679,335815,14.0
3945,0,space_invaders,333149,335949,17.0
3946,0,space_invaders,333328,336016,14.0
3947,0,space_invaders,335949,336381,5.0
3948,0,space_invaders,336016,336624,7.0
3949,0,space_invaders,336381,336653,3.0
3950,0,space_invaders,332187,336667,23.0
3951,0,space_invaders,333292,336908,19.0
3952,0,space_invaders,333327,336959,18.0
3953,0,space_invaders,332473,337001,23.0
3954,0,space_invaders,333374,337006,16.0
3955,0,space_invaders,333105,337009,22.0
3956,0,space_invaders,334582,337878,20.0
3957,0,space_invaders,334660,337972,19.0
3958,0,space_invaders,334498,338242,18.0
3959,0,space_invaders,336959,338543,12.0
3960,0,space_invaders,337006,338574,12.0
3961,0,space_invaders,334904,338616,23.0
3962,0,space_invaders,336908,339116,12.0
3963,0,space_invaders,335283,339235,16.0
3964,0,space_invaders,335765,339237,19.0
3965,0,space_invaders,335722,339498,19.0
3966,0,space_invaders,337009,339841,17.0
3967,0,space_invaders,336624,340224,19.0
3968,0,space_invaders,337878,340390,15.0
3969,0,space_invaders,335815,340615,23.0
3970,0,space_invaders,336667,340731,22.0
3971,0,space_invaders,336653,340733,17.0
3972,0,space_invaders,338242,340754,15.0
3973,0,space_invaders,339116,340796,11.0
3974,0,space_invaders,340224,340832,6.0
3975,0,space_invaders,338616,341112,14.0
3976,0,space_invaders,340731,341323,5.0
3977,0,space_invaders,337001,341449,23.0
3978,0,space_invaders,338574,341854,22.0
3979,0,space_invaders,337972,341892,20.0
3980,0,space_invaders,341323,341931,7.0
3981,0,space_invaders,340733,342109,9.0
3982,0,space_invaders,339498,342186,13.0
3983,0,space_invaders,339237,342373,21.0
3984,0,space_invaders,338543,342687,23.0
3985,0,space_invaders,341449,343001,10.0
3986,0,space_invaders,341892,343268,9.0
3987,0,space_invaders,340796,343628,22.0
3988,0,space_invaders,341112,343784,14.0
3989,0,space_invaders,340390,344006,18.0
3990,0,space_invaders,339235,344099,19.0
3991,0,space_invaders,340832,344288,18.0
3992,0,space_invaders,343268,344660,9.0
3993,0,space_invaders,340615,344695,21.0
3994,0,space_invaders,339841,344993,21.0
3995,0,space_invaders,341931,345083,19.0
3996,0,space_invaders,340754,345202,22.0
3997,0,space_invaders,342109,345229,18.0
3998,0,space_invaders,344695,345303,6.0
3999,0,space_invaders,342687,345631,17.0
4000,0,space_invaders,342186,345658,20.0
4001,0,space_invaders,341854,346062,23.0
4002,0,space_invaders,344660,346228,11.0
4003,0,space_invaders,345202,346594,10.0
4004,0,space_invaders,343628,346620,17.0
4005,0,space_invaders,343784,346776,20.0
4006,0,space_invaders,345229,346781,12.0
4007,0,space_invaders,344006,346982,19.0
4008,0,space_invaders,344099,347043,17.0
4009,0,space_invaders,342373,347093,23.0
4010,0,space_invaders,344288,347424,22.0
4011,0,space_invaders,343001,347577,23.0
4012,0,space_invaders,345083,347899,14.0
4013,0,space_invaders,345658,348122,19.0
4014,0,space_invaders,346620,348300,13.0
4015,0,space_invaders,345631,348431,15.0
4016,0,space_invaders,346062,348878,18.0
4017,0,space_invaders,347577,348969,10.0
4018,0,space_invaders,346228,349012,15.0
4019,0,space_invaders,344993,349089,21.0
4020,0,space_invaders,346594,349250,17.0
4021,0,space_invaders,345303,349383,22.0
4022,0,space_invaders,348878,349486,6.0
4023,0,space_invaders,349089,349681,6.0
4024,0,space_invaders,346781,349773,18.0
4025,0,space_invaders,348300,349852,11.0
4026,0,space_invaders,347424,350240,18.0
4027,0,space_invaders,347093,350373,18.0
4028,0,space_invaders,348122,350490,17.0
4029,0,space_invaders,347043,350643,21.0
4030,0,space_invaders,346776,350696,23.0
4031,0,space_invaders,347899,350747,16.0
4032,0,space_invaders,346982,351014,23.0
4033,0,space_invaders,349773,351165,9.0
4034,0,space_invaders,350747,351195,4.0
4035,0,space_invaders,349012,351684,15.0
4036,0,space_invaders,350490,351914,11.0
4037,0,space_invaders,350696,352072,9.0
4038,0,space_invaders,349383,352215,19.0
4039,0,space_invaders,351195,352283,12.0
4040,0,space_invaders,349486,352286,15.0
4041,0,space_invaders,349852,352700,14.0
4042,0,space_invaders,348431,352831,20.0
4043,0,space_invaders,350240,352912,16.0
4044,0,space_invaders,349681,352961,20.0
4045,0,space_invaders,351165,353021,17.0
4046,0,space_invaders,350643,353139,19.0
4047,0,space_invaders,351914,353146,9.0
4048,0,space_invaders,352912,353200,3.0
4049,0,space_invaders,352215,353271,12.0
4050,0,space_invaders,353146,353578,4.0
4051,0,space_invaders,353021,353613,6.0
4052,0,space_invaders,352286,353694,14.0
4053,0,space_invaders,352961,353857,9.0
4054,0,space_invaders,353139,353891,9.0
4055,0,space_invaders,353694,353982,3.0
4056,0,space_invaders,352831,354079,12.0
4057,0,space_invaders,350373,354133,23.0
4058,0,space_invaders,353271,354199,10.0
4059,0,space_invaders,349250,354258,21.0
4060,0,space_invaders,353613,354349,9.0
4061,0,space_invaders,353200,354624,12.0
4062,0,space_invaders,353891,354627,8.0
4063,0,space_invaders,354349,354637,3.0
4064,0,space_invaders,353578,354666,11.0
4065,0,space_invaders,353982,354718,8.0
4066,0,space_invaders,354199,354807,6.0
4067,0,space_invaders,354258,354866,7.0
4068,0,space_invaders,354133,354885,9.0
4069,0,space_invaders,348969,354905,23.0
4070,0,space_invaders,353857,355233,12.0
4071,0,space_invaders,354905,355337,5.0
4072,0,space_invaders,352072,355352,22.0
4073,0,space_invaders,354079,355455,12.0
4074,0,space_invaders,354666,355578,10.0
4075,0,space_invaders,354866,355602,7.0
4076,0,space_invaders,354885,355621,8.0
4077,0,space_invaders,352283,356059,22.0
4078,0,space_invaders,355337,356089,8.0
4079,0,space_invaders,355602,356210,6.0
4080,0,space_invaders,355352,356280,10.0
4081,0,space_invaders,355578,356810,14.0
4082,0,space_invaders,354624,356832,18.0
4083,0,space_invaders,351014,356854,22.0
4084,0,space_invaders,356089,357161,11.0
4085,0,space_invaders,354718,357710,21.0
4086,0,space_invaders,352700,357804,20.0
4087,0,space_invaders,356280,357832,11.0
4088,0,space_invaders,355233,357873,15.0
4089,0,space_invaders,354627,357907,22.0
4090,0,space_invaders,355455,358287,21.0
4091,0,space_invaders,355621,358293,15.0
4092,0,space_invaders,356810,358362,8.0
4093,0,space_invaders,354807,358391,22.0
4094,0,space_invaders,356854,358422,14.0
4095,0,space_invaders,357873,358481,7.0
4096,0,space_invaders,357907,358499,6.0
4097,0,space_invaders,356059,358539,17.0
4098,0,space_invaders,358362,358970,6.0
4099,0,space_invaders,358481,359073,7.0
4100,0,space_invaders,351684,359140,41.0
4101,0,space_invaders,357710,359438,11.0
4102,0,space_invaders,359073,359505,4.0
4103,0,space_invaders,359140,359572,5.0
4104,0,space_invaders,358422,359798,11.0
4105,0,space_invaders,358287,359871,10.0
4106,0,space_invaders,358499,360051,12.0
4107,0,space_invaders,358391,360103,12.0
4108,0,space_invaders,357161,360153,16.0
4109,0,space_invaders,360103,360535,5.0
4110,0,space_invaders,356210,360866,23.0
4111,0,space_invaders,357832,360984,23.0
4112,0,space_invaders,354637,360989,32.0
4113,0,space_invaders,359505,361057,10.0
4114,0,space_invaders,358293,361093,18.0
4115,0,space_invaders,360866,361298,5.0
4116,0,space_invaders,359798,361334,11.0
4117,0,space_invaders,356832,361376,23.0
4118,0,space_invaders,358970,361498,14.0
4119,0,space_invaders,358539,361515,20.0
4120,0,space_invaders,360984,361896,11.0
4121,0,space_invaders,361298,362210,10.0
4122,0,space_invaders,359572,362372,19.0
4123,0,space_invaders,361515,362411,9.0
4124,0,space_invaders,357804,362476,23.0
4125,0,space_invaders,360989,362877,14.0
4126,0,space_invaders,361498,362890,12.0
4127,0,space_invaders,359871,363135,16.0
4128,0,space_invaders,362372,363300,10.0
4129,0,space_invaders,361896,363304,11.0
4130,0,space_invaders,362476,363420,9.0
4131,0,space_invaders,360051,363507,16.0
4132,0,space_invaders,362877,363773,10.0
4133,0,space_invaders,362890,363786,11.0
4134,0,space_invaders,362411,363803,10.0
4135,0,space_invaders,363135,363903,8.0
4136,0,space_invaders,363507,363939,4.0
4137,0,space_invaders,360535,364151,19.0
4138,0,space_invaders,361057,364193,19.0
4139,0,space_invaders,363304,364216,10.0
4140,0,space_invaders,363300,364228,10.0
4141,0,space_invaders,363773,364365,7.0
4142,0,space_invaders,363803,364395,7.0
4143,0,space_invaders,363903,364511,6.0
4144,0,space_invaders,359438,364590,22.0
4145,0,space_invaders,361376,364672,18.0
4146,0,space_invaders,363786,364682,9.0
4147,0,space_invaders,361093,364693,21.0
4148,0,space_invaders,364216,364808,7.0
4149,0,space_invaders,360153,364841,23.0
4150,0,space_invaders,362210,365026,16.0
4151,0,space_invaders,364193,365569,10.0
4152,0,space_invaders,361334,365846,23.0
4153,0,space_invaders,364672,366048,9.0
4154,0,space_invaders,363420,366076,16.0
4155,0,space_invaders,364841,366233,11.0
4156,0,space_invaders,363939,366771,20.0
4157,0,space_invaders,366233,366841,6.0
4158,0,space_invaders,364511,366879,14.0
4159,0,space_invaders,364228,367028,19.0
4160,0,space_invaders,364682,367194,17.0
4161,0,space_invaders,364395,367531,21.0
4162,0,space_invaders,364590,367710,20.0
4163,0,space_invaders,364151,367911,22.0
4164,0,space_invaders,365026,368178,19.0
4165,0,space_invaders,367028,368404,9.0
4166,0,space_invaders,366841,368409,13.0
4167,0,space_invaders,365846,368518,18.0
4168,0,space_invaders,368178,368786,7.0
4169,0,space_invaders,364365,368957,25.0
4170,0,space_invaders,366048,369008,13.0
4171,0,space_invaders,368409,369017,6.0
4172,0,space_invaders,364808,369192,20.0
4173,0,space_invaders,366076,369212,20.0
4174,0,space_invaders,365569,369489,22.0
4175,0,space_invaders,369008,369920,11.0
4176,0,space_invaders,367194,370010,18.0
4177,0,space_invaders,369212,370268,12.0
4178,0,space_invaders,367531,370363,19.0
4179,0,space_invaders,364693,370533,30.0
4180,0,space_invaders,366879,370943,21.0
4181,0,space_invaders,369920,370976,10.0
4182,0,space_invaders,370363,371115,8.0
4183,0,space_invaders,370533,371125,6.0
4184,0,space_invaders,367911,371191,19.0
4185,0,space_invaders,368957,371453,16.0
4186,0,space_invaders,368518,371494,19.0
4187,0,space_invaders,367710,371630,21.0
4188,0,space_invaders,368404,371684,21.0
4189,0,space_invaders,371125,371717,7.0
4190,0,space_invaders,371494,371766,0.0
4191,0,space_invaders,366771,372083,23.0
4192,0,space_invaders,369489,372145,15.0
4193,0,space_invaders,371630,372222,5.0
4194,0,space_invaders,370010,372362,18.0
4195,0,space_invaders,372222,372494,3.0
4196,0,space_invaders,372362,372954,7.0
4197,0,space_invaders,370268,373260,16.0
4198,0,space_invaders,369017,373289,27.0
4199,0,space_invaders,370943,373295,15.0
4200,0,space_invaders,371766,373334,14.0
4201,0,space_invaders,369192,373432,22.0
4202,0,space_invaders,371115,373483,16.0
4203,0,space_invaders,371191,373703,16.0
4204,0,space_invaders,368786,373842,26.0
4205,0,space_invaders,371717,374341,20.0
4206,0,space_invaders,373260,374492,14.0
4207,0,space_invaders,371684,374660,18.0
4208,0,space_invaders,372145,375105,20.0
4209,0,space_invaders,372494,375150,20.0
4210,0,space_invaders,370976,375424,23.0
4211,0,space_invaders,373289,375817,14.0
4212,0,space_invaders,372083,375859,22.0
4213,0,space_invaders,375150,375902,8.0
4214,0,space_invaders,371453,376093,22.0
4215,0,space_invaders,373703,376199,14.0
4216,0,space_invaders,373432,376248,16.0
4217,0,space_invaders,373334,376294,20.0
4218,0,space_invaders,376248,376872,7.0
4219,0,space_invaders,373483,376939,20.0
4220,0,space_invaders,373842,377282,22.0
4221,0,space_invaders,374492,377756,18.0
4222,0,space_invaders,374341,377797,20.0
4223,0,space_invaders,373295,378127,21.0
4224,0,space_invaders,376199,379015,16.0
4225,0,space_invaders,375859,379123,21.0
4226,0,space_invaders,376939,379291,16.0
4227,0,space_invaders,377797,379365,13.0
4228,0,space_invaders,375424,379776,22.0
4229,0,space_invaders,376093,379853,22.0
4230,0,space_invaders,376294,380038,23.0
4231,0,space_invaders,376872,380184,19.0
4232,0,space_invaders,375105,380225,22.0
4233,0,space_invaders,379365,380261,10.0
4234,0,space_invaders,374660,380292,22.0
4235,0,space_invaders,377756,380412,18.0
4236,0,space_invaders,379853,380461,6.0
4237,0,space_invaders,380038,380646,6.0
4238,0,space_invaders,379123,380659,11.0
4239,0,space_invaders,379776,380672,10.0
4240,0,space_invaders,372954,380698,45.0
4241,0,space_invaders,377282,380738,18.0
4242,0,space_invaders,375817,380921,23.0
4243,0,space_invaders,379015,381351,14.0
4244,0,space_invaders,375902,381582,28.0
4245,0,space_invaders,380698,381754,11.0
4246,0,space_invaders,380261,382149,13.0
4247,0,space_invaders,380659,382211,10.0
4248,0,space_invaders,378127,382991,22.0
4249,0,space_invaders,381582,383134,13.0
4250,0,space_invaders,379291,383195,20.0
4251,0,space_invaders,380225,383201,20.0
4252,0,space_invaders,380292,383748,22.0
4253,0,space_invaders,382991,384543,13.0
4254,0,space_invaders,380738,384658,22.0
4255,0,space_invaders,383201,384753,11.0
4256,0,space_invaders,382211,384867,14.0
4257,0,space_invaders,380646,384870,22.0
4258,0,space_invaders,380672,384896,23.0
4259,0,space_invaders,380412,384988,23.0
4260,0,space_invaders,380184,385048,23.0
4261,0,space_invaders,383748,385300,11.0
4262,0,space_invaders,381351,385415,21.0
4263,0,space_invaders,382149,385429,19.0
4264,0,space_invaders,380921,385513,25.0
4265,0,space_invaders,380461,385533,32.0
4266,0,space_invaders,385415,385847,5.0
4267,0,space_invaders,384870,385942,12.0
4268,0,space_invaders,385429,386021,7.0
4269,0,space_invaders,384543,386095,12.0
4270,0,space_invaders,381754,386138,23.0
4271,0,space_invaders,384658,386210,11.0
4272,0,space_invaders,384867,386419,12.0
4273,0,space_invaders,385533,386429,10.0
4274,0,space_invaders,384988,386540,11.0
4275,0,space_invaders,385513,386889,10.0
4276,0,space_invaders,383195,387435,19.0
4277,0,space_invaders,386889,387481,7.0
4278,0,space_invaders,386021,387573,13.0
4279,0,space_invaders,384896,387712,19.0
4280,0,space_invaders,386429,387981,14.0
4281,0,space_invaders,384753,388033,18.0
4282,0,space_invaders,387481,388265,9.0
4283,0,space_invaders,387573,388309,8.0
4284,0,space_invaders,385048,388712,27.0
4285,0,space_invaders,386095,388735,18.0
4286,0,space_invaders,387435,388843,15.0
4287,0,space_invaders,385847,388983,20.0
4288,0,space_invaders,385300,389028,23.0
4289,0,space_invaders,385942,389062,20.0
4290,0,space_invaders,386138,389130,21.0
4291,0,space_invaders,386540,389340,20.0
4292,0,space_invaders,386419,389411,21.0
4293,0,space_invaders,388309,389717,12.0
4294,0,space_invaders,388033,389729,9.0
4295,0,space_invaders,387712,389920,16.0
4296,0,space_invaders,389411,390019,7.0
4297,0,space_invaders,388712,390120,11.0
4298,0,space_invaders,389729,390337,6.0
4299,0,space_invaders,389028,390452,11.0
4300,0,space_invaders,389130,390522,10.0
4301,0,space_invaders,390120,390744,7.0
4302,0,space_invaders,383134,390910,43.0
4303,0,space_invaders,386210,391106,23.0
4304,0,space_invaders,389717,391269,12.0
4305,0,space_invaders,388265,391529,17.0
4306,0,space_invaders,389340,391708,17.0
4307,0,space_invaders,390910,391806,10.0
4308,0,space_invaders,388735,392047,17.0
4309,0,space_invaders,391269,392053,9.0
4310,0,space_invaders,391529,392137,6.0
4311,0,space_invaders,391708,392316,6.0
4312,0,space_invaders,388983,392407,20.0
4313,0,space_invaders,389920,392416,14.0
4314,0,space_invaders,388843,392635,26.0
4315,0,space_invaders,390337,392849,14.0
4316,0,space_invaders,387981,393757,22.0
4317,0,space_invaders,390019,394243,22.0
4318,0,space_invaders,390522,394346,23.0
4319,0,space_invaders,391106,394690,20.0
4320,0,space_invaders,392316,394796,17.0
4321,0,space_invaders,394243,394851,6.0
4322,0,space_invaders,390744,394888,23.0
4323,0,space_invaders,392416,395088,15.0
4324,0,space_invaders,392047,395167,19.0
4325,0,space_invaders,390452,395188,23.0
4326,0,space_invaders,392407,395207,12.0
4327,0,space_invaders,395167,395439,2.0
4328,0,space_invaders,392849,395649,15.0
4329,0,space_invaders,392053,395669,17.0
4330,0,space_invaders,389062,396214,38.0
4331,0,space_invaders,395649,396257,6.0
4332,0,space_invaders,394796,396332,12.0
4333,0,space_invaders,395207,396599,11.0
4334,0,space_invaders,393757,396733,18.0
4335,0,space_invaders,392137,396777,23.0
4336,0,space_invaders,391806,396926,21.0
4337,0,space_invaders,394888,397688,15.0
4338,0,space_invaders,395088,397904,17.0
4339,0,space_invaders,396777,398329,12.0
4340,0,space_invaders,394346,398442,21.0
4341,0,space_invaders,394690,398450,17.0
4342,0,space_invaders,392635,398651,30.0
4343,0,space_invaders,396599,399095,14.0
4344,0,space_invaders,395669,399109,16.0
4345,0,space_invaders,395439,399375,23.0
4346,0,space_invaders,396733,399421,13.0
4347,0,space_invaders,394851,399651,23.0
4348,0,space_invaders,399421,400029,5.0
4349,0,space_invaders,396332,400108,20.0
4350,0,space_invaders,395188,400228,23.0
4351,0,space_invaders,397688,400344,12.0
4352,0,space_invaders,396257,400929,25.0
4353,0,space_invaders,398442,401258,16.0
4354,0,space_invaders,397904,401360,18.0
4355,0,space_invaders,398450,401426,19.0
4356,0,space_invaders,396214,401430,22.0
4357,0,space_invaders,400929,401825,9.0
4358,0,space_invaders,401360,402000,6.0
4359,0,space_invaders,401426,402034,5.0
4360,0,space_invaders,399109,402101,19.0
4361,0,space_invaders,398651,402123,18.0
4362,0,space_invaders,399651,402467,16.0
4363,0,space_invaders,399375,402495,19.0
4364,0,space_invaders,400029,402541,14.0
4365,0,space_invaders,401825,402721,9.0
4366,0,space_invaders,401258,402810,10.0
4367,0,space_invaders,401430,402822,10.0
4368,0,space_invaders,402101,402837,8.0
4369,0,space_invaders,402123,402875,7.0
4370,0,space_invaders,396926,402958,23.0
4371,0,space_invaders,400228,403028,11.0
4372,0,space_invaders,402467,403075,6.0
4373,0,space_invaders,400108,403084,19.0
4374,0,space_invaders,398329,403177,23.0
4375,0,space_invaders,402541,403309,8.0
4376,0,space_invaders,402721,403329,7.0
4377,0,space_invaders,402837,403445,6.0
4378,0,space_invaders,403075,403683,6.0
4379,0,space_invaders,403028,403764,8.0
4380,0,space_invaders,399095,403943,22.0
4381,0,space_invaders,403683,404291,7.0
4382,0,space_invaders,400344,404536,23.0
4383,0,space_invaders,402495,404687,22.0
4384,0,space_invaders,403084,405292,16.0
4385,0,space_invaders,402875,405499,18.0
4386,0,space_invaders,402034,405618,18.0
4387,0,space_invaders,403329,405697,14.0
4388,0,space_invaders,402810,405946,18.0
4389,0,space_invaders,402000,406080,22.0
4390,0,space_invaders,403764,406100,15.0
4391,0,space_invaders,403177,406633,21.0
4392,0,space_invaders,406100,406708,7.0
4393,0,space_invaders,403309,406765,20.0
4394,0,space_invaders,403445,407077,18.0
4395,0,space_invaders,404291,407123,21.0
4396,0,space_invaders,402822,407670,23.0
4397,0,space_invaders,407077,407685,7.0
4398,0,space_invaders,407123,407859,8.0
4399,0,space_invaders,406080,407920,16.0
4400,0,space_invaders,406708,408084,11.0
4401,0,space_invaders,404536,408088,23.0
4402,0,space_invaders,402958,408238,23.0
4403,0,space_invaders,406633,408313,12.0
4404,0,space_invaders,405946,408426,19.0
4405,0,space_invaders,404687,408463,21.0
4406,0,space_invaders,405499,408651,21.0
4407,0,space_invaders,408084,408676,7.0
4408,0,space_invaders,408676,408964,3.0
4409,0,space_invaders,408313,409081,8.0
4410,0,space_invaders,405618,409090,17.0
4411,0,space_invaders,405292,409196,23.0
4412,0,space_invaders,407670,409222,12.0
4413,0,space_invaders,403943,409239,22.0
4414,0,space_invaders,407859,409411,14.0
4415,0,space_invaders,408651,409435,8.0
4416,0,space_invaders,406765,410029,24.0
4417,0,space_invaders,408238,410414,20.0
4418,0,space_invaders,408088,410440,19.0
4419,0,space_invaders,408463,410495,16.0
4420,0,space_invaders,409081,410665,15.0
4421,0,space_invaders,410414,411150,8.0
4422,0,space_invaders,407920,411216,20.0
4423,0,space_invaders,405697,411249,27.0
4424,0,space_invaders,410029,411437,11.0
4425,0,space_invaders,407685,411445,23.0
4426,0,space_invaders,410665,411769,12.0
4427,0,space_invaders,409435,411787,18.0
4428,0,space_invaders,410495,412543,14.0
4429,0,space_invaders,409411,412547,16.0
4430,0,space_invaders,408426,413034,23.0
4431,0,space_invaders,411769,413161,12.0
4432,0,space_invaders,411787,413163,10.0
4433,0,space_invaders,409196,413340,23.0
4434,0,space_invaders,408964,413508,19.0
4435,0,space_invaders,410440,413896,19.0
4436,0,space_invaders,413161,413929,8.0
4437,0,space_invaders,411150,413950,19.0
4438,0,space_invaders,409222,414118,23.0
4439,0,space_invaders,413896,414504,7.0
4440,0,space_invaders,413929,414521,5.0
4441,0,space_invaders,411437,415037,17.0
4442,0,space_invaders,413950,415342,11.0
4443,0,space_invaders,412547,415363,18.0
4444,0,space_invaders,409090,415506,21.0
4445,0,space_invaders,414521,415577,10.0
4446,0,space_invaders,415037,415645,6.0
4447,0,space_invaders,413034,416026,14.0
4448,0,space_invaders,411216,416064,17.0
4449,0,space_invaders,415342,416078,8.0
4450,0,space_invaders,411445,416149,21.0
4451,0,space_invaders,415645,416253,6.0
4452,0,space_invaders,413340,416316,18.0
4453,0,space_invaders,413508,416324,15.0
4454,0,space_invaders,416253,416861,6.0
4455,0,space_invaders,416149,416885,7.0
4456,0,space_invaders,416316,416924,6.0
4457,0,space_invaders,416078,416974,10.0
4458,0,space_invaders,414118,417126,17.0
4459,0,space_invaders,414504,417320,14.0
4460,0,space_invaders,416861,417485,7.0
4461,0,space_invaders,416324,417700,10.0
4462,0,space_invaders,416974,417870,10.0
4463,0,space_invaders,413163,417883,20.0
4464,0,space_invaders,415506,418162,12.0
4465,0,space_invaders,416026,418666,13.0
4466,0,space_invaders,417320,418744,11.0
4467,0,space_invaders,416064,418752,13.0
4468,0,space_invaders,411249,419153,39.0
4469,0,space_invaders,409239,419303,44.0
4470,0,space_invaders,415577,419497,19.0
4471,0,space_invaders,415363,419747,16.0
4472,0,space_invaders,417126,419798,13.0
4473,0,space_invaders,416885,420485,18.0
4474,0,space_invaders,417883,420523,14.0
4475,0,space_invaders,419303,420535,8.0
4476,0,space_invaders,418666,421034,14.0
4477,0,space_invaders,418744,421240,16.0
4478,0,space_invaders,420485,421381,10.0
4479,0,space_invaders,412543,421727,42.0
4480,0,space_invaders,417870,421774,14.0
4481,0,space_invaders,417485,421885,21.0
4482,0,space_invaders,418162,421938,19.0
4483,0,space_invaders,421727,422159,4.0
4484,0,space_invaders,416924,422476,21.0
4485,0,space_invaders,419153,422593,19.0
4486,0,space_invaders,419497,422761,24.0
4487,0,space_invaders,422593,423217,7.0
4488,0,space_invaders,419747,423347,22.0
4489,0,space_invaders,422761,423353,7.0
4490,0,space_invaders,417700,423364,21.0
4491,0,space_invaders,418752,423472,21.0
4492,0,space_invaders,420523,423483,21.0
4493,0,space_invaders,423353,423641,3.0
4494,0,space_invaders,420535,423687,21.0
4495,0,space_invaders,421381,423909,13.0
4496,0,space_invaders,421240,424232,21.0
4497,0,space_invaders,421774,424302,18.0
4498,0,space_invaders,419798,424342,22.0
4499,0,space_invaders,421885,424717,20.0
4500,0,space_invaders,424302,424926,6.0
4501,0,space_invaders,424926,425198,2.0
4502,0,space_invaders,423347,425699,14.0
4503,0,space_invaders,421034,425754,23.0
4504,0,space_invaders,423472,426304,21.0
4505,0,space_invaders,425754,426346,7.0
4506,0,space_invaders,423687,426679,17.0
4507,0,space_invaders,424342,427030,19.0
4508,0,space_invaders,422476,427196,23.0
4509,0,space_invaders,423217,427297,23.0
4510,0,space_invaders,421938,427426,20.0
4511,0,space_invaders,422159,427471,22.0
4512,0,space_invaders,423641,427609,22.0
4513,0,space_invaders,424717,427709,21.0
4514,0,space_invaders,423483,427723,22.0
4515,0,space_invaders,423364,427796,25.0
4516,0,space_invaders,427471,428063,6.0
4517,0,space_invaders,424232,428296,22.0
4518,0,space_invaders,426679,428359,13.0
4519,0,space_invaders,427030,428422,12.0
4520,0,space_invaders,423909,428453,18.0
4521,0,space_invaders,425699,428531,18.0
4522,0,space_invaders,425198,428638,23.0
4523,0,space_invaders,428638,428910,3.0
4524,0,space_invaders,428063,429471,10.0
4525,0,space_invaders,426304,429616,14.0
4526,0,space_invaders,427196,429996,15.0
4527,0,space_invaders,428531,430099,12.0
4528,0,space_invaders,427709,430397,16.0
4529,0,space_invaders,427426,430402,15.0
4530,0,space_invaders,427796,430772,19.0
4531,0,space_invaders,428359,431031,16.0
4532,0,space_invaders,427297,431057,19.0
4533,0,space_invaders,427609,431065,17.0
4534,0,space_invaders,428422,431110,16.0
4535,0,space_invaders,431031,431303,3.0
4536,0,space_invaders,426346,431322,23.0
4537,0,space_invaders,427723,431483,19.0
4538,0,space_invaders,429996,431532,13.0
4539,0,space_invaders,431110,431718,7.0
4540,0,space_invaders,431057,431793,8.0
4541,0,space_invaders,430099,431795,12.0
4542,0,space_invaders,428910,431902,22.0
4543,0,space_invaders,431303,432039,8.0
4544,0,space_invaders,431795,432547,8.0
4545,0,space_invaders,428453,432677,21.0
4546,0,space_invaders,430397,432925,18.0
4547,0,space_invaders,429471,433071,23.0
4548,0,space_invaders,431483,433211,15.0
4549,0,space_invaders,430402,433250,17.0
4550,0,space_invaders,432677,433413,8.0
4551,0,space_invaders,432039,433607,12.0
4552,0,space_invaders,431532,433740,16.0
4553,0,space_invaders,432547,433971,12.0
4554,0,space_invaders,429616,434208,23.0
4555,0,space_invaders,430772,434228,23.0
4556,0,space_invaders,428296,434712,21.0
4557,0,space_invaders,431718,434854,17.0
4558,0,space_invaders,431902,434878,20.0
4559,0,space_invaders,433607,435303,14.0
4560,0,space_invaders,431065,435561,22.0
4561,0,space_invaders,434228,435924,12.0
4562,0,space_invaders,431793,436561,23.0
4563,0,space_invaders,433211,436667,20.0
4564,0,space_invaders,431322,437194,30.0
4565,0,space_invaders,433413,437781,21.0
4566,0,space_invaders,432925,438013,23.0
4567,0,space_invaders,433250,438066,23.0
4568,0,space_invaders,435561,438089,15.0
4569,0,space_invaders,436561,438113,9.0
4570,0,space_invaders,433071,438159,27.0
4571,0,space_invaders,433971,438563,23.0
4572,0,space_invaders,434854,438902,22.0
4573,0,space_invaders,433740,439276,23.0
4574,0,space_invaders,434208,439344,23.0
4575,0,space_invaders,438066,439458,9.0
4576,0,space_invaders,434878,439598,21.0
4577,0,space_invaders,438159,439695,11.0
4578,0,space_invaders,434712,439720,22.0
4579,0,space_invaders,439344,439968,5.0
4580,0,space_invaders,437194,440010,17.0
4581,0,space_invaders,435303,440103,23.0
4582,0,space_invaders,439598,440206,5.0
4583,0,space_invaders,436667,440283,18.0
4584,0,space_invaders,435924,440804,22.0
4585,0,space_invaders,438902,441382,12.0
4586,0,space_invaders,438013,441613,17.0
4587,0,space_invaders,437781,441717,17.0
4588,0,space_invaders,438113,442193,17.0
4589,0,space_invaders,438089,442313,21.0
4590,0,space_invaders,439458,442402,19.0
4591,0,space_invaders,439720,442504,20.0
4592,0,space_invaders,439276,442892,20.0
4593,0,space_invaders,439695,442959,16.0
4594,0,space_invaders,442402,443010,7.0
4595,0,space_invaders,440103,443047,16.0
4596,0,space_invaders,441613,443165,9.0
4597,0,space_invaders,438563,443411,20.0
4598,0,space_invaders,440804,443476,15.0
4599,0,space_invaders,439968,444080,23.0
4600,0,space_invaders,442892,444460,12.0
4601,0,space_invaders,440206,444638,25.0
4602,0,space_invaders,443165,444717,11.0
4603,0,space_invaders,443476,444852,11.0
4604,0,space_invaders,440283,444923,23.0
4605,0,space_invaders,444638,445070,4.0
4606,0,space_invaders,442313,445145,18.0
4607,0,space_invaders,442504,445176,16.0
4608,0,space_invaders,440010,445242,31.0
4609,0,space_invaders,444080,445648,15.0
4610,0,space_invaders,442193,445649,18.0
4611,0,space_invaders,445176,445912,9.0
4612,0,space_invaders,441382,446070,20.0
4613,0,space_invaders,444717,446269,12.0
4614,0,space_invaders,445070,446446,10.0
4615,0,space_invaders,445242,446794,11.0
4616,0,space_invaders,446269,446861,7.0
4617,0,space_invaders,441717,446997,22.0
4618,0,space_invaders,446861,447469,6.0
4619,0,space_invaders,444852,447492,17.0
4620,0,space_invaders,443010,447746,23.0
4621,0,space_invaders,442959,447775,22.0
4622,0,space_invaders,444923,448219,21.0
4623,0,space_invaders,447492,448244,8.0
4624,0,space_invaders,444460,448716,20.0
4625,0,space_invaders,447469,449005,12.0
4626,0,space_invaders,445145,449193,23.0
4627,0,space_invaders,446997,449317,15.0
4628,0,space_invaders,443411,449475,19.0
4629,0,space_invaders,445912,450280,23.0
4630,0,space_invaders,446070,450326,23.0
4631,0,space_invaders,449317,450709,10.0
4632,0,space_invaders,445648,450944,23.0
4633,0,space_invaders,445649,451041,22.0
4634,0,space_invaders,447775,451231,21.0
4635,0,space_invaders,447746,451794,23.0
4636,0,space_invaders,448219,451819,16.0
4637,0,space_invaders,449005,451821,17.0
4638,0,space_invaders,446446,451870,22.0
4639,0,space_invaders,443047,451911,47.0
4640,0,space_invaders,448244,452020,18.0
4641,0,space_invaders,446794,452106,23.0
4642,0,space_invaders,448716,452316,15.0
4643,0,space_invaders,450280,452792,14.0
4644,0,space_invaders,449193,453289,20.0
4645,0,space_invaders,451794,453362,12.0
4646,0,space_invaders,451819,453371,11.0
4647,0,space_invaders,451821,453405,12.0
4648,0,space_invaders,451870,453422,13.0
4649,0,space_invaders,452316,453868,13.0
4650,0,space_invaders,450326,454086,21.0
4651,0,space_invaders,450709,454149,19.0
4652,0,space_invaders,449475,454467,22.0
4653,0,space_invaders,450944,454720,18.0
4654,0,space_invaders,452106,454890,16.0
4655,0,space_invaders,454467,455219,8.0
4656,0,space_invaders,451041,456081,19.0
4657,0,space_invaders,454720,456096,11.0
4658,0,space_invaders,453422,456206,17.0
4659,0,space_invaders,451911,456423,23.0
4660,0,space_invaders,453362,456674,21.0
4661,0,space_invaders,453868,457164,21.0
4662,0,space_invaders,451231,457231,34.0
4663,0,space_invaders,452020,457556,23.0
4664,0,space_invaders,452792,457592,22.0
4665,0,space_invaders,454086,457718,18.0
4666,0,space_invaders,456423,457815,12.0
4667,0,space_invaders,453289,457993,23.0
4668,0,space_invaders,453405,458349,23.0
4669,0,space_invaders,454149,458581,24.0
4670,0,space_invaders,455219,459315,20.0
4671,0,space_invaders,456206,459358,21.0
4672,0,space_invaders,458581,459829,13.0
4673,0,space_invaders,459358,459966,7.0
4674,0,space_invaders,457231,460079,17.0
4675,0,space_invaders,457164,460140,20.0
4676,0,space_invaders,457556,460404,14.0
4677,0,space_invaders,457718,460678,19.0
4678,0,space_invaders,459315,460723,13.0
4679,0,space_invaders,457592,461048,21.0
4680,0,space_invaders,457993,461145,19.0
4681,0,space_invaders,456096,461344,34.0
4682,0,space_invaders,460678,461606,10.0
4683,0,space_invaders,456674,461650,23.0
4684,0,space_invaders,456081,461825,21.0
4685,0,space_invaders,453371,461931,47.0
4686,0,space_invaders,460723,461955,13.0
4687,0,space_invaders,454890,462362,40.0
4688,0,space_invaders,461145,462377,13.0
4689,0,space_invaders,461344,462416,12.0
4690,0,space_invaders,459966,462494,20.0
4691,0,space_invaders,461825,462561,8.0
4692,0,space_invaders,461931,462699,8.0
4693,0,space_invaders,458349,462861,23.0
4694,0,space_invaders,461606,462870,13.0
4695,0,space_invaders,460404,462916,16.0
4696,0,space_invaders,461955,463011,12.0
4697,0,space_invaders,461650,463042,13.0
4698,0,space_invaders,460079,463071,20.0
4699,0,space_invaders,460140,463132,20.0
4700,0,space_invaders,462494,463246,8.0
4701,0,space_invaders,462561,463329,8.0
4702,0,space_invaders,457815,463367,33.0
4703,0,space_invaders,462699,463451,9.0
4704,0,space_invaders,462916,463668,8.0
4705,0,space_invaders,463246,463854,7.0
4706,0,space_invaders,459829,463941,25.0
4707,0,space_invaders,463071,463967,10.0
4708,0,space_invaders,463011,464099,11.0
4709,0,space_invaders,463668,464436,8.0
4710,0,space_invaders,463967,464719,8.0
4711,0,space_invaders,463854,464750,10.0
4712,0,space_invaders,463941,464853,10.0
4713,0,space_invaders,463132,465468,21.0
4714,0,space_invaders,462416,465520,21.0
4715,0,space_invaders,461048,465720,23.0
4716,0,space_invaders,463042,465842,22.0
4717,0,space_invaders,462377,466169,24.0
4718,0,space_invaders,463451,466267,21.0
4719,0,space_invaders,464750,466318,11.0
4720,0,space_invaders,463329,466465,21.0
4721,0,space_invaders,464436,466964,17.0
4722,0,space_invaders,464099,467059,19.0
4723,0,space_invaders,462861,467293,22.0
4724,0,space_invaders,463367,468039,23.0
4725,0,space_invaders,464853,468693,23.0
4726,0,space_invaders,462362,468826,39.0
4727,0,space_invaders,466267,469067,18.0
4728,0,space_invaders,466318,469438,19.0
4729,0,space_invaders,466465,469457,21.0
4730,0,space_invaders,464719,469471,23.0
4731,0,space_invaders,465520,469776,22.0
4732,0,space_invaders,466169,469785,19.0
4733,0,space_invaders,465720,470072,23.0
4734,0,space_invaders,468826,470218,9.0
4735,0,space_invaders,465468,470508,22.0
4736,0,space_invaders,469067,470619,11.0
4737,0,space_invaders,465842,470946,23.0
4738,0,space_invaders,466964,471428,23.0
4739,0,space_invaders,468039,471479,21.0
4740,0,space_invaders,471428,472036,7.0
4741,0,space_invaders,469457,472145,14.0
4742,0,space_invaders,468693,472309,20.0
4743,0,space_invaders,470946,472338,10.0
4744,0,space_invaders,462870,472870,45.0
4745,0,space_invaders,470619,473451,21.0
4746,0,space_invaders,470508,473788,22.0
4747,0,space_invaders,467059,474195,43.0
4748,0,space_invaders,470218,474330,24.0
4749,0,space_invaders,469438,474398,23.0
4750,0,space_invaders,471479,474759,21.0
4751,0,space_invaders,469776,475008,27.0
4752,0,space_invaders,472036,475012,17.0
4753,0,space_invaders,472338,475154,17.0
4754,0,space_invaders,473788,475340,14.0
4755,0,space_invaders,474759,475495,9.0
4756,0,space_invaders,472145,475585,21.0
4757,0,space_invaders,475154,475746,7.0
4758,0,space_invaders,469785,475833,34.0
4759,0,space_invaders,475585,475873,3.0
4760,0,space_invaders,474330,475882,13.0
4761,0,space_invaders,469471,476127,33.0
4762,0,space_invaders,472309,476229,23.0
4763,0,space_invaders,475873,476305,4.0
4764,0,space_invaders,475882,476474,7.0
4765,0,space_invaders,474195,476851,19.0
4766,0,space_invaders,476305,476897,7.0
4767,0,space_invaders,473451,477019,23.0
4768,0,space_invaders,475495,477047,12.0
4769,0,space_invaders,470072,477208,39.0
4770,0,space_invaders,476851,477459,7.0
4771,0,space_invaders,474398,477518,21.0
4772,0,space_invaders,472870,477606,23.0
4773,0,space_invaders,476229,477941,16.0
4774,0,space_invaders,475340,477996,24.0
4775,0,space_invaders,475833,478345,22.0
4776,0,space_invaders,477518,478414,10.0
4777,0,space_invaders,475012,478452,19.0
4778,0,space_invaders,477019,478731,15.0
4779,0,space_invaders,475008,478912,20.0
4780,0,space_invaders,478414,479198,9.0
4781,0,space_invaders,477459,479203,12.0
4782,0,space_invaders,478452,479364,10.0
4783,0,space_invaders,476474,479594,20.0
4784,0,space_invaders,478731,479627,11.0
4785,0,space_invaders,479203,479635,5.0
4786,0,space_invaders,478912,479680,8.0
4787,0,space_invaders,476897,479873,20.0
4788,0,space_invaders,478345,479913,14.0
4789,0,space_invaders,477047,480039,19.0
4790,0,space_invaders,475746,480354,22.0
4791,0,space_invaders,477996,480364,18.0
4792,0,space_invaders,479680,480576,10.0
4793,0,space_invaders,480364,480972,7.0
4794,0,space_invaders,467293,481101,70.0
4795,0,space_invaders,477208,481208,23.0
4796,0,space_invaders,477941,481413,25.0
4797,0,space_invaders,477606,481814,23.0
4798,0,space_invaders,479913,482073,20.0
4799,0,space_invaders,476127,482239,21.0
4800,0,space_invaders,479364,482356,21.0
4801,0,space_invaders,479635,482435,21.0
4802,0,space_invaders,479873,482865,19.0
4803,0,space_invaders,481814,483206,10.0
4804,0,space_invaders,479594,483354,23.0
4805,0,space_invaders,480576,483392,20.0
4806,0,space_invaders,479627,483419,23.0
4807,0,space_invaders,480354,483490,21.0
4808,0,space_invaders,482239,483823,13.0
4809,0,space_invaders,479198,483950,23.0
4810,0,space_invaders,483419,484027,7.0
4811,0,space_invaders,481101,484573,18.0
4812,0,space_invaders,482073,484729,13.0
4813,0,space_invaders,480972,485164,23.0
4814,0,space_invaders,481413,485317,23.0
4815,0,space_invaders,483950,485502,12.0
4816,0,space_invaders,482356,485668,20.0
4817,0,space_invaders,483823,486175,15.0
4818,0,space_invaders,482435,486227,27.0
4819,0,space_invaders,482865,486449,18.0
4820,0,space_invaders,483206,486502,22.0
4821,0,space_invaders,484027,486699,19.0
4822,0,space_invaders,481208,486776,31.0
4823,0,space_invaders,484573,486941,15.0
4824,0,space_invaders,485668,487236,12.0
4825,0,space_invaders,484729,487241,17.0
4826,0,space_invaders,483392,487472,19.0
4827,0,space_invaders,480039,487495,37.0
4828,0,space_invaders,485164,487820,21.0
4829,0,space_invaders,487241,488009,8.0
4830,0,space_invaders,483490,488194,23.0
4831,0,space_invaders,483354,488202,23.0
4832,0,space_invaders,485502,488494,19.0
4833,0,space_invaders,486175,488527,15.0
4834,0,space_invaders,488009,488617,7.0
4835,0,space_invaders,486227,489203,17.0
4836,0,space_invaders,486776,489592,20.0
4837,0,space_invaders,485317,489637,23.0
4838,0,space_invaders,486699,489819,21.0
4839,0,space_invaders,486449,490225,23.0
4840,0,space_invaders,487236,490372,22.0
4841,0,space_invaders,486502,490454,24.0
4842,0,space_invaders,487495,490647,20.0
4843,0,space_invaders,487472,490784,19.0
4844,0,space_invaders,488527,490895,12.0
4845,0,space_invaders,488494,491166,19.0
4846,0,space_invaders,486941,491341,21.0
4847,0,space_invaders,490784,491536,8.0
4848,0,space_invaders,487820,491660,23.0
4849,0,space_invaders,489203,492003,17.0
4850,0,space_invaders,491341,492077,8.0
4851,0,space_invaders,491536,492272,9.0
4852,0,space_invaders,488202,492634,25.0
4853,0,space_invaders,492077,492813,9.0
4854,0,space_invaders,491660,492892,13.0
4855,0,space_invaders,489637,492933,19.0
4856,0,space_invaders,490372,493028,16.0
4857,0,space_invaders,492003,493075,12.0
4858,0,space_invaders,492634,493402,9.0
4859,0,space_invaders,490647,493479,20.0
4860,0,space_invaders,488617,493577,23.0
4861,0,space_invaders,490895,493727,18.0
4862,0,space_invaders,488194,493874,33.0
4863,0,space_invaders,490454,493926,19.0
4864,0,space_invaders,489819,494011,23.0
4865,0,space_invaders,493402,494154,9.0
4866,0,space_invaders,492813,494349,11.0
4867,0,space_invaders,493926,494662,9.0
4868,0,space_invaders,490225,495041,22.0
4869,0,space_invaders,492272,495248,20.0
4870,0,space_invaders,492933,495269,16.0
4871,0,space_invaders,494349,495741,10.0
4872,0,space_invaders,493577,496409,20.0
4873,0,space_invaders,494011,496667,20.0
4874,0,space_invaders,493874,496674,18.0
4875,0,space_invaders,494154,496682,20.0
4876,0,space_invaders,493075,496691,23.0
4877,0,space_invaders,489592,496728,41.0
4878,0,space_invaders,495248,496816,13.0
4879,0,space_invaders,493479,497095,18.0
4880,0,space_invaders,496691,497427,8.0
4881,0,space_invaders,496728,497624,10.0
4882,0,space_invaders,492892,497644,23.0
4883,0,space_invaders,496682,497754,12.0
4884,0,space_invaders,493727,497951,21.0
4885,0,space_invaders,495269,498405,21.0
4886,0,space_invaders,497095,498631,13.0
4887,0,space_invaders,497427,498995,14.0
4888,0,space_invaders,495741,499037,20.0
4889,0,space_invaders,495041,499153,24.0
4890,0,space_invaders,496409,499401,20.0
4891,0,space_invaders,496674,499522,20.0
4892,1,space_invaders,499968,500549,6.0
4893,1,space_invaders,499968,500576,7.0
4894,1,space_invaders,499968,500713,8.0
4895,1,space_invaders,500549,501301,8.0
4896,1,space_invaders,499968,501530,12.0
4897,1,space_invaders,499968,502006,19.0
4898,1,space_invaders,500576,502160,13.0
4899,1,space_invaders,501301,502213,10.0
4900,1,space_invaders,499968,502616,17.0
4901,1,space_invaders,499968,502627,20.0
4902,1,space_invaders,502213,502821,6.0
4903,1,space_invaders,499968,502959,18.0
4904,1,space_invaders,499968,503227,23.0
4905,1,space_invaders,499968,503260,23.0
4906,1,space_invaders,499968,503278,21.0
4907,1,space_invaders,500713,503529,18.0
4908,1,space_invaders,499968,503597,26.0
4909,1,space_invaders,499968,503991,23.0
4910,1,space_invaders,502821,504517,14.0
4911,1,space_invaders,501530,504522,20.0
4912,1,space_invaders,499968,504689,29.0
4913,1,space_invaders,503529,505065,12.0
4914,1,space_invaders,502627,505779,22.0
4915,1,space_invaders,502006,505958,23.0
4916,1,space_invaders,503278,506254,18.0
4917,1,space_invaders,502616,506392,22.0
4918,1,space_invaders,506254,506894,7.0
4919,1,space_invaders,499968,506900,38.0
4920,1,space_invaders,503260,507356,19.0
4921,1,space_invaders,505779,507363,11.0
4922,1,space_invaders,502160,507552,28.0
4923,1,space_invaders,505065,507721,14.0
4924,1,space_invaders,503991,507895,22.0
4925,1,space_invaders,503597,507981,23.0
4926,1,space_invaders,503227,508347,23.0
4927,1,space_invaders,499968,508946,46.0
4928,1,space_invaders,504517,509189,22.0
4929,1,space_invaders,505958,509254,21.0
4930,1,space_invaders,504522,509610,32.0
4931,1,space_invaders,509189,509797,7.0
4932,1,space_invaders,504689,510209,23.0
4933,1,space_invaders,506894,510334,18.0
4934,1,space_invaders,506392,510632,22.0
4935,1,space_invaders,507363,511443,22.0
4936,1,space_invaders,507981,511597,22.0
4937,1,space_invaders,510209,511745,11.0
4938,1,space_invaders,509254,512230,20.0
4939,1,space_invaders,507356,512236,21.0
4940,1,space_invaders,506900,512292,23.0
4941,1,space_invaders,507552,512464,33.0
4942,1,space_invaders,509610,512602,21.0
4943,1,space_invaders,512236,512668,5.0
4944,1,space_invaders,509797,512757,20.0
4945,1,space_invaders,507721,512777,23.0
4946,1,space_invaders,510334,512830,15.0
4947,1,space_invaders,508347,512987,23.0
4948,1,space_invaders,512292,513028,8.0
4949,1,space_invaders,502959,513151,45.0
4950,1,space_invaders,508946,513266,23.0
4951,1,space_invaders,507895,513303,35.0
4952,1,space_invaders,510632,513464,22.0
4953,1,space_invaders,511597,513773,14.0
4954,1,space_invaders,513151,513903,8.0
4955,1,space_invaders,512230,514758,16.0
4956,1,space_invaders,511745,515041,23.0
4957,1,space_invaders,511443,515731,23.0
4958,1,space_invaders,512777,515769,21.0
4959,1,space_invaders,512830,515982,21.0
4960,1,space_invaders,513464,516104,18.0
4961,1,space_invaders,513773,516573,19.0
4962,1,space_invaders,512757,516869,23.0
4963,1,space_invaders,513903,516895,21.0
4964,1,space_invaders,512668,516908,22.0
4965,1,space_invaders,513266,517026,21.0
4966,1,space_invaders,512464,517056,29.0
4967,1,space_invaders,512602,517162,23.0
4968,1,space_invaders,513028,517444,23.0
4969,1,space_invaders,512987,517675,23.0
4970,1,space_invaders,513303,518183,23.0
4971,1,space_invaders,515769,518569,16.0
4972,1,space_invaders,516573,519261,15.0
4973,1,space_invaders,515041,519393,23.0
4974,1,space_invaders,515731,519651,21.0
4975,1,space_invaders,515982,519710,22.0
4976,1,space_invaders,514758,520166,22.0
4977,1,space_invaders,516104,521208,22.0
4978,1,space_invaders,519710,521278,14.0
4979,1,space_invaders,516869,521285,23.0
4980,1,space_invaders,517162,521434,29.0
4981,1,space_invaders,516908,521484,23.0
4982,1,space_invaders,517026,521954,23.0
4983,1,space_invaders,517056,522000,34.0
4984,1,space_invaders,518569,522025,17.0
4985,1,space_invaders,521278,522030,8.0
4986,1,space_invaders,521285,522037,9.0
4987,1,space_invaders,518183,522055,23.0
4988,1,space_invaders,517675,522091,31.0
4989,1,space_invaders,521434,522170,8.0
4990,1,space_invaders,521954,522690,7.0
4991,1,space_invaders,522000,522736,8.0
4992,1,space_invaders,522030,522766,8.0
4993,1,space_invaders,522170,522906,8.0
4994,1,space_invaders,519393,523281,22.0
4995,1,space_invaders,522736,523472,7.0
4996,1,space_invaders,522766,523518,8.0
4997,1,space_invaders,519261,523677,23.0
4998,1,space_invaders,521208,524184,20.0
4999,1,space_invaders,521484,524316,19.0
5000,1,space_invaders,523677,524429,7.0
5001,1,space_invaders,516895,524815,41.0
5002,1,space_invaders,517444,524884,46.0
5003,1,space_invaders,524184,524920,9.0
5004,1,space_invaders,522025,525177,22.0
5005,1,space_invaders,522037,525637,22.0
5006,1,space_invaders,523472,526144,16.0
5007,1,space_invaders,522091,526283,24.0
5008,1,space_invaders,519651,526307,43.0
5009,1,space_invaders,523518,526318,16.0
5010,1,space_invaders,524815,526351,14.0
5011,1,space_invaders,520166,526486,38.0
5012,1,space_invaders,522690,526658,23.0
5013,1,space_invaders,522055,526791,29.0
5014,1,space_invaders,524429,526909,22.0
5015,1,space_invaders,526283,527019,9.0
5016,1,space_invaders,526318,527086,9.0
5017,1,space_invaders,526658,527394,9.0
5018,1,space_invaders,523281,527457,23.0
5019,1,space_invaders,526791,527559,8.0
5020,1,space_invaders,522906,527722,23.0
5021,1,space_invaders,524316,527740,23.0
5022,1,space_invaders,525637,528117,21.0
5023,1,space_invaders,525177,529113,23.0
5024,1,space_invaders,524920,529160,23.0
5025,1,space_invaders,527722,529290,13.0
5026,1,space_invaders,527086,529454,15.0
5027,1,space_invaders,526307,529747,18.0
5028,1,space_invaders,524884,530020,23.0
5029,1,space_invaders,527394,530034,17.0
5030,1,space_invaders,527740,530412,19.0
5031,1,space_invaders,526351,530559,23.0
5032,1,space_invaders,526909,530813,23.0
5033,1,space_invaders,528117,530933,18.0
5034,1,space_invaders,530412,531020,7.0
5035,1,space_invaders,526486,531046,23.0
5036,1,space_invaders,527019,531275,28.0
5037,1,space_invaders,530813,531549,8.0
5038,1,space_invaders,527457,531905,23.0
5039,1,space_invaders,529747,532435,17.0
5040,1,space_invaders,530933,532485,13.0
5041,1,space_invaders,530020,532676,19.0
5042,1,space_invaders,529290,532730,20.0
5043,1,space_invaders,530034,532866,17.0
5044,1,space_invaders,526144,533264,42.0
5045,1,space_invaders,529160,533560,23.0
5046,1,space_invaders,532730,533626,8.0
5047,1,space_invaders,531046,534022,16.0
5048,1,space_invaders,531275,534587,21.0
5049,1,space_invaders,534022,534774,7.0
5050,1,space_invaders,533626,535002,11.0
5051,1,space_invaders,531549,535021,26.0
5052,1,space_invaders,531020,535084,22.0
5053,1,space_invaders,532485,535157,22.0
5054,1,space_invaders,529454,535310,34.0
5055,1,space_invaders,532676,535364,16.0
5056,1,space_invaders,535310,536046,8.0
5057,1,space_invaders,533264,536096,19.0
5058,1,space_invaders,527559,536359,47.0
5059,1,space_invaders,529113,536521,41.0
5060,1,space_invaders,531905,536625,21.0
5061,1,space_invaders,532435,536819,23.0
5062,1,space_invaders,532866,536914,23.0
5063,1,space_invaders,534587,537579,15.0
5064,1,space_invaders,535157,538261,17.0
5065,1,space_invaders,535364,538804,18.0
5066,1,space_invaders,533560,538968,34.0
5067,1,space_invaders,535021,539229,22.0
5068,1,space_invaders,530559,539279,41.0
5069,1,space_invaders,536359,539335,23.0
5070,1,space_invaders,536046,539358,17.0
5071,1,space_invaders,536521,539465,16.0
5072,1,space_invaders,538804,539700,9.0
5073,1,space_invaders,536914,539746,17.0
5074,1,space_invaders,535002,540266,22.0
5075,1,space_invaders,539700,540436,8.0
5076,1,space_invaders,536096,540544,23.0
5077,1,space_invaders,536625,540625,23.0
5078,1,space_invaders,534774,541062,22.0
5079,1,space_invaders,535084,541212,21.0
5080,1,space_invaders,540625,541361,7.0
5081,1,space_invaders,537579,541675,23.0
5082,1,space_invaders,539279,541951,22.0
5083,1,space_invaders,538968,541960,21.0
5084,1,space_invaders,539358,541982,18.0
5085,1,space_invaders,539229,542205,21.0
5086,1,space_invaders,536819,542611,22.0
5087,1,space_invaders,542205,542813,6.0
5088,1,space_invaders,539335,543111,23.0
5089,1,space_invaders,541951,543631,12.0
5090,1,space_invaders,540544,543664,21.0
5091,1,space_invaders,541062,543750,15.0
5092,1,space_invaders,539465,543753,23.0
5093,1,space_invaders,538261,544277,37.0
5094,1,space_invaders,541212,544316,18.0
5095,1,space_invaders,541675,544331,18.0
5096,1,space_invaders,542813,544381,10.0
5097,1,space_invaders,540436,544692,23.0
5098,1,space_invaders,539746,545154,33.0
5099,1,space_invaders,540266,545562,22.0
5100,1,space_invaders,544381,545949,11.0
5101,1,space_invaders,542611,546083,21.0
5102,1,space_invaders,541960,546216,20.0
5103,1,space_invaders,543750,546406,13.0
5104,1,space_invaders,541361,546529,22.0
5105,1,space_invaders,541982,546846,23.0
5106,1,space_invaders,545562,547146,14.0
5107,1,space_invaders,543753,547481,23.0
5108,1,space_invaders,544316,547932,22.0
5109,1,space_invaders,543111,548343,22.0
5110,1,space_invaders,547481,548377,11.0
5111,1,space_invaders,543664,548720,23.0
5112,1,space_invaders,544277,549157,21.0
5113,1,space_invaders,546216,549192,19.0
5114,1,space_invaders,548377,549273,11.0
5115,1,space_invaders,544331,550139,20.0
5116,1,space_invaders,546406,550582,23.0
5117,1,space_invaders,549273,550809,13.0
5118,1,space_invaders,546529,550977,23.0
5119,1,space_invaders,547932,551228,22.0
5120,1,space_invaders,545949,551677,21.0
5121,1,space_invaders,546083,551779,23.0
5122,1,space_invaders,547146,551834,20.0
5123,1,space_invaders,546846,552046,22.0
5124,1,space_invaders,548720,552736,23.0
5125,1,space_invaders,549192,553624,31.0
5126,1,space_invaders,551834,554490,16.0
5127,1,space_invaders,551228,554540,21.0
5128,1,space_invaders,550977,554577,19.0
5129,1,space_invaders,543631,555295,46.0
5130,1,space_invaders,548343,555303,39.0
5131,1,space_invaders,544692,555460,43.0
5132,1,space_invaders,551779,555539,22.0
5133,1,space_invaders,550582,555638,34.0
5134,1,space_invaders,551677,555773,23.0
5135,1,space_invaders,550809,555817,23.0
5136,1,space_invaders,555460,556228,9.0
5137,1,space_invaders,552046,556510,23.0
5138,1,space_invaders,549157,556773,40.0
5139,1,space_invaders,545154,556946,45.0
5140,1,space_invaders,555295,557007,13.0
5141,1,space_invaders,554540,557340,20.0
5142,1,space_invaders,552736,557584,23.0
5143,1,space_invaders,550139,557963,47.0
5144,1,space_invaders,555303,557991,16.0
5145,1,space_invaders,554577,558513,23.0
5146,1,space_invaders,553624,558792,23.0
5147,1,space_invaders,554490,558842,22.0
5148,1,space_invaders,555773,559053,23.0
5149,1,space_invaders,555638,559078,20.0
5150,1,space_invaders,558513,559249,8.0
5151,1,space_invaders,556510,559326,17.0
5152,1,space_invaders,555539,559379,23.0
5153,1,space_invaders,556773,559605,19.0
5154,1,space_invaders,555817,559705,23.0
5155,1,space_invaders,559053,559821,8.0
5156,1,space_invaders,559379,560115,8.0
5157,1,space_invaders,557991,560327,22.0
5158,1,space_invaders,559605,560357,9.0
5159,1,space_invaders,556228,560420,24.0
5160,1,space_invaders,560327,560615,3.0
5161,1,space_invaders,559705,560633,11.0
5162,1,space_invaders,559326,560718,13.0
5163,1,space_invaders,560115,560899,9.0
5164,1,space_invaders,556946,561058,23.0
5165,1,space_invaders,558842,561162,19.0
5166,1,space_invaders,557007,561215,23.0
5167,1,space_invaders,559821,561229,14.0
5168,1,space_invaders,559078,561238,16.0
5169,1,space_invaders,558792,561304,19.0
5170,1,space_invaders,560615,561351,9.0
5171,1,space_invaders,557340,561612,23.0
5172,1,space_invaders,560899,561651,8.0
5173,1,space_invaders,561215,561951,8.0
5174,1,space_invaders,561351,561959,7.0
5175,1,space_invaders,561229,561965,9.0
5176,1,space_invaders,561304,562056,8.0
5177,1,space_invaders,559249,562081,21.0
5178,1,space_invaders,557963,562363,23.0
5179,1,space_invaders,561162,562394,11.0
5180,1,space_invaders,561965,562717,8.0
5181,1,space_invaders,560633,562969,16.0
5182,1,space_invaders,562394,562986,7.0
5183,1,space_invaders,562363,563131,9.0
5184,1,space_invaders,561058,563570,21.0
5185,1,space_invaders,563570,563858,1.0
5186,1,space_invaders,560718,564446,23.0
5187,1,space_invaders,561951,565215,21.0
5188,1,space_invaders,561959,565559,20.0
5189,1,space_invaders,562081,566065,23.0
5190,1,space_invaders,560420,566276,34.0
5191,1,space_invaders,562969,566281,22.0
5192,1,space_invaders,561651,567379,33.0
5193,1,space_invaders,557584,567392,46.0
5194,1,space_invaders,562986,567434,23.0
5195,1,space_invaders,563858,567954,21.0
5196,1,space_invaders,563131,568411,23.0
5197,1,space_invaders,567392,568784,10.0
5198,1,space_invaders,567379,568787,11.0
5199,1,space_invaders,565215,568975,23.0
5200,1,space_invaders,562056,569176,38.0
5201,1,space_invaders,564446,569566,23.0
5202,1,space_invaders,561238,569590,45.0
5203,1,space_invaders,560357,569797,47.0
5204,1,space_invaders,565559,569895,23.0
5205,1,space_invaders,561612,570380,43.0
5206,1,space_invaders,566065,570817,23.0
5207,1,space_invaders,568787,570963,15.0
5208,1,space_invaders,562717,571261,43.0
5209,1,space_invaders,568975,571631,18.0
5210,1,space_invaders,570380,571772,12.0
5211,1,space_invaders,570963,571875,10.0
5212,1,space_invaders,568784,571920,15.0
5213,1,space_invaders,566281,572521,21.0
5214,1,space_invaders,571920,572528,7.0
5215,1,space_invaders,569590,572566,20.0
5216,1,space_invaders,569797,572597,16.0
5217,1,space_invaders,568411,572651,20.0
5218,1,space_invaders,571875,572787,11.0
5219,1,space_invaders,567434,572970,22.0
5220,1,space_invaders,566276,573076,36.0
5221,1,space_invaders,572566,573174,7.0
5222,1,space_invaders,572597,573333,8.0
5223,1,space_invaders,572787,573395,6.0
5224,1,space_invaders,572970,573722,9.0
5225,1,space_invaders,567954,574050,22.0
5226,1,space_invaders,569895,574087,24.0
5227,1,space_invaders,569566,574190,23.0
5228,1,space_invaders,571772,574444,22.0
5229,1,space_invaders,571631,575423,23.0
5230,1,space_invaders,572528,575504,19.0
5231,1,space_invaders,570817,575681,22.0
5232,1,space_invaders,572521,575833,20.0
5233,1,space_invaders,575681,576417,9.0
5234,1,space_invaders,573722,576506,16.0
5235,1,space_invaders,575833,576569,9.0
5236,1,space_invaders,574050,576674,19.0
5237,1,space_invaders,574444,576940,21.0
5238,1,space_invaders,573076,576964,23.0
5239,1,space_invaders,573333,577077,23.0
5240,1,space_invaders,576569,577161,7.0
5241,1,space_invaders,573174,577286,30.0
5242,1,space_invaders,574190,577326,19.0
5243,1,space_invaders,571261,577437,45.0
5244,1,space_invaders,572651,577531,34.0
5245,1,space_invaders,575504,578000,16.0
5246,1,space_invaders,577531,578123,7.0
5247,1,space_invaders,569176,578152,47.0
5248,1,space_invaders,574087,578279,23.0
5249,1,space_invaders,577437,578365,10.0
5250,1,space_invaders,575423,578591,26.0
5251,1,space_invaders,578000,579712,16.0
5252,1,space_invaders,576506,579962,23.0
5253,1,space_invaders,576674,580866,23.0
5254,1,space_invaders,577161,580905,23.0
5255,1,space_invaders,577286,581046,23.0
5256,1,space_invaders,576964,581156,23.0
5257,1,space_invaders,576940,581180,23.0
5258,1,space_invaders,578152,581288,23.0
5259,1,space_invaders,581156,581428,2.0
5260,1,space_invaders,577077,581493,28.0
5261,1,space_invaders,578123,581755,20.0
5262,1,space_invaders,581288,581896,7.0
5263,1,space_invaders,578279,581911,21.0
5264,1,space_invaders,581493,582229,8.0
5265,1,space_invaders,580905,582601,13.0
5266,1,space_invaders,578365,582717,25.0
5267,1,space_invaders,581896,582792,11.0
5268,1,space_invaders,578591,582847,28.0
5269,1,space_invaders,573395,583171,47.0
5270,1,space_invaders,581755,583307,14.0
5271,1,space_invaders,580866,583362,21.0
5272,1,space_invaders,576417,583697,47.0
5273,1,space_invaders,581046,583718,22.0
5274,1,space_invaders,579962,583738,23.0
5275,1,space_invaders,579712,583808,23.0
5276,1,space_invaders,577326,583838,45.0
5277,1,space_invaders,582792,584376,13.0
5278,1,space_invaders,581428,584724,23.0
5279,1,space_invaders,582229,585189,20.0
5280,1,space_invaders,583697,585249,12.0
5281,1,space_invaders,582601,585273,19.0
5282,1,space_invaders,581911,585543,23.0
5283,1,space_invaders,582847,585839,21.0
5284,1,space_invaders,585839,586271,5.0
5285,1,space_invaders,583718,586358,21.0
5286,1,space_invaders,582717,586557,23.0
5287,1,space_invaders,583307,586907,23.0
5288,1,space_invaders,585543,586935,11.0
5289,1,space_invaders,583362,587538,23.0
5290,1,space_invaders,585273,587913,18.0
5291,1,space_invaders,583808,588224,23.0
5292,1,space_invaders,587538,588434,11.0
5293,1,space_invaders,583738,588586,23.0
5294,1,space_invaders,581180,589084,47.0
5295,1,space_invaders,586557,589213,13.0
5296,1,space_invaders,588434,589346,11.0
5297,1,space_invaders,583838,589406,36.0
5298,1,space_invaders,583171,589667,41.0
5299,1,space_invaders,586907,589899,21.0
5300,1,space_invaders,585249,589953,23.0
5301,1,space_invaders,589346,590098,8.0
5302,1,space_invaders,589084,590636,15.0
5303,1,space_invaders,586358,590918,23.0
5304,1,space_invaders,588586,590938,20.0
5305,1,space_invaders,587913,591049,19.0
5306,1,space_invaders,586271,591215,23.0
5307,1,space_invaders,588224,591344,20.0
5308,1,space_invaders,590938,591370,5.0
5309,1,space_invaders,591049,591801,8.0
5310,1,space_invaders,584724,592324,41.0
5311,1,space_invaders,591801,592745,11.0
5312,1,space_invaders,584376,592872,47.0
5313,1,space_invaders,589899,592891,20.0
5314,1,space_invaders,592745,593337,7.0
5315,1,space_invaders,585189,593573,46.0
5316,1,space_invaders,592324,593892,15.0
5317,1,space_invaders,590918,594678,23.0
5318,1,space_invaders,589953,594705,30.0
5319,1,space_invaders,591370,594826,22.0
5320,1,space_invaders,590098,595314,22.0
5321,1,space_invaders,591215,595503,26.0
5322,1,space_invaders,592891,595563,16.0
5323,1,space_invaders,589406,595582,37.0
5324,1,space_invaders,593337,595689,21.0
5325,1,space_invaders,594678,595766,12.0
5326,1,space_invaders,586935,595815,45.0
5327,1,space_invaders,590636,595996,36.0
5328,1,space_invaders,589213,595997,42.0
5329,1,space_invaders,589667,596339,45.0
5330,1,space_invaders,595689,596425,8.0
5331,1,space_invaders,595997,596605,7.0
5332,1,space_invaders,592872,596808,23.0
5333,1,space_invaders,593573,597077,23.0
5334,1,space_invaders,596425,597321,11.0
5335,1,space_invaders,593892,597492,22.0
5336,1,space_invaders,597321,597929,6.0
5337,1,space_invaders,594705,598481,22.0
5338,1,space_invaders,591344,598608,37.0
5339,1,space_invaders,595314,599202,23.0
5340,1,space_invaders,595815,599255,20.0
5341,1,space_invaders,595503,599279,20.0
5342,1,space_invaders,595563,599499,23.0
5343,1,space_invaders,595582,599502,23.0
5344,1,space_invaders,594826,599610,23.0
5345,1,space_invaders,596339,599635,22.0
5346,1,space_invaders,595996,599868,23.0
5347,1,space_invaders,596808,599928,19.0
5348,1,space_invaders,597929,601401,19.0
5349,1,space_invaders,595766,602070,35.0
5350,1,space_invaders,598481,602353,23.0
5351,1,space_invaders,597077,602421,21.0
5352,1,space_invaders,597492,602564,23.0
5353,1,space_invaders,599279,602735,19.0
5354,1,space_invaders,599255,602871,17.0
5355,1,space_invaders,602353,602961,7.0
5356,1,space_invaders,599202,602978,19.0
5357,1,space_invaders,599635,603075,17.0
5358,1,space_invaders,598608,603280,24.0
5359,1,space_invaders,599502,604014,25.0
5360,1,space_invaders,603280,604048,9.0
5361,1,space_invaders,599928,604152,22.0
5362,1,space_invaders,599610,604218,21.0
5363,1,space_invaders,602978,604562,11.0
5364,1,space_invaders,599868,604572,23.0
5365,1,space_invaders,596605,604637,46.0
5366,1,space_invaders,599499,604715,29.0
5367,1,space_invaders,602421,605253,16.0
5368,1,space_invaders,604562,605298,8.0
5369,1,space_invaders,603075,606051,20.0
5370,1,space_invaders,604014,606334,20.0
5371,1,space_invaders,604152,606632,21.0
5372,1,space_invaders,602735,606655,22.0
5373,1,space_invaders,602070,606678,23.0
5374,1,space_invaders,602961,606833,23.0
5375,1,space_invaders,604048,606864,22.0
5376,1,space_invaders,604218,606890,19.0
5377,1,space_invaders,606334,606942,7.0
5378,1,space_invaders,602564,607012,23.0
5379,1,space_invaders,605253,607605,19.0
5380,1,space_invaders,601401,608201,42.0
5381,1,space_invaders,604572,608524,23.0
5382,1,space_invaders,606833,608545,14.0
5383,1,space_invaders,608524,609116,7.0
5384,1,space_invaders,606678,609318,23.0
5385,1,space_invaders,606655,609455,17.0
5386,1,space_invaders,609116,609548,4.0
5387,1,space_invaders,606632,609624,26.0
5388,1,space_invaders,604637,609629,23.0
5389,1,space_invaders,604715,609643,27.0
5390,1,space_invaders,605298,609906,23.0
5391,1,space_invaders,609318,609910,6.0
5392,1,space_invaders,609548,609980,5.0
5393,1,space_invaders,607012,610132,20.0
5394,1,space_invaders,609906,610178,3.0
5395,1,space_invaders,606890,610186,23.0
5396,1,space_invaders,609624,610216,7.0
5397,1,space_invaders,607605,610261,22.0
5398,1,space_invaders,609910,610342,5.0
5399,1,space_invaders,609980,610412,5.0
5400,1,space_invaders,610132,610564,4.0
5401,1,space_invaders,610186,610618,5.0
5402,1,space_invaders,608201,610681,19.0
5403,1,space_invaders,610342,610774,5.0
5404,1,space_invaders,606864,611056,23.0
5405,1,space_invaders,606942,611070,28.0
5406,1,space_invaders,606051,611075,23.0
5407,1,space_invaders,608545,611201,23.0
5408,1,space_invaders,609629,611357,15.0
5409,1,space_invaders,602871,611543,47.0
5410,1,space_invaders,611201,611633,5.0
5411,1,space_invaders,610216,611800,13.0
5412,1,space_invaders,610178,611906,13.0
5413,1,space_invaders,610564,612148,13.0
5414,1,space_invaders,610618,612170,11.0
5415,1,space_invaders,609455,612751,22.0
5416,1,space_invaders,610261,614021,23.0
5417,1,space_invaders,611543,614071,17.0
5418,1,space_invaders,609643,614091,23.0
5419,1,space_invaders,611056,614320,20.0
5420,1,space_invaders,611070,614334,22.0
5421,1,space_invaders,610681,614409,22.0
5422,1,space_invaders,611906,614434,18.0
5423,1,space_invaders,610412,614540,23.0
5424,1,space_invaders,611800,614904,17.0
5425,1,space_invaders,614334,614958,6.0
5426,1,space_invaders,611357,615245,23.0
5427,1,space_invaders,611633,615377,21.0
5428,1,space_invaders,612148,615764,22.0
5429,1,space_invaders,610774,615814,30.0
5430,1,space_invaders,615245,615981,8.0
5431,1,space_invaders,611075,616467,35.0
5432,1,space_invaders,614434,617074,14.0
5433,1,space_invaders,614409,618025,22.0
5434,1,space_invaders,614904,618200,20.0
5435,1,space_invaders,614091,618219,26.0
5436,1,space_invaders,614021,618421,22.0
5437,1,space_invaders,615377,618689,18.0
5438,1,space_invaders,618025,618921,8.0
5439,1,space_invaders,614540,619052,22.0
5440,1,space_invaders,612751,619247,36.0
5441,1,space_invaders,615981,619293,21.0
5442,1,space_invaders,614320,619360,23.0
5443,1,space_invaders,614958,619630,23.0
5444,1,space_invaders,615764,619972,23.0
5445,1,space_invaders,619247,620143,7.0
5446,1,space_invaders,619630,620366,8.0
5447,1,space_invaders,616467,620691,24.0
5448,1,space_invaders,619052,620748,12.0
5449,1,space_invaders,615814,621446,22.0
5450,1,space_invaders,612170,621610,46.0
5451,1,space_invaders,617074,621634,23.0
5452,1,space_invaders,620143,621679,13.0
5453,1,space_invaders,619293,622301,20.0
5454,1,space_invaders,618200,622760,23.0
5455,1,space_invaders,618689,623009,23.0
5456,1,space_invaders,614071,623271,47.0
5457,1,space_invaders,619360,623424,23.0
5458,1,space_invaders,618421,623445,23.0
5459,1,space_invaders,619972,623716,20.0
5460,1,space_invaders,620691,623987,22.0
5461,1,space_invaders,620366,625022,23.0
5462,1,space_invaders,623424,625120,15.0
5463,1,space_invaders,621679,625151,20.0
5464,1,space_invaders,621610,625210,22.0
5465,1,space_invaders,622301,625613,21.0
5466,1,space_invaders,625120,625856,8.0
5467,1,space_invaders,622760,625912,20.0
5468,1,space_invaders,621446,626214,23.0
5469,1,space_invaders,623445,626245,18.0
5470,1,space_invaders,620748,626252,23.0
5471,1,space_invaders,623716,626852,21.0
5472,1,space_invaders,621634,627026,23.0
5473,1,space_invaders,618219,627275,47.0
5474,1,space_invaders,623009,627665,23.0
5475,1,space_invaders,623987,627939,29.0
5476,1,space_invaders,626852,628532,13.0
5477,1,space_invaders,626245,628757,22.0
5478,1,space_invaders,618921,628889,43.0
5479,1,space_invaders,625022,628894,25.0
5480,1,space_invaders,625210,628954,23.0
5481,1,space_invaders,625613,629597,23.0
5482,1,space_invaders,625856,630000,23.0
5483,1,space_invaders,627026,630306,21.0
5484,1,space_invaders,625912,630328,27.0
5485,1,space_invaders,628894,630590,14.0
5486,1,space_invaders,626214,630934,23.0
5487,1,space_invaders,627665,631121,23.0
5488,1,space_invaders,627275,631371,23.0
5489,1,space_invaders,628757,631733,22.0
5490,1,space_invaders,628954,632074,20.0
5491,1,space_invaders,623271,632343,46.0
5492,1,space_invaders,628532,632484,29.0
5493,1,space_invaders,625151,632591,45.0
5494,1,space_invaders,630306,632818,22.0
5495,1,space_invaders,630000,632832,21.0
5496,1,space_invaders,627939,632995,23.0
5497,1,space_invaders,628889,633033,23.0
5498,1,space_invaders,629597,633613,23.0
5499,1,space_invaders,632343,634183,16.0
5500,1,space_invaders,630934,634438,23.0
5501,1,space_invaders,631121,634561,23.0
5502,1,space_invaders,626252,634844,46.0
5503,1,space_invaders,630328,634920,23.0
5504,1,space_invaders,634183,634951,8.0
5505,1,space_invaders,632818,635170,22.0
5506,1,space_invaders,634844,635580,8.0
5507,1,space_invaders,632074,636186,23.0
5508,1,space_invaders,631733,636229,23.0
5509,1,space_invaders,634561,636561,15.0
5510,1,space_invaders,632832,636592,23.0
5511,1,space_invaders,632995,636643,23.0
5512,1,space_invaders,634951,637303,18.0
5513,1,space_invaders,633613,637661,23.0
5514,1,space_invaders,632484,638036,32.0
5515,1,space_invaders,630590,638382,47.0
5516,1,space_invaders,634920,638712,27.0
5517,1,space_invaders,636229,638869,17.0
5518,1,space_invaders,636186,639002,19.0
5519,1,space_invaders,631371,639435,44.0
5520,1,space_invaders,635580,639788,23.0
5521,1,space_invaders,636561,639825,18.0
5522,1,space_invaders,633033,639865,50.0
5523,1,space_invaders,636643,640387,23.0
5524,1,space_invaders,639865,640601,9.0
5525,1,space_invaders,636592,640784,24.0
5526,1,space_invaders,638869,641045,21.0
5527,1,space_invaders,639002,641322,22.0
5528,1,space_invaders,638382,641374,20.0
5529,1,space_invaders,638712,641384,22.0
5530,1,space_invaders,640387,641795,13.0
5531,1,space_invaders,641384,641992,7.0
5532,1,space_invaders,637661,642093,32.0
5533,1,space_invaders,641374,642110,8.0
5534,1,space_invaders,637303,642375,33.0
5535,1,space_invaders,641322,642410,12.0
5536,1,space_invaders,639825,642801,20.0
5537,1,space_invaders,635170,642898,47.0
5538,1,space_invaders,641795,643187,14.0
5539,1,space_invaders,634438,643990,63.0
5540,1,space_invaders,638036,644196,36.0
5541,1,space_invaders,641045,644437,24.0
5542,1,space_invaders,640601,644713,23.0
5543,1,space_invaders,641992,645144,21.0
5544,1,space_invaders,642375,645191,17.0
5545,1,space_invaders,640784,645376,23.0
5546,1,space_invaders,643187,645811,17.0
5547,1,space_invaders,642110,646398,23.0
5548,1,space_invaders,643990,646470,16.0
5549,1,space_invaders,639435,646555,44.0
5550,1,space_invaders,632591,646815,70.0
5551,1,space_invaders,642801,646817,23.0
5552,1,space_invaders,642093,647005,23.0
5553,1,space_invaders,644196,647300,19.0
5554,1,space_invaders,642898,647458,23.0
5555,1,space_invaders,647005,647613,7.0
5556,1,space_invaders,644713,647705,20.0
5557,1,space_invaders,639788,648236,47.0
5558,1,space_invaders,646555,648251,13.0
5559,1,space_invaders,646398,649054,19.0
5560,1,space_invaders,645191,649095,24.0
5561,1,space_invaders,644437,649173,23.0
5562,1,space_invaders,646817,649457,21.0
5563,1,space_invaders,647300,649668,14.0
5564,1,space_invaders,646815,649791,17.0
5565,1,space_invaders,645811,650211,23.0
5566,1,space_invaders,647613,650461,19.0
5567,1,space_invaders,649791,650687,10.0
5568,1,space_invaders,646470,650758,23.0
5569,1,space_invaders,645144,650840,35.0
5570,1,space_invaders,649173,650901,16.0
5571,1,space_invaders,642410,651306,53.0
5572,1,space_invaders,648251,651531,19.0
5573,1,space_invaders,647458,651666,23.0
5574,1,space_invaders,649668,651844,19.0
5575,1,space_invaders,647705,652057,22.0
5576,1,space_invaders,649054,652350,21.0
5577,1,space_invaders,649095,652663,21.0
5578,1,space_invaders,650687,653327,17.0
5579,1,space_invaders,650840,653832,21.0
5580,1,space_invaders,651306,654266,17.0
5581,1,space_invaders,649457,654353,33.0
5582,1,space_invaders,650211,654467,22.0
5583,1,space_invaders,650461,654653,23.0
5584,1,space_invaders,652057,654697,21.0
5585,1,space_invaders,651666,654802,22.0
5586,1,space_invaders,651531,654827,21.0
5587,1,space_invaders,650758,655110,23.0
5588,1,space_invaders,645376,655216,60.0
5589,1,space_invaders,654266,655818,13.0
5590,1,space_invaders,650901,656133,23.0
5591,1,space_invaders,652350,656302,23.0
5592,1,space_invaders,653327,656479,22.0
5593,1,space_invaders,654353,656529,20.0
5594,1,space_invaders,655110,656694,13.0
5595,1,space_invaders,648236,656988,49.0
5596,1,space_invaders,654827,657195,18.0
5597,1,space_invaders,656988,657276,3.0
5598,1,space_invaders,656529,657297,8.0
5599,1,space_invaders,656694,657478,9.0
5600,1,space_invaders,654697,657673,22.0
5601,1,space_invaders,655216,657696,15.0
5602,1,space_invaders,653832,657736,23.0
5603,1,space_invaders,657195,657931,8.0
5604,1,space_invaders,657276,658028,8.0
5605,1,space_invaders,657478,658070,7.0
5606,1,space_invaders,655818,658330,21.0
5607,1,space_invaders,654467,658371,23.0
5608,1,space_invaders,654802,659042,23.0
5609,1,space_invaders,657931,659483,13.0
5610,1,space_invaders,656133,659557,22.0
5611,1,space_invaders,657736,659624,16.0
5612,1,space_invaders,654653,660141,22.0
5613,1,space_invaders,659483,660235,9.0
5614,1,space_invaders,657297,660257,18.0
5615,1,space_invaders,657673,660329,19.0
5616,1,space_invaders,658070,660742,22.0
5617,1,space_invaders,656479,660783,23.0
5618,1,space_invaders,657696,661296,21.0
5619,1,space_invaders,652663,661383,45.0
5620,1,space_invaders,656302,662158,42.0
5621,1,space_invaders,658028,662204,23.0
5622,1,space_invaders,651844,662484,63.0
5623,1,space_invaders,658330,663018,23.0
5624,1,space_invaders,661296,664288,22.0
5625,1,space_invaders,659557,664373,22.0
5626,1,space_invaders,660235,664411,22.0
5627,1,space_invaders,659042,664418,36.0
5628,1,space_invaders,660742,664502,20.0
5629,1,space_invaders,659624,664632,23.0
5630,1,space_invaders,660783,664943,23.0
5631,1,space_invaders,660141,665133,23.0
5632,1,space_invaders,664943,665551,7.0
5633,1,space_invaders,661383,665655,23.0
5634,1,space_invaders,660329,665753,22.0
5635,1,space_invaders,665133,665869,8.0
5636,1,space_invaders,662484,666564,21.0
5637,1,space_invaders,665869,666637,9.0
5638,1,space_invaders,658371,666771,47.0
5639,1,space_invaders,664418,667234,21.0
5640,1,space_invaders,666564,667332,8.0
5641,1,space_invaders,663018,667338,23.0
5642,1,space_invaders,664288,667424,22.0
5643,1,space_invaders,667234,667986,8.0
5644,1,space_invaders,667338,668090,9.0
5645,1,space_invaders,664411,668155,22.0
5646,1,space_invaders,660257,668369,47.0
5647,1,space_invaders,664632,668424,29.0
5648,1,space_invaders,666771,668483,16.0
5649,1,space_invaders,665551,668975,22.0
5650,1,space_invaders,668090,669002,11.0
5651,1,space_invaders,668483,669075,7.0
5652,1,space_invaders,664502,669190,23.0
5653,1,space_invaders,665655,669255,23.0
5654,1,space_invaders,669002,669610,7.0
5655,1,space_invaders,667986,669714,16.0
5656,1,space_invaders,668975,669743,8.0
5657,1,space_invaders,664373,669941,38.0
5658,1,space_invaders,667424,670240,23.0
5659,1,space_invaders,666637,670413,23.0
5660,1,space_invaders,669941,670677,8.0
5661,1,space_invaders,669255,670967,16.0
5662,1,space_invaders,670240,671024,9.0
5663,1,space_invaders,670413,671181,8.0
5664,1,space_invaders,667332,671268,23.0
5665,1,space_invaders,669714,671442,14.0
5666,1,space_invaders,669190,671526,21.0
5667,1,space_invaders,668424,671576,20.0
5668,1,space_invaders,671024,671776,8.0
5669,1,space_invaders,662204,671932,46.0
5670,1,space_invaders,668369,671985,24.0
5671,1,space_invaders,671442,672178,8.0
5672,1,space_invaders,671576,672312,9.0
5673,1,space_invaders,662158,672382,46.0
5674,1,space_invaders,669075,672979,23.0
5675,1,space_invaders,665753,673033,47.0
5676,1,space_invaders,671526,673222,17.0
5677,1,space_invaders,669743,673439,23.0
5678,1,space_invaders,670967,673655,16.0
5679,1,space_invaders,671268,674708,20.0
5680,1,space_invaders,671181,674733,23.0
5681,1,space_invaders,671932,675052,20.0
5682,1,space_invaders,672312,675272,21.0
5683,1,space_invaders,668155,675291,44.0
5684,1,space_invaders,671985,675425,21.0
5685,1,space_invaders,670677,676245,33.0
5686,1,space_invaders,671776,676672,30.0
5687,1,space_invaders,672178,676930,23.0
5688,1,space_invaders,672382,677054,23.0
5689,1,space_invaders,673439,677135,23.0
5690,1,space_invaders,674733,677229,18.0
5691,1,space_invaders,673033,677321,23.0
5692,1,space_invaders,672979,677363,23.0
5693,1,space_invaders,675272,677480,13.0
5694,1,space_invaders,675052,678444,22.0
5695,1,space_invaders,674708,678628,23.0
5696,1,space_invaders,673655,678807,23.0
5697,1,space_invaders,677054,678942,15.0
5698,1,space_invaders,673222,679270,40.0
5699,1,space_invaders,669610,679578,46.0
5700,1,space_invaders,675425,679825,23.0
5701,1,space_invaders,677363,680163,19.0
5702,1,space_invaders,676930,680466,23.0
5703,1,space_invaders,676245,680501,23.0
5704,1,space_invaders,677135,680575,21.0
5705,1,space_invaders,677480,680744,20.0
5706,1,space_invaders,677229,681117,23.0
5707,1,space_invaders,675291,681131,36.0
5708,1,space_invaders,676672,681248,30.0
5709,1,space_invaders,680501,681253,9.0
5710,1,space_invaders,678942,681614,20.0
5711,1,space_invaders,677321,681721,23.0
5712,1,space_invaders,678807,681767,22.0
5713,1,space_invaders,679270,681926,17.0
5714,1,space_invaders,681117,682013,10.0
5715,1,space_invaders,680744,682312,15.0
5716,1,space_invaders,681721,682473,9.0
5717,1,space_invaders,682312,682904,7.0
5718,1,space_invaders,681248,682960,14.0
5719,1,space_invaders,678444,683196,27.0
5720,1,space_invaders,681614,683198,16.0
5721,1,space_invaders,679825,683265,23.0
5722,1,space_invaders,679578,683466,23.0
5723,1,space_invaders,680163,683587,23.0
5724,1,space_invaders,680466,684498,23.0
5725,1,space_invaders,681253,684517,22.0
5726,1,space_invaders,681131,684635,23.0
5727,1,space_invaders,682904,684648,14.0
5728,1,space_invaders,683587,685011,12.0
5729,1,space_invaders,682013,685149,23.0
5730,1,space_invaders,684498,685250,8.0
5731,1,space_invaders,684648,685560,10.0
5732,1,space_invaders,678628,685620,47.0
5733,1,space_invaders,681767,685719,23.0
5734,1,space_invaders,685560,686312,9.0
5735,1,space_invaders,680575,686399,43.0
5736,1,space_invaders,685719,686471,8.0
5737,1,space_invaders,685011,686691,14.0
5738,1,space_invaders,686691,687427,8.0
5739,1,space_invaders,683466,687642,23.0
5740,1,space_invaders,685250,687762,22.0
5741,1,space_invaders,686312,687992,15.0
5742,1,space_invaders,683196,688092,33.0
5743,1,space_invaders,686399,688143,14.0
5744,1,space_invaders,681926,688262,45.0
5745,1,space_invaders,687762,688370,7.0
5746,1,space_invaders,685149,688973,23.0
5747,1,space_invaders,683198,689038,39.0
5748,1,space_invaders,686471,690071,22.0
5749,1,space_invaders,682960,690112,41.0
5750,1,space_invaders,685620,690148,23.0
5751,1,space_invaders,688973,690365,12.0
5752,1,space_invaders,688370,691026,19.0
5753,1,space_invaders,688143,691119,21.0
5754,1,space_invaders,690112,691840,14.0
5755,1,space_invaders,682473,692137,61.0
5756,1,space_invaders,687642,692410,23.0
5757,1,space_invaders,688262,692422,23.0
5758,1,space_invaders,687992,692632,23.0
5759,1,space_invaders,688092,692940,23.0
5760,1,space_invaders,689038,693390,23.0
5761,1,space_invaders,690071,693543,17.0
5762,1,space_invaders,684635,693675,47.0
5763,1,space_invaders,684517,693717,61.0
5764,1,space_invaders,683265,693777,64.0
5765,1,space_invaders,691119,693951,20.0
5766,1,space_invaders,691840,694048,15.0
5767,1,space_invaders,692137,694505,15.0
5768,1,space_invaders,693951,694559,7.0
5769,1,space_invaders,692422,694918,20.0
5770,1,space_invaders,690365,695197,22.0
5771,1,space_invaders,687427,695219,47.0
5772,1,space_invaders,694559,695311,9.0
5773,1,space_invaders,693717,695429,16.0
5774,1,space_invaders,691026,695442,28.0
5775,1,space_invaders,692632,695944,20.0
5776,1,space_invaders,695219,695955,8.0
5777,1,space_invaders,692410,696010,22.0
5778,1,space_invaders,695442,696034,7.0
5779,1,space_invaders,693390,696510,22.0
5780,1,space_invaders,695429,696533,12.0
5781,1,space_invaders,693777,696593,20.0
5782,1,space_invaders,696034,696770,8.0
5783,1,space_invaders,693675,696971,20.0
5784,1,space_invaders,696533,697269,8.0
5785,1,space_invaders,694918,697590,21.0
5786,1,space_invaders,694505,698217,23.0
5787,1,space_invaders,690148,698420,50.0
5788,1,space_invaders,695944,698456,22.0
5789,1,space_invaders,694048,698784,32.0
5790,1,space_invaders,698217,698953,8.0
5791,1,space_invaders,695197,699133,23.0
5792,1,space_invaders,698420,699156,9.0
5793,1,space_invaders,696593,699233,21.0
5794,1,space_invaders,696510,699326,22.0
5795,1,space_invaders,696770,699586,20.0
5796,1,space_invaders,699156,699748,7.0
5797,1,space_invaders,697590,700246,20.0
5798,1,space_invaders,695955,700307,24.0
5799,1,space_invaders,695311,700543,39.0
5800,1,space_invaders,693543,701015,46.0
5801,1,space_invaders,692940,701372,56.0
5802,1,space_invaders,697269,701381,25.0
5803,1,space_invaders,699133,701661,20.0
5804,1,space_invaders,699586,701778,16.0
5805,1,space_invaders,700307,701875,14.0
5806,1,space_invaders,701381,701973,7.0
5807,1,space_invaders,699326,702014,19.0
5808,1,space_invaders,698456,702248,23.0
5809,1,space_invaders,698784,702384,23.0
5810,1,space_invaders,699748,703012,22.0
5811,1,space_invaders,699233,703185,23.0
5812,1,space_invaders,696010,703306,46.0
5813,1,space_invaders,701778,703458,10.0
5814,1,space_invaders,702014,703726,13.0
5815,1,space_invaders,700543,703839,23.0
5816,1,space_invaders,696971,703931,46.0
5817,1,space_invaders,700246,704134,22.0
5818,1,space_invaders,701015,704631,23.0
5819,1,space_invaders,703185,705025,15.0
5820,1,space_invaders,705025,705633,7.0
5821,1,space_invaders,701661,705821,23.0
5822,1,space_invaders,702248,706168,23.0
5823,1,space_invaders,701973,706453,23.0
5824,1,space_invaders,702384,706912,22.0
5825,1,space_invaders,701875,706931,31.0
5826,1,space_invaders,698953,707577,47.0
5827,1,space_invaders,703839,707743,22.0
5828,1,space_invaders,703458,707842,23.0
5829,1,space_invaders,703012,707892,37.0
5830,1,space_invaders,703931,707899,23.0
5831,1,space_invaders,707577,708169,7.0
5832,1,space_invaders,703726,708302,23.0
5833,1,space_invaders,705633,708305,22.0
5834,1,space_invaders,701372,708492,39.0
5835,1,space_invaders,707842,708594,9.0
5836,1,space_invaders,704631,708631,23.0
5837,1,space_invaders,703306,708842,30.0
5838,1,space_invaders,708842,709434,7.0
5839,1,space_invaders,705821,709533,23.0
5840,1,space_invaders,708169,709849,14.0
5841,1,space_invaders,709434,710042,7.0
5842,1,space_invaders,708492,710188,15.0
5843,1,space_invaders,708631,710327,15.0
5844,1,space_invaders,706931,710403,25.0
5845,1,space_invaders,706453,710405,25.0
5846,1,space_invaders,704134,710598,44.0
5847,1,space_invaders,706168,710744,23.0
5848,1,space_invaders,710188,710812,6.0
5849,1,space_invaders,710327,710935,6.0
5850,1,space_invaders,708302,710974,23.0
5851,1,space_invaders,707743,711583,23.0
5852,1,space_invaders,707899,711675,28.0
5853,1,space_invaders,710042,711738,15.0
5854,1,space_invaders,708594,712034,23.0
5855,1,space_invaders,707892,712164,23.0
5856,1,space_invaders,706912,712336,35.0
5857,1,space_invaders,710744,712440,15.0
5858,1,space_invaders,709849,712985,22.0
5859,1,space_invaders,710403,713219,22.0
5860,1,space_invaders,710812,713644,21.0
5861,1,space_invaders,711583,713743,14.0
5862,1,space_invaders,711738,714410,21.0
5863,1,space_invaders,710935,714599,23.0
5864,1,space_invaders,709533,714765,31.0
5865,1,space_invaders,710405,714805,23.0
5866,1,space_invaders,710974,715086,23.0
5867,1,space_invaders,708305,715089,41.0
5868,1,space_invaders,713644,715340,13.0
5869,1,space_invaders,712440,715400,21.0
5870,1,space_invaders,710598,715430,25.0
5871,1,space_invaders,715086,715694,7.0
5872,1,space_invaders,711675,716699,22.0
5873,1,space_invaders,715694,717438,16.0
5874,1,space_invaders,713743,717663,23.0
5875,1,space_invaders,714805,718373,23.0
5876,1,space_invaders,714599,718567,23.0
5877,1,space_invaders,715089,718833,23.0
5878,1,space_invaders,715340,719116,23.0
5879,1,space_invaders,712336,719280,45.0
5880,1,space_invaders,715430,719558,23.0
5881,1,space_invaders,715400,719800,23.0
5882,1,space_invaders,714410,720298,35.0
5883,1,space_invaders,712034,721074,46.0
5884,1,space_invaders,719558,721286,16.0
5885,1,space_invaders,714765,721437,46.0
5886,1,space_invaders,713219,721635,53.0
5887,1,space_invaders,712164,721860,58.0
5888,1,space_invaders,718373,721957,23.0
5889,1,space_invaders,718833,722241,23.0
5890,1,space_invaders,712985,722633,47.0
5891,1,space_invaders,719280,723488,23.0
5892,1,space_invaders,719800,723528,22.0
5893,1,space_invaders,721860,723540,15.0
5894,1,space_invaders,719116,723692,32.0
5895,1,space_invaders,718567,723959,31.0
5896,1,space_invaders,716699,724091,48.0
5897,1,space_invaders,720298,724170,24.0
5898,1,space_invaders,717438,724206,47.0
5899,1,space_invaders,724170,724906,8.0
5900,1,space_invaders,722241,724913,22.0
5901,1,space_invaders,721437,725021,23.0
5902,1,space_invaders,721635,725219,23.0
5903,1,space_invaders,721286,725446,23.0
5904,1,space_invaders,724906,725658,9.0
5905,1,space_invaders,725021,725757,9.0
5906,1,space_invaders,724091,725771,15.0
5907,1,space_invaders,723488,725840,22.0
5908,1,space_invaders,722633,726201,22.0
5909,1,space_invaders,725771,726379,7.0
5910,1,space_invaders,725840,726432,7.0
5911,1,space_invaders,723540,726980,23.0
5912,1,space_invaders,723528,727512,23.0
5913,1,space_invaders,721957,727653,41.0
5914,1,space_invaders,725219,727715,20.0
5915,1,space_invaders,723692,727820,33.0
5916,1,space_invaders,717663,727951,71.0
5917,1,space_invaders,724206,727982,28.0
5918,1,space_invaders,724913,728161,23.0
5919,1,space_invaders,725658,728170,21.0
5920,1,space_invaders,726379,728219,18.0
5921,1,space_invaders,721074,728530,58.0
5922,1,space_invaders,725446,729094,23.0
5923,1,space_invaders,727653,729221,14.0
5924,1,space_invaders,726980,729508,17.0
5925,1,space_invaders,727820,729564,14.0
5926,1,space_invaders,725757,729853,30.0
5927,1,space_invaders,729508,730404,10.0
5928,1,space_invaders,727951,731567,23.0
5929,1,space_invaders,728170,731930,23.0
5930,1,space_invaders,723959,732103,47.0
5931,1,space_invaders,729094,732230,22.0
5932,1,space_invaders,729564,732236,22.0
5933,1,space_invaders,728161,732609,23.0
5934,1,space_invaders,729221,732981,22.0
5935,1,space_invaders,726201,733273,46.0
5936,1,space_invaders,729853,733517,23.0
5937,1,space_invaders,732230,734262,18.0
5938,1,space_invaders,726432,734592,46.0
5939,1,space_invaders,728219,735051,39.0
5940,1,space_invaders,727512,735112,46.0
5941,1,space_invaders,730404,735348,22.0
5942,1,space_invaders,732103,735815,23.0
5943,1,space_invaders,732236,735868,27.0
5944,1,space_invaders,731930,736410,23.0
5945,1,space_invaders,734262,736438,15.0
5946,1,space_invaders,731567,736639,23.0
5947,1,space_invaders,733273,736713,22.0
5948,1,space_invaders,733517,737149,25.0
5949,1,space_invaders,734592,737232,17.0
5950,1,space_invaders,735815,737495,13.0
5951,1,space_invaders,728530,737730,45.0
5952,1,space_invaders,727715,737859,63.0
5953,1,space_invaders,735348,738020,19.0
5954,1,space_invaders,727982,738286,59.0
5955,1,space_invaders,732609,738465,38.0
5956,1,space_invaders,735051,738843,23.0
5957,1,space_invaders,737730,739442,16.0
5958,1,space_invaders,735868,739500,29.0
5959,1,space_invaders,737859,739555,14.0
5960,1,space_invaders,735112,739560,23.0
5961,1,space_invaders,732981,739957,41.0
5962,1,space_invaders,736410,740298,23.0
5963,1,space_invaders,736639,740751,29.0
5964,1,space_invaders,736713,740793,23.0
5965,1,space_invaders,737232,741008,28.0
5966,1,space_invaders,737495,741127,26.0
5967,1,space_invaders,739442,741138,15.0
5968,1,space_invaders,741138,741730,7.0
5969,1,space_invaders,738465,742177,23.0
5970,1,space_invaders,738286,742222,23.0
5971,1,space_invaders,738020,742532,22.0
5972,1,space_invaders,738843,742939,23.0
5973,1,space_invaders,740298,743258,21.0
5974,1,space_invaders,740793,743465,21.0
5975,1,space_invaders,739555,743763,23.0
5976,1,space_invaders,739560,743832,31.0
5977,1,space_invaders,736438,743894,43.0
5978,1,space_invaders,743465,744057,7.0
5979,1,space_invaders,740751,744543,26.0
5980,1,space_invaders,742532,745508,22.0
5981,1,space_invaders,741730,745954,23.0
5982,1,space_invaders,741127,746151,23.0
5983,1,space_invaders,742177,746609,23.0
5984,1,space_invaders,743258,747130,22.0
5985,1,space_invaders,742222,747454,35.0
5986,1,space_invaders,741008,747632,40.0
5987,1,space_invaders,739500,747708,47.0
5988,1,space_invaders,744057,748137,23.0
5989,1,space_invaders,745508,748164,20.0
5990,1,space_invaders,743832,748552,23.0
5991,1,space_invaders,746151,749431,22.0
5992,1,space_invaders,743894,749766,38.0
5993,1,space_invaders,739957,750085,47.0
5994,1,space_invaders,747130,750250,22.0
5995,1,space_invaders,747454,750398,23.0
5996,1,space_invaders,737149,750605,71.0
5997,1,space_invaders,744543,751055,43.0
5998,1,space_invaders,748164,751140,21.0
5999,1,space_invaders,749766,751190,12.0
6000,1,space_invaders,742939,751387,46.0
6001,1,space_invaders,747708,751820,23.0
6002,1,space_invaders,751140,751876,8.0
6003,1,space_invaders,743763,751955,45.0
6004,1,space_invaders,748137,752073,30.0
6005,1,space_invaders,748552,752344,25.0
6006,1,space_invaders,751387,752635,12.0
6007,1,space_invaders,751955,752707,9.0
6008,1,space_invaders,746609,752785,46.0
6009,1,space_invaders,750605,753101,21.0
6010,1,space_invaders,752635,753531,11.0
6011,1,space_invaders,751876,753588,17.0
6012,1,space_invaders,749431,753799,23.0
6013,1,space_invaders,750085,753829,23.0
6014,1,space_invaders,750398,753886,23.0
6015,1,space_invaders,751820,753996,16.0
6016,1,space_invaders,752073,754121,20.0
6017,1,space_invaders,753996,754428,4.0
6018,1,space_invaders,750250,754714,35.0
6019,1,space_invaders,747632,754864,47.0
6020,1,space_invaders,753531,755115,14.0
6021,1,space_invaders,753799,755351,13.0
6022,1,space_invaders,753101,755453,21.0
6023,1,space_invaders,753588,755636,18.0
6024,1,space_invaders,752785,756225,23.0
6025,1,space_invaders,753886,756398,18.0
6026,1,space_invaders,752707,756499,26.0
6027,1,space_invaders,745954,756738,68.0
6028,1,space_invaders,754428,756796,21.0
6029,1,space_invaders,756225,756833,7.0
6030,1,space_invaders,752344,756904,40.0
6031,1,space_invaders,755351,757079,15.0
6032,1,space_invaders,755453,757165,15.0
6033,1,space_invaders,755636,757348,15.0
6034,1,space_invaders,753829,757445,23.0
6035,1,space_invaders,754864,757680,23.0
6036,1,space_invaders,751055,758175,46.0
6037,1,space_invaders,754121,758681,33.0
6038,1,space_invaders,757079,758919,15.0
6039,1,space_invaders,758175,759071,9.0
6040,1,space_invaders,757348,759188,16.0
6041,1,space_invaders,751190,759302,60.0
6042,1,space_invaders,756796,759420,20.0
6043,1,space_invaders,758919,759527,7.0
6044,1,space_invaders,754714,759594,23.0
6045,1,space_invaders,755115,760011,38.0
6046,1,space_invaders,759188,760100,10.0
6047,1,space_invaders,759302,760198,9.0
6048,1,space_invaders,759527,760263,9.0
6049,1,space_invaders,756398,760430,25.0
6050,1,space_invaders,759594,760506,10.0
6051,1,space_invaders,760011,760923,11.0
6052,1,space_invaders,756738,761010,31.0
6053,1,space_invaders,758681,761033,21.0
6054,1,space_invaders,760263,761479,13.0
6055,1,space_invaders,760506,761578,12.0
6056,1,space_invaders,757165,761645,22.0
6057,1,space_invaders,759071,761871,23.0
6058,1,space_invaders,759420,761916,21.0
6059,1,space_invaders,761033,761945,11.0
6060,1,space_invaders,757680,762080,23.0
6061,1,space_invaders,761578,762186,6.0
6062,1,space_invaders,756833,762241,22.0
6063,1,space_invaders,760923,762315,16.0
6064,1,space_invaders,761645,762557,11.0
6065,1,space_invaders,761871,762767,10.0
6066,1,space_invaders,761945,762857,10.0
6067,1,space_invaders,762315,763227,11.0
6068,1,space_invaders,762767,763663,10.0
6069,1,space_invaders,761010,763842,21.0
6070,1,space_invaders,760100,763876,32.0
6071,1,space_invaders,757445,763909,40.0
6072,1,space_invaders,761479,764279,22.0
6073,1,space_invaders,756499,764691,47.0
6074,1,space_invaders,762241,764721,18.0
6075,1,space_invaders,762080,764736,22.0
6076,1,space_invaders,760430,764990,32.0
6077,1,space_invaders,763842,765522,14.0
6078,1,space_invaders,756904,765608,47.0
6079,1,space_invaders,764736,765648,11.0
6080,1,space_invaders,763227,765723,22.0
6081,1,space_invaders,762557,766173,27.0
6082,1,space_invaders,765522,766290,8.0
6083,1,space_invaders,762186,766922,36.0
6084,1,space_invaders,763909,767045,21.0
6085,1,space_invaders,763663,767295,26.0
6086,1,space_invaders,765648,767344,15.0
6087,1,space_invaders,764721,767393,21.0
6088,1,space_invaders,765723,767419,15.0
6089,1,space_invaders,760198,767718,47.0
6090,1,space_invaders,764691,767971,20.0
6091,1,space_invaders,764279,768071,25.0
6092,1,space_invaders,767045,768725,15.0
6093,1,space_invaders,767393,769089,15.0
6094,1,space_invaders,766290,769106,19.0
6095,1,space_invaders,765608,769400,29.0
6096,1,space_invaders,766173,769885,23.0
6097,1,space_invaders,767344,770304,22.0
6098,1,space_invaders,762857,770377,47.0
6099,1,space_invaders,767718,770534,22.0
6100,1,space_invaders,768071,770743,21.0
6101,1,space_invaders,767295,771135,23.0
6102,1,space_invaders,763876,771732,47.0
6103,1,space_invaders,761916,771756,63.0
6104,1,space_invaders,769089,771921,21.0
6105,1,space_invaders,770534,772262,15.0
6106,1,space_invaders,764990,773230,47.0
6107,1,space_invaders,771732,773444,15.0
6108,1,space_invaders,768725,773477,23.0
6109,1,space_invaders,769106,773650,23.0
6110,1,space_invaders,770377,774393,23.0
6111,1,space_invaders,769400,774440,33.0
6112,1,space_invaders,767971,775267,46.0
6113,1,space_invaders,766922,775306,46.0
6114,1,space_invaders,767419,775771,45.0
6115,1,space_invaders,771921,775953,23.0
6116,1,space_invaders,773650,776146,19.0
6117,1,space_invaders,773477,776277,22.0
6118,1,space_invaders,775953,776545,7.0
6119,1,space_invaders,771756,776844,23.0
6120,1,space_invaders,770743,777527,46.0
6121,1,space_invaders,775267,777619,19.0
6122,1,space_invaders,769885,777629,47.0
6123,1,space_invaders,774393,777657,21.0
6124,1,space_invaders,770304,777712,46.0
6125,1,space_invaders,777629,777917,3.0
6126,1,space_invaders,773230,778638,39.0
6127,1,space_invaders,775771,778731,22.0
6128,1,space_invaders,771135,778735,46.0
6129,1,space_invaders,777527,779095,13.0
6130,1,space_invaders,776545,779201,22.0
6131,1,space_invaders,776277,779397,22.0
6132,1,space_invaders,777712,779408,14.0
6133,1,space_invaders,775306,779786,22.0
6134,1,space_invaders,772262,779910,47.0
6135,1,space_invaders,779201,779937,9.0
6136,1,space_invaders,779397,780149,9.0
6137,1,space_invaders,776844,780412,23.0
6138,1,space_invaders,773444,780644,47.0
6139,1,space_invaders,778731,781067,21.0
6140,1,space_invaders,780412,781164,9.0
6141,1,space_invaders,780149,781989,18.0
6142,1,space_invaders,774440,782152,46.0
6143,1,space_invaders,779408,782528,23.0
6144,1,space_invaders,779937,782753,22.0
6145,1,space_invaders,779910,783478,23.0
6146,1,space_invaders,778735,783615,34.0
6147,1,space_invaders,779095,783687,32.0
6148,1,space_invaders,777657,783689,43.0
6149,1,space_invaders,781164,784284,22.0
6150,1,space_invaders,776146,784402,47.0
6151,1,space_invaders,781067,784667,23.0
6152,1,space_invaders,781989,785237,22.0
6153,1,space_invaders,782753,785249,15.0
6154,1,space_invaders,783687,785399,13.0
6155,1,space_invaders,782528,785664,23.0
6156,1,space_invaders,780644,785700,36.0
6157,1,space_invaders,777619,785907,47.0
6158,1,space_invaders,783689,786057,18.0
6159,1,space_invaders,778638,786110,49.0
6160,1,space_invaders,783478,786454,23.0
6161,1,space_invaders,784402,788018,23.0
6162,1,space_invaders,784284,788060,23.0
6163,1,space_invaders,777917,788557,68.0
6164,1,space_invaders,786057,788729,15.0
6165,1,space_invaders,784667,789387,22.0
6166,1,space_invaders,782152,789432,45.0
6167,1,space_invaders,785237,790021,22.0
6168,1,space_invaders,788060,790060,18.0
6169,1,space_invaders,779786,790138,65.0
6170,1,space_invaders,786454,790518,23.0
6171,1,space_invaders,788557,790717,17.0
6172,1,space_invaders,785664,790736,33.0
6173,1,space_invaders,785907,790947,34.0
6174,1,space_invaders,790717,791469,9.0
6175,1,space_invaders,788729,791561,21.0
6176,1,space_invaders,791561,791849,3.0
6177,1,space_invaders,788018,791858,23.0
6178,1,space_invaders,791469,792077,6.0
6179,1,space_invaders,789432,792088,22.0
6180,1,space_invaders,791858,792146,3.0
6181,1,space_invaders,783615,792191,58.0
6182,1,space_invaders,785249,792641,46.0
6183,1,space_invaders,786110,793086,47.0
6184,1,space_invaders,790947,793123,18.0
6185,1,space_invaders,785700,793156,46.0
6186,1,space_invaders,785399,793367,47.0
6187,1,space_invaders,789387,793771,23.0
6188,1,space_invaders,793156,793908,9.0
6189,1,space_invaders,790518,793990,22.0
6190,1,space_invaders,790138,794074,30.0
6191,1,space_invaders,794074,794810,9.0
6192,1,space_invaders,790736,794960,23.0
6193,1,space_invaders,791849,795161,24.0
6194,1,space_invaders,792088,795512,24.0
6195,1,space_invaders,792146,795522,23.0
6196,1,space_invaders,794960,795696,8.0
6197,1,space_invaders,792641,796273,27.0
6198,1,space_invaders,793908,796420,21.0
6199,1,space_invaders,795696,796448,8.0
6200,1,space_invaders,793123,796595,24.0
6201,1,space_invaders,793990,796662,22.0
6202,1,space_invaders,790060,796716,51.0
6203,1,space_invaders,795161,796873,14.0
6204,1,space_invaders,793086,796958,23.0
6205,1,space_invaders,796420,797028,7.0
6206,1,space_invaders,794810,797466,22.0
6207,1,space_invaders,790021,797829,47.0
6208,1,space_invaders,795512,798024,22.0
6209,1,space_invaders,796662,798374,16.0
6210,1,space_invaders,797829,798437,6.0
6211,1,space_invaders,793771,799003,32.0
6212,1,space_invaders,797466,799018,13.0
6213,1,space_invaders,795522,799090,23.0
6214,1,space_invaders,792191,799391,47.0
6215,1,space_invaders,796595,799715,24.0
6216,1,space_invaders,792077,799773,47.0
6217,1,space_invaders,798024,799896,14.0
6218,1,space_invaders,798374,799926,13.0
6219,1,space_invaders,798437,800149,15.0
6220,1,space_invaders,796873,800505,24.0
6221,1,space_invaders,796273,800673,36.0
6222,1,space_invaders,796958,800702,23.0
6223,1,space_invaders,796716,800988,31.0
6224,1,space_invaders,793367,801447,57.0
6225,1,space_invaders,797028,802100,40.0
6226,1,space_invaders,799090,802610,23.0
6227,1,space_invaders,799003,802859,23.0
6228,1,space_invaders,799926,803062,23.0
6229,1,space_invaders,799715,803187,27.0
6230,1,space_invaders,799018,803450,33.0
6231,1,space_invaders,799896,803560,22.0
6232,1,space_invaders,799773,803581,23.0
6233,1,space_invaders,800149,803765,23.0
6234,1,space_invaders,800673,803953,23.0
6235,1,space_invaders,801447,804119,21.0
6236,1,space_invaders,800505,804409,23.0
6237,1,space_invaders,804409,805017,7.0
6238,1,space_invaders,803450,805146,15.0
6239,1,space_invaders,802859,805531,20.0
6240,1,space_invaders,799391,805759,44.0
6241,1,space_invaders,796448,805904,46.0
6242,1,space_invaders,802610,806402,27.0
6243,1,space_invaders,805904,806528,6.0
6244,1,space_invaders,800702,806718,36.0
6245,1,space_invaders,805146,807002,16.0
6246,1,space_invaders,805531,807211,15.0
6247,1,space_invaders,804119,807399,19.0
6248,1,space_invaders,803953,807681,23.0
6249,1,space_invaders,803765,808133,23.0
6250,1,space_invaders,806528,808240,15.0
6251,1,space_invaders,800988,808668,46.0
6252,1,space_invaders,802100,808900,45.0
6253,1,space_invaders,807399,809111,15.0
6254,1,space_invaders,803581,809133,43.0
6255,1,space_invaders,805759,809247,23.0
6256,1,space_invaders,807681,809521,16.0
6257,1,space_invaders,803062,809734,47.0
6258,1,space_invaders,808133,809829,14.0
6259,1,space_invaders,805017,809897,35.0
6260,1,space_invaders,803187,809955,48.0
6261,1,space_invaders,806718,810174,31.0
6262,1,space_invaders,807002,810570,23.0
6263,1,space_invaders,808668,810876,19.0
6264,1,space_invaders,807211,811403,23.0
6265,1,space_invaders,803560,811512,55.0
6266,1,space_invaders,809734,811750,17.0
6267,1,space_invaders,808240,811840,23.0
6268,1,space_invaders,809111,812087,23.0
6269,1,space_invaders,809955,812291,22.0
6270,1,space_invaders,809829,812341,20.0
6271,1,space_invaders,809247,812367,22.0
6272,1,space_invaders,809897,812569,21.0
6273,1,space_invaders,811750,813318,14.0
6274,1,space_invaders,810570,813370,23.0
6275,1,space_invaders,806402,813378,46.0
6276,1,space_invaders,811840,813856,18.0
6277,1,space_invaders,811403,814043,21.0
6278,1,space_invaders,811512,814152,22.0
6279,1,space_invaders,808900,814916,41.0
6280,1,space_invaders,809521,815521,47.0
6281,1,space_invaders,810174,815870,42.0
6282,1,space_invaders,813318,816278,23.0
6283,1,space_invaders,814043,816715,21.0
6284,1,space_invaders,813370,816938,23.0
6285,1,space_invaders,813856,816976,23.0
6286,1,space_invaders,814152,817272,22.0
6287,1,space_invaders,815521,817681,18.0
6288,1,space_invaders,812569,817769,36.0
6289,1,space_invaders,813378,817890,23.0
6290,1,space_invaders,816278,818470,16.0
6291,1,space_invaders,817890,818498,7.0
6292,1,space_invaders,816938,818506,13.0
6293,1,space_invaders,816976,818544,14.0
6294,1,space_invaders,810876,818908,47.0
6295,1,space_invaders,814916,818932,23.0
6296,1,space_invaders,817681,819249,13.0
6297,1,space_invaders,809133,819805,67.0
6298,1,space_invaders,812367,820095,47.0
6299,1,space_invaders,818506,820202,14.0
6300,1,space_invaders,812341,820261,45.0
6301,1,space_invaders,818498,820338,15.0
6302,1,space_invaders,820095,820703,7.0
6303,1,space_invaders,815870,820782,32.0
6304,1,space_invaders,820202,820810,7.0
6305,1,space_invaders,812087,821095,46.0
6306,1,space_invaders,819249,821249,17.0
6307,1,space_invaders,817272,821304,23.0
6308,1,space_invaders,818932,821572,20.0
6309,1,space_invaders,817769,821657,23.0
6310,1,space_invaders,820261,821813,14.0
6311,1,space_invaders,820338,822034,15.0
6312,1,space_invaders,821249,822945,16.0
6313,1,space_invaders,818544,822960,30.0
6314,1,space_invaders,812291,823203,71.0
6315,1,space_invaders,821813,823829,17.0
6316,1,space_invaders,820782,824366,23.0
6317,1,space_invaders,823829,824437,7.0
6318,1,space_invaders,821304,825416,28.0
6319,1,space_invaders,821572,825572,23.0
6320,1,space_invaders,821095,825575,23.0
6321,1,space_invaders,822960,825920,22.0
6322,1,space_invaders,818470,825926,55.0
6323,1,space_invaders,818908,826188,46.0
6324,1,space_invaders,822034,826594,23.0
6325,1,space_invaders,816715,826891,69.0
6326,1,space_invaders,823203,827059,23.0
6327,1,space_invaders,820810,828506,46.0
6328,1,space_invaders,824437,828981,23.0
6329,1,space_invaders,824366,829422,34.0
6330,1,space_invaders,825572,829700,23.0
6331,1,space_invaders,821657,829801,46.0
6332,1,space_invaders,820703,829823,47.0
6333,1,space_invaders,826594,830066,27.0
6334,1,space_invaders,822945,830161,47.0
6335,1,space_invaders,825920,830224,23.0
6336,1,space_invaders,825926,830646,23.0
6337,1,space_invaders,830161,830753,6.0
6338,1,space_invaders,825575,831911,46.0
6339,1,space_invaders,826188,832028,37.0
6340,1,space_invaders,830753,833393,17.0
6341,1,space_invaders,827059,833411,34.0
6342,1,space_invaders,825416,833480,48.0
6343,1,space_invaders,829700,833604,23.0
6344,1,space_invaders,829422,833662,23.0
6345,1,space_invaders,830066,834114,23.0
6346,1,space_invaders,826891,834139,47.0
6347,1,space_invaders,830224,834336,23.0
6348,1,space_invaders,828981,834373,34.0
6349,1,space_invaders,833411,834979,13.0
6350,1,space_invaders,828506,835546,47.0
6351,1,space_invaders,834114,835810,14.0
6352,1,space_invaders,831911,835911,23.0
6353,1,space_invaders,829823,836127,44.0
6354,1,space_invaders,832028,836156,23.0
6355,1,space_invaders,833480,836168,15.0
6356,1,space_invaders,819805,836509,93.0
6357,1,space_invaders,833662,836654,21.0
6358,1,space_invaders,830646,836966,37.0
6359,1,space_invaders,835546,837258,14.0
6360,1,space_invaders,833393,837313,23.0
6361,1,space_invaders,834979,837475,16.0
6362,1,space_invaders,834373,837669,19.0
6363,1,space_invaders,836127,837839,16.0
6364,1,space_invaders,833604,838036,23.0
6365,1,space_invaders,834139,838171,24.0
6366,1,space_invaders,829801,838217,47.0
6367,1,space_invaders,834336,838352,23.0
6368,1,space_invaders,836168,839128,21.0
6369,1,space_invaders,837475,839363,15.0
6370,1,space_invaders,835911,839831,23.0
6371,1,space_invaders,835810,840050,23.0
6372,1,space_invaders,838036,840084,14.0
6373,1,space_invaders,836156,840204,23.0
6374,1,space_invaders,836509,840253,24.0
6375,1,space_invaders,838217,840697,20.0
6376,1,space_invaders,837839,840831,22.0
6377,1,space_invaders,836966,841046,23.0
6378,1,space_invaders,840697,841449,9.0
6379,1,space_invaders,839363,841875,20.0
6380,1,space_invaders,841449,842057,7.0
6381,1,space_invaders,837258,842330,37.0
6382,1,space_invaders,840050,842578,16.0
6383,1,space_invaders,838171,842699,23.0
6384,1,space_invaders,842330,842938,7.0
6385,1,space_invaders,839128,843384,23.0
6386,1,space_invaders,837313,843473,37.0
6387,1,space_invaders,836654,844382,47.0
6388,1,space_invaders,841046,844854,27.0
6389,1,space_invaders,840831,845151,23.0
6390,1,space_invaders,840253,845181,32.0
6391,1,space_invaders,839831,845703,38.0
6392,1,space_invaders,841875,845763,23.0
6393,1,space_invaders,837669,845941,47.0
6394,1,space_invaders,842578,846210,25.0
6395,1,space_invaders,845763,846371,7.0
6396,1,space_invaders,838352,846400,47.0
6397,1,space_invaders,842057,846649,31.0
6398,1,space_invaders,845941,846693,9.0
6399,1,space_invaders,842699,847211,23.0
6400,1,space_invaders,846693,847285,7.0
6401,1,space_invaders,847211,847643,5.0
6402,1,space_invaders,840204,847676,46.0
6403,1,space_invaders,847285,847717,5.0
6404,1,space_invaders,843473,847761,22.0
6405,1,space_invaders,847717,848149,5.0
6406,1,space_invaders,840084,848260,47.0
6407,1,space_invaders,845151,848623,23.0
6408,1,space_invaders,846649,848681,15.0
6409,1,space_invaders,845181,848733,25.0
6410,1,space_invaders,848149,848773,7.0
6411,1,space_invaders,848623,849055,5.0
6412,1,space_invaders,848733,849357,7.0
6413,1,space_invaders,845703,849479,23.0
6414,1,space_invaders,844382,849790,35.0
6415,1,space_invaders,849357,849965,7.0
6416,1,space_invaders,849479,850071,6.0
6417,1,space_invaders,846400,850144,23.0
6418,1,space_invaders,848773,850165,9.0
6419,1,space_invaders,850071,850503,5.0
6420,1,space_invaders,849965,850557,6.0
6421,1,space_invaders,850144,850576,5.0
6422,1,space_invaders,850557,850989,5.0
6423,1,space_invaders,846371,851107,34.0
6424,1,space_invaders,843384,851432,47.0
6425,1,space_invaders,847676,851484,23.0
6426,1,space_invaders,842938,851642,44.0
6427,1,space_invaders,847643,852491,23.0
6428,1,space_invaders,848260,852692,23.0
6429,1,space_invaders,849055,853007,23.0
6430,1,space_invaders,851642,853034,13.0
6431,1,space_invaders,844854,853382,47.0
6432,1,space_invaders,850503,853639,22.0
6433,1,space_invaders,850165,854117,25.0
6434,1,space_invaders,849790,854526,23.0
6435,1,space_invaders,850576,854656,23.0
6436,1,space_invaders,851484,855452,27.0
6437,1,space_invaders,851432,855560,23.0
6438,1,space_invaders,847761,855697,45.0
6439,1,space_invaders,852491,855803,24.0
6440,1,space_invaders,851107,856179,36.0
6441,1,space_invaders,855452,856220,9.0
6442,1,space_invaders,854656,856240,17.0
6443,1,space_invaders,855560,856472,11.0
6444,1,space_invaders,856179,856771,7.0
6445,1,space_invaders,848681,856777,53.0
6446,1,space_invaders,850989,856829,43.0
6447,1,space_invaders,853034,856874,23.0
6448,1,space_invaders,856220,856956,9.0
6449,1,space_invaders,853382,857078,23.0
6450,1,space_invaders,852692,857092,21.0
6451,1,space_invaders,854117,857749,23.0
6452,1,space_invaders,857092,857828,8.0
6453,1,space_invaders,855803,858283,21.0
6454,1,space_invaders,857749,858485,8.0
6455,1,space_invaders,856472,858952,20.0
6456,1,space_invaders,846210,859138,71.0
6457,1,space_invaders,856771,859267,18.0
6458,1,space_invaders,856829,859485,22.0
6459,1,space_invaders,856874,859546,21.0
6460,1,space_invaders,854526,859742,37.0
6461,1,space_invaders,856777,860441,23.0
6462,1,space_invaders,853007,860847,47.0
6463,1,space_invaders,859267,861427,17.0
6464,1,space_invaders,858485,861477,22.0
6465,1,space_invaders,857078,862118,34.0
6466,1,space_invaders,859742,862238,18.0
6467,1,space_invaders,856240,862560,45.0
6468,1,space_invaders,858952,862696,23.0
6469,1,space_invaders,859546,862810,24.0
6470,1,space_invaders,855697,862977,47.0
6471,1,space_invaders,857828,863028,37.0
6472,1,space_invaders,861477,863189,15.0
6473,1,space_invaders,853639,863191,61.0
6474,1,space_invaders,860847,863663,21.0
6475,1,space_invaders,859485,863709,23.0
6476,1,space_invaders,862118,863974,15.0
6477,1,space_invaders,863663,864287,6.0
6478,1,space_invaders,860441,864777,23.0
6479,1,space_invaders,861427,864787,23.0
6480,1,space_invaders,858283,865563,45.0
6481,1,space_invaders,862238,865790,23.0
6482,1,space_invaders,856956,866332,61.0
6483,1,space_invaders,863189,866341,22.0
6484,1,space_invaders,863028,866980,25.0
6485,1,space_invaders,863191,867031,23.0
6486,1,space_invaders,862810,867050,23.0
6487,1,space_invaders,866341,867109,8.0
6488,1,space_invaders,862696,867144,38.0
6489,1,space_invaders,865563,867275,15.0
6490,1,space_invaders,863974,867398,23.0
6491,1,space_invaders,865790,867630,17.0
6492,1,space_invaders,864287,867679,22.0
6493,1,space_invaders,862560,867808,41.0
6494,1,space_invaders,867109,867845,9.0
6495,1,space_invaders,867679,868431,9.0
6496,1,space_invaders,864787,868515,23.0
6497,1,space_invaders,866332,868668,21.0
6498,1,space_invaders,867275,868827,14.0
6499,1,space_invaders,867630,869326,14.0
6500,1,space_invaders,868431,869327,11.0
6501,1,space_invaders,867050,869354,21.0
6502,1,space_invaders,863709,869421,42.0
6503,1,space_invaders,866980,869476,17.0
6504,1,space_invaders,867845,869557,14.0
6505,1,space_invaders,864777,869673,40.0
6506,1,space_invaders,859138,869778,70.0
6507,1,space_invaders,868827,870571,15.0
6508,1,space_invaders,868668,870716,19.0
6509,1,space_invaders,867398,870726,23.0
6510,1,space_invaders,867144,871096,26.0
6511,1,space_invaders,867031,871239,23.0
6512,1,space_invaders,869476,871364,14.0
6513,1,space_invaders,867808,871440,23.0
6514,1,space_invaders,862977,871553,65.0
6515,1,space_invaders,869421,871773,20.0
6516,1,space_invaders,869326,871822,23.0
6517,1,space_invaders,869778,872114,22.0
6518,1,space_invaders,869673,872169,21.0
6519,1,space_invaders,870716,872412,14.0
6520,1,space_invaders,871096,872824,16.0
6521,1,space_invaders,869327,872943,27.0
6522,1,space_invaders,871239,872967,15.0
6523,1,space_invaders,869557,873013,23.0
6524,1,space_invaders,871364,873092,15.0
6525,1,space_invaders,870571,873227,22.0
6526,1,space_invaders,871553,873249,15.0
6527,1,space_invaders,871773,873501,16.0
6528,1,space_invaders,869354,873626,31.0
6529,1,space_invaders,868515,873635,22.0
6530,1,space_invaders,873626,874522,10.0
6531,1,space_invaders,872967,874647,15.0
6532,1,space_invaders,872824,874680,15.0
6533,1,space_invaders,873092,874788,15.0
6534,1,space_invaders,871440,874976,23.0
6535,1,space_invaders,873249,874993,15.0
6536,1,space_invaders,873501,875245,16.0
6537,1,space_invaders,871822,875278,29.0
6538,1,space_invaders,873013,875637,22.0
6539,1,space_invaders,873635,875667,19.0
6540,1,space_invaders,872114,875682,23.0
6541,1,space_invaders,872412,875916,23.0
6542,1,space_invaders,872169,876105,30.0
6543,1,space_invaders,873227,876699,23.0
6544,1,space_invaders,876699,877451,8.0
6545,1,space_invaders,875916,877484,15.0
6546,1,space_invaders,875278,877630,21.0
6547,1,space_invaders,875245,877741,19.0
6548,1,space_invaders,870726,878454,46.0
6549,1,space_invaders,877741,878653,10.0
6550,1,space_invaders,874976,878688,24.0
6551,1,space_invaders,874680,878856,23.0
6552,1,space_invaders,876105,878905,21.0
6553,1,space_invaders,875682,879170,22.0
6554,1,space_invaders,874647,879239,39.0
6555,1,space_invaders,875637,879541,23.0
6556,1,space_invaders,874993,879601,37.0
6557,1,space_invaders,875667,879811,22.0
6558,1,space_invaders,874788,879828,33.0
6559,1,space_invaders,878653,880045,12.0
6560,1,space_invaders,872943,880159,47.0
6561,1,space_invaders,878856,880552,16.0
6562,1,space_invaders,874522,880666,42.0
6563,1,space_invaders,879828,880724,11.0
6564,1,space_invaders,879601,881009,15.0
6565,1,space_invaders,877451,881099,23.0
6566,1,space_invaders,880666,881434,8.0
6567,1,space_invaders,877630,881582,27.0
6568,1,space_invaders,880045,882701,21.0
6569,1,space_invaders,879811,883251,23.0
6570,1,space_invaders,880724,883364,21.0
6571,1,space_invaders,878688,883600,28.0
6572,1,space_invaders,880159,883871,23.0
6573,1,space_invaders,879170,884066,33.0
6574,1,space_invaders,880552,884248,23.0
6575,1,space_invaders,881434,884570,23.0
6576,1,space_invaders,882701,885037,21.0
6577,1,space_invaders,883364,885060,15.0
6578,1,space_invaders,877484,885068,47.0
6579,1,space_invaders,881009,885073,24.0
6580,1,space_invaders,878454,885094,41.0
6581,1,space_invaders,879239,885255,37.0
6582,1,space_invaders,881582,885534,23.0
6583,1,space_invaders,883251,886083,22.0
6584,1,space_invaders,878905,886297,47.0
6585,1,space_invaders,885534,887694,16.0
6586,1,space_invaders,886297,887849,12.0
6587,1,space_invaders,881099,888235,44.0
6588,1,space_invaders,879541,888613,47.0
6589,1,space_invaders,885060,888740,23.0
6590,1,space_invaders,885255,888999,23.0
6591,1,space_invaders,885037,889149,23.0
6592,1,space_invaders,885068,889260,23.0
6593,1,space_invaders,885094,889654,37.0
6594,1,space_invaders,885073,890145,32.0
6595,1,space_invaders,888235,890891,21.0
6596,1,space_invaders,887849,891113,23.0
6597,1,space_invaders,887694,891630,34.0
6598,1,space_invaders,884570,892042,40.0
6599,1,space_invaders,888613,892085,24.0
6600,1,space_invaders,884066,892178,51.0
6601,1,space_invaders,889149,892301,23.0
6602,1,space_invaders,888740,892692,26.0
6603,1,space_invaders,886083,892739,42.0
6604,1,space_invaders,888999,892951,36.0
6605,1,space_invaders,889654,893286,25.0
6606,1,space_invaders,884248,893320,59.0
6607,1,space_invaders,891630,893342,16.0
6608,1,space_invaders,891113,893785,21.0
6609,1,space_invaders,893286,893878,7.0
6610,1,space_invaders,893320,894056,9.0
6611,1,space_invaders,893342,894094,9.0
6612,1,space_invaders,883871,894527,67.0
6613,1,space_invaders,893878,894774,11.0
6614,1,space_invaders,883600,894896,68.0
6615,1,space_invaders,894094,895022,10.0
6616,1,space_invaders,892178,895330,20.0
6617,1,space_invaders,892042,895354,25.0
6618,1,space_invaders,894527,895423,11.0
6619,1,space_invaders,889260,896028,46.0
6620,1,space_invaders,892085,896533,33.0
6621,1,space_invaders,892692,897236,23.0
6622,1,space_invaders,894056,897496,22.0
6623,1,space_invaders,892739,897523,23.0
6624,1,space_invaders,897236,897844,7.0
6625,1,space_invaders,893785,898025,23.0
6626,1,space_invaders,890145,898225,47.0
6627,1,space_invaders,894896,898832,23.0
6628,1,space_invaders,897496,899064,12.0
6629,1,space_invaders,892951,899271,41.0
6630,1,space_invaders,895354,899674,23.0
6631,1,space_invaders,892301,899725,43.0
6632,1,space_invaders,895330,899794,23.0
6633,1,space_invaders,896028,899884,23.0
6634,1,space_invaders,895423,900015,23.0
6635,1,space_invaders,897844,900836,21.0
6636,1,space_invaders,890891,901035,66.0
6637,1,space_invaders,901035,901643,7.0
6638,1,space_invaders,895022,901854,55.0
6639,1,space_invaders,899674,903962,22.0
6640,1,space_invaders,899064,904296,23.0
6641,1,space_invaders,896533,904309,47.0
6642,1,space_invaders,894774,904342,47.0
6643,1,space_invaders,898832,904368,36.0
6644,1,space_invaders,899725,904941,23.0
6645,1,space_invaders,898025,905321,47.0
6646,1,space_invaders,905321,905913,7.0
6647,1,space_invaders,901643,905995,22.0
6648,1,space_invaders,901854,906286,35.0
6649,1,space_invaders,904296,907288,22.0
6650,1,space_invaders,899884,907644,47.0
6651,1,space_invaders,904368,907680,21.0
6652,1,space_invaders,903962,908362,23.0
6653,1,space_invaders,899271,908487,47.0
6654,1,space_invaders,900836,908596,47.0
6655,1,space_invaders,899794,908658,47.0
6656,1,space_invaders,904309,908949,23.0
6657,1,space_invaders,900015,909679,64.0
6658,1,space_invaders,908362,909898,13.0
6659,1,space_invaders,898225,909969,68.0
6660,1,space_invaders,904342,910070,41.0
6661,1,space_invaders,904941,910157,36.0
6662,1,space_invaders,907680,910192,22.0
6663,1,space_invaders,907288,910264,20.0
6664,1,space_invaders,907644,910300,21.0
6665,1,space_invaders,908596,910484,15.0
6666,1,space_invaders,910192,910624,4.0
6667,1,space_invaders,909898,910682,9.0
6668,1,space_invaders,908658,910690,16.0
6669,1,space_invaders,909969,910721,9.0
6670,1,space_invaders,910300,910892,7.0
6671,1,space_invaders,897523,911027,89.0
6672,1,space_invaders,905995,911067,25.0
6673,1,space_invaders,910721,911489,8.0
6674,1,space_invaders,906286,911502,40.0
6675,1,space_invaders,910157,912013,17.0
6676,1,space_invaders,910624,912032,12.0
6677,1,space_invaders,912032,912464,4.0
6678,1,space_invaders,910264,912728,21.0
6679,1,space_invaders,911027,912899,17.0
6680,1,space_invaders,911489,913057,13.0
6681,1,space_invaders,910892,913260,20.0
6682,1,space_invaders,910484,913284,20.0
6683,1,space_invaders,912728,913464,9.0
6684,1,space_invaders,909679,913631,23.0
6685,1,space_invaders,908487,914167,37.0
6686,1,space_invaders,910690,914178,23.0
6687,1,space_invaders,910070,914486,30.0
6688,1,space_invaders,912899,914595,15.0
6689,1,space_invaders,908949,914645,39.0
6690,1,space_invaders,911502,914958,23.0
6691,1,space_invaders,912464,915120,21.0
6692,1,space_invaders,905913,915129,66.0
6693,1,space_invaders,913464,915336,16.0
6694,1,space_invaders,913057,915841,22.0
6695,1,space_invaders,913284,915956,23.0
6696,1,space_invaders,915336,916088,9.0
6697,1,space_invaders,910682,916362,43.0
6698,1,space_invaders,911067,916587,44.0
6699,1,space_invaders,914486,916822,18.0
6700,1,space_invaders,915120,916960,17.0
6701,1,space_invaders,914958,917630,21.0
6702,1,space_invaders,915841,917681,17.0
6703,1,space_invaders,912013,917741,37.0
6704,1,space_invaders,914645,917957,22.0
6705,1,space_invaders,914167,918311,22.0
6706,1,space_invaders,916362,918874,20.0
6707,1,space_invaders,913631,919151,38.0
6708,1,space_invaders,916088,919384,23.0
6709,1,space_invaders,916587,919403,22.0
6710,1,space_invaders,914178,919730,36.0
6711,1,space_invaders,913260,921324,42.0
6712,1,space_invaders,917957,921621,23.0
6713,1,space_invaders,917681,921729,23.0
6714,1,space_invaders,917741,921869,30.0
6715,1,space_invaders,919384,922376,22.0
6716,1,space_invaders,916822,923158,41.0
6717,1,space_invaders,917630,923326,37.0
6718,1,space_invaders,921729,925617,23.0
6719,1,space_invaders,923158,925670,20.0
6720,1,space_invaders,916960,925888,58.0
6721,1,space_invaders,923326,925966,20.0
6722,1,space_invaders,919403,926187,40.0
6723,1,space_invaders,921869,926221,23.0
6724,1,space_invaders,915129,926249,71.0
6725,1,space_invaders,922376,926344,23.0
6726,1,space_invaders,925617,926369,9.0
6727,1,space_invaders,926221,926973,9.0
6728,1,space_invaders,918874,927050,47.0
6729,1,space_invaders,915956,927332,71.0
6730,1,space_invaders,914595,927827,83.0
6731,1,space_invaders,927332,928100,9.0
6732,1,space_invaders,918311,928503,67.0
6733,1,space_invaders,926973,928653,15.0
6734,1,space_invaders,926187,928683,17.0
6735,1,space_invaders,927050,928762,15.0
6736,1,space_invaders,925670,928774,24.0
6737,1,space_invaders,921324,928796,47.0
6738,1,space_invaders,925966,929262,23.0
6739,1,space_invaders,925888,929408,23.0
6740,1,space_invaders,921621,929557,52.0
6741,1,space_invaders,926369,929825,28.0
6742,1,space_invaders,927827,929875,19.0
6743,1,space_invaders,919730,930050,69.0
6744,1,space_invaders,928100,930452,22.0
6745,1,space_invaders,926344,930664,23.0
6746,1,space_invaders,926249,931145,36.0
6747,1,space_invaders,928774,931558,21.0
6748,1,space_invaders,929408,931584,20.0
6749,1,space_invaders,928762,931594,21.0
6750,1,space_invaders,928503,931895,25.0
6751,1,space_invaders,929262,931934,22.0
6752,1,space_invaders,928653,932077,20.0
6753,1,space_invaders,919151,932143,69.0
6754,1,space_invaders,928796,932380,23.0
6755,1,space_invaders,929875,932515,20.0
6756,1,space_invaders,928683,932523,23.0
6757,1,space_invaders,932523,934091,15.0
6758,1,space_invaders,931594,934266,22.0
6759,1,space_invaders,931895,934567,21.0
6760,1,space_invaders,930452,934596,23.0
6761,1,space_invaders,932077,935053,23.0
6762,1,space_invaders,934567,936135,14.0
6763,1,space_invaders,929825,936961,44.0
6764,1,space_invaders,932515,937123,23.0
6765,1,space_invaders,930664,937160,35.0
6766,1,space_invaders,930050,937346,46.0
6767,1,space_invaders,934266,937370,23.0
6768,1,space_invaders,932380,937388,23.0
6769,1,space_invaders,929557,937429,47.0
6770,1,space_invaders,931145,938585,46.0
6771,1,space_invaders,931558,938662,41.0
6772,1,space_invaders,934091,938971,34.0
6773,1,space_invaders,935053,939229,23.0
6774,1,space_invaders,937160,939816,21.0
6775,1,space_invaders,932143,940015,49.0
6776,1,space_invaders,936135,940839,22.0
6777,1,space_invaders,936961,941153,24.0
6778,1,space_invaders,931584,941408,46.0
6779,1,space_invaders,937346,941602,22.0
6780,1,space_invaders,937429,941845,22.0
6781,1,space_invaders,941153,941889,9.0
6782,1,space_invaders,939229,942365,22.0
6783,1,space_invaders,937388,942764,33.0
6784,1,space_invaders,941845,942773,11.0
6785,1,space_invaders,934596,943300,47.0
6786,1,space_invaders,931934,943550,71.0
6787,1,space_invaders,941889,943585,15.0
6788,1,space_invaders,939816,943768,24.0
6789,1,space_invaders,942365,944061,15.0
6790,1,space_invaders,943550,944302,9.0
6791,1,space_invaders,937370,945002,45.0
6792,1,space_invaders,938585,946217,53.0
6793,1,space_invaders,940839,946231,36.0
6794,1,space_invaders,942773,946357,23.0
6795,1,space_invaders,944061,946541,21.0
6796,1,space_invaders,943300,946548,24.0
6797,1,space_invaders,943585,946865,22.0
6798,1,space_invaders,944302,947422,21.0
6799,1,space_invaders,938971,947691,47.0
6800,1,space_invaders,943768,947960,23.0
6801,1,space_invaders,938662,948518,59.0
6802,1,space_invaders,946541,948557,13.0
6803,1,space_invaders,940015,948719,46.0
6804,1,space_invaders,941408,948768,47.0
6805,1,space_invaders,945002,948970,23.0
6806,1,space_invaders,941602,949634,44.0
6807,1,space_invaders,947422,949918,20.0
6808,1,space_invaders,946231,950183,23.0
6809,1,space_invaders,946217,950329,23.0
6810,1,space_invaders,946548,950644,30.0
6811,1,space_invaders,937123,950691,88.0
6812,1,space_invaders,948719,951087,16.0
6813,1,space_invaders,948970,951162,16.0
6814,1,space_invaders,946865,951185,23.0
6815,1,space_invaders,948768,951568,20.0
6816,1,space_invaders,950644,951572,11.0
6817,1,space_invaders,950691,951587,11.0
6818,1,space_invaders,947960,951832,24.0
6819,1,space_invaders,949634,951986,22.0
6820,1,space_invaders,948557,952813,23.0
6821,1,space_invaders,951162,953050,18.0
6822,1,space_invaders,950183,953319,21.0
6823,1,space_invaders,951087,953455,15.0
6824,1,space_invaders,952813,953549,9.0
6825,1,space_invaders,951986,954018,18.0
6826,1,space_invaders,942764,954316,70.0
6827,1,space_invaders,946357,954757,61.0
6828,1,space_invaders,951568,954816,23.0
6829,1,space_invaders,951572,955364,25.0
6830,1,space_invaders,954018,955698,15.0
6831,1,space_invaders,951185,956561,33.0
6832,1,space_invaders,947691,957067,62.0
6833,1,space_invaders,954316,957116,21.0
6834,1,space_invaders,948518,957238,55.0
6835,1,space_invaders,951832,957368,40.0
6836,1,space_invaders,957067,957995,10.0
6837,1,space_invaders,954816,959168,23.0
6838,1,space_invaders,949918,959246,47.0
6839,1,space_invaders,953455,959295,37.0
6840,1,space_invaders,950329,959993,68.0
6841,1,space_invaders,953319,960007,47.0
6842,1,space_invaders,953050,960154,47.0
6843,1,space_invaders,953549,961117,46.0
6844,1,space_invaders,959168,961984,23.0
6845,1,space_invaders,957116,962156,35.0
6846,1,space_invaders,955698,962354,40.0
6847,1,space_invaders,954757,962373,47.0
6848,1,space_invaders,957238,962630,34.0
6849,1,space_invaders,959295,962719,22.0
6850,1,space_invaders,957995,963403,34.0
6851,1,space_invaders,960154,963434,23.0
6852,1,space_invaders,959246,963678,27.0
6853,1,space_invaders,960007,963751,23.0
6854,1,space_invaders,955364,964580,63.0
6855,1,space_invaders,956561,964593,46.0
6856,1,space_invaders,962630,964966,17.0
6857,1,space_invaders,962373,965029,23.0
6858,1,space_invaders,963678,965374,16.0
6859,1,space_invaders,957368,965512,47.0
6860,1,space_invaders,961984,965664,23.0
6861,1,space_invaders,959993,965705,34.0
6862,1,space_invaders,951587,965763,71.0
6863,1,space_invaders,963434,966090,22.0
6864,1,space_invaders,962719,966143,23.0
6865,1,space_invaders,964593,967089,20.0
6866,1,space_invaders,963403,967323,23.0
6867,1,space_invaders,964966,967462,21.0
6868,1,space_invaders,967089,967825,8.0
6869,1,space_invaders,965029,967989,20.0
6870,1,space_invaders,965512,968328,21.0
6871,1,space_invaders,964580,968356,23.0
6872,1,space_invaders,965374,968990,23.0
6873,1,space_invaders,961117,969053,45.0
6874,1,space_invaders,962156,969276,44.0
6875,1,space_invaders,966090,969498,22.0
6876,1,space_invaders,967323,969979,20.0
6877,1,space_invaders,965664,970096,23.0
6878,1,space_invaders,962354,970418,46.0
6879,1,space_invaders,967462,971574,32.0
6880,1,space_invaders,968328,971768,21.0
6881,1,space_invaders,969498,972490,23.0
6882,1,space_invaders,965705,972521,35.0
6883,1,space_invaders,969979,973275,20.0
6884,1,space_invaders,967825,973377,38.0
6885,1,space_invaders,965763,973667,47.0
6886,1,space_invaders,968990,973694,23.0
6887,1,space_invaders,970096,974704,37.0
6888,1,space_invaders,966143,974975,47.0
6889,1,space_invaders,970418,975474,31.0
6890,1,space_invaders,963751,975495,71.0
6891,1,space_invaders,967989,975749,47.0
6892,1,space_invaders,969053,975853,37.0
6893,1,space_invaders,972490,976314,23.0
6894,1,space_invaders,971574,976342,23.0
6895,1,space_invaders,975749,976517,8.0
6896,1,space_invaders,973667,976643,22.0
6897,1,space_invaders,976342,976950,7.0
6898,1,space_invaders,971768,977144,32.0
6899,1,space_invaders,973694,977310,23.0
6900,1,space_invaders,969276,977676,44.0
6901,1,space_invaders,974704,978208,23.0
6902,1,space_invaders,975853,978493,21.0
6903,1,space_invaders,974975,978527,23.0
6904,1,space_invaders,976517,978869,15.0
6905,1,space_invaders,973275,978987,34.0
6906,1,space_invaders,977676,979404,16.0
6907,1,space_invaders,976643,979459,23.0
6908,1,space_invaders,968356,979540,71.0
6909,1,space_invaders,972521,979945,42.0
6910,1,space_invaders,977310,979950,19.0
6911,1,space_invaders,977144,980472,23.0
6912,1,space_invaders,979945,980697,9.0
6913,1,space_invaders,978869,980901,14.0
6914,1,space_invaders,976950,981014,23.0
6915,1,space_invaders,978208,981760,23.0
6916,1,space_invaders,980901,981813,11.0
6917,1,space_invaders,979459,981987,17.0
6918,1,space_invaders,978493,982125,23.0
6919,1,space_invaders,978987,983035,23.0
6920,1,space_invaders,979404,983180,28.0
6921,1,space_invaders,975474,983202,47.0
6922,1,space_invaders,978527,983407,29.0
6923,1,space_invaders,980472,983608,23.0
6924,1,space_invaders,976314,984234,41.0
6925,1,space_invaders,983035,984251,12.0
6926,1,space_invaders,981987,984307,20.0
6927,1,space_invaders,980697,984825,23.0
6928,1,space_invaders,973377,985745,71.0
6929,1,space_invaders,975495,985831,62.0
6930,1,space_invaders,985745,986641,9.0
6931,1,space_invaders,983407,987151,23.0
6932,1,space_invaders,981813,987525,38.0
6933,1,space_invaders,983180,987612,25.0
6934,1,space_invaders,982125,987933,23.0
6935,1,space_invaders,981014,987974,37.0
6936,1,space_invaders,979540,988356,47.0
6937,1,space_invaders,981760,988400,40.0
6938,1,space_invaders,984234,988650,26.0
6939,1,space_invaders,987612,989004,13.0
6940,1,space_invaders,979950,989310,56.0
6941,1,space_invaders,988356,989444,12.0
6942,1,space_invaders,987151,990143,23.0
6943,1,space_invaders,989444,990212,9.0
6944,1,space_invaders,989310,990382,12.0
6945,1,space_invaders,989004,990572,15.0
6946,1,space_invaders,990143,990911,9.0
6947,1,space_invaders,988400,990928,17.0
6948,1,space_invaders,987974,990950,20.0
6949,1,space_invaders,990212,991268,12.0
6950,1,space_invaders,987525,991637,23.0
6951,1,space_invaders,990928,991680,9.0
6952,1,space_invaders,985831,992023,36.0
6953,1,space_invaders,986641,992481,34.0
6954,1,space_invaders,988650,992490,23.0
6955,1,space_invaders,987933,992525,30.0
6956,1,space_invaders,983202,992770,59.0
6957,1,space_invaders,984251,992987,61.0
6958,1,space_invaders,984307,993043,60.0
6959,1,space_invaders,983608,993176,67.0
6960,1,space_invaders,984825,993369,47.0
6961,1,space_invaders,990382,993454,25.0
6962,1,space_invaders,993043,993795,9.0
6963,1,space_invaders,991637,994133,22.0
6964,1,space_invaders,990911,994703,23.0
6965,1,space_invaders,992023,995511,23.0
6966,1,space_invaders,993454,995950,22.0
6967,1,space_invaders,992490,996090,23.0
6968,1,space_invaders,993795,996147,21.0
6969,1,space_invaders,990950,996438,47.0
6970,1,space_invaders,993176,996472,23.0
6971,1,space_invaders,994133,996485,22.0
6972,1,space_invaders,992987,996619,30.0
6973,1,space_invaders,992481,996929,35.0
6974,1,space_invaders,994703,997663,22.0
6975,1,space_invaders,993369,997801,32.0
6976,1,space_invaders,996438,998006,15.0
6977,1,space_invaders,996485,998533,16.0
6978,1,space_invaders,991680,998672,57.0
6979,1,space_invaders,996147,998819,20.0
6980,1,space_invaders,997801,999481,17.0
6981,1,space_invaders,998006,999702,17.0
6982,1,space_invaders,991268,999828,45.0
6983,2,space_invaders,999936,1000662,9.0
6984,2,space_invaders,1000662,1001574,10.0
6985,2,space_invaders,999936,1002293,19.0
6986,2,space_invaders,999936,1002577,18.0
6987,2,space_invaders,999936,1002752,23.0
6988,2,space_invaders,999936,1003271,23.0
6989,2,space_invaders,999936,1003323,23.0
6990,2,space_invaders,999936,1003343,23.0
6991,2,space_invaders,999936,1003602,23.0
6992,2,space_invaders,999936,1003923,23.0
6993,2,space_invaders,999936,1003924,23.0
6994,2,space_invaders,999936,1004060,23.0
6995,2,space_invaders,999936,1004841,30.0
6996,2,space_invaders,999936,1004878,35.0
6997,2,space_invaders,1001574,1005382,23.0
6998,2,space_invaders,999936,1005818,43.0
6999,2,space_invaders,1003343,1005823,19.0
7000,2,space_invaders,1004878,1006590,14.0
7001,2,space_invaders,1002293,1006725,33.0
7002,2,space_invaders,999936,1007224,41.0
7003,2,space_invaders,1003271,1007255,23.0
7004,2,space_invaders,999936,1007533,46.0
7005,2,space_invaders,1003924,1007588,23.0
7006,2,space_invaders,1003923,1007715,23.0
7007,2,space_invaders,1005818,1008154,17.0
7008,2,space_invaders,1007255,1008167,9.0
7009,2,space_invaders,1006725,1008453,18.0
7010,2,space_invaders,1003602,1008482,23.0
7011,2,space_invaders,1003323,1008715,41.0
7012,2,space_invaders,1004060,1008796,34.0
7013,2,space_invaders,1004841,1009753,36.0
7014,2,space_invaders,1007224,1009880,22.0
7015,2,space_invaders,1007715,1010067,17.0
7016,2,space_invaders,1002577,1010225,47.0
7017,2,space_invaders,1007533,1010333,21.0
7018,2,space_invaders,1008453,1010645,17.0
7019,2,space_invaders,1008154,1011146,20.0
7020,2,space_invaders,1008482,1011650,22.0
7021,2,space_invaders,1008167,1011959,31.0
7022,2,space_invaders,1011146,1012058,11.0
7023,2,space_invaders,1008715,1012363,23.0
7024,2,space_invaders,1009753,1012425,21.0
7025,2,space_invaders,1008796,1012428,23.0
7026,2,space_invaders,1005382,1013014,47.0
7027,2,space_invaders,1010333,1013469,28.0
7028,2,space_invaders,1006590,1013502,48.0
7029,2,space_invaders,1009880,1014008,38.0
7030,2,space_invaders,1010225,1014129,23.0
7031,2,space_invaders,1010067,1014179,30.0
7032,2,space_invaders,1002752,1014432,71.0
7033,2,space_invaders,1011650,1014594,22.0
7034,2,space_invaders,1014129,1014881,9.0
7035,2,space_invaders,1012425,1014905,21.0
7036,2,space_invaders,1013469,1015357,16.0
7037,2,space_invaders,1007588,1015668,47.0
7038,2,space_invaders,1010645,1015733,36.0
7039,2,space_invaders,1012428,1015756,23.0
7040,2,space_invaders,1005823,1015839,67.0
7041,2,space_invaders,1011959,1015895,32.0
7042,2,space_invaders,1014179,1015907,16.0
7043,2,space_invaders,1012363,1015979,30.0
7044,2,space_invaders,1014432,1016128,15.0
7045,2,space_invaders,1012058,1016170,38.0
7046,2,space_invaders,1015756,1016364,7.0
7047,2,space_invaders,1015668,1016420,9.0
7048,2,space_invaders,1015979,1016715,8.0
7049,2,space_invaders,1015839,1016735,10.0
7050,2,space_invaders,1014905,1016761,19.0
7051,2,space_invaders,1016715,1017467,9.0
7052,2,space_invaders,1015907,1017603,16.0
7053,2,space_invaders,1014008,1017960,30.0
7054,2,space_invaders,1013014,1018390,35.0
7055,2,space_invaders,1016761,1018457,17.0
7056,2,space_invaders,1016128,1018624,22.0
7057,2,space_invaders,1016735,1019087,19.0
7058,2,space_invaders,1014881,1019153,40.0
7059,2,space_invaders,1017603,1019155,13.0
7060,2,space_invaders,1016364,1019164,22.0
7061,2,space_invaders,1018390,1019302,11.0
7062,2,space_invaders,1014594,1019666,40.0
7063,2,space_invaders,1015357,1020269,42.0
7064,2,space_invaders,1019087,1020783,16.0
7065,2,space_invaders,1019155,1020835,15.0
7066,2,space_invaders,1020269,1021181,11.0
7067,2,space_invaders,1018457,1021593,23.0
7068,2,space_invaders,1019302,1021638,20.0
7069,2,space_invaders,1019164,1022252,23.0
7070,2,space_invaders,1018624,1022256,24.0
7071,2,space_invaders,1019153,1022289,29.0
7072,2,space_invaders,1016170,1022458,47.0
7073,2,space_invaders,1015895,1022679,45.0
7074,2,space_invaders,1013502,1023214,70.0
7075,2,space_invaders,1015733,1023349,53.0
7076,2,space_invaders,1021593,1024249,21.0
7077,2,space_invaders,1020835,1024403,23.0
7078,2,space_invaders,1016420,1024836,55.0
7079,2,space_invaders,1017960,1025000,47.0
7080,2,space_invaders,1022256,1025072,23.0
7081,2,space_invaders,1021638,1025078,23.0
7082,2,space_invaders,1024249,1025145,11.0
7083,2,space_invaders,1017467,1025307,46.0
7084,2,space_invaders,1022679,1025815,23.0
7085,2,space_invaders,1022289,1025969,23.0
7086,2,space_invaders,1024403,1025971,14.0
7087,2,space_invaders,1022458,1026090,23.0
7088,2,space_invaders,1022252,1026300,23.0
7089,2,space_invaders,1023214,1026478,23.0
7090,2,space_invaders,1025307,1027003,15.0
7091,2,space_invaders,1023349,1027509,23.0
7092,2,space_invaders,1021181,1027997,43.0
7093,2,space_invaders,1025145,1028585,23.0
7094,2,space_invaders,1025000,1028744,23.0
7095,2,space_invaders,1019666,1028754,57.0
7096,2,space_invaders,1026090,1028762,22.0
7097,2,space_invaders,1025072,1029120,23.0
7098,2,space_invaders,1020783,1029359,55.0
7099,2,space_invaders,1025971,1029971,23.0
7100,2,space_invaders,1026478,1030142,22.0
7101,2,space_invaders,1027509,1030165,20.0
7102,2,space_invaders,1025815,1030215,23.0
7103,2,space_invaders,1028762,1030474,14.0
7104,2,space_invaders,1027003,1030827,23.0
7105,2,space_invaders,1028585,1031401,19.0
7106,2,space_invaders,1026300,1031804,22.0
7107,2,space_invaders,1030142,1032350,13.0
7108,2,space_invaders,1024836,1032580,43.0
7109,2,space_invaders,1025078,1033334,47.0
7110,2,space_invaders,1029359,1033471,23.0
7111,2,space_invaders,1031401,1034057,22.0
7112,2,space_invaders,1034057,1034809,9.0
7113,2,space_invaders,1030165,1034837,23.0
7114,2,space_invaders,1029971,1035043,26.0
7115,2,space_invaders,1028744,1035224,42.0
7116,2,space_invaders,1030474,1035370,32.0
7117,2,space_invaders,1031804,1035900,23.0
7118,2,space_invaders,1032350,1035982,23.0
7119,2,space_invaders,1033471,1035983,21.0
7120,2,space_invaders,1027997,1036093,47.0
7121,2,space_invaders,1032580,1036388,23.0
7122,2,space_invaders,1028754,1036786,47.0
7123,2,space_invaders,1025969,1037233,71.0
7124,2,space_invaders,1034837,1037349,21.0
7125,2,space_invaders,1036093,1037501,15.0
7126,2,space_invaders,1030215,1037703,47.0
7127,2,space_invaders,1029120,1038224,47.0
7128,2,space_invaders,1034809,1038233,24.0
7129,2,space_invaders,1033334,1038566,27.0
7130,2,space_invaders,1036388,1038740,18.0
7131,2,space_invaders,1035983,1038815,22.0
7132,2,space_invaders,1038224,1039296,12.0
7133,2,space_invaders,1035900,1039548,26.0
7134,2,space_invaders,1035043,1039939,38.0
7135,2,space_invaders,1035370,1040426,31.0
7136,2,space_invaders,1037349,1040485,21.0
7137,2,space_invaders,1037233,1041089,23.0
7138,2,space_invaders,1037703,1041175,23.0
7139,2,space_invaders,1037501,1041325,28.0
7140,2,space_invaders,1036786,1041378,34.0
7141,2,space_invaders,1030827,1041483,69.0
7142,2,space_invaders,1035224,1041544,40.0
7143,2,space_invaders,1041089,1041697,7.0
7144,2,space_invaders,1039296,1041808,22.0
7145,2,space_invaders,1038566,1042038,23.0
7146,2,space_invaders,1040426,1042778,19.0
7147,2,space_invaders,1039939,1042915,18.0
7148,2,space_invaders,1038233,1042969,35.0
7149,2,space_invaders,1040485,1043141,23.0
7150,2,space_invaders,1038815,1043295,27.0
7151,2,space_invaders,1041378,1043730,22.0
7152,2,space_invaders,1035982,1044078,47.0
7153,2,space_invaders,1041544,1044488,22.0
7154,2,space_invaders,1042038,1044710,22.0
7155,2,space_invaders,1041483,1044731,22.0
7156,2,space_invaders,1041697,1045105,23.0
7157,2,space_invaders,1042969,1045481,22.0
7158,2,space_invaders,1045105,1045841,8.0
7159,2,space_invaders,1045481,1046393,10.0
7160,2,space_invaders,1044710,1046598,17.0
7161,2,space_invaders,1043141,1046885,22.0
7162,2,space_invaders,1044488,1047000,21.0
7163,2,space_invaders,1041325,1047181,41.0
7164,2,space_invaders,1041175,1048455,43.0
7165,2,space_invaders,1047181,1048749,14.0
7166,2,space_invaders,1046393,1048889,22.0
7167,2,space_invaders,1038740,1049044,69.0
7168,2,space_invaders,1048455,1049367,11.0
7169,2,space_invaders,1044078,1049502,39.0
7170,2,space_invaders,1047000,1049640,19.0
7171,2,space_invaders,1042915,1050003,45.0
7172,2,space_invaders,1039548,1050028,69.0
7173,2,space_invaders,1043730,1050066,45.0
7174,2,space_invaders,1046885,1050149,23.0
7175,2,space_invaders,1045841,1050289,35.0
7176,2,space_invaders,1049502,1050398,10.0
7177,2,space_invaders,1043295,1050575,47.0
7178,2,space_invaders,1044731,1051211,44.0
7179,2,space_invaders,1042778,1051514,69.0
7180,2,space_invaders,1050398,1051950,11.0
7181,2,space_invaders,1046598,1052134,41.0
7182,2,space_invaders,1041808,1052256,70.0
7183,2,space_invaders,1048889,1052377,23.0
7184,2,space_invaders,1050575,1053263,19.0
7185,2,space_invaders,1050028,1053724,23.0
7186,2,space_invaders,1050149,1053781,25.0
7187,2,space_invaders,1052377,1054073,15.0
7188,2,space_invaders,1051514,1054810,23.0
7189,2,space_invaders,1052134,1054934,21.0
7190,2,space_invaders,1053263,1056639,23.0
7191,2,space_invaders,1048749,1056813,44.0
7192,2,space_invaders,1050003,1056931,47.0
7193,2,space_invaders,1056639,1057391,9.0
7194,2,space_invaders,1049367,1057463,47.0
7195,2,space_invaders,1050066,1057634,47.0
7196,2,space_invaders,1053781,1058373,34.0
7197,2,space_invaders,1054934,1058406,29.0
7198,2,space_invaders,1057634,1058546,10.0
7199,2,space_invaders,1054810,1058586,33.0
7200,2,space_invaders,1051211,1058667,54.0
7201,2,space_invaders,1058586,1059338,9.0
7202,2,space_invaders,1049640,1059496,69.0
7203,2,space_invaders,1049044,1059652,67.0
7204,2,space_invaders,1056813,1060125,27.0
7205,2,space_invaders,1057463,1060535,23.0
7206,2,space_invaders,1054073,1060745,53.0
7207,2,space_invaders,1057391,1060943,23.0
7208,2,space_invaders,1060535,1060967,4.0
7209,2,space_invaders,1056931,1061043,34.0
7210,2,space_invaders,1059338,1061194,15.0
7211,2,space_invaders,1051950,1061342,62.0
7212,2,space_invaders,1050289,1061425,81.0
7213,2,space_invaders,1053724,1061452,45.0
7214,2,space_invaders,1060967,1061575,5.0
7215,2,space_invaders,1061194,1061626,4.0
7216,2,space_invaders,1061043,1061635,7.0
7217,2,space_invaders,1060125,1061677,11.0
7218,2,space_invaders,1061452,1061884,4.0
7219,2,space_invaders,1059652,1061972,19.0
7220,2,space_invaders,1061425,1062017,7.0
7221,2,space_invaders,1061635,1062275,7.0
7222,2,space_invaders,1061972,1062564,7.0
7223,2,space_invaders,1062275,1062899,7.0
7224,2,space_invaders,1058667,1062923,30.0
7225,2,space_invaders,1058373,1063125,39.0
7226,2,space_invaders,1058406,1063126,36.0
7227,2,space_invaders,1052256,1063200,67.0
7228,2,space_invaders,1059496,1063288,28.0
7229,2,space_invaders,1062923,1063355,5.0
7230,2,space_invaders,1061884,1063452,15.0
7231,2,space_invaders,1061342,1063550,20.0
7232,2,space_invaders,1063126,1063558,4.0
7233,2,space_invaders,1062899,1063635,8.0
7234,2,space_invaders,1063452,1063884,5.0
7235,2,space_invaders,1062017,1063889,15.0
7236,2,space_invaders,1063355,1063963,7.0
7237,2,space_invaders,1058546,1065378,36.0
7238,2,space_invaders,1063558,1065446,17.0
7239,2,space_invaders,1063963,1065803,13.0
7240,2,space_invaders,1060943,1065951,17.0
7241,2,space_invaders,1065378,1066002,7.0
7242,2,space_invaders,1063288,1066104,16.0
7243,2,space_invaders,1063889,1066401,21.0
7244,2,space_invaders,1063635,1066451,20.0
7245,2,space_invaders,1063125,1066629,23.0
7246,2,space_invaders,1062564,1066820,29.0
7247,2,space_invaders,1063884,1067564,23.0
7248,2,space_invaders,1061626,1068442,45.0
7249,2,space_invaders,1063550,1068622,35.0
7250,2,space_invaders,1060745,1068713,47.0
7251,2,space_invaders,1061575,1069159,47.0
7252,2,space_invaders,1066002,1069378,23.0
7253,2,space_invaders,1066629,1069461,21.0
7254,2,space_invaders,1066104,1070040,30.0
7255,2,space_invaders,1066401,1070049,23.0
7256,2,space_invaders,1066820,1070388,23.0
7257,2,space_invaders,1061677,1070573,47.0
7258,2,space_invaders,1070388,1070980,7.0
7259,2,space_invaders,1063200,1071328,47.0
7260,2,space_invaders,1068713,1071529,23.0
7261,2,space_invaders,1068622,1072638,23.0
7262,2,space_invaders,1071328,1073024,15.0
7263,2,space_invaders,1067564,1073420,42.0
7264,2,space_invaders,1073024,1073632,7.0
7265,2,space_invaders,1069378,1073746,23.0
7266,2,space_invaders,1070049,1073777,23.0
7267,2,space_invaders,1070573,1074029,21.0
7268,2,space_invaders,1071529,1074489,22.0
7269,2,space_invaders,1065803,1074491,46.0
7270,2,space_invaders,1068442,1074794,39.0
7271,2,space_invaders,1065446,1074886,47.0
7272,2,space_invaders,1065951,1075327,58.0
7273,2,space_invaders,1073777,1075457,13.0
7274,2,space_invaders,1073746,1075458,14.0
7275,2,space_invaders,1069461,1075973,42.0
7276,2,space_invaders,1073632,1076112,21.0
7277,2,space_invaders,1070040,1076664,47.0
7278,2,space_invaders,1075327,1077023,16.0
7279,2,space_invaders,1074489,1077129,21.0
7280,2,space_invaders,1075457,1077153,15.0
7281,2,space_invaders,1075458,1077154,16.0
7282,2,space_invaders,1070980,1077812,50.0
7283,2,space_invaders,1077812,1078724,11.0
7284,2,space_invaders,1074886,1078758,23.0
7285,2,space_invaders,1077153,1078881,18.0
7286,2,space_invaders,1074491,1079227,35.0
7287,2,space_invaders,1074029,1079245,39.0
7288,2,space_invaders,1076664,1079480,23.0
7289,2,space_invaders,1072638,1079630,47.0
7290,2,space_invaders,1077129,1080249,23.0
7291,2,space_invaders,1069159,1080791,83.0
7292,2,space_invaders,1079245,1081901,23.0
7293,2,space_invaders,1074794,1082234,45.0
7294,2,space_invaders,1076112,1082912,44.0
7295,2,space_invaders,1078881,1082977,23.0
7296,2,space_invaders,1082234,1083146,10.0
7297,2,space_invaders,1079480,1083288,23.0
7298,2,space_invaders,1066451,1083939,117.0
7299,2,space_invaders,1081901,1084877,22.0
7300,2,space_invaders,1075973,1085141,47.0
7301,2,space_invaders,1082912,1085728,23.0
7302,2,space_invaders,1083288,1086360,23.0
7303,2,space_invaders,1079227,1087179,58.0
7304,2,space_invaders,1080791,1087271,43.0
7305,2,space_invaders,1079630,1087406,47.0
7306,2,space_invaders,1083939,1087715,23.0
7307,2,space_invaders,1080249,1088089,47.0
7308,2,space_invaders,1077154,1088274,71.0
7309,2,space_invaders,1085141,1088277,22.0
7310,2,space_invaders,1087406,1088478,12.0
7311,2,space_invaders,1078724,1088740,70.0
7312,2,space_invaders,1084877,1088877,23.0
7313,2,space_invaders,1088274,1089378,12.0
7314,2,space_invaders,1087715,1089603,21.0
7315,2,space_invaders,1087179,1089675,22.0
7316,2,space_invaders,1088478,1089710,14.0
7317,2,space_invaders,1085728,1089744,23.0
7318,2,space_invaders,1078758,1089782,71.0
7319,2,space_invaders,1089378,1089970,7.0
7320,2,space_invaders,1083146,1090282,47.0
7321,2,space_invaders,1088089,1090585,22.0
7322,2,space_invaders,1089603,1090675,11.0
7323,2,space_invaders,1088740,1091076,22.0
7324,2,space_invaders,1073420,1091084,116.0
7325,2,space_invaders,1088877,1091517,22.0
7326,2,space_invaders,1077023,1091727,94.0
7327,2,space_invaders,1091076,1091988,11.0
7328,2,space_invaders,1089710,1092062,22.0
7329,2,space_invaders,1089675,1092187,22.0
7330,2,space_invaders,1082977,1092209,68.0
7331,2,space_invaders,1091727,1092479,8.0
7332,2,space_invaders,1090675,1092515,19.0
7333,2,space_invaders,1091084,1092764,16.0
7334,2,space_invaders,1086360,1093176,47.0
7335,2,space_invaders,1090585,1093529,23.0
7336,2,space_invaders,1089782,1093814,23.0
7337,2,space_invaders,1092209,1093921,17.0
7338,2,space_invaders,1087271,1094023,47.0
7339,2,space_invaders,1090282,1094106,23.0
7340,2,space_invaders,1092479,1094159,16.0
7341,2,space_invaders,1094023,1094775,8.0
7342,2,space_invaders,1092062,1095406,23.0
7343,2,space_invaders,1092515,1095459,20.0
7344,2,space_invaders,1094775,1095687,9.0
7345,2,space_invaders,1092764,1095868,24.0
7346,2,space_invaders,1091988,1095892,23.0
7347,2,space_invaders,1089744,1096000,47.0
7348,2,space_invaders,1095459,1097171,15.0
7349,2,space_invaders,1095892,1097460,16.0
7350,2,space_invaders,1088277,1097637,60.0
7351,2,space_invaders,1089970,1097922,56.0
7352,2,space_invaders,1094159,1097935,36.0
7353,2,space_invaders,1093529,1098121,38.0
7354,2,space_invaders,1091517,1098381,47.0
7355,2,space_invaders,1095406,1098398,22.0
7356,2,space_invaders,1093921,1098545,23.0
7357,2,space_invaders,1095868,1099068,23.0
7358,2,space_invaders,1097460,1099508,16.0
7359,2,space_invaders,1094106,1099658,42.0
7360,2,space_invaders,1096000,1099664,23.0
7361,2,space_invaders,1098381,1100429,18.0
7362,2,space_invaders,1093814,1100470,47.0
7363,2,space_invaders,1092187,1100923,60.0
7364,2,space_invaders,1100429,1101053,7.0
7365,2,space_invaders,1097637,1101189,23.0
7366,2,space_invaders,1097935,1101231,23.0
7367,2,space_invaders,1100470,1101366,10.0
7368,2,space_invaders,1095687,1101399,41.0
7369,2,space_invaders,1099664,1101664,17.0
7370,2,space_invaders,1097922,1102162,23.0
7371,2,space_invaders,1099068,1102348,21.0
7372,2,space_invaders,1097171,1103315,45.0
7373,2,space_invaders,1099508,1103620,28.0
7374,2,space_invaders,1101053,1104669,23.0
7375,2,space_invaders,1101664,1104944,24.0
7376,2,space_invaders,1101189,1105573,23.0
7377,2,space_invaders,1102162,1105586,23.0
7378,2,space_invaders,1098545,1105665,47.0
7379,2,space_invaders,1104944,1105856,10.0
7380,2,space_invaders,1105573,1106325,9.0
7381,2,space_invaders,1099658,1106458,46.0
7382,2,space_invaders,1105856,1106464,7.0
7383,2,space_invaders,1098398,1106494,59.0
7384,2,space_invaders,1105586,1106514,11.0
7385,2,space_invaders,1098121,1106537,53.0
7386,2,space_invaders,1102348,1106764,29.0
7387,2,space_invaders,1101231,1106767,39.0
7388,2,space_invaders,1093176,1106872,89.0
7389,2,space_invaders,1103315,1107043,23.0
7390,2,space_invaders,1106514,1107122,7.0
7391,2,space_invaders,1103620,1107204,22.0
7392,2,space_invaders,1106494,1107406,11.0
7393,2,space_invaders,1106764,1107676,11.0
7394,2,space_invaders,1106537,1107753,12.0
7395,2,space_invaders,1101366,1107878,42.0
7396,2,space_invaders,1100923,1108171,47.0
7397,2,space_invaders,1104669,1108173,23.0
7398,2,space_invaders,1101399,1108359,45.0
7399,2,space_invaders,1105665,1108481,28.0
7400,2,space_invaders,1106872,1108888,20.0
7401,2,space_invaders,1108173,1108941,9.0
7402,2,space_invaders,1108359,1109111,9.0
7403,2,space_invaders,1107406,1109294,18.0
7404,2,space_invaders,1108888,1109656,9.0
7405,2,space_invaders,1108941,1109693,8.0
7406,2,space_invaders,1107043,1109715,26.0
7407,2,space_invaders,1106458,1110042,23.0
7408,2,space_invaders,1107122,1110130,19.0
7409,2,space_invaders,1107878,1110214,22.0
7410,2,space_invaders,1106464,1110304,23.0
7411,2,space_invaders,1106767,1110383,29.0
7412,2,space_invaders,1109715,1110451,9.0
7413,2,space_invaders,1108481,1110833,22.0
7414,2,space_invaders,1109294,1110862,15.0
7415,2,space_invaders,1106325,1110901,38.0
7416,2,space_invaders,1109656,1111208,14.0
7417,2,space_invaders,1110833,1111265,5.0
7418,2,space_invaders,1107204,1111492,40.0
7419,2,space_invaders,1107676,1111500,23.0
7420,2,space_invaders,1110130,1112018,16.0
7421,2,space_invaders,1110451,1112163,16.0
7422,2,space_invaders,1110304,1112192,17.0
7423,2,space_invaders,1107753,1112201,46.0
7424,2,space_invaders,1110862,1112702,17.0
7425,2,space_invaders,1111500,1113052,12.0
7426,2,space_invaders,1108171,1113067,37.0
7427,2,space_invaders,1110042,1113114,23.0
7428,2,space_invaders,1110214,1113174,24.0
7429,2,space_invaders,1111265,1113297,20.0
7430,2,space_invaders,1110383,1113311,23.0
7431,2,space_invaders,1112018,1113874,14.0
7432,2,space_invaders,1113114,1115002,17.0
7433,2,space_invaders,1112201,1115017,22.0
7434,2,space_invaders,1113297,1115345,17.0
7435,2,space_invaders,1113874,1115730,15.0
7436,2,space_invaders,1110901,1115813,33.0
7437,2,space_invaders,1111492,1115892,23.0
7438,2,space_invaders,1115002,1116730,14.0
7439,2,space_invaders,1111208,1116920,43.0
7440,2,space_invaders,1112192,1116928,34.0
7441,2,space_invaders,1113052,1117772,23.0
7442,2,space_invaders,1113174,1117910,36.0
7443,2,space_invaders,1109693,1118605,59.0
7444,2,space_invaders,1113311,1118863,39.0
7445,2,space_invaders,1113067,1119243,45.0
7446,2,space_invaders,1115813,1119253,23.0
7447,2,space_invaders,1112163,1119427,47.0
7448,2,space_invaders,1112702,1119966,47.0
7449,2,space_invaders,1115892,1120532,22.0
7450,2,space_invaders,1116730,1120666,23.0
7451,2,space_invaders,1118863,1120751,16.0
7452,2,space_invaders,1120532,1121284,8.0
7453,2,space_invaders,1117910,1121478,23.0
7454,2,space_invaders,1119253,1121573,19.0
7455,2,space_invaders,1119966,1121662,15.0
7456,2,space_invaders,1116920,1121672,35.0
7457,2,space_invaders,1119427,1121763,21.0
7458,2,space_invaders,1118605,1121949,23.0
7459,2,space_invaders,1119243,1122379,22.0
7460,2,space_invaders,1115730,1122674,47.0
7461,2,space_invaders,1109111,1122967,94.0
7462,2,space_invaders,1115345,1123057,47.0
7463,2,space_invaders,1120751,1123263,21.0
7464,2,space_invaders,1122379,1124091,14.0
7465,2,space_invaders,1116928,1124400,50.0
7466,2,space_invaders,1122967,1124663,14.0
7467,2,space_invaders,1121284,1124740,23.0
7468,2,space_invaders,1117772,1124860,47.0
7469,2,space_invaders,1115017,1125033,61.0
7470,2,space_invaders,1123057,1125105,18.0
7471,2,space_invaders,1121573,1125237,23.0
7472,2,space_invaders,1122674,1126050,23.0
7473,2,space_invaders,1124860,1126556,14.0
7474,2,space_invaders,1125033,1127241,17.0
7475,2,space_invaders,1125105,1127281,16.0
7476,2,space_invaders,1124740,1127876,22.0
7477,2,space_invaders,1120666,1127914,47.0
7478,2,space_invaders,1121672,1128648,46.0
7479,2,space_invaders,1121949,1128733,46.0
7480,2,space_invaders,1121662,1129054,49.0
7481,2,space_invaders,1121763,1129203,47.0
7482,2,space_invaders,1128733,1129325,7.0
7483,2,space_invaders,1124400,1129328,31.0
7484,2,space_invaders,1127281,1129633,17.0
7485,2,space_invaders,1121478,1129670,47.0
7486,2,space_invaders,1124663,1129719,34.0
7487,2,space_invaders,1127914,1129786,18.0
7488,2,space_invaders,1126050,1130066,23.0
7489,2,space_invaders,1123263,1130415,50.0
7490,2,space_invaders,1129325,1131037,16.0
7491,2,space_invaders,1129203,1131875,20.0
7492,2,space_invaders,1127876,1132148,30.0
7493,2,space_invaders,1125237,1132885,47.0
7494,2,space_invaders,1129786,1133210,22.0
7495,2,space_invaders,1129719,1133639,23.0
7496,2,space_invaders,1130066,1133698,26.0
7497,2,space_invaders,1124091,1133787,64.0
7498,2,space_invaders,1132148,1133860,16.0
7499,2,space_invaders,1127241,1133913,49.0
7500,2,space_invaders,1130415,1134415,23.0
7501,2,space_invaders,1131037,1134717,23.0
7502,2,space_invaders,1134415,1135023,6.0
7503,2,space_invaders,1129054,1135726,53.0
7504,2,space_invaders,1129328,1135808,46.0
7505,2,space_invaders,1133913,1135961,17.0
7506,2,space_invaders,1131875,1136435,35.0
7507,2,space_invaders,1133787,1136459,22.0
7508,2,space_invaders,1135808,1136720,10.0
7509,2,space_invaders,1133698,1136850,22.0
7510,2,space_invaders,1136435,1137171,9.0
7511,2,space_invaders,1133210,1137242,22.0
7512,2,space_invaders,1129670,1137718,47.0
7513,2,space_invaders,1134717,1137981,23.0
7514,2,space_invaders,1133860,1138468,34.0
7515,2,space_invaders,1129633,1139185,70.0
7516,2,space_invaders,1135726,1139294,23.0
7517,2,space_invaders,1128648,1139416,71.0
7518,2,space_invaders,1137981,1139549,15.0
7519,2,space_invaders,1126556,1139628,91.0
7520,2,space_invaders,1135961,1139641,23.0
7521,2,space_invaders,1139549,1140157,7.0
7522,2,space_invaders,1137242,1140202,21.0
7523,2,space_invaders,1140202,1140810,7.0
7524,2,space_invaders,1139185,1140913,16.0
7525,2,space_invaders,1136720,1141328,33.0
7526,2,space_invaders,1140810,1141402,7.0
7527,2,space_invaders,1137171,1141459,32.0
7528,2,space_invaders,1139641,1141497,16.0
7529,2,space_invaders,1132885,1141781,68.0
7530,2,space_invaders,1135023,1142159,46.0
7531,2,space_invaders,1141459,1142227,8.0
7532,2,space_invaders,1139628,1142268,23.0
7533,2,space_invaders,1142268,1142860,7.0
7534,2,space_invaders,1133639,1143159,64.0
7535,2,space_invaders,1136459,1143243,44.0
7536,2,space_invaders,1137718,1143734,44.0
7537,2,space_invaders,1138468,1144356,38.0
7538,2,space_invaders,1142159,1144655,22.0
7539,2,space_invaders,1142227,1144707,20.0
7540,2,space_invaders,1136850,1144802,55.0
7541,2,space_invaders,1143159,1145495,21.0
7542,2,space_invaders,1141497,1146073,33.0
7543,2,space_invaders,1140157,1146157,46.0
7544,2,space_invaders,1139294,1146398,45.0
7545,2,space_invaders,1143243,1147035,23.0
7546,2,space_invaders,1140913,1147089,46.0
7547,2,space_invaders,1142860,1147116,37.0
7548,2,space_invaders,1144707,1147187,21.0
7549,2,space_invaders,1141781,1147957,46.0
7550,2,space_invaders,1145495,1148007,21.0
7551,2,space_invaders,1143734,1148038,23.0
7552,2,space_invaders,1146157,1149565,23.0
7553,2,space_invaders,1148038,1149750,16.0
7554,2,space_invaders,1146398,1149886,27.0
7555,2,space_invaders,1147116,1150108,20.0
7556,2,space_invaders,1149565,1150637,13.0
7557,2,space_invaders,1147035,1150699,22.0
7558,2,space_invaders,1146073,1150857,38.0
7559,2,space_invaders,1149886,1150958,13.0
7560,2,space_invaders,1150108,1151180,13.0
7561,2,space_invaders,1144356,1151412,46.0
7562,2,space_invaders,1144802,1151458,53.0
7563,2,space_invaders,1149750,1153238,23.0
7564,2,space_invaders,1141328,1153264,89.0
7565,2,space_invaders,1147187,1153523,56.0
7566,2,space_invaders,1151412,1153924,21.0
7567,2,space_invaders,1148007,1154167,43.0
7568,2,space_invaders,1139416,1154280,93.0
7569,2,space_invaders,1150958,1155534,32.0
7570,2,space_invaders,1144655,1155775,85.0
7571,2,space_invaders,1154167,1155879,16.0
7572,2,space_invaders,1147089,1156241,47.0
7573,2,space_invaders,1141402,1156842,114.0
7574,2,space_invaders,1151180,1157020,41.0
7575,2,space_invaders,1153523,1157299,30.0
7576,2,space_invaders,1150699,1157355,45.0
7577,2,space_invaders,1153924,1158020,23.0
7578,2,space_invaders,1150637,1158461,47.0
7579,2,space_invaders,1150857,1158729,47.0
7580,2,space_invaders,1147957,1158741,67.0
7581,2,space_invaders,1151458,1158962,47.0
7582,2,space_invaders,1155879,1159143,21.0
7583,2,space_invaders,1157355,1159691,15.0
7584,2,space_invaders,1157020,1160012,22.0
7585,2,space_invaders,1158461,1160029,14.0
7586,2,space_invaders,1155534,1160798,38.0
7587,2,space_invaders,1157299,1161091,27.0
7588,2,space_invaders,1153264,1161488,47.0
7589,2,space_invaders,1158741,1161733,22.0
7590,2,space_invaders,1158729,1162137,23.0
7591,2,space_invaders,1154280,1162376,60.0
7592,2,space_invaders,1159691,1163339,23.0
7593,2,space_invaders,1160029,1163805,30.0
7594,2,space_invaders,1161733,1164565,22.0
7595,2,space_invaders,1161488,1165040,23.0
7596,2,space_invaders,1156842,1165114,55.0
7597,2,space_invaders,1160012,1165212,36.0
7598,2,space_invaders,1165040,1165648,7.0
7599,2,space_invaders,1165114,1165706,7.0
7600,2,space_invaders,1156241,1165729,47.0
7601,2,space_invaders,1162376,1166200,23.0
7602,2,space_invaders,1163805,1166477,22.0
7603,2,space_invaders,1165212,1166764,15.0
7604,2,space_invaders,1164565,1167381,22.0
7605,2,space_invaders,1159143,1167479,47.0
7606,2,space_invaders,1160798,1168430,47.0
7607,2,space_invaders,1166200,1169192,22.0
7608,2,space_invaders,1166764,1169260,21.0
7609,2,space_invaders,1158962,1169298,62.0
7610,2,space_invaders,1162137,1169449,45.0
7611,2,space_invaders,1166477,1169757,23.0
7612,2,space_invaders,1155775,1169791,88.0
7613,2,space_invaders,1165648,1169856,23.0
7614,2,space_invaders,1158020,1170260,89.0
7615,2,space_invaders,1165706,1170602,35.0
7616,2,space_invaders,1165729,1170641,23.0
7617,2,space_invaders,1163339,1171003,47.0
7618,2,space_invaders,1153238,1171446,119.0
7619,2,space_invaders,1169298,1171458,18.0
7620,2,space_invaders,1169791,1171471,15.0
7621,2,space_invaders,1167479,1172055,28.0
7622,2,space_invaders,1169449,1172713,23.0
7623,2,space_invaders,1169260,1172732,27.0
7624,2,space_invaders,1169856,1173312,23.0
7625,2,space_invaders,1172713,1173449,9.0
7626,2,space_invaders,1171446,1173478,21.0
7627,2,space_invaders,1172732,1173628,9.0
7628,2,space_invaders,1169192,1173752,36.0
7629,2,space_invaders,1173312,1173920,7.0
7630,2,space_invaders,1167381,1174165,47.0
7631,2,space_invaders,1170602,1174794,23.0
7632,2,space_invaders,1171471,1174895,23.0
7633,2,space_invaders,1170641,1175681,44.0
7634,2,space_invaders,1173478,1176118,23.0
7635,2,space_invaders,1172055,1176151,31.0
7636,2,space_invaders,1171458,1176178,40.0
7637,2,space_invaders,1174794,1176474,15.0
7638,2,space_invaders,1173449,1176857,23.0
7639,2,space_invaders,1171003,1176891,40.0
7640,2,space_invaders,1161091,1176915,95.0
7641,2,space_invaders,1173752,1177048,28.0
7642,2,space_invaders,1170260,1177092,46.0
7643,2,space_invaders,1173920,1177296,23.0
7644,2,space_invaders,1175681,1177713,18.0
7645,2,space_invaders,1174165,1177861,23.0
7646,2,space_invaders,1174895,1178367,32.0
7647,2,space_invaders,1173628,1179004,37.0
7648,2,space_invaders,1178367,1179279,10.0
7649,2,space_invaders,1176178,1179442,23.0
7650,2,space_invaders,1176118,1179462,23.0
7651,2,space_invaders,1176474,1179578,22.0
7652,2,space_invaders,1168430,1179902,78.0
7653,2,space_invaders,1177296,1180448,22.0
7654,2,space_invaders,1177092,1180788,23.0
7655,2,space_invaders,1169757,1181021,71.0
7656,2,space_invaders,1177713,1181025,23.0
7657,2,space_invaders,1176915,1181171,31.0
7658,2,space_invaders,1180788,1181396,7.0
7659,2,space_invaders,1179462,1181990,16.0
7660,2,space_invaders,1177861,1182133,36.0
7661,2,space_invaders,1176151,1182455,41.0
7662,2,space_invaders,1179279,1182895,29.0
7663,2,space_invaders,1181025,1182913,18.0
7664,2,space_invaders,1176891,1183227,45.0
7665,2,space_invaders,1179578,1183530,37.0
7666,2,space_invaders,1181396,1183572,18.0
7667,2,space_invaders,1181171,1183667,22.0
7668,2,space_invaders,1179902,1183694,23.0
7669,2,space_invaders,1181990,1183878,21.0
7670,2,space_invaders,1180448,1184464,22.0
7671,2,space_invaders,1183572,1184484,10.0
7672,2,space_invaders,1179004,1185068,47.0
7673,2,space_invaders,1184484,1185076,7.0
7674,2,space_invaders,1184464,1185200,9.0
7675,2,space_invaders,1183667,1185379,17.0
7676,2,space_invaders,1182455,1185415,23.0
7677,2,space_invaders,1176857,1185641,47.0
7678,2,space_invaders,1182913,1186385,22.0
7679,2,space_invaders,1177048,1186920,56.0
7680,2,space_invaders,1185379,1187075,17.0
7681,2,space_invaders,1181021,1187181,46.0
7682,2,space_invaders,1185641,1187801,20.0
7683,2,space_invaders,1187075,1187827,8.0
7684,2,space_invaders,1186920,1187992,12.0
7685,2,space_invaders,1183878,1188006,36.0
7686,2,space_invaders,1185076,1188372,30.0
7687,2,space_invaders,1185415,1188679,22.0
7688,2,space_invaders,1188372,1188980,6.0
7689,2,space_invaders,1183530,1189514,44.0
7690,2,space_invaders,1182133,1189525,47.0
7691,2,space_invaders,1187181,1189661,21.0
7692,2,space_invaders,1182895,1189679,43.0
7693,2,space_invaders,1179442,1189762,71.0
7694,2,space_invaders,1187992,1189848,17.0
7695,2,space_invaders,1183227,1189899,47.0
7696,2,space_invaders,1185200,1190416,41.0
7697,2,space_invaders,1186385,1190577,23.0
7698,2,space_invaders,1183694,1190878,47.0
7699,2,space_invaders,1190416,1191024,6.0
7700,2,space_invaders,1187801,1191129,23.0
7701,2,space_invaders,1187827,1191139,23.0
7702,2,space_invaders,1185068,1191164,47.0
7703,2,space_invaders,1189525,1191397,20.0
7704,2,space_invaders,1190878,1191614,9.0
7705,2,space_invaders,1188006,1191686,22.0
7706,2,space_invaders,1191397,1192133,9.0
7707,2,space_invaders,1189514,1192826,29.0
7708,2,space_invaders,1189899,1193243,34.0
7709,2,space_invaders,1191129,1193337,17.0
7710,2,space_invaders,1191686,1193574,18.0
7711,2,space_invaders,1191614,1193646,19.0
7712,2,space_invaders,1193243,1194011,9.0
7713,2,space_invaders,1192133,1194149,18.0
7714,2,space_invaders,1189848,1194264,32.0
7715,2,space_invaders,1189762,1194322,37.0
7716,2,space_invaders,1188980,1194548,37.0
7717,2,space_invaders,1191164,1194636,26.0
7718,2,space_invaders,1191139,1194915,30.0
7719,2,space_invaders,1193574,1195302,16.0
7720,2,space_invaders,1194149,1195397,13.0
7721,2,space_invaders,1194636,1195404,9.0
7722,2,space_invaders,1194548,1196116,15.0
7723,2,space_invaders,1193646,1196286,23.0
7724,2,space_invaders,1194264,1196472,22.0
7725,2,space_invaders,1189661,1197181,46.0
7726,2,space_invaders,1194011,1197259,23.0
7727,2,space_invaders,1189679,1197327,47.0
7728,2,space_invaders,1194322,1197586,23.0
7729,2,space_invaders,1191024,1197632,47.0
7730,2,space_invaders,1195302,1198406,23.0
7731,2,space_invaders,1196472,1198520,19.0
7732,2,space_invaders,1196116,1199092,23.0
7733,2,space_invaders,1198520,1199288,9.0
7734,2,space_invaders,1197632,1199344,15.0
7735,2,space_invaders,1196286,1199406,22.0
7736,2,space_invaders,1188679,1199479,71.0
7737,2,space_invaders,1197181,1199533,17.0
7738,2,space_invaders,1198406,1199782,14.0
7739,2,space_invaders,1197586,1199922,14.0
7740,2,space_invaders,1197327,1200959,23.0
7741,2,space_invaders,1199344,1201072,17.0
7742,2,space_invaders,1197259,1201691,36.0
7743,2,space_invaders,1195397,1201909,46.0
7744,2,space_invaders,1193337,1202409,59.0
7745,2,space_invaders,1199092,1202564,25.0
7746,2,space_invaders,1195404,1202732,47.0
7747,2,space_invaders,1199782,1202774,25.0
7748,2,space_invaders,1199288,1202904,23.0
7749,2,space_invaders,1192826,1203530,71.0
7750,2,space_invaders,1203530,1203818,1.0
7751,2,space_invaders,1202774,1203862,13.0
7752,2,space_invaders,1201691,1204203,22.0
7753,2,space_invaders,1202409,1204297,16.0
7754,2,space_invaders,1201909,1204389,21.0
7755,2,space_invaders,1190577,1204417,91.0
7756,2,space_invaders,1199533,1204445,26.0
7757,2,space_invaders,1194915,1204579,71.0
7758,2,space_invaders,1201072,1204688,29.0
7759,2,space_invaders,1200959,1204847,23.0
7760,2,space_invaders,1204445,1205341,11.0
7761,2,space_invaders,1204297,1205865,13.0
7762,2,space_invaders,1199922,1206114,46.0
7763,2,space_invaders,1203862,1206326,19.0
7764,2,space_invaders,1205865,1206601,9.0
7765,2,space_invaders,1202732,1206636,23.0
7766,2,space_invaders,1204847,1207007,21.0
7767,2,space_invaders,1199406,1207646,62.0
7768,2,space_invaders,1204688,1207984,29.0
7769,2,space_invaders,1199479,1208039,64.0
7770,2,space_invaders,1203818,1208074,31.0
7771,2,space_invaders,1204203,1208107,23.0
7772,2,space_invaders,1206636,1208332,16.0
7773,2,space_invaders,1204389,1208341,36.0
7774,2,space_invaders,1204417,1208369,23.0
7775,2,space_invaders,1208074,1208682,7.0
7776,2,space_invaders,1206601,1208921,19.0
7777,2,space_invaders,1208107,1209179,13.0
7778,2,space_invaders,1205341,1209197,23.0
7779,2,space_invaders,1206114,1209266,28.0
7780,2,space_invaders,1208332,1209404,12.0
7781,2,space_invaders,1202564,1209700,52.0
7782,2,space_invaders,1208039,1209895,17.0
7783,2,space_invaders,1209266,1210162,11.0
7784,2,space_invaders,1208921,1210777,18.0
7785,2,space_invaders,1202904,1211272,47.0
7786,2,space_invaders,1207007,1211599,35.0
7787,2,space_invaders,1209404,1211756,15.0
7788,2,space_invaders,1207984,1211760,29.0
7789,2,space_invaders,1208341,1212117,29.0
7790,2,space_invaders,1211756,1212364,7.0
7791,2,space_invaders,1204579,1212515,46.0
7792,2,space_invaders,1212515,1212947,4.0
7793,2,space_invaders,1208682,1213098,30.0
7794,2,space_invaders,1206326,1213574,47.0
7795,2,space_invaders,1209700,1213812,33.0
7796,2,space_invaders,1209895,1213863,23.0
7797,2,space_invaders,1211272,1213928,20.0
7798,2,space_invaders,1209179,1214395,34.0
7799,2,space_invaders,1213863,1214471,7.0
7800,2,space_invaders,1213928,1214520,6.0
7801,2,space_invaders,1214395,1214987,7.0
7802,2,space_invaders,1211760,1215232,23.0
7803,2,space_invaders,1211599,1215551,23.0
7804,2,space_invaders,1214987,1215595,7.0
7805,2,space_invaders,1208369,1215649,45.0
7806,2,space_invaders,1213812,1215700,17.0
7807,2,space_invaders,1212117,1215989,23.0
7808,2,space_invaders,1215595,1216203,7.0
7809,2,space_invaders,1215649,1216257,7.0
7810,2,space_invaders,1209197,1216333,54.0
7811,2,space_invaders,1213574,1217942,22.0
7812,2,space_invaders,1212364,1218076,36.0
7813,2,space_invaders,1215989,1218197,19.0
7814,2,space_invaders,1212947,1218659,43.0
7815,2,space_invaders,1216333,1218701,17.0
7816,2,space_invaders,1214471,1218871,23.0
7817,2,space_invaders,1210162,1218898,63.0
7818,2,space_invaders,1214520,1218968,34.0
7819,2,space_invaders,1207646,1219406,84.0
7820,2,space_invaders,1218701,1220269,12.0
7821,2,space_invaders,1213098,1220394,46.0
7822,2,space_invaders,1218076,1220428,20.0
7823,2,space_invaders,1218898,1220610,15.0
7824,2,space_invaders,1215700,1221252,35.0
7825,2,space_invaders,1218197,1222133,23.0
7826,2,space_invaders,1218968,1222584,29.0
7827,2,space_invaders,1218659,1222867,23.0
7828,2,space_invaders,1215232,1222880,45.0
7829,2,space_invaders,1210777,1222889,71.0
7830,2,space_invaders,1220394,1223498,20.0
7831,2,space_invaders,1220428,1224044,27.0
7832,2,space_invaders,1221252,1224388,22.0
7833,2,space_invaders,1220269,1224605,23.0
7834,2,space_invaders,1219406,1224798,41.0
7835,2,space_invaders,1222133,1225605,27.0
7836,2,space_invaders,1217942,1225830,47.0
7837,2,space_invaders,1222867,1226371,23.0
7838,2,space_invaders,1225605,1226373,7.0
7839,2,space_invaders,1218871,1226487,46.0
7840,2,space_invaders,1222889,1226985,38.0
7841,2,space_invaders,1216257,1227073,83.0
7842,2,space_invaders,1220610,1227202,47.0
7843,2,space_invaders,1222880,1227296,23.0
7844,2,space_invaders,1222584,1227640,44.0
7845,2,space_invaders,1224798,1227902,22.0
7846,2,space_invaders,1224388,1227908,23.0
7847,2,space_invaders,1226373,1228213,18.0
7848,2,space_invaders,1227202,1228274,13.0
7849,2,space_invaders,1216203,1228331,81.0
7850,2,space_invaders,1228274,1229170,11.0
7851,2,space_invaders,1226371,1229171,21.0
7852,2,space_invaders,1228331,1230843,22.0
7853,2,space_invaders,1215551,1231471,111.0
7854,2,space_invaders,1229170,1232146,22.0
7855,2,space_invaders,1229171,1232323,22.0
7856,2,space_invaders,1231471,1232367,10.0
7857,2,space_invaders,1225830,1232614,43.0
7858,2,space_invaders,1224605,1232877,46.0
7859,2,space_invaders,1230843,1233179,22.0
7860,2,space_invaders,1232323,1233235,10.0
7861,2,space_invaders,1224044,1233580,47.0
7862,2,space_invaders,1227296,1234080,42.0
7863,2,space_invaders,1232614,1235126,22.0
7864,2,space_invaders,1233179,1235531,22.0
7865,2,space_invaders,1226487,1235719,64.0
7866,2,space_invaders,1227908,1236516,64.0
7867,2,space_invaders,1223498,1236890,97.0
7868,2,space_invaders,1235531,1237099,18.0
7869,2,space_invaders,1232877,1237293,32.0
7870,2,space_invaders,1236890,1237802,11.0
7871,2,space_invaders,1227640,1238104,68.0
7872,2,space_invaders,1235719,1238215,23.0
7873,2,space_invaders,1236516,1238692,22.0
7874,2,space_invaders,1237293,1239645,22.0
7875,2,space_invaders,1226985,1239689,88.0
7876,2,space_invaders,1227073,1241073,93.0
7877,2,space_invaders,1237802,1241098,23.0
7878,2,space_invaders,1239645,1241341,14.0
7879,2,space_invaders,1232367,1241567,72.0
7880,2,space_invaders,1238215,1241687,23.0
7881,2,space_invaders,1234080,1241696,55.0
7882,2,space_invaders,1238104,1241784,22.0
7883,2,space_invaders,1232146,1242018,70.0
7884,2,space_invaders,1239689,1242201,22.0
7885,2,space_invaders,1238692,1242628,22.0
7886,2,space_invaders,1233235,1242739,69.0
7887,2,space_invaders,1242628,1243396,9.0
7888,2,space_invaders,1237099,1244107,46.0
7889,2,space_invaders,1227902,1244478,118.0
7890,2,space_invaders,1242201,1244553,22.0
7891,2,space_invaders,1241341,1244605,23.0
7892,2,space_invaders,1243396,1244964,15.0
7893,2,space_invaders,1241073,1245121,23.0
7894,2,space_invaders,1242018,1245122,22.0
7895,2,space_invaders,1241687,1245319,26.0
7896,2,space_invaders,1241784,1245384,23.0
7897,2,space_invaders,1228213,1245461,129.0
7898,2,space_invaders,1241567,1245695,23.0
7899,2,space_invaders,1244605,1246157,14.0
7900,2,space_invaders,1242739,1246851,31.0
7901,2,space_invaders,1245319,1247031,16.0
7902,2,space_invaders,1244553,1247049,22.0
7903,2,space_invaders,1241098,1247514,47.0
7904,2,space_invaders,1245695,1247567,16.0
7905,2,space_invaders,1233580,1247836,95.0
7906,2,space_invaders,1244107,1247995,23.0
7907,2,space_invaders,1245384,1248216,22.0
7908,2,space_invaders,1247514,1248250,8.0
7909,2,space_invaders,1245122,1248706,22.0
7910,2,space_invaders,1248216,1250408,22.0
7911,2,space_invaders,1245121,1250513,44.0
7912,2,space_invaders,1246851,1250627,28.0
7913,2,space_invaders,1248706,1251346,23.0
7914,2,space_invaders,1250627,1251523,11.0
7915,2,space_invaders,1245461,1252165,47.0
7916,2,space_invaders,1248250,1252218,34.0
7917,2,space_invaders,1247995,1252571,34.0
7918,2,space_invaders,1247031,1252583,44.0
7919,2,space_invaders,1235126,1252662,133.0
7920,2,space_invaders,1247049,1252889,45.0
7921,2,space_invaders,1250408,1252920,21.0
7922,2,space_invaders,1252165,1253093,11.0
7923,2,space_invaders,1252662,1253286,6.0
7924,2,space_invaders,1252571,1253323,9.0
7925,2,space_invaders,1252583,1253527,10.0
7926,2,space_invaders,1252920,1253656,9.0
7927,2,space_invaders,1247567,1253743,47.0
7928,2,space_invaders,1252889,1253785,10.0
7929,2,space_invaders,1253093,1253829,9.0
7930,2,space_invaders,1252218,1253898,17.0
7931,2,space_invaders,1253286,1254038,9.0
7932,2,space_invaders,1253323,1254235,10.0
7933,2,space_invaders,1253656,1254440,9.0
7934,2,space_invaders,1244478,1254478,70.0
7935,2,space_invaders,1250513,1254481,32.0
7936,2,space_invaders,1251523,1254499,23.0
7937,2,space_invaders,1253743,1254655,11.0
7938,2,space_invaders,1253898,1254666,9.0
7939,2,space_invaders,1251346,1254802,23.0
7940,2,space_invaders,1254235,1255003,8.0
7941,2,space_invaders,1254440,1255192,9.0
7942,2,space_invaders,1253527,1255207,16.0
7943,2,space_invaders,1254655,1255407,9.0
7944,2,space_invaders,1255192,1255944,9.0
7945,2,space_invaders,1253785,1255961,22.0
7946,2,space_invaders,1244964,1256516,70.0
7947,2,space_invaders,1246157,1256589,72.0
7948,2,space_invaders,1254478,1257598,23.0
7949,2,space_invaders,1254666,1257658,24.0
7950,2,space_invaders,1255961,1258313,22.0
7951,2,space_invaders,1255003,1258427,23.0
7952,2,space_invaders,1255207,1258663,22.0
7953,2,space_invaders,1255407,1258927,23.0
7954,2,space_invaders,1254481,1259537,36.0
7955,2,space_invaders,1256516,1259636,22.0
7956,2,space_invaders,1255944,1259912,23.0
7957,2,space_invaders,1241696,1260032,128.0
7958,2,space_invaders,1254038,1260038,46.0
7959,2,space_invaders,1253829,1260117,44.0
7960,2,space_invaders,1258927,1260783,16.0
7961,2,space_invaders,1247836,1261212,95.0
7962,2,space_invaders,1259537,1261537,18.0
7963,2,space_invaders,1260117,1261685,14.0
7964,2,space_invaders,1259636,1261844,16.0
7965,2,space_invaders,1259912,1262088,18.0
7966,2,space_invaders,1260038,1262246,20.0
7967,2,space_invaders,1258313,1262425,36.0
7968,2,space_invaders,1254499,1262451,58.0
7969,2,space_invaders,1260783,1262639,16.0
7970,2,space_invaders,1257658,1262714,39.0
7971,2,space_invaders,1262451,1263219,9.0
7972,2,space_invaders,1261685,1263365,16.0
7973,2,space_invaders,1260032,1263392,23.0
7974,2,space_invaders,1257598,1263422,42.0
7975,2,space_invaders,1261844,1263556,13.0
7976,2,space_invaders,1256589,1263677,47.0
7977,2,space_invaders,1258427,1263835,39.0
7978,2,space_invaders,1263422,1264206,9.0
7979,2,space_invaders,1261212,1264828,30.0
7980,2,space_invaders,1262425,1265097,22.0
7981,2,space_invaders,1261537,1265649,31.0
7982,2,space_invaders,1262246,1265718,23.0
7983,2,space_invaders,1262714,1265978,17.0
7984,2,space_invaders,1263365,1266005,22.0
7985,2,space_invaders,1254802,1266258,85.0
7986,2,space_invaders,1264206,1266718,23.0
7987,2,space_invaders,1263392,1266864,27.0
7988,2,space_invaders,1258663,1266919,47.0
7989,2,space_invaders,1263556,1267476,23.0
7990,2,space_invaders,1265718,1267574,16.0
7991,2,space_invaders,1265978,1267834,15.0
7992,2,space_invaders,1263677,1267933,37.0
7993,2,space_invaders,1265649,1267969,23.0
7994,2,space_invaders,1266005,1268309,19.0
7995,2,space_invaders,1263219,1268451,40.0
7996,2,space_invaders,1265097,1269161,23.0
7997,2,space_invaders,1266864,1269232,21.0
7998,2,space_invaders,1262088,1269608,47.0
7999,2,space_invaders,1266258,1269842,23.0
8000,2,space_invaders,1263835,1269947,47.0
8001,2,space_invaders,1262639,1270207,46.0
8002,2,space_invaders,1268451,1270947,23.0
8003,2,space_invaders,1267933,1271037,23.0
8004,2,space_invaders,1267834,1271594,23.0
8005,2,space_invaders,1267476,1271732,23.0
8006,2,space_invaders,1270207,1272047,14.0
8007,2,space_invaders,1269161,1272137,23.0
8008,2,space_invaders,1268309,1272213,23.0
8009,2,space_invaders,1266718,1272430,41.0
8010,2,space_invaders,1269232,1272576,23.0
8011,2,space_invaders,1266919,1273575,53.0
8012,2,space_invaders,1264828,1273580,53.0
8013,2,space_invaders,1269842,1273938,30.0
8014,2,space_invaders,1269947,1274827,35.0
8015,2,space_invaders,1271037,1275165,26.0
8016,2,space_invaders,1273575,1275303,14.0
8017,2,space_invaders,1273938,1275506,15.0
8018,2,space_invaders,1272047,1275647,23.0
8019,2,space_invaders,1274827,1275739,11.0
8020,2,space_invaders,1267969,1276049,47.0
8021,2,space_invaders,1272213,1276101,23.0
8022,2,space_invaders,1273580,1276972,25.0
8023,2,space_invaders,1275165,1277837,23.0
8024,2,space_invaders,1272137,1278137,46.0
8025,2,space_invaders,1269608,1278440,47.0
8026,2,space_invaders,1276049,1278705,21.0
8027,2,space_invaders,1275506,1278818,22.0
8028,2,space_invaders,1275303,1279047,23.0
8029,2,space_invaders,1276101,1279381,23.0
8030,2,space_invaders,1272430,1279406,53.0
8031,2,space_invaders,1276972,1279644,22.0
8032,2,space_invaders,1278137,1279721,13.0
8033,2,space_invaders,1275647,1279807,23.0
8034,2,space_invaders,1271732,1280164,66.0
8035,2,space_invaders,1279721,1280633,11.0
8036,2,space_invaders,1280164,1281060,11.0
8037,2,space_invaders,1279381,1281093,18.0
8038,2,space_invaders,1277837,1281485,23.0
8039,2,space_invaders,1280633,1282185,12.0
8040,2,space_invaders,1271594,1282250,80.0
8041,2,space_invaders,1281485,1282381,11.0
8042,2,space_invaders,1267574,1282550,105.0
8043,2,space_invaders,1278818,1282818,23.0
8044,2,space_invaders,1279644,1283084,23.0
8045,2,space_invaders,1279406,1283518,31.0
8046,2,space_invaders,1278705,1283761,34.0
8047,2,space_invaders,1282381,1283933,13.0
8048,2,space_invaders,1270947,1284147,93.0
8049,2,space_invaders,1283761,1284673,11.0
8050,2,space_invaders,1283933,1284845,11.0
8051,2,space_invaders,1278440,1285736,47.0
8052,2,space_invaders,1279047,1285847,46.0
8053,2,space_invaders,1282250,1285866,29.0
8054,2,space_invaders,1279807,1285983,46.0
8055,2,space_invaders,1272576,1286128,95.0
8056,2,space_invaders,1283518,1286318,23.0
8057,2,space_invaders,1282818,1286354,23.0
8058,2,space_invaders,1282550,1286502,26.0
8059,2,space_invaders,1275739,1286971,71.0
8060,2,space_invaders,1281060,1287092,43.0
8061,2,space_invaders,1284147,1287283,30.0
8062,2,space_invaders,1285866,1287450,14.0
8063,2,space_invaders,1286502,1287606,13.0
8064,2,space_invaders,1286128,1288432,21.0
8065,2,space_invaders,1285736,1288568,23.0
8066,2,space_invaders,1282185,1288681,56.0
8067,2,space_invaders,1284673,1288785,37.0
8068,2,space_invaders,1284845,1288957,35.0
8069,2,space_invaders,1286971,1289179,21.0
8070,2,space_invaders,1285983,1289439,23.0
8071,2,space_invaders,1288785,1289521,9.0
8072,2,space_invaders,1287450,1289946,22.0
8073,2,space_invaders,1286354,1290082,23.0
8074,2,space_invaders,1283084,1290348,46.0
8075,2,space_invaders,1288432,1290784,23.0
8076,2,space_invaders,1281093,1290949,71.0
8077,2,space_invaders,1287606,1291078,25.0
8078,2,space_invaders,1289521,1291409,17.0
8079,2,space_invaders,1290949,1291845,11.0
8080,2,space_invaders,1289946,1292298,23.0
8081,2,space_invaders,1289179,1292587,23.0
8082,2,space_invaders,1289439,1292895,23.0
8083,2,space_invaders,1290784,1293136,22.0
8084,2,space_invaders,1290348,1293164,22.0
8085,2,space_invaders,1292298,1293866,15.0
8086,2,space_invaders,1287092,1294004,48.0
8087,2,space_invaders,1292895,1294479,14.0
8088,2,space_invaders,1288568,1294504,47.0
8089,2,space_invaders,1291078,1294854,23.0
8090,2,space_invaders,1294004,1294900,11.0
8091,2,space_invaders,1294504,1295096,7.0
8092,2,space_invaders,1286318,1295662,70.0
8093,2,space_invaders,1288681,1296313,47.0
8094,2,space_invaders,1287283,1296339,70.0
8095,2,space_invaders,1294854,1296550,16.0
8096,2,space_invaders,1285847,1296775,71.0
8097,2,space_invaders,1293164,1296940,23.0
8098,2,space_invaders,1291409,1297137,42.0
8099,2,space_invaders,1292587,1297195,35.0
8100,2,space_invaders,1293866,1297482,22.0
8101,2,space_invaders,1291845,1297861,38.0
8102,2,space_invaders,1294479,1298831,22.0
8103,2,space_invaders,1296940,1299404,20.0
8104,2,space_invaders,1296313,1299833,23.0
8105,2,space_invaders,1297137,1299937,21.0
8106,2,space_invaders,1296550,1300070,23.0
8107,2,space_invaders,1298831,1301503,22.0
8108,2,space_invaders,1299404,1303036,24.0
8109,2,space_invaders,1299937,1303249,25.0
8110,2,space_invaders,1295662,1303454,46.0
8111,2,space_invaders,1296339,1303715,47.0
8112,2,space_invaders,1297482,1303802,45.0
8113,2,space_invaders,1296775,1304247,55.0
8114,2,space_invaders,1290082,1304322,95.0
8115,2,space_invaders,1297861,1304341,41.0
8116,2,space_invaders,1304247,1304855,7.0
8117,2,space_invaders,1301503,1305183,23.0
8118,2,space_invaders,1293136,1305264,70.0
8119,2,space_invaders,1288957,1306061,119.0
8120,2,space_invaders,1304341,1307333,22.0
8121,2,space_invaders,1299833,1307401,47.0
8122,2,space_invaders,1303454,1307534,22.0
8123,2,space_invaders,1303036,1307788,35.0
8124,2,space_invaders,1307534,1308142,7.0
8125,2,space_invaders,1305183,1308623,23.0
8126,2,space_invaders,1304855,1309111,23.0
8127,2,space_invaders,1303249,1309121,45.0
8128,2,space_invaders,1306061,1309549,23.0
8129,2,space_invaders,1305264,1309856,39.0
8130,2,space_invaders,1307333,1310773,22.0
8131,2,space_invaders,1308142,1311294,29.0
8132,2,space_invaders,1303715,1311507,61.0
8133,2,space_invaders,1295096,1311672,118.0
8134,2,space_invaders,1304322,1312818,47.0
8135,2,space_invaders,1297195,1313035,95.0
8136,2,space_invaders,1309549,1313341,23.0
8137,2,space_invaders,1309111,1313703,38.0
8138,2,space_invaders,1303802,1314778,71.0
8139,2,space_invaders,1313703,1314935,12.0
8140,2,space_invaders,1309121,1315777,47.0
8141,2,space_invaders,1308623,1315887,47.0
8142,2,space_invaders,1313035,1316027,25.0
8143,2,space_invaders,1312818,1316418,23.0
8144,2,space_invaders,1313341,1316589,23.0
8145,2,space_invaders,1311672,1317544,47.0
8146,2,space_invaders,1294900,1317828,143.0
8147,2,space_invaders,1300070,1318518,138.0
8148,2,space_invaders,1307401,1318633,71.0
8149,2,space_invaders,1314935,1318839,23.0
8150,2,space_invaders,1314778,1319034,23.0
8151,2,space_invaders,1309856,1319088,70.0
8152,2,space_invaders,1311294,1319166,45.0
8153,2,space_invaders,1307788,1319260,73.0
8154,2,space_invaders,1310773,1319365,61.0
8155,2,space_invaders,1318518,1319430,9.0
8156,2,space_invaders,1315887,1320159,28.0
8157,2,space_invaders,1320159,1321071,10.0
8158,2,space_invaders,1316027,1321243,42.0
8159,2,space_invaders,1319088,1322048,23.0
8160,2,space_invaders,1318633,1322249,23.0
8161,2,space_invaders,1319166,1322782,23.0
8162,2,space_invaders,1318839,1324199,40.0
8163,2,space_invaders,1317828,1324340,45.0
8164,2,space_invaders,1319034,1325082,36.0
8165,2,space_invaders,1322048,1325824,28.0
8166,2,space_invaders,1311507,1325971,94.0
8167,2,space_invaders,1324340,1326036,15.0
8168,2,space_invaders,1316589,1326317,65.0
8169,2,space_invaders,1324199,1326519,18.0
8170,2,space_invaders,1315777,1326689,71.0
8171,2,space_invaders,1321243,1326971,36.0
8172,2,space_invaders,1319260,1327500,57.0
8173,2,space_invaders,1316418,1327554,85.0
8174,2,space_invaders,1322249,1327641,37.0
8175,2,space_invaders,1327641,1328249,7.0
8176,2,space_invaders,1322782,1329246,45.0
8177,2,space_invaders,1326689,1329489,21.0
8178,2,space_invaders,1319430,1329622,73.0
8179,2,space_invaders,1326317,1329709,25.0
8180,2,space_invaders,1325971,1329747,22.0
8181,2,space_invaders,1326036,1330468,32.0
8182,2,space_invaders,1325082,1330490,39.0
8183,2,space_invaders,1321071,1330895,71.0
8184,2,space_invaders,1330895,1332447,14.0
8185,2,space_invaders,1325824,1332448,45.0
8186,2,space_invaders,1329489,1332721,24.0
8187,2,space_invaders,1330490,1333002,23.0
8188,2,space_invaders,1329747,1333155,23.0
8189,2,space_invaders,1329622,1333286,23.0
8190,2,space_invaders,1326519,1333479,43.0
8191,2,space_invaders,1326971,1333979,47.0
8192,2,space_invaders,1329246,1334174,36.0
8193,2,space_invaders,1327554,1334194,46.0
8194,2,space_invaders,1334174,1334782,7.0
8195,2,space_invaders,1319365,1335221,95.0
8196,2,space_invaders,1333286,1335638,22.0
8197,2,space_invaders,1335221,1335829,7.0
8198,2,space_invaders,1332447,1335919,23.0
8199,2,space_invaders,1328249,1336009,47.0
8200,2,space_invaders,1332721,1336289,23.0
8201,2,space_invaders,1329709,1336573,47.0
8202,2,space_invaders,1333002,1336714,24.0
8203,2,space_invaders,1333479,1336759,23.0
8204,2,space_invaders,1336759,1337527,9.0
8205,2,space_invaders,1333979,1338363,23.0
8206,2,space_invaders,1332448,1338464,42.0
8207,2,space_invaders,1335829,1338805,22.0
8208,2,space_invaders,1336009,1338825,22.0
8209,2,space_invaders,1338464,1339072,7.0
8210,2,space_invaders,1334782,1339982,36.0
8211,2,space_invaders,1339072,1339984,10.0
8212,2,space_invaders,1336714,1340458,23.0
8213,2,space_invaders,1317544,1340536,143.0
8214,2,space_invaders,1335638,1340694,37.0
8215,2,space_invaders,1338805,1341477,22.0
8216,2,space_invaders,1327500,1341500,117.0
8217,2,space_invaders,1337527,1341623,22.0
8218,2,space_invaders,1338363,1341739,23.0
8219,2,space_invaders,1338825,1342377,24.0
8220,2,space_invaders,1339982,1342622,22.0
8221,2,space_invaders,1340458,1342666,19.0
8222,2,space_invaders,1336289,1342769,46.0
8223,2,space_invaders,1330468,1343188,94.0
8224,2,space_invaders,1333155,1344051,71.0
8225,2,space_invaders,1341500,1344636,30.0
8226,2,space_invaders,1335919,1345583,68.0
8227,2,space_invaders,1342769,1345601,23.0
8228,2,space_invaders,1342666,1345802,23.0
8229,2,space_invaders,1336573,1346557,67.0
8230,2,space_invaders,1340694,1347542,47.0
8231,2,space_invaders,1341623,1347799,46.0
8232,2,space_invaders,1334194,1348402,95.0
8233,2,space_invaders,1341477,1348869,47.0
8234,2,space_invaders,1342377,1348873,53.0
8235,2,space_invaders,1339984,1348896,67.0
8236,2,space_invaders,1345802,1348922,23.0
8237,2,space_invaders,1347542,1348934,14.0
8238,2,space_invaders,1346557,1350525,28.0
8239,2,space_invaders,1343188,1350836,51.0
8240,2,space_invaders,1344051,1351603,48.0
8241,2,space_invaders,1340536,1351672,66.0
8242,2,space_invaders,1348873,1352201,23.0
8243,2,space_invaders,1348896,1352272,23.0
8244,2,space_invaders,1348869,1352277,23.0
8245,2,space_invaders,1348934,1352614,23.0
8246,2,space_invaders,1345601,1352625,47.0
8247,2,space_invaders,1345583,1353007,46.0
8248,2,space_invaders,1344636,1353388,73.0
8249,2,space_invaders,1350836,1353972,22.0
8250,2,space_invaders,1347799,1354791,59.0
8251,2,space_invaders,1352625,1355137,22.0
8252,2,space_invaders,1342622,1355166,91.0
8253,2,space_invaders,1348922,1355418,46.0
8254,2,space_invaders,1341739,1355771,97.0
8255,2,space_invaders,1350525,1355901,44.0
8256,2,space_invaders,1355418,1356330,10.0
8257,2,space_invaders,1353007,1356367,23.0
8258,2,space_invaders,1355166,1356910,16.0
8259,2,space_invaders,1352272,1357184,35.0
8260,2,space_invaders,1353972,1357460,23.0
8261,2,space_invaders,1352201,1357737,40.0
8262,2,space_invaders,1352277,1357973,46.0
8263,2,space_invaders,1353388,1358924,41.0
8264,2,space_invaders,1357460,1359172,15.0
8265,2,space_invaders,1357737,1359289,11.0
8266,2,space_invaders,1356330,1359642,22.0
8267,2,space_invaders,1348402,1360034,97.0
8268,2,space_invaders,1359289,1360201,11.0
8269,2,space_invaders,1356367,1361615,40.0
8270,2,space_invaders,1359172,1363044,24.0
8271,2,space_invaders,1358924,1363356,31.0
8272,2,space_invaders,1352614,1363862,71.0
8273,2,space_invaders,1360201,1364441,36.0
8274,2,space_invaders,1355137,1364993,80.0
8275,2,space_invaders,1356910,1365038,47.0
8276,2,space_invaders,1364993,1365425,5.0
8277,2,space_invaders,1360034,1365426,37.0
8278,2,space_invaders,1357184,1365600,47.0
8279,2,space_invaders,1363044,1365716,20.0
8280,2,space_invaders,1361615,1365871,31.0
8281,2,space_invaders,1365600,1366224,7.0
8282,2,space_invaders,1354791,1366583,71.0
8283,2,space_invaders,1355901,1366653,71.0
8284,2,space_invaders,1355771,1367115,70.0
8285,2,space_invaders,1366583,1367191,7.0
8286,2,space_invaders,1366653,1367245,7.0
8287,2,space_invaders,1365871,1367743,15.0
8288,2,space_invaders,1351672,1367816,119.0
8289,2,space_invaders,1367245,1367997,8.0
8290,2,space_invaders,1351603,1368195,119.0
8291,2,space_invaders,1365716,1369076,23.0
8292,2,space_invaders,1366224,1369216,22.0
8293,2,space_invaders,1365038,1369230,22.0
8294,2,space_invaders,1359642,1369530,71.0
8295,2,space_invaders,1367191,1369863,17.0
8296,2,space_invaders,1363862,1370726,47.0
8297,2,space_invaders,1367816,1370952,21.0
8298,2,space_invaders,1367115,1371115,23.0
8299,2,space_invaders,1363356,1371132,47.0
8300,2,space_invaders,1368195,1371443,23.0
8301,2,space_invaders,1365425,1371457,48.0
8302,2,space_invaders,1367997,1371693,23.0
8303,2,space_invaders,1367743,1371695,23.0
8304,2,space_invaders,1364441,1372377,58.0
8305,2,space_invaders,1369530,1372378,18.0
8306,2,space_invaders,1371115,1373483,16.0
8307,2,space_invaders,1371695,1374511,22.0
8308,2,space_invaders,1365426,1374626,69.0
8309,2,space_invaders,1357973,1374693,119.0
8310,2,space_invaders,1370726,1375302,35.0
8311,2,space_invaders,1374693,1375445,9.0
8312,2,space_invaders,1369076,1376132,47.0
8313,2,space_invaders,1374511,1376223,16.0
8314,2,space_invaders,1371443,1376659,36.0
8315,2,space_invaders,1371693,1376765,40.0
8316,2,space_invaders,1375302,1377014,15.0
8317,2,space_invaders,1369216,1377136,60.0
8318,2,space_invaders,1369230,1377518,58.0
8319,2,space_invaders,1370952,1377592,46.0
8320,2,space_invaders,1375445,1377941,21.0
8321,2,space_invaders,1377592,1378200,7.0
8322,2,space_invaders,1376659,1378227,15.0
8323,2,space_invaders,1372378,1378250,45.0
8324,2,space_invaders,1373483,1378875,43.0
8325,2,space_invaders,1369863,1378887,67.0
8326,2,space_invaders,1377014,1379062,19.0
8327,2,space_invaders,1371132,1379068,64.0
8328,2,space_invaders,1377518,1379214,16.0
8329,2,space_invaders,1376765,1380237,29.0
8330,2,space_invaders,1379062,1380630,13.0
8331,2,space_invaders,1378875,1381083,18.0
8332,2,space_invaders,1371457,1381121,71.0
8333,2,space_invaders,1376223,1381263,37.0
8334,2,space_invaders,1378200,1381816,29.0
8335,2,space_invaders,1377136,1381856,35.0
8336,2,space_invaders,1376132,1382628,47.0
8337,2,space_invaders,1374626,1382674,47.0
8338,2,space_invaders,1379068,1383164,35.0
8339,2,space_invaders,1377941,1383317,45.0
8340,2,space_invaders,1378887,1383623,36.0
8341,2,space_invaders,1381856,1384064,19.0
8342,2,space_invaders,1382628,1384356,18.0
8343,2,space_invaders,1372377,1384649,99.0
8344,2,space_invaders,1378250,1384762,51.0
8345,2,space_invaders,1381083,1384939,23.0
8346,2,space_invaders,1378227,1385027,59.0
8347,2,space_invaders,1381816,1385400,23.0
8348,2,space_invaders,1384939,1385675,9.0
8349,2,space_invaders,1379214,1386414,47.0
8350,2,space_invaders,1380630,1386502,47.0
8351,2,space_invaders,1384356,1386564,21.0
8352,2,space_invaders,1385027,1386723,16.0
8353,2,space_invaders,1386564,1387172,7.0
8354,2,space_invaders,1383164,1387260,28.0
8355,2,space_invaders,1381263,1387583,45.0
8356,2,space_invaders,1384064,1387600,23.0
8357,2,space_invaders,1386414,1387982,14.0
8358,2,space_invaders,1385400,1388360,22.0
8359,2,space_invaders,1381121,1388385,47.0
8360,2,space_invaders,1383623,1388391,40.0
8361,2,space_invaders,1382674,1389522,47.0
8362,2,space_invaders,1387172,1390420,23.0
8363,2,space_invaders,1386723,1391443,34.0
8364,2,space_invaders,1387260,1391692,32.0
8365,2,space_invaders,1390420,1392132,13.0
8366,2,space_invaders,1388391,1392535,30.0
8367,2,space_invaders,1392132,1392564,5.0
8368,2,space_invaders,1384762,1393018,62.0
8369,2,space_invaders,1380237,1393613,95.0
8370,2,space_invaders,1387600,1394208,47.0
8371,2,space_invaders,1391443,1395075,23.0
8372,2,space_invaders,1389522,1395090,37.0
8373,2,space_invaders,1388360,1395480,46.0
8374,2,space_invaders,1391692,1395532,23.0
8375,2,space_invaders,1387982,1396734,62.0
8376,2,space_invaders,1387583,1397279,71.0
8377,2,space_invaders,1385675,1397435,83.0
8378,2,space_invaders,1386502,1397622,95.0
8379,2,space_invaders,1395075,1397907,22.0
8380,2,space_invaders,1383317,1398613,114.0
8381,2,space_invaders,1393613,1398701,37.0
8382,2,space_invaders,1393018,1399498,45.0
8383,2,space_invaders,1384649,1400281,123.0
8384,2,space_invaders,1398613,1400485,17.0
8385,2,space_invaders,1395090,1400642,37.0
8386,2,space_invaders,1395480,1400728,37.0
8387,2,space_invaders,1400728,1401160,5.0
8388,2,space_invaders,1397279,1401375,29.0
8389,2,space_invaders,1394208,1401472,47.0
8390,2,space_invaders,1398701,1401501,22.0
8391,2,space_invaders,1397435,1401611,23.0
8392,2,space_invaders,1388385,1402545,95.0
8393,2,space_invaders,1395532,1402828,47.0
8394,2,space_invaders,1396734,1402878,46.0
8395,2,space_invaders,1392535,1403895,71.0
8396,2,space_invaders,1401160,1404152,23.0
8397,2,space_invaders,1397907,1404243,46.0
8398,2,space_invaders,1392564,1404340,89.0
8399,2,space_invaders,1400642,1404386,23.0
8400,2,space_invaders,1399498,1404426,39.0
8401,2,space_invaders,1401611,1404923,28.0
8402,2,space_invaders,1402828,1405340,22.0
8403,2,space_invaders,1405340,1405628,3.0
8404,2,space_invaders,1401472,1405776,33.0
8405,2,space_invaders,1405628,1406060,5.0
8406,2,space_invaders,1397622,1406246,46.0
8407,2,space_invaders,1405776,1406368,7.0
8408,2,space_invaders,1404152,1407464,23.0
8409,2,space_invaders,1401375,1407567,48.0
8410,2,space_invaders,1404243,1407875,31.0
8411,2,space_invaders,1404386,1408018,25.0
8412,2,space_invaders,1407875,1408163,3.0
8413,2,space_invaders,1403895,1408311,33.0
8414,2,space_invaders,1404923,1408395,24.0
8415,2,space_invaders,1402545,1408417,46.0
8416,2,space_invaders,1408018,1408450,4.0
8417,2,space_invaders,1408311,1408599,3.0
8418,2,space_invaders,1408395,1408683,3.0
8419,2,space_invaders,1408450,1408738,3.0
8420,2,space_invaders,1406246,1408758,23.0
8421,2,space_invaders,1408683,1409147,5.0
8422,2,space_invaders,1408738,1409202,5.0
8423,2,space_invaders,1400485,1409205,65.0
8424,2,space_invaders,1409205,1409493,3.0
8425,2,space_invaders,1409147,1409771,7.0
8426,2,space_invaders,1407567,1409887,20.0
8427,2,space_invaders,1409493,1409925,4.0
8428,2,space_invaders,1407464,1410088,20.0
8429,2,space_invaders,1408599,1410151,12.0
8430,2,space_invaders,1404340,1410212,47.0
8431,2,space_invaders,1406060,1410300,37.0
8432,2,space_invaders,1408417,1411729,23.0
8433,2,space_invaders,1408163,1411875,23.0
8434,2,space_invaders,1406368,1411904,45.0
8435,2,space_invaders,1409925,1412261,22.0
8436,2,space_invaders,1411729,1412321,7.0
8437,2,space_invaders,1409887,1412399,19.0
8438,2,space_invaders,1402878,1412798,70.0
8439,2,space_invaders,1409202,1412962,23.0
8440,2,space_invaders,1410151,1413751,23.0
8441,2,space_invaders,1410212,1413796,23.0
8442,2,space_invaders,1411904,1413920,18.0
8443,2,space_invaders,1412399,1413967,14.0
8444,2,space_invaders,1410300,1414716,30.0
8445,2,space_invaders,1408758,1416246,47.0
8446,2,space_invaders,1413967,1416335,22.0
8447,2,space_invaders,1411875,1416451,30.0
8448,2,space_invaders,1401501,1416621,116.0
8449,2,space_invaders,1410088,1417464,47.0
8450,2,space_invaders,1412798,1417886,39.0
8451,2,space_invaders,1400281,1418633,121.0
8452,2,space_invaders,1416246,1419862,29.0
8453,2,space_invaders,1409771,1419963,76.0
8454,2,space_invaders,1412261,1420101,47.0
8455,2,space_invaders,1413796,1420724,47.0
8456,2,space_invaders,1420101,1420853,9.0
8457,2,space_invaders,1413751,1420999,47.0
8458,2,space_invaders,1416451,1421043,38.0
8459,2,space_invaders,1404426,1421162,132.0
8460,2,space_invaders,1417464,1421240,23.0
8461,2,space_invaders,1413920,1421376,51.0
8462,2,space_invaders,1420999,1421927,10.0
8463,2,space_invaders,1421376,1421984,7.0
8464,2,space_invaders,1416335,1422463,46.0
8465,2,space_invaders,1414716,1423004,61.0
8466,2,space_invaders,1421043,1423699,23.0
8467,2,space_invaders,1419862,1423974,38.0
8468,2,space_invaders,1412962,1424306,70.0
8469,2,space_invaders,1421240,1424696,30.0
8470,2,space_invaders,1420853,1425125,33.0
8471,2,space_invaders,1423004,1425324,21.0
8472,2,space_invaders,1421927,1425703,29.0
8473,2,space_invaders,1416621,1425885,70.0
8474,2,space_invaders,1424696,1426392,16.0
8475,2,space_invaders,1420724,1426596,47.0
8476,2,space_invaders,1421984,1426880,45.0
8477,2,space_invaders,1412321,1427009,110.0
8478,2,space_invaders,1421162,1427018,47.0
8479,2,space_invaders,1417886,1428414,71.0
8480,2,space_invaders,1419963,1429019,71.0
8481,2,space_invaders,1422463,1429151,47.0
8482,2,space_invaders,1425885,1429709,23.0
8483,2,space_invaders,1425703,1429815,23.0
8484,2,space_invaders,1425324,1429900,35.0
8485,2,space_invaders,1429815,1430423,7.0
8486,2,space_invaders,1423974,1430710,47.0
8487,2,space_invaders,1430710,1431622,11.0
8488,2,space_invaders,1418633,1432505,103.0
8489,2,space_invaders,1425125,1432597,53.0
8490,2,space_invaders,1429900,1432732,22.0
8491,2,space_invaders,1431622,1433350,17.0
8492,2,space_invaders,1424306,1434162,71.0
8493,2,space_invaders,1426392,1434232,47.0
8494,2,space_invaders,1426880,1434256,47.0
8495,2,space_invaders,1427018,1434330,47.0
8496,2,space_invaders,1423699,1434403,71.0
8497,2,space_invaders,1429151,1434527,44.0
8498,2,space_invaders,1429709,1434621,38.0
8499,2,space_invaders,1429019,1435179,42.0
8500,2,space_invaders,1433350,1435206,15.0
8501,2,space_invaders,1426596,1435220,59.0
8502,2,space_invaders,1432732,1435532,22.0
8503,2,space_invaders,1435206,1436134,10.0
8504,2,space_invaders,1432505,1437401,39.0
8505,2,space_invaders,1428414,1437950,62.0
8506,2,space_invaders,1436134,1438134,15.0
8507,2,space_invaders,1434621,1438189,23.0
8508,2,space_invaders,1430423,1438503,59.0
8509,2,space_invaders,1434330,1438586,31.0
8510,2,space_invaders,1435532,1439212,23.0
8511,2,space_invaders,1434162,1439538,39.0
8512,2,space_invaders,1427009,1440097,101.0
8513,2,space_invaders,1434232,1440104,44.0
8514,2,space_invaders,1432597,1440389,60.0
8515,2,space_invaders,1438189,1440861,23.0
8516,2,space_invaders,1438586,1441098,23.0
8517,2,space_invaders,1438134,1441382,23.0
8518,2,space_invaders,1435220,1441700,46.0
8519,2,space_invaders,1441382,1441990,7.0
8520,2,space_invaders,1438503,1442295,24.0
8521,2,space_invaders,1437950,1442382,33.0
8522,2,space_invaders,1437401,1443257,46.0
8523,2,space_invaders,1441098,1443466,21.0
8524,2,space_invaders,1434403,1443811,75.0
8525,2,space_invaders,1434256,1444224,71.0
8526,2,space_invaders,1440104,1444680,30.0
8527,2,space_invaders,1435179,1445099,71.0
8528,2,space_invaders,1440389,1445125,37.0
8529,2,space_invaders,1439538,1445730,45.0
8530,2,space_invaders,1439212,1446156,47.0
8531,2,space_invaders,1445730,1446338,7.0
8532,2,space_invaders,1434527,1446783,91.0
8533,2,space_invaders,1440861,1446877,47.0
8534,2,space_invaders,1443257,1447033,29.0
8535,2,space_invaders,1442295,1447047,34.0
8536,2,space_invaders,1443466,1447242,23.0
8537,2,space_invaders,1446783,1447519,8.0
8538,2,space_invaders,1440097,1448017,54.0
8539,2,space_invaders,1446338,1448050,14.0
8540,2,space_invaders,1447519,1448127,6.0
8541,2,space_invaders,1442382,1448622,47.0
8542,2,space_invaders,1441700,1448676,47.0
8543,2,space_invaders,1446156,1448828,22.0
8544,2,space_invaders,1444680,1449752,36.0
8545,2,space_invaders,1445099,1449867,36.0
8546,2,space_invaders,1444224,1450080,41.0
8547,2,space_invaders,1441990,1450870,59.0
8548,2,space_invaders,1445125,1452533,46.0
8549,2,space_invaders,1448017,1452625,34.0
8550,2,space_invaders,1447033,1452905,37.0
8551,2,space_invaders,1450870,1453830,22.0
8552,2,space_invaders,1447047,1454007,46.0
8553,2,space_invaders,1446877,1454317,47.0
8554,2,space_invaders,1449867,1454475,37.0
8555,2,space_invaders,1443811,1454595,67.0
8556,2,space_invaders,1448050,1454978,46.0
8557,2,space_invaders,1448676,1455348,40.0
8558,2,space_invaders,1454978,1455586,7.0
8559,2,space_invaders,1449752,1455752,47.0
8560,2,space_invaders,1455752,1456360,7.0
8561,2,space_invaders,1448622,1456398,52.0
8562,2,space_invaders,1453830,1456502,22.0
8563,2,space_invaders,1454475,1457723,22.0
8564,2,space_invaders,1454595,1457859,23.0
8565,2,space_invaders,1457723,1458331,7.0
8566,2,space_invaders,1455586,1459522,33.0
8567,2,space_invaders,1448828,1459644,82.0
8568,2,space_invaders,1448127,1460063,71.0
8569,2,space_invaders,1456398,1460126,23.0
8570,2,space_invaders,1452625,1461057,65.0
8571,2,space_invaders,1452533,1461093,61.0
8572,2,space_invaders,1458331,1462267,28.0
8573,2,space_invaders,1459644,1463100,31.0
8574,2,space_invaders,1447242,1463178,119.0
8575,2,space_invaders,1454317,1463213,69.0
8576,2,space_invaders,1454007,1463687,70.0
8577,2,space_invaders,1455348,1463940,66.0
8578,2,space_invaders,1462267,1464459,18.0
8579,2,space_invaders,1463940,1464532,7.0
8580,2,space_invaders,1450080,1465200,112.0
8581,2,space_invaders,1459522,1465682,46.0
8582,2,space_invaders,1460063,1465935,43.0
8583,2,space_invaders,1457859,1466259,62.0
8584,2,space_invaders,1463100,1466380,23.0
8585,2,space_invaders,1463213,1466781,23.0
8586,2,space_invaders,1452905,1467097,95.0
8587,2,space_invaders,1461093,1467461,47.0
8588,2,space_invaders,1463687,1467479,35.0
8589,2,space_invaders,1456360,1467512,74.0
8590,2,space_invaders,1464459,1468395,34.0
8591,2,space_invaders,1456502,1468630,84.0
8592,2,space_invaders,1466380,1469180,22.0
8593,2,space_invaders,1467097,1469465,23.0
8594,2,space_invaders,1464532,1469924,42.0
8595,2,space_invaders,1460126,1470862,71.0
8596,2,space_invaders,1467479,1471095,29.0
8597,2,space_invaders,1466259,1472147,43.0
8598,2,space_invaders,1465200,1472192,57.0
8599,2,space_invaders,1469180,1472460,23.0
8600,2,space_invaders,1465935,1473247,46.0
8601,2,space_invaders,1468630,1473254,32.0
8602,2,space_invaders,1465682,1474290,62.0
8603,2,space_invaders,1467461,1475077,52.0
8604,2,space_invaders,1467512,1475624,61.0
8605,2,space_invaders,1466781,1475693,70.0
8606,2,space_invaders,1461057,1475761,94.0
8607,2,space_invaders,1475077,1475813,9.0
8608,2,space_invaders,1473247,1475903,23.0
8609,2,space_invaders,1470862,1476414,48.0
8610,2,space_invaders,1472460,1476476,23.0
8611,2,space_invaders,1475693,1477261,16.0
8612,2,space_invaders,1469924,1477636,47.0
8613,2,space_invaders,1475624,1478808,23.0
8614,2,space_invaders,1475903,1479007,22.0
8615,2,space_invaders,1475813,1479589,28.0
8616,2,space_invaders,1473254,1479958,47.0
8617,2,space_invaders,1471095,1480791,71.0
8618,2,space_invaders,1476476,1480908,36.0
8619,2,space_invaders,1472192,1481248,62.0
8620,2,space_invaders,1474290,1481602,59.0
8621,2,space_invaders,1475761,1481633,46.0
8622,2,space_invaders,1479007,1481679,23.0
8623,2,space_invaders,1476414,1483198,47.0
8624,2,space_invaders,1469465,1483481,100.0
8625,2,space_invaders,1479958,1483574,35.0
8626,2,space_invaders,1479589,1483701,28.0
8627,2,space_invaders,1481248,1483904,22.0
8628,2,space_invaders,1483481,1484233,9.0
8629,2,space_invaders,1477261,1484253,47.0
8630,2,space_invaders,1480791,1484327,23.0
8631,2,space_invaders,1480908,1484844,29.0
8632,2,space_invaders,1484233,1484985,9.0
8633,2,space_invaders,1484327,1485223,11.0
8634,2,space_invaders,1481679,1485535,23.0
8635,2,space_invaders,1478808,1485560,48.0
8636,2,space_invaders,1468395,1485915,140.0
8637,2,space_invaders,1463178,1486426,190.0
8638,2,space_invaders,1483904,1487264,23.0
8639,2,space_invaders,1485535,1487423,16.0
8640,2,space_invaders,1472147,1487747,119.0
8641,2,space_invaders,1485223,1488935,23.0
8642,2,space_invaders,1485560,1488936,23.0
8643,2,space_invaders,1481602,1489090,46.0
8644,2,space_invaders,1481633,1489281,47.0
8645,2,space_invaders,1486426,1489402,23.0
8646,2,space_invaders,1487264,1489456,16.0
8647,2,space_invaders,1485915,1489547,28.0
8648,2,space_invaders,1489281,1490993,16.0
8649,2,space_invaders,1489090,1491906,23.0
8650,2,space_invaders,1488936,1492680,23.0
8651,2,space_invaders,1490993,1492705,17.0
8652,2,space_invaders,1484985,1492745,47.0
8653,2,space_invaders,1489402,1492778,23.0
8654,2,space_invaders,1484253,1492813,61.0
8655,2,space_invaders,1483701,1493253,68.0
8656,2,space_invaders,1489456,1493392,31.0
8657,2,space_invaders,1483574,1493462,75.0
8658,2,space_invaders,1487423,1493871,48.0
8659,2,space_invaders,1477636,1494500,116.0
8660,2,space_invaders,1492680,1495336,22.0
8661,2,space_invaders,1493392,1495584,22.0
8662,2,space_invaders,1492705,1495649,24.0
8663,2,space_invaders,1488935,1496695,59.0
8664,2,space_invaders,1484844,1496892,95.0
8665,2,space_invaders,1483198,1497198,94.0
8666,2,space_invaders,1487747,1498723,77.0
8667,2,space_invaders,1495584,1498736,25.0
8668,2,space_invaders,1491906,1499058,54.0
8669,2,space_invaders,1495336,1499288,28.0
8670,2,space_invaders,1492813,1499357,52.0
8671,2,space_invaders,1498723,1499651,11.0
8672,2,space_invaders,1495649,1499761,31.0
8673,3,space_invaders,1499904,1500488,5.0
8674,3,space_invaders,1499904,1500638,9.0
8675,3,space_invaders,1499904,1500657,8.0
8676,3,space_invaders,1499904,1500663,9.0
8677,3,space_invaders,1499904,1500822,11.0
8678,3,space_invaders,1499904,1500827,10.0
8679,3,space_invaders,1499904,1500837,10.0
8680,3,space_invaders,1500488,1501224,8.0
8681,3,space_invaders,1500663,1501271,6.0
8682,3,space_invaders,1500638,1501566,11.0
8683,3,space_invaders,1500657,1501569,11.0
8684,3,space_invaders,1499904,1502383,22.0
8685,3,space_invaders,1500837,1503173,22.0
8686,3,space_invaders,1500822,1503174,23.0
8687,3,space_invaders,1499904,1503204,28.0
8688,3,space_invaders,1501224,1503272,20.0
8689,3,space_invaders,1499904,1503363,25.0
8690,3,space_invaders,1499904,1503370,25.0
8691,3,space_invaders,1499904,1503372,26.0
8692,3,space_invaders,1499904,1503634,23.0
8693,3,space_invaders,1499904,1503705,23.0
8694,3,space_invaders,1503634,1504386,8.0
8695,3,space_invaders,1499904,1504461,46.0
8696,3,space_invaders,1501569,1504801,24.0
8697,3,space_invaders,1501271,1504887,30.0
8698,3,space_invaders,1503204,1506020,22.0
8699,3,space_invaders,1503705,1506041,22.0
8700,3,space_invaders,1503363,1506515,26.0
8701,3,space_invaders,1503272,1506568,28.0
8702,3,space_invaders,1503174,1506790,29.0
8703,3,space_invaders,1503370,1507162,31.0
8704,3,space_invaders,1500827,1507451,47.0
8705,3,space_invaders,1506041,1508697,24.0
8706,3,space_invaders,1504461,1508701,37.0
8707,3,space_invaders,1506020,1508852,23.0
8708,3,space_invaders,1502383,1508991,47.0
8709,3,space_invaders,1507162,1509514,23.0
8710,3,space_invaders,1503372,1511068,47.0
8711,3,space_invaders,1503173,1511093,65.0
8712,3,space_invaders,1501566,1511566,83.0
8713,3,space_invaders,1504887,1511799,47.0
8714,3,space_invaders,1506790,1512022,46.0
8715,3,space_invaders,1506568,1512440,44.0
8716,3,space_invaders,1504801,1512593,47.0
8717,3,space_invaders,1509514,1512986,25.0
8718,3,space_invaders,1508701,1513485,34.0
8719,3,space_invaders,1511566,1514670,20.0
8720,3,space_invaders,1512593,1514929,16.0
8721,3,space_invaders,1511068,1515628,37.0
8722,3,space_invaders,1508697,1515689,57.0
8723,3,space_invaders,1512440,1515912,28.0
8724,3,space_invaders,1508991,1515967,54.0
8725,3,space_invaders,1512986,1516762,29.0
8726,3,space_invaders,1513485,1516941,29.0
8727,3,space_invaders,1499904,1517456,127.0
8728,3,space_invaders,1514670,1518126,31.0
8729,3,space_invaders,1514929,1518657,23.0
8730,3,space_invaders,1511093,1518725,55.0
8731,3,space_invaders,1516941,1518989,18.0
8732,3,space_invaders,1512022,1519110,47.0
8733,3,space_invaders,1508852,1519204,70.0
8734,3,space_invaders,1515628,1519244,29.0
8735,3,space_invaders,1516762,1519290,20.0
8736,3,space_invaders,1518126,1519870,16.0
8737,3,space_invaders,1518725,1521237,23.0
8738,3,space_invaders,1511799,1521239,71.0
8739,3,space_invaders,1506515,1521315,112.0
8740,3,space_invaders,1504386,1521458,132.0
8741,3,space_invaders,1515912,1522840,47.0
8742,3,space_invaders,1519870,1523294,23.0
8743,3,space_invaders,1521458,1524098,22.0
8744,3,space_invaders,1519290,1524330,39.0
8745,3,space_invaders,1507451,1524491,132.0
8746,3,space_invaders,1519244,1525564,47.0
8747,3,space_invaders,1515689,1525657,71.0
8748,3,space_invaders,1523294,1525934,20.0
8749,3,space_invaders,1521315,1526035,39.0
8750,3,space_invaders,1521237,1526293,45.0
8751,3,space_invaders,1515967,1526559,72.0
8752,3,space_invaders,1522840,1526600,23.0
8753,3,space_invaders,1525934,1527678,15.0
8754,3,space_invaders,1525564,1528220,22.0
8755,3,space_invaders,1518989,1528253,71.0
8756,3,space_invaders,1526293,1528805,22.0
8757,3,space_invaders,1526035,1528995,23.0
8758,3,space_invaders,1524098,1529010,43.0
8759,3,space_invaders,1527678,1529406,16.0
8760,3,space_invaders,1528805,1529541,9.0
8761,3,space_invaders,1521239,1530119,66.0
8762,3,space_invaders,1524330,1531274,47.0
8763,3,space_invaders,1529010,1531666,23.0
8764,3,space_invaders,1528995,1532467,27.0
8765,3,space_invaders,1519204,1532580,99.0
8766,3,space_invaders,1528253,1532861,36.0
8767,3,space_invaders,1517456,1533552,119.0
8768,3,space_invaders,1525657,1533609,63.0
8769,3,space_invaders,1524491,1533851,71.0
8770,3,space_invaders,1529406,1534030,34.0
8771,3,space_invaders,1519110,1534422,122.0
8772,3,space_invaders,1532861,1534573,17.0
8773,3,space_invaders,1531274,1534714,23.0
8774,3,space_invaders,1518657,1534881,119.0
8775,3,space_invaders,1526600,1535016,63.0
8776,3,space_invaders,1526559,1535295,70.0
8777,3,space_invaders,1528220,1535356,52.0
8778,3,space_invaders,1533609,1536105,22.0
8779,3,space_invaders,1532580,1537012,35.0
8780,3,space_invaders,1529541,1537301,62.0
8781,3,space_invaders,1534714,1537338,23.0
8782,3,space_invaders,1532467,1537395,33.0
8783,3,space_invaders,1533552,1538128,31.0
8784,3,space_invaders,1534573,1538205,23.0
8785,3,space_invaders,1537012,1538756,17.0
8786,3,space_invaders,1535295,1538879,23.0
8787,3,space_invaders,1538128,1540608,21.0
8788,3,space_invaders,1538879,1541087,21.0
8789,3,space_invaders,1541087,1541999,11.0
8790,3,space_invaders,1530119,1542199,93.0
8791,3,space_invaders,1531666,1542642,87.0
8792,3,space_invaders,1538205,1542797,36.0
8793,3,space_invaders,1536105,1542921,53.0
8794,3,space_invaders,1535016,1543128,70.0
8795,3,space_invaders,1538756,1543156,38.0
8796,3,space_invaders,1542797,1543405,7.0
8797,3,space_invaders,1533851,1543707,76.0
8798,3,space_invaders,1543405,1544141,8.0
8799,3,space_invaders,1537395,1544851,53.0
8800,3,space_invaders,1535356,1546172,77.0
8801,3,space_invaders,1542642,1546498,22.0
8802,3,space_invaders,1543156,1546580,23.0
8803,3,space_invaders,1542199,1546775,29.0
8804,3,space_invaders,1534030,1547262,101.0
8805,3,space_invaders,1534881,1547313,95.0
8806,3,space_invaders,1540608,1547424,47.0
8807,3,space_invaders,1544141,1547453,30.0
8808,3,space_invaders,1544851,1548547,23.0
8809,3,space_invaders,1546172,1549084,24.0
8810,3,space_invaders,1534422,1549238,119.0
8811,3,space_invaders,1543707,1549419,46.0
8812,3,space_invaders,1541999,1549599,47.0
8813,3,space_invaders,1543128,1549688,45.0
8814,3,space_invaders,1537301,1549717,93.0
8815,3,space_invaders,1547424,1549936,22.0
8816,3,space_invaders,1546775,1550023,23.0
8817,3,space_invaders,1546498,1550290,28.0
8818,3,space_invaders,1537338,1550378,95.0
8819,3,space_invaders,1549084,1550780,17.0
8820,3,space_invaders,1546580,1550996,34.0
8821,3,space_invaders,1550290,1551186,11.0
8822,3,space_invaders,1548547,1552515,23.0
8823,3,space_invaders,1547453,1552685,46.0
8824,3,space_invaders,1552515,1553427,11.0
8825,3,space_invaders,1549936,1553552,29.0
8826,3,space_invaders,1550780,1553916,22.0
8827,3,space_invaders,1549599,1554207,37.0
8828,3,space_invaders,1551186,1554722,23.0
8829,3,space_invaders,1542921,1554857,99.0
8830,3,space_invaders,1549238,1554934,47.0
8831,3,space_invaders,1553427,1555155,20.0
8832,3,space_invaders,1553552,1555296,17.0
8833,3,space_invaders,1554857,1555465,7.0
8834,3,space_invaders,1554934,1555670,8.0
8835,3,space_invaders,1549688,1555688,46.0
8836,3,space_invaders,1547262,1555998,64.0
8837,3,space_invaders,1550996,1556564,41.0
8838,3,space_invaders,1547313,1557169,71.0
8839,3,space_invaders,1556564,1557172,7.0
8840,3,space_invaders,1554207,1557311,23.0
8841,3,space_invaders,1555155,1558307,28.0
8842,3,space_invaders,1552685,1558365,46.0
8843,3,space_invaders,1555688,1558504,22.0
8844,3,space_invaders,1558365,1559277,10.0
8845,3,space_invaders,1555998,1559518,23.0
8846,3,space_invaders,1553916,1559628,52.0
8847,3,space_invaders,1550378,1560362,71.0
8848,3,space_invaders,1554722,1560402,46.0
8849,3,space_invaders,1549717,1560405,87.0
8850,3,space_invaders,1555296,1560544,41.0
8851,3,space_invaders,1557311,1561551,22.0
8852,3,space_invaders,1558307,1562243,30.0
8853,3,space_invaders,1559518,1562334,23.0
8854,3,space_invaders,1557172,1562564,46.0
8855,3,space_invaders,1560402,1563218,23.0
8856,3,space_invaders,1557169,1563825,46.0
8857,3,space_invaders,1550023,1564695,120.0
8858,3,space_invaders,1560544,1564976,36.0
8859,3,space_invaders,1560405,1564981,40.0
8860,3,space_invaders,1560362,1565082,39.0
8861,3,space_invaders,1558504,1565496,47.0
8862,3,space_invaders,1549419,1566635,124.0
8863,3,space_invaders,1564976,1566720,17.0
8864,3,space_invaders,1561551,1567103,43.0
8865,3,space_invaders,1565082,1567130,21.0
8866,3,space_invaders,1562334,1568366,46.0
8867,3,space_invaders,1565496,1568744,24.0
8868,3,space_invaders,1563218,1568754,47.0
8869,3,space_invaders,1555670,1569542,111.0
8870,3,space_invaders,1567103,1569615,22.0
8871,3,space_invaders,1563825,1569681,47.0
8872,3,space_invaders,1566720,1569696,23.0
8873,3,space_invaders,1569615,1570223,7.0
8874,3,space_invaders,1559277,1570429,83.0
8875,3,space_invaders,1564695,1570727,48.0
8876,3,space_invaders,1559628,1570860,71.0
8877,3,space_invaders,1568754,1570914,19.0
8878,3,space_invaders,1569696,1571440,17.0
8879,3,space_invaders,1562243,1571763,70.0
8880,3,space_invaders,1568744,1572264,23.0
8881,3,space_invaders,1564981,1572453,53.0
8882,3,space_invaders,1570860,1572556,15.0
8883,3,space_invaders,1571763,1572659,10.0
8884,3,space_invaders,1555465,1573001,135.0
8885,3,space_invaders,1570914,1573106,22.0
8886,3,space_invaders,1569542,1573670,36.0
8887,3,space_invaders,1567130,1573706,47.0
8888,3,space_invaders,1570727,1573863,30.0
8889,3,space_invaders,1572264,1574776,22.0
8890,3,space_invaders,1568366,1575278,48.0
8891,3,space_invaders,1573706,1575882,18.0
8892,3,space_invaders,1572556,1576588,23.0
8893,3,space_invaders,1570429,1576589,45.0
8894,3,space_invaders,1570223,1577039,55.0
8895,3,space_invaders,1572453,1577221,40.0
8896,3,space_invaders,1573863,1577479,30.0
8897,3,space_invaders,1574776,1577864,23.0
8898,3,space_invaders,1573670,1579062,47.0
8899,3,space_invaders,1569681,1579265,71.0
8900,3,space_invaders,1571440,1579376,70.0
8901,3,space_invaders,1577039,1579391,22.0
8902,3,space_invaders,1573001,1579513,50.0
8903,3,space_invaders,1562564,1579812,132.0
8904,3,space_invaders,1576588,1579884,28.0
8905,3,space_invaders,1575882,1580026,33.0
8906,3,space_invaders,1573106,1580210,47.0
8907,3,space_invaders,1566635,1580347,106.0
8908,3,space_invaders,1577221,1580885,23.0
8909,3,space_invaders,1579265,1581777,23.0
8910,3,space_invaders,1579391,1582063,24.0
8911,3,space_invaders,1577864,1582904,34.0
8912,3,space_invaders,1575278,1583246,57.0
8913,3,space_invaders,1579884,1583404,23.0
8914,3,space_invaders,1576589,1583581,49.0
8915,3,space_invaders,1579513,1583769,36.0
8916,3,space_invaders,1580347,1584491,35.0
8917,3,space_invaders,1580885,1584501,28.0
8918,3,space_invaders,1580210,1584770,23.0
8919,3,space_invaders,1583246,1584958,15.0
8920,3,space_invaders,1579062,1585510,44.0
8921,3,space_invaders,1583581,1586093,23.0
8922,3,space_invaders,1579376,1586528,49.0
8923,3,space_invaders,1580026,1586586,46.0
8924,3,space_invaders,1581777,1586705,37.0
8925,3,space_invaders,1582063,1586783,36.0
8926,3,space_invaders,1579812,1587604,49.0
8927,3,space_invaders,1572659,1587699,94.0
8928,3,space_invaders,1586093,1588157,18.0
8929,3,space_invaders,1585510,1588182,21.0
8930,3,space_invaders,1584958,1588734,23.0
8931,3,space_invaders,1584770,1589538,35.0
8932,3,space_invaders,1588182,1590038,16.0
8933,3,space_invaders,1583404,1591100,46.0
8934,3,space_invaders,1584501,1591157,53.0
8935,3,space_invaders,1587699,1591299,23.0
8936,3,space_invaders,1591157,1592069,10.0
8937,3,space_invaders,1577479,1592327,113.0
8938,3,space_invaders,1586528,1594016,62.0
8939,3,space_invaders,1586783,1594751,62.0
8940,3,space_invaders,1592327,1594807,22.0
8941,3,space_invaders,1586705,1595281,70.0
8942,3,space_invaders,1592069,1595797,23.0
8943,3,space_invaders,1586586,1596410,71.0
8944,3,space_invaders,1589538,1596626,47.0
8945,3,space_invaders,1588157,1597373,66.0
8946,3,space_invaders,1583769,1597465,99.0
8947,3,space_invaders,1595281,1597473,22.0
8948,3,space_invaders,1594016,1597616,22.0
8949,3,space_invaders,1594807,1598919,31.0
8950,3,space_invaders,1595797,1599413,30.0
8951,3,space_invaders,1596626,1599938,25.0
8952,3,space_invaders,1590038,1600598,71.0
8953,3,space_invaders,1594751,1600607,46.0
8954,3,space_invaders,1598919,1600663,16.0
8955,3,space_invaders,1597373,1600957,23.0
8956,3,space_invaders,1597616,1601584,34.0
8957,3,space_invaders,1582904,1601608,118.0
8958,3,space_invaders,1591299,1601923,71.0
8959,3,space_invaders,1588734,1602254,116.0
8960,3,space_invaders,1601608,1602504,10.0
8961,3,space_invaders,1584491,1602507,141.0
8962,3,space_invaders,1599413,1602549,22.0
8963,3,space_invaders,1597473,1602881,46.0
8964,3,space_invaders,1600598,1603878,23.0
8965,3,space_invaders,1600607,1604031,23.0
8966,3,space_invaders,1600663,1604375,23.0
8967,3,space_invaders,1600957,1604413,27.0
8968,3,space_invaders,1602549,1604581,21.0
8969,3,space_invaders,1602254,1604766,23.0
8970,3,space_invaders,1597465,1604969,47.0
8971,3,space_invaders,1587604,1605268,134.0
8972,3,space_invaders,1602881,1605537,23.0
8973,3,space_invaders,1599938,1605810,49.0
8974,3,space_invaders,1604031,1606703,22.0
8975,3,space_invaders,1605810,1606706,11.0
8976,3,space_invaders,1601584,1607312,43.0
8977,3,space_invaders,1606706,1607458,9.0
8978,3,space_invaders,1604375,1607847,26.0
8979,3,space_invaders,1604413,1608045,23.0
8980,3,space_invaders,1604581,1608133,24.0
8981,3,space_invaders,1602504,1608232,47.0
8982,3,space_invaders,1603878,1608278,39.0
8983,3,space_invaders,1607847,1608759,11.0
8984,3,space_invaders,1604969,1608761,31.0
8985,3,space_invaders,1604766,1608878,28.0
8986,3,space_invaders,1591100,1608940,134.0
8987,3,space_invaders,1596410,1609146,106.0
8988,3,space_invaders,1605537,1609313,30.0
8989,3,space_invaders,1608759,1609495,8.0
8990,3,space_invaders,1602507,1609979,55.0
8991,3,space_invaders,1607312,1610304,26.0
8992,3,space_invaders,1606703,1610335,25.0
8993,3,space_invaders,1608761,1610809,19.0
8994,3,space_invaders,1605268,1611460,50.0
8995,3,space_invaders,1608045,1611517,26.0
8996,3,space_invaders,1607458,1611570,31.0
8997,3,space_invaders,1608940,1612060,23.0
8998,3,space_invaders,1611460,1612388,10.0
8999,3,space_invaders,1608278,1612390,32.0
9000,3,space_invaders,1608878,1612414,23.0
9001,3,space_invaders,1601923,1612435,85.0
9002,3,space_invaders,1609146,1612458,25.0
9003,3,space_invaders,1610809,1612681,17.0
9004,3,space_invaders,1609495,1613159,34.0
9005,3,space_invaders,1609313,1613601,34.0
9006,3,space_invaders,1610304,1613616,25.0
9007,3,space_invaders,1609979,1613659,23.0
9008,3,space_invaders,1610335,1613807,26.0
9009,3,space_invaders,1608232,1613928,47.0
9010,3,space_invaders,1612390,1614118,15.0
9011,3,space_invaders,1612681,1614409,16.0
9012,3,space_invaders,1613616,1614528,11.0
9013,3,space_invaders,1608133,1614789,51.0
9014,3,space_invaders,1613601,1615649,18.0
9015,3,space_invaders,1612458,1615770,25.0
9016,3,space_invaders,1612435,1616035,22.0
9017,3,space_invaders,1614118,1616134,15.0
9018,3,space_invaders,1613659,1616459,23.0
9019,3,space_invaders,1614789,1616533,16.0
9020,3,space_invaders,1615770,1616682,11.0
9021,3,space_invaders,1616682,1617290,6.0
9022,3,space_invaders,1616459,1618187,15.0
9023,3,space_invaders,1611517,1618349,50.0
9024,3,space_invaders,1611570,1618370,46.0
9025,3,space_invaders,1614409,1618521,36.0
9026,3,space_invaders,1613928,1618664,31.0
9027,3,space_invaders,1613159,1618871,49.0
9028,3,space_invaders,1618370,1619282,10.0
9029,3,space_invaders,1615649,1619441,24.0
9030,3,space_invaders,1612388,1619508,47.0
9031,3,space_invaders,1616134,1619782,22.0
9032,3,space_invaders,1619282,1619874,7.0
9033,3,space_invaders,1616035,1620131,29.0
9034,3,space_invaders,1619782,1620550,9.0
9035,3,space_invaders,1618521,1621673,24.0
9036,3,space_invaders,1618664,1621912,23.0
9037,3,space_invaders,1618187,1621979,25.0
9038,3,space_invaders,1619508,1622324,24.0
9039,3,space_invaders,1612060,1622396,86.0
9040,3,space_invaders,1621979,1622571,7.0
9041,3,space_invaders,1618871,1622599,22.0
9042,3,space_invaders,1620131,1622643,22.0
9043,3,space_invaders,1619441,1622753,24.0
9044,3,space_invaders,1617290,1622826,43.0
9045,3,space_invaders,1622826,1623562,8.0
9046,3,space_invaders,1612414,1623886,81.0
9047,3,space_invaders,1621673,1624025,23.0
9048,3,space_invaders,1620550,1624150,23.0
9049,3,space_invaders,1613807,1624799,72.0
9050,3,space_invaders,1614528,1624848,70.0
9051,3,space_invaders,1624025,1624937,10.0
9052,3,space_invaders,1622324,1625620,29.0
9053,3,space_invaders,1619874,1626530,56.0
9054,3,space_invaders,1624150,1626822,22.0
9055,3,space_invaders,1623886,1627134,23.0
9056,3,space_invaders,1626530,1627282,8.0
9057,3,space_invaders,1623562,1627338,29.0
9058,3,space_invaders,1624937,1627449,21.0
9059,3,space_invaders,1622643,1627827,44.0
9060,3,space_invaders,1622571,1627931,44.0
9061,3,space_invaders,1627134,1628062,11.0
9062,3,space_invaders,1622599,1628119,44.0
9063,3,space_invaders,1621912,1628520,48.0
9064,3,space_invaders,1616533,1628629,94.0
9065,3,space_invaders,1628520,1629272,9.0
9066,3,space_invaders,1626822,1629318,23.0
9067,3,space_invaders,1624799,1629519,35.0
9068,3,space_invaders,1625620,1629572,28.0
9069,3,space_invaders,1627282,1629618,22.0
9070,3,space_invaders,1622753,1629729,54.0
9071,3,space_invaders,1629572,1630164,7.0
9072,3,space_invaders,1629618,1630242,6.0
9073,3,space_invaders,1629318,1630726,15.0
9074,3,space_invaders,1618349,1631213,89.0
9075,3,space_invaders,1627931,1631595,23.0
9076,3,space_invaders,1628629,1631621,23.0
9077,3,space_invaders,1627827,1632067,38.0
9078,3,space_invaders,1628062,1633310,44.0
9079,3,space_invaders,1622396,1633500,71.0
9080,3,space_invaders,1630726,1633718,22.0
9081,3,space_invaders,1627449,1633881,47.0
9082,3,space_invaders,1633310,1634254,9.0
9083,3,space_invaders,1630242,1634306,22.0
9084,3,space_invaders,1631213,1635069,23.0
9085,3,space_invaders,1629729,1635441,42.0
9086,3,space_invaders,1633718,1635558,13.0
9087,3,space_invaders,1629272,1635752,47.0
9088,3,space_invaders,1631595,1636187,29.0
9089,3,space_invaders,1636187,1636795,6.0
9090,3,space_invaders,1629519,1637231,47.0
9091,3,space_invaders,1633500,1637356,23.0
9092,3,space_invaders,1632067,1637459,34.0
9093,3,space_invaders,1633881,1637593,23.0
9094,3,space_invaders,1636795,1638219,12.0
9095,3,space_invaders,1631621,1638405,45.0
9096,3,space_invaders,1635752,1638728,22.0
9097,3,space_invaders,1635441,1638913,23.0
9098,3,space_invaders,1637231,1638927,16.0
9099,3,space_invaders,1635069,1639309,23.0
9100,3,space_invaders,1630164,1640420,71.0
9101,3,space_invaders,1638219,1640539,21.0
9102,3,space_invaders,1638405,1640597,18.0
9103,3,space_invaders,1638927,1640623,15.0
9104,3,space_invaders,1637593,1641017,23.0
9105,3,space_invaders,1640623,1641519,11.0
9106,3,space_invaders,1634306,1642098,51.0
9107,3,space_invaders,1641519,1642431,10.0
9108,3,space_invaders,1638728,1642968,37.0
9109,3,space_invaders,1641017,1643337,21.0
9110,3,space_invaders,1642431,1643343,10.0
9111,3,space_invaders,1639309,1643437,28.0
9112,3,space_invaders,1627338,1643594,107.0
9113,3,space_invaders,1640597,1643893,28.0
9114,3,space_invaders,1643337,1643945,7.0
9115,3,space_invaders,1637459,1644355,46.0
9116,3,space_invaders,1628119,1644631,118.0
9117,3,space_invaders,1642968,1644664,15.0
9118,3,space_invaders,1640539,1644939,36.0
9119,3,space_invaders,1643945,1646761,23.0
9120,3,space_invaders,1637356,1647660,71.0
9121,3,space_invaders,1643343,1647807,34.0
9122,3,space_invaders,1644355,1647859,23.0
9123,3,space_invaders,1638913,1648257,71.0
9124,3,space_invaders,1647859,1648755,10.0
9125,3,space_invaders,1642098,1649202,44.0
9126,3,space_invaders,1634254,1649342,95.0
9127,3,space_invaders,1647807,1649695,17.0
9128,3,space_invaders,1643437,1649901,44.0
9129,3,space_invaders,1648257,1650113,17.0
9130,3,space_invaders,1640420,1650628,71.0
9131,3,space_invaders,1624848,1651056,204.0
9132,3,space_invaders,1647660,1651292,23.0
9133,3,space_invaders,1644664,1651464,41.0
9134,3,space_invaders,1644939,1651563,44.0
9135,3,space_invaders,1635558,1651670,118.0
9136,3,space_invaders,1649342,1652158,22.0
9137,3,space_invaders,1651670,1652422,8.0
9138,3,space_invaders,1643893,1652629,70.0
9139,3,space_invaders,1648755,1652691,29.0
9140,3,space_invaders,1643594,1653434,68.0
9141,3,space_invaders,1649695,1653439,23.0
9142,3,space_invaders,1649901,1653837,23.0
9143,3,space_invaders,1653434,1654042,7.0
9144,3,space_invaders,1653439,1654175,8.0
9145,3,space_invaders,1651292,1654428,29.0
9146,3,space_invaders,1646761,1654633,46.0
9147,3,space_invaders,1651056,1654672,31.0
9148,3,space_invaders,1652422,1654934,21.0
9149,3,space_invaders,1651563,1655019,29.0
9150,3,space_invaders,1652158,1655038,23.0
9151,3,space_invaders,1649202,1655522,45.0
9152,3,space_invaders,1655019,1655627,7.0
9153,3,space_invaders,1650113,1656257,45.0
9154,3,space_invaders,1654175,1656351,22.0
9155,3,space_invaders,1652691,1656419,23.0
9156,3,space_invaders,1650628,1656500,47.0
9157,3,space_invaders,1652629,1656549,36.0
9158,3,space_invaders,1654428,1657068,22.0
9159,3,space_invaders,1654934,1657270,22.0
9160,3,space_invaders,1653837,1657485,23.0
9161,3,space_invaders,1654672,1658304,26.0
9162,3,space_invaders,1644631,1658695,94.0
9163,3,space_invaders,1651464,1658792,58.0
9164,3,space_invaders,1657270,1658966,16.0
9165,3,space_invaders,1655038,1659294,36.0
9166,3,space_invaders,1656419,1659939,23.0
9167,3,space_invaders,1656351,1659951,23.0
9168,3,space_invaders,1657068,1660380,26.0
9169,3,space_invaders,1654042,1660826,45.0
9170,3,space_invaders,1656500,1660948,28.0
9171,3,space_invaders,1656549,1661157,31.0
9172,3,space_invaders,1658304,1661536,24.0
9173,3,space_invaders,1654633,1661609,50.0
9174,3,space_invaders,1657485,1661613,33.0
9175,3,space_invaders,1659951,1661647,17.0
9176,3,space_invaders,1659939,1661651,16.0
9177,3,space_invaders,1659294,1661822,18.0
9178,3,space_invaders,1661609,1663305,14.0
9179,3,space_invaders,1660826,1663338,21.0
9180,3,space_invaders,1661651,1663363,15.0
9181,3,space_invaders,1658966,1663414,34.0
9182,3,space_invaders,1661647,1663823,22.0
9183,3,space_invaders,1655627,1664219,68.0
9184,3,space_invaders,1663338,1664234,10.0
9185,3,space_invaders,1663823,1664431,7.0
9186,3,space_invaders,1660380,1664828,33.0
9187,3,space_invaders,1663305,1665017,16.0
9188,3,space_invaders,1661613,1665565,32.0
9189,3,space_invaders,1655522,1666018,81.0
9190,3,space_invaders,1665565,1666157,7.0
9191,3,space_invaders,1664234,1668170,22.0
9192,3,space_invaders,1665017,1669113,29.0
9193,3,space_invaders,1666018,1669170,23.0
9194,3,space_invaders,1656257,1669441,96.0
9195,3,space_invaders,1658695,1669655,85.0
9196,3,space_invaders,1668170,1669882,18.0
9197,3,space_invaders,1664219,1669899,47.0
9198,3,space_invaders,1661157,1669909,69.0
9199,3,space_invaders,1661822,1669950,67.0
9200,3,space_invaders,1669170,1670082,10.0
9201,3,space_invaders,1666157,1670093,31.0
9202,3,space_invaders,1669655,1670567,9.0
9203,3,space_invaders,1664431,1670703,48.0
9204,3,space_invaders,1670093,1670845,9.0
9205,3,space_invaders,1658792,1671208,94.0
9206,3,space_invaders,1669899,1671947,18.0
9207,3,space_invaders,1664828,1672156,65.0
9208,3,space_invaders,1669909,1672261,23.0
9209,3,space_invaders,1663414,1672326,71.0
9210,3,space_invaders,1661536,1672544,89.0
9211,3,space_invaders,1660948,1672580,92.0
9212,3,space_invaders,1670567,1672599,19.0
9213,3,space_invaders,1670703,1673839,29.0
9214,3,space_invaders,1669950,1674238,27.0
9215,3,space_invaders,1673839,1674575,8.0
9216,3,space_invaders,1674238,1674830,7.0
9217,3,space_invaders,1663363,1674979,93.0
9218,3,space_invaders,1669441,1675457,46.0
9219,3,space_invaders,1672326,1675622,23.0
9220,3,space_invaders,1669882,1675754,49.0
9221,3,space_invaders,1672156,1675948,31.0
9222,3,space_invaders,1672580,1676020,22.0
9223,3,space_invaders,1675622,1676214,7.0
9224,3,space_invaders,1671208,1676392,45.0
9225,3,space_invaders,1674575,1677087,20.0
9226,3,space_invaders,1674830,1677182,20.0
9227,3,space_invaders,1670082,1677362,47.0
9228,3,space_invaders,1672261,1677493,42.0
9229,3,space_invaders,1672544,1677616,37.0
9230,3,space_invaders,1670845,1677837,53.0
9231,3,space_invaders,1669113,1677881,64.0
9232,3,space_invaders,1675754,1678106,20.0
9233,3,space_invaders,1676214,1678726,24.0
9234,3,space_invaders,1676020,1679796,31.0
9235,3,space_invaders,1671947,1680539,75.0
9236,3,space_invaders,1676392,1680824,35.0
9237,3,space_invaders,1677182,1680958,29.0
9238,3,space_invaders,1674979,1681331,50.0
9239,3,space_invaders,1677837,1681821,35.0
9240,3,space_invaders,1677616,1681904,32.0
9241,3,space_invaders,1672599,1682311,85.0
9242,3,space_invaders,1675457,1682369,48.0
9243,3,space_invaders,1678726,1682838,31.0
9244,3,space_invaders,1677493,1682869,46.0
9245,3,space_invaders,1675948,1682876,47.0
9246,3,space_invaders,1680539,1683627,24.0
9247,3,space_invaders,1677881,1684025,47.0
9248,3,space_invaders,1681821,1684461,23.0
9249,3,space_invaders,1682838,1684550,17.0
9250,3,space_invaders,1678106,1684730,47.0
9251,3,space_invaders,1684550,1685462,11.0
9252,3,space_invaders,1681904,1685648,23.0
9253,3,space_invaders,1682311,1686087,33.0
9254,3,space_invaders,1677362,1686258,77.0
9255,3,space_invaders,1679796,1686388,48.0
9256,3,space_invaders,1686258,1686850,7.0
9257,3,space_invaders,1681331,1686851,43.0
9258,3,space_invaders,1686087,1687191,13.0
9259,3,space_invaders,1684025,1687481,32.0
9260,3,space_invaders,1684730,1687642,24.0
9261,3,space_invaders,1685648,1688624,24.0
9262,3,space_invaders,1682869,1689013,47.0
9263,3,space_invaders,1680958,1689342,70.0
9264,3,space_invaders,1685462,1689718,41.0
9265,3,space_invaders,1686851,1690323,26.0
9266,3,space_invaders,1682369,1690481,65.0
9267,3,space_invaders,1684461,1690637,47.0
9268,3,space_invaders,1687191,1690711,23.0
9269,3,space_invaders,1683627,1690907,59.0
9270,3,space_invaders,1689342,1691054,16.0
9271,3,space_invaders,1689013,1691365,23.0
9272,3,space_invaders,1688624,1691760,23.0
9273,3,space_invaders,1689718,1691878,21.0
9274,3,space_invaders,1686850,1691890,44.0
9275,3,space_invaders,1677087,1692511,119.0
9276,3,space_invaders,1682876,1692604,71.0
9277,3,space_invaders,1680824,1692776,95.0
9278,3,space_invaders,1692511,1693423,10.0
9279,3,space_invaders,1693423,1694015,7.0
9280,3,space_invaders,1691054,1694302,22.0
9281,3,space_invaders,1687642,1694666,47.0
9282,3,space_invaders,1690481,1695233,34.0
9283,3,space_invaders,1692776,1695448,22.0
9284,3,space_invaders,1686388,1695764,75.0
9285,3,space_invaders,1692604,1695996,24.0
9286,3,space_invaders,1695448,1697016,15.0
9287,3,space_invaders,1694666,1697018,19.0
9288,3,space_invaders,1691365,1697381,46.0
9289,3,space_invaders,1687481,1697497,76.0
9290,3,space_invaders,1691760,1697632,45.0
9291,3,space_invaders,1697497,1698409,11.0
9292,3,space_invaders,1691890,1699186,53.0
9293,3,space_invaders,1695996,1699932,28.0
9294,3,space_invaders,1690323,1700019,71.0
9295,3,space_invaders,1695233,1700609,39.0
9296,3,space_invaders,1691878,1701078,60.0
9297,3,space_invaders,1694015,1701455,47.0
9298,3,space_invaders,1699186,1701842,22.0
9299,3,space_invaders,1690711,1702791,89.0
9300,3,space_invaders,1700019,1702979,23.0
9301,3,space_invaders,1697018,1703530,47.0
9302,3,space_invaders,1700609,1705857,38.0
9303,3,space_invaders,1690907,1707131,119.0
9304,3,space_invaders,1690637,1707837,118.0
9305,3,space_invaders,1697381,1708325,68.0
9306,3,space_invaders,1698409,1708537,71.0
9307,3,space_invaders,1701455,1708591,46.0
9308,3,space_invaders,1707131,1708859,17.0
9309,3,space_invaders,1701078,1709158,46.0
9310,3,space_invaders,1703530,1709194,46.0
9311,3,space_invaders,1708591,1709343,9.0
9312,3,space_invaders,1708859,1709467,7.0
9313,3,space_invaders,1697016,1709624,91.0
9314,3,space_invaders,1699932,1709980,71.0
9315,3,space_invaders,1697632,1710144,94.0
9316,3,space_invaders,1705857,1710177,23.0
9317,3,space_invaders,1702791,1710711,46.0
9318,3,space_invaders,1694302,1710878,127.0
9319,3,space_invaders,1710177,1711249,13.0
9320,3,space_invaders,1701842,1711538,76.0
9321,3,space_invaders,1708325,1711797,27.0
9322,3,space_invaders,1702979,1712195,70.0
9323,3,space_invaders,1711538,1712290,9.0
9324,3,space_invaders,1709158,1712582,23.0
9325,3,space_invaders,1709467,1712763,29.0
9326,3,space_invaders,1709343,1712879,23.0
9327,3,space_invaders,1695764,1712980,125.0
9328,3,space_invaders,1710711,1713047,22.0
9329,3,space_invaders,1709624,1713128,23.0
9330,3,space_invaders,1712763,1713691,10.0
9331,3,space_invaders,1709980,1714060,37.0
9332,3,space_invaders,1712980,1714084,12.0
9333,3,space_invaders,1709194,1714122,44.0
9334,3,space_invaders,1712582,1714598,20.0
9335,3,space_invaders,1708537,1714617,47.0
9336,3,space_invaders,1714122,1715818,17.0
9337,3,space_invaders,1713128,1716680,24.0
9338,3,space_invaders,1712290,1717394,40.0
9339,3,space_invaders,1714060,1717516,23.0
9340,3,space_invaders,1715818,1717706,18.0
9341,3,space_invaders,1711249,1717873,47.0
9342,3,space_invaders,1717706,1718618,10.0
9343,3,space_invaders,1711797,1718805,52.0
9344,3,space_invaders,1716680,1720152,27.0
9345,3,space_invaders,1713047,1720327,60.0
9346,3,space_invaders,1710144,1720576,72.0
9347,3,space_invaders,1712879,1720639,59.0
9348,3,space_invaders,1707837,1720941,95.0
9349,3,space_invaders,1720327,1721239,11.0
9350,3,space_invaders,1717873,1721265,23.0
9351,3,space_invaders,1712195,1721267,71.0
9352,3,space_invaders,1710878,1721390,71.0
9353,3,space_invaders,1714598,1721526,47.0
9354,3,space_invaders,1720576,1722416,18.0
9355,3,space_invaders,1714084,1722660,71.0
9356,3,space_invaders,1721265,1722993,16.0
9357,3,space_invaders,1714617,1723225,66.0
9358,3,space_invaders,1717394,1723554,45.0
9359,3,space_invaders,1721526,1724038,22.0
9360,3,space_invaders,1713691,1724315,92.0
9361,3,space_invaders,1718805,1724917,47.0
9362,3,space_invaders,1723225,1725225,19.0
9363,3,space_invaders,1718618,1725754,56.0
9364,3,space_invaders,1720152,1726008,46.0
9365,3,space_invaders,1722993,1726641,23.0
9366,3,space_invaders,1725225,1727129,17.0
9367,3,space_invaders,1727129,1727865,9.0
9368,3,space_invaders,1723554,1727970,30.0
9369,3,space_invaders,1720639,1728079,47.0
9370,3,space_invaders,1721239,1728263,47.0
9371,3,space_invaders,1720941,1728285,47.0
9372,3,space_invaders,1721267,1728371,47.0
9373,3,space_invaders,1717516,1728492,94.0
9374,3,space_invaders,1726008,1728808,22.0
9375,3,space_invaders,1728079,1728991,10.0
9376,3,space_invaders,1722660,1728996,55.0
9377,3,space_invaders,1722416,1729392,47.0
9378,3,space_invaders,1726641,1730417,31.0
9379,3,space_invaders,1730417,1731185,9.0
9380,3,space_invaders,1728996,1731668,23.0
9381,3,space_invaders,1729392,1731744,21.0
9382,3,space_invaders,1728285,1732061,30.0
9383,3,space_invaders,1728263,1732151,23.0
9384,3,space_invaders,1724038,1732454,69.0
9385,3,space_invaders,1728991,1732591,23.0
9386,3,space_invaders,1731744,1732656,10.0
9387,3,space_invaders,1724315,1732763,67.0
9388,3,space_invaders,1727865,1733401,47.0
9389,3,space_invaders,1727970,1734674,46.0
9390,3,space_invaders,1728808,1735560,48.0
9391,3,space_invaders,1728492,1735804,67.0
9392,3,space_invaders,1732656,1736944,34.0
9393,3,space_invaders,1725754,1737546,71.0
9394,3,space_invaders,1724917,1738309,97.0
9395,3,space_invaders,1732151,1738439,45.0
9396,3,space_invaders,1732763,1738491,41.0
9397,3,space_invaders,1732454,1738598,46.0
9398,3,space_invaders,1721390,1738606,128.0
9399,3,space_invaders,1731668,1738660,56.0
9400,3,space_invaders,1732061,1738893,50.0
9401,3,space_invaders,1738439,1740135,14.0
9402,3,space_invaders,1728371,1740483,95.0
9403,3,space_invaders,1738598,1741254,22.0
9404,3,space_invaders,1738491,1741307,22.0
9405,3,space_invaders,1734674,1741410,47.0
9406,3,space_invaders,1732591,1741807,71.0
9407,3,space_invaders,1735804,1741996,45.0
9408,3,space_invaders,1738309,1743349,35.0
9409,3,space_invaders,1741996,1743868,19.0
9410,3,space_invaders,1740483,1744035,23.0
9411,3,space_invaders,1733401,1745033,94.0
9412,3,space_invaders,1738893,1745085,49.0
9413,3,space_invaders,1738606,1745742,56.0
9414,3,space_invaders,1731185,1747121,118.0
9415,3,space_invaders,1741410,1747122,43.0
9416,3,space_invaders,1741254,1747734,47.0
9417,3,space_invaders,1745085,1747757,23.0
9418,3,space_invaders,1741807,1748767,61.0
9419,3,space_invaders,1740135,1749799,89.0
9420,3,space_invaders,1737546,1750138,95.0
9421,3,space_invaders,1747122,1750258,30.0
9422,3,space_invaders,1744035,1750355,46.0
9423,3,space_invaders,1736944,1750848,95.0
9424,3,space_invaders,1745742,1750974,44.0
9425,3,space_invaders,1747734,1751190,23.0
9426,3,space_invaders,1743868,1751468,61.0
9427,3,space_invaders,1738660,1751572,106.0
9428,3,space_invaders,1735560,1752120,119.0
9429,3,space_invaders,1748767,1752239,26.0
9430,3,space_invaders,1741307,1752251,94.0
9431,3,space_invaders,1745033,1752489,47.0
9432,3,space_invaders,1750355,1753347,23.0
9433,3,space_invaders,1750138,1753658,23.0
9434,3,space_invaders,1752239,1753983,16.0
9435,3,space_invaders,1750848,1754144,29.0
9436,3,space_invaders,1749799,1754887,39.0
9437,3,space_invaders,1747757,1755117,47.0
9438,3,space_invaders,1752120,1755960,23.0
9439,3,space_invaders,1750258,1756114,45.0
9440,3,space_invaders,1743349,1756261,112.0
9441,3,space_invaders,1753347,1756963,23.0
9442,3,space_invaders,1753658,1757914,32.0
9443,3,space_invaders,1751468,1757996,47.0
9444,3,space_invaders,1752251,1758251,46.0
9445,3,space_invaders,1751190,1758518,58.0
9446,3,space_invaders,1751572,1758884,55.0
9447,3,space_invaders,1755960,1758936,23.0
9448,3,space_invaders,1747121,1759569,92.0
9449,3,space_invaders,1754887,1759767,39.0
9450,3,space_invaders,1757914,1760730,20.0
9451,3,space_invaders,1756963,1760867,23.0
9452,3,space_invaders,1752489,1761401,71.0
9453,3,space_invaders,1754144,1761456,49.0
9454,3,space_invaders,1755117,1761997,47.0
9455,3,space_invaders,1753983,1762703,70.0
9456,3,space_invaders,1761997,1762925,11.0
9457,3,space_invaders,1758936,1763048,31.0
9458,3,space_invaders,1757996,1763068,45.0
9459,3,space_invaders,1760730,1764298,23.0
9460,3,space_invaders,1756261,1764357,62.0
9461,3,space_invaders,1750974,1764590,95.0
9462,3,space_invaders,1762925,1764669,17.0
9463,3,space_invaders,1756114,1764722,65.0
9464,3,space_invaders,1761456,1764800,23.0
9465,3,space_invaders,1764590,1764878,3.0
9466,3,space_invaders,1758251,1765179,47.0
9467,3,space_invaders,1764722,1765650,10.0
9468,3,space_invaders,1758884,1766164,47.0
9469,3,space_invaders,1759569,1766545,56.0
9470,3,space_invaders,1764800,1767312,22.0
9471,3,space_invaders,1765650,1767490,16.0
9472,3,space_invaders,1764298,1767530,23.0
9473,3,space_invaders,1764669,1768189,23.0
9474,3,space_invaders,1764357,1768229,22.0
9475,3,space_invaders,1761401,1769129,47.0
9476,3,space_invaders,1766545,1769185,21.0
9477,3,space_invaders,1765179,1769275,33.0
9478,3,space_invaders,1768189,1769293,13.0
9479,3,space_invaders,1766164,1769332,30.0
9480,3,space_invaders,1759767,1769447,69.0
9481,3,space_invaders,1763068,1770204,54.0
9482,3,space_invaders,1768229,1771029,22.0
9483,3,space_invaders,1764878,1771038,44.0
9484,3,space_invaders,1763048,1771288,71.0
9485,3,space_invaders,1769332,1771844,22.0
9486,3,space_invaders,1769447,1772423,23.0
9487,3,space_invaders,1769129,1772905,30.0
9488,3,space_invaders,1767312,1773024,43.0
9489,3,space_invaders,1769185,1773297,38.0
9490,3,space_invaders,1767530,1773562,51.0
9491,3,space_invaders,1770204,1773660,29.0
9492,3,space_invaders,1769293,1775309,43.0
9493,3,space_invaders,1762703,1775439,107.0
9494,3,space_invaders,1773562,1776218,23.0
9495,3,space_invaders,1771029,1776581,38.0
9496,3,space_invaders,1772905,1776617,23.0
9497,3,space_invaders,1773024,1776640,29.0
9498,3,space_invaders,1758518,1776822,141.0
9499,3,space_invaders,1760867,1776963,118.0
9500,3,space_invaders,1771288,1777336,50.0
9501,3,space_invaders,1771844,1777540,43.0
9502,3,space_invaders,1775309,1778109,22.0
9503,3,space_invaders,1776640,1778192,15.0
9504,3,space_invaders,1776581,1779237,22.0
9505,3,space_invaders,1771038,1779646,63.0
9506,3,space_invaders,1776218,1779930,22.0
9507,3,space_invaders,1779237,1779973,9.0
9508,3,space_invaders,1776963,1780291,23.0
9509,3,space_invaders,1778109,1781597,23.0
9510,3,space_invaders,1777540,1781684,23.0
9511,3,space_invaders,1776617,1782169,45.0
9512,3,space_invaders,1781597,1782509,11.0
9513,3,space_invaders,1775439,1782735,47.0
9514,3,space_invaders,1773660,1783532,88.0
9515,3,space_invaders,1778192,1784048,46.0
9516,3,space_invaders,1776822,1784262,46.0
9517,3,space_invaders,1782509,1784397,19.0
9518,3,space_invaders,1782169,1784521,15.0
9519,3,space_invaders,1781684,1784932,23.0
9520,3,space_invaders,1769275,1785355,130.0
9521,3,space_invaders,1785355,1788027,22.0
9522,3,space_invaders,1767490,1788626,167.0
9523,3,space_invaders,1772423,1789655,138.0
9524,3,space_invaders,1773297,1789713,130.0
9525,3,space_invaders,1784397,1789885,45.0
9526,3,space_invaders,1783532,1790684,54.0
9527,3,space_invaders,1779973,1790789,71.0
9528,3,space_invaders,1784262,1790934,47.0
9529,3,space_invaders,1784932,1792884,65.0
9530,3,space_invaders,1790684,1793196,22.0
9531,3,space_invaders,1780291,1793907,95.0
9532,3,space_invaders,1790789,1794357,23.0
9533,3,space_invaders,1792884,1794596,17.0
9534,3,space_invaders,1788027,1795019,47.0
9535,3,space_invaders,1794596,1795668,13.0
9536,3,space_invaders,1789885,1795725,46.0
9537,3,space_invaders,1779646,1795742,124.0
9538,3,space_invaders,1789713,1795889,51.0
9539,3,space_invaders,1777336,1796024,119.0
9540,3,space_invaders,1784048,1796480,93.0
9541,3,space_invaders,1789655,1796583,46.0
9542,3,space_invaders,1790934,1797446,49.0
9543,3,space_invaders,1793196,1797468,34.0
9544,3,space_invaders,1782735,1797551,109.0
9545,3,space_invaders,1795742,1797950,21.0
9546,3,space_invaders,1784521,1798041,93.0
9547,3,space_invaders,1795725,1798077,21.0
9548,3,space_invaders,1779930,1798266,131.0
9549,3,space_invaders,1796024,1798520,22.0
9550,3,space_invaders,1795019,1798827,23.0
9551,3,space_invaders,1788626,1799618,87.0
9552,3,space_invaders,1795889,1800113,23.0
9553,3,space_invaders,1797446,1800406,24.0
9554,3,space_invaders,1797950,1800430,23.0
9555,3,space_invaders,1796583,1800535,35.0
9556,3,space_invaders,1796480,1800736,32.0
9557,3,space_invaders,1794357,1800901,47.0
9558,3,space_invaders,1793907,1801059,50.0
9559,3,space_invaders,1800406,1801494,12.0
9560,3,space_invaders,1795668,1801524,48.0
9561,3,space_invaders,1797551,1801807,23.0
9562,3,space_invaders,1801807,1802703,11.0
9563,3,space_invaders,1801059,1803395,21.0
9564,3,space_invaders,1800535,1804967,35.0
9565,3,space_invaders,1801524,1805076,23.0
9566,3,space_invaders,1800430,1805998,46.0
9567,3,space_invaders,1800113,1806865,47.0
9568,3,space_invaders,1802703,1807279,38.0
9569,3,space_invaders,1797468,1807308,67.0
9570,3,space_invaders,1799618,1807570,47.0
9571,3,space_invaders,1805076,1807588,21.0
9572,3,space_invaders,1800901,1808469,47.0
9573,3,space_invaders,1804967,1808775,22.0
9574,3,space_invaders,1798520,1809368,82.0
9575,3,space_invaders,1800736,1809952,71.0
9576,3,space_invaders,1798266,1810330,94.0
9577,3,space_invaders,1805998,1810558,36.0
9578,3,space_invaders,1798077,1810637,95.0
9579,3,space_invaders,1807570,1811266,23.0
9580,3,space_invaders,1808775,1811927,30.0
9581,3,space_invaders,1808469,1812741,37.0
9582,3,space_invaders,1809368,1812824,30.0
9583,3,space_invaders,1809952,1812928,23.0
9584,3,space_invaders,1801494,1812934,86.0
9585,3,space_invaders,1807308,1813436,47.0
9586,3,space_invaders,1807279,1813791,51.0
9587,3,space_invaders,1810558,1813854,28.0
9588,3,space_invaders,1798827,1814283,129.0
9589,3,space_invaders,1811266,1814402,23.0
9590,3,space_invaders,1806865,1814833,67.0
9591,3,space_invaders,1813854,1816030,21.0
9592,3,space_invaders,1798041,1816057,143.0
9593,3,space_invaders,1814402,1816114,16.0
9594,3,space_invaders,1810330,1816362,41.0
9595,3,space_invaders,1811927,1816695,42.0
9596,3,space_invaders,1812824,1816808,41.0
9597,3,space_invaders,1816114,1816850,8.0
9598,3,space_invaders,1813436,1817148,24.0
9599,3,space_invaders,1803395,1818515,118.0
9600,3,space_invaders,1812928,1818640,47.0
9601,3,space_invaders,1812741,1819333,47.0
9602,3,space_invaders,1816030,1819838,23.0
9603,3,space_invaders,1816808,1820328,23.0
9604,3,space_invaders,1816057,1820649,38.0
9605,3,space_invaders,1813791,1820815,47.0
9606,3,space_invaders,1807588,1820980,107.0
9607,3,space_invaders,1814283,1822043,58.0
9608,3,space_invaders,1810637,1822413,95.0
9609,3,space_invaders,1819333,1823621,34.0
9610,3,space_invaders,1818515,1824371,48.0
9611,3,space_invaders,1814833,1824945,71.0
9612,3,space_invaders,1816362,1826218,71.0
9613,3,space_invaders,1816850,1826690,68.0
9614,3,space_invaders,1819838,1827006,59.0
9615,3,space_invaders,1823621,1827253,29.0
9616,3,space_invaders,1822413,1827293,37.0
9617,3,space_invaders,1820815,1827295,47.0
9618,3,space_invaders,1816695,1827815,92.0
9619,3,space_invaders,1818640,1827840,70.0
9620,3,space_invaders,1820328,1828104,63.0
9621,3,space_invaders,1824371,1828627,34.0
9622,3,space_invaders,1820980,1828756,47.0
9623,3,space_invaders,1812934,1828854,133.0
9624,3,space_invaders,1826690,1829186,22.0
9625,3,space_invaders,1822043,1829323,47.0
9626,3,space_invaders,1828104,1830440,22.0
9627,3,space_invaders,1827006,1830622,26.0
9628,3,space_invaders,1826218,1830778,39.0
9629,3,space_invaders,1824945,1830961,46.0
9630,3,space_invaders,1817148,1831148,109.0
9631,3,space_invaders,1828756,1831236,21.0
9632,3,space_invaders,1828627,1831443,27.0
9633,3,space_invaders,1820649,1831481,84.0
9634,3,space_invaders,1827815,1832071,31.0
9635,3,space_invaders,1829186,1832658,25.0
9636,3,space_invaders,1831236,1832948,18.0
9637,3,space_invaders,1827293,1833117,44.0
9638,3,space_invaders,1830778,1833898,22.0
9639,3,space_invaders,1830622,1834382,22.0
9640,3,space_invaders,1829323,1835003,45.0
9641,3,space_invaders,1831443,1835187,23.0
9642,3,space_invaders,1828854,1836182,46.0
9643,3,space_invaders,1827253,1836469,69.0
9644,3,space_invaders,1830440,1836936,46.0
9645,3,space_invaders,1833117,1837021,23.0
9646,3,space_invaders,1836469,1837381,10.0
9647,3,space_invaders,1833898,1838490,37.0
9648,3,space_invaders,1837021,1838765,17.0
9649,3,space_invaders,1827295,1839551,94.0
9650,3,space_invaders,1827840,1839952,89.0
9651,3,space_invaders,1834382,1840206,45.0
9652,3,space_invaders,1832948,1840436,47.0
9653,3,space_invaders,1832658,1841554,62.0
9654,3,space_invaders,1831481,1841801,85.0
9655,3,space_invaders,1839551,1842063,22.0
9656,3,space_invaders,1841801,1842537,9.0
9657,3,space_invaders,1840436,1843092,29.0
9658,3,space_invaders,1840206,1843342,24.0
9659,3,space_invaders,1838765,1843645,37.0
9660,3,space_invaders,1830961,1843873,98.0
9661,3,space_invaders,1836936,1844376,47.0
9662,3,space_invaders,1837381,1844517,53.0
9663,3,space_invaders,1831148,1844796,95.0
9664,3,space_invaders,1835003,1844875,80.0
9665,3,space_invaders,1838490,1844986,52.0
9666,3,space_invaders,1839952,1845040,42.0
9667,3,space_invaders,1844796,1845564,8.0
9668,3,space_invaders,1844986,1845722,8.0
9669,3,space_invaders,1841554,1845762,23.0
9670,3,space_invaders,1843342,1846302,23.0
9671,3,space_invaders,1842537,1846969,40.0
9672,3,space_invaders,1844376,1847048,23.0
9673,3,space_invaders,1842063,1847311,43.0
9674,3,space_invaders,1843873,1847361,23.0
9675,3,space_invaders,1845722,1847434,17.0
9676,3,space_invaders,1847048,1848120,12.0
9677,3,space_invaders,1843645,1848733,38.0
9678,3,space_invaders,1845564,1848860,28.0
9679,3,space_invaders,1847434,1849482,21.0
9680,3,space_invaders,1845762,1849698,34.0
9681,3,space_invaders,1835187,1850307,108.0
9682,3,space_invaders,1836182,1850678,110.0
9683,3,space_invaders,1843092,1850708,63.0
9684,3,space_invaders,1844517,1850853,46.0
9685,3,space_invaders,1832071,1850903,159.0
9686,3,space_invaders,1847361,1851137,29.0
9687,3,space_invaders,1848120,1851336,23.0
9688,3,space_invaders,1849482,1851482,16.0
9689,3,space_invaders,1844875,1851963,47.0
9690,3,space_invaders,1848733,1853133,38.0
9691,3,space_invaders,1848860,1853580,34.0
9692,3,space_invaders,1845040,1854400,70.0
9693,3,space_invaders,1850307,1854707,35.0
9694,3,space_invaders,1849698,1855410,47.0
9695,3,space_invaders,1853580,1856380,23.0
9696,3,space_invaders,1851137,1856529,47.0
9697,3,space_invaders,1850708,1857348,47.0
9698,3,space_invaders,1854707,1857507,23.0
9699,3,space_invaders,1851336,1857800,47.0
9700,3,space_invaders,1857348,1859044,15.0
9701,3,space_invaders,1851482,1859114,59.0
9702,3,space_invaders,1846302,1859134,95.0
9703,3,space_invaders,1856380,1859772,23.0
9704,3,space_invaders,1853133,1859949,60.0
9705,3,space_invaders,1859114,1860986,18.0
9706,3,space_invaders,1857507,1861987,22.0
9707,3,space_invaders,1846969,1862361,118.0
9708,3,space_invaders,1847311,1862767,118.0
9709,3,space_invaders,1861987,1862771,9.0
9710,3,space_invaders,1850903,1862903,95.0
9711,3,space_invaders,1850853,1863093,94.0
9712,3,space_invaders,1857800,1863368,43.0
9713,3,space_invaders,1855410,1863394,61.0
9714,3,space_invaders,1859772,1863548,29.0
9715,3,space_invaders,1856529,1863777,47.0
9716,3,space_invaders,1851963,1863931,100.0
9717,3,space_invaders,1863394,1864162,9.0
9718,3,space_invaders,1859134,1864366,45.0
9719,3,space_invaders,1862361,1864537,21.0
9720,3,space_invaders,1854400,1865216,76.0
9721,3,space_invaders,1860986,1866202,46.0
9722,3,space_invaders,1863093,1866565,28.0
9723,3,space_invaders,1864366,1867006,22.0
9724,3,space_invaders,1865216,1867712,22.0
9725,3,space_invaders,1867006,1868718,17.0
9726,3,space_invaders,1868718,1869326,7.0
9727,3,space_invaders,1862767,1869599,53.0
9728,3,space_invaders,1862903,1870039,62.0
9729,3,space_invaders,1863931,1871179,47.0
9730,3,space_invaders,1863368,1871464,71.0
9731,3,space_invaders,1862771,1872019,76.0
9732,3,space_invaders,1864537,1872185,46.0
9733,3,space_invaders,1850678,1872198,167.0
9734,3,space_invaders,1869326,1872734,23.0
9735,3,space_invaders,1869599,1872735,23.0
9736,3,space_invaders,1866565,1873141,47.0
9737,3,space_invaders,1863777,1873169,71.0
9738,3,space_invaders,1867712,1873552,41.0
9739,3,space_invaders,1859044,1873700,119.0
9740,3,space_invaders,1863548,1874188,83.0
9741,3,space_invaders,1873169,1874273,12.0
9742,3,space_invaders,1871464,1874856,23.0
9743,3,space_invaders,1866202,1875114,71.0
9744,3,space_invaders,1872735,1875567,26.0
9745,3,space_invaders,1875567,1876463,10.0
9746,3,space_invaders,1874856,1876696,16.0
9747,3,space_invaders,1873141,1876933,31.0
9748,3,space_invaders,1873700,1877012,23.0
9749,3,space_invaders,1872198,1877398,46.0
9750,3,space_invaders,1870039,1877399,46.0
9751,3,space_invaders,1874273,1877601,26.0
9752,3,space_invaders,1859949,1878173,118.0
9753,3,space_invaders,1876463,1878319,17.0
9754,3,space_invaders,1873552,1878608,39.0
9755,3,space_invaders,1864162,1878642,118.0
9756,3,space_invaders,1872185,1878969,46.0
9757,3,space_invaders,1878642,1879394,9.0
9758,3,space_invaders,1872019,1879587,47.0
9759,3,space_invaders,1874188,1880188,46.0
9760,3,space_invaders,1877399,1880567,27.0
9761,3,space_invaders,1877012,1882564,43.0
9762,3,space_invaders,1875114,1882906,64.0
9763,3,space_invaders,1880188,1882988,22.0
9764,3,space_invaders,1876933,1883909,55.0
9765,3,space_invaders,1871179,1883915,94.0
9766,3,space_invaders,1876696,1884008,53.0
9767,3,space_invaders,1877398,1884550,48.0
9768,3,space_invaders,1879394,1884946,47.0
9769,3,space_invaders,1878173,1885005,47.0
9770,3,space_invaders,1878608,1885104,47.0
9771,3,space_invaders,1878969,1885417,47.0
9772,3,space_invaders,1882988,1886524,23.0
9773,3,space_invaders,1884008,1887320,28.0
9774,3,space_invaders,1884550,1887542,28.0
9775,3,space_invaders,1884946,1888194,23.0
9776,3,space_invaders,1887320,1888216,11.0
9777,3,space_invaders,1883909,1888325,39.0
9778,3,space_invaders,1888194,1888482,3.0
9779,3,space_invaders,1877601,1888897,88.0
9780,3,space_invaders,1886524,1889772,23.0
9781,3,space_invaders,1878319,1890095,100.0
9782,3,space_invaders,1885104,1890304,46.0
9783,3,space_invaders,1879587,1890435,71.0
9784,3,space_invaders,1883915,1890731,55.0
9785,3,space_invaders,1887542,1890854,28.0
9786,3,space_invaders,1882906,1891018,70.0
9787,3,space_invaders,1888216,1891160,24.0
9788,3,space_invaders,1888482,1891794,24.0
9789,3,space_invaders,1882564,1891908,73.0
9790,3,space_invaders,1885005,1891997,53.0
9791,3,space_invaders,1880567,1892327,88.0
9792,3,space_invaders,1888325,1892421,35.0
9793,3,space_invaders,1891908,1892660,9.0
9794,3,space_invaders,1891018,1893674,24.0
9795,3,space_invaders,1890435,1894387,33.0
9796,3,space_invaders,1872734,1894574,167.0
9797,3,space_invaders,1885417,1896089,72.0
9798,3,space_invaders,1888897,1896849,55.0
9799,3,space_invaders,1891997,1896877,38.0
9800,3,space_invaders,1889772,1896892,46.0
9801,3,space_invaders,1890095,1897007,48.0
9802,3,space_invaders,1890304,1897072,46.0
9803,3,space_invaders,1894387,1897699,25.0
9804,3,space_invaders,1892421,1898117,46.0
9805,3,space_invaders,1890731,1898875,59.0
9806,3,space_invaders,1892327,1899079,47.0
9807,3,space_invaders,1890854,1899270,72.0
9808,3,space_invaders,1896849,1900609,23.0
9809,3,space_invaders,1896892,1900828,29.0
9810,3,space_invaders,1897072,1901504,33.0
9811,3,space_invaders,1899270,1902582,25.0
9812,3,space_invaders,1891794,1902754,71.0
9813,3,space_invaders,1902582,1903318,8.0
9814,3,space_invaders,1900828,1904140,26.0
9815,3,space_invaders,1893674,1904410,70.0
9816,3,space_invaders,1897699,1904851,62.0
9817,3,space_invaders,1904140,1906012,17.0
9818,3,space_invaders,1892660,1906036,106.0
9819,3,space_invaders,1901504,1906080,39.0
9820,3,space_invaders,1891160,1906152,112.0
9821,3,space_invaders,1897007,1906831,71.0
9822,3,space_invaders,1906152,1906904,8.0
9823,3,space_invaders,1904851,1907523,23.0
9824,3,space_invaders,1900609,1907745,51.0
9825,3,space_invaders,1898117,1908037,71.0
9826,3,space_invaders,1894574,1908366,96.0
9827,3,space_invaders,1906831,1908671,18.0
9828,3,space_invaders,1899079,1908791,71.0
9829,3,space_invaders,1908366,1909278,11.0
9830,3,space_invaders,1906904,1909880,23.0
9831,3,space_invaders,1909880,1910792,11.0
9832,3,space_invaders,1907523,1910979,29.0
9833,3,space_invaders,1910792,1911528,9.0
9834,3,space_invaders,1908791,1911767,24.0
9835,3,space_invaders,1908671,1911967,29.0
9836,3,space_invaders,1906080,1913216,52.0
9837,3,space_invaders,1896877,1913437,132.0
9838,3,space_invaders,1907745,1913441,46.0
9839,3,space_invaders,1909278,1913710,39.0
9840,3,space_invaders,1913216,1913840,7.0
9841,3,space_invaders,1902754,1914226,99.0
9842,3,space_invaders,1896089,1914265,125.0
9843,3,space_invaders,1903318,1914454,95.0
9844,3,space_invaders,1906036,1915412,77.0
9845,3,space_invaders,1911967,1915439,30.0
9846,3,space_invaders,1911528,1915976,38.0
9847,3,space_invaders,1913437,1916093,22.0
9848,3,space_invaders,1914454,1916134,17.0
9849,3,space_invaders,1915412,1916180,9.0
9850,3,space_invaders,1898875,1916859,140.0
9851,3,space_invaders,1913710,1916862,25.0
9852,3,space_invaders,1916093,1917005,10.0
9853,3,space_invaders,1910979,1917683,51.0
9854,3,space_invaders,1913441,1917697,34.0
9855,3,space_invaders,1914226,1918002,32.0
9856,3,space_invaders,1911767,1918279,47.0
9857,3,space_invaders,1916859,1918571,17.0
9858,3,space_invaders,1916862,1918590,18.0
9859,3,space_invaders,1916134,1919094,23.0
9860,3,space_invaders,1916180,1919140,23.0
9861,3,space_invaders,1906012,1919260,98.0
9862,3,space_invaders,1915439,1920015,36.0
9863,3,space_invaders,1917005,1920781,31.0
9864,3,space_invaders,1918571,1921051,22.0
9865,3,space_invaders,1908037,1921653,94.0
9866,3,space_invaders,1920781,1923133,23.0
9867,3,space_invaders,1920015,1923295,23.0
9868,3,space_invaders,1917697,1923697,46.0
9869,3,space_invaders,1904410,1923978,143.0
9870,3,space_invaders,1918002,1924002,46.0
9871,3,space_invaders,1918279,1924311,46.0
9872,3,space_invaders,1917683,1924339,53.0
9873,3,space_invaders,1921051,1924347,29.0
9874,3,space_invaders,1923295,1924399,12.0
9875,3,space_invaders,1924002,1924914,10.0
9876,3,space_invaders,1919094,1925414,47.0
9877,3,space_invaders,1921653,1925957,35.0
9878,3,space_invaders,1919140,1926132,57.0
9879,3,space_invaders,1925957,1926725,9.0
9880,3,space_invaders,1923133,1927885,39.0
9881,3,space_invaders,1918590,1928286,77.0
9882,3,space_invaders,1924339,1928931,36.0
9883,3,space_invaders,1926132,1929220,23.0
9884,3,space_invaders,1925414,1930022,36.0
9885,3,space_invaders,1927885,1930237,23.0
9886,3,space_invaders,1926725,1930437,23.0
9887,3,space_invaders,1924311,1930487,47.0
9888,3,space_invaders,1919260,1930588,91.0
9889,3,space_invaders,1913840,1930624,119.0
9890,3,space_invaders,1924399,1930719,44.0
9891,3,space_invaders,1930237,1930989,9.0
9892,3,space_invaders,1923697,1931025,64.0
9893,3,space_invaders,1923978,1931226,46.0
9894,3,space_invaders,1924347,1931323,61.0
9895,3,space_invaders,1914265,1931593,144.0
9896,3,space_invaders,1915976,1931640,118.0
9897,3,space_invaders,1928931,1931859,23.0
9898,3,space_invaders,1928286,1931950,28.0
9899,3,space_invaders,1931226,1932138,10.0
9900,3,space_invaders,1924914,1932178,47.0
9901,3,space_invaders,1930719,1933519,24.0
9902,3,space_invaders,1930437,1933733,28.0
9903,3,space_invaders,1930487,1934327,23.0
9904,3,space_invaders,1934327,1935255,10.0
9905,3,space_invaders,1930989,1935405,35.0
9906,3,space_invaders,1931640,1935464,23.0
9907,3,space_invaders,1929220,1935652,47.0
9908,3,space_invaders,1930588,1937692,47.0
9909,3,space_invaders,1935405,1938077,23.0
9910,3,space_invaders,1933519,1938191,23.0
9911,3,space_invaders,1935255,1939495,39.0
9912,3,space_invaders,1931323,1939563,68.0
9913,3,space_invaders,1938191,1940047,18.0
9914,3,space_invaders,1931950,1940190,59.0
9915,3,space_invaders,1930022,1940662,71.0
9916,3,space_invaders,1938077,1941501,24.0
9917,3,space_invaders,1935652,1941812,46.0
9918,3,space_invaders,1940190,1942046,17.0
9919,3,space_invaders,1933733,1942181,62.0
9920,3,space_invaders,1939563,1942235,22.0
9921,3,space_invaders,1939495,1942871,23.0
9922,3,space_invaders,1931593,1943993,83.0
9923,3,space_invaders,1931859,1945571,110.0
9924,3,space_invaders,1932178,1946802,92.0
9925,3,space_invaders,1935464,1947240,85.0
9926,3,space_invaders,1941501,1947981,47.0
9927,3,space_invaders,1942871,1948231,39.0
9928,3,space_invaders,1942235,1948395,47.0
9929,3,space_invaders,1942046,1948398,50.0
9930,3,space_invaders,1932138,1948554,129.0
9931,3,space_invaders,1941812,1948692,47.0
9932,3,space_invaders,1930624,1949168,142.0
9933,3,space_invaders,1942181,1949477,54.0
9934,3,space_invaders,1948692,1949620,10.0
9935,3,space_invaders,1946802,1950130,26.0
9936,3,space_invaders,1949620,1950356,8.0
9937,3,space_invaders,1943993,1950361,47.0
9938,3,space_invaders,1931025,1950465,142.0
9939,3,space_invaders,1937692,1950620,95.0
9940,3,space_invaders,1940662,1950742,71.0
9941,3,space_invaders,1948398,1951054,29.0
9942,3,space_invaders,1940047,1951631,93.0
9943,3,space_invaders,1945571,1951747,53.0
9944,3,space_invaders,1947981,1951773,22.0
9945,3,space_invaders,1949168,1951968,24.0
9946,3,space_invaders,1948231,1952487,35.0
9947,3,space_invaders,1950361,1952857,22.0
9948,3,space_invaders,1947240,1953992,47.0
9949,3,space_invaders,1948395,1954411,53.0
9950,3,space_invaders,1950620,1954412,31.0
9951,3,space_invaders,1950742,1954710,32.0
9952,3,space_invaders,1951631,1955423,30.0
9953,3,space_invaders,1953992,1955864,17.0
9954,3,space_invaders,1954411,1956619,22.0
9955,3,space_invaders,1951747,1957635,52.0
9956,3,space_invaders,1950356,1957828,54.0
9957,3,space_invaders,1949477,1957893,69.0
9958,3,space_invaders,1951773,1958557,44.0
9959,3,space_invaders,1954412,1959916,45.0
9960,3,space_invaders,1954710,1960086,37.0
9961,3,space_invaders,1959916,1960524,7.0
9962,3,space_invaders,1950130,1960786,71.0
9963,3,space_invaders,1955864,1961096,43.0
9964,3,space_invaders,1960524,1961132,6.0
9965,3,space_invaders,1951054,1961150,71.0
9966,3,space_invaders,1960786,1961410,7.0
9967,3,space_invaders,1957828,1961460,26.0
9968,3,space_invaders,1961096,1961704,7.0
9969,3,space_invaders,1952487,1962183,69.0
9970,3,space_invaders,1956619,1962331,46.0
9971,3,space_invaders,1958557,1962493,28.0
9972,3,space_invaders,1952857,1963433,71.0
9973,3,space_invaders,1961132,1964460,27.0
9974,3,space_invaders,1961410,1964706,29.0
9975,3,space_invaders,1961460,1964820,23.0
9976,3,space_invaders,1961150,1964878,23.0
9977,3,space_invaders,1950465,1965105,118.0
9978,3,space_invaders,1961704,1965656,30.0
9979,3,space_invaders,1963433,1966425,27.0
9980,3,space_invaders,1964706,1966434,17.0
9981,3,space_invaders,1962183,1966791,40.0
9982,3,space_invaders,1948554,1966858,142.0
9983,3,space_invaders,1962493,1966941,41.0
9984,3,space_invaders,1960086,1967142,47.0
9985,3,space_invaders,1964820,1967332,24.0
9986,3,space_invaders,1964878,1967518,23.0
9987,3,space_invaders,1962331,1967659,45.0
9988,3,space_invaders,1966941,1967677,9.0
9989,3,space_invaders,1951968,1967728,131.0
9990,3,space_invaders,1965105,1967793,27.0
9991,3,space_invaders,1957635,1967955,71.0
9992,3,space_invaders,1966858,1970282,23.0
9993,3,space_invaders,1966425,1970553,35.0
9994,3,space_invaders,1964460,1971036,47.0
9995,3,space_invaders,1955423,1971215,128.0
9996,3,space_invaders,1967728,1971360,23.0
9997,3,space_invaders,1967677,1971645,35.0
9998,3,space_invaders,1966791,1973463,49.0
9999,3,space_invaders,1967332,1973988,46.0
10000,3,space_invaders,1970553,1974489,36.0
10001,3,space_invaders,1957893,1974773,142.0
10002,3,space_invaders,1965656,1975352,70.0
10003,3,space_invaders,1967142,1975862,71.0
10004,3,space_invaders,1971215,1975967,38.0
10005,3,space_invaders,1974773,1976981,21.0
10006,3,space_invaders,1973463,1978023,34.0
10007,3,space_invaders,1967518,1979166,88.0
10008,3,space_invaders,1975967,1979935,39.0
10009,3,space_invaders,1975862,1980102,35.0
10010,3,space_invaders,1973988,1980324,46.0
10011,3,space_invaders,1971645,1980685,70.0
10012,3,space_invaders,1966434,1980786,118.0
10013,3,space_invaders,1980324,1981092,6.0
10014,3,space_invaders,1976981,1981749,37.0
10015,3,space_invaders,1971036,1981884,86.0
10016,3,space_invaders,1970282,1981914,94.0
10017,3,space_invaders,1967793,1982577,119.0
10018,3,space_invaders,1975352,1982984,60.0
10019,3,space_invaders,1980102,1983702,22.0
10020,3,space_invaders,1981092,1983924,23.0
10021,3,space_invaders,1971360,1984256,105.0
10022,3,space_invaders,1967659,1985371,135.0
10023,3,space_invaders,1981914,1985386,30.0
10024,3,space_invaders,1980685,1985773,38.0
10025,3,space_invaders,1979935,1985951,45.0
10026,3,space_invaders,1967955,1985987,145.0
10027,3,space_invaders,1980786,1987058,48.0
10028,3,space_invaders,1985371,1987067,16.0
10029,3,space_invaders,1985386,1987258,17.0
10030,3,space_invaders,1985951,1987679,19.0
10031,3,space_invaders,1981884,1987740,46.0
10032,3,space_invaders,1981749,1988085,46.0
10033,3,space_invaders,1982577,1988113,43.0
10034,3,space_invaders,1984256,1988848,38.0
10035,3,space_invaders,1983702,1988950,41.0
10036,3,space_invaders,1985987,1989299,27.0
10037,3,space_invaders,1985773,1989357,23.0
10038,3,space_invaders,1988085,1989653,14.0
10039,3,space_invaders,1983924,1989796,52.0
10040,3,space_invaders,1988113,1990625,22.0
10041,3,space_invaders,1987067,1990715,26.0
10042,3,space_invaders,1988950,1991590,23.0
10043,3,space_invaders,1978023,1991863,108.0
10044,3,space_invaders,1979166,1992014,96.0
10045,3,space_invaders,1987679,1992127,36.0
10046,3,space_invaders,1987258,1992458,38.0
10047,3,space_invaders,1989796,1992900,23.0
10048,3,space_invaders,1987058,1994050,46.0
10049,3,space_invaders,1987740,1994556,47.0
10050,3,space_invaders,1991590,1994758,23.0
10051,3,space_invaders,1990625,1994881,36.0
10052,3,space_invaders,1989299,1995667,53.0
10053,3,space_invaders,1992900,1996052,26.0
10054,3,space_invaders,1988848,1996944,70.0
10055,3,space_invaders,1994050,1997202,26.0
10056,3,space_invaders,1982984,1997624,117.0
10057,3,space_invaders,1990715,1997707,58.0
10058,3,space_invaders,1994758,1998390,30.0
10059,3,space_invaders,1989357,1998589,73.0
10060,3,space_invaders,1996052,1998724,26.0
10061,3,space_invaders,1974489,1998729,202.0
10062,3,space_invaders,1991863,1999095,46.0
10063,3,space_invaders,1992014,1999470,59.0
10064,3,space_invaders,1989653,1999797,72.0
10065,4,space_invaders,1999872,2000603,8.0
10066,4,space_invaders,1999872,2001863,17.0
10067,4,space_invaders,1999872,2002228,22.0
10068,4,space_invaders,1999872,2003333,25.0
10069,4,space_invaders,2003333,2004069,7.0
10070,4,space_invaders,1999872,2004419,38.0
10071,4,space_invaders,1999872,2004478,38.0
10072,4,space_invaders,1999872,2005398,47.0
10073,4,space_invaders,1999872,2005577,49.0
10074,4,space_invaders,2002228,2006036,22.0
10075,4,space_invaders,1999872,2006049,49.0
10076,4,space_invaders,2000603,2006459,47.0
10077,4,space_invaders,2004478,2007726,23.0
10078,4,space_invaders,2001863,2008199,53.0
10079,4,space_invaders,2005398,2008710,25.0
10080,4,space_invaders,1999872,2008802,70.0
10081,4,space_invaders,1999872,2009069,70.0
10082,4,space_invaders,1999872,2009551,71.0
10083,4,space_invaders,2008802,2009714,11.0
10084,4,space_invaders,2008199,2010039,16.0
10085,4,space_invaders,2010039,2010951,11.0
10086,4,space_invaders,1999872,2011336,88.0
10087,4,space_invaders,2004419,2011459,47.0
10088,4,space_invaders,2010951,2011559,7.0
10089,4,space_invaders,1999872,2012332,95.0
10090,4,space_invaders,2008710,2012342,26.0
10091,4,space_invaders,2009069,2012365,29.0
10092,4,space_invaders,2009551,2012703,23.0
10093,4,space_invaders,2006459,2012971,52.0
10094,4,space_invaders,2004069,2013253,72.0
10095,4,space_invaders,2007726,2013534,45.0
10096,4,space_invaders,2012365,2015021,23.0
10097,4,space_invaders,1999872,2015024,120.0
10098,4,space_invaders,2013253,2015717,21.0
10099,4,space_invaders,2006049,2015953,71.0
10100,4,space_invaders,1999872,2016074,119.0
10101,4,space_invaders,2011336,2016232,36.0
10102,4,space_invaders,2013534,2017806,38.0
10103,4,space_invaders,2005577,2019273,95.0
10104,4,space_invaders,2015717,2020757,37.0
10105,4,space_invaders,2012332,2020764,70.0
10106,4,space_invaders,2012342,2021046,67.0
10107,4,space_invaders,2012703,2021247,68.0
10108,4,space_invaders,2016232,2021304,38.0
10109,4,space_invaders,2011559,2021767,87.0
10110,4,space_invaders,2020764,2022636,17.0
10111,4,space_invaders,2011459,2022739,91.0
10112,4,space_invaders,2015021,2022957,59.0
10113,4,space_invaders,2021304,2023000,16.0
10114,4,space_invaders,2022957,2023693,8.0
10115,4,space_invaders,2021046,2024278,24.0
10116,4,space_invaders,2006036,2024596,143.0
10117,4,space_invaders,2021247,2024719,23.0
10118,4,space_invaders,2012971,2024827,95.0
10119,4,space_invaders,2009714,2024850,123.0
10120,4,space_invaders,2022636,2027068,34.0
10121,4,space_invaders,2015953,2027745,93.0
10122,4,space_invaders,2024827,2027771,23.0
10123,4,space_invaders,2019273,2028313,70.0
10124,4,space_invaders,2024596,2028356,23.0
10125,4,space_invaders,2024850,2028626,31.0
10126,4,space_invaders,2020757,2028693,70.0
10127,4,space_invaders,2021767,2028743,54.0
10128,4,space_invaders,2027068,2028780,16.0
10129,4,space_invaders,2024719,2029055,23.0
10130,4,space_invaders,2023000,2030136,55.0
10131,4,space_invaders,2015024,2030224,119.0
10132,4,space_invaders,2016074,2030714,119.0
10133,4,space_invaders,2028356,2031172,22.0
10134,4,space_invaders,2027745,2031201,23.0
10135,4,space_invaders,2029055,2031567,23.0
10136,4,space_invaders,2028313,2031769,29.0
10137,4,space_invaders,2031201,2032113,10.0
10138,4,space_invaders,2028743,2032215,25.0
10139,4,space_invaders,2028693,2032309,30.0
10140,4,space_invaders,2031567,2032479,11.0
10141,4,space_invaders,2022739,2032483,71.0
10142,4,space_invaders,2028626,2033218,38.0
10143,4,space_invaders,2017806,2033438,127.0
10144,4,space_invaders,2031769,2033625,17.0
10145,4,space_invaders,2030224,2034160,35.0
10146,4,space_invaders,2032113,2034913,23.0
10147,4,space_invaders,2032483,2035475,26.0
10148,4,space_invaders,2024278,2035558,84.0
10149,4,space_invaders,2030136,2036296,46.0
10150,4,space_invaders,2033218,2036370,23.0
10151,4,space_invaders,2033438,2036526,23.0
10152,4,space_invaders,2034913,2036769,17.0
10153,4,space_invaders,2033625,2036857,23.0
10154,4,space_invaders,2036370,2037106,9.0
10155,4,space_invaders,2031172,2037396,47.0
10156,4,space_invaders,2027771,2037435,71.0
10157,4,space_invaders,2036526,2037438,10.0
10158,4,space_invaders,2032215,2038743,47.0
10159,4,space_invaders,2032479,2038799,47.0
10160,4,space_invaders,2023693,2039613,132.0
10161,4,space_invaders,2037106,2039858,24.0
10162,4,space_invaders,2037438,2040094,24.0
10163,4,space_invaders,2035558,2040166,41.0
10164,4,space_invaders,2036769,2040801,23.0
10165,4,space_invaders,2030714,2042474,97.0
10166,4,space_invaders,2040801,2042513,18.0
10167,4,space_invaders,2040166,2042678,22.0
10168,4,space_invaders,2036296,2042792,46.0
10169,4,space_invaders,2038799,2043247,40.0
10170,4,space_invaders,2034160,2043504,71.0
10171,4,space_invaders,2039858,2043858,23.0
10172,4,space_invaders,2042474,2044026,15.0
10173,4,space_invaders,2037396,2044756,47.0
10174,4,space_invaders,2042678,2046326,27.0
10175,4,space_invaders,2036857,2046361,71.0
10176,4,space_invaders,2035475,2046771,95.0
10177,4,space_invaders,2037435,2047595,70.0
10178,4,space_invaders,2039613,2048125,73.0
10179,4,space_invaders,2047595,2048331,9.0
10180,4,space_invaders,2028780,2048620,143.0
10181,4,space_invaders,2046326,2048822,23.0
10182,4,space_invaders,2040094,2049150,71.0
10183,4,space_invaders,2046361,2049497,28.0
10184,4,space_invaders,2032309,2049701,139.0
10185,4,space_invaders,2042513,2049857,46.0
10186,4,space_invaders,2043504,2050016,49.0
10187,4,space_invaders,2044026,2050058,47.0
10188,4,space_invaders,2038743,2050551,92.0
10189,4,space_invaders,2049701,2050613,10.0
10190,4,space_invaders,2043247,2051039,61.0
10191,4,space_invaders,2048331,2051115,22.0
10192,4,space_invaders,2044756,2051588,47.0
10193,4,space_invaders,2049857,2052193,23.0
10194,4,space_invaders,2050058,2053002,23.0
10195,4,space_invaders,2052193,2053121,9.0
10196,4,space_invaders,2048125,2053677,42.0
10197,4,space_invaders,2050613,2053781,23.0
10198,4,space_invaders,2048620,2054988,46.0
10199,4,space_invaders,2042792,2055512,94.0
10200,4,space_invaders,2050016,2055840,47.0
10201,4,space_invaders,2048822,2056102,47.0
10202,4,space_invaders,2049150,2056126,57.0
10203,4,space_invaders,2043858,2056434,95.0
10204,4,space_invaders,2054988,2057468,19.0
10205,4,space_invaders,2053781,2058341,33.0
10206,4,space_invaders,2056126,2058942,23.0
10207,4,space_invaders,2056102,2060102,23.0
10208,4,space_invaders,2046771,2060147,106.0
10209,4,space_invaders,2053121,2060257,52.0
10210,4,space_invaders,2057468,2060300,23.0
10211,4,space_invaders,2055840,2060592,38.0
10212,4,space_invaders,2053002,2060634,52.0
10213,4,space_invaders,2049497,2060729,71.0
10214,4,space_invaders,2051039,2061023,73.0
10215,4,space_invaders,2050551,2061367,71.0
10216,4,space_invaders,2055512,2061832,47.0
10217,4,space_invaders,2060592,2062336,18.0
10218,4,space_invaders,2060147,2063443,23.0
10219,4,space_invaders,2061023,2064479,29.0
10220,4,space_invaders,2062336,2064544,18.0
10221,4,space_invaders,2060634,2065082,37.0
10222,4,space_invaders,2060729,2065145,38.0
10223,4,space_invaders,2061367,2065159,34.0
10224,4,space_invaders,2060257,2065169,45.0
10225,4,space_invaders,2061832,2065304,23.0
10226,4,space_invaders,2063443,2065795,21.0
10227,4,space_invaders,2056434,2065826,74.0
10228,4,space_invaders,2065082,2065994,8.0
10229,4,space_invaders,2051115,2066459,118.0
10230,4,space_invaders,2065159,2067799,23.0
10231,4,space_invaders,2064544,2068112,23.0
10232,4,space_invaders,2065145,2068297,28.0
10233,4,space_invaders,2051588,2068628,118.0
10234,4,space_invaders,2065795,2068771,24.0
10235,4,space_invaders,2064479,2069247,41.0
10236,4,space_invaders,2065169,2069921,35.0
10237,4,space_invaders,2065304,2070056,41.0
10238,4,space_invaders,2065826,2071234,44.0
10239,4,space_invaders,2060300,2071740,85.0
10240,4,space_invaders,2069921,2072273,23.0
10241,4,space_invaders,2065994,2072762,47.0
10242,4,space_invaders,2058942,2073278,123.0
10243,4,space_invaders,2067799,2073495,47.0
10244,4,space_invaders,2053677,2074029,166.0
10245,4,space_invaders,2074029,2074957,10.0
10246,4,space_invaders,2071740,2076140,37.0
10247,4,space_invaders,2073278,2076702,22.0
10248,4,space_invaders,2060102,2076982,136.0
10249,4,space_invaders,2072762,2077994,44.0
10250,4,space_invaders,2066459,2078059,95.0
10251,4,space_invaders,2068297,2078153,77.0
10252,4,space_invaders,2074957,2078749,27.0
10253,4,space_invaders,2078059,2078811,9.0
10254,4,space_invaders,2069247,2079359,71.0
10255,4,space_invaders,2070056,2079384,72.0
10256,4,space_invaders,2078153,2079721,15.0
10257,4,space_invaders,2071234,2080930,69.0
10258,4,space_invaders,2076982,2081398,37.0
10259,4,space_invaders,2068771,2081971,106.0
10260,4,space_invaders,2073495,2082711,71.0
10261,4,space_invaders,2068112,2082784,118.0
10262,4,space_invaders,2081971,2083715,16.0
10263,4,space_invaders,2077994,2083866,52.0
10264,4,space_invaders,2078811,2085067,47.0
10265,4,space_invaders,2072273,2085601,95.0
10266,4,space_invaders,2068628,2086964,143.0
10267,4,space_invaders,2080930,2086978,45.0
10268,4,space_invaders,2076140,2088076,94.0
10269,4,space_invaders,2076702,2088958,107.0
10270,4,space_invaders,2058341,2089221,235.0
10271,4,space_invaders,2079721,2089433,73.0
10272,4,space_invaders,2085067,2089643,31.0
10273,4,space_invaders,2083715,2090931,46.0
10274,4,space_invaders,2082784,2091024,61.0
10275,4,space_invaders,2085601,2091953,47.0
10276,4,space_invaders,2091024,2092096,12.0
10277,4,space_invaders,2089643,2092315,22.0
10278,4,space_invaders,2082711,2092647,71.0
10279,4,space_invaders,2081398,2092998,94.0
10280,4,space_invaders,2089433,2093209,29.0
10281,4,space_invaders,2090931,2093427,22.0
10282,4,space_invaders,2083866,2093562,75.0
10283,4,space_invaders,2086978,2094466,59.0
10284,4,space_invaders,2088076,2094508,47.0
10285,4,space_invaders,2079384,2094520,116.0
10286,4,space_invaders,2078749,2094845,124.0
10287,4,space_invaders,2088958,2095502,47.0
10288,4,space_invaders,2089221,2095877,58.0
10289,4,space_invaders,2086964,2097428,70.0
10290,4,space_invaders,2094520,2097848,27.0
10291,4,space_invaders,2092998,2098230,42.0
10292,4,space_invaders,2092315,2099611,57.0
10293,4,space_invaders,2099611,2100347,6.0
10294,4,space_invaders,2094508,2100540,52.0
10295,4,space_invaders,2097428,2100900,30.0
10296,4,space_invaders,2098230,2100902,22.0
10297,4,space_invaders,2079359,2101535,167.0
10298,4,space_invaders,2097848,2101640,23.0
10299,4,space_invaders,2093562,2102010,61.0
10300,4,space_invaders,2094845,2102621,47.0
10301,4,space_invaders,2092647,2104119,89.0
10302,4,space_invaders,2094466,2104290,71.0
10303,4,space_invaders,2093427,2104403,95.0
10304,4,space_invaders,2100347,2104907,39.0
10305,4,space_invaders,2100902,2105158,29.0
10306,4,space_invaders,2092096,2105472,104.0
10307,4,space_invaders,2104119,2105863,16.0
10308,4,space_invaders,2093209,2108345,118.0
10309,4,space_invaders,2091953,2108689,128.0
10310,4,space_invaders,2100900,2109300,62.0
10311,4,space_invaders,2095502,2109678,107.0
10312,4,space_invaders,2104403,2109763,37.0
10313,4,space_invaders,2104290,2109842,40.0
10314,4,space_invaders,2102010,2110122,61.0
10315,4,space_invaders,2105863,2110327,32.0
10316,4,space_invaders,2101640,2110536,64.0
10317,4,space_invaders,2104907,2111547,46.0
10318,4,space_invaders,2108689,2111809,23.0
10319,4,space_invaders,2101535,2112031,79.0
10320,4,space_invaders,2105472,2112272,47.0
10321,4,space_invaders,2105158,2112486,56.0
10322,4,space_invaders,2109300,2113076,30.0
10323,4,space_invaders,2100540,2113116,94.0
10324,4,space_invaders,2109763,2113651,23.0
10325,4,space_invaders,2112272,2114160,18.0
10326,4,space_invaders,2113116,2114860,17.0
10327,4,space_invaders,2110122,2114890,37.0
10328,4,space_invaders,2109842,2115218,44.0
10329,4,space_invaders,2112486,2115318,26.0
10330,4,space_invaders,2113076,2115588,22.0
10331,4,space_invaders,2108345,2115673,47.0
10332,4,space_invaders,2109678,2115710,49.0
10333,4,space_invaders,2110327,2115895,41.0
10334,4,space_invaders,2114890,2115962,13.0
10335,4,space_invaders,2102621,2116013,98.0
10336,4,space_invaders,2115895,2116503,7.0
10337,4,space_invaders,2116503,2117111,7.0
10338,4,space_invaders,2110536,2118008,54.0
10339,4,space_invaders,2115218,2118050,22.0
10340,4,space_invaders,2115673,2118169,22.0
10341,4,space_invaders,2114860,2118492,32.0
10342,4,space_invaders,2112031,2118623,47.0
10343,4,space_invaders,2115710,2118702,22.0
10344,4,space_invaders,2111547,2118715,57.0
10345,4,space_invaders,2095877,2118949,191.0
10346,4,space_invaders,2118702,2119438,8.0
10347,4,space_invaders,2113651,2119491,47.0
10348,4,space_invaders,2114160,2120032,47.0
10349,4,space_invaders,2120032,2121920,15.0
10350,4,space_invaders,2119438,2122078,22.0
10351,4,space_invaders,2118050,2122770,40.0
10352,4,space_invaders,2117111,2124583,62.0
10353,4,space_invaders,2115318,2125110,71.0
10354,4,space_invaders,2118492,2125788,54.0
10355,4,space_invaders,2119491,2126163,55.0
10356,4,space_invaders,2118623,2126431,67.0
10357,4,space_invaders,2122078,2126494,37.0
10358,4,space_invaders,2111809,2126929,131.0
10359,4,space_invaders,2116013,2127181,88.0
10360,4,space_invaders,2124583,2128375,30.0
10361,4,space_invaders,2118715,2128555,85.0
10362,4,space_invaders,2115962,2128682,107.0
10363,4,space_invaders,2125788,2128876,24.0
10364,4,space_invaders,2118949,2129125,71.0
10365,4,space_invaders,2125110,2129686,38.0
10366,4,space_invaders,2127181,2130813,32.0
10367,4,space_invaders,2122770,2131042,64.0
10368,4,space_invaders,2126163,2131043,34.0
10369,4,space_invaders,2126929,2131393,36.0
10370,4,space_invaders,2131043,2131939,11.0
10371,4,space_invaders,2128555,2132507,31.0
10372,4,space_invaders,2130813,2132525,15.0
10373,4,space_invaders,2126494,2132766,48.0
10374,4,space_invaders,2132507,2133115,7.0
10375,4,space_invaders,2132766,2133678,10.0
10376,4,space_invaders,2128876,2133932,38.0
10377,4,space_invaders,2129686,2133942,34.0
10378,4,space_invaders,2131393,2134065,21.0
10379,4,space_invaders,2128682,2134218,46.0
10380,4,space_invaders,2133115,2135627,22.0
10381,4,space_invaders,2133942,2135782,13.0
10382,4,space_invaders,2126431,2135951,70.0
10383,4,space_invaders,2132525,2136093,24.0
10384,4,space_invaders,2133678,2136510,22.0
10385,4,space_invaders,2129125,2136901,61.0
10386,4,space_invaders,2115588,2137188,167.0
10387,4,space_invaders,2118169,2137593,155.0
10388,4,space_invaders,2121920,2137792,119.0
10389,4,space_invaders,2134218,2138570,23.0
10390,4,space_invaders,2137188,2139060,13.0
10391,4,space_invaders,2135782,2139318,23.0
10392,4,space_invaders,2136510,2139342,22.0
10393,4,space_invaders,2135951,2139727,23.0
10394,4,space_invaders,2137593,2139801,15.0
10395,4,space_invaders,2118008,2140040,181.0
10396,4,space_invaders,2137792,2140432,18.0
10397,4,space_invaders,2136901,2141141,23.0
10398,4,space_invaders,2139342,2141374,18.0
10399,4,space_invaders,2139060,2141732,21.0
10400,4,space_invaders,2136093,2141949,46.0
10401,4,space_invaders,2140432,2142000,14.0
10402,4,space_invaders,2141374,2142302,10.0
10403,4,space_invaders,2131939,2142931,86.0
10404,4,space_invaders,2131042,2143138,95.0
10405,4,space_invaders,2141732,2143732,18.0
10406,4,space_invaders,2139801,2143913,30.0
10407,4,space_invaders,2128375,2144087,119.0
10408,4,space_invaders,2135627,2144555,65.0
10409,4,space_invaders,2142000,2144816,22.0
10410,4,space_invaders,2134065,2144913,84.0
10411,4,space_invaders,2143913,2145481,16.0
10412,4,space_invaders,2141141,2145733,35.0
10413,4,space_invaders,2144087,2145799,17.0
10414,4,space_invaders,2139318,2146454,54.0
10415,4,space_invaders,2144816,2147008,23.0
10416,4,space_invaders,2139727,2147199,63.0
10417,4,space_invaders,2141949,2147453,44.0
10418,4,space_invaders,2144555,2148123,22.0
10419,4,space_invaders,2144913,2148433,23.0
10420,4,space_invaders,2143732,2148468,35.0
10421,4,space_invaders,2145481,2149001,23.0
10422,4,space_invaders,2148468,2149204,9.0
10423,4,space_invaders,2145733,2149349,29.0
10424,4,space_invaders,2133932,2149388,105.0
10425,4,space_invaders,2145799,2149415,29.0
10426,4,space_invaders,2146454,2150566,33.0
10427,4,space_invaders,2147453,2150909,30.0
10428,4,space_invaders,2147199,2150975,29.0
10429,4,space_invaders,2148123,2151115,27.0
10430,4,space_invaders,2143138,2151394,71.0
10431,4,space_invaders,2149204,2151524,21.0
10432,4,space_invaders,2150909,2151981,13.0
10433,4,space_invaders,2138570,2152266,108.0
10434,4,space_invaders,2150566,2152310,17.0
10435,4,space_invaders,2152266,2153002,9.0
10436,4,space_invaders,2149001,2153577,37.0
10437,4,space_invaders,2151115,2153787,23.0
10438,4,space_invaders,2150975,2154223,24.0
10439,4,space_invaders,2151394,2155026,26.0
10440,4,space_invaders,2148433,2156065,65.0
10441,4,space_invaders,2156065,2156673,7.0
10442,4,space_invaders,2149388,2156716,50.0
10443,4,space_invaders,2153787,2157115,23.0
10444,4,space_invaders,2153577,2157817,36.0
10445,4,space_invaders,2152310,2157830,46.0
10446,4,space_invaders,2149349,2158405,70.0
10447,4,space_invaders,2155026,2158418,23.0
10448,4,space_invaders,2140040,2158696,155.0
10449,4,space_invaders,2142931,2158723,130.0
10450,4,space_invaders,2147008,2159088,95.0
10451,4,space_invaders,2153002,2159322,46.0
10452,4,space_invaders,2157830,2159558,16.0
10453,4,space_invaders,2159322,2159930,7.0
10454,4,space_invaders,2142302,2160846,143.0
10455,4,space_invaders,2157115,2161851,39.0
10456,4,space_invaders,2157817,2161913,32.0
10457,4,space_invaders,2158723,2162035,26.0
10458,4,space_invaders,2159088,2162384,27.0
10459,4,space_invaders,2149415,2162487,101.0
10460,4,space_invaders,2158696,2162632,32.0
10461,4,space_invaders,2151524,2162820,81.0
10462,4,space_invaders,2162487,2162919,4.0
10463,4,space_invaders,2159930,2163642,23.0
10464,4,space_invaders,2158405,2163781,47.0
10465,4,space_invaders,2159558,2163798,36.0
10466,4,space_invaders,2154223,2163919,78.0
10467,4,space_invaders,2163642,2164250,7.0
10468,4,space_invaders,2162384,2165216,22.0
10469,4,space_invaders,2163781,2165509,13.0
10470,4,space_invaders,2160846,2165566,32.0
10471,4,space_invaders,2161851,2165803,38.0
10472,4,space_invaders,2151981,2166141,112.0
10473,4,space_invaders,2165509,2166245,8.0
10474,4,space_invaders,2161913,2166329,33.0
10475,4,space_invaders,2158418,2166338,61.0
10476,4,space_invaders,2156716,2166412,71.0
10477,4,space_invaders,2163919,2166431,22.0
10478,4,space_invaders,2162632,2166440,22.0
10479,4,space_invaders,2156673,2167313,88.0
10480,4,space_invaders,2166245,2168101,14.0
10481,4,space_invaders,2166431,2168287,17.0
10482,4,space_invaders,2162919,2168311,49.0
10483,4,space_invaders,2162820,2168516,47.0
10484,4,space_invaders,2162035,2169203,47.0
10485,4,space_invaders,2166412,2169900,27.0
10486,4,space_invaders,2166338,2170130,33.0
10487,4,space_invaders,2166141,2170253,31.0
10488,4,space_invaders,2169203,2170275,13.0
10489,4,space_invaders,2168101,2170597,23.0
10490,4,space_invaders,2167313,2170673,23.0
10491,4,space_invaders,2170130,2171186,11.0
10492,4,space_invaders,2164250,2171418,59.0
10493,4,space_invaders,2168311,2171463,25.0
10494,4,space_invaders,2171186,2171474,3.0
10495,4,space_invaders,2165216,2171760,47.0
10496,4,space_invaders,2166440,2172296,47.0
10497,4,space_invaders,2166329,2172521,45.0
10498,4,space_invaders,2168516,2173732,46.0
10499,4,space_invaders,2165566,2174014,75.0
10500,4,space_invaders,2163798,2174150,75.0
10501,4,space_invaders,2170673,2174241,22.0
10502,4,space_invaders,2172521,2174377,17.0
10503,4,space_invaders,2171474,2174434,22.0
10504,4,space_invaders,2173732,2174500,8.0
10505,4,space_invaders,2171463,2174551,24.0
10506,4,space_invaders,2169900,2174972,45.0
10507,4,space_invaders,2170597,2176277,49.0
10508,4,space_invaders,2174241,2176433,23.0
10509,4,space_invaders,2165803,2176491,87.0
10510,4,space_invaders,2170275,2177251,54.0
10511,4,space_invaders,2174972,2178300,26.0
10512,4,space_invaders,2174500,2178436,33.0
10513,4,space_invaders,2174551,2178487,31.0
10514,4,space_invaders,2170253,2178653,65.0
10515,4,space_invaders,2174377,2178809,36.0
10516,4,space_invaders,2178300,2178908,7.0
10517,4,space_invaders,2178653,2179261,7.0
10518,4,space_invaders,2179261,2179853,7.0
10519,4,space_invaders,2176433,2180049,30.0
10520,4,space_invaders,2172296,2180216,62.0
10521,4,space_invaders,2176491,2180267,31.0
10522,4,space_invaders,2171418,2181418,84.0
10523,4,space_invaders,2168287,2181695,111.0
10524,4,space_invaders,2178809,2181945,28.0
10525,4,space_invaders,2171760,2181952,79.0
10526,4,space_invaders,2178908,2182028,22.0
10527,4,space_invaders,2178487,2182135,34.0
10528,4,space_invaders,2179853,2182205,22.0
10529,4,space_invaders,2174434,2183154,71.0
10530,4,space_invaders,2180216,2183560,23.0
10531,4,space_invaders,2181952,2183808,18.0
10532,4,space_invaders,2180267,2183979,24.0
10533,4,space_invaders,2182135,2184023,18.0
10534,4,space_invaders,2177251,2184051,47.0
10535,4,space_invaders,2178436,2184308,47.0
10536,4,space_invaders,2176277,2184997,70.0
10537,4,space_invaders,2182205,2186285,35.0
10538,4,space_invaders,2180049,2186497,47.0
10539,4,space_invaders,2181418,2186826,42.0
10540,4,space_invaders,2184997,2187509,21.0
10541,4,space_invaders,2186826,2188394,16.0
10542,4,space_invaders,2184308,2188724,37.0
10543,4,space_invaders,2174014,2189422,119.0
10544,4,space_invaders,2188394,2189482,12.0
10545,4,space_invaders,2188724,2189956,14.0
10546,4,space_invaders,2189482,2190074,7.0
10547,4,space_invaders,2181945,2191097,71.0
10548,4,space_invaders,2183808,2191184,47.0
10549,4,space_invaders,2186285,2191517,44.0
10550,4,space_invaders,2183560,2192008,61.0
10551,4,space_invaders,2192008,2193416,15.0
10552,4,space_invaders,2186497,2195505,71.0
10553,4,space_invaders,2191517,2195645,41.0
10554,4,space_invaders,2184051,2195843,94.0
10555,4,space_invaders,2184023,2196279,93.0
10556,4,space_invaders,2181695,2196367,117.0
10557,4,space_invaders,2183154,2196466,95.0
10558,4,space_invaders,2174150,2196486,170.0
10559,4,space_invaders,2189956,2196804,47.0
10560,4,space_invaders,2187509,2197525,79.0
10561,4,space_invaders,2196367,2197775,15.0
10562,4,space_invaders,2189422,2198062,71.0
10563,4,space_invaders,2195645,2198317,23.0
10564,4,space_invaders,2193416,2198632,47.0
10565,4,space_invaders,2196466,2198962,22.0
10566,4,space_invaders,2196804,2199316,22.0
10567,4,space_invaders,2199316,2200228,10.0
10568,4,space_invaders,2198962,2200674,18.0
10569,4,space_invaders,2197775,2200991,23.0
10570,4,space_invaders,2197525,2201813,36.0
10571,4,space_invaders,2191184,2202000,86.0
10572,4,space_invaders,2182028,2202220,165.0
10573,4,space_invaders,2196486,2203158,55.0
10574,4,space_invaders,2183979,2203563,167.0
10575,4,space_invaders,2202000,2204512,22.0
10576,4,space_invaders,2198062,2204590,63.0
10577,4,space_invaders,2200228,2204836,44.0
10578,4,space_invaders,2195505,2205681,71.0
10579,4,space_invaders,2200674,2206194,46.0
10580,4,space_invaders,2204836,2206228,17.0
10581,4,space_invaders,2206228,2206820,7.0
10582,4,space_invaders,2202220,2207116,43.0
10583,4,space_invaders,2204590,2208366,30.0
10584,4,space_invaders,2190074,2208730,143.0
10585,4,space_invaders,2201813,2208949,47.0
10586,4,space_invaders,2205681,2209169,23.0
10587,4,space_invaders,2207116,2209308,21.0
10588,4,space_invaders,2203563,2209435,52.0
10589,4,space_invaders,2196279,2209447,95.0
10590,4,space_invaders,2195843,2209555,118.0
10591,4,space_invaders,2206194,2209970,33.0
10592,4,space_invaders,2209970,2210578,7.0
10593,4,space_invaders,2209447,2210663,12.0
10594,4,space_invaders,2198317,2210909,104.0
10595,4,space_invaders,2206820,2210916,29.0
10596,4,space_invaders,2200991,2210927,71.0
10597,4,space_invaders,2209169,2212257,24.0
10598,4,space_invaders,2208366,2213134,45.0
10599,4,space_invaders,2208949,2213557,41.0
10600,4,space_invaders,2191097,2213705,185.0
10601,4,space_invaders,2210916,2214068,25.0
10602,4,space_invaders,2213557,2214149,7.0
10603,4,space_invaders,2208730,2215082,59.0
10604,4,space_invaders,2212257,2216865,39.0
10605,4,space_invaders,2209435,2217195,71.0
10606,4,space_invaders,2214149,2218261,31.0
10607,4,space_invaders,2214068,2218340,23.0
10608,4,space_invaders,2210909,2218541,47.0
10609,4,space_invaders,2204512,2219808,118.0
10610,4,space_invaders,2219808,2220400,7.0
10611,4,space_invaders,2210578,2220450,70.0
10612,4,space_invaders,2210663,2220839,85.0
10613,4,space_invaders,2209308,2221404,96.0
10614,4,space_invaders,2213134,2221854,69.0
10615,4,space_invaders,2209555,2222099,96.0
10616,4,space_invaders,2221404,2222140,9.0
10617,4,space_invaders,2222140,2222876,9.0
10618,4,space_invaders,2203158,2223062,164.0
10619,4,space_invaders,2216865,2223217,47.0
10620,4,space_invaders,2215082,2223354,67.0
10621,4,space_invaders,2198632,2223432,189.0
10622,4,space_invaders,2222876,2223484,7.0
10623,4,space_invaders,2213705,2224121,70.0
10624,4,space_invaders,2222099,2224147,17.0
10625,4,space_invaders,2223484,2225212,17.0
10626,4,space_invaders,2218541,2225213,55.0
10627,4,space_invaders,2223432,2225768,21.0
10628,4,space_invaders,2220839,2225911,46.0
10629,4,space_invaders,2218261,2226053,46.0
10630,4,space_invaders,2223217,2226609,23.0
10631,4,space_invaders,2225911,2226823,10.0
10632,4,space_invaders,2225768,2226840,13.0
10633,4,space_invaders,2218340,2227412,74.0
10634,4,space_invaders,2224121,2227433,31.0
10635,4,space_invaders,2217195,2227451,71.0
10636,4,space_invaders,2220400,2227840,47.0
10637,4,space_invaders,2224147,2227891,22.0
10638,4,space_invaders,2220450,2228082,66.0
10639,4,space_invaders,2226609,2228161,16.0
10640,4,space_invaders,2210927,2228431,119.0
10641,4,space_invaders,2225213,2228749,23.0
10642,4,space_invaders,2226053,2229493,23.0
10643,4,space_invaders,2228749,2229661,10.0
10644,4,space_invaders,2223354,2229946,48.0
10645,4,space_invaders,2223062,2230054,47.0
10646,4,space_invaders,2221854,2230430,71.0
10647,4,space_invaders,2230054,2231622,16.0
10648,4,space_invaders,2225212,2231740,46.0
10649,4,space_invaders,2228431,2231807,23.0
10650,4,space_invaders,2227451,2233627,53.0
10651,4,space_invaders,2227412,2234404,62.0
10652,4,space_invaders,2227433,2234505,47.0
10653,4,space_invaders,2230430,2234526,38.0
10654,4,space_invaders,2231807,2235279,31.0
10655,4,space_invaders,2234526,2235454,10.0
10656,4,space_invaders,2229493,2235829,55.0
10657,4,space_invaders,2229661,2236477,51.0
10658,4,space_invaders,2235829,2236901,13.0
10659,4,space_invaders,2229946,2236922,64.0
10660,4,space_invaders,2227840,2237600,71.0
10661,4,space_invaders,2226823,2237607,95.0
10662,4,space_invaders,2235279,2237775,23.0
10663,4,space_invaders,2231622,2237846,47.0
10664,4,space_invaders,2234404,2238020,30.0
10665,4,space_invaders,2226840,2238280,86.0
10666,4,space_invaders,2236477,2238813,22.0
10667,4,space_invaders,2228082,2239714,98.0
10668,4,space_invaders,2233627,2239803,54.0
10669,4,space_invaders,2228161,2240513,97.0
10670,4,space_invaders,2227891,2240739,95.0
10671,4,space_invaders,2237775,2241391,29.0
10672,4,space_invaders,2231740,2242092,93.0
10673,4,space_invaders,2239714,2243650,32.0
10674,4,space_invaders,2237607,2244039,47.0
10675,4,space_invaders,2237600,2244400,47.0
10676,4,space_invaders,2243650,2244898,13.0
10677,4,space_invaders,2239803,2245179,47.0
10678,4,space_invaders,2236922,2245194,69.0
10679,4,space_invaders,2242092,2245388,23.0
10680,4,space_invaders,2238280,2245416,61.0
10681,4,space_invaders,2237846,2246422,71.0
10682,4,space_invaders,2234505,2246601,94.0
10683,4,space_invaders,2241391,2249151,61.0
10684,4,space_invaders,2245179,2250987,47.0
10685,4,space_invaders,2244039,2251015,54.0
10686,4,space_invaders,2240739,2251843,71.0
10687,4,space_invaders,2238813,2252173,110.0
10688,4,space_invaders,2245388,2252236,63.0
10689,4,space_invaders,2246601,2252617,46.0
10690,4,space_invaders,2249151,2253103,32.0
10691,4,space_invaders,2240513,2253249,108.0
10692,4,space_invaders,2252236,2253308,12.0
10693,4,space_invaders,2244400,2253632,77.0
10694,4,space_invaders,2238020,2253700,119.0
10695,4,space_invaders,2235454,2253918,138.0
10696,4,space_invaders,2236901,2254437,146.0
10697,4,space_invaders,2245416,2254616,70.0
10698,4,space_invaders,2252617,2254665,19.0
10699,4,space_invaders,2254437,2256149,16.0
10700,4,space_invaders,2252173,2257085,37.0
10701,4,space_invaders,2253700,2257316,28.0
10702,4,space_invaders,2244898,2257570,95.0
10703,4,space_invaders,2253308,2257708,38.0
10704,4,space_invaders,2245194,2257770,101.0
10705,4,space_invaders,2251015,2257991,55.0
10706,4,space_invaders,2257770,2258842,13.0
10707,4,space_invaders,2253632,2259008,46.0
10708,4,space_invaders,2254665,2259241,43.0
10709,4,space_invaders,2254616,2259384,42.0
10710,4,space_invaders,2253249,2259425,56.0
10711,4,space_invaders,2250987,2259707,68.0
10712,4,space_invaders,2253918,2260302,58.0
10713,4,space_invaders,2259241,2261753,22.0
10714,4,space_invaders,2251843,2262275,71.0
10715,4,space_invaders,2259707,2262379,22.0
10716,4,space_invaders,2257570,2262930,46.0
10717,4,space_invaders,2258842,2263402,39.0
10718,4,space_invaders,2259425,2264625,37.0
10719,4,space_invaders,2253103,2265199,94.0
10720,4,space_invaders,2246422,2266182,156.0
10721,4,space_invaders,2262379,2266971,35.0
10722,4,space_invaders,2265199,2267551,23.0
10723,4,space_invaders,2257708,2267996,71.0
10724,4,space_invaders,2257316,2268596,85.0
10725,4,space_invaders,2264625,2268897,34.0
10726,4,space_invaders,2266971,2269019,21.0
10727,4,space_invaders,2259384,2269544,71.0
10728,4,space_invaders,2262930,2269730,47.0
10729,4,space_invaders,2263402,2270218,53.0
10730,4,space_invaders,2256149,2270597,119.0
10731,4,space_invaders,2269544,2271896,22.0
10732,4,space_invaders,2267551,2272159,46.0
10733,4,space_invaders,2267996,2272908,46.0
10734,4,space_invaders,2268596,2273156,43.0
10735,4,space_invaders,2261753,2273385,95.0
10736,4,space_invaders,2269730,2273410,23.0
10737,4,space_invaders,2266182,2273990,59.0
10738,4,space_invaders,2257991,2274263,122.0
10739,4,space_invaders,2271896,2274568,22.0
10740,4,space_invaders,2257085,2275245,151.0
10741,4,space_invaders,2259008,2275264,128.0
10742,4,space_invaders,2269019,2275675,54.0
10743,4,space_invaders,2273385,2275737,22.0
10744,4,space_invaders,2272159,2275791,23.0
10745,4,space_invaders,2270597,2275829,45.0
10746,4,space_invaders,2275737,2276473,9.0
10747,4,space_invaders,2262275,2276771,124.0
10748,4,space_invaders,2273410,2276914,34.0
10749,4,space_invaders,2270218,2277114,47.0
10750,4,space_invaders,2268897,2277617,70.0
10751,4,space_invaders,2273156,2277780,23.0
10752,4,space_invaders,2274263,2278039,23.0
10753,4,space_invaders,2272908,2278284,40.0
10754,4,space_invaders,2275791,2278303,22.0
10755,4,space_invaders,2275264,2278608,23.0
10756,4,space_invaders,2278303,2278735,4.0
10757,4,space_invaders,2260302,2278830,155.0
10758,4,space_invaders,2275675,2279787,34.0
10759,4,space_invaders,2276473,2280137,22.0
10760,4,space_invaders,2278284,2280636,22.0
10761,4,space_invaders,2273990,2280678,47.0
10762,4,space_invaders,2275829,2280725,41.0
10763,4,space_invaders,2277114,2280762,32.0
10764,4,space_invaders,2275245,2280781,46.0
10765,4,space_invaders,2277617,2280929,27.0
10766,4,space_invaders,2280762,2281498,9.0
10767,4,space_invaders,2276771,2282931,47.0
10768,4,space_invaders,2276914,2283250,55.0
10769,4,space_invaders,2279787,2283403,34.0
10770,4,space_invaders,2280636,2284252,29.0
10771,4,space_invaders,2280929,2284593,23.0
10772,4,space_invaders,2280781,2284717,34.0
10773,4,space_invaders,2278830,2285150,47.0
10774,4,space_invaders,2284717,2288285,23.0
10775,4,space_invaders,2283403,2288331,44.0
10776,4,space_invaders,2277780,2288580,94.0
10777,4,space_invaders,2278735,2289551,90.0
10778,4,space_invaders,2280725,2289749,71.0
10779,4,space_invaders,2280137,2290137,84.0
10780,4,space_invaders,2282931,2290227,54.0
10781,4,space_invaders,2284252,2290684,47.0
10782,4,space_invaders,2285150,2291006,45.0
10783,4,space_invaders,2283250,2291490,68.0
10784,4,space_invaders,2288580,2292692,40.0
10785,4,space_invaders,2291006,2292750,16.0
10786,4,space_invaders,2284593,2292785,70.0
10787,4,space_invaders,2281498,2292794,95.0
10788,4,space_invaders,2290227,2292883,23.0
10789,4,space_invaders,2289749,2293269,22.0
10790,4,space_invaders,2292692,2293764,13.0
10791,4,space_invaders,2278039,2294135,124.0
10792,4,space_invaders,2290684,2294156,29.0
10793,4,space_invaders,2280678,2294390,122.0
10794,4,space_invaders,2291490,2294402,24.0
10795,4,space_invaders,2288285,2294781,53.0
10796,4,space_invaders,2274568,2295160,170.0
10797,4,space_invaders,2278608,2295520,135.0
10798,4,space_invaders,2293269,2295605,22.0
10799,4,space_invaders,2289551,2296703,55.0
10800,4,space_invaders,2292785,2299905,61.0
10801,4,space_invaders,2295520,2299968,35.0
10802,4,space_invaders,2294135,2300135,42.0
10803,4,space_invaders,2290137,2300617,91.0
10804,4,space_invaders,2296703,2300815,31.0
10805,4,space_invaders,2293764,2301572,69.0
10806,4,space_invaders,2294781,2302333,46.0
10807,4,space_invaders,2288331,2302667,116.0
10808,4,space_invaders,2301572,2303284,15.0
10809,4,space_invaders,2292883,2303379,84.0
10810,4,space_invaders,2300135,2303767,33.0
10811,4,space_invaders,2294156,2304332,85.0
10812,4,space_invaders,2303284,2305124,16.0
10813,4,space_invaders,2299905,2305441,45.0
10814,4,space_invaders,2302333,2305677,23.0
10815,4,space_invaders,2294402,2306194,88.0
10816,4,space_invaders,2292794,2306810,119.0
10817,4,space_invaders,2306194,2307266,13.0
10818,4,space_invaders,2303767,2307383,30.0
10819,4,space_invaders,2302667,2307419,42.0
10820,4,space_invaders,2305124,2308276,26.0
10821,4,space_invaders,2306810,2309642,22.0
10822,4,space_invaders,2294390,2310134,118.0
10823,4,space_invaders,2307383,2310695,23.0
10824,4,space_invaders,2295160,2311464,118.0
10825,4,space_invaders,2295605,2311829,139.0
10826,4,space_invaders,2299968,2312384,95.0
10827,4,space_invaders,2309642,2312618,23.0
10828,4,space_invaders,2300815,2312719,95.0
10829,4,space_invaders,2310695,2313207,22.0
10830,4,space_invaders,2303379,2313363,70.0
10831,4,space_invaders,2304332,2313404,71.0
10832,4,space_invaders,2292750,2313630,167.0
10833,4,space_invaders,2307266,2314242,59.0
10834,4,space_invaders,2313207,2315255,19.0
10835,4,space_invaders,2307419,2315707,70.0
10836,4,space_invaders,2312618,2315882,23.0
10837,4,space_invaders,2312384,2316304,36.0
10838,4,space_invaders,2308276,2316724,67.0
10839,4,space_invaders,2300617,2316905,118.0
10840,4,space_invaders,2313363,2316995,31.0
10841,4,space_invaders,2315255,2318071,23.0
10842,4,space_invaders,2316304,2318304,18.0
10843,4,space_invaders,2313630,2318878,44.0
10844,4,space_invaders,2312719,2319407,47.0
10845,4,space_invaders,2305677,2320205,118.0
10846,4,space_invaders,2313404,2320252,61.0
10847,4,space_invaders,2318304,2320800,22.0
10848,4,space_invaders,2314242,2321058,47.0
10849,4,space_invaders,2316724,2321444,41.0
10850,4,space_invaders,2311829,2321877,71.0
10851,4,space_invaders,2310134,2321894,90.0
10852,4,space_invaders,2321894,2322646,9.0
10853,4,space_invaders,2319407,2323183,29.0
10854,4,space_invaders,2320205,2324333,38.0
10855,4,space_invaders,2321877,2324533,23.0
10856,4,space_invaders,2320800,2324576,29.0
10857,4,space_invaders,2311464,2324664,108.0
10858,4,space_invaders,2318071,2325191,47.0
10859,4,space_invaders,2320252,2325308,47.0
10860,4,space_invaders,2316995,2325555,70.0
10861,4,space_invaders,2316905,2325641,70.0
10862,4,space_invaders,2318878,2325694,59.0
10863,4,space_invaders,2321058,2325842,36.0
10864,4,space_invaders,2325641,2326233,7.0
10865,4,space_invaders,2324533,2326245,17.0
10866,4,space_invaders,2305441,2326273,166.0
10867,4,space_invaders,2315707,2326363,83.0
10868,4,space_invaders,2323183,2326639,23.0
10869,4,space_invaders,2321444,2327156,46.0
10870,4,space_invaders,2326639,2327231,7.0
10871,4,space_invaders,2325308,2327804,23.0
10872,4,space_invaders,2324576,2327824,23.0
10873,4,space_invaders,2324664,2328264,23.0
10874,4,space_invaders,2315882,2328794,99.0
10875,4,space_invaders,2322646,2329270,47.0
10876,4,space_invaders,2326233,2329497,24.0
10877,4,space_invaders,2326273,2329729,23.0
10878,4,space_invaders,2328794,2331146,22.0
10879,4,space_invaders,2324333,2331181,58.0
10880,4,space_invaders,2327231,2331487,33.0
10881,4,space_invaders,2329497,2332009,22.0
10882,4,space_invaders,2332009,2332745,9.0
10883,4,space_invaders,2327156,2333812,46.0
10884,4,space_invaders,2326245,2335781,76.0
10885,4,space_invaders,2325694,2336030,82.0
10886,4,space_invaders,2326363,2336107,80.0
10887,4,space_invaders,2331181,2337181,45.0
10888,4,space_invaders,2325842,2337298,87.0
10889,4,space_invaders,2329729,2337969,62.0
10890,4,space_invaders,2325555,2338467,99.0
10891,4,space_invaders,2328264,2338792,71.0
10892,4,space_invaders,2333812,2339508,47.0
10893,4,space_invaders,2327804,2339708,93.0
10894,4,space_invaders,2337969,2339713,18.0
10895,4,space_invaders,2337181,2339997,24.0
10896,4,space_invaders,2331146,2340874,89.0
10897,4,space_invaders,2336107,2341627,39.0
10898,4,space_invaders,2339997,2341869,14.0
10899,4,space_invaders,2338792,2342360,23.0
10900,4,space_invaders,2329270,2343942,111.0
10901,4,space_invaders,2339508,2344388,36.0
10902,4,space_invaders,2325191,2344919,167.0
10903,4,space_invaders,2339713,2345089,40.0
10904,4,space_invaders,2332745,2345161,102.0
10905,4,space_invaders,2341869,2345405,23.0
10906,4,space_invaders,2344919,2345831,10.0
10907,4,space_invaders,2345405,2346013,7.0
10908,4,space_invaders,2339708,2346684,54.0
10909,4,space_invaders,2342360,2346792,40.0
10910,4,space_invaders,2340874,2346826,48.0
10911,4,space_invaders,2337298,2347010,75.0
10912,4,space_invaders,2336030,2347374,80.0
10913,4,space_invaders,2345089,2347601,22.0
10914,4,space_invaders,2335781,2347925,95.0
10915,4,space_invaders,2338467,2348099,71.0
10916,4,space_invaders,2346013,2348189,20.0
10917,4,space_invaders,2341627,2348587,47.0
10918,4,space_invaders,2346684,2349004,22.0
10919,4,space_invaders,2346826,2349178,22.0
10920,4,space_invaders,2347374,2349742,22.0
10921,4,space_invaders,2327824,2351104,188.0
10922,4,space_invaders,2331487,2351519,167.0
10923,4,space_invaders,2347925,2351701,30.0
10924,4,space_invaders,2349178,2351850,22.0
10925,4,space_invaders,2348587,2352043,29.0
10926,4,space_invaders,2345161,2352249,47.0
10927,4,space_invaders,2346792,2353272,46.0
10928,4,space_invaders,2349742,2353838,33.0
10929,4,space_invaders,2348189,2353853,44.0
10930,4,space_invaders,2348099,2354579,47.0
10931,4,space_invaders,2352249,2354873,24.0
10932,4,space_invaders,2351701,2355493,29.0
10933,4,space_invaders,2351104,2355696,40.0
10934,4,space_invaders,2344388,2355860,99.0
10935,4,space_invaders,2347010,2356066,71.0
10936,4,space_invaders,2353272,2356072,22.0
10937,4,space_invaders,2351850,2356138,37.0
10938,4,space_invaders,2355696,2356608,10.0
10939,4,space_invaders,2347601,2357457,83.0
10940,4,space_invaders,2353838,2357678,23.0
10941,4,space_invaders,2349004,2358076,79.0
10942,4,space_invaders,2345831,2358343,95.0
10943,4,space_invaders,2356072,2358568,23.0
10944,4,space_invaders,2356066,2358674,23.0
10945,4,space_invaders,2353853,2359405,46.0
10946,4,space_invaders,2354579,2359971,47.0
10947,4,space_invaders,2356608,2360896,38.0
10948,4,space_invaders,2343942,2361478,150.0
10949,4,space_invaders,2358076,2361516,23.0
10950,4,space_invaders,2358568,2361560,22.0
10951,4,space_invaders,2355493,2363925,65.0
10952,4,space_invaders,2351519,2364159,94.0
10953,4,space_invaders,2354873,2364729,71.0
10954,4,space_invaders,2361516,2364876,23.0
10955,4,space_invaders,2358674,2365106,47.0
10956,4,space_invaders,2361560,2365304,23.0
10957,4,space_invaders,2360896,2365776,37.0
10958,4,space_invaders,2355860,2366052,78.0
10959,4,space_invaders,2363925,2366565,23.0
10960,4,space_invaders,2358343,2367111,63.0
10961,4,space_invaders,2367111,2367543,5.0
10962,4,space_invaders,2361478,2367590,47.0
10963,4,space_invaders,2365106,2367602,22.0
10964,4,space_invaders,2364159,2367983,23.0
10965,4,space_invaders,2359405,2369277,74.0
10966,4,space_invaders,2357678,2369294,94.0
10967,4,space_invaders,2367590,2369318,18.0
10968,4,space_invaders,2367543,2370039,23.0
10969,4,space_invaders,2357457,2370673,103.0
10970,4,space_invaders,2364729,2371481,48.0
10971,4,space_invaders,2365776,2371632,39.0
10972,4,space_invaders,2369318,2371814,23.0
10973,4,space_invaders,2370673,2372225,13.0
10974,4,space_invaders,2369294,2372894,23.0
10975,4,space_invaders,2352043,2373067,166.0
10976,4,space_invaders,2372225,2373137,11.0
10977,4,space_invaders,2366052,2373140,46.0
10978,4,space_invaders,2364876,2374396,71.0
10979,4,space_invaders,2356138,2374730,141.0
10980,4,space_invaders,2373067,2374811,16.0
10981,4,space_invaders,2367983,2376095,65.0
10982,4,space_invaders,2359971,2377315,143.0
10983,4,space_invaders,2374811,2377323,23.0
10984,4,space_invaders,2374730,2377386,23.0
10985,4,space_invaders,2374396,2377836,23.0
10986,4,space_invaders,2371814,2378262,47.0
10987,4,space_invaders,2367602,2379394,90.0
10988,4,space_invaders,2366565,2379957,104.0
10989,4,space_invaders,2369277,2380141,71.0
10990,4,space_invaders,2370039,2380295,71.0
10991,4,space_invaders,2373140,2381076,53.0
10992,4,space_invaders,2377386,2381226,23.0
10993,4,space_invaders,2378262,2381686,23.0
10994,4,space_invaders,2379394,2382978,23.0
10995,4,space_invaders,2380295,2383559,23.0
10996,4,space_invaders,2376095,2383631,47.0
10997,4,space_invaders,2371481,2384089,103.0
10998,4,space_invaders,2379957,2384357,33.0
10999,4,space_invaders,2373137,2384609,94.0
11000,4,space_invaders,2383559,2385271,16.0
11001,4,space_invaders,2383631,2385487,16.0
11002,4,space_invaders,2365304,2385496,167.0
11003,4,space_invaders,2377323,2385739,66.0
11004,4,space_invaders,2381686,2385798,31.0
11005,4,space_invaders,2371632,2386304,116.0
11006,4,space_invaders,2377315,2386531,71.0
11007,4,space_invaders,2384089,2386873,21.0
11008,4,space_invaders,2385798,2386886,12.0
11009,4,space_invaders,2380141,2386957,47.0
11010,4,space_invaders,2382978,2387106,36.0
11011,4,space_invaders,2377836,2387852,84.0
11012,4,space_invaders,2372894,2388302,119.0
11013,4,space_invaders,2381076,2388500,68.0
11014,4,space_invaders,2384357,2388629,37.0
11015,4,space_invaders,2385487,2389055,23.0
11016,4,space_invaders,2385496,2389912,35.0
11017,4,space_invaders,2386304,2390096,32.0
11018,4,space_invaders,2386531,2390099,23.0
11019,4,space_invaders,2386886,2390518,32.0
11020,4,space_invaders,2387106,2390898,39.0
11021,4,space_invaders,2384609,2391425,53.0
11022,4,space_invaders,2386873,2391753,42.0
11023,4,space_invaders,2388629,2393221,43.0
11024,4,space_invaders,2381226,2393498,97.0
11025,4,space_invaders,2391753,2394105,22.0
11026,4,space_invaders,2385271,2394487,70.0
11027,4,space_invaders,2386957,2395277,71.0
11028,4,space_invaders,2387852,2395340,60.0
11029,4,space_invaders,2390898,2396130,46.0
11030,4,space_invaders,2390096,2396768,55.0
11031,4,space_invaders,2389912,2397208,55.0
11032,4,space_invaders,2394105,2397353,23.0
11033,4,space_invaders,2395340,2398684,23.0
11034,4,space_invaders,2391425,2398929,57.0
11035,4,space_invaders,2385739,2399339,95.0
11036,4,space_invaders,2388302,2399454,94.0
11037,4,space_invaders,2397353,2399865,22.0
11038,4,space_invaders,2397208,2399880,22.0
11039,4,space_invaders,2390518,2399894,71.0
11040,4,space_invaders,2389055,2400047,89.0
11041,4,space_invaders,2395277,2400669,40.0
11042,4,space_invaders,2399339,2401387,20.0
11043,4,space_invaders,2396130,2401826,46.0
11044,4,space_invaders,2390099,2401891,89.0
11045,4,space_invaders,2388500,2402020,95.0
11046,4,space_invaders,2398929,2402305,23.0
11047,4,space_invaders,2399894,2402406,22.0
11048,4,space_invaders,2401387,2402475,12.0
11049,4,space_invaders,2402305,2403377,13.0
11050,4,space_invaders,2399880,2403960,40.0
11051,4,space_invaders,2398684,2404236,42.0
11052,4,space_invaders,2400047,2404319,38.0
11053,4,space_invaders,2403960,2404696,9.0
11054,4,space_invaders,2401826,2405138,26.0
11055,4,space_invaders,2402020,2405252,23.0
11056,4,space_invaders,2394487,2405607,94.0
11057,4,space_invaders,2396768,2405664,83.0
11058,4,space_invaders,2399865,2405849,47.0
11059,4,space_invaders,2405252,2405988,8.0
11060,4,space_invaders,2404236,2406092,16.0
11061,4,space_invaders,2393221,2406101,106.0
11062,4,space_invaders,2401891,2406643,44.0
11063,4,space_invaders,2402406,2406838,31.0
11064,4,space_invaders,2404696,2407048,23.0
11065,4,space_invaders,2399454,2407086,70.0
11066,4,space_invaders,2403377,2408129,39.0
11067,4,space_invaders,2402475,2408315,47.0
11068,4,space_invaders,2405138,2408594,28.0
11069,4,space_invaders,2408315,2408907,7.0
11070,4,space_invaders,2408129,2409537,13.0
11071,4,space_invaders,2393498,2409578,119.0
11072,4,space_invaders,2400669,2410093,71.0
11073,4,space_invaders,2409537,2410145,7.0
11074,4,space_invaders,2406643,2410915,40.0
11075,4,space_invaders,2408594,2411714,23.0
11076,4,space_invaders,2409578,2412090,23.0
11077,4,space_invaders,2410093,2412413,22.0
11078,4,space_invaders,2404319,2413695,75.0
11079,4,space_invaders,2405607,2413863,58.0
11080,4,space_invaders,2410145,2414433,37.0
11081,4,space_invaders,2410915,2416147,37.0
11082,4,space_invaders,2406101,2417093,91.0
11083,4,space_invaders,2411714,2417250,47.0
11084,4,space_invaders,2416147,2417875,16.0
11085,4,space_invaders,2408907,2418443,70.0
11086,4,space_invaders,2412413,2418621,50.0
11087,4,space_invaders,2405988,2418932,95.0
11088,4,space_invaders,2417250,2419106,15.0
11089,4,space_invaders,2413695,2419663,47.0
11090,4,space_invaders,2417093,2419877,23.0
11091,4,space_invaders,2405664,2420128,111.0
11092,4,space_invaders,2412090,2420186,46.0
11093,4,space_invaders,2413863,2420583,47.0
11094,4,space_invaders,2407086,2420798,95.0
11095,4,space_invaders,2418443,2420955,22.0
11096,4,space_invaders,2420186,2421098,11.0
11097,4,space_invaders,2419663,2421983,22.0
11098,4,space_invaders,2418621,2422237,30.0
11099,4,space_invaders,2419877,2423109,23.0
11100,4,space_invaders,2406092,2423132,140.0
11101,4,space_invaders,2421098,2423450,22.0
11102,4,space_invaders,2405849,2424521,145.0
11103,4,space_invaders,2421983,2424623,21.0
11104,4,space_invaders,2406838,2425350,153.0
11105,4,space_invaders,2423109,2425461,22.0
11106,4,space_invaders,2414433,2425729,86.0
11107,4,space_invaders,2420798,2426190,45.0
11108,4,space_invaders,2425350,2426566,13.0
11109,4,space_invaders,2423450,2427066,29.0
11110,4,space_invaders,2420583,2427431,47.0
11111,4,space_invaders,2425461,2427653,23.0
11112,4,space_invaders,2418932,2428164,72.0
11113,4,space_invaders,2420955,2428587,63.0
11114,4,space_invaders,2424623,2428607,35.0
11115,4,space_invaders,2417875,2428675,85.0
11116,4,space_invaders,2407048,2428680,167.0
11117,4,space_invaders,2424521,2429097,39.0
11118,4,space_invaders,2423132,2429292,47.0
11119,4,space_invaders,2425729,2429377,31.0
11120,4,space_invaders,2426566,2429782,23.0
11121,4,space_invaders,2426190,2430062,22.0
11122,4,space_invaders,2428675,2430531,18.0
11123,4,space_invaders,2428607,2430783,21.0
11124,4,space_invaders,2427653,2430805,26.0
11125,4,space_invaders,2429097,2431433,22.0
11126,4,space_invaders,2428680,2431848,23.0
11127,4,space_invaders,2422237,2431901,71.0
11128,4,space_invaders,2419106,2432034,102.0
11129,4,space_invaders,2428164,2432100,28.0
11130,4,space_invaders,2429377,2433329,28.0
11131,4,space_invaders,2430062,2433870,23.0
11132,4,space_invaders,2430783,2434479,23.0
11133,4,space_invaders,2432034,2434514,22.0
11134,4,space_invaders,2427066,2434538,62.0
11135,4,space_invaders,2431901,2435197,28.0
11136,4,space_invaders,2429292,2435468,47.0
11137,4,space_invaders,2429782,2435814,57.0
11138,4,space_invaders,2430805,2435845,44.0
11139,4,space_invaders,2432100,2435908,28.0
11140,4,space_invaders,2430531,2436195,41.0
11141,4,space_invaders,2420128,2436688,133.0
11142,4,space_invaders,2428587,2436827,65.0
11143,4,space_invaders,2435908,2437300,15.0
11144,4,space_invaders,2435197,2438525,23.0
11145,4,space_invaders,2435814,2438582,23.0
11146,4,space_invaders,2433329,2438945,47.0
11147,4,space_invaders,2427431,2439207,94.0
11148,4,space_invaders,2435845,2439333,23.0
11149,4,space_invaders,2434479,2439663,44.0
11150,4,space_invaders,2437300,2439812,22.0
11151,4,space_invaders,2436688,2440320,26.0
11152,4,space_invaders,2434514,2441666,54.0
11153,4,space_invaders,2435468,2442620,52.0
11154,4,space_invaders,2439663,2443327,23.0
11155,4,space_invaders,2431433,2443417,95.0
11156,4,space_invaders,2438945,2443441,23.0
11157,4,space_invaders,2431848,2443928,94.0
11158,4,space_invaders,2433870,2444142,71.0
11159,4,space_invaders,2436827,2444299,66.0
11160,4,space_invaders,2439207,2444407,40.0
11161,4,space_invaders,2438525,2444861,46.0
11162,4,space_invaders,2434538,2447354,95.0
11163,4,space_invaders,2443928,2448040,36.0
11164,4,space_invaders,2438582,2448118,71.0
11165,4,space_invaders,2441666,2448226,47.0
11166,4,space_invaders,2436195,2449411,95.0
11167,4,space_invaders,2447354,2449722,22.0
11168,4,space_invaders,2440320,2449952,71.0
11169,4,space_invaders,2439333,2450645,101.0
11170,4,space_invaders,2444407,2451143,47.0
11171,4,space_invaders,2443441,2451665,71.0
11172,4,space_invaders,2443327,2451855,71.0
11173,4,space_invaders,2444299,2451931,62.0
11174,4,space_invaders,2439812,2452068,95.0
11175,4,space_invaders,2448040,2452632,39.0
11176,4,space_invaders,2442620,2452636,71.0
11177,4,space_invaders,2450645,2452693,19.0
11178,4,space_invaders,2444142,2452862,69.0
11179,4,space_invaders,2449411,2453059,23.0
11180,4,space_invaders,2448226,2453138,38.0
11181,4,space_invaders,2443417,2453465,71.0
11182,4,space_invaders,2451855,2454959,23.0
11183,4,space_invaders,2449952,2455024,39.0
11184,4,space_invaders,2444861,2455133,71.0
11185,4,space_invaders,2452068,2455524,23.0
11186,4,space_invaders,2451143,2456711,43.0
11187,4,space_invaders,2455024,2456752,16.0
11188,4,space_invaders,2453059,2457795,38.0
11189,4,space_invaders,2452632,2458648,46.0
11190,4,space_invaders,2453138,2458674,47.0
11191,4,space_invaders,2454959,2458735,32.0
11192,4,space_invaders,2448118,2461030,95.0
11193,4,space_invaders,2451931,2461307,71.0
11194,4,space_invaders,2456711,2461463,40.0
11195,4,space_invaders,2461307,2461915,7.0
11196,4,space_invaders,2458674,2462066,24.0
11197,4,space_invaders,2458648,2462104,29.0
11198,4,space_invaders,2453465,2462233,65.0
11199,4,space_invaders,2449722,2464202,118.0
11200,4,space_invaders,2458735,2464767,52.0
11201,4,space_invaders,2451665,2464881,95.0
11202,4,space_invaders,2452862,2465278,108.0
11203,4,space_invaders,2462104,2465576,23.0
11204,4,space_invaders,2455133,2465949,84.0
11205,4,space_invaders,2464202,2467434,24.0
11206,4,space_invaders,2455524,2467940,95.0
11207,4,space_invaders,2464767,2468223,28.0
11208,4,space_invaders,2452693,2468453,127.0
11209,4,space_invaders,2461463,2468583,58.0
11210,4,space_invaders,2465278,2468590,28.0
11211,4,space_invaders,2464881,2468641,23.0
11212,4,space_invaders,2461915,2469307,47.0
11213,4,space_invaders,2462066,2470018,63.0
11214,4,space_invaders,2457795,2470195,94.0
11215,4,space_invaders,2461030,2470518,71.0
11216,4,space_invaders,2465576,2470952,44.0
11217,4,space_invaders,2465949,2471181,42.0
11218,4,space_invaders,2452636,2471420,156.0
11219,4,space_invaders,2467940,2471428,23.0
11220,4,space_invaders,2468583,2471895,23.0
11221,4,space_invaders,2468453,2472405,41.0
11222,4,space_invaders,2462233,2472409,84.0
11223,4,space_invaders,2456752,2472544,118.0
11224,4,space_invaders,2471428,2472996,16.0
11225,4,space_invaders,2469307,2473403,38.0
11226,4,space_invaders,2471895,2473447,15.0
11227,4,space_invaders,2471420,2473612,22.0
11228,4,space_invaders,2467434,2473770,53.0
11229,4,space_invaders,2470518,2473846,23.0
11230,4,space_invaders,2468223,2473887,47.0
11231,4,space_invaders,2470952,2473992,23.0
11232,4,space_invaders,2468590,2474110,45.0
11233,4,space_invaders,2472544,2474256,18.0
11234,4,space_invaders,2471181,2474797,22.0
11235,4,space_invaders,2470195,2475267,44.0
11236,4,space_invaders,2473403,2476059,22.0
11237,4,space_invaders,2473770,2476122,22.0
11238,4,space_invaders,2474110,2476302,21.0
11239,4,space_invaders,2472996,2476372,22.0
11240,4,space_invaders,2472405,2476389,23.0
11241,4,space_invaders,2473447,2476903,29.0
11242,4,space_invaders,2470018,2477106,47.0
11243,4,space_invaders,2473992,2477176,23.0
11244,4,space_invaders,2473887,2477343,32.0
11245,4,space_invaders,2473612,2477724,39.0
11246,4,space_invaders,2476059,2478107,20.0
11247,4,space_invaders,2477176,2478728,15.0
11248,4,space_invaders,2474256,2478944,22.0
11249,4,space_invaders,2472409,2479049,47.0
11250,4,space_invaders,2475267,2479699,40.0
11251,4,space_invaders,2476389,2479701,31.0
11252,4,space_invaders,2479701,2480613,10.0
11253,4,space_invaders,2477343,2480847,23.0
11254,4,space_invaders,2476903,2480855,40.0
11255,4,space_invaders,2468641,2480993,95.0
11256,4,space_invaders,2477106,2481074,35.0
11257,4,space_invaders,2477724,2481660,30.0
11258,4,space_invaders,2480847,2481759,10.0
11259,4,space_invaders,2478728,2482424,22.0
11260,4,space_invaders,2479699,2482867,23.0
11261,4,space_invaders,2473846,2482918,79.0
11262,4,space_invaders,2480855,2483207,22.0
11263,4,space_invaders,2474797,2484669,85.0
11264,4,space_invaders,2480993,2484673,23.0
11265,4,space_invaders,2482918,2485574,22.0
11266,4,space_invaders,2476372,2485748,80.0
11267,4,space_invaders,2476122,2485834,78.0
11268,4,space_invaders,2484673,2486417,18.0
11269,4,space_invaders,2480613,2486965,47.0
11270,4,space_invaders,2481074,2487074,45.0
11271,4,space_invaders,2478944,2488320,81.0
11272,4,space_invaders,2476302,2488798,95.0
11273,4,space_invaders,2485834,2490586,34.0
11274,4,space_invaders,2485574,2490806,45.0
11275,4,space_invaders,2484669,2490829,44.0
11276,4,space_invaders,2482424,2492584,85.0
11277,4,space_invaders,2485748,2493060,63.0
11278,4,space_invaders,2483207,2493367,71.0
11279,4,space_invaders,2490806,2493446,22.0
11280,4,space_invaders,2479049,2494185,119.0
11281,4,space_invaders,2487074,2494210,61.0
11282,4,space_invaders,2488798,2494654,47.0
11283,4,space_invaders,2481660,2495500,111.0
11284,4,space_invaders,2481759,2496351,119.0
11285,4,space_invaders,2494185,2497497,24.0
11286,4,space_invaders,2494210,2497826,23.0
11287,4,space_invaders,2488320,2497872,68.0
11288,4,space_invaders,2493367,2498567,40.0
