block,scope,env_steps,train_episodes,block_task,task,episode,return,eval_steps
-1,boundary,0,0,,breakout,1,0.0,100
-1,boundary,0,0,,breakout,2,1.0,100
-1,boundary,0,0,,breakout,3,0.0,100
-1,boundary,0,0,,breakout,4,0.0,100
-1,boundary,0,0,,breakout,5,0.0,100
-1,boundary,0,0,,breakout,6,1.0,100
-1,boundary,0,0,,breakout,7,0.0,100
-1,boundary,0,0,,breakout,8,1.0,100
-1,boundary,0,0,,breakout,9,1.0,100
-1,boundary,0,0,,breakout,10,0.0,100
-1,boundary,0,0,,space_invaders,1,0.0,389
-1,boundary,0,0,,space_invaders,2,2.0,389
-1,boundary,0,0,,space_invaders,3,3.0,389
-1,boundary,0,0,,space_invaders,4,1.0,389
-1,boundary,0,0,,space_invaders,5,1.0,389
-1,boundary,0,0,,space_invaders,6,0.0,389
-1,boundary,0,0,,space_invaders,7,1.0,389
-1,boundary,0,0,,space_invaders,8,1.0,389
-1,boundary,0,0,,space_invaders,9,2.0,389
-1,boundary,0,0,,space_invaders,10,2.0,389
-1,boundary,0,0,,freeway,1,0.0,25000
-1,boundary,0,0,,freeway,2,0.0,25000
-1,boundary,0,0,,freeway,3,1.0,25000
-1,boundary,0,0,,freeway,4,0.0,25000
-1,boundary,0,0,,freeway,5,0.0,25000
-1,boundary,0,0,,freeway,6,0.0,25000
-1,boundary,0,0,,freeway,7,0.0,25000
-1,boundary,0,0,,freeway,8,0.0,25000
-1,boundary,0,0,,freeway,9,0.0,25000
-1,boundary,0,0,,freeway,10,0.0,25000
0,boundary,499968,4891,space_invaders,breakout,1,0.0,100
0,boundary,499968,4891,space_invaders,breakout,2,1.0,100
0,boundary,499968,4891,space_invaders,breakout,3,0.0,100
0,boundary,499968,4891,space_invaders,breakout,4,1.0,100
0,boundary,499968,4891,space_invaders,breakout,5,0.0,100
0,boundary,499968,4891,space_invaders,breakout,6,1.0,100
0,boundary,499968,4891,space_invaders,breakout,7,0.0,100
0,boundary,499968,4891,space_invaders,breakout,8,0.0,100
0,boundary,499968,4891,space_invaders,breakout,9,0.0,100
0,boundary,499968,4891,space_invaders,breakout,10,1.0,100
0,boundary,499968,4891,space_invaders,space_invaders,1,18.0,2287
0,boundary,499968,4891,space_invaders,space_invaders,2,39.0,2287
0,boundary,499968,4891,space_invaders,space_invaders,3,20.0,2287
0,boundary,499968,4891,space_invaders,space_invaders,4,23.0,2287
0,boundary,499968,4891,space_invaders,space_invaders,5,23.0,2287
0,boundary,499968,4891,space_invaders,space_invaders,6,22.0,2287
0,boundary,499968,4891,space_invaders,space_invaders,7,15.0,2287
0,boundary,499968,4891,space_invaders,space_invaders,8,20.0,2287
0,boundary,499968,4891,space_invaders,space_invaders,9,19.0,2287
0,boundary,499968,4891,space_invaders,space_invaders,10,13.0,2287
0,boundary,499968,4891,space_invaders,freeway,1,0.0,25000
0,boundary,499968,4891,space_invaders,freeway,2,0.0,25000
0,boundary,499968,4891,space_invaders,freeway,3,0.0,25000
0,boundary,499968,4891,space_invaders,freeway,4,0.0,25000
0,boundary,499968,4891,space_invaders,freeway,5,0.0,25000
0,boundary,499968,4891,space_invaders,freeway,6,0.0,25000
0,boundary,499968,4891,space_invaders,freeway,7,0.0,25000
0,boundary,499968,4891,space_invaders,freeway,8,0.0,25000
0,boundary,499968,4891,space_invaders,freeway,9,0.0,25000
0,boundary,499968,4891,space_invaders,freeway,10,0.0,25000
0,period,25088,537,space_invaders,breakout,1,0.0,142
0,period,25088,537,space_invaders,breakout,2,0.0,142
0,period,25088,537,space_invaders,breakout,3,1.0,142
0,period,25088,537,space_invaders,breakout,4,0.0,142
0,period,25088,537,space_invaders,breakout,5,3.0,142
0,period,25088,537,space_invaders,breakout,6,1.0,142
0,period,25088,537,space_invaders,breakout,7,1.0,142
0,period,25088,537,space_invaders,breakout,8,1.0,142
0,period,25088,537,space_invaders,breakout,9,1.0,142
0,period,25088,537,space_invaders,breakout,10,0.0,142
0,period,25088,537,space_invaders,space_invaders,1,4.0,358
0,period,25088,537,space_invaders,space_invaders,2,4.0,358
0,period,25088,537,space_invaders,space_invaders,3,6.0,358
0,period,25088,537,space_invaders,space_invaders,4,5.0,358
0,period,25088,537,space_invaders,space_invaders,5,2.0,358
0,period,25088,537,space_invaders,space_invaders,6,4.0,358
0,period,25088,537,space_invaders,space_invaders,7,6.0,358
0,period,25088,537,space_invaders,space_invaders,8,6.0,358
0,period,25088,537,space_invaders,space_invaders,9,7.0,358
0,period,25088,537,space_invaders,space_invaders,10,2.0,358
0,period,25088,537,space_invaders,freeway,1,0.0,25000
0,period,25088,537,space_invaders,freeway,2,0.0,25000
0,period,25088,537,space_invaders,freeway,3,0.0,25000
0,period,25088,537,space_invaders,freeway,4,0.0,25000
0,period,25088,537,space_invaders,freeway,5,0.0,25000
0,period,25088,537,space_invaders,freeway,6,0.0,25000
0,period,25088,537,space_invaders,freeway,7,0.0,25000
0,period,25088,537,space_invaders,freeway,8,0.0,25000
0,period,25088,537,space_invaders,freeway,9,0.0,25000
0,period,25088,537,space_invaders,freeway,10,0.0,25000
0,period,50176,1012,space_invaders,breakout,1,1.0,70
0,period,50176,1012,space_invaders,breakout,2,0.0,70
0,period,50176,1012,space_invaders,breakout,3,0.0,70
0,period,50176,1012,space_invaders,breakout,4,0.0,70
0,period,50176,1012,space_invaders,breakout,5,0.0,70
0,period,50176,1012,space_invaders,breakout,6,0.0,70
0,period,50176,1012,space_invaders,breakout,7,0.0,70
0,period,50176,1012,space_invaders,breakout,8,0.0,70
0,period,50176,1012,space_invaders,breakout,9,0.0,70
0,period,50176,1012,space_invaders,breakout,10,0.0,70
0,period,50176,1012,space_invaders,space_invaders,1,8.0,809
0,period,50176,1012,space_invaders,space_invaders,2,5.0,809
0,period,50176,1012,space_invaders,space_invaders,3,14.0,809
0,period,50176,1012,space_invaders,space_invaders,4,7.0,809
0,period,50176,1012,space_invaders,space_invaders,5,6.0,809
0,period,50176,1012,space_invaders,space_invaders,6,9.0,809
0,period,50176,1012,space_invaders,space_invaders,7,2.0,809
0,period,50176,1012,space_invaders,space_invaders,8,10.0,809
0,period,50176,1012,space_invaders,space_invaders,9,12.0,809
0,period,50176,1012,space_invaders,space_invaders,10,7.0,809
0,period,50176,1012,space_invaders,freeway,1,0.0,25000
0,period,50176,1012,space_invaders,freeway,2,0.0,25000
0,period,50176,1012,space_invaders,freeway,3,0.0,25000
0,period,50176,1012,space_invaders,freeway,4,0.0,25000
0,period,50176,1012,space_invaders,freeway,5,0.0,25000
0,period,50176,1012,space_invaders,freeway,6,0.0,25000
0,period,50176,1012,space_invaders,freeway,7,0.0,25000
0,period,50176,1012,space_invaders,freeway,8,0.0,25000
0,period,50176,1012,space_invaders,freeway,9,0.0,25000
0,period,50176,1012,space_invaders,freeway,10,0.0,25000
0,period,75008,1342,space_invaders,breakout,1,0.0,102
0,period,75008,1342,space_invaders,breakout,2,0.0,102
0,period,75008,1342,space_invaders,breakout,3,2.0,102
0,period,75008,1342,space_invaders,breakout,4,0.0,102
0,period,75008,1342,space_invaders,breakout,5,0.0,102
0,period,75008,1342,space_invaders,breakout,6,1.0,102
0,period,75008,1342,space_invaders,breakout,7,0.0,102
0,period,75008,1342,space_invaders,breakout,8,0.0,102
0,period,75008,1342,space_invaders,breakout,9,0.0,102
0,period,75008,1342,space_invaders,breakout,10,1.0,102
0,period,75008,1342,space_invaders,space_invaders,1,5.0,490
0,period,75008,1342,space_invaders,space_invaders,2,5.0,490
0,period,75008,1342,space_invaders,space_invaders,3,2.0,490
0,period,75008,1342,space_invaders,space_invaders,4,4.0,490
0,period,75008,1342,space_invaders,space_invaders,5,13.0,490
0,period,75008,1342,space_invaders,space_invaders,6,7.0,490
0,period,75008,1342,space_invaders,space_invaders,7,6.0,490
0,period,75008,1342,space_invaders,space_invaders,8,9.0,490
0,period,75008,1342,space_invaders,space_invaders,9,4.0,490
0,period,75008,1342,space_invaders,space_invaders,10,8.0,490
0,period,75008,1342,space_invaders,freeway,1,0.0,25000
0,period,75008,1342,space_invaders,freeway,2,0.0,25000
0,period,75008,1342,space_invaders,freeway,3,0.0,25000
0,period,75008,1342,space_invaders,freeway,4,0.0,25000
0,period,75008,1342,space_invaders,freeway,5,0.0,25000
0,period,75008,1342,space_invaders,freeway,6,0.0,25000
0,period,75008,1342,space_invaders,freeway,7,0.0,25000
0,period,75008,1342,space_invaders,freeway,8,0.0,25000
0,period,75008,1342,space_invaders,freeway,9,0.0,25000
0,period,75008,1342,space_invaders,freeway,10,0.0,25000
0,period,100096,1685,space_invaders,breakout,1,1.0,110
0,period,100096,1685,space_invaders,breakout,2,1.0,110
0,period,100096,1685,space_invaders,breakout,3,0.0,110
0,period,100096,1685,space_invaders,breakout,4,0.0,110
0,period,100096,1685,space_invaders,breakout,5,0.0,110
0,period,100096,1685,space_invaders,breakout,6,1.0,110
0,period,100096,1685,space_invaders,breakout,7,0.0,110
0,period,100096,1685,space_invaders,breakout,8,1.0,110
0,period,100096,1685,space_invaders,breakout,9,1.0,110
0,period,100096,1685,space_invaders,breakout,10,0.0,110
0,period,100096,1685,space_invaders,space_invaders,1,14.0,415
0,period,100096,1685,space_invaders,space_invaders,2,3.0,415
0,period,100096,1685,space_invaders,space_invaders,3,3.0,415
0,period,100096,1685,space_invaders,space_invaders,4,4.0,415
0,period,100096,1685,space_invaders,space_invaders,5,7.0,415
0,period,100096,1685,space_invaders,space_invaders,6,5.0,415
0,period,100096,1685,space_invaders,space_invaders,7,7.0,415
0,period,100096,1685,space_invaders,space_invaders,8,10.0,415
0,period,100096,1685,space_invaders,space_invaders,9,3.0,415
0,period,100096,1685,space_invaders,space_invaders,10,5.0,415
0,period,100096,1685,space_invaders,freeway,1,0.0,25000
0,period,100096,1685,space_invaders,freeway,2,0.0,25000
0,period,100096,1685,space_invaders,freeway,3,0.0,25000
0,period,100096,1685,space_invaders,freeway,4,0.0,25000
0,period,100096,1685,space_invaders,freeway,5,0.0,25000
0,period,100096,1685,space_invaders,freeway,6,0.0,25000
0,period,100096,1685,space_invaders,freeway,7,0.0,25000
0,period,100096,1685,space_invaders,freeway,8,0.0,25000
0,period,100096,1685,space_invaders,freeway,9,0.0,25000
0,period,100096,1685,space_invaders,freeway,10,0.0,25000
0,period,125184,1992,space_invaders,breakout,1,1.0,100
0,period,125184,1992,space_invaders,breakout,2,0.0,100
0,period,125184,1992,space_invaders,breakout,3,0.0,100
0,period,125184,1992,space_invaders,breakout,4,0.0,100
0,period,125184,1992,space_invaders,breakout,5,1.0,100
0,period,125184,1992,space_invaders,breakout,6,1.0,100
0,period,125184,1992,space_invaders,breakout,7,0.0,100
0,period,125184,1992,space_invaders,breakout,8,0.0,100
0,period,125184,1992,space_invaders,breakout,9,0.0,100
0,period,125184,1992,space_invaders,breakout,10,1.0,100
0,period,125184,1992,space_invaders,space_invaders,1,7.0,965
0,period,125184,1992,space_invaders,space_invaders,2,7.0,965
0,period,125184,1992,space_invaders,space_invaders,3,15.0,965
0,period,125184,1992,space_invaders,space_invaders,4,16.0,965
0,period,125184,1992,space_invaders,space_invaders,5,3.0,965
0,period,125184,1992,space_invaders,space_invaders,6,12.0,965
0,period,125184,1992,space_invaders,space_invaders,7,6.0,965
0,period,125184,1992,space_invaders,space_invaders,8,14.0,965
0,period,125184,1992,space_invaders,space_invaders,9,20.0,965
0,period,125184,1992,space_invaders,space_invaders,10,7.0,965
0,period,125184,1992,space_invaders,freeway,1,0.0,25000
0,period,125184,1992,space_invaders,freeway,2,0.0,25000
0,period,125184,1992,space_invaders,freeway,3,0.0,25000
0,period,125184,1992,space_invaders,freeway,4,0.0,25000
0,period,125184,1992,space_invaders,freeway,5,0.0,25000
0,period,125184,1992,space_invaders,freeway,6,0.0,25000
0,period,125184,1992,space_invaders,freeway,7,0.0,25000
0,period,125184,1992,space_invaders,freeway,8,0.0,25000
0,period,125184,1992,space_invaders,freeway,9,0.0,25000
0,period,125184,1992,space_invaders,freeway,10,1.0,25000
0,period,150016,2260,space_invaders,breakout,1,0.0,70
0,period,150016,2260,space_invaders,breakout,2,0.0,70
0,period,150016,2260,space_invaders,breakout,3,0.0,70
0,period,150016,2260,space_invaders,breakout,4,0.0,70
0,period,150016,2260,space_invaders,breakout,5,0.0,70
0,period,150016,2260,space_invaders,breakout,6,0.0,70
0,period,150016,2260,space_invaders,breakout,7,0.0,70
0,period,150016,2260,space_invaders,breakout,8,1.0,70
0,period,150016,2260,space_invaders,breakout,9,0.0,70
0,period,150016,2260,space_invaders,breakout,10,0.0,70
0,period,150016,2260,space_invaders,space_invaders,1,11.0,1143
0,period,150016,2260,space_invaders,space_invaders,2,22.0,1143
0,period,150016,2260,space_invaders,space_invaders,3,12.0,1143
0,period,150016,2260,space_invaders,space_invaders,4,8.0,1143
0,period,150016,2260,space_invaders,space_invaders,5,10.0,1143
0,period,150016,2260,space_invaders,space_invaders,6,13.0,1143
0,period,150016,2260,space_invaders,space_invaders,7,16.0,1143
0,period,150016,2260,space_invaders,space_invaders,8,6.0,1143
0,period,150016,2260,space_invaders,space_invaders,9,6.0,1143
0,period,150016,2260,space_invaders,space_invaders,10,5.0,1143
0,period,150016,2260,space_invaders,freeway,1,0.0,25000
0,period,150016,2260,space_invaders,freeway,2,0.0,25000
0,period,150016,2260,space_invaders,freeway,3,0.0,25000
0,period,150016,2260,space_invaders,freeway,4,0.0,25000
0,period,150016,2260,space_invaders,freeway,5,0.0,25000
0,period,150016,2260,space_invaders,freeway,6,0.0,25000
0,period,150016,2260,space_invaders,freeway,7,0.0,25000
0,period,150016,2260,space_invaders,freeway,8,0.0,25000
0,period,150016,2260,space_invaders,freeway,9,0.0,25000
0,period,150016,2260,space_invaders,freeway,10,0.0,25000
0,period,175104,2584,space_invaders,breakout,1,0.0,80
0,period,175104,2584,space_invaders,breakout,2,0.0,80
0,period,175104,2584,space_invaders,breakout,3,0.0,80
0,period,175104,2584,space_invaders,breakout,4,1.0,80
0,period,175104,2584,space_invaders,breakout,5,0.0,80
0,period,175104,2584,space_invaders,breakout,6,1.0,80
0,period,175104,2584,space_invaders,breakout,7,0.0,80
0,period,175104,2584,space_invaders,breakout,8,0.0,80
0,period,175104,2584,space_invaders,breakout,9,0.0,80
0,period,175104,2584,space_invaders,breakout,10,0.0,80
0,period,175104,2584,space_invaders,space_invaders,1,7.0,640
0,period,175104,2584,space_invaders,space_invaders,2,9.0,640
0,period,175104,2584,space_invaders,space_invaders,3,10.0,640
0,period,175104,2584,space_invaders,space_invaders,4,14.0,640
0,period,175104,2584,space_invaders,space_invaders,5,9.0,640
0,period,175104,2584,space_invaders,space_invaders,6,8.0,640
0,period,175104,2584,space_invaders,space_invaders,7,7.0,640
0,period,175104,2584,space_invaders,space_invaders,8,5.0,640
0,period,175104,2584,space_invaders,space_invaders,9,12.0,640
0,period,175104,2584,space_invaders,space_invaders,10,3.0,640
0,period,175104,2584,space_invaders,freeway,1,0.0,25000
0,period,175104,2584,space_invaders,freeway,2,0.0,25000
0,period,175104,2584,space_invaders,freeway,3,0.0,25000
0,period,175104,2584,space_invaders,freeway,4,0.0,25000
0,period,175104,2584,space_invaders,freeway,5,0.0,25000
0,period,175104,2584,space_invaders,freeway,6,0.0,25000
0,period,175104,2584,space_invaders,freeway,7,0.0,25000
0,period,175104,2584,space_invaders,freeway,8,0.0,25000
0,period,175104,2584,space_invaders,freeway,9,0.0,25000
0,period,175104,2584,space_invaders,freeway,10,0.0,25000
0,period,200192,2847,space_invaders,breakout,1,0.0,70
0,period,200192,2847,space_invaders,breakout,2,1.0,70
0,period,200192,2847,space_invaders,breakout,3,0.0,70
0,period,200192,2847,space_invaders,breakout,4,0.0,70
0,period,200192,2847,space_invaders,breakout,5,0.0,70
0,period,200192,2847,space_invaders,breakout,6,0.0,70
0,period,200192,2847,space_invaders,breakout,7,0.0,70
0,period,200192,2847,space_invaders,breakout,8,0.0,70
0,period,200192,2847,space_invaders,breakout,9,0.0,70
0,period,200192,2847,space_invaders,breakout,10,0.0,70
0,period,200192,2847,space_invaders,space_invaders,1,2.0,610
0,period,200192,2847,space_invaders,space_invaders,2,7.0,610
0,period,200192,2847,space_invaders,space_invaders,3,10.0,610
0,period,200192,2847,space_invaders,space_invaders,4,6.0,610
0,period,200192,2847,space_invaders,space_invaders,5,10.0,610
0,period,200192,2847,space_invaders,space_invaders,6,10.0,610
0,period,200192,2847,space_invaders,space_invaders,7,6.0,610
0,period,200192,2847,space_invaders,space_invaders,8,7.0,610
0,period,200192,2847,space_invaders,space_invaders,9,17.0,610
0,period,200192,2847,space_invaders,space_invaders,10,7.0,610
0,period,200192,2847,space_invaders,freeway,1,0.0,25000
0,period,200192,2847,space_invaders,freeway,2,0.0,25000
0,period,200192,2847,space_invaders,freeway,3,0.0,25000
0,period,200192,2847,space_invaders,freeway,4,0.0,25000
0,period,200192,2847,space_invaders,freeway,5,0.0,25000
0,period,200192,2847,space_invaders,freeway,6,0.0,25000
0,period,200192,2847,space_invaders,freeway,7,0.0,25000
0,period,200192,2847,space_invaders,freeway,8,0.0,25000
0,period,200192,2847,space_invaders,freeway,9,0.0,25000
0,period,200192,2847,space_invaders,freeway,10,0.0,25000
0,period,225024,3091,space_invaders,breakout,1,0.0,100
0,period,225024,3091,space_invaders,breakout,2,0.0,100
0,period,225024,3091,space_invaders,breakout,3,1.0,100
0,period,225024,3091,space_invaders,breakout,4,1.0,100
0,period,225024,3091,space_invaders,breakout,5,0.0,100
0,period,225024,3091,space_invaders,breakout,6,0.0,100
0,period,225024,3091,space_invaders,breakout,7,1.0,100
0,period,225024,3091,space_invaders,breakout,8,0.0,100
0,period,225024,3091,space_invaders,breakout,9,0.0,100
0,period,225024,3091,space_invaders,breakout,10,1.0,100
0,period,225024,3091,space_invaders,space_invaders,1,17.0,1492
0,period,225024,3091,space_invaders,space_invaders,2,15.0,1492
0,period,225024,3091,space_invaders,space_invaders,3,16.0,1492
0,period,225024,3091,space_invaders,space_invaders,4,5.0,1492
0,period,225024,3091,space_invaders,space_invaders,5,13.0,1492
0,period,225024,3091,space_invaders,space_invaders,6,19.0,1492
0,period,225024,3091,space_invaders,space_invaders,7,12.0,1492
0,period,225024,3091,space_invaders,space_invaders,8,12.0,1492
0,period,225024,3091,space_invaders,space_invaders,9,22.0,1492
0,period,225024,3091,space_invaders,space_invaders,10,21.0,1492
0,period,225024,3091,space_invaders,freeway,1,0.0,25000
0,period,225024,3091,space_invaders,freeway,2,0.0,25000
0,period,225024,3091,space_invaders,freeway,3,0.0,25000
0,period,225024,3091,space_invaders,freeway,4,0.0,25000
0,period,225024,3091,space_invaders,freeway,5,0.0,25000
0,period,225024,3091,space_invaders,freeway,6,0.0,25000
0,period,225024,3091,space_invaders,freeway,7,0.0,25000
0,period,225024,3091,space_invaders,freeway,8,0.0,25000
0,period,225024,3091,space_invaders,freeway,9,0.0,25000
0,period,225024,3091,space_invaders,freeway,10,0.0,25000
0,period,250112,3283,space_invaders,breakout,1,1.0,90
0,period,250112,3283,space_invaders,breakout,2,0.0,90
0,period,250112,3283,space_invaders,breakout,3,1.0,90
0,period,250112,3283,space_invaders,breakout,4,0.0,90
0,period,250112,3283,space_invaders,breakout,5,0.0,90
0,period,250112,3283,space_invaders,breakout,6,0.0,90
0,period,250112,3283,space_invaders,breakout,7,0.0,90
0,period,250112,3283,space_invaders,breakout,8,1.0,90
0,period,250112,3283,space_invaders,breakout,9,0.0,90
0,period,250112,3283,space_invaders,breakout,10,0.0,90
0,period,250112,3283,space_invaders,space_invaders,1,16.0,1557
0,period,250112,3283,space_invaders,space_invaders,2,17.0,1557
0,period,250112,3283,space_invaders,space_invaders,3,14.0,1557
0,period,250112,3283,space_invaders,space_invaders,4,5.0,1557
0,period,250112,3283,space_invaders,space_invaders,5,19.0,1557
0,period,250112,3283,space_invaders,space_invaders,6,22.0,1557
0,period,250112,3283,space_invaders,space_invaders,7,14.0,1557
0,period,250112,3283,space_invaders,space_invaders,8,10.0,1557
0,period,250112,3283,space_invaders,space_invaders,9,8.0,1557
0,period,250112,3283,space_invaders,space_invaders,10,12.0,1557
0,period,250112,3283,space_invaders,freeway,1,0.0,25000
0,period,250112,3283,space_invaders,freeway,2,0.0,25000
0,period,250112,3283,space_invaders,freeway,3,0.0,25000
0,period,250112,3283,space_invaders,freeway,4,0.0,25000
0,period,250112,3283,space_invaders,freeway,5,0.0,25000
0,period,250112,3283,space_invaders,freeway,6,0.0,25000
0,period,250112,3283,space_invaders,freeway,7,0.0,25000
0,period,250112,3283,space_invaders,freeway,8,0.0,25000
0,period,250112,3283,space_invaders,freeway,9,0.0,25000
0,period,250112,3283,space_invaders,freeway,10,0.0,25000
0,period,275200,3502,space_invaders,breakout,1,0.0,100
0,period,275200,3502,space_invaders,breakout,2,1.0,100
0,period,275200,3502,space_invaders,breakout,3,1.0,100
0,period,275200,3502,space_invaders,breakout,4,0.0,100
0,period,275200,3502,space_invaders,breakout,5,0.0,100
0,period,275200,3502,space_invaders,breakout,6,0.0,100
0,period,275200,3502,space_invaders,breakout,7,0.0,100
0,period,275200,3502,space_invaders,breakout,8,1.0,100
0,period,275200,3502,space_invaders,breakout,9,0.0,100
0,period,275200,3502,space_invaders,breakout,10,1.0,100
0,period,275200,3502,space_invaders,space_invaders,1,17.0,1323
0,period,275200,3502,space_invaders,space_invaders,2,9.0,1323
0,period,275200,3502,space_invaders,space_invaders,3,7.0,1323
0,period,275200,3502,space_invaders,space_invaders,4,27.0,1323
0,period,275200,3502,space_invaders,space_invaders,5,7.0,1323
0,period,275200,3502,space_invaders,space_invaders,6,19.0,1323
0,period,275200,3502,space_invaders,space_invaders,7,10.0,1323
0,period,275200,3502,space_invaders,space_invaders,8,16.0,1323
0,period,275200,3502,space_invaders,space_invaders,9,20.0,1323
0,period,275200,3502,space_invaders,space_invaders,10,8.0,1323
0,period,275200,3502,space_invaders,freeway,1,0.0,25000
0,period,275200,3502,space_invaders,freeway,2,0.0,25000
0,period,275200,3502,space_invaders,freeway,3,0.0,25000
0,period,275200,3502,space_invaders,freeway,4,0.0,25000
0,period,275200,3502,space_invaders,freeway,5,0.0,25000
0,period,275200,3502,space_invaders,freeway,6,0.0,25000
0,period,275200,3502,space_invaders,freeway,7,0.0,25000
0,period,275200,3502,space_invaders,freeway,8,0.0,25000
0,period,275200,3502,space_invaders,freeway,9,0.0,25000
0,period,275200,3502,space_invaders,freeway,10,0.0,25000
0,period,300032,3692,space_invaders,breakout,1,0.0,90
0,period,300032,3692,space_invaders,breakout,2,1.0,90
0,period,300032,3692,space_invaders,breakout,3,0.0,90
0,period,300032,3692,space_invaders,breakout,4,1.0,90
0,period,300032,3692,space_invaders,breakout,5,0.0,90
0,period,300032,3692,space_invaders,breakout,6,0.0,90
0,period,300032,3692,space_invaders,breakout,7,1.0,90
0,period,300032,3692,space_invaders,breakout,8,0.0,90
0,period,300032,3692,space_invaders,breakout,9,0.0,90
0,period,300032,3692,space_invaders,breakout,10,0.0,90
0,period,300032,3692,space_invaders,space_invaders,1,9.0,1066
0,period,300032,3692,space_invaders,space_invaders,2,22.0,1066
0,period,300032,3692,space_invaders,space_invaders,3,6.0,1066
0,period,300032,3692,space_invaders,space_invaders,4,12.0,1066
0,period,300032,3692,space_invaders,space_invaders,5,15.0,1066
0,period,300032,3692,space_invaders,space_invaders,6,6.0,1066
0,period,300032,3692,space_invaders,space_invaders,7,5.0,1066
0,period,300032,3692,space_invaders,space_invaders,8,7.0,1066
0,period,300032,3692,space_invaders,space_invaders,9,21.0,1066
0,period,300032,3692,space_invaders,space_invaders,10,15.0,1066
0,period,300032,3692,space_invaders,freeway,1,0.0,25000
0,period,300032,3692,space_invaders,freeway,2,0.0,25000
0,period,300032,3692,space_invaders,freeway,3,0.0,25000
0,period,300032,3692,space_invaders,freeway,4,0.0,25000
0,period,300032,3692,space_invaders,freeway,5,0.0,25000
0,period,300032,3692,space_invaders,freeway,6,0.0,25000
0,period,300032,3692,space_invaders,freeway,7,0.0,25000
0,period,300032,3692,space_invaders,freeway,8,0.0,25000
0,period,300032,3692,space_invaders,freeway,9,0.0,25000
0,period,300032,3692,space_invaders,freeway,10,0.0,25000
0,period,325120,3875,space_invaders,breakout,1,1.0,80
0,period,325120,3875,space_invaders,breakout,2,0.0,80
0,period,325120,3875,space_invaders,breakout,3,0.0,80
0,period,325120,3875,space_invaders,breakout,4,0.0,80
0,period,325120,3875,space_invaders,breakout,5,0.0,80
0,period,325120,3875,space_invaders,breakout,6,0.0,80
0,period,325120,3875,space_invaders,breakout,7,1.0,80
0,period,325120,3875,space_invaders,breakout,8,0.0,80
0,period,325120,3875,space_invaders,breakout,9,0.0,80
0,period,325120,3875,space_invaders,breakout,10,0.0,80
0,period,325120,3875,space_invaders,space_invaders,1,15.0,1456
0,period,325120,3875,space_invaders,space_invaders,2,10.0,1456
0,period,325120,3875,space_invaders,space_invaders,3,9.0,1456
0,period,325120,3875,space_invaders,space_invaders,4,23.0,1456
0,period,325120,3875,space_invaders,space_invaders,5,23.0,1456
0,period,325120,3875,space_invaders,space_invaders,6,21.0,1456
0,period,325120,3875,space_invaders,space_invaders,7,5.0,1456
0,period,325120,3875,space_invaders,space_invaders,8,7.0,1456
0,period,325120,3875,space_invaders,space_invaders,9,10.0,1456
0,period,325120,3875,space_invaders,space_invaders,10,11.0,1456
0,period,325120,3875,space_invaders,freeway,1,0.0,25000
0,period,325120,3875,space_invaders,freeway,2,0.0,25000
0,period,325120,3875,space_invaders,freeway,3,0.0,25000
0,period,325120,3875,space_invaders,freeway,4,0.0,25000
0,period,325120,3875,space_invaders,freeway,5,0.0,25000
0,period,325120,3875,space_invaders,freeway,6,0.0,25000
0,period,325120,3875,space_invaders,freeway,7,0.0,25000
0,period,325120,3875,space_invaders,freeway,8,0.0,25000
0,period,325120,3875,space_invaders,freeway,9,0.0,25000
0,period,325120,3875,space_invaders,freeway,10,0.0,25000
0,period,350208,4025,space_invaders,breakout,1,0.0,110
0,period,350208,4025,space_invaders,breakout,2,0.0,110
0,period,350208,4025,space_invaders,breakout,3,1.0,110
0,period,350208,4025,space_invaders,breakout,4,0.0,110
0,period,350208,4025,space_invaders,breakout,5,0.0,110
0,period,350208,4025,space_invaders,breakout,6,0.0,110
0,period,350208,4025,space_invaders,breakout,7,0.0,110
0,period,350208,4025,space_invaders,breakout,8,1.0,110
0,period,350208,4025,space_invaders,breakout,9,1.0,110
0,period,350208,4025,space_invaders,breakout,10,2.0,110
0,period,350208,4025,space_invaders,space_invaders,1,21.0,2258
0,period,350208,4025,space_invaders,space_invaders,2,37.0,2258
0,period,350208,4025,space_invaders,space_invaders,3,21.0,2258
0,period,350208,4025,space_invaders,space_invaders,4,23.0,2258
0,period,350208,4025,space_invaders,space_invaders,5,17.0,2258
0,period,350208,4025,space_invaders,space_invaders,6,12.0,2258
0,period,350208,4025,space_invaders,space_invaders,7,19.0,2258
0,period,350208,4025,space_invaders,space_invaders,8,20.0,2258
0,period,350208,4025,space_invaders,space_invaders,9,18.0,2258
0,period,350208,4025,space_invaders,space_invaders,10,6.0,2258
0,period,350208,4025,space_invaders,freeway,1,0.0,25000
0,period,350208,4025,space_invaders,freeway,2,0.0,25000
0,period,350208,4025,space_invaders,freeway,3,0.0,25000
0,period,350208,4025,space_invaders,freeway,4,0.0,25000
0,period,350208,4025,space_invaders,freeway,5,0.0,25000
0,period,350208,4025,space_invaders,freeway,6,0.0,25000
0,period,350208,4025,space_invaders,freeway,7,0.0,25000
0,period,350208,4025,space_invaders,freeway,8,0.0,25000
0,period,350208,4025,space_invaders,freeway,9,0.0,25000
0,period,350208,4025,space_invaders,freeway,10,0.0,25000
0,period,375040,4207,space_invaders,breakout,1,2.0,82
0,period,375040,4207,space_invaders,breakout,2,0.0,82
0,period,375040,4207,space_invaders,breakout,3,0.0,82
0,period,375040,4207,space_invaders,breakout,4,0.0,82
0,period,375040,4207,space_invaders,breakout,5,0.0,82
0,period,375040,4207,space_invaders,breakout,6,0.0,82
0,period,375040,4207,space_invaders,breakout,7,0.0,82
0,period,375040,4207,space_invaders,breakout,8,0.0,82
0,period,375040,4207,space_invaders,breakout,9,0.0,82
0,period,375040,4207,space_invaders,breakout,10,0.0,82
0,period,375040,4207,space_invaders,space_invaders,1,25.0,1468
0,period,375040,4207,space_invaders,space_invaders,2,23.0,1468
0,period,375040,4207,space_invaders,space_invaders,3,7.0,1468
0,period,375040,4207,space_invaders,space_invaders,4,16.0,1468
0,period,375040,4207,space_invaders,space_invaders,5,9.0,1468
0,period,375040,4207,space_invaders,space_invaders,6,19.0,1468
0,period,375040,4207,space_invaders,space_invaders,7,12.0,1468
0,period,375040,4207,space_invaders,space_invaders,8,16.0,1468
0,period,375040,4207,space_invaders,space_invaders,9,7.0,1468
0,period,375040,4207,space_invaders,space_invaders,10,23.0,1468
0,period,375040,4207,space_invaders,freeway,1,0.0,25000
0,period,375040,4207,space_invaders,freeway,2,0.0,25000
0,period,375040,4207,space_invaders,freeway,3,0.0,25000
0,period,375040,4207,space_invaders,freeway,4,0.0,25000
0,period,375040,4207,space_invaders,freeway,5,0.0,25000
0,period,375040,4207,space_invaders,freeway,6,0.0,25000
0,period,375040,4207,space_invaders,freeway,7,0.0,25000
0,period,375040,4207,space_invaders,freeway,8,0.0,25000
0,period,375040,4207,space_invaders,freeway,9,0.0,25000
0,period,375040,4207,space_invaders,freeway,10,0.0,25000
0,period,400128,4349,space_invaders,breakout,1,0.0,90
0,period,400128,4349,space_invaders,breakout,2,0.0,90
0,period,400128,4349,space_invaders,breakout,3,1.0,90
0,period,400128,4349,space_invaders,breakout,4,0.0,90
0,period,400128,4349,space_invaders,breakout,5,1.0,90
0,period,400128,4349,space_invaders,breakout,6,0.0,90
0,period,400128,4349,space_invaders,breakout,7,0.0,90
0,period,400128,4349,space_invaders,breakout,8,0.0,90
0,period,400128,4349,space_invaders,breakout,9,1.0,90
0,period,400128,4349,space_invaders,breakout,10,0.0,90
0,period,400128,4349,space_invaders,space_invaders,1,4.0,1442
0,period,400128,4349,space_invaders,space_invaders,2,7.0,1442
0,period,400128,4349,space_invaders,space_invaders,3,19.0,1442
0,period,400128,4349,space_invaders,space_invaders,4,5.0,1442
0,period,400128,4349,space_invaders,space_invaders,5,23.0,1442
0,period,400128,4349,space_invaders,space_invaders,6,22.0,1442
0,period,400128,4349,space_invaders,space_invaders,7,12.0,1442
0,period,400128,4349,space_invaders,space_invaders,8,11.0,1442
0,period,400128,4349,space_invaders,space_invaders,9,5.0,1442
0,period,400128,4349,space_invaders,space_invaders,10,22.0,1442
0,period,400128,4349,space_invaders,freeway,1,0.0,25000
0,period,400128,4349,space_invaders,freeway,2,0.0,25000
0,period,400128,4349,space_invaders,freeway,3,0.0,25000
0,period,400128,4349,space_invaders,freeway,4,0.0,25000
0,period,400128,4349,space_invaders,freeway,5,0.0,25000
0,period,400128,4349,space_invaders,freeway,6,0.0,25000
0,period,400128,4349,space_invaders,freeway,7,0.0,25000
0,period,400128,4349,space_invaders,freeway,8,0.0,25000
0,period,400128,4349,space_invaders,freeway,9,0.0,25000
0,period,400128,4349,space_invaders,freeway,10,0.0,25000
0,period,425216,4501,space_invaders,breakout,1,0.0,110
0,period,425216,4501,space_invaders,breakout,2,0.0,110
0,period,425216,4501,space_invaders,breakout,3,0.0,110
0,period,425216,4501,space_invaders,breakout,4,1.0,110
0,period,425216,4501,space_invaders,breakout,5,1.0,110
0,period,425216,4501,space_invaders,breakout,6,1.0,110
0,period,425216,4501,space_invaders,breakout,7,0.0,110
0,period,425216,4501,space_invaders,breakout,8,0.0,110
0,period,425216,4501,space_invaders,breakout,9,1.0,110
0,period,425216,4501,space_invaders,breakout,10,1.0,110
0,period,425216,4501,space_invaders,space_invaders,1,22.0,1861
0,period,425216,4501,space_invaders,space_invaders,2,23.0,1861
0,period,425216,4501,space_invaders,space_invaders,3,20.0,1861
0,period,425216,4501,space_invaders,space_invaders,4,15.0,1861
0,period,425216,4501,space_invaders,space_invaders,5,15.0,1861
0,period,425216,4501,space_invaders,space_invaders,6,7.0,1861
0,period,425216,4501,space_invaders,space_invaders,7,13.0,1861
0,period,425216,4501,space_invaders,space_invaders,8,38.0,1861
0,period,425216,4501,space_invaders,space_invaders,9,7.0,1861
0,period,425216,4501,space_invaders,space_invaders,10,7.0,1861
0,period,425216,4501,space_invaders,freeway,1,0.0,25000
0,period,425216,4501,space_invaders,freeway,2,0.0,25000
0,period,425216,4501,space_invaders,freeway,3,1.0,25000
0,period,425216,4501,space_invaders,freeway,4,0.0,25000
0,period,425216,4501,space_invaders,freeway,5,0.0,25000
0,period,425216,4501,space_invaders,freeway,6,1.0,25000
0,period,425216,4501,space_invaders,freeway,7,0.0,25000
0,period,425216,4501,space_invaders,freeway,8,0.0,25000
0,period,425216,4501,space_invaders,freeway,9,0.0,25000
0,period,425216,4501,space_invaders,freeway,10,0.0,25000
0,period,450048,4628,space_invaders,breakout,1,1.0,140
0,period,450048,4628,space_invaders,breakout,2,1.0,140
0,period,450048,4628,space_invaders,breakout,3,0.0,140
0,period,450048,4628,space_invaders,breakout,4,0.0,140
0,period,450048,4628,space_invaders,breakout,5,1.0,140
0,period,450048,4628,space_invaders,breakout,6,1.0,140
0,period,450048,4628,space_invaders,breakout,7,1.0,140
0,period,450048,4628,space_invaders,breakout,8,1.0,140
0,period,450048,4628,space_invaders,breakout,9,1.0,140
0,period,450048,4628,space_invaders,breakout,10,1.0,140
0,period,450048,4628,space_invaders,space_invaders,1,23.0,1918
0,period,450048,4628,space_invaders,space_invaders,2,17.0,1918
0,period,450048,4628,space_invaders,space_invaders,3,22.0,1918
0,period,450048,4628,space_invaders,space_invaders,4,9.0,1918
0,period,450048,4628,space_invaders,space_invaders,5,20.0,1918
0,period,450048,4628,space_invaders,space_invaders,6,20.0,1918
0,period,450048,4628,space_invaders,space_invaders,7,12.0,1918
0,period,450048,4628,space_invaders,space_invaders,8,18.0,1918
0,period,450048,4628,space_invaders,space_invaders,9,13.0,1918
0,period,450048,4628,space_invaders,space_invaders,10,13.0,1918
0,period,450048,4628,space_invaders,freeway,1,0.0,25000
0,period,450048,4628,space_invaders,freeway,2,0.0,25000
0,period,450048,4628,space_invaders,freeway,3,0.0,25000
0,period,450048,4628,space_invaders,freeway,4,0.0,25000
0,period,450048,4628,space_invaders,freeway,5,0.0,25000
0,period,450048,4628,space_invaders,freeway,6,0.0,25000
0,period,450048,4628,space_invaders,freeway,7,0.0,25000
0,period,450048,4628,space_invaders,freeway,8,0.0,25000
0,period,450048,4628,space_invaders,freeway,9,0.0,25000
0,period,450048,4628,space_invaders,freeway,10,0.0,25000
0,period,475136,4752,space_invaders,breakout,1,1.0,110
0,period,475136,4752,space_invaders,breakout,2,1.0,110
0,period,475136,4752,space_invaders,breakout,3,0.0,110
0,period,475136,4752,space_invaders,breakout,4,1.0,110
0,period,475136,4752,space_invaders,breakout,5,1.0,110
0,period,475136,4752,space_invaders,breakout,6,0.0,110
0,period,475136,4752,space_invaders,breakout,7,0.0,110
0,period,475136,4752,space_invaders,breakout,8,0.0,110
0,period,475136,4752,space_invaders,breakout,9,0.0,110
0,period,475136,4752,space_invaders,breakout,10,1.0,110
0,period,475136,4752,space_invaders,space_invaders,1,21.0,1476
0,period,475136,4752,space_invaders,space_invaders,2,20.0,1476
0,period,475136,4752,space_invaders,space_invaders,3,7.0,1476
0,period,475136,4752,space_invaders,space_invaders,4,13.0,1476
0,period,475136,4752,space_invaders,space_invaders,5,21.0,1476
0,period,475136,4752,space_invaders,space_invaders,6,17.0,1476
0,period,475136,4752,space_invaders,space_invaders,7,19.0,1476
0,period,475136,4752,space_invaders,space_invaders,8,20.0,1476
0,period,475136,4752,space_invaders,space_invaders,9,5.0,1476
0,period,475136,4752,space_invaders,space_invaders,10,22.0,1476
0,period,475136,4752,space_invaders,freeway,1,0.0,25000
0,period,475136,4752,space_invaders,freeway,2,0.0,25000
0,period,475136,4752,space_invaders,freeway,3,0.0,25000
0,period,475136,4752,space_invaders,freeway,4,0.0,25000
0,period,475136,4752,space_invaders,freeway,5,0.0,25000
0,period,475136,4752,space_invaders,freeway,6,0.0,25000
0,period,475136,4752,space_invaders,freeway,7,0.0,25000
0,period,475136,4752,space_invaders,freeway,8,0.0,25000
0,period,475136,4752,space_invaders,freeway,9,0.0,25000
0,period,475136,4752,space_invaders,freeway,10,0.0,25000
1,boundary,999936,6982,space_invaders,breakout,1,1.0,140
1,boundary,999936,6982,space_invaders,breakout,2,0.0,140
1,boundary,999936,6982,space_invaders,breakout,3,1.0,140
1,boundary,999936,6982,space_invaders,breakout,4,1.0,140
1,boundary,999936,6982,space_invaders,breakout,5,2.0,140
1,boundary,999936,6982,space_invaders,breakout,6,0.0,140
1,boundary,999936,6982,space_invaders,breakout,7,1.0,140
1,boundary,999936,6982,space_invaders,breakout,8,0.0,140
1,boundary,999936,6982,space_invaders,breakout,9,1.0,140
1,boundary,999936,6982,space_invaders,breakout,10,1.0,140
1,boundary,999936,6982,space_invaders,space_invaders,1,23.0,2047
1,boundary,999936,6982,space_invaders,space_invaders,2,42.0,2047
1,boundary,999936,6982,space_invaders,space_invaders,3,10.0,2047
1,boundary,999936,6982,space_invaders,space_invaders,4,31.0,2047
1,boundary,999936,6982,space_invaders,space_invaders,5,29.0,2047
1,boundary,999936,6982,space_invaders,space_invaders,6,10.0,2047
1,boundary,999936,6982,space_invaders,space_invaders,7,19.0,2047
1,boundary,999936,6982,space_invaders,space_invaders,8,23.0,2047
1,boundary,999936,6982,space_invaders,space_invaders,9,23.0,2047
1,boundary,999936,6982,space_invaders,space_invaders,10,28.0,2047
1,boundary,999936,6982,space_invaders,freeway,1,0.0,25000
1,boundary,999936,6982,space_invaders,freeway,2,0.0,25000
1,boundary,999936,6982,space_invaders,freeway,3,0.0,25000
1,boundary,999936,6982,space_invaders,freeway,4,0.0,25000
1,boundary,999936,6982,space_invaders,freeway,5,0.0,25000
1,boundary,999936,6982,space_invaders,freeway,6,0.0,25000
1,boundary,999936,6982,space_invaders,freeway,7,0.0,25000
1,boundary,999936,6982,space_invaders,freeway,8,0.0,25000
1,boundary,999936,6982,space_invaders,freeway,9,0.0,25000
1,boundary,999936,6982,space_invaders,freeway,10,0.0,25000
1,period,500224,4891,space_invaders,breakout,1,0.0,120
1,period,500224,4891,space_invaders,breakout,2,1.0,120
1,period,500224,4891,space_invaders,breakout,3,1.0,120
1,period,500224,4891,space_invaders,breakout,4,1.0,120
1,period,500224,4891,space_invaders,breakout,5,1.0,120
1,period,500224,4891,space_invaders,breakout,6,0.0,120
1,period,500224,4891,space_invaders,breakout,7,1.0,120
1,period,500224,4891,space_invaders,breakout,8,0.0,120
1,period,500224,4891,space_invaders,breakout,9,0.0,120
1,period,500224,4891,space_invaders,breakout,10,1.0,120
1,period,500224,4891,space_invaders,space_invaders,1,15.0,1561
1,period,500224,4891,space_invaders,space_invaders,2,23.0,1561
1,period,500224,4891,space_invaders,space_invaders,3,12.0,1561
1,period,500224,4891,space_invaders,space_invaders,4,20.0,1561
1,period,500224,4891,space_invaders,space_invaders,5,5.0,1561
1,period,500224,4891,space_invaders,space_invaders,6,23.0,1561
1,period,500224,4891,space_invaders,space_invaders,7,23.0,1561
1,period,500224,4891,space_invaders,space_invaders,8,9.0,1561
1,period,500224,4891,space_invaders,space_invaders,9,21.0,1561
1,period,500224,4891,space_invaders,space_invaders,10,19.0,1561
1,period,500224,4891,space_invaders,freeway,1,0.0,25000
1,period,500224,4891,space_invaders,freeway,2,0.0,25000
1,period,500224,4891,space_invaders,freeway,3,0.0,25000
1,period,500224,4891,space_invaders,freeway,4,0.0,25000
1,period,500224,4891,space_invaders,freeway,5,0.0,25000
1,period,500224,4891,space_invaders,freeway,6,0.0,25000
1,period,500224,4891,space_invaders,freeway,7,0.0,25000
1,period,500224,4891,space_invaders,freeway,8,0.0,25000
1,period,500224,4891,space_invaders,freeway,9,0.0,25000
1,period,500224,4891,space_invaders,freeway,10,0.0,25000
1,period,525056,5003,space_invaders,breakout,1,1.0,130
1,period,525056,5003,space_invaders,breakout,2,2.0,130
1,period,525056,5003,space_invaders,breakout,3,1.0,130
1,period,525056,5003,space_invaders,breakout,4,0.0,130
1,period,525056,5003,space_invaders,breakout,5,0.0,130
1,period,525056,5003,space_invaders,breakout,6,0.0,130
1,period,525056,5003,space_invaders,breakout,7,0.0,130
1,period,525056,5003,space_invaders,breakout,8,1.0,130
1,period,525056,5003,space_invaders,breakout,9,1.0,130
1,period,525056,5003,space_invaders,breakout,10,1.0,130
1,period,525056,5003,space_invaders,space_invaders,1,8.0,939
1,period,525056,5003,space_invaders,space_invaders,2,13.0,939
1,period,525056,5003,space_invaders,space_invaders,3,8.0,939
1,period,525056,5003,space_invaders,space_invaders,4,22.0,939
1,period,525056,5003,space_invaders,space_invaders,5,17.0,939
1,period,525056,5003,space_invaders,space_invaders,6,6.0,939
1,period,525056,5003,space_invaders,space_invaders,7,7.0,939
1,period,525056,5003,space_invaders,space_invaders,8,23.0,939
1,period,525056,5003,space_invaders,space_invaders,9,8.0,939
1,period,525056,5003,space_invaders,space_invaders,10,9.0,939
1,period,525056,5003,space_invaders,freeway,1,0.0,25000
1,period,525056,5003,space_invaders,freeway,2,0.0,25000
1,period,525056,5003,space_invaders,freeway,3,0.0,25000
1,period,525056,5003,space_invaders,freeway,4,0.0,25000
1,period,525056,5003,space_invaders,freeway,5,0.0,25000
1,period,525056,5003,space_invaders,freeway,6,0.0,25000
1,period,525056,5003,space_invaders,freeway,7,0.0,25000
1,period,525056,5003,space_invaders,freeway,8,0.0,25000
1,period,525056,5003,space_invaders,freeway,9,0.0,25000
1,period,525056,5003,space_invaders,freeway,10,0.0,25000
1,period,550144,5115,space_invaders,breakout,1,1.0,140
1,period,550144,5115,space_invaders,breakout,2,1.0,140
1,period,550144,5115,space_invaders,breakout,3,0.0,140
1,period,550144,5115,space_invaders,breakout,4,0.0,140
1,period,550144,5115,space_invaders,breakout,5,0.0,140
1,period,550144,5115,space_invaders,breakout,6,1.0,140
1,period,550144,5115,space_invaders,breakout,7,1.0,140
1,period,550144,5115,space_invaders,breakout,8,1.0,140
1,period,550144,5115,space_invaders,breakout,9,1.0,140
1,period,550144,5115,space_invaders,breakout,10,2.0,140
1,period,550144,5115,space_invaders,space_invaders,1,23.0,2685
1,period,550144,5115,space_invaders,space_invaders,2,11.0,2685
1,period,550144,5115,space_invaders,space_invaders,3,20.0,2685
1,period,550144,5115,space_invaders,space_invaders,4,23.0,2685
1,period,550144,5115,space_invaders,space_invaders,5,20.0,2685
1,period,550144,5115,space_invaders,space_invaders,6,19.0,2685
1,period,550144,5115,space_invaders,space_invaders,7,32.0,2685
1,period,550144,5115,space_invaders,space_invaders,8,23.0,2685
1,period,550144,5115,space_invaders,space_invaders,9,39.0,2685
1,period,550144,5115,space_invaders,space_invaders,10,22.0,2685
1,period,550144,5115,space_invaders,freeway,1,0.0,25000
1,period,550144,5115,space_invaders,freeway,2,0.0,25000
1,period,550144,5115,space_invaders,freeway,3,0.0,25000
1,period,550144,5115,space_invaders,freeway,4,0.0,25000
1,period,550144,5115,space_invaders,freeway,5,0.0,25000
1,period,550144,5115,space_invaders,freeway,6,0.0,25000
1,period,550144,5115,space_invaders,freeway,7,0.0,25000
1,period,550144,5115,space_invaders,freeway,8,0.0,25000
1,period,550144,5115,space_invaders,freeway,9,0.0,25000
1,period,550144,5115,space_invaders,freeway,10,0.0,25000
1,period,575232,5228,space_invaders,breakout,1,0.0,110
1,period,575232,5228,space_invaders,breakout,2,0.0,110
1,period,575232,5228,space_invaders,breakout,3,1.0,110
1,period,575232,5228,space_invaders,breakout,4,1.0,110
1,period,575232,5228,space_invaders,breakout,5,0.0,110
1,period,575232,5228,space_invaders,breakout,6,1.0,110
1,period,575232,5228,space_invaders,breakout,7,0.0,110
1,period,575232,5228,space_invaders,breakout,8,0.0,110
1,period,575232,5228,space_invaders,breakout,9,1.0,110
1,period,575232,5228,space_invaders,breakout,10,1.0,110
1,period,575232,5228,space_invaders,space_invaders,1,23.0,2311
1,period,575232,5228,space_invaders,space_invaders,2,23.0,2311
1,period,575232,5228,space_invaders,space_invaders,3,44.0,2311
1,period,575232,5228,space_invaders,space_invaders,4,12.0,2311
1,period,575232,5228,space_invaders,space_invaders,5,20.0,2311
1,period,575232,5228,space_invaders,space_invaders,6,23.0,2311
1,period,575232,5228,space_invaders,space_invaders,7,23.0,2311
1,period,575232,5228,space_invaders,space_invaders,8,19.0,2311
1,period,575232,5228,space_invaders,space_invaders,9,11.0,2311
1,period,575232,5228,space_invaders,space_invaders,10,17.0,2311
1,period,575232,5228,space_invaders,freeway,1,0.0,25000
1,period,575232,5228,space_invaders,freeway,2,0.0,25000
1,period,575232,5228,space_invaders,freeway,3,0.0,25000
1,period,575232,5228,space_invaders,freeway,4,0.0,25000
1,period,575232,5228,space_invaders,freeway,5,0.0,25000
1,period,575232,5228,space_invaders,freeway,6,0.0,25000
1,period,575232,5228,space_invaders,freeway,7,0.0,25000
1,period,575232,5228,space_invaders,freeway,8,0.0,25000
1,period,575232,5228,space_invaders,freeway,9,1.0,25000
1,period,575232,5228,space_invaders,freeway,10,0.0,25000
1,period,600064,5347,space_invaders,breakout,1,0.0,142
1,period,600064,5347,space_invaders,breakout,2,1.0,142
1,period,600064,5347,space_invaders,breakout,3,1.0,142
1,period,600064,5347,space_invaders,breakout,4,0.0,142
1,period,600064,5347,space_invaders,breakout,5,2.0,142
1,period,600064,5347,space_invaders,breakout,6,1.0,142
1,period,600064,5347,space_invaders,breakout,7,1.0,142
1,period,600064,5347,space_invaders,breakout,8,0.0,142
1,period,600064,5347,space_invaders,breakout,9,1.0,142
1,period,600064,5347,space_invaders,breakout,10,1.0,142
1,period,600064,5347,space_invaders,space_invaders,1,21.0,2737
1,period,600064,5347,space_invaders,space_invaders,2,20.0,2737
1,period,600064,5347,space_invaders,space_invaders,3,23.0,2737
1,period,600064,5347,space_invaders,space_invaders,4,20.0,2737
1,period,600064,5347,space_invaders,space_invaders,5,7.0,2737
1,period,600064,5347,space_invaders,space_invaders,6,23.0,2737
1,period,600064,5347,space_invaders,space_invaders,7,22.0,2737
1,period,600064,5347,space_invaders,space_invaders,8,45.0,2737
1,period,600064,5347,space_invaders,space_invaders,9,23.0,2737
1,period,600064,5347,space_invaders,space_invaders,10,21.0,2737
1,period,600064,5347,space_invaders,freeway,1,0.0,25000
1,period,600064,5347,space_invaders,freeway,2,0.0,25000
1,period,600064,5347,space_invaders,freeway,3,0.0,25000
1,period,600064,5347,space_invaders,freeway,4,0.0,25000
1,period,600064,5347,space_invaders,freeway,5,0.0,25000
1,period,600064,5347,space_invaders,freeway,6,2.0,25000
1,period,600064,5347,space_invaders,freeway,7,1.0,25000
1,period,600064,5347,space_invaders,freeway,8,0.0,25000
1,period,600064,5347,space_invaders,freeway,9,0.0,25000
1,period,600064,5347,space_invaders,freeway,10,0.0,25000
1,period,625152,5463,space_invaders,breakout,1,0.0,100
1,period,625152,5463,space_invaders,breakout,2,0.0,100
1,period,625152,5463,space_invaders,breakout,3,1.0,100
1,period,625152,5463,space_invaders,breakout,4,1.0,100
1,period,625152,5463,space_invaders,breakout,5,0.0,100
1,period,625152,5463,space_invaders,breakout,6,0.0,100
1,period,625152,5463,space_invaders,breakout,7,1.0,100
1,period,625152,5463,space_invaders,breakout,8,1.0,100
1,period,625152,5463,space_invaders,breakout,9,0.0,100
1,period,625152,5463,space_invaders,breakout,10,0.0,100
1,period,625152,5463,space_invaders,space_invaders,1,13.0,2872
1,period,625152,5463,space_invaders,space_invaders,2,21.0,2872
1,period,625152,5463,space_invaders,space_invaders,3,36.0,2872
1,period,625152,5463,space_invaders,space_invaders,4,33.0,2872
1,period,625152,5463,space_invaders,space_invaders,5,22.0,2872
1,period,625152,5463,space_invaders,space_invaders,6,39.0,2872
1,period,625152,5463,space_invaders,space_invaders,7,20.0,2872
1,period,625152,5463,space_invaders,space_invaders,8,22.0,2872
1,period,625152,5463,space_invaders,space_invaders,9,28.0,2872
1,period,625152,5463,space_invaders,space_invaders,10,46.0,2872
1,period,625152,5463,space_invaders,freeway,1,0.0,25000
1,period,625152,5463,space_invaders,freeway,2,0.0,25000
1,period,625152,5463,space_invaders,freeway,3,0.0,25000
1,period,625152,5463,space_invaders,freeway,4,0.0,25000
1,period,625152,5463,space_invaders,freeway,5,1.0,25000
1,period,625152,5463,space_invaders,freeway,6,0.0,25000
1,period,625152,5463,space_invaders,freeway,7,0.0,25000
1,period,625152,5463,space_invaders,freeway,8,0.0,25000
1,period,625152,5463,space_invaders,freeway,9,0.0,25000
1,period,625152,5463,space_invaders,freeway,10,0.0,25000
1,period,650240,5565,space_invaders,breakout,1,0.0,110
1,period,650240,5565,space_invaders,breakout,2,2.0,110
1,period,650240,5565,space_invaders,breakout,3,0.0,110
1,period,650240,5565,space_invaders,breakout,4,1.0,110
1,period,650240,5565,space_invaders,breakout,5,1.0,110
1,period,650240,5565,space_invaders,breakout,6,1.0,110
1,period,650240,5565,space_invaders,breakout,7,0.0,110
1,period,650240,5565,space_invaders,breakout,8,0.0,110
1,period,650240,5565,space_invaders,breakout,9,0.0,110
1,period,650240,5565,space_invaders,breakout,10,0.0,110
1,period,650240,5565,space_invaders,space_invaders,1,13.0,2854
1,period,650240,5565,space_invaders,space_invaders,2,47.0,2854
1,period,650240,5565,space_invaders,space_invaders,3,20.0,2854
1,period,650240,5565,space_invaders,space_invaders,4,23.0,2854
1,period,650240,5565,space_invaders,space_invaders,5,18.0,2854
1,period,650240,5565,space_invaders,space_invaders,6,71.0,2854
1,period,650240,5565,space_invaders,space_invaders,7,14.0,2854
1,period,650240,5565,space_invaders,space_invaders,8,23.0,2854
1,period,650240,5565,space_invaders,space_invaders,9,34.0,2854
1,period,650240,5565,space_invaders,space_invaders,10,23.0,2854
1,period,650240,5565,space_invaders,freeway,1,1.0,25000
1,period,650240,5565,space_invaders,freeway,2,0.0,25000
1,period,650240,5565,space_invaders,freeway,3,0.0,25000
1,period,650240,5565,space_invaders,freeway,4,1.0,25000
1,period,650240,5565,space_invaders,freeway,5,0.0,25000
1,period,650240,5565,space_invaders,freeway,6,0.0,25000
1,period,650240,5565,space_invaders,freeway,7,0.0,25000
1,period,650240,5565,space_invaders,freeway,8,0.0,25000
1,period,650240,5565,space_invaders,freeway,9,0.0,25000
1,period,650240,5565,space_invaders,freeway,10,0.0,25000
1,period,675072,5681,space_invaders,breakout,1,0.0,80
1,period,675072,5681,space_invaders,breakout,2,0.0,80
1,period,675072,5681,space_invaders,breakout,3,0.0,80
1,period,675072,5681,space_invaders,breakout,4,0.0,80
1,period,675072,5681,space_invaders,breakout,5,0.0,80
1,period,675072,5681,space_invaders,breakout,6,0.0,80
1,period,675072,5681,space_invaders,breakout,7,1.0,80
1,period,675072,5681,space_invaders,breakout,8,0.0,80
1,period,675072,5681,space_invaders,breakout,9,1.0,80
1,period,675072,5681,space_invaders,breakout,10,0.0,80
1,period,675072,5681,space_invaders,space_invaders,1,21.0,3487
1,period,675072,5681,space_invaders,space_invaders,2,23.0,3487
1,period,675072,5681,space_invaders,space_invaders,3,22.0,3487
1,period,675072,5681,space_invaders,space_invaders,4,40.0,3487
1,period,675072,5681,space_invaders,space_invaders,5,47.0,3487
1,period,675072,5681,space_invaders,space_invaders,6,22.0,3487
1,period,675072,5681,space_invaders,space_invaders,7,23.0,3487
1,period,675072,5681,space_invaders,space_invaders,8,22.0,3487
1,period,675072,5681,space_invaders,space_invaders,9,46.0,3487
1,period,675072,5681,space_invaders,space_invaders,10,23.0,3487
1,period,675072,5681,space_invaders,freeway,1,1.0,25000
1,period,675072,5681,space_invaders,freeway,2,1.0,25000
1,period,675072,5681,space_invaders,freeway,3,1.0,25000
1,period,675072,5681,space_invaders,freeway,4,0.0,25000
1,period,675072,5681,space_invaders,freeway,5,0.0,25000
1,period,675072,5681,space_invaders,freeway,6,1.0,25000
1,period,675072,5681,space_invaders,freeway,7,0.0,25000
1,period,675072,5681,space_invaders,freeway,8,0.0,25000
1,period,675072,5681,space_invaders,freeway,9,0.0,25000
1,period,675072,5681,space_invaders,freeway,10,0.0,25000
1,period,700160,5796,space_invaders,breakout,1,1.0,140
1,period,700160,5796,space_invaders,breakout,2,0.0,140
1,period,700160,5796,space_invaders,breakout,3,1.0,140
1,period,700160,5796,space_invaders,breakout,4,1.0,140
1,period,700160,5796,space_invaders,breakout,5,1.0,140
1,period,700160,5796,space_invaders,breakout,6,0.0,140
1,period,700160,5796,space_invaders,breakout,7,1.0,140
1,period,700160,5796,space_invaders,breakout,8,0.0,140
1,period,700160,5796,space_invaders,breakout,9,1.0,140
1,period,700160,5796,space_invaders,breakout,10,2.0,140
1,period,700160,5796,space_invaders,space_invaders,1,48.0,2113
1,period,700160,5796,space_invaders,space_invaders,2,11.0,2113
1,period,700160,5796,space_invaders,space_invaders,3,14.0,2113
1,period,700160,5796,space_invaders,space_invaders,4,21.0,2113
1,period,700160,5796,space_invaders,space_invaders,5,8.0,2113
1,period,700160,5796,space_invaders,space_invaders,6,23.0,2113
1,period,700160,5796,space_invaders,space_invaders,7,14.0,2113
1,period,700160,5796,space_invaders,space_invaders,8,19.0,2113
1,period,700160,5796,space_invaders,space_invaders,9,45.0,2113
1,period,700160,5796,space_invaders,space_invaders,10,23.0,2113
1,period,700160,5796,space_invaders,freeway,1,0.0,25000
1,period,700160,5796,space_invaders,freeway,2,0.0,25000
1,period,700160,5796,space_invaders,freeway,3,0.0,25000
1,period,700160,5796,space_invaders,freeway,4,2.0,25000
1,period,700160,5796,space_invaders,freeway,5,0.0,25000
1,period,700160,5796,space_invaders,freeway,6,0.0,25000
1,period,700160,5796,space_invaders,freeway,7,0.0,25000
1,period,700160,5796,space_invaders,freeway,8,0.0,25000
1,period,700160,5796,space_invaders,freeway,9,0.0,25000
1,period,700160,5796,space_invaders,freeway,10,0.0,25000
1,period,725248,5902,space_invaders,breakout,1,0.0,100
1,period,725248,5902,space_invaders,breakout,2,0.0,100
1,period,725248,5902,space_invaders,breakout,3,0.0,100
1,period,725248,5902,space_invaders,breakout,4,0.0,100
1,period,725248,5902,space_invaders,breakout,5,2.0,100
1,period,725248,5902,space_invaders,breakout,6,0.0,100
1,period,725248,5902,space_invaders,breakout,7,1.0,100
1,period,725248,5902,space_invaders,breakout,8,1.0,100
1,period,725248,5902,space_invaders,breakout,9,0.0,100
1,period,725248,5902,space_invaders,breakout,10,0.0,100
1,period,725248,5902,space_invaders,space_invaders,1,21.0,1900
1,period,725248,5902,space_invaders,space_invaders,2,10.0,1900
1,period,725248,5902,space_invaders,space_invaders,3,23.0,1900
1,period,725248,5902,space_invaders,space_invaders,4,10.0,1900
1,period,725248,5902,space_invaders,space_invaders,5,18.0,1900
1,period,725248,5902,space_invaders,space_invaders,6,84.0,1900
1,period,725248,5902,space_invaders,space_invaders,7,21.0,1900
1,period,725248,5902,space_invaders,space_invaders,8,20.0,1900
1,period,725248,5902,space_invaders,space_invaders,9,14.0,1900
1,period,725248,5902,space_invaders,space_invaders,10,9.0,1900
1,period,725248,5902,space_invaders,freeway,1,0.0,25000
1,period,725248,5902,space_invaders,freeway,2,0.0,25000
1,period,725248,5902,space_invaders,freeway,3,0.0,25000
1,period,725248,5902,space_invaders,freeway,4,0.0,25000
1,period,725248,5902,space_invaders,freeway,5,0.0,25000
1,period,725248,5902,space_invaders,freeway,6,0.0,25000
1,period,725248,5902,space_invaders,freeway,7,0.0,25000
1,period,725248,5902,space_invaders,freeway,8,0.0,25000
1,period,725248,5902,space_invaders,freeway,9,0.0,25000
1,period,725248,5902,space_invaders,freeway,10,0.0,25000
1,period,750080,5992,space_invaders,breakout,1,0.0,90
1,period,750080,5992,space_invaders,breakout,2,0.0,90
1,period,750080,5992,space_invaders,breakout,3,0.0,90
1,period,750080,5992,space_invaders,breakout,4,0.0,90
1,period,750080,5992,space_invaders,breakout,5,0.0,90
1,period,750080,5992,space_invaders,breakout,6,0.0,90
1,period,750080,5992,space_invaders,breakout,7,0.0,90
1,period,750080,5992,space_invaders,breakout,8,0.0,90
1,period,750080,5992,space_invaders,breakout,9,1.0,90
1,period,750080,5992,space_invaders,breakout,10,2.0,90
1,period,750080,5992,space_invaders,space_invaders,1,20.0,1469
1,period,750080,5992,space_invaders,space_invaders,2,20.0,1469
1,period,750080,5992,space_invaders,space_invaders,3,10.0,1469
1,period,750080,5992,space_invaders,space_invaders,4,22.0,1469
1,period,750080,5992,space_invaders,space_invaders,5,22.0,1469
1,period,750080,5992,space_invaders,space_invaders,6,41.0,1469
1,period,750080,5992,space_invaders,space_invaders,7,22.0,1469
1,period,750080,5992,space_invaders,space_invaders,8,13.0,1469
1,period,750080,5992,space_invaders,space_invaders,9,7.0,1469
1,period,750080,5992,space_invaders,space_invaders,10,6.0,1469
1,period,750080,5992,space_invaders,freeway,1,0.0,25000
1,period,750080,5992,space_invaders,freeway,2,0.0,25000
1,period,750080,5992,space_invaders,freeway,3,0.0,25000
1,period,750080,5992,space_invaders,freeway,4,0.0,25000
1,period,750080,5992,space_invaders,freeway,5,0.0,25000
1,period,750080,5992,space_invaders,freeway,6,0.0,25000
1,period,750080,5992,space_invaders,freeway,7,0.0,25000
1,period,750080,5992,space_invaders,freeway,8,0.0,25000
1,period,750080,5992,space_invaders,freeway,9,0.0,25000
1,period,750080,5992,space_invaders,freeway,10,0.0,25000
1,period,775168,6111,space_invaders,breakout,1,0.0,80
1,period,775168,6111,space_invaders,breakout,2,0.0,80
1,period,775168,6111,space_invaders,breakout,3,0.0,80
1,period,775168,6111,space_invaders,breakout,4,0.0,80
1,period,775168,6111,space_invaders,breakout,5,0.0,80
1,period,775168,6111,space_invaders,breakout,6,0.0,80
1,period,775168,6111,space_invaders,breakout,7,0.0,80
1,period,775168,6111,space_invaders,breakout,8,1.0,80
1,period,775168,6111,space_invaders,breakout,9,1.0,80
1,period,775168,6111,space_invaders,breakout,10,0.0,80
1,period,775168,6111,space_invaders,space_invaders,1,71.0,3090
1,period,775168,6111,space_invaders,space_invaders,2,15.0,3090
1,period,775168,6111,space_invaders,space_invaders,3,12.0,3090
1,period,775168,6111,space_invaders,space_invaders,4,14.0,3090
1,period,775168,6111,space_invaders,space_invaders,5,45.0,3090
1,period,775168,6111,space_invaders,space_invaders,6,32.0,3090
1,period,775168,6111,space_invaders,space_invaders,7,23.0,3090
1,period,775168,6111,space_invaders,space_invaders,8,23.0,3090
1,period,775168,6111,space_invaders,space_invaders,9,47.0,3090
1,period,775168,6111,space_invaders,space_invaders,10,23.0,3090
1,period,775168,6111,space_invaders,freeway,1,0.0,25000
1,period,775168,6111,space_invaders,freeway,2,0.0,25000
1,period,775168,6111,space_invaders,freeway,3,0.0,25000
1,period,775168,6111,space_invaders,freeway,4,0.0,25000
1,period,775168,6111,space_invaders,freeway,5,0.0,25000
1,period,775168,6111,space_invaders,freeway,6,0.0,25000
1,period,775168,6111,space_invaders,freeway,7,0.0,25000
1,period,775168,6111,space_invaders,freeway,8,0.0,25000
1,period,775168,6111,space_invaders,freeway,9,0.0,25000
1,period,775168,6111,space_invaders,freeway,10,0.0,25000
1,period,800000,6218,space_invaders,breakout,1,1.0,142
1,period,800000,6218,space_invaders,breakout,2,0.0,142
1,period,800000,6218,space_invaders,breakout,3,1.0,142
1,period,800000,6218,space_invaders,breakout,4,2.0,142
1,period,800000,6218,space_invaders,breakout,5,2.0,142
1,period,800000,6218,space_invaders,breakout,6,0.0,142
1,period,800000,6218,space_invaders,breakout,7,0.0,142
1,period,800000,6218,space_invaders,breakout,8,0.0,142
1,period,800000,6218,space_invaders,breakout,9,1.0,142
1,period,800000,6218,space_invaders,breakout,10,1.0,142
1,period,800000,6218,space_invaders,space_invaders,1,15.0,1706
1,period,800000,6218,space_invaders,space_invaders,2,23.0,1706
1,period,800000,6218,space_invaders,space_invaders,3,33.0,1706
1,period,800000,6218,space_invaders,space_invaders,4,16.0,1706
1,period,800000,6218,space_invaders,space_invaders,5,23.0,1706
1,period,800000,6218,space_invaders,space_invaders,6,16.0,1706
1,period,800000,6218,space_invaders,space_invaders,7,6.0,1706
1,period,800000,6218,space_invaders,space_invaders,8,23.0,1706
1,period,800000,6218,space_invaders,space_invaders,9,13.0,1706
1,period,800000,6218,space_invaders,space_invaders,10,23.0,1706
1,period,800000,6218,space_invaders,freeway,1,0.0,25000
1,period,800000,6218,space_invaders,freeway,2,0.0,25000
1,period,800000,6218,space_invaders,freeway,3,0.0,25000
1,period,800000,6218,space_invaders,freeway,4,0.0,25000
1,period,800000,6218,space_invaders,freeway,5,0.0,25000
1,period,800000,6218,space_invaders,freeway,6,0.0,25000
1,period,800000,6218,space_invaders,freeway,7,0.0,25000
1,period,800000,6218,space_invaders,freeway,8,0.0,25000
1,period,800000,6218,space_invaders,freeway,9,0.0,25000
1,period,800000,6218,space_invaders,freeway,10,0.0,25000
1,period,825088,6317,space_invaders,breakout,1,1.0,100
1,period,825088,6317,space_invaders,breakout,2,1.0,100
1,period,825088,6317,space_invaders,breakout,3,1.0,100
1,period,825088,6317,space_invaders,breakout,4,0.0,100
1,period,825088,6317,space_invaders,breakout,5,0.0,100
1,period,825088,6317,space_invaders,breakout,6,1.0,100
1,period,825088,6317,space_invaders,breakout,7,0.0,100
1,period,825088,6317,space_invaders,breakout,8,0.0,100
1,period,825088,6317,space_invaders,breakout,9,0.0,100
1,period,825088,6317,space_invaders,breakout,10,0.0,100
1,period,825088,6317,space_invaders,space_invaders,1,23.0,2003
1,period,825088,6317,space_invaders,space_invaders,2,8.0,2003
1,period,825088,6317,space_invaders,space_invaders,3,8.0,2003
1,period,825088,6317,space_invaders,space_invaders,4,23.0,2003
1,period,825088,6317,space_invaders,space_invaders,5,32.0,2003
1,period,825088,6317,space_invaders,space_invaders,6,22.0,2003
1,period,825088,6317,space_invaders,space_invaders,7,23.0,2003
1,period,825088,6317,space_invaders,space_invaders,8,24.0,2003
1,period,825088,6317,space_invaders,space_invaders,9,22.0,2003
1,period,825088,6317,space_invaders,space_invaders,10,47.0,2003
1,period,825088,6317,space_invaders,freeway,1,0.0,25000
1,period,825088,6317,space_invaders,freeway,2,0.0,25000
1,period,825088,6317,space_invaders,freeway,3,0.0,25000
1,period,825088,6317,space_invaders,freeway,4,0.0,25000
1,period,825088,6317,space_invaders,freeway,5,0.0,25000
1,period,825088,6317,space_invaders,freeway,6,0.0,25000
1,period,825088,6317,space_invaders,freeway,7,0.0,25000
1,period,825088,6317,space_invaders,freeway,8,0.0,25000
1,period,825088,6317,space_invaders,freeway,9,0.0,25000
1,period,825088,6317,space_invaders,freeway,10,0.0,25000
1,period,850176,6418,space_invaders,breakout,1,2.0,142
1,period,850176,6418,space_invaders,breakout,2,2.0,142
1,period,850176,6418,space_invaders,breakout,3,0.0,142
1,period,850176,6418,space_invaders,breakout,4,1.0,142
1,period,850176,6418,space_invaders,breakout,5,0.0,142
1,period,850176,6418,space_invaders,breakout,6,1.0,142
1,period,850176,6418,space_invaders,breakout,7,0.0,142
1,period,850176,6418,space_invaders,breakout,8,0.0,142
1,period,850176,6418,space_invaders,breakout,9,1.0,142
1,period,850176,6418,space_invaders,breakout,10,1.0,142
1,period,850176,6418,space_invaders,space_invaders,1,27.0,1887
1,period,850176,6418,space_invaders,space_invaders,2,23.0,1887
1,period,850176,6418,space_invaders,space_invaders,3,38.0,1887
1,period,850176,6418,space_invaders,space_invaders,4,23.0,1887
1,period,850176,6418,space_invaders,space_invaders,5,13.0,1887
1,period,850176,6418,space_invaders,space_invaders,6,7.0,1887
1,period,850176,6418,space_invaders,space_invaders,7,7.0,1887
1,period,850176,6418,space_invaders,space_invaders,8,23.0,1887
1,period,850176,6418,space_invaders,space_invaders,9,10.0,1887
1,period,850176,6418,space_invaders,space_invaders,10,22.0,1887
1,period,850176,6418,space_invaders,freeway,1,1.0,25000
1,period,850176,6418,space_invaders,freeway,2,0.0,25000
1,period,850176,6418,space_invaders,freeway,3,0.0,25000
1,period,850176,6418,space_invaders,freeway,4,0.0,25000
1,period,850176,6418,space_invaders,freeway,5,0.0,25000
1,period,850176,6418,space_invaders,freeway,6,0.0,25000
1,period,850176,6418,space_invaders,freeway,7,0.0,25000
1,period,850176,6418,space_invaders,freeway,8,0.0,25000
1,period,850176,6418,space_invaders,freeway,9,0.0,25000
1,period,850176,6418,space_invaders,freeway,10,0.0,25000
1,period,875008,6535,space_invaders,breakout,1,0.0,140
1,period,875008,6535,space_invaders,breakout,2,0.0,140
1,period,875008,6535,space_invaders,breakout,3,1.0,140
1,period,875008,6535,space_invaders,breakout,4,2.0,140
1,period,875008,6535,space_invaders,breakout,5,2.0,140
1,period,875008,6535,space_invaders,breakout,6,0.0,140
1,period,875008,6535,space_invaders,breakout,7,0.0,140
1,period,875008,6535,space_invaders,breakout,8,0.0,140
1,period,875008,6535,space_invaders,breakout,9,1.0,140
1,period,875008,6535,space_invaders,breakout,10,2.0,140
1,period,875008,6535,space_invaders,space_invaders,1,21.0,1587
1,period,875008,6535,space_invaders,space_invaders,2,23.0,1587
1,period,875008,6535,space_invaders,space_invaders,3,11.0,1587
1,period,875008,6535,space_invaders,space_invaders,4,18.0,1587
1,period,875008,6535,space_invaders,space_invaders,5,28.0,1587
1,period,875008,6535,space_invaders,space_invaders,6,11.0,1587
1,period,875008,6535,space_invaders,space_invaders,7,21.0,1587
1,period,875008,6535,space_invaders,space_invaders,8,28.0,1587
1,period,875008,6535,space_invaders,space_invaders,9,31.0,1587
1,period,875008,6535,space_invaders,space_invaders,10,11.0,1587
1,period,875008,6535,space_invaders,freeway,1,0.0,25000
1,period,875008,6535,space_invaders,freeway,2,0.0,25000
1,period,875008,6535,space_invaders,freeway,3,0.0,25000
1,period,875008,6535,space_invaders,freeway,4,0.0,25000
1,period,875008,6535,space_invaders,freeway,5,0.0,25000
1,period,875008,6535,space_invaders,freeway,6,0.0,25000
1,period,875008,6535,space_invaders,freeway,7,0.0,25000
1,period,875008,6535,space_invaders,freeway,8,0.0,25000
1,period,875008,6535,space_invaders,freeway,9,0.0,25000
1,period,875008,6535,space_invaders,freeway,10,0.0,25000
1,period,900096,6634,space_invaders,breakout,1,0.0,80
1,period,900096,6634,space_invaders,breakout,2,0.0,80
1,period,900096,6634,space_invaders,breakout,3,0.0,80
1,period,900096,6634,space_invaders,breakout,4,0.0,80
1,period,900096,6634,space_invaders,breakout,5,0.0,80
1,period,900096,6634,space_invaders,breakout,6,0.0,80
1,period,900096,6634,space_invaders,breakout,7,0.0,80
1,period,900096,6634,space_invaders,breakout,8,1.0,80
1,period,900096,6634,space_invaders,breakout,9,1.0,80
1,period,900096,6634,space_invaders,breakout,10,0.0,80
1,period,900096,6634,space_invaders,space_invaders,1,7.0,4039
1,period,900096,6634,space_invaders,space_invaders,2,12.0,4039
1,period,900096,6634,space_invaders,space_invaders,3,71.0,4039
1,period,900096,6634,space_invaders,space_invaders,4,22.0,4039
1,period,900096,6634,space_invaders,space_invaders,5,43.0,4039
1,period,900096,6634,space_invaders,space_invaders,6,47.0,4039
1,period,900096,6634,space_invaders,space_invaders,7,22.0,4039
1,period,900096,6634,space_invaders,space_invaders,8,47.0,4039
1,period,900096,6634,space_invaders,space_invaders,9,72.0,4039
1,period,900096,6634,space_invaders,space_invaders,10,23.0,4039
1,period,900096,6634,space_invaders,freeway,1,0.0,25000
1,period,900096,6634,space_invaders,freeway,2,0.0,25000
1,period,900096,6634,space_invaders,freeway,3,0.0,25000
1,period,900096,6634,space_invaders,freeway,4,0.0,25000
1,period,900096,6634,space_invaders,freeway,5,0.0,25000
1,period,900096,6634,space_invaders,freeway,6,0.0,25000
1,period,900096,6634,space_invaders,freeway,7,0.0,25000
1,period,900096,6634,space_invaders,freeway,8,0.0,25000
1,period,900096,6634,space_invaders,freeway,9,0.0,25000
1,period,900096,6634,space_invaders,freeway,10,0.0,25000
1,period,925184,6717,space_invaders,breakout,1,0.0,140
1,period,925184,6717,space_invaders,breakout,2,0.0,140
1,period,925184,6717,space_invaders,breakout,3,2.0,140
1,period,925184,6717,space_invaders,breakout,4,2.0,140
1,period,925184,6717,space_invaders,breakout,5,0.0,140
1,period,925184,6717,space_invaders,breakout,6,1.0,140
1,period,925184,6717,space_invaders,breakout,7,1.0,140
1,period,925184,6717,space_invaders,breakout,8,1.0,140
1,period,925184,6717,space_invaders,breakout,9,0.0,140
1,period,925184,6717,space_invaders,breakout,10,1.0,140
1,period,925184,6717,space_invaders,space_invaders,1,8.0,2444
1,period,925184,6717,space_invaders,space_invaders,2,16.0,2444
1,period,925184,6717,space_invaders,space_invaders,3,48.0,2444
1,period,925184,6717,space_invaders,space_invaders,4,21.0,2444
1,period,925184,6717,space_invaders,space_invaders,5,21.0,2444
1,period,925184,6717,space_invaders,space_invaders,6,47.0,2444
1,period,925184,6717,space_invaders,space_invaders,7,23.0,2444
1,period,925184,6717,space_invaders,space_invaders,8,22.0,2444
1,period,925184,6717,space_invaders,space_invaders,9,14.0,2444
1,period,925184,6717,space_invaders,space_invaders,10,43.0,2444
1,period,925184,6717,space_invaders,freeway,1,0.0,25000
1,period,925184,6717,space_invaders,freeway,2,0.0,25000
1,period,925184,6717,space_invaders,freeway,3,0.0,25000
1,period,925184,6717,space_invaders,freeway,4,0.0,25000
1,period,925184,6717,space_invaders,freeway,5,0.0,25000
1,period,925184,6717,space_invaders,freeway,6,0.0,25000
1,period,925184,6717,space_invaders,freeway,7,0.0,25000
1,period,925184,6717,space_invaders,freeway,8,0.0,25000
1,period,925184,6717,space_invaders,freeway,9,0.0,25000
1,period,925184,6717,space_invaders,freeway,10,0.0,25000
1,period,950016,6807,space_invaders,breakout,1,0.0,80
1,period,950016,6807,space_invaders,breakout,2,1.0,80
1,period,950016,6807,space_invaders,breakout,3,0.0,80
1,period,950016,6807,space_invaders,breakout,4,0.0,80
1,period,950016,6807,space_invaders,breakout,5,0.0,80
1,period,950016,6807,space_invaders,breakout,6,0.0,80
1,period,950016,6807,space_invaders,breakout,7,0.0,80
1,period,950016,6807,space_invaders,breakout,8,0.0,80
1,period,950016,6807,space_invaders,breakout,9,0.0,80
1,period,950016,6807,space_invaders,breakout,10,1.0,80
1,period,950016,6807,space_invaders,space_invaders,1,24.0,2563
1,period,950016,6807,space_invaders,space_invaders,2,47.0,2563
1,period,950016,6807,space_invaders,space_invaders,3,14.0,2563
1,period,950016,6807,space_invaders,space_invaders,4,38.0,2563
1,period,950016,6807,space_invaders,space_invaders,5,23.0,2563
1,period,950016,6807,space_invaders,space_invaders,6,23.0,2563
1,period,950016,6807,space_invaders,space_invaders,7,21.0,2563
1,period,950016,6807,space_invaders,space_invaders,8,23.0,2563
1,period,950016,6807,space_invaders,space_invaders,9,23.0,2563
1,period,950016,6807,space_invaders,space_invaders,10,7.0,2563
1,period,950016,6807,space_invaders,freeway,1,0.0,25000
1,period,950016,6807,space_invaders,freeway,2,0.0,25000
1,period,950016,6807,space_invaders,freeway,3,0.0,25000
1,period,950016,6807,space_invaders,freeway,4,0.0,25000
1,period,950016,6807,space_invaders,freeway,5,0.0,25000
1,period,950016,6807,space_invaders,freeway,6,0.0,25000
1,period,950016,6807,space_invaders,freeway,7,0.0,25000
1,period,950016,6807,space_invaders,freeway,8,0.0,25000
1,period,950016,6807,space_invaders,freeway,9,0.0,25000
1,period,950016,6807,space_invaders,freeway,10,0.0,25000
1,period,975104,6888,space_invaders,breakout,1,0.0,120
1,period,975104,6888,space_invaders,breakout,2,0.0,120
1,period,975104,6888,space_invaders,breakout,3,1.0,120
1,period,975104,6888,space_invaders,breakout,4,0.0,120
1,period,975104,6888,space_invaders,breakout,5,1.0,120
1,period,975104,6888,space_invaders,breakout,6,0.0,120
1,period,975104,6888,space_invaders,breakout,7,0.0,120
1,period,975104,6888,space_invaders,breakout,8,2.0,120
1,period,975104,6888,space_invaders,breakout,9,0.0,120
1,period,975104,6888,space_invaders,breakout,10,2.0,120
1,period,975104,6888,space_invaders,space_invaders,1,28.0,3406
1,period,975104,6888,space_invaders,space_invaders,2,23.0,3406
1,period,975104,6888,space_invaders,space_invaders,3,71.0,3406
1,period,975104,6888,space_invaders,space_invaders,4,23.0,3406
1,period,975104,6888,space_invaders,space_invaders,5,9.0,3406
1,period,975104,6888,space_invaders,space_invaders,6,23.0,3406
1,period,975104,6888,space_invaders,space_invaders,7,40.0,3406
1,period,975104,6888,space_invaders,space_invaders,8,48.0,3406
1,period,975104,6888,space_invaders,space_invaders,9,21.0,3406
1,period,975104,6888,space_invaders,space_invaders,10,37.0,3406
1,period,975104,6888,space_invaders,freeway,1,0.0,25000
1,period,975104,6888,space_invaders,freeway,2,0.0,25000
1,period,975104,6888,space_invaders,freeway,3,0.0,25000
1,period,975104,6888,space_invaders,freeway,4,0.0,25000
1,period,975104,6888,space_invaders,freeway,5,0.0,25000
1,period,975104,6888,space_invaders,freeway,6,0.0,25000
1,period,975104,6888,space_invaders,freeway,7,0.0,25000
1,period,975104,6888,space_invaders,freeway,8,0.0,25000
1,period,975104,6888,space_invaders,freeway,9,0.0,25000
1,period,975104,6888,space_invaders,freeway,10,0.0,25000
2,boundary,1499904,8672,space_invaders,breakout,1,1.0,140
2,boundary,1499904,8672,space_invaders,breakout,2,1.0,140
2,boundary,1499904,8672,space_invaders,breakout,3,0.0,140
2,boundary,1499904,8672,space_invaders,breakout,4,0.0,140
2,boundary,1499904,8672,space_invaders,breakout,5,1.0,140
2,boundary,1499904,8672,space_invaders,breakout,6,1.0,140
2,boundary,1499904,8672,space_invaders,breakout,7,1.0,140
2,boundary,1499904,8672,space_invaders,breakout,8,1.0,140
2,boundary,1499904,8672,space_invaders,breakout,9,1.0,140
2,boundary,1499904,8672,space_invaders,breakout,10,1.0,140
2,boundary,1499904,8672,space_invaders,space_invaders,1,8.0,1631
2,boundary,1499904,8672,space_invaders,space_invaders,2,8.0,1631
2,boundary,1499904,8672,space_invaders,space_invaders,3,10.0,1631
2,boundary,1499904,8672,space_invaders,space_invaders,4,16.0,1631
2,boundary,1499904,8672,space_invaders,space_invaders,5,46.0,1631
2,boundary,1499904,8672,space_invaders,space_invaders,6,11.0,1631
2,boundary,1499904,8672,space_invaders,space_invaders,7,10.0,1631
2,boundary,1499904,8672,space_invaders,space_invaders,8,77.0,1631
2,boundary,1499904,8672,space_invaders,space_invaders,9,31.0,1631
2,boundary,1499904,8672,space_invaders,space_invaders,10,10.0,1631
2,boundary,1499904,8672,space_invaders,freeway,1,0.0,25000
2,boundary,1499904,8672,space_invaders,freeway,2,0.0,25000
2,boundary,1499904,8672,space_invaders,freeway,3,0.0,25000
2,boundary,1499904,8672,space_invaders,freeway,4,0.0,25000
2,boundary,1499904,8672,space_invaders,freeway,5,0.0,25000
2,boundary,1499904,8672,space_invaders,freeway,6,0.0,25000
2,boundary,1499904,8672,space_invaders,freeway,7,0.0,25000
2,boundary,1499904,8672,space_invaders,freeway,8,0.0,25000
2,boundary,1499904,8672,space_invaders,freeway,9,0.0,25000
2,boundary,1499904,8672,space_invaders,freeway,10,0.0,25000
2,period,1000192,6982,space_invaders,breakout,1,0.0,120
2,period,1000192,6982,space_invaders,breakout,2,1.0,120
2,period,1000192,6982,space_invaders,breakout,3,0.0,120
2,period,1000192,6982,space_invaders,breakout,4,1.0,120
2,period,1000192,6982,space_invaders,breakout,5,1.0,120
2,period,1000192,6982,space_invaders,breakout,6,1.0,120
2,period,1000192,6982,space_invaders,breakout,7,0.0,120
2,period,1000192,6982,space_invaders,breakout,8,0.0,120
2,period,1000192,6982,space_invaders,breakout,9,1.0,120
2,period,1000192,6982,space_invaders,breakout,10,1.0,120
2,period,1000192,6982,space_invaders,space_invaders,1,23.0,2351
2,period,1000192,6982,space_invaders,space_invaders,2,23.0,2351
2,period,1000192,6982,space_invaders,space_invaders,3,47.0,2351
2,period,1000192,6982,space_invaders,space_invaders,4,22.0,2351
2,period,1000192,6982,space_invaders,space_invaders,5,14.0,2351
2,period,1000192,6982,space_invaders,space_invaders,6,10.0,2351
2,period,1000192,6982,space_invaders,space_invaders,7,23.0,2351
2,period,1000192,6982,space_invaders,space_invaders,8,23.0,2351
2,period,1000192,6982,space_invaders,space_invaders,9,29.0,2351
2,period,1000192,6982,space_invaders,space_invaders,10,47.0,2351
2,period,1000192,6982,space_invaders,freeway,1,0.0,25000
2,period,1000192,6982,space_invaders,freeway,2,0.0,25000
2,period,1000192,6982,space_invaders,freeway,3,0.0,25000
2,period,1000192,6982,space_invaders,freeway,4,0.0,25000
2,period,1000192,6982,space_invaders,freeway,5,0.0,25000
2,period,1000192,6982,space_invaders,freeway,6,0.0,25000
2,period,1000192,6982,space_invaders,freeway,7,0.0,25000
2,period,1000192,6982,space_invaders,freeway,8,0.0,25000
2,period,1000192,6982,space_invaders,freeway,9,0.0,25000
2,period,1000192,6982,space_invaders,freeway,10,0.0,25000
2,period,1025024,7079,space_invaders,breakout,1,0.0,100
2,period,1025024,7079,space_invaders,breakout,2,1.0,100
2,period,1025024,7079,space_invaders,breakout,3,1.0,100
2,period,1025024,7079,space_invaders,breakout,4,0.0,100
2,period,1025024,7079,space_invaders,breakout,5,0.0,100
2,period,1025024,7079,space_invaders,breakout,6,0.0,100
2,period,1025024,7079,space_invaders,breakout,7,0.0,100
2,period,1025024,7079,space_invaders,breakout,8,1.0,100
2,period,1025024,7079,space_invaders,breakout,9,0.0,100
2,period,1025024,7079,space_invaders,breakout,10,1.0,100
2,period,1025024,7079,space_invaders,space_invaders,1,47.0,4001
2,period,1025024,7079,space_invaders,space_invaders,2,35.0,4001
2,period,1025024,7079,space_invaders,space_invaders,3,44.0,4001
2,period,1025024,7079,space_invaders,space_invaders,4,39.0,4001
2,period,1025024,7079,space_invaders,space_invaders,5,24.0,4001
2,period,1025024,7079,space_invaders,space_invaders,6,43.0,4001
2,period,1025024,7079,space_invaders,space_invaders,7,21.0,4001
2,period,1025024,7079,space_invaders,space_invaders,8,71.0,4001
2,period,1025024,7079,space_invaders,space_invaders,9,47.0,4001
2,period,1025024,7079,space_invaders,space_invaders,10,23.0,4001
2,period,1025024,7079,space_invaders,freeway,1,0.0,25000
2,period,1025024,7079,space_invaders,freeway,2,0.0,25000
2,period,1025024,7079,space_invaders,freeway,3,0.0,25000
2,period,1025024,7079,space_invaders,freeway,4,0.0,25000
2,period,1025024,7079,space_invaders,freeway,5,0.0,25000
2,period,1025024,7079,space_invaders,freeway,6,0.0,25000
2,period,1025024,7079,space_invaders,freeway,7,0.0,25000
2,period,1025024,7079,space_invaders,freeway,8,0.0,25000
2,period,1025024,7079,space_invaders,freeway,9,0.0,25000
2,period,1025024,7079,space_invaders,freeway,10,0.0,25000
2,period,1050112,7173,space_invaders,breakout,1,0.0,120
2,period,1050112,7173,space_invaders,breakout,2,1.0,120
2,period,1050112,7173,space_invaders,breakout,3,1.0,120
2,period,1050112,7173,space_invaders,breakout,4,0.0,120
2,period,1050112,7173,space_invaders,breakout,5,1.0,120
2,period,1050112,7173,space_invaders,breakout,6,1.0,120
2,period,1050112,7173,space_invaders,breakout,7,1.0,120
2,period,1050112,7173,space_invaders,breakout,8,1.0,120
2,period,1050112,7173,space_invaders,breakout,9,0.0,120
2,period,1050112,7173,space_invaders,breakout,10,0.0,120
2,period,1050112,7173,space_invaders,space_invaders,1,46.0,2889
2,period,1050112,7173,space_invaders,space_invaders,2,22.0,2889
2,period,1050112,7173,space_invaders,space_invaders,3,35.0,2889
2,period,1050112,7173,space_invaders,space_invaders,4,22.0,2889
2,period,1050112,7173,space_invaders,space_invaders,5,5.0,2889
2,period,1050112,7173,space_invaders,space_invaders,6,40.0,2889
2,period,1050112,7173,space_invaders,space_invaders,7,9.0,2889
2,period,1050112,7173,space_invaders,space_invaders,8,40.0,2889
2,period,1050112,7173,space_invaders,space_invaders,9,36.0,2889
2,period,1050112,7173,space_invaders,space_invaders,10,27.0,2889
2,period,1050112,7173,space_invaders,freeway,1,0.0,25000
2,period,1050112,7173,space_invaders,freeway,2,0.0,25000
2,period,1050112,7173,space_invaders,freeway,3,0.0,25000
2,period,1050112,7173,space_invaders,freeway,4,0.0,25000
2,period,1050112,7173,space_invaders,freeway,5,0.0,25000
2,period,1050112,7173,space_invaders,freeway,6,0.0,25000
2,period,1050112,7173,space_invaders,freeway,7,0.0,25000
2,period,1050112,7173,space_invaders,freeway,8,0.0,25000
2,period,1050112,7173,space_invaders,freeway,9,0.0,25000
2,period,1050112,7173,space_invaders,freeway,10,0.0,25000
2,period,1075200,7271,space_invaders,breakout,1,0.0,140
2,period,1075200,7271,space_invaders,breakout,2,0.0,140
2,period,1075200,7271,space_invaders,breakout,3,2.0,140
2,period,1075200,7271,space_invaders,breakout,4,1.0,140
2,period,1075200,7271,space_invaders,breakout,5,1.0,140
2,period,1075200,7271,space_invaders,breakout,6,0.0,140
2,period,1075200,7271,space_invaders,breakout,7,1.0,140
2,period,1075200,7271,space_invaders,breakout,8,1.0,140
2,period,1075200,7271,space_invaders,breakout,9,0.0,140
2,period,1075200,7271,space_invaders,breakout,10,2.0,140
2,period,1075200,7271,space_invaders,space_invaders,1,15.0,2404
2,period,1075200,7271,space_invaders,space_invaders,2,16.0,2404
2,period,1075200,7271,space_invaders,space_invaders,3,23.0,2404
2,period,1075200,7271,space_invaders,space_invaders,4,23.0,2404
2,period,1075200,7271,space_invaders,space_invaders,5,20.0,2404
2,period,1075200,7271,space_invaders,space_invaders,6,53.0,2404
2,period,1075200,7271,space_invaders,space_invaders,7,47.0,2404
2,period,1075200,7271,space_invaders,space_invaders,8,15.0,2404
2,period,1075200,7271,space_invaders,space_invaders,9,15.0,2404
2,period,1075200,7271,space_invaders,space_invaders,10,38.0,2404
2,period,1075200,7271,space_invaders,freeway,1,0.0,25000
2,period,1075200,7271,space_invaders,freeway,2,0.0,25000
2,period,1075200,7271,space_invaders,freeway,3,0.0,25000
2,period,1075200,7271,space_invaders,freeway,4,0.0,25000
2,period,1075200,7271,space_invaders,freeway,5,0.0,25000
2,period,1075200,7271,space_invaders,freeway,6,0.0,25000
2,period,1075200,7271,space_invaders,freeway,7,0.0,25000
2,period,1075200,7271,space_invaders,freeway,8,0.0,25000
2,period,1075200,7271,space_invaders,freeway,9,0.0,25000
2,period,1075200,7271,space_invaders,freeway,10,0.0,25000
2,period,1100032,7360,space_invaders,breakout,1,0.0,110
2,period,1100032,7360,space_invaders,breakout,2,0.0,110
2,period,1100032,7360,space_invaders,breakout,3,2.0,110
2,period,1100032,7360,space_invaders,breakout,4,1.0,110
2,period,1100032,7360,space_invaders,breakout,5,1.0,110
2,period,1100032,7360,space_invaders,breakout,6,0.0,110
2,period,1100032,7360,space_invaders,breakout,7,0.0,110
2,period,1100032,7360,space_invaders,breakout,8,1.0,110
2,period,1100032,7360,space_invaders,breakout,9,0.0,110
2,period,1100032,7360,space_invaders,breakout,10,0.0,110
2,period,1100032,7360,space_invaders,space_invaders,1,46.0,3210
2,period,1100032,7360,space_invaders,space_invaders,2,40.0,3210
2,period,1100032,7360,space_invaders,space_invaders,3,21.0,3210
2,period,1100032,7360,space_invaders,space_invaders,4,47.0,3210
2,period,1100032,7360,space_invaders,space_invaders,5,45.0,3210
2,period,1100032,7360,space_invaders,space_invaders,6,14.0,3210
2,period,1100032,7360,space_invaders,space_invaders,7,19.0,3210
2,period,1100032,7360,space_invaders,space_invaders,8,16.0,3210
2,period,1100032,7360,space_invaders,space_invaders,9,23.0,3210
2,period,1100032,7360,space_invaders,space_invaders,10,47.0,3210
2,period,1100032,7360,space_invaders,freeway,1,0.0,25000
2,period,1100032,7360,space_invaders,freeway,2,0.0,25000
2,period,1100032,7360,space_invaders,freeway,3,0.0,25000
2,period,1100032,7360,space_invaders,freeway,4,0.0,25000
2,period,1100032,7360,space_invaders,freeway,5,0.0,25000
2,period,1100032,7360,space_invaders,freeway,6,0.0,25000
2,period,1100032,7360,space_invaders,freeway,7,0.0,25000
2,period,1100032,7360,space_invaders,freeway,8,0.0,25000
2,period,1100032,7360,space_invaders,freeway,9,0.0,25000
2,period,1100032,7360,space_invaders,freeway,10,0.0,25000
2,period,1125120,7470,space_invaders,breakout,1,1.0,120
2,period,1125120,7470,space_invaders,breakout,2,0.0,120
2,period,1125120,7470,space_invaders,breakout,3,1.0,120
2,period,1125120,7470,space_invaders,breakout,4,1.0,120
2,period,1125120,7470,space_invaders,breakout,5,0.0,120
2,period,1125120,7470,space_invaders,breakout,6,0.0,120
2,period,1125120,7470,space_invaders,breakout,7,1.0,120
2,period,1125120,7470,space_invaders,breakout,8,0.0,120
2,period,1125120,7470,space_invaders,breakout,9,1.0,120
2,period,1125120,7470,space_invaders,breakout,10,1.0,120
2,period,1125120,7470,space_invaders,space_invaders,1,47.0,3757
2,period,1125120,7470,space_invaders,space_invaders,2,71.0,3757
2,period,1125120,7470,space_invaders,space_invaders,3,23.0,3757
2,period,1125120,7470,space_invaders,space_invaders,4,23.0,3757
2,period,1125120,7470,space_invaders,space_invaders,5,22.0,3757
2,period,1125120,7470,space_invaders,space_invaders,6,23.0,3757
2,period,1125120,7470,space_invaders,space_invaders,7,47.0,3757
2,period,1125120,7470,space_invaders,space_invaders,8,22.0,3757
2,period,1125120,7470,space_invaders,space_invaders,9,61.0,3757
2,period,1125120,7470,space_invaders,space_invaders,10,47.0,3757
2,period,1125120,7470,space_invaders,freeway,1,0.0,25000
2,period,1125120,7470,space_invaders,freeway,2,0.0,25000
2,period,1125120,7470,space_invaders,freeway,3,0.0,25000
2,period,1125120,7470,space_invaders,freeway,4,0.0,25000
2,period,1125120,7470,space_invaders,freeway,5,0.0,25000
2,period,1125120,7470,space_invaders,freeway,6,0.0,25000
2,period,1125120,7470,space_invaders,freeway,7,0.0,25000
2,period,1125120,7470,space_invaders,freeway,8,0.0,25000
2,period,1125120,7470,space_invaders,freeway,9,0.0,25000
2,period,1125120,7470,space_invaders,freeway,10,0.0,25000
2,period,1150208,7555,space_invaders,breakout,1,1.0,90
2,period,1150208,7555,space_invaders,breakout,2,0.0,90
2,period,1150208,7555,space_invaders,breakout,3,0.0,90
2,period,1150208,7555,space_invaders,breakout,4,0.0,90
2,period,1150208,7555,space_invaders,breakout,5,0.0,90
2,period,1150208,7555,space_invaders,breakout,6,0.0,90
2,period,1150208,7555,space_invaders,breakout,7,0.0,90
2,period,1150208,7555,space_invaders,breakout,8,1.0,90
2,period,1150208,7555,space_invaders,breakout,9,0.0,90
2,period,1150208,7555,space_invaders,breakout,10,1.0,90
2,period,1150208,7555,space_invaders,space_invaders,1,47.0,2300
2,period,1150208,7555,space_invaders,space_invaders,2,9.0,2300
2,period,1150208,7555,space_invaders,space_invaders,3,22.0,2300
2,period,1150208,7555,space_invaders,space_invaders,4,53.0,2300
2,period,1150208,7555,space_invaders,space_invaders,5,14.0,2300
2,period,1150208,7555,space_invaders,space_invaders,6,52.0,2300
2,period,1150208,7555,space_invaders,space_invaders,7,23.0,2300
2,period,1150208,7555,space_invaders,space_invaders,8,21.0,2300
2,period,1150208,7555,space_invaders,space_invaders,9,23.0,2300
2,period,1150208,7555,space_invaders,space_invaders,10,13.0,2300
2,period,1150208,7555,space_invaders,freeway,1,0.0,25000
2,period,1150208,7555,space_invaders,freeway,2,0.0,25000
2,period,1150208,7555,space_invaders,freeway,3,0.0,25000
2,period,1150208,7555,space_invaders,freeway,4,0.0,25000
2,period,1150208,7555,space_invaders,freeway,5,0.0,25000
2,period,1150208,7555,space_invaders,freeway,6,0.0,25000
2,period,1150208,7555,space_invaders,freeway,7,0.0,25000
2,period,1150208,7555,space_invaders,freeway,8,0.0,25000
2,period,1150208,7555,space_invaders,freeway,9,0.0,25000
2,period,1150208,7555,space_invaders,freeway,10,0.0,25000
2,period,1175040,7632,space_invaders,breakout,1,1.0,100
2,period,1175040,7632,space_invaders,breakout,2,0.0,100
2,period,1175040,7632,space_invaders,breakout,3,0.0,100
2,period,1175040,7632,space_invaders,breakout,4,1.0,100
2,period,1175040,7632,space_invaders,breakout,5,0.0,100
2,period,1175040,7632,space_invaders,breakout,6,0.0,100
2,period,1175040,7632,space_invaders,breakout,7,1.0,100
2,period,1175040,7632,space_invaders,breakout,8,0.0,100
2,period,1175040,7632,space_invaders,breakout,9,0.0,100
2,period,1175040,7632,space_invaders,breakout,10,1.0,100
2,period,1175040,7632,space_invaders,space_invaders,1,52.0,3548
2,period,1175040,7632,space_invaders,space_invaders,2,19.0,3548
2,period,1175040,7632,space_invaders,space_invaders,3,58.0,3548
2,period,1175040,7632,space_invaders,space_invaders,4,23.0,3548
2,period,1175040,7632,space_invaders,space_invaders,5,20.0,3548
2,period,1175040,7632,space_invaders,space_invaders,6,115.0,3548
2,period,1175040,7632,space_invaders,space_invaders,7,34.0,3548
2,period,1175040,7632,space_invaders,space_invaders,8,26.0,3548
2,period,1175040,7632,space_invaders,space_invaders,9,47.0,3548
2,period,1175040,7632,space_invaders,space_invaders,10,20.0,3548
2,period,1175040,7632,space_invaders,freeway,1,0.0,25000
2,period,1175040,7632,space_invaders,freeway,2,0.0,25000
2,period,1175040,7632,space_invaders,freeway,3,0.0,25000
2,period,1175040,7632,space_invaders,freeway,4,0.0,25000
2,period,1175040,7632,space_invaders,freeway,5,0.0,25000
2,period,1175040,7632,space_invaders,freeway,6,0.0,25000
2,period,1175040,7632,space_invaders,freeway,7,0.0,25000
2,period,1175040,7632,space_invaders,freeway,8,0.0,25000
2,period,1175040,7632,space_invaders,freeway,9,0.0,25000
2,period,1175040,7632,space_invaders,freeway,10,0.0,25000
2,period,1200128,7739,space_invaders,breakout,1,2.0,110
2,period,1200128,7739,space_invaders,breakout,2,1.0,110
2,period,1200128,7739,space_invaders,breakout,3,0.0,110
2,period,1200128,7739,space_invaders,breakout,4,0.0,110
2,period,1200128,7739,space_invaders,breakout,5,1.0,110
2,period,1200128,7739,space_invaders,breakout,6,0.0,110
2,period,1200128,7739,space_invaders,breakout,7,1.0,110
2,period,1200128,7739,space_invaders,breakout,8,0.0,110
2,period,1200128,7739,space_invaders,breakout,9,0.0,110
2,period,1200128,7739,space_invaders,breakout,10,0.0,110
2,period,1200128,7739,space_invaders,space_invaders,1,47.0,3807
2,period,1200128,7739,space_invaders,space_invaders,2,23.0,3807
2,period,1200128,7739,space_invaders,space_invaders,3,17.0,3807
2,period,1200128,7739,space_invaders,space_invaders,4,23.0,3807
2,period,1200128,7739,space_invaders,space_invaders,5,85.0,3807
2,period,1200128,7739,space_invaders,space_invaders,6,33.0,3807
2,period,1200128,7739,space_invaders,space_invaders,7,109.0,3807
2,period,1200128,7739,space_invaders,space_invaders,8,61.0,3807
2,period,1200128,7739,space_invaders,space_invaders,9,38.0,3807
2,period,1200128,7739,space_invaders,space_invaders,10,7.0,3807
2,period,1200128,7739,space_invaders,freeway,1,0.0,25000
2,period,1200128,7739,space_invaders,freeway,2,0.0,25000
2,period,1200128,7739,space_invaders,freeway,3,0.0,25000
2,period,1200128,7739,space_invaders,freeway,4,0.0,25000
2,period,1200128,7739,space_invaders,freeway,5,0.0,25000
2,period,1200128,7739,space_invaders,freeway,6,0.0,25000
2,period,1200128,7739,space_invaders,freeway,7,0.0,25000
2,period,1200128,7739,space_invaders,freeway,8,0.0,25000
2,period,1200128,7739,space_invaders,freeway,9,0.0,25000
2,period,1200128,7739,space_invaders,freeway,10,0.0,25000
2,period,1225216,7834,space_invaders,breakout,1,1.0,90
2,period,1225216,7834,space_invaders,breakout,2,1.0,90
2,period,1225216,7834,space_invaders,breakout,3,0.0,90
2,period,1225216,7834,space_invaders,breakout,4,0.0,90
2,period,1225216,7834,space_invaders,breakout,5,0.0,90
2,period,1225216,7834,space_invaders,breakout,6,0.0,90
2,period,1225216,7834,space_invaders,breakout,7,1.0,90
2,period,1225216,7834,space_invaders,breakout,8,0.0,90
2,period,1225216,7834,space_invaders,breakout,9,0.0,90
2,period,1225216,7834,space_invaders,breakout,10,0.0,90
2,period,1225216,7834,space_invaders,space_invaders,1,55.0,3117
2,period,1225216,7834,space_invaders,space_invaders,2,30.0,3117
2,period,1225216,7834,space_invaders,space_invaders,3,23.0,3117
2,period,1225216,7834,space_invaders,space_invaders,4,23.0,3117
2,period,1225216,7834,space_invaders,space_invaders,5,31.0,3117
2,period,1225216,7834,space_invaders,space_invaders,6,22.0,3117
2,period,1225216,7834,space_invaders,space_invaders,7,44.0,3117
2,period,1225216,7834,space_invaders,space_invaders,8,10.0,3117
2,period,1225216,7834,space_invaders,space_invaders,9,47.0,3117
2,period,1225216,7834,space_invaders,space_invaders,10,70.0,3117
2,period,1225216,7834,space_invaders,freeway,1,0.0,25000
2,period,1225216,7834,space_invaders,freeway,2,0.0,25000
2,period,1225216,7834,space_invaders,freeway,3,0.0,25000
2,period,1225216,7834,space_invaders,freeway,4,0.0,25000
2,period,1225216,7834,space_invaders,freeway,5,0.0,25000
2,period,1225216,7834,space_invaders,freeway,6,0.0,25000
2,period,1225216,7834,space_invaders,freeway,7,0.0,25000
2,period,1225216,7834,space_invaders,freeway,8,0.0,25000
2,period,1225216,7834,space_invaders,freeway,9,0.0,25000
2,period,1225216,7834,space_invaders,freeway,10,0.0,25000
2,period,1250048,7909,space_invaders,breakout,1,0.0,110
2,period,1250048,7909,space_invaders,breakout,2,1.0,110
2,period,1250048,7909,space_invaders,breakout,3,1.0,110
2,period,1250048,7909,space_invaders,breakout,4,1.0,110
2,period,1250048,7909,space_invaders,breakout,5,1.0,110
2,period,1250048,7909,space_invaders,breakout,6,0.0,110
2,period,1250048,7909,space_invaders,breakout,7,0.0,110
2,period,1250048,7909,space_invaders,breakout,8,0.0,110
2,period,1250048,7909,space_invaders,breakout,9,1.0,110
2,period,1250048,7909,space_invaders,breakout,10,0.0,110
2,period,1250048,7909,space_invaders,space_invaders,1,11.0,1491
2,period,1250048,7909,space_invaders,space_invaders,2,23.0,1491
2,period,1250048,7909,space_invaders,space_invaders,3,22.0,1491
2,period,1250048,7909,space_invaders,space_invaders,4,53.0,1491
2,period,1250048,7909,space_invaders,space_invaders,5,9.0,1491
2,period,1250048,7909,space_invaders,space_invaders,6,9.0,1491
2,period,1250048,7909,space_invaders,space_invaders,7,22.0,1491
2,period,1250048,7909,space_invaders,space_invaders,8,30.0,1491
2,period,1250048,7909,space_invaders,space_invaders,9,17.0,1491
2,period,1250048,7909,space_invaders,space_invaders,10,11.0,1491
2,period,1250048,7909,space_invaders,freeway,1,0.0,25000
2,period,1250048,7909,space_invaders,freeway,2,0.0,25000
2,period,1250048,7909,space_invaders,freeway,3,0.0,25000
2,period,1250048,7909,space_invaders,freeway,4,0.0,25000
2,period,1250048,7909,space_invaders,freeway,5,0.0,25000
2,period,1250048,7909,space_invaders,freeway,6,0.0,25000
2,period,1250048,7909,space_invaders,freeway,7,0.0,25000
2,period,1250048,7909,space_invaders,freeway,8,0.0,25000
2,period,1250048,7909,space_invaders,freeway,9,0.0,25000
2,period,1250048,7909,space_invaders,freeway,10,0.0,25000
2,period,1275136,8014,space_invaders,breakout,1,0.0,100
2,period,1275136,8014,space_invaders,breakout,2,0.0,100
2,period,1275136,8014,space_invaders,breakout,3,2.0,100
2,period,1275136,8014,space_invaders,breakout,4,1.0,100
2,period,1275136,8014,space_invaders,breakout,5,0.0,100
2,period,1275136,8014,space_invaders,breakout,6,0.0,100
2,period,1275136,8014,space_invaders,breakout,7,0.0,100
2,period,1275136,8014,space_invaders,breakout,8,0.0,100
2,period,1275136,8014,space_invaders,breakout,9,1.0,100
2,period,1275136,8014,space_invaders,breakout,10,0.0,100
2,period,1275136,8014,space_invaders,space_invaders,1,11.0,2007
2,period,1275136,8014,space_invaders,space_invaders,2,11.0,2007
2,period,1275136,8014,space_invaders,space_invaders,3,21.0,2007
2,period,1275136,8014,space_invaders,space_invaders,4,19.0,2007
2,period,1275136,8014,space_invaders,space_invaders,5,22.0,2007
2,period,1275136,8014,space_invaders,space_invaders,6,61.0,2007
2,period,1275136,8014,space_invaders,space_invaders,7,7.0,2007
2,period,1275136,8014,space_invaders,space_invaders,8,41.0,2007
2,period,1275136,8014,space_invaders,space_invaders,9,23.0,2007
2,period,1275136,8014,space_invaders,space_invaders,10,35.0,2007
2,period,1275136,8014,space_invaders,freeway,1,0.0,25000
2,period,1275136,8014,space_invaders,freeway,2,0.0,25000
2,period,1275136,8014,space_invaders,freeway,3,0.0,25000
2,period,1275136,8014,space_invaders,freeway,4,0.0,25000
2,period,1275136,8014,space_invaders,freeway,5,0.0,25000
2,period,1275136,8014,space_invaders,freeway,6,0.0,25000
2,period,1275136,8014,space_invaders,freeway,7,0.0,25000
2,period,1275136,8014,space_invaders,freeway,8,0.0,25000
2,period,1275136,8014,space_invaders,freeway,9,0.0,25000
2,period,1275136,8014,space_invaders,freeway,10,0.0,25000
2,period,1300224,8106,space_invaders,breakout,1,1.0,110
2,period,1300224,8106,space_invaders,breakout,2,1.0,110
2,period,1300224,8106,space_invaders,breakout,3,0.0,110
2,period,1300224,8106,space_invaders,breakout,4,0.0,110
2,period,1300224,8106,space_invaders,breakout,5,0.0,110
2,period,1300224,8106,space_invaders,breakout,6,1.0,110
2,period,1300224,8106,space_invaders,breakout,7,1.0,110
2,period,1300224,8106,space_invaders,breakout,8,0.0,110
2,period,1300224,8106,space_invaders,breakout,9,0.0,110
2,period,1300224,8106,space_invaders,breakout,10,1.0,110
2,period,1300224,8106,space_invaders,space_invaders,1,22.0,6501
2,period,1300224,8106,space_invaders,space_invaders,2,73.0,6501
2,period,1300224,8106,space_invaders,space_invaders,3,47.0,6501
2,period,1300224,8106,space_invaders,space_invaders,4,47.0,6501
2,period,1300224,8106,space_invaders,space_invaders,5,71.0,6501
2,period,1300224,8106,space_invaders,space_invaders,6,23.0,6501
2,period,1300224,8106,space_invaders,space_invaders,7,138.0,6501
2,period,1300224,8106,space_invaders,space_invaders,8,61.0,6501
2,period,1300224,8106,space_invaders,space_invaders,9,94.0,6501
2,period,1300224,8106,space_invaders,space_invaders,10,117.0,6501
2,period,1300224,8106,space_invaders,freeway,1,0.0,25000
2,period,1300224,8106,space_invaders,freeway,2,0.0,25000
2,period,1300224,8106,space_invaders,freeway,3,0.0,25000
2,period,1300224,8106,space_invaders,freeway,4,0.0,25000
2,period,1300224,8106,space_invaders,freeway,5,0.0,25000
2,period,1300224,8106,space_invaders,freeway,6,0.0,25000
2,period,1300224,8106,space_invaders,freeway,7,0.0,25000
2,period,1300224,8106,space_invaders,freeway,8,0.0,25000
2,period,1300224,8106,space_invaders,freeway,9,0.0,25000
2,period,1300224,8106,space_invaders,freeway,10,0.0,25000
2,period,1325056,8163,space_invaders,breakout,1,1.0,140
2,period,1325056,8163,space_invaders,breakout,2,1.0,140
2,period,1325056,8163,space_invaders,breakout,3,0.0,140
2,period,1325056,8163,space_invaders,breakout,4,1.0,140
2,period,1325056,8163,space_invaders,breakout,5,2.0,140
2,period,1325056,8163,space_invaders,breakout,6,1.0,140
2,period,1325056,8163,space_invaders,breakout,7,1.0,140
2,period,1325056,8163,space_invaders,breakout,8,0.0,140
2,period,1325056,8163,space_invaders,breakout,9,1.0,140
2,period,1325056,8163,space_invaders,breakout,10,0.0,140
2,period,1325056,8163,space_invaders,space_invaders,1,45.0,5065
2,period,1325056,8163,space_invaders,space_invaders,2,23.0,5065
2,period,1325056,8163,space_invaders,space_invaders,3,71.0,5065
2,period,1325056,8163,space_invaders,space_invaders,4,15.0,5065
2,period,1325056,8163,space_invaders,space_invaders,5,43.0,5065
2,period,1325056,8163,space_invaders,space_invaders,6,46.0,5065
2,period,1325056,8163,space_invaders,space_invaders,7,119.0,5065
2,period,1325056,8163,space_invaders,space_invaders,8,23.0,5065
2,period,1325056,8163,space_invaders,space_invaders,9,95.0,5065
2,period,1325056,8163,space_invaders,space_invaders,10,71.0,5065
2,period,1325056,8163,space_invaders,freeway,1,0.0,25000
2,period,1325056,8163,space_invaders,freeway,2,0.0,25000
2,period,1325056,8163,space_invaders,freeway,3,0.0,25000
2,period,1325056,8163,space_invaders,freeway,4,0.0,25000
2,period,1325056,8163,space_invaders,freeway,5,0.0,25000
2,period,1325056,8163,space_invaders,freeway,6,0.0,25000
2,period,1325056,8163,space_invaders,freeway,7,0.0,25000
2,period,1325056,8163,space_invaders,freeway,8,0.0,25000
2,period,1325056,8163,space_invaders,freeway,9,0.0,25000
2,period,1325056,8163,space_invaders,freeway,10,0.0,25000
2,period,1350144,8237,space_invaders,breakout,1,0.0,120
2,period,1350144,8237,space_invaders,breakout,2,1.0,120
2,period,1350144,8237,space_invaders,breakout,3,1.0,120
2,period,1350144,8237,space_invaders,breakout,4,0.0,120
2,period,1350144,8237,space_invaders,breakout,5,0.0,120
2,period,1350144,8237,space_invaders,breakout,6,1.0,120
2,period,1350144,8237,space_invaders,breakout,7,1.0,120
2,period,1350144,8237,space_invaders,breakout,8,1.0,120
2,period,1350144,8237,space_invaders,breakout,9,0.0,120
2,period,1350144,8237,space_invaders,breakout,10,1.0,120
2,period,1350144,8237,space_invaders,space_invaders,1,9.0,1834
2,period,1350144,8237,space_invaders,space_invaders,2,22.0,1834
2,period,1350144,8237,space_invaders,space_invaders,3,47.0,1834
2,period,1350144,8237,space_invaders,space_invaders,4,27.0,1834
2,period,1350144,8237,space_invaders,space_invaders,5,30.0,1834
2,period,1350144,8237,space_invaders,space_invaders,6,23.0,1834
2,period,1350144,8237,space_invaders,space_invaders,7,22.0,1834
2,period,1350144,8237,space_invaders,space_invaders,8,30.0,1834
2,period,1350144,8237,space_invaders,space_invaders,9,23.0,1834
2,period,1350144,8237,space_invaders,space_invaders,10,9.0,1834
2,period,1350144,8237,space_invaders,freeway,1,0.0,25000
2,period,1350144,8237,space_invaders,freeway,2,0.0,25000
2,period,1350144,8237,space_invaders,freeway,3,0.0,25000
2,period,1350144,8237,space_invaders,freeway,4,0.0,25000
2,period,1350144,8237,space_invaders,freeway,5,0.0,25000
2,period,1350144,8237,space_invaders,freeway,6,0.0,25000
2,period,1350144,8237,space_invaders,freeway,7,0.0,25000
2,period,1350144,8237,space_invaders,freeway,8,0.0,25000
2,period,1350144,8237,space_invaders,freeway,9,0.0,25000
2,period,1350144,8237,space_invaders,freeway,10,0.0,25000
2,period,1375232,8309,space_invaders,breakout,1,1.0,110
2,period,1375232,8309,space_invaders,breakout,2,0.0,110
2,period,1375232,8309,space_invaders,breakout,3,0.0,110
2,period,1375232,8309,space_invaders,breakout,4,0.0,110
2,period,1375232,8309,space_invaders,breakout,5,1.0,110
2,period,1375232,8309,space_invaders,breakout,6,0.0,110
2,period,1375232,8309,space_invaders,breakout,7,2.0,110
2,period,1375232,8309,space_invaders,breakout,8,0.0,110
2,period,1375232,8309,space_invaders,breakout,9,1.0,110
2,period,1375232,8309,space_invaders,breakout,10,0.0,110
2,period,1375232,8309,space_invaders,space_invaders,1,6.0,1891
2,period,1375232,8309,space_invaders,space_invaders,2,23.0,1891
2,period,1375232,8309,space_invaders,space_invaders,3,14.0,1891
2,period,1375232,8309,space_invaders,space_invaders,4,37.0,1891
2,period,1375232,8309,space_invaders,space_invaders,5,88.0,1891
2,period,1375232,8309,space_invaders,space_invaders,6,23.0,1891
2,period,1375232,8309,space_invaders,space_invaders,7,7.0,1891
2,period,1375232,8309,space_invaders,space_invaders,8,20.0,1891
2,period,1375232,8309,space_invaders,space_invaders,9,22.0,1891
2,period,1375232,8309,space_invaders,space_invaders,10,14.0,1891
2,period,1375232,8309,space_invaders,freeway,1,0.0,25000
2,period,1375232,8309,space_invaders,freeway,2,0.0,25000
2,period,1375232,8309,space_invaders,freeway,3,0.0,25000
2,period,1375232,8309,space_invaders,freeway,4,0.0,25000
2,period,1375232,8309,space_invaders,freeway,5,0.0,25000
2,period,1375232,8309,space_invaders,freeway,6,0.0,25000
2,period,1375232,8309,space_invaders,freeway,7,0.0,25000
2,period,1375232,8309,space_invaders,freeway,8,0.0,25000
2,period,1375232,8309,space_invaders,freeway,9,0.0,25000
2,period,1375232,8309,space_invaders,freeway,10,0.0,25000
2,period,1400064,8382,space_invaders,breakout,1,0.0,130
2,period,1400064,8382,space_invaders,breakout,2,1.0,130
2,period,1400064,8382,space_invaders,breakout,3,0.0,130
2,period,1400064,8382,space_invaders,breakout,4,2.0,130
2,period,1400064,8382,space_invaders,breakout,5,1.0,130
2,period,1400064,8382,space_invaders,breakout,6,2.0,130
2,period,1400064,8382,space_invaders,breakout,7,0.0,130
2,period,1400064,8382,space_invaders,breakout,8,0.0,130
2,period,1400064,8382,space_invaders,breakout,9,0.0,130
2,period,1400064,8382,space_invaders,breakout,10,1.0,130
2,period,1400064,8382,space_invaders,space_invaders,1,23.0,2768
2,period,1400064,8382,space_invaders,space_invaders,2,26.0,2768
2,period,1400064,8382,space_invaders,space_invaders,3,23.0,2768
2,period,1400064,8382,space_invaders,space_invaders,4,77.0,2768
2,period,1400064,8382,space_invaders,space_invaders,5,41.0,2768
2,period,1400064,8382,space_invaders,space_invaders,6,43.0,2768
2,period,1400064,8382,space_invaders,space_invaders,7,40.0,2768
2,period,1400064,8382,space_invaders,space_invaders,8,5.0,2768
2,period,1400064,8382,space_invaders,space_invaders,9,7.0,2768
2,period,1400064,8382,space_invaders,space_invaders,10,36.0,2768
2,period,1400064,8382,space_invaders,freeway,1,0.0,25000
2,period,1400064,8382,space_invaders,freeway,2,0.0,25000
2,period,1400064,8382,space_invaders,freeway,3,0.0,25000
2,period,1400064,8382,space_invaders,freeway,4,0.0,25000
2,period,1400064,8382,space_invaders,freeway,5,0.0,25000
2,period,1400064,8382,space_invaders,freeway,6,0.0,25000
2,period,1400064,8382,space_invaders,freeway,7,0.0,25000
2,period,1400064,8382,space_invaders,freeway,8,0.0,25000
2,period,1400064,8382,space_invaders,freeway,9,0.0,25000
2,period,1400064,8382,space_invaders,freeway,10,0.0,25000
2,period,1425152,8470,space_invaders,breakout,1,1.0,120
2,period,1425152,8470,space_invaders,breakout,2,0.0,120
2,period,1425152,8470,space_invaders,breakout,3,1.0,120
2,period,1425152,8470,space_invaders,breakout,4,2.0,120
2,period,1425152,8470,space_invaders,breakout,5,1.0,120
2,period,1425152,8470,space_invaders,breakout,6,0.0,120
2,period,1425152,8470,space_invaders,breakout,7,1.0,120
2,period,1425152,8470,space_invaders,breakout,8,0.0,120
2,period,1425152,8470,space_invaders,breakout,9,0.0,120
2,period,1425152,8470,space_invaders,breakout,10,0.0,120
2,period,1425152,8470,space_invaders,space_invaders,1,29.0,2881
2,period,1425152,8470,space_invaders,space_invaders,2,17.0,2881
2,period,1425152,8470,space_invaders,space_invaders,3,47.0,2881
2,period,1425152,8470,space_invaders,space_invaders,4,48.0,2881
2,period,1425152,8470,space_invaders,space_invaders,5,9.0,2881
2,period,1425152,8470,space_invaders,space_invaders,6,31.0,2881
2,period,1425152,8470,space_invaders,space_invaders,7,47.0,2881
2,period,1425152,8470,space_invaders,space_invaders,8,16.0,2881
2,period,1425152,8470,space_invaders,space_invaders,9,71.0,2881
2,period,1425152,8470,space_invaders,space_invaders,10,28.0,2881
2,period,1425152,8470,space_invaders,freeway,1,0.0,25000
2,period,1425152,8470,space_invaders,freeway,2,0.0,25000
2,period,1425152,8470,space_invaders,freeway,3,0.0,25000
2,period,1425152,8470,space_invaders,freeway,4,0.0,25000
2,period,1425152,8470,space_invaders,freeway,5,0.0,25000
2,period,1425152,8470,space_invaders,freeway,6,0.0,25000
2,period,1425152,8470,space_invaders,freeway,7,0.0,25000
2,period,1425152,8470,space_invaders,freeway,8,0.0,25000
2,period,1425152,8470,space_invaders,freeway,9,0.0,25000
2,period,1425152,8470,space_invaders,freeway,10,0.0,25000
2,period,1450240,8546,space_invaders,breakout,1,1.0,194
2,period,1450240,8546,space_invaders,breakout,2,2.0,194
2,period,1450240,8546,space_invaders,breakout,3,1.0,194
2,period,1450240,8546,space_invaders,breakout,4,2.0,194
2,period,1450240,8546,space_invaders,breakout,5,2.0,194
2,period,1450240,8546,space_invaders,breakout,6,1.0,194
2,period,1450240,8546,space_invaders,breakout,7,1.0,194
2,period,1450240,8546,space_invaders,breakout,8,1.0,194
2,period,1450240,8546,space_invaders,breakout,9,2.0,194
2,period,1450240,8546,space_invaders,breakout,10,0.0,194
2,period,1450240,8546,space_invaders,space_invaders,1,22.0,3032
2,period,1450240,8546,space_invaders,space_invaders,2,40.0,3032
2,period,1450240,8546,space_invaders,space_invaders,3,23.0,3032
2,period,1450240,8546,space_invaders,space_invaders,4,48.0,3032
2,period,1450240,8546,space_invaders,space_invaders,5,19.0,3032
2,period,1450240,8546,space_invaders,space_invaders,6,23.0,3032
2,period,1450240,8546,space_invaders,space_invaders,7,15.0,3032
2,period,1450240,8546,space_invaders,space_invaders,8,23.0,3032
2,period,1450240,8546,space_invaders,space_invaders,9,89.0,3032
2,period,1450240,8546,space_invaders,space_invaders,10,35.0,3032
2,period,1450240,8546,space_invaders,freeway,1,0.0,25000
2,period,1450240,8546,space_invaders,freeway,2,0.0,25000
2,period,1450240,8546,space_invaders,freeway,3,0.0,25000
2,period,1450240,8546,space_invaders,freeway,4,0.0,25000
2,period,1450240,8546,space_invaders,freeway,5,0.0,25000
2,period,1450240,8546,space_invaders,freeway,6,0.0,25000
2,period,1450240,8546,space_invaders,freeway,7,0.0,25000
2,period,1450240,8546,space_invaders,freeway,8,0.0,25000
2,period,1450240,8546,space_invaders,freeway,9,0.0,25000
2,period,1450240,8546,space_invaders,freeway,10,0.0,25000
2,period,1475072,8602,space_invaders,breakout,1,2.0,130
2,period,1475072,8602,space_invaders,breakout,2,0.0,130
2,period,1475072,8602,space_invaders,breakout,3,0.0,130
2,period,1475072,8602,space_invaders,breakout,4,1.0,130
2,period,1475072,8602,space_invaders,breakout,5,1.0,130
2,period,1475072,8602,space_invaders,breakout,6,0.0,130
2,period,1475072,8602,space_invaders,breakout,7,0.0,130
2,period,1475072,8602,space_invaders,breakout,8,0.0,130
2,period,1475072,8602,space_invaders,breakout,9,2.0,130
2,period,1475072,8602,space_invaders,breakout,10,1.0,130
2,period,1475072,8602,space_invaders,space_invaders,1,22.0,3625
2,period,1475072,8602,space_invaders,space_invaders,2,23.0,3625
2,period,1475072,8602,space_invaders,space_invaders,3,47.0,3625
2,period,1475072,8602,space_invaders,space_invaders,4,45.0,3625
2,period,1475072,8602,space_invaders,space_invaders,5,71.0,3625
2,period,1475072,8602,space_invaders,space_invaders,6,29.0,3625
2,period,1475072,8602,space_invaders,space_invaders,7,115.0,3625
2,period,1475072,8602,space_invaders,space_invaders,8,41.0,3625
2,period,1475072,8602,space_invaders,space_invaders,9,28.0,3625
2,period,1475072,8602,space_invaders,space_invaders,10,14.0,3625
2,period,1475072,8602,space_invaders,freeway,1,0.0,25000
2,period,1475072,8602,space_invaders,freeway,2,0.0,25000
2,period,1475072,8602,space_invaders,freeway,3,0.0,25000
2,period,1475072,8602,space_invaders,freeway,4,0.0,25000
2,period,1475072,8602,space_invaders,freeway,5,0.0,25000
2,period,1475072,8602,space_invaders,freeway,6,0.0,25000
2,period,1475072,8602,space_invaders,freeway,7,0.0,25000
2,period,1475072,8602,space_invaders,freeway,8,0.0,25000
2,period,1475072,8602,space_invaders,freeway,9,0.0,25000
2,period,1475072,8602,space_invaders,freeway,10,0.0,25000
3,boundary,1999872,10064,space_invaders,breakout,1,2.0,192
3,boundary,1999872,10064,space_invaders,breakout,2,1.0,192
3,boundary,1999872,10064,space_invaders,breakout,3,1.0,192
3,boundary,1999872,10064,space_invaders,breakout,4,2.0,192
3,boundary,1999872,10064,space_invaders,breakout,5,2.0,192
3,boundary,1999872,10064,space_invaders,breakout,6,2.0,192
3,boundary,1999872,10064,space_invaders,breakout,7,2.0,192
3,boundary,1999872,10064,space_invaders,breakout,8,0.0,192
3,boundary,1999872,10064,space_invaders,breakout,9,1.0,192
3,boundary,1999872,10064,space_invaders,breakout,10,0.0,192
3,boundary,1999872,10064,space_invaders,space_invaders,1,25.0,2383
3,boundary,1999872,10064,space_invaders,space_invaders,2,71.0,2383
3,boundary,1999872,10064,space_invaders,space_invaders,3,7.0,2383
3,boundary,1999872,10064,space_invaders,space_invaders,4,19.0,2383
3,boundary,1999872,10064,space_invaders,space_invaders,5,47.0,2383
3,boundary,1999872,10064,space_invaders,space_invaders,6,22.0,2383
3,boundary,1999872,10064,space_invaders,space_invaders,7,26.0,2383
3,boundary,1999872,10064,space_invaders,space_invaders,8,25.0,2383
3,boundary,1999872,10064,space_invaders,space_invaders,9,23.0,2383
3,boundary,1999872,10064,space_invaders,space_invaders,10,33.0,2383
3,boundary,1999872,10064,space_invaders,freeway,1,0.0,25000
3,boundary,1999872,10064,space_invaders,freeway,2,0.0,25000
3,boundary,1999872,10064,space_invaders,freeway,3,0.0,25000
3,boundary,1999872,10064,space_invaders,freeway,4,0.0,25000
3,boundary,1999872,10064,space_invaders,freeway,5,0.0,25000
3,boundary,1999872,10064,space_invaders,freeway,6,0.0,25000
3,boundary,1999872,10064,space_invaders,freeway,7,0.0,25000
3,boundary,1999872,10064,space_invaders,freeway,8,0.0,25000
3,boundary,1999872,10064,space_invaders,freeway,9,0.0,25000
3,boundary,1999872,10064,space_invaders,freeway,10,0.0,25000
3,period,1500160,8672,space_invaders,breakout,1,0.0,90
3,period,1500160,8672,space_invaders,breakout,2,1.0,90
3,period,1500160,8672,space_invaders,breakout,3,1.0,90
3,period,1500160,8672,space_invaders,breakout,4,1.0,90
3,period,1500160,8672,space_invaders,breakout,5,0.0,90
3,period,1500160,8672,space_invaders,breakout,6,0.0,90
3,period,1500160,8672,space_invaders,breakout,7,0.0,90
3,period,1500160,8672,space_invaders,breakout,8,0.0,90
3,period,1500160,8672,space_invaders,breakout,9,0.0,90
3,period,1500160,8672,space_invaders,breakout,10,0.0,90
3,period,1500160,8672,space_invaders,space_invaders,1,11.0,1879
3,period,1500160,8672,space_invaders,space_invaders,2,23.0,1879
3,period,1500160,8672,space_invaders,space_invaders,3,38.0,1879
3,period,1500160,8672,space_invaders,space_invaders,4,8.0,1879
3,period,1500160,8672,space_invaders,space_invaders,5,8.0,1879
3,period,1500160,8672,space_invaders,space_invaders,6,46.0,1879
3,period,1500160,8672,space_invaders,space_invaders,7,46.0,1879
3,period,1500160,8672,space_invaders,space_invaders,8,26.0,1879
3,period,1500160,8672,space_invaders,space_invaders,9,9.0,1879
3,period,1500160,8672,space_invaders,space_invaders,10,32.0,1879
3,period,1500160,8672,space_invaders,freeway,1,0.0,25000
3,period,1500160,8672,space_invaders,freeway,2,0.0,25000
3,period,1500160,8672,space_invaders,freeway,3,0.0,25000
3,period,1500160,8672,space_invaders,freeway,4,0.0,25000
3,period,1500160,8672,space_invaders,freeway,5,0.0,25000
3,period,1500160,8672,space_invaders,freeway,6,0.0,25000
3,period,1500160,8672,space_invaders,freeway,7,0.0,25000
3,period,1500160,8672,space_invaders,freeway,8,0.0,25000
3,period,1500160,8672,space_invaders,freeway,9,0.0,25000
3,period,1500160,8672,space_invaders,freeway,10,0.0,25000
3,period,1525248,8745,space_invaders,breakout,1,2.0,90
3,period,1525248,8745,space_invaders,breakout,2,0.0,90
3,period,1525248,8745,space_invaders,breakout,3,0.0,90
3,period,1525248,8745,space_invaders,breakout,4,0.0,90
3,period,1525248,8745,space_invaders,breakout,5,0.0,90
3,period,1525248,8745,space_invaders,breakout,6,0.0,90
3,period,1525248,8745,space_invaders,breakout,7,0.0,90
3,period,1525248,8745,space_invaders,breakout,8,0.0,90
3,period,1525248,8745,space_invaders,breakout,9,1.0,90
3,period,1525248,8745,space_invaders,breakout,10,0.0,90
3,period,1525248,8745,space_invaders,space_invaders,1,71.0,4687
3,period,1525248,8745,space_invaders,space_invaders,2,81.0,4687
3,period,1525248,8745,space_invaders,space_invaders,3,14.0,4687
3,period,1525248,8745,space_invaders,space_invaders,4,47.0,4687
3,period,1525248,8745,space_invaders,space_invaders,5,23.0,4687
3,period,1525248,8745,space_invaders,space_invaders,6,42.0,4687
3,period,1525248,8745,space_invaders,space_invaders,7,57.0,4687
3,period,1525248,8745,space_invaders,space_invaders,8,43.0,4687
3,period,1525248,8745,space_invaders,space_invaders,9,140.0,4687
3,period,1525248,8745,space_invaders,space_invaders,10,38.0,4687
3,period,1525248,8745,space_invaders,freeway,1,0.0,25000
3,period,1525248,8745,space_invaders,freeway,2,0.0,25000
3,period,1525248,8745,space_invaders,freeway,3,0.0,25000
3,period,1525248,8745,space_invaders,freeway,4,0.0,25000
3,period,1525248,8745,space_invaders,freeway,5,0.0,25000
3,period,1525248,8745,space_invaders,freeway,6,0.0,25000
3,period,1525248,8745,space_invaders,freeway,7,0.0,25000
3,period,1525248,8745,space_invaders,freeway,8,0.0,25000
3,period,1525248,8745,space_invaders,freeway,9,0.0,25000
3,period,1525248,8745,space_invaders,freeway,10,0.0,25000
3,period,1550080,8816,space_invaders,breakout,1,2.0,90
3,period,1550080,8816,space_invaders,breakout,2,0.0,90
3,period,1550080,8816,space_invaders,breakout,3,0.0,90
3,period,1550080,8816,space_invaders,breakout,4,1.0,90
3,period,1550080,8816,space_invaders,breakout,5,0.0,90
3,period,1550080,8816,space_invaders,breakout,6,0.0,90
3,period,1550080,8816,space_invaders,breakout,7,0.0,90
3,period,1550080,8816,space_invaders,breakout,8,0.0,90
3,period,1550080,8816,space_invaders,breakout,9,0.0,90
3,period,1550080,8816,space_invaders,breakout,10,0.0,90
3,period,1550080,8816,space_invaders,space_invaders,1,47.0,2470
3,period,1550080,8816,space_invaders,space_invaders,2,71.0,2470
3,period,1550080,8816,space_invaders,space_invaders,3,32.0,2470
3,period,1550080,8816,space_invaders,space_invaders,4,23.0,2470
3,period,1550080,8816,space_invaders,space_invaders,5,37.0,2470
3,period,1550080,8816,space_invaders,space_invaders,6,7.0,2470
3,period,1550080,8816,space_invaders,space_invaders,7,21.0,2470
3,period,1550080,8816,space_invaders,space_invaders,8,31.0,2470
3,period,1550080,8816,space_invaders,space_invaders,9,16.0,2470
3,period,1550080,8816,space_invaders,space_invaders,10,31.0,2470
3,period,1550080,8816,space_invaders,freeway,1,0.0,25000
3,period,1550080,8816,space_invaders,freeway,2,0.0,25000
3,period,1550080,8816,space_invaders,freeway,3,0.0,25000
3,period,1550080,8816,space_invaders,freeway,4,0.0,25000
3,period,1550080,8816,space_invaders,freeway,5,0.0,25000
3,period,1550080,8816,space_invaders,freeway,6,0.0,25000
3,period,1550080,8816,space_invaders,freeway,7,0.0,25000
3,period,1550080,8816,space_invaders,freeway,8,0.0,25000
3,period,1550080,8816,space_invaders,freeway,9,0.0,25000
3,period,1550080,8816,space_invaders,freeway,10,0.0,25000
3,period,1575168,8889,space_invaders,breakout,1,2.0,160
3,period,1575168,8889,space_invaders,breakout,2,1.0,160
3,period,1575168,8889,space_invaders,breakout,3,2.0,160
3,period,1575168,8889,space_invaders,breakout,4,0.0,160
3,period,1575168,8889,space_invaders,breakout,5,2.0,160
3,period,1575168,8889,space_invaders,breakout,6,0.0,160
3,period,1575168,8889,space_invaders,breakout,7,1.0,160
3,period,1575168,8889,space_invaders,breakout,8,0.0,160
3,period,1575168,8889,space_invaders,breakout,9,2.0,160
3,period,1575168,8889,space_invaders,breakout,10,0.0,160
3,period,1575168,8889,space_invaders,space_invaders,1,15.0,4066
3,period,1575168,8889,space_invaders,space_invaders,2,53.0,4066
3,period,1575168,8889,space_invaders,space_invaders,3,46.0,4066
3,period,1575168,8889,space_invaders,space_invaders,4,142.0,4066
3,period,1575168,8889,space_invaders,space_invaders,5,71.0,4066
3,period,1575168,8889,space_invaders,space_invaders,6,23.0,4066
3,period,1575168,8889,space_invaders,space_invaders,7,58.0,4066
3,period,1575168,8889,space_invaders,space_invaders,8,25.0,4066
3,period,1575168,8889,space_invaders,space_invaders,9,22.0,4066
3,period,1575168,8889,space_invaders,space_invaders,10,47.0,4066
3,period,1575168,8889,space_invaders,freeway,1,0.0,25000
3,period,1575168,8889,space_invaders,freeway,2,0.0,25000
3,period,1575168,8889,space_invaders,freeway,3,0.0,25000
3,period,1575168,8889,space_invaders,freeway,4,0.0,25000
3,period,1575168,8889,space_invaders,freeway,5,0.0,25000
3,period,1575168,8889,space_invaders,freeway,6,0.0,25000
3,period,1575168,8889,space_invaders,freeway,7,0.0,25000
3,period,1575168,8889,space_invaders,freeway,8,0.0,25000
3,period,1575168,8889,space_invaders,freeway,9,0.0,25000
3,period,1575168,8889,space_invaders,freeway,10,0.0,25000
3,period,1600000,8951,space_invaders,breakout,1,0.0,70
3,period,1600000,8951,space_invaders,breakout,2,1.0,70
3,period,1600000,8951,space_invaders,breakout,3,0.0,70
3,period,1600000,8951,space_invaders,breakout,4,0.0,70
3,period,1600000,8951,space_invaders,breakout,5,0.0,70
3,period,1600000,8951,space_invaders,breakout,6,0.0,70
3,period,1600000,8951,space_invaders,breakout,7,0.0,70
3,period,1600000,8951,space_invaders,breakout,8,0.0,70
3,period,1600000,8951,space_invaders,breakout,9,0.0,70
3,period,1600000,8951,space_invaders,breakout,10,0.0,70
3,period,1600000,8951,space_invaders,space_invaders,1,71.0,3327
3,period,1600000,8951,space_invaders,space_invaders,2,22.0,3327
3,period,1600000,8951,space_invaders,space_invaders,3,15.0,3327
3,period,1600000,8951,space_invaders,space_invaders,4,47.0,3327
3,period,1600000,8951,space_invaders,space_invaders,5,21.0,3327
3,period,1600000,8951,space_invaders,space_invaders,6,23.0,3327
3,period,1600000,8951,space_invaders,space_invaders,7,77.0,3327
3,period,1600000,8951,space_invaders,space_invaders,8,22.0,3327
3,period,1600000,8951,space_invaders,space_invaders,9,47.0,3327
3,period,1600000,8951,space_invaders,space_invaders,10,46.0,3327
3,period,1600000,8951,space_invaders,freeway,1,1.0,25000
3,period,1600000,8951,space_invaders,freeway,2,0.0,25000
3,period,1600000,8951,space_invaders,freeway,3,0.0,25000
3,period,1600000,8951,space_invaders,freeway,4,0.0,25000
3,period,1600000,8951,space_invaders,freeway,5,0.0,25000
3,period,1600000,8951,space_invaders,freeway,6,0.0,25000
3,period,1600000,8951,space_invaders,freeway,7,0.0,25000
3,period,1600000,8951,space_invaders,freeway,8,0.0,25000
3,period,1600000,8951,space_invaders,freeway,9,0.0,25000
3,period,1600000,8951,space_invaders,freeway,10,0.0,25000
3,period,1625088,9051,space_invaders,breakout,1,1.0,160
3,period,1625088,9051,space_invaders,breakout,2,1.0,160
3,period,1625088,9051,space_invaders,breakout,3,2.0,160
3,period,1625088,9051,space_invaders,breakout,4,0.0,160
3,period,1625088,9051,space_invaders,breakout,5,2.0,160
3,period,1625088,9051,space_invaders,breakout,6,2.0,160
3,period,1625088,9051,space_invaders,breakout,7,0.0,160
3,period,1625088,9051,space_invaders,breakout,8,2.0,160
3,period,1625088,9051,space_invaders,breakout,9,0.0,160
3,period,1625088,9051,space_invaders,breakout,10,0.0,160
3,period,1625088,9051,space_invaders,space_invaders,1,11.0,2277
3,period,1625088,9051,space_invaders,space_invaders,2,9.0,2277
3,period,1625088,9051,space_invaders,space_invaders,3,9.0,2277
3,period,1625088,9051,space_invaders,space_invaders,4,9.0,2277
3,period,1625088,9051,space_invaders,space_invaders,5,70.0,2277
3,period,1625088,9051,space_invaders,space_invaders,6,71.0,2277
3,period,1625088,9051,space_invaders,space_invaders,7,21.0,2277
3,period,1625088,9051,space_invaders,space_invaders,8,32.0,2277
3,period,1625088,9051,space_invaders,space_invaders,9,9.0,2277
3,period,1625088,9051,space_invaders,space_invaders,10,47.0,2277
3,period,1625088,9051,space_invaders,freeway,1,0.0,25000
3,period,1625088,9051,space_invaders,freeway,2,0.0,25000
3,period,1625088,9051,space_invaders,freeway,3,0.0,25000
3,period,1625088,9051,space_invaders,freeway,4,0.0,25000
3,period,1625088,9051,space_invaders,freeway,5,0.0,25000
3,period,1625088,9051,space_invaders,freeway,6,0.0,25000
3,period,1625088,9051,space_invaders,freeway,7,0.0,25000
3,period,1625088,9051,space_invaders,freeway,8,0.0,25000
3,period,1625088,9051,space_invaders,freeway,9,0.0,25000
3,period,1625088,9051,space_invaders,freeway,10,0.0,25000
3,period,1650176,9129,space_invaders,breakout,1,1.0,110
3,period,1650176,9129,space_invaders,breakout,2,0.0,110
3,period,1650176,9129,space_invaders,breakout,3,0.0,110
3,period,1650176,9129,space_invaders,breakout,4,1.0,110
3,period,1650176,9129,space_invaders,breakout,5,2.0,110
3,period,1650176,9129,space_invaders,breakout,6,0.0,110
3,period,1650176,9129,space_invaders,breakout,7,0.0,110
3,period,1650176,9129,space_invaders,breakout,8,1.0,110
3,period,1650176,9129,space_invaders,breakout,9,0.0,110
3,period,1650176,9129,space_invaders,breakout,10,0.0,110
3,period,1650176,9129,space_invaders,space_invaders,1,46.0,4524
3,period,1650176,9129,space_invaders,space_invaders,2,11.0,4524
3,period,1650176,9129,space_invaders,space_invaders,3,46.0,4524
3,period,1650176,9129,space_invaders,space_invaders,4,23.0,4524
3,period,1650176,9129,space_invaders,space_invaders,5,168.0,4524
3,period,1650176,9129,space_invaders,space_invaders,6,9.0,4524
3,period,1650176,9129,space_invaders,space_invaders,7,31.0,4524
3,period,1650176,9129,space_invaders,space_invaders,8,29.0,4524
3,period,1650176,9129,space_invaders,space_invaders,9,77.0,4524
3,period,1650176,9129,space_invaders,space_invaders,10,87.0,4524
3,period,1650176,9129,space_invaders,freeway,1,0.0,25000
3,period,1650176,9129,space_invaders,freeway,2,0.0,25000
3,period,1650176,9129,space_invaders,freeway,3,0.0,25000
3,period,1650176,9129,space_invaders,freeway,4,0.0,25000
3,period,1650176,9129,space_invaders,freeway,5,0.0,25000
3,period,1650176,9129,space_invaders,freeway,6,0.0,25000
3,period,1650176,9129,space_invaders,freeway,7,0.0,25000
3,period,1650176,9129,space_invaders,freeway,8,0.0,25000
3,period,1650176,9129,space_invaders,freeway,9,0.0,25000
3,period,1650176,9129,space_invaders,freeway,10,0.0,25000
3,period,1675008,9217,space_invaders,breakout,1,2.0,180
3,period,1675008,9217,space_invaders,breakout,2,1.0,180
3,period,1675008,9217,space_invaders,breakout,3,2.0,180
3,period,1675008,9217,space_invaders,breakout,4,2.0,180
3,period,1675008,9217,space_invaders,breakout,5,2.0,180
3,period,1675008,9217,space_invaders,breakout,6,0.0,180
3,period,1675008,9217,space_invaders,breakout,7,1.0,180
3,period,1675008,9217,space_invaders,breakout,8,1.0,180
3,period,1675008,9217,space_invaders,breakout,9,0.0,180
3,period,1675008,9217,space_invaders,breakout,10,1.0,180
3,period,1675008,9217,space_invaders,space_invaders,1,7.0,2098
3,period,1675008,9217,space_invaders,space_invaders,2,27.0,2098
3,period,1675008,9217,space_invaders,space_invaders,3,24.0,2098
3,period,1675008,9217,space_invaders,space_invaders,4,7.0,2098
3,period,1675008,9217,space_invaders,space_invaders,5,7.0,2098
3,period,1675008,9217,space_invaders,space_invaders,6,39.0,2098
3,period,1675008,9217,space_invaders,space_invaders,7,78.0,2098
3,period,1675008,9217,space_invaders,space_invaders,8,23.0,2098
3,period,1675008,9217,space_invaders,space_invaders,9,7.0,2098
3,period,1675008,9217,space_invaders,space_invaders,10,47.0,2098
3,period,1675008,9217,space_invaders,freeway,1,0.0,25000
3,period,1675008,9217,space_invaders,freeway,2,0.0,25000
3,period,1675008,9217,space_invaders,freeway,3,0.0,25000
3,period,1675008,9217,space_invaders,freeway,4,0.0,25000
3,period,1675008,9217,space_invaders,freeway,5,0.0,25000
3,period,1675008,9217,space_invaders,freeway,6,0.0,25000
3,period,1675008,9217,space_invaders,freeway,7,0.0,25000
3,period,1675008,9217,space_invaders,freeway,8,0.0,25000
3,period,1675008,9217,space_invaders,freeway,9,0.0,25000
3,period,1675008,9217,space_invaders,freeway,10,0.0,25000
3,period,1700096,9294,space_invaders,breakout,1,1.0,120
3,period,1700096,9294,space_invaders,breakout,2,0.0,120
3,period,1700096,9294,space_invaders,breakout,3,1.0,120
3,period,1700096,9294,space_invaders,breakout,4,0.0,120
3,period,1700096,9294,space_invaders,breakout,5,0.0,120
3,period,1700096,9294,space_invaders,breakout,6,0.0,120
3,period,1700096,9294,space_invaders,breakout,7,1.0,120
3,period,1700096,9294,space_invaders,breakout,8,1.0,120
3,period,1700096,9294,space_invaders,breakout,9,1.0,120
3,period,1700096,9294,space_invaders,breakout,10,1.0,120
3,period,1700096,9294,space_invaders,space_invaders,1,22.0,3857
3,period,1700096,9294,space_invaders,space_invaders,2,71.0,3857
3,period,1700096,9294,space_invaders,space_invaders,3,23.0,3857
3,period,1700096,9294,space_invaders,space_invaders,4,24.0,3857
3,period,1700096,9294,space_invaders,space_invaders,5,47.0,3857
3,period,1700096,9294,space_invaders,space_invaders,6,42.0,3857
3,period,1700096,9294,space_invaders,space_invaders,7,47.0,3857
3,period,1700096,9294,space_invaders,space_invaders,8,35.0,3857
3,period,1700096,9294,space_invaders,space_invaders,9,47.0,3857
3,period,1700096,9294,space_invaders,space_invaders,10,57.0,3857
3,period,1700096,9294,space_invaders,freeway,1,0.0,25000
3,period,1700096,9294,space_invaders,freeway,2,0.0,25000
3,period,1700096,9294,space_invaders,freeway,3,0.0,25000
3,period,1700096,9294,space_invaders,freeway,4,0.0,25000
3,period,1700096,9294,space_invaders,freeway,5,0.0,25000
3,period,1700096,9294,space_invaders,freeway,6,0.0,25000
3,period,1700096,9294,space_invaders,freeway,7,0.0,25000
3,period,1700096,9294,space_invaders,freeway,8,0.0,25000
3,period,1700096,9294,space_invaders,freeway,9,0.0,25000
3,period,1700096,9294,space_invaders,freeway,10,0.0,25000
3,period,1725184,9361,space_invaders,breakout,1,1.0,170
3,period,1725184,9361,space_invaders,breakout,2,1.0,170
3,period,1725184,9361,space_invaders,breakout,3,2.0,170
3,period,1725184,9361,space_invaders,breakout,4,2.0,170
3,period,1725184,9361,space_invaders,breakout,5,0.0,170
3,period,1725184,9361,space_invaders,breakout,6,1.0,170
3,period,1725184,9361,space_invaders,breakout,7,0.0,170
3,period,1725184,9361,space_invaders,breakout,8,1.0,170
3,period,1725184,9361,space_invaders,breakout,9,2.0,170
3,period,1725184,9361,space_invaders,breakout,10,1.0,170
3,period,1725184,9361,space_invaders,space_invaders,1,44.0,5592
3,period,1725184,9361,space_invaders,space_invaders,2,46.0,5592
3,period,1725184,9361,space_invaders,space_invaders,3,23.0,5592
3,period,1725184,9361,space_invaders,space_invaders,4,84.0,5592
3,period,1725184,9361,space_invaders,space_invaders,5,22.0,5592
3,period,1725184,9361,space_invaders,space_invaders,6,46.0,5592
3,period,1725184,9361,space_invaders,space_invaders,7,46.0,5592
3,period,1725184,9361,space_invaders,space_invaders,8,82.0,5592
3,period,1725184,9361,space_invaders,space_invaders,9,166.0,5592
3,period,1725184,9361,space_invaders,space_invaders,10,52.0,5592
3,period,1725184,9361,space_invaders,freeway,1,0.0,25000
3,period,1725184,9361,space_invaders,freeway,2,0.0,25000
3,period,1725184,9361,space_invaders,freeway,3,0.0,25000
3,period,1725184,9361,space_invaders,freeway,4,0.0,25000
3,period,1725184,9361,space_invaders,freeway,5,0.0,25000
3,period,1725184,9361,space_invaders,freeway,6,0.0,25000
3,period,1725184,9361,space_invaders,freeway,7,0.0,25000
3,period,1725184,9361,space_invaders,freeway,8,0.0,25000
3,period,1725184,9361,space_invaders,freeway,9,0.0,25000
3,period,1725184,9361,space_invaders,freeway,10,0.0,25000
3,period,1750016,9419,space_invaders,breakout,1,0.0,90
3,period,1750016,9419,space_invaders,breakout,2,0.0,90
3,period,1750016,9419,space_invaders,breakout,3,1.0,90
3,period,1750016,9419,space_invaders,breakout,4,1.0,90
3,period,1750016,9419,space_invaders,breakout,5,0.0,90
3,period,1750016,9419,space_invaders,breakout,6,1.0,90
3,period,1750016,9419,space_invaders,breakout,7,0.0,90
3,period,1750016,9419,space_invaders,breakout,8,0.0,90
3,period,1750016,9419,space_invaders,breakout,9,0.0,90
3,period,1750016,9419,space_invaders,breakout,10,0.0,90
3,period,1750016,9419,space_invaders,space_invaders,1,101.0,4240
3,period,1750016,9419,space_invaders,space_invaders,2,22.0,4240
3,period,1750016,9419,space_invaders,space_invaders,3,31.0,4240
3,period,1750016,9419,space_invaders,space_invaders,4,47.0,4240
3,period,1750016,9419,space_invaders,space_invaders,5,47.0,4240
3,period,1750016,9419,space_invaders,space_invaders,6,22.0,4240
3,period,1750016,9419,space_invaders,space_invaders,7,142.0,4240
3,period,1750016,9419,space_invaders,space_invaders,8,27.0,4240
3,period,1750016,9419,space_invaders,space_invaders,9,71.0,4240
3,period,1750016,9419,space_invaders,space_invaders,10,11.0,4240
3,period,1750016,9419,space_invaders,freeway,1,0.0,25000
3,period,1750016,9419,space_invaders,freeway,2,0.0,25000
3,period,1750016,9419,space_invaders,freeway,3,0.0,25000
3,period,1750016,9419,space_invaders,freeway,4,0.0,25000
3,period,1750016,9419,space_invaders,freeway,5,0.0,25000
3,period,1750016,9419,space_invaders,freeway,6,0.0,25000
3,period,1750016,9419,space_invaders,freeway,7,0.0,25000
3,period,1750016,9419,space_invaders,freeway,8,0.0,25000
3,period,1750016,9419,space_invaders,freeway,9,0.0,25000
3,period,1750016,9419,space_invaders,freeway,10,0.0,25000
3,period,1775104,9491,space_invaders,breakout,1,2.0,170
3,period,1775104,9491,space_invaders,breakout,2,0.0,170
3,period,1775104,9491,space_invaders,breakout,3,1.0,170
3,period,1775104,9491,space_invaders,breakout,4,2.0,170
3,period,1775104,9491,space_invaders,breakout,5,1.0,170
3,period,1775104,9491,space_invaders,breakout,6,2.0,170
3,period,1775104,9491,space_invaders,breakout,7,1.0,170
3,period,1775104,9491,space_invaders,breakout,8,0.0,170
3,period,1775104,9491,space_invaders,breakout,9,1.0,170
3,period,1775104,9491,space_invaders,breakout,10,1.0,170
3,period,1775104,9491,space_invaders,space_invaders,1,47.0,3992
3,period,1775104,9491,space_invaders,space_invaders,2,141.0,3992
3,period,1775104,9491,space_invaders,space_invaders,3,84.0,3992
3,period,1775104,9491,space_invaders,space_invaders,4,70.0,3992
3,period,1775104,9491,space_invaders,space_invaders,5,23.0,3992
3,period,1775104,9491,space_invaders,space_invaders,6,23.0,3992
3,period,1775104,9491,space_invaders,space_invaders,7,13.0,3992
3,period,1775104,9491,space_invaders,space_invaders,8,32.0,3992
3,period,1775104,9491,space_invaders,space_invaders,9,23.0,3992
3,period,1775104,9491,space_invaders,space_invaders,10,39.0,3992
3,period,1775104,9491,space_invaders,freeway,1,0.0,25000
3,period,1775104,9491,space_invaders,freeway,2,0.0,25000
3,period,1775104,9491,space_invaders,freeway,3,0.0,25000
3,period,1775104,9491,space_invaders,freeway,4,0.0,25000
3,period,1775104,9491,space_invaders,freeway,5,0.0,25000
3,period,1775104,9491,space_invaders,freeway,6,0.0,25000
3,period,1775104,9491,space_invaders,freeway,7,0.0,25000
3,period,1775104,9491,space_invaders,freeway,8,0.0,25000
3,period,1775104,9491,space_invaders,freeway,9,0.0,25000
3,period,1775104,9491,space_invaders,freeway,10,0.0,25000
3,period,1800192,9552,space_invaders,breakout,1,0.0,140
3,period,1800192,9552,space_invaders,breakout,2,1.0,140
3,period,1800192,9552,space_invaders,breakout,3,0.0,140
3,period,1800192,9552,space_invaders,breakout,4,1.0,140
3,period,1800192,9552,space_invaders,breakout,5,1.0,140
3,period,1800192,9552,space_invaders,breakout,6,1.0,140
3,period,1800192,9552,space_invaders,breakout,7,1.0,140
3,period,1800192,9552,space_invaders,breakout,8,0.0,140
3,period,1800192,9552,space_invaders,breakout,9,1.0,140
3,period,1800192,9552,space_invaders,breakout,10,2.0,140
3,period,1800192,9552,space_invaders,space_invaders,1,71.0,2750
3,period,1800192,9552,space_invaders,space_invaders,2,9.0,2750
3,period,1800192,9552,space_invaders,space_invaders,3,23.0,2750
3,period,1800192,9552,space_invaders,space_invaders,4,99.0,2750
3,period,1800192,9552,space_invaders,space_invaders,5,32.0,2750
3,period,1800192,9552,space_invaders,space_invaders,6,12.0,2750
3,period,1800192,9552,space_invaders,space_invaders,7,9.0,2750
3,period,1800192,9552,space_invaders,space_invaders,8,24.0,2750
3,period,1800192,9552,space_invaders,space_invaders,9,7.0,2750
3,period,1800192,9552,space_invaders,space_invaders,10,47.0,2750
3,period,1800192,9552,space_invaders,freeway,1,0.0,25000
3,period,1800192,9552,space_invaders,freeway,2,0.0,25000
3,period,1800192,9552,space_invaders,freeway,3,0.0,25000
3,period,1800192,9552,space_invaders,freeway,4,0.0,25000
3,period,1800192,9552,space_invaders,freeway,5,0.0,25000
3,period,1800192,9552,space_invaders,freeway,6,0.0,25000
3,period,1800192,9552,space_invaders,freeway,7,0.0,25000
3,period,1800192,9552,space_invaders,freeway,8,0.0,25000
3,period,1800192,9552,space_invaders,freeway,9,0.0,25000
3,period,1800192,9552,space_invaders,freeway,10,0.0,25000
3,period,1825024,9611,space_invaders,breakout,1,0.0,110
3,period,1825024,9611,space_invaders,breakout,2,1.0,110
3,period,1825024,9611,space_invaders,breakout,3,0.0,110
3,period,1825024,9611,space_invaders,breakout,4,1.0,110
3,period,1825024,9611,space_invaders,breakout,5,0.0,110
3,period,1825024,9611,space_invaders,breakout,6,1.0,110
3,period,1825024,9611,space_invaders,breakout,7,0.0,110
3,period,1825024,9611,space_invaders,breakout,8,0.0,110
3,period,1825024,9611,space_invaders,breakout,9,1.0,110
3,period,1825024,9611,space_invaders,breakout,10,1.0,110
3,period,1825024,9611,space_invaders,space_invaders,1,8.0,2203
3,period,1825024,9611,space_invaders,space_invaders,2,23.0,2203
3,period,1825024,9611,space_invaders,space_invaders,3,23.0,2203
3,period,1825024,9611,space_invaders,space_invaders,4,23.0,2203
3,period,1825024,9611,space_invaders,space_invaders,5,23.0,2203
3,period,1825024,9611,space_invaders,space_invaders,6,35.0,2203
3,period,1825024,9611,space_invaders,space_invaders,7,45.0,2203
3,period,1825024,9611,space_invaders,space_invaders,8,34.0,2203
3,period,1825024,9611,space_invaders,space_invaders,9,22.0,2203
3,period,1825024,9611,space_invaders,space_invaders,10,41.0,2203
3,period,1825024,9611,space_invaders,freeway,1,0.0,25000
3,period,1825024,9611,space_invaders,freeway,2,0.0,25000
3,period,1825024,9611,space_invaders,freeway,3,0.0,25000
3,period,1825024,9611,space_invaders,freeway,4,0.0,25000
3,period,1825024,9611,space_invaders,freeway,5,0.0,25000
3,period,1825024,9611,space_invaders,freeway,6,0.0,25000
3,period,1825024,9611,space_invaders,freeway,7,0.0,25000
3,period,1825024,9611,space_invaders,freeway,8,0.0,25000
3,period,1825024,9611,space_invaders,freeway,9,0.0,25000
3,period,1825024,9611,space_invaders,freeway,10,0.0,25000
3,period,1850112,9680,space_invaders,breakout,1,2.0,190
3,period,1850112,9680,space_invaders,breakout,2,1.0,190
3,period,1850112,9680,space_invaders,breakout,3,1.0,190
3,period,1850112,9680,space_invaders,breakout,4,0.0,190
3,period,1850112,9680,space_invaders,breakout,5,2.0,190
3,period,1850112,9680,space_invaders,breakout,6,1.0,190
3,period,1850112,9680,space_invaders,breakout,7,1.0,190
3,period,1850112,9680,space_invaders,breakout,8,2.0,190
3,period,1850112,9680,space_invaders,breakout,9,1.0,190
3,period,1850112,9680,space_invaders,breakout,10,2.0,190
3,period,1850112,9680,space_invaders,space_invaders,1,31.0,2531
3,period,1850112,9680,space_invaders,space_invaders,2,30.0,2531
3,period,1850112,9680,space_invaders,space_invaders,3,44.0,2531
3,period,1850112,9680,space_invaders,space_invaders,4,95.0,2531
3,period,1850112,9680,space_invaders,space_invaders,5,8.0,2531
3,period,1850112,9680,space_invaders,space_invaders,6,29.0,2531
3,period,1850112,9680,space_invaders,space_invaders,7,9.0,2531
3,period,1850112,9680,space_invaders,space_invaders,8,23.0,2531
3,period,1850112,9680,space_invaders,space_invaders,9,40.0,2531
3,period,1850112,9680,space_invaders,space_invaders,10,9.0,2531
3,period,1850112,9680,space_invaders,freeway,1,0.0,25000
3,period,1850112,9680,space_invaders,freeway,2,0.0,25000
3,period,1850112,9680,space_invaders,freeway,3,0.0,25000
3,period,1850112,9680,space_invaders,freeway,4,0.0,25000
3,period,1850112,9680,space_invaders,freeway,5,0.0,25000
3,period,1850112,9680,space_invaders,freeway,6,0.0,25000
3,period,1850112,9680,space_invaders,freeway,7,0.0,25000
3,period,1850112,9680,space_invaders,freeway,8,0.0,25000
3,period,1850112,9680,space_invaders,freeway,9,0.0,25000
3,period,1850112,9680,space_invaders,freeway,10,0.0,25000
3,period,1875200,9743,space_invaders,breakout,1,2.0,130
3,period,1875200,9743,space_invaders,breakout,2,1.0,130
3,period,1875200,9743,space_invaders,breakout,3,0.0,130
3,period,1875200,9743,space_invaders,breakout,4,1.0,130
3,period,1875200,9743,space_invaders,breakout,5,1.0,130
3,period,1875200,9743,space_invaders,breakout,6,0.0,130
3,period,1875200,9743,space_invaders,breakout,7,1.0,130
3,period,1875200,9743,space_invaders,breakout,8,0.0,130
3,period,1875200,9743,space_invaders,breakout,9,0.0,130
3,period,1875200,9743,space_invaders,breakout,10,1.0,130
3,period,1875200,9743,space_invaders,space_invaders,1,97.0,4303
3,period,1875200,9743,space_invaders,space_invaders,2,46.0,4303
3,period,1875200,9743,space_invaders,space_invaders,3,22.0,4303
3,period,1875200,9743,space_invaders,space_invaders,4,22.0,4303
3,period,1875200,9743,space_invaders,space_invaders,5,75.0,4303
3,period,1875200,9743,space_invaders,space_invaders,6,22.0,4303
3,period,1875200,9743,space_invaders,space_invaders,7,71.0,4303
3,period,1875200,9743,space_invaders,space_invaders,8,47.0,4303
3,period,1875200,9743,space_invaders,space_invaders,9,91.0,4303
3,period,1875200,9743,space_invaders,space_invaders,10,22.0,4303
3,period,1875200,9743,space_invaders,freeway,1,0.0,25000
3,period,1875200,9743,space_invaders,freeway,2,0.0,25000
3,period,1875200,9743,space_invaders,freeway,3,0.0,25000
3,period,1875200,9743,space_invaders,freeway,4,0.0,25000
3,period,1875200,9743,space_invaders,freeway,5,0.0,25000
3,period,1875200,9743,space_invaders,freeway,6,0.0,25000
3,period,1875200,9743,space_invaders,freeway,7,0.0,25000
3,period,1875200,9743,space_invaders,freeway,8,0.0,25000
3,period,1875200,9743,space_invaders,freeway,9,0.0,25000
3,period,1875200,9743,space_invaders,freeway,10,0.0,25000
3,period,1900032,9807,space_invaders,breakout,1,0.0,120
3,period,1900032,9807,space_invaders,breakout,2,1.0,120
3,period,1900032,9807,space_invaders,breakout,3,0.0,120
3,period,1900032,9807,space_invaders,breakout,4,0.0,120
3,period,1900032,9807,space_invaders,breakout,5,1.0,120
3,period,1900032,9807,space_invaders,breakout,6,0.0,120
3,period,1900032,9807,space_invaders,breakout,7,1.0,120
3,period,1900032,9807,space_invaders,breakout,8,1.0,120
3,period,1900032,9807,space_invaders,breakout,9,0.0,120
3,period,1900032,9807,space_invaders,breakout,10,2.0,120
3,period,1900032,9807,space_invaders,space_invaders,1,23.0,3045
3,period,1900032,9807,space_invaders,space_invaders,2,7.0,3045
3,period,1900032,9807,space_invaders,space_invaders,3,37.0,3045
3,period,1900032,9807,space_invaders,space_invaders,4,10.0,3045
3,period,1900032,9807,space_invaders,space_invaders,5,58.0,3045
3,period,1900032,9807,space_invaders,space_invaders,6,59.0,3045
3,period,1900032,9807,space_invaders,space_invaders,7,47.0,3045
3,period,1900032,9807,space_invaders,space_invaders,8,64.0,3045
3,period,1900032,9807,space_invaders,space_invaders,9,70.0,3045
3,period,1900032,9807,space_invaders,space_invaders,10,10.0,3045
3,period,1900032,9807,space_invaders,freeway,1,0.0,25000
3,period,1900032,9807,space_invaders,freeway,2,0.0,25000
3,period,1900032,9807,space_invaders,freeway,3,0.0,25000
3,period,1900032,9807,space_invaders,freeway,4,0.0,25000
3,period,1900032,9807,space_invaders,freeway,5,0.0,25000
3,period,1900032,9807,space_invaders,freeway,6,0.0,25000
3,period,1900032,9807,space_invaders,freeway,7,0.0,25000
3,period,1900032,9807,space_invaders,freeway,8,0.0,25000
3,period,1900032,9807,space_invaders,freeway,9,0.0,25000
3,period,1900032,9807,space_invaders,freeway,10,0.0,25000
3,period,1925120,9875,space_invaders,breakout,1,2.0,190
3,period,1925120,9875,space_invaders,breakout,2,0.0,190
3,period,1925120,9875,space_invaders,breakout,3,0.0,190
3,period,1925120,9875,space_invaders,breakout,4,2.0,190
3,period,1925120,9875,space_invaders,breakout,5,2.0,190
3,period,1925120,9875,space_invaders,breakout,6,0.0,190
3,period,1925120,9875,space_invaders,breakout,7,1.0,190
3,period,1925120,9875,space_invaders,breakout,8,2.0,190
3,period,1925120,9875,space_invaders,breakout,9,2.0,190
3,period,1925120,9875,space_invaders,breakout,10,2.0,190
3,period,1925120,9875,space_invaders,space_invaders,1,116.0,3792
3,period,1925120,9875,space_invaders,space_invaders,2,44.0,3792
3,period,1925120,9875,space_invaders,space_invaders,3,28.0,3792
3,period,1925120,9875,space_invaders,space_invaders,4,30.0,3792
3,period,1925120,9875,space_invaders,space_invaders,5,55.0,3792
3,period,1925120,9875,space_invaders,space_invaders,6,23.0,3792
3,period,1925120,9875,space_invaders,space_invaders,7,9.0,3792
3,period,1925120,9875,space_invaders,space_invaders,8,59.0,3792
3,period,1925120,9875,space_invaders,space_invaders,9,9.0,3792
3,period,1925120,9875,space_invaders,space_invaders,10,95.0,3792
3,period,1925120,9875,space_invaders,freeway,1,0.0,25000
3,period,1925120,9875,space_invaders,freeway,2,0.0,25000
3,period,1925120,9875,space_invaders,freeway,3,0.0,25000
3,period,1925120,9875,space_invaders,freeway,4,0.0,25000
3,period,1925120,9875,space_invaders,freeway,5,0.0,25000
3,period,1925120,9875,space_invaders,freeway,6,0.0,25000
3,period,1925120,9875,space_invaders,freeway,7,0.0,25000
3,period,1925120,9875,space_invaders,freeway,8,0.0,25000
3,period,1925120,9875,space_invaders,freeway,9,0.0,25000
3,period,1925120,9875,space_invaders,freeway,10,0.0,25000
3,period,1950208,9935,space_invaders,breakout,1,2.0,130
3,period,1950208,9935,space_invaders,breakout,2,0.0,130
3,period,1950208,9935,space_invaders,breakout,3,1.0,130
3,period,1950208,9935,space_invaders,breakout,4,0.0,130
3,period,1950208,9935,space_invaders,breakout,5,0.0,130
3,period,1950208,9935,space_invaders,breakout,6,2.0,130
3,period,1950208,9935,space_invaders,breakout,7,1.0,130
3,period,1950208,9935,space_invaders,breakout,8,0.0,130
3,period,1950208,9935,space_invaders,breakout,9,1.0,130
3,period,1950208,9935,space_invaders,breakout,10,0.0,130
3,period,1950208,9935,space_invaders,space_invaders,1,23.0,3581
3,period,1950208,9935,space_invaders,space_invaders,2,38.0,3581
3,period,1950208,9935,space_invaders,space_invaders,3,17.0,3581
3,period,1950208,9935,space_invaders,space_invaders,4,47.0,3581
3,period,1950208,9935,space_invaders,space_invaders,5,30.0,3581
3,period,1950208,9935,space_invaders,space_invaders,6,147.0,3581
3,period,1950208,9935,space_invaders,space_invaders,7,28.0,3581
3,period,1950208,9935,space_invaders,space_invaders,8,28.0,3581
3,period,1950208,9935,space_invaders,space_invaders,9,10.0,3581
3,period,1950208,9935,space_invaders,space_invaders,10,101.0,3581
3,period,1950208,9935,space_invaders,freeway,1,0.0,25000
3,period,1950208,9935,space_invaders,freeway,2,0.0,25000
3,period,1950208,9935,space_invaders,freeway,3,0.0,25000
3,period,1950208,9935,space_invaders,freeway,4,0.0,25000
3,period,1950208,9935,space_invaders,freeway,5,0.0,25000
3,period,1950208,9935,space_invaders,freeway,6,0.0,25000
3,period,1950208,9935,space_invaders,freeway,7,0.0,25000
3,period,1950208,9935,space_invaders,freeway,8,0.0,25000
3,period,1950208,9935,space_invaders,freeway,9,0.0,25000
3,period,1950208,9935,space_invaders,freeway,10,0.0,25000
3,period,1975040,10001,space_invaders,breakout,1,2.0,170
3,period,1975040,10001,space_invaders,breakout,2,0.0,170
3,period,1975040,10001,space_invaders,breakout,3,0.0,170
3,period,1975040,10001,space_invaders,breakout,4,1.0,170
3,period,1975040,10001,space_invaders,breakout,5,2.0,170
3,period,1975040,10001,space_invaders,breakout,6,1.0,170
3,period,1975040,10001,space_invaders,breakout,7,2.0,170
3,period,1975040,10001,space_invaders,breakout,8,2.0,170
3,period,1975040,10001,space_invaders,breakout,9,0.0,170
3,period,1975040,10001,space_invaders,breakout,10,1.0,170
3,period,1975040,10001,space_invaders,space_invaders,1,7.0,4173
3,period,1975040,10001,space_invaders,space_invaders,2,132.0,4173
3,period,1975040,10001,space_invaders,space_invaders,3,71.0,4173
3,period,1975040,10001,space_invaders,space_invaders,4,77.0,4173
3,period,1975040,10001,space_invaders,space_invaders,5,59.0,4173
3,period,1975040,10001,space_invaders,space_invaders,6,24.0,4173
3,period,1975040,10001,space_invaders,space_invaders,7,21.0,4173
3,period,1975040,10001,space_invaders,space_invaders,8,23.0,4173
3,period,1975040,10001,space_invaders,space_invaders,9,67.0,4173
3,period,1975040,10001,space_invaders,space_invaders,10,39.0,4173
3,period,1975040,10001,space_invaders,freeway,1,0.0,25000
3,period,1975040,10001,space_invaders,freeway,2,0.0,25000
3,period,1975040,10001,space_invaders,freeway,3,0.0,25000
3,period,1975040,10001,space_invaders,freeway,4,0.0,25000
3,period,1975040,10001,space_invaders,freeway,5,0.0,25000
3,period,1975040,10001,space_invaders,freeway,6,0.0,25000
3,period,1975040,10001,space_invaders,freeway,7,0.0,25000
3,period,1975040,10001,space_invaders,freeway,8,0.0,25000
3,period,1975040,10001,space_invaders,freeway,9,0.0,25000
3,period,1975040,10001,space_invaders,freeway,10,0.0,25000
4,boundary,2499840,11288,space_invaders,breakout,1,1.0,90
4,boundary,2499840,11288,space_invaders,breakout,2,0.0,90
4,boundary,2499840,11288,space_invaders,breakout,3,0.0,90
4,boundary,2499840,11288,space_invaders,breakout,4,0.0,90
4,boundary,2499840,11288,space_invaders,breakout,5,0.0,90
4,boundary,2499840,11288,space_invaders,breakout,6,0.0,90
4,boundary,2499840,11288,space_invaders,breakout,7,0.0,90
4,boundary,2499840,11288,space_invaders,breakout,8,1.0,90
4,boundary,2499840,11288,space_invaders,breakout,9,1.0,90
4,boundary,2499840,11288,space_invaders,breakout,10,0.0,90
4,boundary,2499840,11288,space_invaders,space_invaders,1,47.0,3297
4,boundary,2499840,11288,space_invaders,space_invaders,2,22.0,3297
4,boundary,2499840,11288,space_invaders,space_invaders,3,52.0,3297
4,boundary,2499840,11288,space_invaders,space_invaders,4,48.0,3297
4,boundary,2499840,11288,space_invaders,space_invaders,5,23.0,3297
4,boundary,2499840,11288,space_invaders,space_invaders,6,48.0,3297
4,boundary,2499840,11288,space_invaders,space_invaders,7,18.0,3297
4,boundary,2499840,11288,space_invaders,space_invaders,8,59.0,3297
4,boundary,2499840,11288,space_invaders,space_invaders,9,18.0,3297
4,boundary,2499840,11288,space_invaders,space_invaders,10,72.0,3297
4,boundary,2499840,11288,space_invaders,freeway,1,0.0,25000
4,boundary,2499840,11288,space_invaders,freeway,2,0.0,25000
4,boundary,2499840,11288,space_invaders,freeway,3,0.0,25000
4,boundary,2499840,11288,space_invaders,freeway,4,0.0,25000
4,boundary,2499840,11288,space_invaders,freeway,5,0.0,25000
4,boundary,2499840,11288,space_invaders,freeway,6,0.0,25000
4,boundary,2499840,11288,space_invaders,freeway,7,0.0,25000
4,boundary,2499840,11288,space_invaders,freeway,8,0.0,25000
4,boundary,2499840,11288,space_invaders,freeway,9,0.0,25000
4,boundary,2499840,11288,space_invaders,freeway,10,0.0,25000
4,period,2000128,10064,space_invaders,breakout,1,1.0,192
4,period,2000128,10064,space_invaders,breakout,2,1.0,192
4,period,2000128,10064,space_invaders,breakout,3,2.0,192
4,period,2000128,10064,space_invaders,breakout,4,2.0,192
4,period,2000128,10064,space_invaders,breakout,5,2.0,192
4,period,2000128,10064,space_invaders,breakout,6,0.0,192
4,period,2000128,10064,space_invaders,breakout,7,2.0,192
4,period,2000128,10064,space_invaders,breakout,8,0.0,192
4,period,2000128,10064,space_invaders,breakout,9,1.0,192
4,period,2000128,10064,space_invaders,breakout,10,2.0,192
4,period,2000128,10064,space_invaders,space_invaders,1,23.0,2768
4,period,2000128,10064,space_invaders,space_invaders,2,31.0,2768
4,period,2000128,10064,space_invaders,space_invaders,3,49.0,2768
4,period,2000128,10064,space_invaders,space_invaders,4,23.0,2768
4,period,2000128,10064,space_invaders,space_invaders,5,23.0,2768
4,period,2000128,10064,space_invaders,space_invaders,6,8.0,2768
4,period,2000128,10064,space_invaders,space_invaders,7,29.0,2768
4,period,2000128,10064,space_invaders,space_invaders,8,13.0,2768
4,period,2000128,10064,space_invaders,space_invaders,9,28.0,2768
4,period,2000128,10064,space_invaders,space_invaders,10,101.0,2768
4,period,2000128,10064,space_invaders,freeway,1,0.0,25000
4,period,2000128,10064,space_invaders,freeway,2,0.0,25000
4,period,2000128,10064,space_invaders,freeway,3,0.0,25000
4,period,2000128,10064,space_invaders,freeway,4,0.0,25000
4,period,2000128,10064,space_invaders,freeway,5,0.0,25000
4,period,2000128,10064,space_invaders,freeway,6,0.0,25000
4,period,2000128,10064,space_invaders,freeway,7,0.0,25000
4,period,2000128,10064,space_invaders,freeway,8,0.0,25000
4,period,2000128,10064,space_invaders,freeway,9,0.0,25000
4,period,2000128,10064,space_invaders,freeway,10,0.0,25000
4,period,2025216,10119,space_invaders,breakout,1,1.0,210
4,period,2025216,10119,space_invaders,breakout,2,0.0,210
4,period,2025216,10119,space_invaders,breakout,3,2.0,210
4,period,2025216,10119,space_invaders,breakout,4,2.0,210
4,period,2025216,10119,space_invaders,breakout,5,1.0,210
4,period,2025216,10119,space_invaders,breakout,6,2.0,210
4,period,2025216,10119,space_invaders,breakout,7,2.0,210
4,period,2025216,10119,space_invaders,breakout,8,2.0,210
4,period,2025216,10119,space_invaders,breakout,9,2.0,210
4,period,2025216,10119,space_invaders,breakout,10,1.0,210
4,period,2025216,10119,space_invaders,space_invaders,1,36.0,3374
4,period,2025216,10119,space_invaders,space_invaders,2,23.0,3374
4,period,2025216,10119,space_invaders,space_invaders,3,47.0,3374
4,period,2025216,10119,space_invaders,space_invaders,4,22.0,3374
4,period,2025216,10119,space_invaders,space_invaders,5,23.0,3374
4,period,2025216,10119,space_invaders,space_invaders,6,77.0,3374
4,period,2025216,10119,space_invaders,space_invaders,7,17.0,3374
4,period,2025216,10119,space_invaders,space_invaders,8,119.0,3374
4,period,2025216,10119,space_invaders,space_invaders,9,7.0,3374
4,period,2025216,10119,space_invaders,space_invaders,10,62.0,3374
4,period,2025216,10119,space_invaders,freeway,1,0.0,25000
4,period,2025216,10119,space_invaders,freeway,2,0.0,25000
4,period,2025216,10119,space_invaders,freeway,3,0.0,25000
4,period,2025216,10119,space_invaders,freeway,4,0.0,25000
4,period,2025216,10119,space_invaders,freeway,5,0.0,25000
4,period,2025216,10119,space_invaders,freeway,6,0.0,25000
4,period,2025216,10119,space_invaders,freeway,7,0.0,25000
4,period,2025216,10119,space_invaders,freeway,8,0.0,25000
4,period,2025216,10119,space_invaders,freeway,9,0.0,25000
4,period,2025216,10119,space_invaders,freeway,10,0.0,25000
4,period,2050048,10186,space_invaders,breakout,1,0.0,152
4,period,2050048,10186,space_invaders,breakout,2,0.0,152
4,period,2050048,10186,space_invaders,breakout,3,2.0,152
4,period,2050048,10186,space_invaders,breakout,4,0.0,152
4,period,2050048,10186,space_invaders,breakout,5,2.0,152
4,period,2050048,10186,space_invaders,breakout,6,0.0,152
4,period,2050048,10186,space_invaders,breakout,7,2.0,152
4,period,2050048,10186,space_invaders,breakout,8,1.0,152
4,period,2050048,10186,space_invaders,breakout,9,0.0,152
4,period,2050048,10186,space_invaders,breakout,10,2.0,152
4,period,2050048,10186,space_invaders,space_invaders,1,12.0,4503
4,period,2050048,10186,space_invaders,space_invaders,2,47.0,4503
4,period,2050048,10186,space_invaders,space_invaders,3,47.0,4503
4,period,2050048,10186,space_invaders,space_invaders,4,22.0,4503
4,period,2050048,10186,space_invaders,space_invaders,5,22.0,4503
4,period,2050048,10186,space_invaders,space_invaders,6,143.0,4503
4,period,2050048,10186,space_invaders,space_invaders,7,119.0,4503
4,period,2050048,10186,space_invaders,space_invaders,8,27.0,4503
4,period,2050048,10186,space_invaders,space_invaders,9,90.0,4503
4,period,2050048,10186,space_invaders,space_invaders,10,26.0,4503
4,period,2050048,10186,space_invaders,freeway,1,0.0,25000
4,period,2050048,10186,space_invaders,freeway,2,0.0,25000
4,period,2050048,10186,space_invaders,freeway,3,0.0,25000
4,period,2050048,10186,space_invaders,freeway,4,0.0,25000
4,period,2050048,10186,space_invaders,freeway,5,0.0,25000
4,period,2050048,10186,space_invaders,freeway,6,0.0,25000
4,period,2050048,10186,space_invaders,freeway,7,0.0,25000
4,period,2050048,10186,space_invaders,freeway,8,0.0,25000
4,period,2050048,10186,space_invaders,freeway,9,0.0,25000
4,period,2050048,10186,space_invaders,freeway,10,0.0,25000
4,period,2075136,10245,space_invaders,breakout,1,0.0,100
4,period,2075136,10245,space_invaders,breakout,2,2.0,100
4,period,2075136,10245,space_invaders,breakout,3,0.0,100
4,period,2075136,10245,space_invaders,breakout,4,0.0,100
4,period,2075136,10245,space_invaders,breakout,5,0.0,100
4,period,2075136,10245,space_invaders,breakout,6,2.0,100
4,period,2075136,10245,space_invaders,breakout,7,0.0,100
4,period,2075136,10245,space_invaders,breakout,8,0.0,100
4,period,2075136,10245,space_invaders,breakout,9,0.0,100
4,period,2075136,10245,space_invaders,breakout,10,0.0,100
4,period,2075136,10245,space_invaders,space_invaders,1,46.0,4063
4,period,2075136,10245,space_invaders,space_invaders,2,32.0,4063
4,period,2075136,10245,space_invaders,space_invaders,3,23.0,4063
4,period,2075136,10245,space_invaders,space_invaders,4,48.0,4063
4,period,2075136,10245,space_invaders,space_invaders,5,73.0,4063
4,period,2075136,10245,space_invaders,space_invaders,6,72.0,4063
4,period,2075136,10245,space_invaders,space_invaders,7,66.0,4063
4,period,2075136,10245,space_invaders,space_invaders,8,74.0,4063
4,period,2075136,10245,space_invaders,space_invaders,9,44.0,4063
4,period,2075136,10245,space_invaders,space_invaders,10,26.0,4063
4,period,2075136,10245,space_invaders,freeway,1,0.0,25000
4,period,2075136,10245,space_invaders,freeway,2,0.0,25000
4,period,2075136,10245,space_invaders,freeway,3,0.0,25000
4,period,2075136,10245,space_invaders,freeway,4,0.0,25000
4,period,2075136,10245,space_invaders,freeway,5,0.0,25000
4,period,2075136,10245,space_invaders,freeway,6,0.0,25000
4,period,2075136,10245,space_invaders,freeway,7,0.0,25000
4,period,2075136,10245,space_invaders,freeway,8,0.0,25000
4,period,2075136,10245,space_invaders,freeway,9,0.0,25000
4,period,2075136,10245,space_invaders,freeway,10,0.0,25000
4,period,2100224,10292,space_invaders,breakout,1,1.0,110
4,period,2100224,10292,space_invaders,breakout,2,0.0,110
4,period,2100224,10292,space_invaders,breakout,3,1.0,110
4,period,2100224,10292,space_invaders,breakout,4,0.0,110
4,period,2100224,10292,space_invaders,breakout,5,0.0,110
4,period,2100224,10292,space_invaders,breakout,6,1.0,110
4,period,2100224,10292,space_invaders,breakout,7,1.0,110
4,period,2100224,10292,space_invaders,breakout,8,1.0,110
4,period,2100224,10292,space_invaders,breakout,9,0.0,110
4,period,2100224,10292,space_invaders,breakout,10,0.0,110
4,period,2100224,10292,space_invaders,space_invaders,1,106.0,5511
4,period,2100224,10292,space_invaders,space_invaders,2,77.0,5511
4,period,2100224,10292,space_invaders,space_invaders,3,161.0,5511
4,period,2100224,10292,space_invaders,space_invaders,4,44.0,5511
4,period,2100224,10292,space_invaders,space_invaders,5,40.0,5511
4,period,2100224,10292,space_invaders,space_invaders,6,48.0,5511
4,period,2100224,10292,space_invaders,space_invaders,7,95.0,5511
4,period,2100224,10292,space_invaders,space_invaders,8,36.0,5511
4,period,2100224,10292,space_invaders,space_invaders,9,30.0,5511
4,period,2100224,10292,space_invaders,space_invaders,10,39.0,5511
4,period,2100224,10292,space_invaders,freeway,1,0.0,25000
4,period,2100224,10292,space_invaders,freeway,2,0.0,25000
4,period,2100224,10292,space_invaders,freeway,3,0.0,25000
4,period,2100224,10292,space_invaders,freeway,4,0.0,25000
4,period,2100224,10292,space_invaders,freeway,5,0.0,25000
4,period,2100224,10292,space_invaders,freeway,6,0.0,25000
4,period,2100224,10292,space_invaders,freeway,7,0.0,25000
4,period,2100224,10292,space_invaders,freeway,8,0.0,25000
4,period,2100224,10292,space_invaders,freeway,9,0.0,25000
4,period,2100224,10292,space_invaders,freeway,10,0.0,25000
4,period,2125056,10352,space_invaders,breakout,1,1.0,90
4,period,2125056,10352,space_invaders,breakout,2,0.0,90
4,period,2125056,10352,space_invaders,breakout,3,0.0,90
4,period,2125056,10352,space_invaders,breakout,4,0.0,90
4,period,2125056,10352,space_invaders,breakout,5,0.0,90
4,period,2125056,10352,space_invaders,breakout,6,1.0,90
4,period,2125056,10352,space_invaders,breakout,7,1.0,90
4,period,2125056,10352,space_invaders,breakout,8,0.0,90
4,period,2125056,10352,space_invaders,breakout,9,0.0,90
4,period,2125056,10352,space_invaders,breakout,10,0.0,90
4,period,2125056,10352,space_invaders,space_invaders,1,66.0,3800
4,period,2125056,10352,space_invaders,space_invaders,2,23.0,3800
4,period,2125056,10352,space_invaders,space_invaders,3,24.0,3800
4,period,2125056,10352,space_invaders,space_invaders,4,70.0,3800
4,period,2125056,10352,space_invaders,space_invaders,5,31.0,3800
4,period,2125056,10352,space_invaders,space_invaders,6,140.0,3800
4,period,2125056,10352,space_invaders,space_invaders,7,16.0,3800
4,period,2125056,10352,space_invaders,space_invaders,8,56.0,3800
4,period,2125056,10352,space_invaders,space_invaders,9,47.0,3800
4,period,2125056,10352,space_invaders,space_invaders,10,18.0,3800
4,period,2125056,10352,space_invaders,freeway,1,0.0,25000
4,period,2125056,10352,space_invaders,freeway,2,0.0,25000
4,period,2125056,10352,space_invaders,freeway,3,0.0,25000
4,period,2125056,10352,space_invaders,freeway,4,0.0,25000
4,period,2125056,10352,space_invaders,freeway,5,0.0,25000
4,period,2125056,10352,space_invaders,freeway,6,0.0,25000
4,period,2125056,10352,space_invaders,freeway,7,0.0,25000
4,period,2125056,10352,space_invaders,freeway,8,0.0,25000
4,period,2125056,10352,space_invaders,freeway,9,0.0,25000
4,period,2125056,10352,space_invaders,freeway,10,0.0,25000
4,period,2150144,10425,space_invaders,breakout,1,2.0,160
4,period,2150144,10425,space_invaders,breakout,2,2.0,160
4,period,2150144,10425,space_invaders,breakout,3,0.0,160
4,period,2150144,10425,space_invaders,breakout,4,2.0,160
4,period,2150144,10425,space_invaders,breakout,5,2.0,160
4,period,2150144,10425,space_invaders,breakout,6,1.0,160
4,period,2150144,10425,space_invaders,breakout,7,1.0,160
4,period,2150144,10425,space_invaders,breakout,8,0.0,160
4,period,2150144,10425,space_invaders,breakout,9,0.0,160
4,period,2150144,10425,space_invaders,breakout,10,0.0,160
4,period,2150144,10425,space_invaders,space_invaders,1,53.0,2337
4,period,2150144,10425,space_invaders,space_invaders,2,9.0,2337
4,period,2150144,10425,space_invaders,space_invaders,3,22.0,2337
4,period,2150144,10425,space_invaders,space_invaders,4,62.0,2337
4,period,2150144,10425,space_invaders,space_invaders,5,13.0,2337
4,period,2150144,10425,space_invaders,space_invaders,6,29.0,2337
4,period,2150144,10425,space_invaders,space_invaders,7,29.0,2337
4,period,2150144,10425,space_invaders,space_invaders,8,29.0,2337
4,period,2150144,10425,space_invaders,space_invaders,9,35.0,2337
4,period,2150144,10425,space_invaders,space_invaders,10,22.0,2337
4,period,2150144,10425,space_invaders,freeway,1,0.0,25000
4,period,2150144,10425,space_invaders,freeway,2,0.0,25000
4,period,2150144,10425,space_invaders,freeway,3,0.0,25000
4,period,2150144,10425,space_invaders,freeway,4,0.0,25000
4,period,2150144,10425,space_invaders,freeway,5,0.0,25000
4,period,2150144,10425,space_invaders,freeway,6,0.0,25000
4,period,2150144,10425,space_invaders,freeway,7,0.0,25000
4,period,2150144,10425,space_invaders,freeway,8,0.0,25000
4,period,2150144,10425,space_invaders,freeway,9,0.0,25000
4,period,2150144,10425,space_invaders,freeway,10,0.0,25000
4,period,2175232,10506,space_invaders,breakout,1,0.0,182
4,period,2175232,10506,space_invaders,breakout,2,2.0,182
4,period,2175232,10506,space_invaders,breakout,3,2.0,182
4,period,2175232,10506,space_invaders,breakout,4,1.0,182
4,period,2175232,10506,space_invaders,breakout,5,1.0,182
4,period,2175232,10506,space_invaders,breakout,6,2.0,182
4,period,2175232,10506,space_invaders,breakout,7,0.0,182
4,period,2175232,10506,space_invaders,breakout,8,1.0,182
4,period,2175232,10506,space_invaders,breakout,9,1.0,182
4,period,2175232,10506,space_invaders,breakout,10,2.0,182
4,period,2175232,10506,space_invaders,space_invaders,1,63.0,3326
4,period,2175232,10506,space_invaders,space_invaders,2,46.0,3326
4,period,2175232,10506,space_invaders,space_invaders,3,21.0,3326
4,period,2175232,10506,space_invaders,space_invaders,4,47.0,3326
4,period,2175232,10506,space_invaders,space_invaders,5,46.0,3326
4,period,2175232,10506,space_invaders,space_invaders,6,23.0,3326
4,period,2175232,10506,space_invaders,space_invaders,7,23.0,3326
4,period,2175232,10506,space_invaders,space_invaders,8,94.0,3326
4,period,2175232,10506,space_invaders,space_invaders,9,20.0,3326
4,period,2175232,10506,space_invaders,space_invaders,10,22.0,3326
4,period,2175232,10506,space_invaders,freeway,1,0.0,25000
4,period,2175232,10506,space_invaders,freeway,2,0.0,25000
4,period,2175232,10506,space_invaders,freeway,3,0.0,25000
4,period,2175232,10506,space_invaders,freeway,4,0.0,25000
4,period,2175232,10506,space_invaders,freeway,5,0.0,25000
4,period,2175232,10506,space_invaders,freeway,6,0.0,25000
4,period,2175232,10506,space_invaders,freeway,7,0.0,25000
4,period,2175232,10506,space_invaders,freeway,8,0.0,25000
4,period,2175232,10506,space_invaders,freeway,9,0.0,25000
4,period,2175232,10506,space_invaders,freeway,10,0.0,25000
4,period,2200064,10566,space_invaders,breakout,1,1.0,120
4,period,2200064,10566,space_invaders,breakout,2,0.0,120
4,period,2200064,10566,space_invaders,breakout,3,0.0,120
4,period,2200064,10566,space_invaders,breakout,4,0.0,120
4,period,2200064,10566,space_invaders,breakout,5,1.0,120
4,period,2200064,10566,space_invaders,breakout,6,0.0,120
4,period,2200064,10566,space_invaders,breakout,7,0.0,120
4,period,2200064,10566,space_invaders,breakout,8,0.0,120
4,period,2200064,10566,space_invaders,breakout,9,2.0,120
4,period,2200064,10566,space_invaders,breakout,10,2.0,120
4,period,2200064,10566,space_invaders,space_invaders,1,145.0,4614
4,period,2200064,10566,space_invaders,space_invaders,2,70.0,4614
4,period,2200064,10566,space_invaders,space_invaders,3,80.0,4614
4,period,2200064,10566,space_invaders,space_invaders,4,111.0,4614
4,period,2200064,10566,space_invaders,space_invaders,5,14.0,4614
4,period,2200064,10566,space_invaders,space_invaders,6,55.0,4614
4,period,2200064,10566,space_invaders,space_invaders,7,44.0,4614
4,period,2200064,10566,space_invaders,space_invaders,8,47.0,4614
4,period,2200064,10566,space_invaders,space_invaders,9,17.0,4614
4,period,2200064,10566,space_invaders,space_invaders,10,15.0,4614
4,period,2200064,10566,space_invaders,freeway,1,0.0,25000
4,period,2200064,10566,space_invaders,freeway,2,0.0,25000
4,period,2200064,10566,space_invaders,freeway,3,0.0,25000
4,period,2200064,10566,space_invaders,freeway,4,0.0,25000
4,period,2200064,10566,space_invaders,freeway,5,0.0,25000
4,period,2200064,10566,space_invaders,freeway,6,0.0,25000
4,period,2200064,10566,space_invaders,freeway,7,0.0,25000
4,period,2200064,10566,space_invaders,freeway,8,0.0,25000
4,period,2200064,10566,space_invaders,freeway,9,0.0,25000
4,period,2200064,10566,space_invaders,freeway,10,0.0,25000
4,period,2225152,10624,space_invaders,breakout,1,1.0,192
4,period,2225152,10624,space_invaders,breakout,2,2.0,192
4,period,2225152,10624,space_invaders,breakout,3,1.0,192
4,period,2225152,10624,space_invaders,breakout,4,0.0,192
4,period,2225152,10624,space_invaders,breakout,5,2.0,192
4,period,2225152,10624,space_invaders,breakout,6,1.0,192
4,period,2225152,10624,space_invaders,breakout,7,2.0,192
4,period,2225152,10624,space_invaders,breakout,8,0.0,192
4,period,2225152,10624,space_invaders,breakout,9,2.0,192
4,period,2225152,10624,space_invaders,breakout,10,2.0,192
4,period,2225152,10624,space_invaders,space_invaders,1,31.0,4314
4,period,2225152,10624,space_invaders,space_invaders,2,41.0,4314
4,period,2225152,10624,space_invaders,space_invaders,3,48.0,4314
4,period,2225152,10624,space_invaders,space_invaders,4,14.0,4314
4,period,2225152,10624,space_invaders,space_invaders,5,64.0,4314
4,period,2225152,10624,space_invaders,space_invaders,6,70.0,4314
4,period,2225152,10624,space_invaders,space_invaders,7,7.0,4314
4,period,2225152,10624,space_invaders,space_invaders,8,23.0,4314
4,period,2225152,10624,space_invaders,space_invaders,9,71.0,4314
4,period,2225152,10624,space_invaders,space_invaders,10,167.0,4314
4,period,2225152,10624,space_invaders,freeway,1,0.0,25000
4,period,2225152,10624,space_invaders,freeway,2,0.0,25000
4,period,2225152,10624,space_invaders,freeway,3,0.0,25000
4,period,2225152,10624,space_invaders,freeway,4,0.0,25000
4,period,2225152,10624,space_invaders,freeway,5,0.0,25000
4,period,2225152,10624,space_invaders,freeway,6,0.0,25000
4,period,2225152,10624,space_invaders,freeway,7,0.0,25000
4,period,2225152,10624,space_invaders,freeway,8,0.0,25000
4,period,2225152,10624,space_invaders,freeway,9,0.0,25000
4,period,2225152,10624,space_invaders,freeway,10,0.0,25000
4,period,2250240,10683,space_invaders,breakout,1,2.0,160
4,period,2250240,10683,space_invaders,breakout,2,0.0,160
4,period,2250240,10683,space_invaders,breakout,3,0.0,160
4,period,2250240,10683,space_invaders,breakout,4,1.0,160
4,period,2250240,10683,space_invaders,breakout,5,2.0,160
4,period,2250240,10683,space_invaders,breakout,6,1.0,160
4,period,2250240,10683,space_invaders,breakout,7,1.0,160
4,period,2250240,10683,space_invaders,breakout,8,1.0,160
4,period,2250240,10683,space_invaders,breakout,9,1.0,160
4,period,2250240,10683,space_invaders,breakout,10,1.0,160
4,period,2250240,10683,space_invaders,space_invaders,1,7.0,4934
4,period,2250240,10683,space_invaders,space_invaders,2,23.0,4934
4,period,2250240,10683,space_invaders,space_invaders,3,45.0,4934
4,period,2250240,10683,space_invaders,space_invaders,4,94.0,4934
4,period,2250240,10683,space_invaders,space_invaders,5,118.0,4934
4,period,2250240,10683,space_invaders,space_invaders,6,161.0,4934
4,period,2250240,10683,space_invaders,space_invaders,7,5.0,4934
4,period,2250240,10683,space_invaders,space_invaders,8,71.0,4934
4,period,2250240,10683,space_invaders,space_invaders,9,84.0,4934
4,period,2250240,10683,space_invaders,space_invaders,10,37.0,4934
4,period,2250240,10683,space_invaders,freeway,1,0.0,25000
4,period,2250240,10683,space_invaders,freeway,2,0.0,25000
4,period,2250240,10683,space_invaders,freeway,3,0.0,25000
4,period,2250240,10683,space_invaders,freeway,4,0.0,25000
4,period,2250240,10683,space_invaders,freeway,5,0.0,25000
4,period,2250240,10683,space_invaders,freeway,6,0.0,25000
4,period,2250240,10683,space_invaders,freeway,7,0.0,25000
4,period,2250240,10683,space_invaders,freeway,8,0.0,25000
4,period,2250240,10683,space_invaders,freeway,9,0.0,25000
4,period,2250240,10683,space_invaders,freeway,10,0.0,25000
4,period,2275072,10739,space_invaders,breakout,1,1.0,192
4,period,2275072,10739,space_invaders,breakout,2,0.0,192
4,period,2275072,10739,space_invaders,breakout,3,1.0,192
4,period,2275072,10739,space_invaders,breakout,4,2.0,192
4,period,2275072,10739,space_invaders,breakout,5,2.0,192
4,period,2275072,10739,space_invaders,breakout,6,2.0,192
4,period,2275072,10739,space_invaders,breakout,7,1.0,192
4,period,2275072,10739,space_invaders,breakout,8,0.0,192
4,period,2275072,10739,space_invaders,breakout,9,2.0,192
4,period,2275072,10739,space_invaders,breakout,10,2.0,192
4,period,2275072,10739,space_invaders,space_invaders,1,76.0,2908
4,period,2275072,10739,space_invaders,space_invaders,2,61.0,2908
4,period,2275072,10739,space_invaders,space_invaders,3,31.0,2908
4,period,2275072,10739,space_invaders,space_invaders,4,32.0,2908
4,period,2275072,10739,space_invaders,space_invaders,5,33.0,2908
4,period,2275072,10739,space_invaders,space_invaders,6,11.0,2908
4,period,2275072,10739,space_invaders,space_invaders,7,29.0,2908
4,period,2275072,10739,space_invaders,space_invaders,8,50.0,2908
4,period,2275072,10739,space_invaders,space_invaders,9,69.0,2908
4,period,2275072,10739,space_invaders,space_invaders,10,13.0,2908
4,period,2275072,10739,space_invaders,freeway,1,0.0,25000
4,period,2275072,10739,space_invaders,freeway,2,0.0,25000
4,period,2275072,10739,space_invaders,freeway,3,0.0,25000
4,period,2275072,10739,space_invaders,freeway,4,0.0,25000
4,period,2275072,10739,space_invaders,freeway,5,0.0,25000
4,period,2275072,10739,space_invaders,freeway,6,0.0,25000
4,period,2275072,10739,space_invaders,freeway,7,0.0,25000
4,period,2275072,10739,space_invaders,freeway,8,0.0,25000
4,period,2275072,10739,space_invaders,freeway,9,0.0,25000
4,period,2275072,10739,space_invaders,freeway,10,0.0,25000
4,period,2300160,10802,space_invaders,breakout,1,2.0,204
4,period,2300160,10802,space_invaders,breakout,2,1.0,204
4,period,2300160,10802,space_invaders,breakout,3,0.0,204
4,period,2300160,10802,space_invaders,breakout,4,2.0,204
4,period,2300160,10802,space_invaders,breakout,5,1.0,204
4,period,2300160,10802,space_invaders,breakout,6,2.0,204
4,period,2300160,10802,space_invaders,breakout,7,2.0,204
4,period,2300160,10802,space_invaders,breakout,8,2.0,204
4,period,2300160,10802,space_invaders,breakout,9,0.0,204
4,period,2300160,10802,space_invaders,breakout,10,2.0,204
4,period,2300160,10802,space_invaders,space_invaders,1,23.0,5033
4,period,2300160,10802,space_invaders,space_invaders,2,33.0,5033
4,period,2300160,10802,space_invaders,space_invaders,3,71.0,5033
4,period,2300160,10802,space_invaders,space_invaders,4,62.0,5033
4,period,2300160,10802,space_invaders,space_invaders,5,191.0,5033
4,period,2300160,10802,space_invaders,space_invaders,6,23.0,5033
4,period,2300160,10802,space_invaders,space_invaders,7,86.0,5033
4,period,2300160,10802,space_invaders,space_invaders,8,46.0,5033
4,period,2300160,10802,space_invaders,space_invaders,9,46.0,5033
4,period,2300160,10802,space_invaders,space_invaders,10,21.0,5033
4,period,2300160,10802,space_invaders,freeway,1,0.0,25000
4,period,2300160,10802,space_invaders,freeway,2,0.0,25000
4,period,2300160,10802,space_invaders,freeway,3,0.0,25000
4,period,2300160,10802,space_invaders,freeway,4,0.0,25000
4,period,2300160,10802,space_invaders,freeway,5,0.0,25000
4,period,2300160,10802,space_invaders,freeway,6,0.0,25000
4,period,2300160,10802,space_invaders,freeway,7,0.0,25000
4,period,2300160,10802,space_invaders,freeway,8,0.0,25000
4,period,2300160,10802,space_invaders,freeway,9,0.0,25000
4,period,2300160,10802,space_invaders,freeway,10,0.0,25000
4,period,2325248,10858,space_invaders,breakout,1,1.0,130
4,period,2325248,10858,space_invaders,breakout,2,2.0,130
4,period,2325248,10858,space_invaders,breakout,3,1.0,130
4,period,2325248,10858,space_invaders,breakout,4,1.0,130
4,period,2325248,10858,space_invaders,breakout,5,1.0,130
4,period,2325248,10858,space_invaders,breakout,6,0.0,130
4,period,2325248,10858,space_invaders,breakout,7,0.0,130
4,period,2325248,10858,space_invaders,breakout,8,1.0,130
4,period,2325248,10858,space_invaders,breakout,9,0.0,130
4,period,2325248,10858,space_invaders,breakout,10,0.0,130
4,period,2325248,10858,space_invaders,space_invaders,1,37.0,3810
4,period,2325248,10858,space_invaders,space_invaders,2,95.0,3810
4,period,2325248,10858,space_invaders,space_invaders,3,106.0,3810
4,period,2325248,10858,space_invaders,space_invaders,4,32.0,3810
4,period,2325248,10858,space_invaders,space_invaders,5,6.0,3810
4,period,2325248,10858,space_invaders,space_invaders,6,47.0,3810
4,period,2325248,10858,space_invaders,space_invaders,7,42.0,3810
4,period,2325248,10858,space_invaders,space_invaders,8,23.0,3810
4,period,2325248,10858,space_invaders,space_invaders,9,40.0,3810
4,period,2325248,10858,space_invaders,space_invaders,10,45.0,3810
4,period,2325248,10858,space_invaders,freeway,1,0.0,25000
4,period,2325248,10858,space_invaders,freeway,2,0.0,25000
4,period,2325248,10858,space_invaders,freeway,3,0.0,25000
4,period,2325248,10858,space_invaders,freeway,4,0.0,25000
4,period,2325248,10858,space_invaders,freeway,5,0.0,25000
4,period,2325248,10858,space_invaders,freeway,6,0.0,25000
4,period,2325248,10858,space_invaders,freeway,7,0.0,25000
4,period,2325248,10858,space_invaders,freeway,8,0.0,25000
4,period,2325248,10858,space_invaders,freeway,9,0.0,25000
4,period,2325248,10858,space_invaders,freeway,10,0.0,25000
4,period,2350080,10920,space_invaders,breakout,1,1.0,130
4,period,2350080,10920,space_invaders,breakout,2,0.0,130
4,period,2350080,10920,space_invaders,breakout,3,2.0,130
4,period,2350080,10920,space_invaders,breakout,4,0.0,130
4,period,2350080,10920,space_invaders,breakout,5,1.0,130
4,period,2350080,10920,space_invaders,breakout,6,2.0,130
4,period,2350080,10920,space_invaders,breakout,7,0.0,130
4,period,2350080,10920,space_invaders,breakout,8,0.0,130
4,period,2350080,10920,space_invaders,breakout,9,0.0,130
4,period,2350080,10920,space_invaders,breakout,10,1.0,130
4,period,2350080,10920,space_invaders,space_invaders,1,257.0,8600
4,period,2350080,10920,space_invaders,space_invaders,2,46.0,8600
4,period,2350080,10920,space_invaders,space_invaders,3,137.0,8600
4,period,2350080,10920,space_invaders,space_invaders,4,137.0,8600
4,period,2350080,10920,space_invaders,space_invaders,5,119.0,8600
4,period,2350080,10920,space_invaders,space_invaders,6,70.0,8600
4,period,2350080,10920,space_invaders,space_invaders,7,24.0,8600
4,period,2350080,10920,space_invaders,space_invaders,8,41.0,8600
4,period,2350080,10920,space_invaders,space_invaders,9,204.0,8600
4,period,2350080,10920,space_invaders,space_invaders,10,95.0,8600
4,period,2350080,10920,space_invaders,freeway,1,0.0,25000
4,period,2350080,10920,space_invaders,freeway,2,0.0,25000
4,period,2350080,10920,space_invaders,freeway,3,0.0,25000
4,period,2350080,10920,space_invaders,freeway,4,0.0,25000
4,period,2350080,10920,space_invaders,freeway,5,0.0,25000
4,period,2350080,10920,space_invaders,freeway,6,0.0,25000
4,period,2350080,10920,space_invaders,freeway,7,0.0,25000
4,period,2350080,10920,space_invaders,freeway,8,0.0,25000
4,period,2350080,10920,space_invaders,freeway,9,0.0,25000
4,period,2350080,10920,space_invaders,freeway,10,0.0,25000
4,period,2375168,10980,space_invaders,breakout,1,0.0,120
4,period,2375168,10980,space_invaders,breakout,2,0.0,120
4,period,2375168,10980,space_invaders,breakout,3,0.0,120
4,period,2375168,10980,space_invaders,breakout,4,0.0,120
4,period,2375168,10980,space_invaders,breakout,5,1.0,120
4,period,2375168,10980,space_invaders,breakout,6,2.0,120
4,period,2375168,10980,space_invaders,breakout,7,1.0,120
4,period,2375168,10980,space_invaders,breakout,8,0.0,120
4,period,2375168,10980,space_invaders,breakout,9,0.0,120
4,period,2375168,10980,space_invaders,breakout,10,2.0,120
4,period,2375168,10980,space_invaders,space_invaders,1,167.0,6920
4,period,2375168,10980,space_invaders,space_invaders,2,71.0,6920
4,period,2375168,10980,space_invaders,space_invaders,3,8.0,6920
4,period,2375168,10980,space_invaders,space_invaders,4,166.0,6920
4,period,2375168,10980,space_invaders,space_invaders,5,23.0,6920
4,period,2375168,10980,space_invaders,space_invaders,6,66.0,6920
4,period,2375168,10980,space_invaders,space_invaders,7,7.0,6920
4,period,2375168,10980,space_invaders,space_invaders,8,166.0,6920
4,period,2375168,10980,space_invaders,space_invaders,9,108.0,6920
4,period,2375168,10980,space_invaders,space_invaders,10,72.0,6920
4,period,2375168,10980,space_invaders,freeway,1,0.0,25000
4,period,2375168,10980,space_invaders,freeway,2,0.0,25000
4,period,2375168,10980,space_invaders,freeway,3,0.0,25000
4,period,2375168,10980,space_invaders,freeway,4,0.0,25000
4,period,2375168,10980,space_invaders,freeway,5,0.0,25000
4,period,2375168,10980,space_invaders,freeway,6,0.0,25000
4,period,2375168,10980,space_invaders,freeway,7,0.0,25000
4,period,2375168,10980,space_invaders,freeway,8,0.0,25000
4,period,2375168,10980,space_invaders,freeway,9,0.0,25000
4,period,2375168,10980,space_invaders,freeway,10,0.0,25000
4,period,2400000,11039,space_invaders,breakout,1,0.0,120
4,period,2400000,11039,space_invaders,breakout,2,2.0,120
4,period,2400000,11039,space_invaders,breakout,3,0.0,120
4,period,2400000,11039,space_invaders,breakout,4,1.0,120
4,period,2400000,11039,space_invaders,breakout,5,0.0,120
4,period,2400000,11039,space_invaders,breakout,6,1.0,120
4,period,2400000,11039,space_invaders,breakout,7,0.0,120
4,period,2400000,11039,space_invaders,breakout,8,1.0,120
4,period,2400000,11039,space_invaders,breakout,9,1.0,120
4,period,2400000,11039,space_invaders,breakout,10,0.0,120
4,period,2400000,11039,space_invaders,space_invaders,1,46.0,5808
4,period,2400000,11039,space_invaders,space_invaders,2,43.0,5808
4,period,2400000,11039,space_invaders,space_invaders,3,32.0,5808
4,period,2400000,11039,space_invaders,space_invaders,4,23.0,5808
4,period,2400000,11039,space_invaders,space_invaders,5,22.0,5808
4,period,2400000,11039,space_invaders,space_invaders,6,119.0,5808
4,period,2400000,11039,space_invaders,space_invaders,7,112.0,5808
4,period,2400000,11039,space_invaders,space_invaders,8,158.0,5808
4,period,2400000,11039,space_invaders,space_invaders,9,119.0,5808
4,period,2400000,11039,space_invaders,space_invaders,10,62.0,5808
4,period,2400000,11039,space_invaders,freeway,1,0.0,25000
4,period,2400000,11039,space_invaders,freeway,2,0.0,25000
4,period,2400000,11039,space_invaders,freeway,3,0.0,25000
4,period,2400000,11039,space_invaders,freeway,4,0.0,25000
4,period,2400000,11039,space_invaders,freeway,5,0.0,25000
4,period,2400000,11039,space_invaders,freeway,6,0.0,25000
4,period,2400000,11039,space_invaders,freeway,7,0.0,25000
4,period,2400000,11039,space_invaders,freeway,8,0.0,25000
4,period,2400000,11039,space_invaders,freeway,9,0.0,25000
4,period,2400000,11039,space_invaders,freeway,10,0.0,25000
4,period,2425088,11103,space_invaders,breakout,1,0.0,130
4,period,2425088,11103,space_invaders,breakout,2,0.0,130
4,period,2425088,11103,space_invaders,breakout,3,0.0,130
4,period,2425088,11103,space_invaders,breakout,4,0.0,130
4,period,2425088,11103,space_invaders,breakout,5,1.0,130
4,period,2425088,11103,space_invaders,breakout,6,2.0,130
4,period,2425088,11103,space_invaders,breakout,7,0.0,130
4,period,2425088,11103,space_invaders,breakout,8,1.0,130
4,period,2425088,11103,space_invaders,breakout,9,2.0,130
4,period,2425088,11103,space_invaders,breakout,10,1.0,130
4,period,2425088,11103,space_invaders,space_invaders,1,7.0,3054
4,period,2425088,11103,space_invaders,space_invaders,2,23.0,3054
4,period,2425088,11103,space_invaders,space_invaders,3,47.0,3054
4,period,2425088,11103,space_invaders,space_invaders,4,32.0,3054
4,period,2425088,11103,space_invaders,space_invaders,5,46.0,3054
4,period,2425088,11103,space_invaders,space_invaders,6,77.0,3054
4,period,2425088,11103,space_invaders,space_invaders,7,61.0,3054
4,period,2425088,11103,space_invaders,space_invaders,8,42.0,3054
4,period,2425088,11103,space_invaders,space_invaders,9,46.0,3054
4,period,2425088,11103,space_invaders,space_invaders,10,23.0,3054
4,period,2425088,11103,space_invaders,freeway,1,0.0,25000
4,period,2425088,11103,space_invaders,freeway,2,0.0,25000
4,period,2425088,11103,space_invaders,freeway,3,0.0,25000
4,period,2425088,11103,space_invaders,freeway,4,0.0,25000
4,period,2425088,11103,space_invaders,freeway,5,0.0,25000
4,period,2425088,11103,space_invaders,freeway,6,0.0,25000
4,period,2425088,11103,space_invaders,freeway,7,0.0,25000
4,period,2425088,11103,space_invaders,freeway,8,0.0,25000
4,period,2425088,11103,space_invaders,freeway,9,0.0,25000
4,period,2425088,11103,space_invaders,freeway,10,0.0,25000
4,period,2450176,11168,space_invaders,breakout,1,1.0,150
4,period,2450176,11168,space_invaders,breakout,2,0.0,150
4,period,2450176,11168,space_invaders,breakout,3,0.0,150
4,period,2450176,11168,space_invaders,breakout,4,1.0,150
4,period,2450176,11168,space_invaders,breakout,5,1.0,150
4,period,2450176,11168,space_invaders,breakout,6,1.0,150
4,period,2450176,11168,space_invaders,breakout,7,1.0,150
4,period,2450176,11168,space_invaders,breakout,8,1.0,150
4,period,2450176,11168,space_invaders,breakout,9,1.0,150
4,period,2450176,11168,space_invaders,breakout,10,2.0,150
4,period,2450176,11168,space_invaders,space_invaders,1,32.0,5155
4,period,2450176,11168,space_invaders,space_invaders,2,118.0,5155
4,period,2450176,11168,space_invaders,space_invaders,3,71.0,5155
4,period,2450176,11168,space_invaders,space_invaders,4,47.0,5155
4,period,2450176,11168,space_invaders,space_invaders,5,33.0,5155
4,period,2450176,11168,space_invaders,space_invaders,6,109.0,5155
4,period,2450176,11168,space_invaders,space_invaders,7,22.0,5155
4,period,2450176,11168,space_invaders,space_invaders,8,110.0,5155
4,period,2450176,11168,space_invaders,space_invaders,9,35.0,5155
4,period,2450176,11168,space_invaders,space_invaders,10,94.0,5155
4,period,2450176,11168,space_invaders,freeway,1,0.0,25000
4,period,2450176,11168,space_invaders,freeway,2,0.0,25000
4,period,2450176,11168,space_invaders,freeway,3,0.0,25000
4,period,2450176,11168,space_invaders,freeway,4,0.0,25000
4,period,2450176,11168,space_invaders,freeway,5,0.0,25000
4,period,2450176,11168,space_invaders,freeway,6,0.0,25000
4,period,2450176,11168,space_invaders,freeway,7,0.0,25000
4,period,2450176,11168,space_invaders,freeway,8,0.0,25000
4,period,2450176,11168,space_invaders,freeway,9,0.0,25000
4,period,2450176,11168,space_invaders,freeway,10,0.0,25000
4,period,2475008,11234,space_invaders,breakout,1,0.0,130
4,period,2475008,11234,space_invaders,breakout,2,0.0,130
4,period,2475008,11234,space_invaders,breakout,3,0.0,130
4,period,2475008,11234,space_invaders,breakout,4,1.0,130
4,period,2475008,11234,space_invaders,breakout,5,0.0,130
4,period,2475008,11234,space_invaders,breakout,6,2.0,130
4,period,2475008,11234,space_invaders,breakout,7,2.0,130
4,period,2475008,11234,space_invaders,breakout,8,0.0,130
4,period,2475008,11234,space_invaders,breakout,9,1.0,130
4,period,2475008,11234,space_invaders,breakout,10,1.0,130
4,period,2475008,11234,space_invaders,space_invaders,1,69.0,4289
4,period,2475008,11234,space_invaders,space_invaders,2,35.0,4289
4,period,2475008,11234,space_invaders,space_invaders,3,119.0,4289
4,period,2475008,11234,space_invaders,space_invaders,4,62.0,4289
4,period,2475008,11234,space_invaders,space_invaders,5,85.0,4289
4,period,2475008,11234,space_invaders,space_invaders,6,23.0,4289
4,period,2475008,11234,space_invaders,space_invaders,7,70.0,4289
4,period,2475008,11234,space_invaders,space_invaders,8,21.0,4289
4,period,2475008,11234,space_invaders,space_invaders,9,31.0,4289
4,period,2475008,11234,space_invaders,space_invaders,10,31.0,4289
4,period,2475008,11234,space_invaders,freeway,1,0.0,25000
4,period,2475008,11234,space_invaders,freeway,2,0.0,25000
4,period,2475008,11234,space_invaders,freeway,3,0.0,25000
4,period,2475008,11234,space_invaders,freeway,4,0.0,25000
4,period,2475008,11234,space_invaders,freeway,5,0.0,25000
4,period,2475008,11234,space_invaders,freeway,6,0.0,25000
4,period,2475008,11234,space_invaders,freeway,7,0.0,25000
4,period,2475008,11234,space_invaders,freeway,8,0.0,25000
4,period,2475008,11234,space_invaders,freeway,9,0.0,25000
4,period,2475008,11234,space_invaders,freeway,10,0.0,25000
