block,env_steps,actor_dormant_percent,actor_stable_rank,actor_stable_rank_percent,actor_weight_magnitude_0,actor_weight_magnitude_1,actor_weight_magnitude_2,critic_dormant_percent,critic_stable_rank,critic_stable_rank_percent,critic_weight_magnitude_0,critic_weight_magnitude_1,critic_weight_magnitude_2
0,1000,14.84375,,,0.015841681510210037,0.03116796165704727,0.03176769241690636,13.8671875,,,0.015804369002580643,0.03125755488872528,0.030788136646151543
0,2000,10.546875,,,0.015843693166971207,0.03117193654179573,0.03177115321159363,9.375,,,0.015808582305908203,0.03126921132206917,0.030855264514684677
0,3000,10.15625,,,0.01584601402282715,0.0311769749969244,0.031782366335392,10.9375,,,0.015815667808055878,0.031290650367736816,0.030999690294265747
0,4000,12.6953125,,,0.015848591923713684,0.031183989718556404,0.031804099678993225,17.578125,,,0.01582479104399681,0.03131810203194618,0.03121792897582054
0,5000,13.28125,,,0.015851356089115143,0.031192023307085037,0.03183950483798981,21.875,,,0.015836404636502266,0.031351134181022644,0.03153334558010101
0,6000,14.6484375,,,0.015854310244321823,0.031200874596834183,0.031876955181360245,23.2421875,,,0.015850991010665894,0.031393200159072876,0.031960319727659225
0,7000,14.2578125,,,0.015857107937335968,0.031208578497171402,0.031905800104141235,27.9296875,,,0.015865672379732132,0.031438425183296204,0.03239906579256058
0,8000,14.6484375,,,0.015860341489315033,0.031216301023960114,0.03193251043558121,30.078125,,,0.01588030532002449,0.031486473977565765,0.032857902348041534
0,9000,13.671875,,,0.015863485634326935,0.031223345547914505,0.03195762261748314,30.2734375,,,0.015894195064902306,0.03153010830283165,0.033252015709877014
0,10000,15.8203125,165,64.453125,0.015866339206695557,0.031230445951223373,0.031979046761989594,31.0546875,86,33.59375,0.015906425192952156,0.03156924247741699,0.03360208496451378
0,11000,16.6015625,,,0.01586904190480709,0.031237509101629257,0.03201013058423996,31.640625,,,0.015912052243947983,0.031576935201883316,0.0336369052529335
0,12000,14.2578125,,,0.015873661264777184,0.03124925121665001,0.032063666731119156,29.296875,,,0.015917139127850533,0.03157785162329674,0.03360389173030853
0,13000,13.671875,,,0.015877706930041313,0.03125864639878273,0.032103002071380615,25.1953125,,,0.015918681398034096,0.03155910223722458,0.03337539732456207
0,14000,21.484375,,,0.015882784500718117,0.031272247433662415,0.03216893598437309,33.3984375,,,0.015921078622341156,0.031538330018520355,0.033113084733486176
0,15000,17.3828125,,,0.01588834635913372,0.031288616359233856,0.03223908320069313,28.125,,,0.015925416722893715,0.03152216970920563,0.032876938581466675
0,16000,14.453125,,,0.015893805772066116,0.03130393475294113,0.03230550140142441,22.65625,,,0.015931012108922005,0.03150709718465805,0.032663725316524506
0,17000,21.6796875,,,0.015899725258350372,0.031318485736846924,0.032368000596761703,33.3984375,,,0.01593773066997528,0.03149968385696411,0.032548919320106506
0,18000,22.265625,,,0.01590711995959282,0.03133916109800339,0.0324532613158226,34.9609375,,,0.01594609022140503,0.03150221332907677,0.03255503997206688
0,19000,21.484375,,,0.015914658084511757,0.031360723078250885,0.03253483772277832,33.984375,,,0.015957606956362724,0.03152095898985863,0.03273767977952957
0,20000,17.578125,142,55.46875,0.01592196524143219,0.03138219565153122,0.032619502395391464,29.6875,92,35.9375,0.015973122790455818,0.03155645355582237,0.033079758286476135
0,21000,16.015625,,,0.015927178785204887,0.031395770609378815,0.03267041593790054,27.9296875,,,0.015989940613508224,0.03159468621015549,0.033426038920879364
0,22000,13.4765625,,,0.015930382534861565,0.031403809785842896,0.032706260681152344,24.0234375,,,0.016000203788280487,0.03161655738949776,0.033614955842494965
0,23000,12.3046875,,,0.01593536138534546,0.031414277851581573,0.032749902456998825,19.53125,,,0.01601201295852661,0.03163524717092514,0.0337720587849617
0,24000,14.453125,,,0.015940789133310318,0.0314275398850441,0.03278711065649986,18.5546875,,,0.016021249815821648,0.031639449298381805,0.03378348797559738
0,25000,21.484375,,,0.01594439521431923,0.03143394738435745,0.03281246870756149,32.2265625,,,0.016027111560106277,0.031636275351047516,0.033734388649463654
0,26000,20.3125,,,0.0159482192248106,0.03144020587205887,0.03283551335334778,30.859375,,,0.01603238843381405,0.031626369804143906,0.033611051738262177
0,27000,24.8046875,,,0.01595115102827549,0.031443625688552856,0.032844629138708115,33.984375,,,0.01603597216308117,0.031605836004018784,0.033388055860996246
0,28000,21.875,,,0.015955254435539246,0.03145143389701843,0.032865263521671295,33.203125,,,0.016041794791817665,0.031592175364494324,0.03323449194431305
0,29000,21.6796875,,,0.015960969030857086,0.03146692365407944,0.032919228076934814,32.03125,,,0.01604573056101799,0.031574077904224396,0.0330452099442482
0,30000,23.2421875,125,48.828125,0.015966130420565605,0.031481653451919556,0.032973628491163254,32.2265625,85,33.203125,0.01605246216058731,0.031575385481119156,0.03304367512464523
0,31000,18.5546875,,,0.01597137562930584,0.03149506449699402,0.03301463648676872,27.9296875,,,0.016062404960393906,0.031593963503837585,0.033200230449438095
0,32000,25.390625,,,0.015976520255208015,0.031510695815086365,0.03306093439459801,33.7890625,,,0.016068996861577034,0.03160592168569565,0.03329716622829437
0,33000,20.703125,,,0.01598260924220085,0.03152988851070404,0.03311964496970177,30.6640625,,,0.016079118475317955,0.03162787854671478,0.03348546102643013
0,34000,18.1640625,,,0.015988094732165337,0.03154478222131729,0.03316052258014679,29.1015625,,,0.01609121635556221,0.03165280818939209,0.033698633313179016
0,35000,20.8984375,,,0.015993868932127953,0.03155948221683502,0.03321012109518051,30.46875,,,0.016099797561764717,0.03166811168193817,0.033834606409072876
0,36000,18.359375,,,0.015999354422092438,0.031574275344610214,0.03325844183564186,29.1015625,,,0.016102947294712067,0.03165709227323532,0.03373003378510475
0,37000,23.2421875,,,0.016003498807549477,0.03158456087112427,0.03329363837838173,30.6640625,,,0.01610477827489376,0.0316372849047184,0.03354664891958237
0,38000,27.34375,,,0.016009006649255753,0.03160073608160019,0.03334876894950867,34.9609375,,,0.01610824279487133,0.03161967173218727,0.03337738290429115
0,39000,24.609375,,,0.01601412706077099,0.031615130603313446,0.03339415416121483,31.8359375,,,0.016115250065922737,0.031618498265743256,0.03335234150290489
0,40000,25.390625,114,44.53125,0.016018463298678398,0.03162696957588196,0.033438194543123245,31.640625,85,33.203125,0.016123544424772263,0.031626295298337936,0.033424004912376404
0,41000,23.2421875,,,0.016024908050894737,0.0316464826464653,0.033512335270643234,30.859375,,,0.016132714226841927,0.03163047134876251,0.03345009684562683
0,42000,21.6796875,,,0.01603405736386776,0.03167768567800522,0.0336398147046566,29.1015625,,,0.016145650297403336,0.031647175550460815,0.03357284516096115
0,43000,23.828125,,,0.016040267422795296,0.031696949154138565,0.033713940531015396,31.4453125,,,0.01615297421813011,0.03164892643690109,0.03356923162937164
0,44000,22.8515625,,,0.016048653051257133,0.03172272443771362,0.03380875289440155,31.25,,,0.016162829473614693,0.03164917975664139,0.03354518488049507
0,45000,21.6796875,,,0.016057511791586876,0.03174625709652901,0.03390328958630562,30.859375,,,0.01617511361837387,0.031662069261074066,0.03362317755818367
0,46000,20.1171875,,,0.016065971925854683,0.031765639781951904,0.03396911919116974,27.9296875,,,0.016187287867069244,0.03167207911610603,0.03367333114147186
0,47000,13.671875,,,0.016072914004325867,0.03177750110626221,0.033987969160079956,18.75,,,0.016200706362724304,0.031689416617155075,0.03376295417547226
0,48000,14.0625,,,0.016078133136034012,0.031781092286109924,0.03398169204592705,17.3828125,,,0.016213389113545418,0.03170844167470932,0.03383821249008179
0,49000,22.0703125,,,0.01608528569340706,0.03178497403860092,0.03397339582443237,31.4453125,,,0.01622295193374157,0.03171549737453461,0.033841680735349655
0,50000,18.75,132,51.5625,0.016092168167233467,0.03178837522864342,0.033974818885326385,27.34375,93,36.328125,0.016234343871474266,0.03172924369573593,0.03389016538858414
0,51000,14.6484375,,,0.016100376844406128,0.03179734945297241,0.033991213887929916,17.96875,,,0.016241753473877907,0.0317440889775753,0.033984772861003876
0,52000,18.1640625,,,0.016107255592942238,0.031803615391254425,0.03400159627199173,26.3671875,,,0.016249241307377815,0.03176356479525566,0.03412967547774315
0,53000,17.3828125,,,0.016112323850393295,0.03180384635925293,0.03399905562400818,26.5625,,,0.016263507306575775,0.03179469704627991,0.03435264900326729
0,54000,16.2109375,,,0.016116630285978317,0.03180703520774841,0.03400515764951706,24.21875,,,0.0162713211029768,0.03179401904344559,0.03434733301401138
0,55000,16.6015625,,,0.01612294279038906,0.031815581023693085,0.034027665853500366,27.5390625,,,0.01628156751394272,0.031787481158971786,0.03428295999765396
0,56000,20.5078125,,,0.016128135845065117,0.03182196989655495,0.03403394669294357,30.859375,,,0.016288723796606064,0.031775109469890594,0.034175656735897064
0,57000,18.5546875,,,0.016134144738316536,0.031831465661525726,0.03405012935400009,27.9296875,,,0.01629176363348961,0.031755074858665466,0.034004658460617065
0,58000,15.234375,,,0.016140157356858253,0.03184042125940323,0.034069400280714035,23.6328125,,,0.016292564570903778,0.03173308074474335,0.03380189090967178
0,59000,19.140625,,,0.016145916655659676,0.03184777870774269,0.0340762622654438,29.4921875,,,0.01629592478275299,0.031727030873298645,0.03374191001057625
0,60000,19.921875,132,51.5625,0.01615094393491745,0.03185287490487099,0.034072764217853546,29.4921875,90,35.15625,0.01630404032766819,0.031744930893182755,0.03386968374252319
0,61000,20.5078125,,,0.016156043857336044,0.0318584144115448,0.03407307341694832,29.6875,,,0.01631503365933895,0.03177625685930252,0.034100741147994995
0,62000,15.4296875,,,0.01616293378174305,0.03186999261379242,0.03410350903868675,22.4609375,,,0.016325458884239197,0.031794480979442596,0.03425982594490051
0,63000,15.4296875,,,0.016172394156455994,0.031888529658317566,0.034158412367105484,17.96875,,,0.01633119210600853,0.0317964181303978,0.034306153655052185
0,64000,18.5546875,,,0.016179287806153297,0.031901247799396515,0.03419186919927597,19.7265625,,,0.016330357640981674,0.031777944415807724,0.03418337553739548
0,65000,23.4375,,,0.016187699511647224,0.03191684931516647,0.0342307984828949,31.0546875,,,0.01633058674633503,0.031757108867168427,0.034031596034765244
0,66000,24.4140625,,,0.01619615964591503,0.031932421028614044,0.03427339345216751,31.4453125,,,0.016334684565663338,0.03175130486488342,0.033987510949373245
0,67000,23.046875,,,0.016203884035348892,0.03194745257496834,0.03430420532822609,30.078125,,,0.01633959636092186,0.031750038266181946,0.033980462700128555
0,68000,22.4609375,,,0.016210176050662994,0.031956806778907776,0.034309566020965576,27.9296875,,,0.016345515847206116,0.031749479472637177,0.03396524861454964
0,69000,18.9453125,,,0.016218286007642746,0.031972214579582214,0.03433750942349434,24.21875,,,0.016354436054825783,0.03175220265984535,0.03397402912378311
0,70000,26.171875,109,42.578125,0.01622837968170643,0.03199543058872223,0.03439374268054962,31.4453125,83,32.421875,0.016359737142920494,0.03173579275608063,0.033814892172813416
0,71000,22.265625,,,0.016239197924733162,0.03202427178621292,0.03446926921606064,28.90625,,,0.016365384683012962,0.0317203514277935,0.0336623415350914
0,72000,16.796875,,,0.016248302534222603,0.03204695135354996,0.034529782831668854,24.4140625,,,0.016375163570046425,0.031727761030197144,0.03370051831007004
0,73000,15.8203125,,,0.016255177557468414,0.032058533281087875,0.034557729959487915,16.015625,,,0.01638646423816681,0.03174002468585968,0.033772580325603485
0,74000,20.1171875,,,0.016262726858258247,0.03206499665975571,0.03457089886069298,20.1171875,,,0.016400055959820747,0.0317634642124176,0.03394526615738869
0,75000,21.2890625,,,0.016268765553832054,0.032072097063064575,0.034593116492033005,28.125,,,0.016411148011684418,0.03178485482931137,0.03410312533378601
0,76000,16.6015625,,,0.01627848483622074,0.032087795436382294,0.03463755548000336,21.09375,,,0.01642385497689247,0.03180624172091484,0.034236326813697815
0,77000,14.2578125,,,0.016286293044686317,0.03209824115037918,0.034666508436203,16.796875,,,0.01643434166908264,0.031807977706193924,0.034195080399513245
0,78000,19.3359375,,,0.016294656321406364,0.032109156250953674,0.03469831869006157,26.171875,,,0.016445297747850418,0.031817592680454254,0.0342073068022728
0,79000,17.578125,,,0.01630333811044693,0.032120902091264725,0.03472864255309105,26.3671875,,,0.01644950918853283,0.03180288150906563,0.03405120223760605
0,80000,16.796875,117,45.703125,0.016310127452015877,0.03212817758321762,0.034740760922431946,25.390625,95,37.109375,0.016452079638838768,0.03177396208047867,0.03378807008266449
0,81000,24.609375,,,0.016315549612045288,0.03213045373558998,0.03473963961005211,32.03125,,,0.016458284109830856,0.031757332384586334,0.03363201394677162
0,82000,22.265625,,,0.016320865601301193,0.032133664935827255,0.034739844501018524,30.2734375,,,0.016467543318867683,0.03176392242312431,0.033659860491752625
0,83000,25.5859375,,,0.016324752941727638,0.032131046056747437,0.03471270203590393,32.2265625,,,0.016477903351187706,0.031776487827301025,0.03373894840478897
0,84000,22.0703125,,,0.016328511759638786,0.032130785286426544,0.03469304367899895,30.078125,,,0.01648978516459465,0.03180346637964249,0.03392868489027023
0,85000,21.6796875,,,0.016334349289536476,0.032140836119651794,0.03470703214406967,28.7109375,,,0.016500789672136307,0.03183775395154953,0.03417357802391052
0,86000,25.0,,,0.016338063403964043,0.03214731067419052,0.03471669182181358,31.640625,,,0.016504045575857162,0.03184216096997261,0.03421108424663544
0,87000,22.0703125,,,0.016342300921678543,0.03215441107749939,0.034723542630672455,29.4921875,,,0.01650686003267765,0.03183948993682861,0.03419657051563263
0,88000,26.953125,,,0.01634720340371132,0.0321609228849411,0.03472597524523735,33.0078125,,,0.016508471220731735,0.03182637691497803,0.03409958258271217
0,89000,23.2421875,,,0.01635224185883999,0.03216741606593132,0.03472818061709404,30.2734375,,,0.016515905037522316,0.03182606399059296,0.034089211374521255
0,90000,22.4609375,118,46.09375,0.01635836996138096,0.03217628598213196,0.03473607823252678,28.125,89,34.765625,0.016525031998753548,0.03183414787054062,0.03414028882980347
0,91000,18.9453125,,,0.016364144161343575,0.03218426555395126,0.0347423255443573,27.734375,,,0.01653101108968258,0.03183382749557495,0.034124284982681274
0,92000,22.65625,,,0.016370456665754318,0.032195307314395905,0.034758586436510086,30.46875,,,0.01653740368783474,0.03183159977197647,0.03409907966852188
0,93000,18.9453125,,,0.016375524923205376,0.032199785113334656,0.03475073724985123,27.34375,,,0.016542786732316017,0.031830787658691406,0.034090474247932434
0,94000,16.9921875,,,0.016381924971938133,0.03220868483185768,0.03476838022470474,24.8046875,,,0.01654903031885624,0.03183397650718689,0.034096162766218185
0,95000,14.6484375,,,0.01638859696686268,0.032216671854257584,0.034769415855407715,23.046875,,,0.01656022109091282,0.03183973580598831,0.03410301357507706
0,96000,15.4296875,,,0.01639265939593315,0.03221660852432251,0.034753814339637756,20.3125,,,0.016565678641200066,0.03183393180370331,0.03403965011239052
0,97000,24.4140625,,,0.016399970278143883,0.032220251858234406,0.03474465012550354,31.25,,,0.01657228358089924,0.03182840347290039,0.03398478776216507
0,98000,17.3828125,,,0.016407079994678497,0.03223016858100891,0.034749072045087814,21.2890625,,,0.01657973974943161,0.031834013760089874,0.03401565179228783
0,99000,25.78125,,,0.016413472592830658,0.032238803803920746,0.0347478985786438,32.8125,,,0.016586773097515106,0.03184574097394943,0.03409896045923233
0,100000,24.4140625,112,43.75,0.01641916111111641,0.032244522124528885,0.03475191071629524,30.46875,83,32.421875,0.016591090708971024,0.031850509345531464,0.034133780747652054
0,101000,22.4609375,,,0.016424674540758133,0.03224901109933853,0.034754298627376556,29.4921875,,,0.01658995822072029,0.03182820975780487,0.03395456075668335
0,102000,20.5078125,,,0.016431326046586037,0.032251399010419846,0.03475451096892357,29.1015625,,,0.016586290672421455,0.03179860860109329,0.033718355000019073
0,103000,19.921875,,,0.01643989607691765,0.03225767984986305,0.034766413271427155,25.390625,,,0.016589928418397903,0.0317956805229187,0.03366651386022568
0,104000,25.0,,,0.016448134556412697,0.03225715830922127,0.034764163196086884,31.4453125,,,0.016599446535110474,0.03181092441082001,0.03374359756708145
0,105000,24.4140625,,,0.016456006094813347,0.032260823994874954,0.03476594015955925,30.2734375,,,0.016610926017165184,0.03183651342988014,0.03390156850218773
0,106000,21.484375,,,0.01646292209625244,0.032267577946186066,0.03476753458380699,28.7109375,,,0.01662403531372547,0.031878627836704254,0.03418304771184921
0,107000,20.8984375,,,0.01646817848086357,0.03227690979838371,0.034780774265527725,29.296875,,,0.016631802543997765,0.03190681338310242,0.03437132015824318
0,108000,22.8515625,,,0.01647566817700863,0.032291069626808167,0.03480478376150131,30.46875,,,0.016643879935145378,0.03194162994623184,0.034606944769620895
0,109000,19.921875,,,0.016481004655361176,0.032297439873218536,0.034810975193977356,28.515625,,,0.016653764992952347,0.0319666862487793,0.03477092832326889
0,110000,16.796875,130,50.78125,0.01648554764688015,0.032299548387527466,0.0348103791475296,25.78125,94,36.71875,0.016659514978528023,0.03197817504405975,0.03482773154973984
0,111000,14.6484375,,,0.016489583998918533,0.032302603125572205,0.03481242060661316,16.796875,,,0.01666335016489029,0.03198140114545822,0.03482654690742493
0,112000,14.84375,,,0.016493704169988632,0.032308343797922134,0.03481866046786308,23.046875,,,0.016664676368236542,0.03197861835360527,0.034799084067344666
0,113000,23.046875,,,0.016498513519763947,0.03231412544846535,0.034829311072826385,30.078125,,,0.016665764153003693,0.03196493163704872,0.03470263630151749
0,114000,22.0703125,,,0.01650414802134037,0.032319940626621246,0.03483956679701805,30.859375,,,0.016667300835251808,0.0319584384560585,0.03467143326997757
0,115000,22.4609375,,,0.016509756445884705,0.03232560306787491,0.03484854847192764,29.6875,,,0.016665775328874588,0.03193819522857666,0.034533947706222534
0,116000,23.2421875,,,0.016516683623194695,0.032337792217731476,0.03488042950630188,31.0546875,,,0.016660792753100395,0.03190618008375168,0.03430905193090439
0,117000,22.265625,,,0.01652149297297001,0.03234058618545532,0.034881722182035446,30.078125,,,0.01666133478283882,0.03189844638109207,0.03425401449203491
0,118000,23.2421875,,,0.016524581238627434,0.032342806458473206,0.03488316386938095,29.8828125,,,0.016662491485476494,0.03189699724316597,0.03424575924873352
0,119000,17.96875,,,0.016528813168406487,0.032348647713661194,0.034892935305833817,22.8515625,,,0.016661781817674637,0.03188303858041763,0.034147441387176514
0,120000,16.2109375,126,49.21875,0.016535207629203796,0.03236124664545059,0.03492002189159393,24.8046875,96,37.5,0.016659153625369072,0.03185337036848068,0.03392419591546059
0,121000,22.4609375,,,0.016543181613087654,0.032377395778894424,0.03495091572403908,28.7109375,,,0.016660867258906364,0.0318354107439518,0.03377367556095123
0,122000,22.265625,,,0.016549333930015564,0.03238367289304733,0.034957028925418854,29.6875,,,0.01666569523513317,0.03183116763830185,0.03372547775506973
0,123000,19.921875,,,0.016556283459067345,0.032394759356975555,0.034979015588760376,28.515625,,,0.016676075756549835,0.03183997422456741,0.03376949951052666
0,124000,20.5078125,,,0.016562743112444878,0.03240572661161423,0.03500001132488251,26.7578125,,,0.016688771545886993,0.03186483308672905,0.03393629565834999
0,125000,21.875,,,0.01656971126794815,0.03241793066263199,0.03502414748072624,29.296875,,,0.01669851318001747,0.03188164159655571,0.03405366837978363
0,126000,16.015625,,,0.016577109694480896,0.03242971748113632,0.03503892570734024,21.09375,,,0.01670568808913231,0.031878117471933365,0.034027766436338425
0,127000,14.453125,,,0.016584737226366997,0.032442279160022736,0.035055048763751984,20.5078125,,,0.016711315140128136,0.031870655715465546,0.03394659236073494
0,128000,17.1875,,,0.016590291634202003,0.03245000168681145,0.03506733477115631,24.609375,,,0.016714386641979218,0.031859979033470154,0.033843569457530975
0,129000,15.8203125,,,0.0165985357016325,0.03245798498392105,0.03508371487259865,18.9453125,,,0.01671748235821724,0.03184587135910988,0.03370758891105652
0,130000,20.1171875,115,44.921875,0.01660408265888691,0.03245662525296211,0.035077065229415894,27.1484375,89,34.765625,0.0167190283536911,0.03182349354028702,0.033509328961372375
0,131000,25.5859375,,,0.016609231010079384,0.032454028725624084,0.035070568323135376,32.03125,,,0.01672097109258175,0.0318070650100708,0.03335632011294365
0,132000,24.21875,,,0.016612663865089417,0.03244548290967941,0.0350414514541626,31.25,,,0.01672612875699997,0.03180643916130066,0.03333523869514465
0,133000,23.046875,,,0.01661604456603527,0.03244071081280708,0.03503002971410751,30.46875,,,0.016731197014451027,0.03180588036775589,0.03332659602165222
0,134000,19.140625,,,0.01661936566233635,0.0324399396777153,0.035021789371967316,27.34375,,,0.016739370301365852,0.031820788979530334,0.03344221040606499
0,135000,20.3125,,,0.016622047871351242,0.032434966415166855,0.034992765635252,28.125,,,0.016749270260334015,0.031847838312387466,0.033648524433374405
0,136000,17.3828125,,,0.01662379503250122,0.03242286294698715,0.034951090812683105,25.5859375,,,0.01675872504711151,0.03187280148267746,0.03382983058691025
0,137000,13.671875,,,0.016627034172415733,0.03241635859012604,0.034925393760204315,19.7265625,,,0.016766926273703575,0.03189045190811157,0.033929891884326935
0,138000,14.2578125,,,0.016632065176963806,0.03241308033466339,0.0348987877368927,20.3125,,,0.01677553728222847,0.031890980899333954,0.033902060240507126
0,139000,16.2109375,,,0.01663561724126339,0.032410141080617905,0.03487710282206535,17.96875,,,0.016778280958533287,0.03188315033912659,0.033820003271102905
0,140000,24.8046875,116,45.3125,0.01664235070347786,0.032413408160209656,0.034876275807619095,31.640625,86,33.59375,0.016779497265815735,0.03185790404677391,0.0335867814719677
0,141000,22.0703125,,,0.0166500061750412,0.032420460134744644,0.03488936275243759,30.2734375,,,0.016783105209469795,0.03183850646018982,0.03339599072933197
0,142000,22.8515625,,,0.01665867492556572,0.03242984414100647,0.034909509122371674,29.6875,,,0.016785679385066032,0.03181818872690201,0.03320282697677612
0,143000,24.0234375,,,0.016666561365127563,0.03243895247578621,0.034940797835588455,29.296875,,,0.01678738184273243,0.0317966528236866,0.0329955518245697
0,144000,20.8984375,,,0.016672592610120773,0.03244036063551903,0.03494875878095627,28.3203125,,,0.016790850088000298,0.03178522735834122,0.032872870564460754
0,145000,17.578125,,,0.016679273918271065,0.03244706243276596,0.03497365862131119,27.34375,,,0.01680167391896248,0.03179975226521492,0.03299257159233093
0,146000,19.921875,,,0.016686422750353813,0.03245338425040245,0.03499896451830864,28.7109375,,,0.016814466565847397,0.0318257212638855,0.03321325406432152
0,147000,21.2890625,,,0.016695767641067505,0.03246302157640457,0.035029567778110504,27.9296875,,,0.01682940125465393,0.03185432031750679,0.033446334302425385
0,148000,20.1171875,,,0.01670331135392189,0.03247060254216194,0.03504284471273422,27.9296875,,,0.0168441329151392,0.03189163655042648,0.03374365717172623
0,149000,15.625,,,0.016709789633750916,0.032476138323545456,0.03504302352666855,23.828125,,,0.016857407987117767,0.03191518411040306,0.0339064821600914
0,150000,18.5546875,126,49.21875,0.016715118661522865,0.03247961774468422,0.03503812476992607,23.828125,103,40.234375,0.01686801016330719,0.0319308303296566,0.03399858623743057
0,151000,22.4609375,,,0.016722077503800392,0.0324832946062088,0.035027362406253815,29.1015625,,,0.016879884526133537,0.03193667531013489,0.03401029109954834
0,152000,23.4375,,,0.01672971062362194,0.03249049931764603,0.03502542898058891,31.25,,,0.016889924183487892,0.031929031014442444,0.03390086069703102
0,153000,23.828125,,,0.0167350135743618,0.032491184771060944,0.03502042964100838,30.2734375,,,0.016899017617106438,0.03191603347659111,0.03376501798629761
0,154000,23.046875,,,0.01673918589949608,0.03248659521341324,0.035003479570150375,29.6875,,,0.01690671220421791,0.03190326318144798,0.033632420003414154
0,155000,24.0234375,,,0.016745006665587425,0.032488513737916946,0.035008590668439865,31.25,,,0.016916511580348015,0.03190568462014198,0.03362482786178589
0,156000,28.3203125,,,0.016751769930124283,0.032495226711034775,0.03502461314201355,34.375,,,0.016924066469073296,0.031905338168144226,0.033606864511966705
0,157000,25.1953125,,,0.0167573019862175,0.03250006213784218,0.035036176443099976,32.8125,,,0.016935179010033607,0.03192330151796341,0.03372815623879433
0,158000,23.2421875,,,0.016762210056185722,0.03250711411237717,0.03504715487360954,30.46875,,,0.016947932541370392,0.03195475414395332,0.03395538777112961
0,159000,22.0703125,,,0.016769349575042725,0.03252434358000755,0.0350860171020031,27.9296875,,,0.016961628571152687,0.03199070692062378,0.03420637920498848
0,160000,20.8984375,116,45.3125,0.016774358227849007,0.03253733739256859,0.035114191472530365,27.9296875,88,34.375,0.0169676523655653,0.03199652582406998,0.03422483801841736
0,161000,17.96875,,,0.016779465600848198,0.03254932165145874,0.035140108317136765,24.0234375,,,0.016969693824648857,0.03197743743658066,0.03404317796230316
0,162000,24.4140625,,,0.016783524304628372,0.03255997598171234,0.03515731543302536,30.078125,,,0.01697051338851452,0.03195204585790634,0.033817946910858154
0,163000,24.21875,,,0.016787903383374214,0.03257422149181366,0.03518649563193321,29.6875,,,0.016972145065665245,0.03193063288927078,0.03362133726477623
0,164000,22.8515625,,,0.01679314486682415,0.032590433955192566,0.03522089123725891,29.296875,,,0.016976621001958847,0.031926337629556656,0.033555373549461365
0,165000,22.0703125,,,0.016799967736005783,0.03260809928178787,0.035263754427433014,27.9296875,,,0.0169814620167017,0.03192293643951416,0.03349520266056061
0,166000,18.1640625,,,0.016805866733193398,0.032620470970869064,0.035290710628032684,26.3671875,,,0.016988763585686684,0.03193521499633789,0.03356892615556717
0,167000,15.8203125,,,0.016811367124319077,0.032628342509269714,0.035306066274642944,18.5546875,,,0.01700386218726635,0.031962428241968155,0.0337330587208271
0,168000,15.4296875,,,0.016817769035696983,0.032630082219839096,0.035314448177814484,25.5859375,,,0.017016727477312088,0.03198409825563431,0.03383049741387367
0,169000,17.3828125,,,0.01682611182332039,0.032633859664201736,0.0353231243789196,23.6328125,,,0.01702226512134075,0.03198103606700897,0.03371671587228775
0,170000,20.8984375,119,46.484375,0.016833730041980743,0.03263593092560768,0.03532423824071884,25.78125,97,37.890625,0.0170320775359869,0.03198351711034775,0.03365488350391388
0,171000,19.53125,,,0.016840089112520218,0.03264107555150986,0.03532589599490166,25.9765625,,,0.017041612416505814,0.03199188783764839,0.03365510329604149
0,172000,17.578125,,,0.016848577186465263,0.03265180438756943,0.03534300625324249,26.5625,,,0.017052246257662773,0.03199557214975357,0.033633943647146225
0,173000,16.015625,,,0.016855694353580475,0.03265836834907532,0.03535294532775879,24.609375,,,0.017067383974790573,0.03201567381620407,0.03373872488737106
0,174000,20.3125,,,0.016861438751220703,0.032658983021974564,0.035353079438209534,26.5625,,,0.017083920538425446,0.03203889727592468,0.033846281468868256
0,175000,18.5546875,,,0.016868026927113533,0.03266381844878197,0.03536335751414299,25.9765625,,,0.017100214958190918,0.03206875920295715,0.03402126580476761
0,176000,17.7734375,,,0.01687529683113098,0.03266996890306473,0.035380180925130844,25.5859375,,,0.017116127535700798,0.03209647536277771,0.03414923697710037
0,177000,19.7265625,,,0.01688336953520775,0.0326789990067482,0.035408660769462585,26.171875,,,0.01712978258728981,0.03212082386016846,0.03425054997205734
0,178000,19.921875,,,0.016893567517399788,0.032695263624191284,0.03543795645236969,26.171875,,,0.017141690477728844,0.03214869648218155,0.03443760424852371
0,179000,25.5859375,,,0.016903454437851906,0.03271324187517166,0.03547176718711853,30.2734375,,,0.017150111496448517,0.03215980902314186,0.034553274512290955
0,180000,24.609375,113,44.140625,0.016911469399929047,0.03272494673728943,0.035489145666360855,28.90625,88,34.375,0.017157169058918953,0.032154034823179245,0.0345483124256134
0,181000,22.0703125,,,0.016918959096074104,0.03273671120405197,0.03550638258457184,27.5390625,,,0.017164910212159157,0.03214944899082184,0.03454507142305374
0,182000,20.1171875,,,0.01692311093211174,0.03274141997098923,0.03551540523767471,25.78125,,,0.017166882753372192,0.03213433176279068,0.03446968272328377
0,183000,19.7265625,,,0.016928108409047127,0.032746560871601105,0.03552895039319992,25.1953125,,,0.01716887205839157,0.03211406618356705,0.034326955676078796
0,184000,19.3359375,,,0.016933247447013855,0.032753344625234604,0.03554404899477959,24.609375,,,0.01717064343392849,0.03209250047802925,0.034154608845710754
0,185000,20.8984375,,,0.01693885587155819,0.03276001662015915,0.035552024841308594,25.78125,,,0.01717395894229412,0.032087184488773346,0.03410369157791138
0,186000,22.265625,,,0.01694352924823761,0.03276504576206207,0.035561539232730865,27.5390625,,,0.017177358269691467,0.03208489343523979,0.03407073765993118
0,187000,22.8515625,,,0.016947221010923386,0.03276843950152397,0.03556768596172333,27.9296875,,,0.01717761717736721,0.03207441419363022,0.033977992832660675
0,188000,18.359375,,,0.016952430829405785,0.03277358412742615,0.035575129091739655,26.5625,,,0.017178194597363472,0.0320604145526886,0.03383169323205948
0,189000,21.09375,,,0.016957424581050873,0.03277907520532608,0.035586707293987274,26.5625,,,0.017177456989884377,0.0320371575653553,0.033609796315431595
0,190000,18.9453125,125,48.828125,0.016963470727205276,0.0327911376953125,0.03561319410800934,25.9765625,99,38.671875,0.017180293798446655,0.032021213322877884,0.03341960906982422
0,191000,16.2109375,,,0.016969380900263786,0.03279916197061539,0.03562890738248825,23.2421875,,,0.017189808189868927,0.0320235937833786,0.03338255733251572
0,192000,17.3828125,,,0.01697363331913948,0.03280284255743027,0.03563271090388298,25.1953125,,,0.017199501395225525,0.03204198554158211,0.03348790854215622
0,193000,16.6015625,,,0.016979806125164032,0.032805293798446655,0.03564009815454483,25.1953125,,,0.017209650948643684,0.03206485137343407,0.03364216536283493
0,194000,18.1640625,,,0.016987638548016548,0.03281428664922714,0.03565783426165581,26.171875,,,0.017221175134181976,0.032086387276649475,0.033784449100494385
0,195000,19.140625,,,0.016996588557958603,0.032829511910676956,0.03568991646170616,26.171875,,,0.017228281125426292,0.032092493027448654,0.033838674426078796
0,196000,16.9921875,,,0.017005013301968575,0.03284645825624466,0.035735420882701874,26.3671875,,,0.017236588522791862,0.03210824728012085,0.03394008427858353
0,197000,18.75,,,0.01701277494430542,0.032863274216651917,0.0357794314622879,25.9765625,,,0.017247330397367477,0.032126981765031815,0.03405406326055527
0,198000,19.921875,,,0.017019083723425865,0.03287540376186371,0.03580189123749733,27.34375,,,0.01725834049284458,0.03214157372713089,0.034125108271837234
0,199000,15.625,,,0.017025183886289597,0.032885972410440445,0.03581460192799568,25.78125,,,0.01727040484547615,0.03215854987502098,0.034184765070676804
0,200000,13.0859375,137,53.515625,0.017030606046319008,0.03289295360445976,0.0358138382434845,22.8515625,108,42.1875,0.017282146960496902,0.03217201679944992,0.03416815400123596
0,201000,14.453125,,,0.017038332298398018,0.03290014714002609,0.035822875797748566,16.796875,,,0.01729598268866539,0.03218267112970352,0.034173253923654556
0,202000,17.1875,,,0.01704789511859417,0.03290828317403793,0.03583938255906105,25.9765625,,,0.01731288991868496,0.03220798075199127,0.03432096540927887
0,203000,22.4609375,,,0.017057351768016815,0.03292270749807358,0.0358642116189003,27.9296875,,,0.017322860658168793,0.032214708626270294,0.0343528687953949
0,204000,17.578125,,,0.017068158835172653,0.03293948248028755,0.03589314967393875,26.3671875,,,0.017333073541522026,0.0322142168879509,0.03429381549358368
0,205000,16.40625,,,0.017077194526791573,0.03295092657208443,0.03590724989771843,25.9765625,,,0.01734231598675251,0.032207340002059937,0.034189388155937195
0,206000,16.6015625,,,0.01708369143307209,0.03295670449733734,0.035915128886699677,25.78125,,,0.01734953746199608,0.032197095453739166,0.03402402997016907
0,207000,17.3828125,,,0.017089104279875755,0.0329616405069828,0.035925887525081635,26.7578125,,,0.017354993149638176,0.032183386385440826,0.03382468223571777
0,208000,18.1640625,,,0.01709272898733616,0.03296330198645592,0.03592706471681595,26.3671875,,,0.017363471910357475,0.03219123184680939,0.033796679228544235
0,209000,15.234375,,,0.01709635555744171,0.0329660028219223,0.035935260355472565,25.5859375,,,0.017365865409374237,0.03218473121523857,0.03372498229146004
0,210000,14.2578125,130,50.78125,0.01710091345012188,0.032966531813144684,0.03593286871910095,19.921875,108,42.1875,0.01737452857196331,0.032203320413827896,0.03385540843009949
0,211000,20.8984375,,,0.017108632251620293,0.03297515958547592,0.03594174608588219,28.515625,,,0.017385775223374367,0.03222738578915596,0.034037258476018906
0,212000,17.578125,,,0.017115557566285133,0.032983630895614624,0.035946112126111984,26.953125,,,0.0173940509557724,0.03223718702793121,0.03414476662874222
0,213000,16.2109375,,,0.01712389849126339,0.03299688175320625,0.035959333181381226,25.5859375,,,0.017401276156306267,0.032248981297016144,0.034260716289281845
0,214000,15.0390625,,,0.01712961494922638,0.03300759196281433,0.03596552461385727,23.828125,,,0.017407717183232307,0.03225594758987427,0.03434193134307861
0,215000,14.2578125,,,0.017138607800006866,0.03302399069070816,0.03597712144255638,19.921875,,,0.01741567626595497,0.03226759284734726,0.03443491458892822
0,216000,16.9921875,,,0.017145857214927673,0.03304029256105423,0.03599485009908676,25.78125,,,0.017424488440155983,0.03228611871600151,0.034582458436489105
0,217000,16.6015625,,,0.017152145504951477,0.03305591270327568,0.03601228445768356,25.78125,,,0.017430631443858147,0.03229052573442459,0.03460864722728729
0,218000,16.40625,,,0.017156407237052917,0.03305969387292862,0.036011047661304474,19.921875,,,0.017436707392334938,0.032291214913129807,0.034560028463602066
0,219000,16.2109375,,,0.01716063730418682,0.033057086169719696,0.03600585088133812,25.78125,,,0.017443444579839706,0.03228854387998581,0.03446485847234726
0,220000,14.453125,135,52.734375,0.01716631092131138,0.0330546572804451,0.03600563481450081,25.78125,103,40.234375,0.017450707033276558,0.03229741007089615,0.03446747362613678
0,221000,14.0625,,,0.017174404114484787,0.03306068480014801,0.036017052829265594,18.75,,,0.017464883625507355,0.03232799470424652,0.03460036590695381
0,222000,16.40625,,,0.017184143885970116,0.033068981021642685,0.0360288992524147,25.0,,,0.017480364069342613,0.032366491854190826,0.034820400178432465
0,223000,19.921875,,,0.01719345524907112,0.03307526558637619,0.036036062985658646,26.3671875,,,0.01749265007674694,0.03239286690950394,0.03496387600898743
0,224000,18.1640625,,,0.017199039459228516,0.033078134059906006,0.03603547066450119,25.78125,,,0.017500989139080048,0.032412394881248474,0.035078708082437515
0,225000,16.40625,,,0.017205996438860893,0.03308531269431114,0.036044683307409286,25.1953125,,,0.017508551478385925,0.03242814913392067,0.03518878296017647
0,226000,19.921875,,,0.017214195802807808,0.033098794519901276,0.03605896979570389,26.7578125,,,0.017515625804662704,0.03242222219705582,0.035136833786964417
0,227000,15.0390625,,,0.017221372574567795,0.03311392664909363,0.03607616573572159,25.390625,,,0.017516251653432846,0.03240025043487549,0.034974925220012665
0,228000,16.2109375,,,0.01722683385014534,0.033126041293144226,0.03609218820929527,25.78125,,,0.01752031221985817,0.03239080309867859,0.034921303391456604
0,229000,15.234375,,,0.01723361946642399,0.03314565122127533,0.03613384813070297,25.1953125,,,0.017525119706988335,0.03238707408308983,0.03490755707025528
0,230000,15.0390625,133,51.953125,0.017243878915905952,0.033165525645017624,0.036168649792671204,23.2421875,105,41.015625,0.017529936507344246,0.03237840533256531,0.034795500338077545
0,231000,18.9453125,,,0.017254317179322243,0.033176492899656296,0.03619235008955002,26.3671875,,,0.017535660415887833,0.032370854169130325,0.03468425199389458
0,232000,17.96875,,,0.017261428758502007,0.033175237476825714,0.03619864210486412,25.9765625,,,0.017535170540213585,0.03234703838825226,0.03447464853525162
0,233000,16.2109375,,,0.01726774498820305,0.033175431191921234,0.03620688617229462,25.390625,,,0.0175374336540699,0.03232800215482712,0.03428903967142105
0,234000,18.359375,,,0.017271995544433594,0.033169522881507874,0.03619755059480667,25.78125,,,0.01754217967391014,0.03231482207775116,0.03415481001138687
0,235000,18.5546875,,,0.01727496087551117,0.03316739201545715,0.036194782704114914,26.7578125,,,0.01754564791917801,0.03230186551809311,0.03403107076883316
0,236000,15.8203125,,,0.01727965660393238,0.033166009932756424,0.03620452061295509,25.9765625,,,0.017553718760609627,0.032301165163517,0.03396475315093994
0,237000,15.625,,,0.017285561189055443,0.03316914290189743,0.03622028976678848,25.5859375,,,0.01756926067173481,0.0323348268866539,0.03409206122159958
0,238000,17.96875,,,0.017293797805905342,0.033171914517879486,0.03621973842382431,26.3671875,,,0.01758621260523796,0.032365985214710236,0.034221962094306946
0,239000,18.9453125,,,0.017301781103014946,0.03317290544509888,0.03620985895395279,26.3671875,,,0.017601478844881058,0.0323982797563076,0.03438045457005501
0,240000,17.1875,129,50.390625,0.01730758138000965,0.03317292779684067,0.0362030491232872,25.9765625,98,38.28125,0.017609745264053345,0.03241471201181412,0.034468188881874084
0,241000,14.0625,,,0.017313480377197266,0.03317519649863243,0.03619801998138428,25.78125,,,0.017614003270864487,0.032417573034763336,0.034448787569999695
0,242000,17.578125,,,0.017317792400717735,0.03317394107580185,0.03618895262479782,26.3671875,,,0.017620662227272987,0.032429032027721405,0.03450790047645569
0,243000,16.40625,,,0.017323782667517662,0.033179979771375656,0.03619132936000824,25.9765625,,,0.017625931650400162,0.032429832965135574,0.03452788293361664
0,244000,16.2109375,,,0.017330510541796684,0.03319094702601433,0.03618527576327324,26.5625,,,0.017626246437430382,0.03242309018969536,0.03448641672730446
0,245000,19.921875,,,0.017336178570985794,0.03319863975048065,0.03617699444293976,26.7578125,,,0.017627336084842682,0.03241998702287674,0.0344628170132637
0,246000,16.40625,,,0.017339838668704033,0.03320368379354477,0.0361735001206398,25.9765625,,,0.017629044130444527,0.032425060868263245,0.0345039963722229
0,247000,15.8203125,,,0.017344346269965172,0.03320849686861038,0.03617192804813385,25.5859375,,,0.01763106696307659,0.03243182227015495,0.034564949572086334
0,248000,17.7734375,,,0.017347637563943863,0.03321075066924095,0.036170609295368195,25.78125,,,0.01763840578496456,0.03246074914932251,0.034767381846904755
0,249000,14.84375,,,0.017350103706121445,0.033209607005119324,0.03616730123758316,25.5859375,,,0.017641443759202957,0.03247171267867088,0.03483450785279274
0,250000,15.234375,132,51.5625,0.01735435612499714,0.03321852907538414,0.03619509935379028,25.9765625,95,37.109375,0.0176423080265522,0.03245588392019272,0.03470760956406593
0,251000,18.5546875,,,0.017359131947159767,0.03323115408420563,0.03623786196112633,26.7578125,,,0.017641842365264893,0.03243916481733322,0.03458205610513687
0,252000,17.578125,,,0.017362942919135094,0.03323870897293091,0.03625825047492981,25.78125,,,0.017636945471167564,0.03241939842700958,0.0344245620071888
0,253000,16.2109375,,,0.017368152737617493,0.03324904292821884,0.03628182038664818,25.9765625,,,0.01763245090842247,0.032397665083408356,0.03428065776824951
0,254000,15.4296875,,,0.017373397946357727,0.03325856477022171,0.036300450563430786,25.5859375,,,0.017627529799938202,0.03237167000770569,0.03410978615283966
0,255000,18.359375,,,0.01737881451845169,0.03327081352472305,0.036319054663181305,25.9765625,,,0.017628181725740433,0.03236738592386246,0.03407884016633034
0,256000,17.578125,,,0.0173823032528162,0.033276669681072235,0.036323100328445435,25.9765625,,,0.017629200592637062,0.03236227482557297,0.03403841704130173
0,257000,16.9921875,,,0.01738741062581539,0.03328191116452217,0.03632492572069168,25.9765625,,,0.01763063669204712,0.03235922381281853,0.03405135124921799
0,258000,14.84375,,,0.017392126843333244,0.03328792750835419,0.03632602095603943,25.78125,,,0.01762992888689041,0.032349519431591034,0.03400725871324539
0,259000,16.796875,,,0.017397893592715263,0.033297643065452576,0.036336567252874374,25.5859375,,,0.01762750744819641,0.0323251374065876,0.03386978060007095
0,260000,20.5078125,124,48.4375,0.017404932528734207,0.033308565616607666,0.03635122627019882,28.125,89,34.765625,0.01762436330318451,0.03230230510234833,0.033725325018167496
0,261000,19.7265625,,,0.017411595210433006,0.03331474959850311,0.03635983169078827,26.7578125,,,0.017621105536818504,0.03226593881845474,0.03346759080886841
0,262000,15.4296875,,,0.0174171794205904,0.03331691026687622,0.03635936602950096,20.703125,,,0.017619293183088303,0.032237786799669266,0.03324650973081589
0,263000,19.140625,,,0.017424141988158226,0.033328212797641754,0.03637576103210449,25.78125,,,0.01762247085571289,0.03224072605371475,0.033259302377700806
0,264000,19.140625,,,0.017432913184165955,0.03334427997469902,0.03639693185687065,26.171875,,,0.017628589645028114,0.032256677746772766,0.03336256742477417
0,265000,17.578125,,,0.017441822215914726,0.03335962072014809,0.03641965985298157,25.9765625,,,0.017635919153690338,0.03227991983294487,0.033522143959999084
0,266000,19.921875,,,0.017450861632823944,0.03337426483631134,0.036449506878852844,27.1484375,,,0.01763906516134739,0.03228338807821274,0.03353029116988182
0,267000,17.7734375,,,0.01745680533349514,0.033385440707206726,0.03647288680076599,25.78125,,,0.017642643302679062,0.03229197859764099,0.03357682749629021
0,268000,17.578125,,,0.017465604469180107,0.0334007665514946,0.03650762513279915,25.78125,,,0.01764887571334839,0.032309968024492264,0.03368401154875755
0,269000,21.2890625,,,0.017473440617322922,0.03341628611087799,0.03654821962118149,30.078125,,,0.01764921471476555,0.03229939937591553,0.03359532356262207
0,270000,20.1171875,125,48.828125,0.01748058758676052,0.03342761471867561,0.03658614307641983,27.1484375,93,36.328125,0.01765027642250061,0.0322900153696537,0.0335054025053978
0,271000,20.8984375,,,0.017487123608589172,0.03343209624290466,0.036600783467292786,28.125,,,0.01765153743326664,0.03228096663951874,0.033426061272621155
0,272000,19.921875,,,0.017493829131126404,0.0334370881319046,0.036611407995224,26.5625,,,0.017650330439209938,0.03226913511753082,0.03333350270986557
0,273000,20.703125,,,0.01750021055340767,0.03344392776489258,0.03662148118019104,28.125,,,0.017652388662099838,0.03227001801133156,0.03334400802850723
0,274000,19.921875,,,0.017506692558526993,0.033455733209848404,0.03663694113492966,27.1484375,,,0.017657866701483727,0.0322851836681366,0.03344925865530968
0,275000,19.7265625,,,0.017514508217573166,0.03347109630703926,0.03665376454591751,26.7578125,,,0.017660513520240784,0.03229372203350067,0.03349833935499191
0,276000,19.7265625,,,0.017523543909192085,0.033495303243398666,0.03668197616934776,26.5625,,,0.01766728051006794,0.032318539917469025,0.03366493806242943
0,277000,20.1171875,,,0.017531106248497963,0.033517029136419296,0.036702826619148254,27.5390625,,,0.01767093315720558,0.0323331393301487,0.033737972378730774
0,278000,17.7734375,,,0.01753583550453186,0.03352564945816994,0.03671344742178917,25.5859375,,,0.017673447728157043,0.032340213656425476,0.03378681838512421
0,279000,16.6015625,,,0.01754225790500641,0.033537037670612335,0.03674059733748436,24.609375,,,0.017678026109933853,0.03234810382127762,0.033833347260951996
0,280000,17.1875,129,50.390625,0.017546849325299263,0.03354401886463165,0.03675895184278488,25.78125,96,37.5,0.017682839184999466,0.03235754370689392,0.03388703614473343
0,281000,18.5546875,,,0.017552124336361885,0.03355148807168007,0.03677978739142418,26.5625,,,0.01768827810883522,0.03236639127135277,0.03394092619419098
0,282000,15.625,,,0.017557071521878242,0.033557698130607605,0.0367952436208725,25.390625,,,0.017694907262921333,0.03237859904766083,0.03402140736579895
0,283000,18.359375,,,0.01756231300532818,0.03356853872537613,0.03681530803442001,25.78125,,,0.01769966632127762,0.03238051012158394,0.03401331230998039
0,284000,16.2109375,,,0.01756725087761879,0.033582381904125214,0.03683962672948837,24.21875,,,0.017705319449305534,0.03238163888454437,0.033999085426330566
0,285000,16.796875,,,0.017572810873389244,0.03359503671526909,0.03687117248773575,25.5859375,,,0.01771337166428566,0.03238695114850998,0.03402154520153999
0,286000,15.8203125,,,0.01757795736193657,0.03360412269830704,0.036894552409648895,25.9765625,,,0.017717406153678894,0.03238338604569435,0.03397403657436371
0,287000,15.8203125,,,0.01758374460041523,0.033610932528972626,0.03691132366657257,25.1953125,,,0.017718128859996796,0.032362475991249084,0.03381677716970444
0,288000,19.921875,,,0.017587045207619667,0.03361106663942337,0.03690105304121971,27.34375,,,0.01771889626979828,0.03234422579407692,0.03366755694150925
0,289000,18.1640625,,,0.017591655254364014,0.03361579030752182,0.0368892103433609,26.171875,,,0.01772366650402546,0.03233950957655907,0.033614009618759155
0,290000,19.3359375,131,51.171875,0.017596131190657616,0.03362561762332916,0.0368938222527504,25.9765625,98,38.28125,0.017735429108142853,0.03234931081533432,0.03364340215921402
0,291000,15.625,,,0.017602117732167244,0.03363398462533951,0.03690308332443237,25.390625,,,0.01774878427386284,0.032367460429668427,0.033751022070646286
0,292000,14.6484375,,,0.0176093727350235,0.0336327850818634,0.0368993915617466,24.4140625,,,0.01777046173810959,0.032406702637672424,0.03400688245892525
0,293000,14.453125,,,0.0176196601241827,0.0336390919983387,0.03690674155950546,25.390625,,,0.01779375970363617,0.032449353486299515,0.034270450472831726
0,294000,15.4296875,,,0.01762913167476654,0.03364608436822891,0.03691680729389191,25.390625,,,0.017806362360715866,0.03245057165622711,0.03424648940563202
0,295000,19.3359375,,,0.0176369771361351,0.03365734592080116,0.03693365678191185,26.7578125,,,0.017816312611103058,0.03245062381029129,0.03421137109398842
0,296000,18.359375,,,0.017643239349126816,0.03366604074835777,0.036942657083272934,26.953125,,,0.01782560907304287,0.03245873004198074,0.03421662747859955
0,297000,15.8203125,,,0.01764840818941593,0.03367073833942413,0.03694259375333786,25.5859375,,,0.01782890409231186,0.03245210647583008,0.03413235396146774
0,298000,14.2578125,,,0.017653876915574074,0.03367505222558975,0.0369403213262558,23.2421875,,,0.017829911783337593,0.03245162591338158,0.03411762788891792
0,299000,15.625,,,0.017656978219747543,0.03367326408624649,0.03693610429763794,25.5859375,,,0.017830675467848778,0.032459504902362823,0.03416772931814194
0,300000,16.796875,135,52.734375,0.017662107944488525,0.033672988414764404,0.03693410009145737,25.5859375,102,39.84375,0.017834961414337158,0.03248191624879837,0.03432430699467659
0,301000,19.3359375,,,0.01766987331211567,0.0336792916059494,0.03693489730358124,26.7578125,,,0.017839748412370682,0.03249195218086243,0.03441411629319191
0,302000,15.4296875,,,0.017676251009106636,0.03368355333805084,0.036932192742824554,25.5859375,,,0.017841210588812828,0.0324835404753685,0.034363843500614166
0,303000,17.7734375,,,0.0176836047321558,0.03369176760315895,0.036934975534677505,26.3671875,,,0.017842363566160202,0.03247113898396492,0.03428362309932709
0,304000,17.1875,,,0.017690595239400864,0.03369881212711334,0.03693975880742073,25.78125,,,0.01784154400229454,0.032453615218400955,0.03416735678911209
0,305000,18.1640625,,,0.017696991562843323,0.03370637074112892,0.03694429248571396,25.5859375,,,0.017845528200268745,0.03245377540588379,0.03415989130735397
0,306000,14.84375,,,0.017703117802739143,0.03371395170688629,0.036946024745702744,25.5859375,,,0.017852142453193665,0.03245891258120537,0.03419400006532669
0,307000,15.234375,,,0.01771014928817749,0.03372568637132645,0.03695588558912277,25.78125,,,0.01785893179476261,0.03245379403233528,0.034147873520851135
0,308000,16.40625,,,0.017715344205498695,0.03372946381568909,0.03696664795279503,25.9765625,,,0.01785879395902157,0.03242817521095276,0.03396066278219223
0,309000,15.0390625,,,0.01772046834230423,0.03373309224843979,0.036982908844947815,25.5859375,,,0.017862530425190926,0.0324249342083931,0.033918943256139755
0,310000,15.4296875,140,54.6875,0.01772422529757023,0.0337366983294487,0.03698986396193504,25.5859375,104,40.625,0.017868155613541603,0.03243409842252731,0.033961523324251175
0,311000,15.0390625,,,0.017728004604578018,0.033731818199157715,0.036990970373153687,25.78125,,,0.017878545448184013,0.03245973587036133,0.03412114083766937
0,312000,16.015625,,,0.017732957378029823,0.03373514115810394,0.03701963648200035,25.390625,,,0.01788327842950821,0.03247047960758209,0.03416400030255318
0,313000,17.3828125,,,0.0177393089979887,0.03374720737338066,0.037055764347314835,26.5625,,,0.017887303605675697,0.03246967867016792,0.034119367599487305
0,314000,18.75,,,0.017746172845363617,0.03376279026269913,0.0370841845870018,26.5625,,,0.017889687791466713,0.032463014125823975,0.03403400629758835
0,315000,20.5078125,,,0.017753805965185165,0.03377886861562729,0.03710830584168434,26.953125,,,0.017890730872750282,0.03244610130786896,0.03389390558004379
0,316000,17.3828125,,,0.01776275597512722,0.03380158916115761,0.037138573825359344,25.78125,,,0.01789284683763981,0.03242921084165573,0.033753931522369385
0,317000,19.3359375,,,0.017771199345588684,0.033827539533376694,0.0371645987033844,26.171875,,,0.017895188182592392,0.03241658955812454,0.03363611549139023
0,318000,18.75,,,0.017778730019927025,0.033848270773887634,0.03717760741710663,26.171875,,,0.017904292792081833,0.032433003187179565,0.03372830152511597
0,319000,16.9921875,,,0.017786096781492233,0.033864665776491165,0.03719932585954666,25.5859375,,,0.01792331226170063,0.03247176855802536,0.03397798538208008
0,320000,19.140625,126,49.21875,0.017792759463191032,0.0338769406080246,0.037224095314741135,26.7578125,96,37.5,0.01793530397117138,0.03249009698629379,0.034092262387275696
0,321000,16.9921875,,,0.01780042052268982,0.03389409929513931,0.03725171834230423,25.5859375,,,0.017949841916561127,0.03251222148537636,0.034222498536109924
0,322000,20.3125,,,0.01780637912452221,0.033907756209373474,0.0372699610888958,26.7578125,,,0.01795666664838791,0.03250521421432495,0.03417940437793732
0,323000,16.40625,,,0.017811676487326622,0.03391728177666664,0.037280358374118805,25.5859375,,,0.01795750856399536,0.03247395157814026,0.03395857661962509
0,324000,15.8203125,,,0.017818115651607513,0.03393012285232544,0.03729795664548874,24.8046875,,,0.017957981675863266,0.03245125710964203,0.03380819037556648
0,325000,16.9921875,,,0.01782437600195408,0.03394196555018425,0.0373094379901886,25.5859375,,,0.017961574718356133,0.03244524076581001,0.03377017378807068
0,326000,17.3828125,,,0.017829788848757744,0.033949367702007294,0.03730851784348488,25.5859375,,,0.017968380823731422,0.03243599832057953,0.033742327243089676
0,327000,16.796875,,,0.017836090177297592,0.033956754952669144,0.037312109023332596,25.390625,,,0.017973843961954117,0.03242376819252968,0.03367358073592186
0,328000,15.8203125,,,0.017840366810560226,0.0339643731713295,0.03732586279511452,25.390625,,,0.017979787662625313,0.03241607919335365,0.03361731767654419
0,329000,17.578125,,,0.017844460904598236,0.03396870568394661,0.0373367965221405,26.3671875,,,0.01798766851425171,0.032422084361314774,0.0336621068418026
0,330000,19.3359375,128,50.0,0.017849517986178398,0.03397000581026077,0.03734435886144638,26.5625,96,37.5,0.017998887225985527,0.032444581389427185,0.03381309285759926
0,331000,19.3359375,,,0.01785341650247574,0.033966924995183945,0.03733984753489494,26.3671875,,,0.018007364124059677,0.03246987611055374,0.033982716500759125
0,332000,14.84375,,,0.017858773469924927,0.03396613150835037,0.037343136966228485,25.390625,,,0.01802201196551323,0.032521966844797134,0.03431521728634834
0,333000,14.0625,,,0.017862524837255478,0.03396459296345711,0.03735395520925522,24.8046875,,,0.01803591288626194,0.03256611526012421,0.034591514617204666
0,334000,15.234375,,,0.017867587506771088,0.03396566957235336,0.03736572712659836,25.390625,,,0.018043598160147667,0.03256727755069733,0.034580595791339874
0,335000,19.7265625,,,0.01787184178829193,0.03396376222372055,0.0373736172914505,26.953125,,,0.018044915050268173,0.03254734352231026,0.034431785345077515
0,336000,15.4296875,,,0.017875881865620613,0.03396518528461456,0.03738715872168541,25.390625,,,0.018041890114545822,0.03250862658023834,0.03416977822780609
0,337000,14.2578125,,,0.017882507294416428,0.033979080617427826,0.037427425384521484,24.0234375,,,0.01803528517484665,0.032451264560222626,0.033797331154346466
0,338000,17.7734375,,,0.017889706417918205,0.03399180620908737,0.03745097666978836,25.9765625,,,0.01803371123969555,0.03242076188325882,0.03358547389507294
0,339000,17.578125,,,0.017896082252264023,0.03400246053934097,0.037466954439878464,25.5859375,,,0.018037637695670128,0.03241906315088272,0.033561863005161285
0,340000,17.3828125,132,51.5625,0.017902584746479988,0.034010522067546844,0.0374734103679657,25.1953125,101,39.453125,0.018046781420707703,0.03243814781308174,0.033666033297777176
0,341000,13.8671875,,,0.017906755208969116,0.034011539071798325,0.0374666228890419,24.8046875,,,0.01805463433265686,0.032461017370224,0.0338171124458313
0,342000,15.0390625,,,0.017910297960042953,0.034016914665699005,0.0374717190861702,25.0,,,0.018058564513921738,0.03245995193719864,0.033804669976234436
0,343000,16.796875,,,0.01791663095355034,0.034023258835077286,0.037475910037755966,25.5859375,,,0.01806684583425522,0.03245771303772926,0.033765263855457306
0,344000,15.8203125,,,0.017923321574926376,0.03402934968471527,0.037468321621418,25.390625,,,0.01807747781276703,0.032452017068862915,0.03370971977710724
0,345000,14.6484375,,,0.017929863184690475,0.03403644636273384,0.0374596044421196,24.8046875,,,0.01808871515095234,0.032462239265441895,0.033755529671907425
0,346000,15.625,,,0.01793557032942772,0.03403583541512489,0.037441980093717575,25.1953125,,,0.01809919998049736,0.0324874222278595,0.03390464186668396
0,347000,15.8203125,,,0.017941145226359367,0.034033700823783875,0.03742159903049469,24.8046875,,,0.018108725547790527,0.03251621872186661,0.03407295420765877
0,348000,17.3828125,,,0.017944687977433205,0.03402956202626228,0.03740131855010986,25.5859375,,,0.01812143065035343,0.03254900127649307,0.034267608076334
0,349000,17.578125,,,0.01794630102813244,0.03401632606983185,0.03736891597509384,25.390625,,,0.018131176009774208,0.03257375583052635,0.034426700323820114
0,350000,18.5546875,131,51.171875,0.017948679625988007,0.03400931507349014,0.037356503307819366,25.78125,97,37.890625,0.01813528873026371,0.032582830637693405,0.034476764500141144
0,351000,15.4296875,,,0.017951518297195435,0.03400972858071327,0.03736066073179245,25.0,,,0.018137963488698006,0.03258752077817917,0.034481458365917206
0,352000,19.7265625,,,0.017953865230083466,0.03401366248726845,0.037368293851614,27.34375,,,0.018137691542506218,0.032582756131887436,0.03443845734000206
0,353000,15.234375,,,0.01795828342437744,0.03402630239725113,0.037391792982816696,24.8046875,,,0.01813391223549843,0.03257078677415848,0.03434644266963005
0,354000,15.8203125,,,0.017964547500014305,0.034039661288261414,0.03741580992937088,25.0,,,0.018129348754882812,0.03255089372396469,0.034215208142995834
0,355000,15.234375,,,0.017970364540815353,0.034044697880744934,0.03742223605513573,23.828125,,,0.018126271665096283,0.03253333270549774,0.034077953547239304
0,356000,13.671875,,,0.01797480136156082,0.03404643386602402,0.037414006888866425,25.390625,,,0.018123390153050423,0.03251278027892113,0.03390244394540787
0,357000,16.40625,,,0.017976878210902214,0.03403493016958237,0.03739098459482193,24.609375,,,0.018124626949429512,0.03249288722872734,0.033742278814315796
0,358000,16.015625,,,0.017982028424739838,0.03402973338961601,0.03737970441579819,25.1953125,,,0.018133392557501793,0.0324871689081192,0.033703722059726715
0,359000,15.8203125,,,0.01799018867313862,0.03402898460626602,0.03737013787031174,25.390625,,,0.018145618960261345,0.032482050359249115,0.033669982105493546
0,360000,18.359375,129,50.390625,0.01800067536532879,0.03403419256210327,0.037362925708293915,25.390625,98,38.28125,0.018157459795475006,0.03247147053480148,0.03359995782375336
0,361000,15.0390625,,,0.01801006682217121,0.03404153138399124,0.03736371919512749,24.4140625,,,0.018163766711950302,0.03245572745800018,0.033485326915979385
0,362000,16.015625,,,0.01802029274404049,0.03405914083123207,0.03737881779670715,25.390625,,,0.018175136297941208,0.0324559211730957,0.03347524255514145
0,363000,17.1875,,,0.0180272925645113,0.03406999260187149,0.037387192249298096,25.78125,,,0.018183493986725807,0.03245845437049866,0.033475883305072784
0,364000,14.6484375,,,0.018035536631941795,0.0340813510119915,0.03739306330680847,25.1953125,,,0.018192697316408157,0.03246774896979332,0.03353338688611984
0,365000,14.2578125,,,0.018042150884866714,0.034087277948856354,0.037398699671030045,24.21875,,,0.018198808655142784,0.03246939554810524,0.03351667523384094
0,366000,17.3828125,,,0.0180473942309618,0.03409147262573242,0.037406422197818756,26.3671875,,,0.018207242712378502,0.03247998654842377,0.03358053043484688
0,367000,19.140625,,,0.018052665516734123,0.034102216362953186,0.0374283641576767,27.1484375,,,0.01821681670844555,0.032493870705366135,0.03370111435651779
0,368000,16.9921875,,,0.018060212954878807,0.03412772715091705,0.03747216984629631,25.1953125,,,0.01822698302567005,0.03251626715064049,0.03387735038995743
0,369000,14.6484375,,,0.01806795969605446,0.03415399417281151,0.03751719743013382,25.1953125,,,0.018238293007016182,0.03254448249936104,0.0340859554708004
0,370000,18.1640625,130,50.78125,0.01807636395096779,0.034174345433712006,0.03754829615354538,25.9765625,98,38.28125,0.018249791115522385,0.03255758062005043,0.03415755555033684
0,371000,14.84375,,,0.018083481118083,0.03418517857789993,0.03756212443113327,25.0,,,0.01826458051800728,0.03259500861167908,0.03438103199005127
0,372000,15.8203125,,,0.01809001713991165,0.03419606387615204,0.037578970193862915,25.0,,,0.018272409215569496,0.03260919824242592,0.03443450480699539
0,373000,15.0390625,,,0.018097300082445145,0.0342116504907608,0.03760572522878647,25.0,,,0.018279332667589188,0.032614223659038544,0.03442659229040146
0,374000,18.75,,,0.01810271665453911,0.03422291576862335,0.03762185573577881,25.390625,,,0.01828784868121147,0.032617680728435516,0.03442290052771568
0,375000,16.2109375,,,0.018108123913407326,0.034227896481752396,0.03762286528944969,25.0,,,0.01830165646970272,0.032635413110256195,0.03453449904918671
0,376000,16.015625,,,0.01811341941356659,0.03423383831977844,0.03763189911842346,25.0,,,0.01831659860908985,0.0326661616563797,0.034725360572338104
0,377000,16.796875,,,0.018117643892765045,0.034235887229442596,0.03763296455144882,25.1953125,,,0.018327370285987854,0.03269726037979126,0.03491227328777313
0,378000,15.4296875,,,0.018121903762221336,0.03423193842172623,0.0376279316842556,25.0,,,0.018338210880756378,0.03273310139775276,0.035140879452228546
0,379000,15.8203125,,,0.018127063289284706,0.034227754920721054,0.037615545094013214,25.0,,,0.018347976729273796,0.03277377039194107,0.03538522124290466
0,380000,13.28125,147,57.421875,0.01813151314854622,0.03422526642680168,0.03761061653494835,24.8046875,106,41.40625,0.01834976300597191,0.03279726952314377,0.035515230149030685
0,381000,15.8203125,,,0.018136044964194298,0.03422106057405472,0.03759622201323509,19.3359375,,,0.01835685782134533,0.032810457050800323,0.035582661628723145
0,382000,17.1875,,,0.01814156584441662,0.034220680594444275,0.037586044520139694,26.171875,,,0.018356548622250557,0.032793253660202026,0.035456329584121704
0,383000,16.40625,,,0.01814684271812439,0.03422248363494873,0.037584394216537476,25.1953125,,,0.0183523241430521,0.0327569954097271,0.03518480062484741
0,384000,15.4296875,,,0.018151085823774338,0.03422246873378754,0.03758051618933678,24.8046875,,,0.018352651968598366,0.0327371284365654,0.035016752779483795
0,385000,14.6484375,,,0.018156159669160843,0.03422792628407478,0.037587668746709824,24.609375,,,0.01835411973297596,0.03271509334445,0.03484935685992241
0,386000,15.4296875,,,0.01816113106906414,0.03423790633678436,0.03759758919477463,25.1953125,,,0.018363341689109802,0.032685182988643646,0.03463767096400261
0,387000,18.1640625,,,0.018167223781347275,0.03424667939543724,0.03760438412427902,25.390625,,,0.018371962010860443,0.03265868127346039,0.03443046286702156
0,388000,16.40625,,,0.018174123018980026,0.034259915351867676,0.03762364014983177,25.0,,,0.018382130190730095,0.03265544772148132,0.03437277674674988
0,389000,15.625,,,0.018180858343839645,0.03427112102508545,0.03763710707426071,24.8046875,,,0.018389351665973663,0.03264794871211052,0.03431036323308945
0,390000,16.9921875,133,51.953125,0.01818687468767166,0.034278564155101776,0.03764595091342926,25.390625,99,38.671875,0.018395239487290382,0.032639846205711365,0.03425539284944534
0,391000,16.015625,,,0.018193863332271576,0.03429505228996277,0.037670399993658066,25.0,,,0.018397245556116104,0.032619256526231766,0.03410083428025246
0,392000,16.9921875,,,0.018200485035777092,0.03431066870689392,0.03769679740071297,24.8046875,,,0.01839970424771309,0.032606661319732666,0.03401389718055725
0,393000,15.4296875,,,0.018208175897598267,0.03432384878396988,0.03772025927901268,24.8046875,,,0.018401583656668663,0.032584674656391144,0.03384889289736748
0,394000,14.6484375,,,0.018216976895928383,0.034333474934101105,0.0377361923456192,24.4140625,,,0.018413593992590904,0.03259032964706421,0.03388650342822075
0,395000,14.84375,,,0.018223676830530167,0.034340307116508484,0.03774470090866089,24.8046875,,,0.018423523753881454,0.03260267153382301,0.03398662060499191
0,396000,14.84375,,,0.01823408156633377,0.034358806908130646,0.03778078779578209,24.609375,,,0.018431304022669792,0.03259564936161041,0.03395238146185875
0,397000,15.625,,,0.018244430422782898,0.0343756228685379,0.03781011700630188,24.609375,,,0.01843947358429432,0.03258553147315979,0.03390492498874664
0,398000,18.75,,,0.018254002556204796,0.03439277410507202,0.03783615678548813,25.1953125,,,0.01845216378569603,0.03258797898888588,0.033959947526454926
0,399000,15.625,,,0.018262403085827827,0.03441426903009415,0.03786936029791832,25.0,,,0.018462559208273888,0.03259069845080376,0.03400174900889397
0,400000,14.0625,142,55.46875,0.018269559368491173,0.034435518085956573,0.03789929673075676,24.609375,106,41.40625,0.01846848428249359,0.03258083015680313,0.0339445099234581
0,401000,15.8203125,,,0.018274005502462387,0.03444358706474304,0.0379011407494545,24.8046875,,,0.018475662916898727,0.03256416320800781,0.0338614284992218
0,402000,14.84375,,,0.018278004601597786,0.03444534167647362,0.03789496049284935,24.8046875,,,0.018484314903616905,0.032566510140895844,0.03389477729797363
0,403000,15.8203125,,,0.0182823296636343,0.03444654494524002,0.03789211064577103,24.609375,,,0.01849193312227726,0.03256794065237045,0.03389761969447136
0,404000,16.2109375,,,0.018287815153598785,0.034453414380550385,0.03790092468261719,24.8046875,,,0.018496839329600334,0.03255940601229668,0.033844783902168274
0,405000,18.1640625,,,0.018294155597686768,0.03445673733949661,0.03789854794740677,25.1953125,,,0.01850617676973343,0.032571446150541306,0.033932216465473175
0,406000,16.796875,,,0.01829952374100685,0.03446000814437866,0.037894684821367264,25.390625,,,0.01851314678788185,0.03258589282631874,0.03403526917099953
0,407000,16.015625,,,0.01830705814063549,0.034471720457077026,0.03790635988116264,25.0,,,0.01852114498615265,0.03261565789580345,0.0342203788459301
0,408000,14.453125,,,0.01831326261162758,0.03448626399040222,0.03791914880275726,24.609375,,,0.018530378118157387,0.032662294805049896,0.03448531776666641
0,409000,15.4296875,,,0.01832093857228756,0.03449602425098419,0.03793346509337425,24.0234375,,,0.01853148825466633,0.03268319368362427,0.034585028886795044
0,410000,16.015625,137,53.515625,0.018326856195926666,0.03450169414281845,0.03794684261083603,22.4609375,103,40.234375,0.018535077571868896,0.03268873691558838,0.03460955619812012
0,411000,16.6015625,,,0.018333138898015022,0.034516267478466034,0.03797898069024086,24.8046875,,,0.018541742116212845,0.032703742384910583,0.034673724323511124
0,412000,16.015625,,,0.01834273152053356,0.034545041620731354,0.03803522512316704,25.0,,,0.018544595688581467,0.03271842002868652,0.034681286662817
0,413000,14.2578125,,,0.01835205964744091,0.034569982439279556,0.03808155655860901,24.8046875,,,0.01854771561920643,0.03272077441215515,0.03462984040379524
0,414000,14.2578125,,,0.018359733745455742,0.03458902984857559,0.03811405971646309,24.4140625,,,0.018557045608758926,0.0327233225107193,0.03458220511674881
0,415000,15.625,,,0.018366718664765358,0.034604355692863464,0.03814084455370903,24.8046875,,,0.01857195422053337,0.0327179878950119,0.03452316299080849
0,416000,15.0390625,,,0.018370546400547028,0.03460998088121414,0.038152843713760376,25.0,,,0.018577702343463898,0.03270496428012848,0.03440289944410324
0,417000,14.0625,,,0.018377352505922318,0.03461918607354164,0.03817197307944298,24.8046875,,,0.018585044890642166,0.03268482908606529,0.034235306084156036
0,418000,14.84375,,,0.018387028947472572,0.03462882339954376,0.03819206357002258,24.8046875,,,0.018591761589050293,0.03266054391860962,0.03405171260237694
0,419000,14.84375,,,0.018397483974695206,0.03464150428771973,0.03821198269724846,25.1953125,,,0.018594110384583473,0.032617487013339996,0.033739395439624786
0,420000,16.9921875,136,53.125,0.01840369403362274,0.034649353474378586,0.038222603499889374,25.1953125,103,40.234375,0.018599119037389755,0.032589275389909744,0.03354276344180107
0,421000,14.0625,,,0.01840887777507305,0.034657448530197144,0.038232121616601944,25.0,,,0.01860683597624302,0.03257513791322708,0.033441320061683655
0,422000,15.0390625,,,0.018412228673696518,0.0346672460436821,0.03824988007545471,24.609375,,,0.018616177141666412,0.032571129500865936,0.03340544179081917
0,423000,14.453125,,,0.018414165824651718,0.034672047942876816,0.038260094821453094,24.21875,,,0.018633484840393066,0.032586850225925446,0.03350086882710457
0,424000,15.4296875,,,0.018416404724121094,0.034675292670726776,0.03827008605003357,24.609375,,,0.01865232177078724,0.03260471299290657,0.033599454909563065
0,425000,17.1875,,,0.018420420587062836,0.034677088260650635,0.03828080743551254,25.0,,,0.01866944134235382,0.03262697905302048,0.03372150659561157
0,426000,15.234375,,,0.018426258116960526,0.034682199358940125,0.03829570114612579,24.609375,,,0.018679887056350708,0.032636746764183044,0.033765289932489395
0,427000,13.671875,,,0.018430758267641068,0.03468456491827965,0.03829456865787506,24.609375,,,0.018688088282942772,0.032648831605911255,0.03382091224193573
0,428000,14.2578125,,,0.018435826525092125,0.03468778729438782,0.03828394412994385,23.046875,,,0.01870250143110752,0.032676778733730316,0.03396071493625641
0,429000,16.796875,,,0.018437931314110756,0.034689005464315414,0.03826155886054039,25.1953125,,,0.018716080114245415,0.03269297629594803,0.034031327813863754
0,430000,17.7734375,135,52.734375,0.018441375344991684,0.034693069756031036,0.038253165781497955,25.5859375,101,39.453125,0.018725590780377388,0.03270173817873001,0.03406842052936554
0,431000,16.6015625,,,0.01844705268740654,0.03470798209309578,0.038264669477939606,25.1953125,,,0.0187348835170269,0.03270941227674484,0.03411190211772919
0,432000,16.6015625,,,0.018454227596521378,0.03472324460744858,0.038272224366664886,24.609375,,,0.018736112862825394,0.03269220143556595,0.03401973843574524
0,433000,14.0625,,,0.01846114732325077,0.03472432121634483,0.03826853260397911,24.8046875,,,0.018736569210886955,0.03267618641257286,0.03392311930656433
0,434000,16.2109375,,,0.018466539680957794,0.03472444415092468,0.03826918452978134,24.4140625,,,0.018739717081189156,0.03267590329051018,0.03393085300922394
0,435000,14.6484375,,,0.018470048904418945,0.034726761281490326,0.03827418014407158,21.09375,,,0.01874251663684845,0.032665837556123734,0.03386591374874115
0,436000,15.8203125,,,0.01847255788743496,0.03472498804330826,0.03827763721346855,21.6796875,,,0.01875731721520424,0.03267217054963112,0.033927083015441895
0,437000,15.0390625,,,0.018476387485861778,0.034722764045000076,0.038278304040431976,24.0234375,,,0.018771130591630936,0.03268264979124069,0.033998772501945496
0,438000,14.2578125,,,0.018479712307453156,0.03472115471959114,0.03827396780252457,23.828125,,,0.0187819916754961,0.03269721567630768,0.034090153872966766
0,439000,14.0625,,,0.018486259505152702,0.03472401201725006,0.03826920688152313,20.8984375,,,0.01879691332578659,0.03271328657865524,0.03417113423347473
0,440000,15.8203125,142,55.46875,0.018491854891180992,0.03472919762134552,0.038262706249952316,24.0234375,106,41.40625,0.018807662650942802,0.03270873799920082,0.03410831466317177
0,441000,16.796875,,,0.01849815808236599,0.034737057983875275,0.038262516260147095,25.1953125,,,0.01881105825304985,0.03268732130527496,0.03392801433801651
0,442000,16.6015625,,,0.018504437059164047,0.034747205674648285,0.03827061876654625,25.0,,,0.018818365409970284,0.032683439552783966,0.03386034816503525
0,443000,16.40625,,,0.018510444089770317,0.034761663526296616,0.03828973323106766,25.0,,,0.01883111335337162,0.03270581364631653,0.0339803621172905
0,444000,15.0390625,,,0.018515411764383316,0.034774210304021835,0.03830708563327789,24.4140625,,,0.01884320192039013,0.03273021802306175,0.03410430997610092
0,445000,15.8203125,,,0.01852022111415863,0.03478393703699112,0.03831496089696884,24.0234375,,,0.018861467018723488,0.03276246041059494,0.034279536455869675
0,446000,16.2109375,,,0.018525870516896248,0.03478887677192688,0.03831174969673157,24.609375,,,0.018874863162636757,0.03276956081390381,0.034278370440006256
0,447000,16.015625,,,0.018531545996665955,0.0347890704870224,0.03830855339765549,21.09375,,,0.018883472308516502,0.0327707901597023,0.03425119072198868
0,448000,14.84375,,,0.0185365192592144,0.03479211777448654,0.03831186145544052,19.921875,,,0.01888941414654255,0.03276735171675682,0.034212641417980194
0,449000,15.625,,,0.018540488556027412,0.03478804975748062,0.03830219805240631,23.6328125,,,0.018903013318777084,0.03277648612856865,0.034251317381858826
0,450000,14.6484375,148,57.8125,0.0185479074716568,0.03479651361703873,0.038318488746881485,21.6796875,112,43.75,0.018929574638605118,0.0327908918261528,0.0343620702624321
0,451000,14.6484375,,,0.018557319417595863,0.0348072275519371,0.03834184259176254,23.4375,,,0.01895601861178875,0.03280807286500931,0.034492187201976776
0,452000,15.4296875,,,0.018567243590950966,0.034824274480342865,0.03837288171052933,22.8515625,,,0.0189741849899292,0.03281736746430397,0.03458128124475479
0,453000,17.96875,,,0.018575098365545273,0.03483568876981735,0.03838997334241867,25.390625,,,0.018979990854859352,0.03279155120253563,0.0344659760594368
0,454000,16.6015625,,,0.018581867218017578,0.03484834358096123,0.03840450942516327,24.0234375,,,0.018983030691742897,0.03276742249727249,0.03428855538368225
0,455000,16.015625,,,0.018589824438095093,0.03486768901348114,0.03842858225107193,23.828125,,,0.018990416079759598,0.032773520797491074,0.03426085412502289
0,456000,15.625,,,0.018597470596432686,0.03488026186823845,0.038447581231594086,23.828125,,,0.01900271698832512,0.0328046977519989,0.0344146192073822
0,457000,15.0390625,,,0.01860363595187664,0.03489556536078453,0.03847271949052811,21.484375,,,0.01901746168732643,0.03285114839673042,0.03468097746372223
0,458000,14.6484375,,,0.018609249964356422,0.03491412475705147,0.038501836359500885,21.2890625,,,0.01902891881763935,0.032883286476135254,0.034880973398685455
0,459000,15.4296875,,,0.018615899607539177,0.03493262082338333,0.03852721303701401,23.2421875,,,0.019037984311580658,0.03291020914912224,0.03504868969321251
0,460000,15.4296875,147,57.421875,0.018626393750309944,0.034959398210048676,0.03856614977121353,23.4375,107,41.796875,0.019057312980294228,0.03297177702188492,0.035391032695770264
0,461000,15.0390625,,,0.018636614084243774,0.03498593717813492,0.038612522184848785,24.609375,,,0.019068190827965736,0.03299587965011597,0.03549729287624359
0,462000,14.84375,,,0.018647221848368645,0.03502194583415985,0.0386887788772583,18.75,,,0.0190740954130888,0.032996438443660736,0.035487882792949677
0,463000,15.8203125,,,0.018656719475984573,0.035054631531238556,0.03875887021422386,24.0234375,,,0.019079724326729774,0.03298666700720787,0.03543579950928688
0,464000,17.578125,,,0.01866522990167141,0.03507235646247864,0.038800664246082306,25.390625,,,0.01907922513782978,0.0329560711979866,0.035241033881902695
0,465000,16.6015625,,,0.018674034625291824,0.035078324377536774,0.03881330415606499,25.1953125,,,0.019081490114331245,0.03293465077877045,0.035091839730739594
0,466000,14.84375,,,0.018680665642023087,0.035084933042526245,0.038830846548080444,24.609375,,,0.019084125757217407,0.032934024930000305,0.03509187698364258
0,467000,15.4296875,,,0.018689919263124466,0.03509761393070221,0.03885849937796593,24.8046875,,,0.019088776782155037,0.032926835119724274,0.03503960371017456
0,468000,15.8203125,,,0.01869802549481392,0.03510725870728493,0.038879215717315674,21.6796875,,,0.01909625716507435,0.03292843699455261,0.03506109490990639
0,469000,15.234375,,,0.018705137073993683,0.03511183708906174,0.038886331021785736,24.8046875,,,0.019111929461359978,0.032953113317489624,0.03522568941116333
0,470000,14.453125,148,57.8125,0.018708691000938416,0.035110048949718475,0.03887807950377464,23.4375,108,42.1875,0.019121689721941948,0.03296750411391258,0.03532056510448456
0,471000,14.6484375,,,0.018712513148784637,0.035113006830215454,0.0388777069747448,17.3828125,,,0.019132008776068687,0.03295791149139404,0.03529074043035507
0,472000,14.84375,,,0.018714241683483124,0.03510820120573044,0.03886145353317261,24.21875,,,0.019142504781484604,0.032942790538072586,0.03522181883454323
0,473000,15.625,,,0.018717031925916672,0.03511086851358414,0.03885164484381676,16.9921875,,,0.019148357212543488,0.03291924670338631,0.03509383276104927
0,474000,14.84375,,,0.018719490617513657,0.035117410123348236,0.03884954750537872,23.6328125,,,0.01916213147342205,0.03293994069099426,0.03523669019341469
0,475000,14.453125,,,0.018722206354141235,0.03511914238333702,0.03884582221508026,21.2890625,,,0.019182080402970314,0.03298681229352951,0.035478465259075165
0,476000,15.234375,,,0.01872875727713108,0.035123780369758606,0.038858190178871155,24.8046875,,,0.019196748733520508,0.03300891071557999,0.035550061613321304
0,477000,14.84375,,,0.018737325444817543,0.03513561189174652,0.03888294845819473,24.8046875,,,0.019201429560780525,0.0330013781785965,0.0354481115937233
0,478000,15.8203125,,,0.01874437741935253,0.03515329957008362,0.03891344368457794,25.390625,,,0.019206777215003967,0.03300704061985016,0.035428568720817566
0,479000,15.4296875,,,0.018750805407762527,0.03517020493745804,0.03894014656543732,24.8046875,,,0.01921084336936474,0.033012375235557556,0.03544674068689346
0,480000,15.0390625,143,55.859375,0.01875549927353859,0.03517470508813858,0.03894802927970886,24.8046875,102,39.84375,0.019211528822779655,0.033007338643074036,0.03541991859674454
0,481000,14.453125,,,0.018761051818728447,0.03517935052514076,0.03895816206932068,18.5546875,,,0.019214775413274765,0.03299861401319504,0.03539597615599632
0,482000,15.0390625,,,0.01876654475927353,0.0351848341524601,0.038967475295066833,24.609375,,,0.019222550094127655,0.033001258969306946,0.03543004393577576
0,483000,15.625,,,0.018771987408399582,0.03519154340028763,0.038981981575489044,24.609375,,,0.019231773912906647,0.033013004809617996,0.03551851212978363
0,484000,14.453125,,,0.01877814345061779,0.03520260751247406,0.03900228440761566,17.3828125,,,0.019239941611886024,0.03302568197250366,0.0356096513569355
0,485000,14.6484375,,,0.018784089013934135,0.035213176161050797,0.03901694715023041,24.4140625,,,0.01924137771129608,0.0330047570168972,0.035499751567840576
0,486000,16.015625,,,0.018793655559420586,0.035234250128269196,0.039051130414009094,20.3125,,,0.019240720197558403,0.03297948092222214,0.03542419150471687
0,487000,16.796875,,,0.01880297251045704,0.035265885293483734,0.03910622000694275,25.1953125,,,0.019241971895098686,0.032951802015304565,0.035310693085193634
0,488000,15.625,,,0.018810158595442772,0.035285912454128265,0.0391356498003006,25.0,,,0.01924223080277443,0.03291759639978409,0.03514162451028824
0,489000,16.6015625,,,0.01881583221256733,0.035292793065309525,0.039143651723861694,25.1953125,,,0.019246453419327736,0.03291192650794983,0.0351511687040329
0,490000,15.8203125,143,55.859375,0.018820326775312424,0.03529854118824005,0.0391494445502758,25.0,104,40.625,0.019252024590969086,0.03291327506303787,0.03519778326153755
0,491000,15.625,,,0.01882278546690941,0.03530693054199219,0.039153169840574265,24.8046875,,,0.019256344065070152,0.03292081505060196,0.03525416553020477
0,492000,15.0390625,,,0.018826410174369812,0.03532661870121956,0.0391753688454628,18.9453125,,,0.019258709624409676,0.032918743789196014,0.035252440720796585
0,493000,15.234375,,,0.018830498680472374,0.03533938527107239,0.03918841481208801,24.21875,,,0.01926160417497158,0.032910965383052826,0.0352330282330513
0,494000,15.4296875,,,0.018835702911019325,0.03534751385450363,0.03920040279626846,23.6328125,,,0.019266720861196518,0.032911673188209534,0.03525000810623169
0,495000,15.8203125,,,0.0188407301902771,0.03535117954015732,0.03920385614037514,23.4375,,,0.01927032880485058,0.03292079642415047,0.035339683294296265
0,496000,16.6015625,,,0.018845630809664726,0.03535318747162819,0.039208829402923584,24.609375,,,0.01927422732114792,0.03293114900588989,0.03541941940784454
0,497000,15.234375,,,0.018851472064852715,0.03536304086446762,0.03922699764370918,24.4140625,,,0.019274333491921425,0.03292610123753548,0.03538074716925621
0,498000,15.625,,,0.018855512142181396,0.0353630892932415,0.039224445819854736,24.4140625,,,0.019270164892077446,0.03290582448244095,0.03524300456047058
0,499000,15.625,,,0.018859218806028366,0.03536481410264969,0.03922377526760101,24.4140625,,,0.01927061751484871,0.03290387988090515,0.03524426370859146
1,500000,16.2109375,141,55.078125,0.018862413242459297,0.03537534549832344,0.039239536970853806,24.8046875,101,39.453125,0.019276414066553116,0.03290901333093643,0.03527078032493591
1,501000,23.6328125,,,0.018865864723920822,0.03538559377193451,0.03925842046737671,32.2265625,,,0.019283782690763474,0.03292221203446388,0.03535480424761772
1,502000,19.140625,,,0.01886860467493534,0.035390615463256836,0.039270009845495224,28.125,,,0.019287539646029472,0.03292122483253479,0.03534438833594322
1,503000,15.625,,,0.01887289620935917,0.03539798781275749,0.03928885981440544,24.8046875,,,0.019292140379548073,0.032923612743616104,0.0353473424911499
1,504000,14.84375,,,0.018878011032938957,0.03540373593568802,0.0393078438937664,24.4140625,,,0.019289884716272354,0.032902393490076065,0.035200364887714386
1,505000,18.359375,,,0.01888439618051052,0.035404615104198456,0.03931292146444321,26.3671875,,,0.019287066534161568,0.03288264200091362,0.03509031981229782
1,506000,15.234375,,,0.018892087042331696,0.03541510924696922,0.0393332801759243,22.0703125,,,0.019283287227153778,0.032854486256837845,0.03490869700908661
1,507000,15.0390625,,,0.01889815554022789,0.0354207307100296,0.03934361785650253,24.609375,,,0.019288048148155212,0.032851673662662506,0.034914780408144
1,508000,14.6484375,,,0.01890360377728939,0.03542150557041168,0.03934140130877495,24.0234375,,,0.01929260417819023,0.03285331279039383,0.03489815816283226
1,509000,14.6484375,,,0.018910907208919525,0.035434067249298096,0.03936183452606201,19.3359375,,,0.01930294930934906,0.03287367522716522,0.03500331938266754
1,510000,16.40625,141,55.078125,0.01891685463488102,0.035439979285001755,0.03936401382088661,18.1640625,105,41.015625,0.019317276775836945,0.032898589968681335,0.035161200910806656
1,511000,15.4296875,,,0.01892508752644062,0.03546003997325897,0.03938900679349899,25.390625,,,0.01932700350880623,0.03291328251361847,0.035240933299064636
1,512000,14.2578125,,,0.018930241465568542,0.0354764424264431,0.03940512239933014,24.8046875,,,0.019336560741066933,0.032941583544015884,0.03541141748428345
1,513000,15.0390625,,,0.018937932327389717,0.035498447716236115,0.03942994773387909,17.1875,,,0.019349534064531326,0.03298688679933548,0.03569462150335312
1,514000,17.3828125,,,0.018948132172226906,0.03553079813718796,0.039480745792388916,23.828125,,,0.01935702934861183,0.03300124406814575,0.035804033279418945
1,515000,16.796875,,,0.018957560881972313,0.035551466047763824,0.03951562941074371,25.78125,,,0.019360829144716263,0.03300505131483078,0.03582501783967018
1,516000,15.4296875,,,0.018965814262628555,0.03556649014353752,0.039541926234960556,24.0234375,,,0.019363228231668472,0.03300502523779869,0.03579631820321083
1,517000,14.2578125,,,0.018973836675286293,0.035570770502090454,0.03954748064279556,18.9453125,,,0.019373150542378426,0.03303771838545799,0.03596801310777664
1,518000,15.4296875,,,0.018982375040650368,0.03557591885328293,0.03955448418855667,20.703125,,,0.019380608573555946,0.03304646164178848,0.03600730001926422
1,519000,15.8203125,,,0.01898888498544693,0.03558073192834854,0.03956075757741928,18.5546875,,,0.019388467073440552,0.033045340329408646,0.036021433770656586
1,520000,15.0390625,148,57.8125,0.018993785604834557,0.035580385476350784,0.03954945504665375,21.2890625,113,44.140625,0.019394299015402794,0.03304564952850342,0.03605993092060089
1,521000,14.84375,,,0.018998725339770317,0.03558512032032013,0.0395413301885128,19.921875,,,0.019404657185077667,0.03307022526860237,0.036203667521476746
1,522000,15.0390625,,,0.01900392957031727,0.03558947518467903,0.039543282240629196,15.234375,,,0.019421081990003586,0.03312164172530174,0.03642643243074417
1,523000,16.015625,,,0.019007351249456406,0.035594239830970764,0.0395464152097702,25.5859375,,,0.01943018101155758,0.033144086599349976,0.03650470823049545
1,524000,15.4296875,,,0.019012009724974632,0.03560062497854233,0.039551034569740295,22.8515625,,,0.019436175003647804,0.03314788639545441,0.03646852448582649
1,525000,15.625,,,0.019014103338122368,0.03559429943561554,0.039530523121356964,25.1953125,,,0.01944323442876339,0.03315640240907669,0.03648124262690544
1,526000,14.84375,,,0.019017323851585388,0.035588931292295456,0.03951667249202728,24.21875,,,0.019447386264801025,0.03315836563706398,0.03646502271294594
1,527000,15.234375,,,0.019021321088075638,0.03558319807052612,0.03950698673725128,21.484375,,,0.01944819837808609,0.03314853087067604,0.036369699984788895
1,528000,15.8203125,,,0.019024308770895004,0.035573720932006836,0.039490845054388046,22.8515625,,,0.01944669894874096,0.033124931156635284,0.03619489073753357
1,529000,14.84375,,,0.019027192145586014,0.035570353269577026,0.039485182613134384,23.6328125,,,0.019448595121502876,0.03311806172132492,0.03614003211259842
1,530000,15.234375,149,58.203125,0.0190317090600729,0.03557144105434418,0.03948282450437546,14.84375,116,45.3125,0.019454900175333023,0.033113472163677216,0.036144621670246124
1,531000,15.234375,,,0.01903941109776497,0.03558282181620598,0.039494749158620834,21.09375,,,0.01946123316884041,0.033102162182331085,0.0361623615026474
1,532000,16.015625,,,0.019046010449528694,0.03558051586151123,0.03948908671736717,15.8203125,,,0.019469717517495155,0.03309661149978638,0.0362328365445137
1,533000,15.625,,,0.019051725044846535,0.035575926303863525,0.039483316242694855,25.0,,,0.019478334113955498,0.03308602422475815,0.036295123398303986
1,534000,16.015625,,,0.019056672230362892,0.035574689507484436,0.039480626583099365,14.84375,,,0.01948542892932892,0.03307948261499405,0.03634943440556526
1,535000,14.84375,,,0.019062750041484833,0.03557198494672775,0.03947220742702484,23.046875,,,0.019495075568556786,0.033087048679590225,0.03646804392337799
1,536000,15.4296875,,,0.019067764282226562,0.03557455539703369,0.03947194665670395,22.65625,,,0.019499314948916435,0.033079564571380615,0.03644643723964691
1,537000,15.4296875,,,0.01907135173678398,0.03557977080345154,0.03947881981730461,14.0625,,,0.019504446536302567,0.033075299113988876,0.03646352142095566
1,538000,16.015625,,,0.01907479576766491,0.035586025565862656,0.039489954710006714,22.4609375,,,0.01951032690703869,0.03307648003101349,0.0365462601184845
1,539000,14.6484375,,,0.019079411402344704,0.0355951264500618,0.03950679302215576,24.4140625,,,0.0195132065564394,0.03307833522558212,0.036550261080265045
1,540000,14.453125,149,58.203125,0.019083790481090546,0.03560284152626991,0.039516545832157135,19.921875,109,42.578125,0.01950916089117527,0.033060528337955475,0.03643368184566498
1,541000,14.6484375,,,0.019088152796030045,0.035603366792201996,0.03951427340507507,14.6484375,,,0.019517047330737114,0.033068034797906876,0.03655753284692764
1,542000,15.4296875,,,0.019092824310064316,0.03560369089245796,0.0395146906375885,16.6015625,,,0.019530175253748894,0.033093709498643875,0.036852944642305374
1,543000,15.4296875,,,0.019099052995443344,0.035611942410469055,0.0395236574113369,14.2578125,,,0.019539328292012215,0.03310949727892876,0.03706331551074982
1,544000,14.84375,,,0.019103167578577995,0.035617150366306305,0.039531417191028595,17.1875,,,0.019543148577213287,0.0331069752573967,0.037102825939655304
1,545000,15.4296875,,,0.019108328968286514,0.03563027083873749,0.03955652937293053,17.7734375,,,0.019540974870324135,0.03308107331395149,0.0367884635925293
1,546000,14.84375,,,0.01911209337413311,0.03563303127884865,0.03955857455730438,17.578125,,,0.019536936655640602,0.033055391162633896,0.03643529862165451
1,547000,15.4296875,,,0.01911606267094612,0.03564423322677612,0.039571747183799744,16.40625,,,0.01953485980629921,0.03303464502096176,0.03622763603925705
1,548000,14.6484375,,,0.019119681790471077,0.035661518573760986,0.03959538787603378,18.359375,,,0.019537145271897316,0.033023469150066376,0.036149799823760986
1,549000,14.453125,,,0.019124416634440422,0.03567592054605484,0.03961329907178879,14.453125,,,0.019547414034605026,0.03304336220026016,0.03631775453686714
1,550000,14.6484375,149,58.203125,0.01913103088736534,0.035683490335941315,0.03962676227092743,13.28125,131,51.171875,0.019562626257538795,0.033081308007240295,0.03653498739004135
1,551000,14.84375,,,0.01913546398282051,0.03568120673298836,0.03963363915681839,14.0625,,,0.019575627520680428,0.03312354162335396,0.036662038415670395
1,552000,15.0390625,,,0.019140243530273438,0.035681210458278656,0.03964617848396301,13.0859375,,,0.0195858683437109,0.03316446766257286,0.03667496144771576
1,553000,14.453125,,,0.019146068021655083,0.035684436559677124,0.03965723514556885,22.0703125,,,0.01959402859210968,0.033195387572050095,0.03654082864522934
1,554000,15.0390625,,,0.01915147714316845,0.035685956478118896,0.03965996205806732,20.8984375,,,0.019602155312895775,0.033223707228899,0.036463744938373566
1,555000,14.2578125,,,0.019157852977514267,0.03569589555263519,0.03967081755399704,13.8671875,,,0.01961074210703373,0.03325244039297104,0.03650689125061035
1,556000,14.84375,,,0.01916770450770855,0.03571862727403641,0.03969273343682289,13.8671875,,,0.019617995247244835,0.03326856344938278,0.03647460415959358
1,557000,14.453125,,,0.01917714811861515,0.03573229908943176,0.03969750180840492,13.0859375,,,0.019628705456852913,0.03328218311071396,0.03646131977438927
1,558000,15.0390625,,,0.01918596774339676,0.03574345260858536,0.039700474590063095,14.453125,,,0.01963675394654274,0.033282965421676636,0.03639117628335953
1,559000,14.84375,,,0.019196270033717155,0.03576405346393585,0.039724238216876984,13.8671875,,,0.01965434104204178,0.03330278769135475,0.03650166839361191
1,560000,14.84375,148,57.8125,0.01920689456164837,0.035781942307949066,0.039764873683452606,15.234375,110,42.96875,0.019665077328681946,0.033295001834630966,0.036488719284534454
1,561000,15.0390625,,,0.019216133281588554,0.03579484298825264,0.039793964475393295,14.6484375,,,0.01966511271893978,0.03325314819812775,0.03624960407614708
1,562000,14.6484375,,,0.01922549121081829,0.03580888733267784,0.03982459753751755,21.875,,,0.019663287326693535,0.03320907801389694,0.03598057106137276
1,563000,16.796875,,,0.019233670085668564,0.03580893576145172,0.03982999920845032,16.796875,,,0.019662942737340927,0.03317897021770477,0.035790085792541504
1,564000,15.4296875,,,0.01924009807407856,0.03580969572067261,0.039841048419475555,18.5546875,,,0.019666261970996857,0.03317118063569069,0.03573964536190033
1,565000,14.453125,,,0.01924680918455124,0.03581175208091736,0.039850734174251556,14.2578125,,,0.019676364958286285,0.03319335728883743,0.035879988223314285
1,566000,14.2578125,,,0.01925201527774334,0.03581322729587555,0.03984234482049942,24.0234375,,,0.019686101004481316,0.033222515136003494,0.03607155382633209
1,567000,14.453125,,,0.01925985887646675,0.03581255301833153,0.0398092083632946,15.4296875,,,0.01969996653497219,0.03325983136892319,0.03629395365715027
1,568000,14.6484375,,,0.019269151613116264,0.03581703454256058,0.03978796303272247,14.0625,,,0.01970912143588066,0.03327334672212601,0.03635009005665779
1,569000,14.0625,,,0.019276931881904602,0.03581848368048668,0.03976400941610336,14.453125,,,0.019711656495928764,0.033263593912124634,0.03625338524580002
1,570000,14.2578125,151,58.984375,0.019286682829260826,0.03583405166864395,0.03976757079362869,13.28125,136,53.125,0.019708482548594475,0.03323300555348396,0.03599143028259277
1,571000,14.2578125,,,0.019294679164886475,0.03584364056587219,0.03976431488990784,13.0859375,,,0.01970919407904148,0.03322094306349754,0.03580772876739502
1,572000,15.4296875,,,0.01930192857980728,0.03585568070411682,0.03977365791797638,16.015625,,,0.01971239596605301,0.03322416543960571,0.03569651022553444
1,573000,14.453125,,,0.019309429451823235,0.035869356244802475,0.03979843854904175,13.8671875,,,0.0197160504758358,0.03322763741016388,0.03563042730093002
1,574000,14.6484375,,,0.019314702600240707,0.035878121852874756,0.039822135120630264,14.2578125,,,0.019716901704669,0.03321615979075432,0.035493798553943634
1,575000,15.234375,,,0.01931924745440483,0.03588585928082466,0.039844490587711334,15.0390625,,,0.01972564496099949,0.03323595970869064,0.03558175265789032
1,576000,15.4296875,,,0.019322166219353676,0.035892561078071594,0.039860062301158905,23.4375,,,0.019735025241971016,0.0332668237388134,0.03575534373521805
1,577000,14.84375,,,0.019327301532030106,0.03590456023812294,0.039878495037555695,23.828125,,,0.01974780671298504,0.0333080030977726,0.03598710894584656
1,578000,15.0390625,,,0.019332287833094597,0.03590787947177887,0.03987852856516838,16.796875,,,0.01975913904607296,0.033328618854284286,0.036082882434129715
1,579000,16.2109375,,,0.019335754215717316,0.03590520843863487,0.03988232463598251,17.7734375,,,0.019772084429860115,0.03333840146660805,0.0361461378633976
1,580000,15.625,151,58.984375,0.019339188933372498,0.035900332033634186,0.03988424688577652,24.609375,107,41.796875,0.019788483157753944,0.03337531536817551,0.036367300897836685
1,581000,14.453125,,,0.01934439316391945,0.035912223160266876,0.03991314396262169,19.921875,,,0.019801273941993713,0.03342193365097046,0.036614663898944855
1,582000,15.4296875,,,0.019352557137608528,0.0359346941113472,0.039952490478754044,16.2109375,,,0.019812170416116714,0.03346193954348564,0.03682969510555267
1,583000,15.4296875,,,0.019363757222890854,0.035947322845458984,0.03998318314552307,14.84375,,,0.019812848418951035,0.0334816500544548,0.03694431111216545
1,584000,15.4296875,,,0.019374653697013855,0.03595130145549774,0.03999356925487518,14.2578125,,,0.019810479134321213,0.03348274528980255,0.0369555726647377
1,585000,15.8203125,,,0.01938261091709137,0.0359533429145813,0.03999001532793045,24.8046875,,,0.019812995567917824,0.03349360078573227,0.037030577659606934
1,586000,15.625,,,0.01938643679022789,0.03594113141298294,0.03997134417295456,24.609375,,,0.019812576472759247,0.033502571284770966,0.037104249000549316
1,587000,14.84375,,,0.01938892900943756,0.03593488410115242,0.03995678946375847,24.4140625,,,0.01980951800942421,0.033490270376205444,0.03703415393829346
1,588000,15.625,,,0.01939261704683304,0.035939596593379974,0.03996042534708977,20.3125,,,0.01980750449001789,0.033471882343292236,0.036903396248817444
1,589000,14.84375,,,0.01939687505364418,0.03595782071352005,0.03999564051628113,16.6015625,,,0.01980542577803135,0.033443108201026917,0.036696940660476685
1,590000,15.0390625,147,57.421875,0.01940011978149414,0.03596379607915878,0.04001251608133316,15.234375,112,43.75,0.01979970559477806,0.03341304883360863,0.03649890422821045
1,591000,15.234375,,,0.01940411888062954,0.03597038984298706,0.040026336908340454,24.8046875,,,0.019806446507573128,0.0334063284099102,0.03649269789457321
1,592000,16.40625,,,0.01941041648387909,0.03600017726421356,0.04008382186293602,25.1953125,,,0.019820259883999825,0.033412735909223557,0.03657746687531471
1,593000,15.625,,,0.01941782422363758,0.036030113697052,0.040143270045518875,24.4140625,,,0.019833024591207504,0.0334235355257988,0.03666810318827629
1,594000,15.625,,,0.01942669227719307,0.03605232387781143,0.040188368409872055,24.21875,,,0.019843755289912224,0.033436715602874756,0.03672211617231369
1,595000,15.0390625,,,0.01943560130894184,0.036078933626413345,0.0402352511882782,24.609375,,,0.01985442452132702,0.03345523029565811,0.036791376769542694
1,596000,16.6015625,,,0.01943916268646717,0.036074817180633545,0.04022940993309021,24.8046875,,,0.019872555509209633,0.033476755023002625,0.03684679791331291
1,597000,16.40625,,,0.019442513585090637,0.03605993464589119,0.04019763693213463,25.1953125,,,0.01988166570663452,0.03346534073352814,0.036710791289806366
1,598000,16.796875,,,0.019446276128292084,0.036049485206604004,0.040173713117837906,25.5859375,,,0.019887425005435944,0.03345218300819397,0.03660545125603676
1,599000,15.625,,,0.01945045217871666,0.036036714911460876,0.040139541029930115,24.4140625,,,0.019893238320946693,0.0334341786801815,0.03646673262119293
1,600000,15.4296875,148,57.8125,0.019453059881925583,0.03603044152259827,0.04010884463787079,23.4375,109,42.578125,0.019902421161532402,0.03343432396650314,0.0364544652402401
1,601000,16.6015625,,,0.019454872235655785,0.03603497892618179,0.040105730295181274,25.5859375,,,0.01991208828985691,0.03343973308801651,0.03646635636687279
1,602000,15.8203125,,,0.019456669688224792,0.03604232147336006,0.04011356085538864,24.4140625,,,0.01992073841392994,0.033460766077041626,0.03656342998147011
1,603000,15.234375,,,0.01945897750556469,0.03604904189705849,0.04012208431959152,13.8671875,,,0.019925568252801895,0.03348248451948166,0.03666370362043381
1,604000,14.6484375,,,0.019462354481220245,0.036067791283130646,0.040155500173568726,24.21875,,,0.019928153604269028,0.033492181450128555,0.036691680550575256
1,605000,15.625,,,0.019469326362013817,0.03609845042228699,0.04021148011088371,18.9453125,,,0.019929561764001846,0.03349756821990013,0.03669019043445587
1,606000,16.015625,,,0.019477959722280502,0.0361286960542202,0.04027118906378746,24.8046875,,,0.019931040704250336,0.03350339084863663,0.036708805710077286
1,607000,15.4296875,,,0.019488424062728882,0.03615950793027878,0.04034164175391197,16.6015625,,,0.01993660070002079,0.033498652279376984,0.03669145330786705
1,608000,16.015625,,,0.01949494704604149,0.036173444241285324,0.04037398099899292,25.0,,,0.019945450127124786,0.03349156305193901,0.0366487093269825
1,609000,15.8203125,,,0.019501198083162308,0.03618108108639717,0.04039304330945015,16.6015625,,,0.01995220221579075,0.033467717468738556,0.03651640564203262
1,610000,15.4296875,148,57.8125,0.01950758695602417,0.036190278828144073,0.04041076451539993,15.234375,118,46.09375,0.019956514239311218,0.033453404903411865,0.03644533455371857
1,611000,15.625,,,0.01951393112540245,0.03619992733001709,0.04043455421924591,16.2109375,,,0.019954336807131767,0.03341641649603844,0.03620985522866249
1,612000,16.015625,,,0.019521532580256462,0.03621470183134079,0.04045600816607475,16.40625,,,0.01995435543358326,0.03338101878762245,0.03598352149128914
1,613000,16.6015625,,,0.019530175253748894,0.03623521327972412,0.040475983172655106,25.78125,,,0.019961552694439888,0.0333821177482605,0.03599250689148903
1,614000,15.8203125,,,0.019537460058927536,0.036252960562705994,0.040474362671375275,24.21875,,,0.01997418701648712,0.03341355174779892,0.036206215620040894
1,615000,15.234375,,,0.019542912021279335,0.036256082355976105,0.040441203862428665,15.625,,,0.019985569640994072,0.0334317609667778,0.03634188324213028
1,616000,15.8203125,,,0.01954735815525055,0.036253515630960464,0.04040341079235077,25.1953125,,,0.01999860443174839,0.03345237672328949,0.03648301213979721
1,617000,16.2109375,,,0.01955329440534115,0.03625421226024628,0.04038781672716141,24.8046875,,,0.020006464794278145,0.03345511853694916,0.03651617839932442
1,618000,15.8203125,,,0.01955808699131012,0.036254968494176865,0.04037857800722122,24.8046875,,,0.020015038549900055,0.03346749022603035,0.036602701991796494
1,619000,15.234375,,,0.0195607990026474,0.0362553708255291,0.040378183126449585,17.3828125,,,0.02001933567225933,0.03347156196832657,0.036625441163778305
1,620000,15.625,148,57.8125,0.01956452988088131,0.036258772015571594,0.04037078842520714,16.40625,116,45.3125,0.020020557567477226,0.033456481993198395,0.03653166443109512
1,621000,15.4296875,,,0.019567638635635376,0.03625702112913132,0.04036247357726097,23.4375,,,0.020023057237267494,0.03344917297363281,0.03649420291185379
1,622000,15.625,,,0.01957080140709877,0.03626241534948349,0.04035891592502594,14.453125,,,0.02002483420073986,0.033454108983278275,0.036488376557826996
1,623000,15.4296875,,,0.019574863836169243,0.03627554699778557,0.04037389159202576,15.0390625,,,0.020031597465276718,0.03347662836313248,0.036610882729291916
1,624000,16.2109375,,,0.019579241052269936,0.03629162162542343,0.04041077196598053,15.234375,,,0.02004348859190941,0.03351274132728577,0.03683503717184067
1,625000,15.625,,,0.019586483016610146,0.0363224595785141,0.04047151654958725,24.4140625,,,0.02005293034017086,0.033546313643455505,0.03702311962842941
1,626000,15.4296875,,,0.019592707976698875,0.03634154796600342,0.04050414264202118,23.828125,,,0.0200569499284029,0.03354873135685921,0.03705296292901039
1,627000,15.4296875,,,0.019598545506596565,0.03635011240839958,0.04052057862281799,15.0390625,,,0.020060265436768532,0.03354188799858093,0.03704294189810753
1,628000,15.8203125,,,0.01960306614637375,0.03635713458061218,0.040543023496866226,14.453125,,,0.020071880891919136,0.0335526205599308,0.037146251648664474
1,629000,14.84375,,,0.01960626058280468,0.036359287798404694,0.040550876408815384,14.6484375,,,0.020082851871848106,0.03355785086750984,0.037202298641204834
1,630000,15.0390625,150,58.59375,0.019606851041316986,0.03635844588279724,0.040551573038101196,14.84375,118,46.09375,0.020091500133275986,0.03355831652879715,0.03720150887966156
1,631000,15.234375,,,0.019606247544288635,0.036358319222927094,0.0405389741063118,20.1171875,,,0.020108278840780258,0.03356792777776718,0.03729468956589699
1,632000,15.234375,,,0.019607063382864,0.03635772317647934,0.04052779823541641,17.3828125,,,0.020122384652495384,0.033566925674676895,0.037302661687135696
1,633000,15.0390625,,,0.01960730366408825,0.03635154291987419,0.04050048440694809,14.6484375,,,0.020140526816248894,0.03358246386051178,0.037406254559755325
1,634000,15.234375,,,0.01960883103311062,0.03634375333786011,0.04048214852809906,20.1171875,,,0.020158912986516953,0.033599480986595154,0.03760085999965668
1,635000,14.84375,,,0.019613904878497124,0.036344729363918304,0.040482934564352036,14.453125,,,0.020180081948637962,0.03363422304391861,0.037879861891269684
1,636000,14.84375,,,0.019618844613432884,0.0363454595208168,0.04048769921064377,16.40625,,,0.020193984732031822,0.03365880995988846,0.038021497428417206
1,637000,15.625,,,0.019624002277851105,0.03634626418352127,0.04049813002347946,14.6484375,,,0.020205195993185043,0.033681172877550125,0.0380849614739418
1,638000,15.0390625,,,0.01962941512465477,0.03634772449731827,0.0404997393488884,21.875,,,0.020210999995470047,0.03369680419564247,0.03804153949022293
1,639000,15.4296875,,,0.019634105265140533,0.036353956907987595,0.040517862886190414,22.265625,,,0.020214857533574104,0.033700957894325256,0.03794580698013306
1,640000,15.0390625,151,58.984375,0.019638950005173683,0.03636965900659561,0.04055795073509216,21.875,113,44.140625,0.020218437537550926,0.033712081611156464,0.0379159152507782
1,641000,15.0390625,,,0.019645698368549347,0.03638583794236183,0.040596187114715576,23.4375,,,0.02022366225719452,0.033729612827301025,0.03792379051446915
1,642000,15.625,,,0.019653134047985077,0.03639873117208481,0.0406234972178936,23.6328125,,,0.020229753106832504,0.03376128152012825,0.038025882095098495
1,643000,15.4296875,,,0.01965942606329918,0.036402277648448944,0.04063447564840317,23.6328125,,,0.02023175358772278,0.03377204388380051,0.038039930164813995
1,644000,15.0390625,,,0.019666587933897972,0.03640911355614662,0.04063868522644043,23.4375,,,0.020231937989592552,0.033772148191928864,0.03800612688064575
1,645000,15.8203125,,,0.0196735430508852,0.03641236945986748,0.04063254967331886,16.796875,,,0.020228909328579903,0.033747002482414246,0.03784304857254028
1,646000,14.453125,,,0.019677910953760147,0.03641100600361824,0.04062322899699211,14.6484375,,,0.020222585648298264,0.033707741647958755,0.03756331279873848
1,647000,15.234375,,,0.01968197710812092,0.03641132265329361,0.04061559960246086,14.6484375,,,0.020217906683683395,0.03367011994123459,0.03728559613227844
1,648000,15.625,,,0.019685665145516396,0.036411091685295105,0.04060089588165283,15.4296875,,,0.020214851945638657,0.033629316836595535,0.03701022267341614
1,649000,15.234375,,,0.019688637927174568,0.036413222551345825,0.04059538245201111,15.0390625,,,0.020218072459101677,0.0336180217564106,0.03689182177186012
1,650000,15.234375,151,58.984375,0.01968882977962494,0.036422476172447205,0.04059920459985733,16.796875,114,44.53125,0.020231764763593674,0.03362809866666794,0.03692089021205902
1,651000,15.234375,,,0.019690444692969322,0.03643094003200531,0.040611688047647476,15.625,,,0.020243193954229355,0.03363799303770065,0.0369625985622406
1,652000,15.234375,,,0.019693829119205475,0.03644031286239624,0.040635403245687485,23.4375,,,0.02025335282087326,0.0336482860147953,0.036987803876399994
1,653000,15.4296875,,,0.019697701558470726,0.03645379841327667,0.04066261649131775,23.046875,,,0.02026664838194847,0.033681392669677734,0.037142567336559296
1,654000,14.84375,,,0.019701924175024033,0.03647187352180481,0.04070042818784714,23.046875,,,0.020278263837099075,0.03372533991932869,0.03735800459980965
1,655000,14.84375,,,0.01970795914530754,0.036480531096458435,0.040727026760578156,16.796875,,,0.020281953737139702,0.03374294191598892,0.03744250908493996
1,656000,15.0390625,,,0.019714584574103355,0.03648797422647476,0.04074237123131752,15.234375,,,0.02027757279574871,0.0337291918694973,0.03735954686999321
1,657000,15.4296875,,,0.01971929334104061,0.036492038518190384,0.04074419289827347,16.796875,,,0.020274212583899498,0.03372401371598244,0.037322551012039185
1,658000,15.234375,,,0.01972479373216629,0.036499232053756714,0.04075980931520462,22.65625,,,0.020269310101866722,0.03371923416852951,0.03727477043867111
1,659000,15.234375,,,0.0197296105325222,0.036511145532131195,0.0408073365688324,15.4296875,,,0.02026459388434887,0.03370428830385208,0.03718019276857376
1,660000,15.0390625,152,59.375,0.019732432439923286,0.03652699291706085,0.04086168110370636,15.0390625,121,47.265625,0.020266957581043243,0.03370553255081177,0.03719532489776611
1,661000,15.234375,,,0.019735263660550117,0.03655353933572769,0.04091794043779373,16.015625,,,0.020273378118872643,0.033722735941410065,0.03729720413684845
1,662000,15.234375,,,0.019737744703888893,0.03657297417521477,0.04095230624079704,22.8515625,,,0.02027752250432968,0.033729709684848785,0.03734079748392105
1,663000,15.234375,,,0.019740620627999306,0.03659553825855255,0.0409863106906414,22.265625,,,0.020281193777918816,0.03373241424560547,0.037359848618507385
1,664000,15.0390625,,,0.0197454784065485,0.03661566227674484,0.04101758450269699,19.3359375,,,0.020286912098526955,0.033738844096660614,0.037396010011434555
1,665000,14.6484375,,,0.01975187100470066,0.036635976284742355,0.04104788601398468,13.8671875,,,0.020294979214668274,0.033741019666194916,0.037400953471660614
1,666000,14.6484375,,,0.019757920876145363,0.03665701299905777,0.041071292012929916,14.6484375,,,0.020304646342992783,0.03374122083187103,0.03740489482879639
1,667000,14.84375,,,0.019762951880693436,0.03667759522795677,0.041099708527326584,19.921875,,,0.020312799140810966,0.03374820947647095,0.03743363544344902
1,668000,14.6484375,,,0.019766835495829582,0.03669138252735138,0.041121482849121094,22.65625,,,0.020320769399404526,0.03376990929245949,0.03752879798412323
1,669000,15.0390625,,,0.019770486280322075,0.03670281544327736,0.04114951193332672,21.875,,,0.020325157791376114,0.033775266259908676,0.037538010627031326
1,670000,15.234375,148,57.8125,0.019773446023464203,0.03671489283442497,0.04118483513593674,22.0703125,110,42.96875,0.02032644674181938,0.033767782151699066,0.03747361898422241
1,671000,15.234375,,,0.019777530804276466,0.0367283932864666,0.04121488332748413,20.1171875,,,0.0203242264688015,0.03374824672937393,0.037337809801101685
1,672000,14.84375,,,0.01978152245283127,0.03674165904521942,0.04123861342668533,14.6484375,,,0.020319512113928795,0.03372451663017273,0.03718448430299759
1,673000,15.234375,,,0.019787335768342018,0.03674536943435669,0.04126707464456558,14.84375,,,0.020322883501648903,0.03370574861764908,0.03708694130182266
1,674000,15.234375,,,0.019792946055531502,0.036749664694070816,0.041299037635326385,18.9453125,,,0.02032736875116825,0.033685699105262756,0.036991000175476074
1,675000,14.84375,,,0.019798532128334045,0.03676535189151764,0.04132750257849693,19.921875,,,0.02033531665802002,0.0336897075176239,0.03700917959213257
1,676000,15.4296875,,,0.01980464532971382,0.03678843379020691,0.041360750794410706,22.265625,,,0.020340507850050926,0.0336943157017231,0.03701019287109375
1,677000,15.0390625,,,0.019808681681752205,0.0368070974946022,0.041375208646059036,18.9453125,,,0.020347997546195984,0.03371451050043106,0.03709565848112106
1,678000,15.234375,,,0.019810566678643227,0.03681667894124985,0.041367307305336,16.40625,,,0.0203575249761343,0.03373609483242035,0.03719743341207504
1,679000,15.0390625,,,0.019812753424048424,0.03682376444339752,0.04135395213961601,16.2109375,,,0.020366789773106575,0.033756352961063385,0.03728914260864258
1,680000,15.4296875,150,58.59375,0.019814832136034966,0.03683368116617203,0.04135425016283989,16.2109375,121,47.265625,0.020372655242681503,0.03377605974674225,0.03734200820326805
1,681000,15.234375,,,0.019816961139440536,0.03683921694755554,0.04134786128997803,19.921875,,,0.020379483699798584,0.03379715234041214,0.03742217645049095
1,682000,15.8203125,,,0.019819514825940132,0.036838047206401825,0.04133392870426178,20.3125,,,0.020381223410367966,0.03378700092434883,0.03735426813364029
1,683000,15.234375,,,0.019821956753730774,0.036834508180618286,0.04131735488772392,21.6796875,,,0.020381012931466103,0.03377274051308632,0.03726827725768089
1,684000,15.0390625,,,0.01982451044023037,0.03683321177959442,0.0413103848695755,15.4296875,,,0.020380739122629166,0.033759165555238724,0.03716590255498886
1,685000,15.234375,,,0.019827011972665787,0.03684404492378235,0.04132840409874916,15.234375,,,0.02038750983774662,0.03377446532249451,0.03725884482264519
1,686000,14.84375,,,0.019832046702504158,0.036863505840301514,0.04137071967124939,17.1875,,,0.020389148965477943,0.03377697989344597,0.037261731922626495
1,687000,14.6484375,,,0.019836729392409325,0.03686889261007309,0.041381582617759705,18.75,,,0.020389774814248085,0.03378138691186905,0.037237439304590225
1,688000,15.0390625,,,0.01984095200896263,0.03686830401420593,0.04141247272491455,18.75,,,0.020389888435602188,0.033791519701480865,0.037118878215551376
1,689000,15.4296875,,,0.019846061244606972,0.03687455132603645,0.04145142808556557,15.234375,,,0.0203884057700634,0.03379261866211891,0.03698131442070007
1,690000,14.453125,153,59.765625,0.019850781187415123,0.0368858277797699,0.04148903116583824,21.484375,114,44.53125,0.020391281694173813,0.0338025763630867,0.03696206212043762
1,691000,15.4296875,,,0.019854245707392693,0.036898862570524216,0.04152499511837959,22.0703125,,,0.020396778360009193,0.03381751477718353,0.037000060081481934
1,692000,14.6484375,,,0.01985938660800457,0.03692778944969177,0.04159066826105118,21.484375,,,0.02040654420852661,0.033843714743852615,0.037119656801223755
1,693000,14.6484375,,,0.019866105169057846,0.03695831075310707,0.04164674133062363,14.453125,,,0.020414814352989197,0.03385062888264656,0.03718602657318115
1,694000,15.0390625,,,0.01987009309232235,0.03697572648525238,0.041674211621284485,19.921875,,,0.020420407876372337,0.03385545313358307,0.03723019361495972
1,695000,14.6484375,,,0.01987491361796856,0.037006035447120667,0.041735582053661346,15.234375,,,0.02042393386363983,0.033849697560071945,0.03720688447356224
1,696000,15.234375,,,0.01987888477742672,0.0370342954993248,0.0417923741042614,15.0390625,,,0.020425403490662575,0.033844687044620514,0.03717296943068504
1,697000,15.234375,,,0.019883573055267334,0.03704911842942238,0.041831593960523605,21.875,,,0.020425908267498016,0.033837273716926575,0.03711995482444763
1,698000,14.84375,,,0.01988876424729824,0.0370606929063797,0.041863661259412766,20.1171875,,,0.020424792543053627,0.033833593130111694,0.037078503519296646
1,699000,15.0390625,,,0.019893566146492958,0.0370701439678669,0.04189026355743408,21.875,,,0.02042773924767971,0.033856332302093506,0.037161651998758316
1,700000,15.234375,151,58.984375,0.019897934049367905,0.03706400841474533,0.04189453646540642,22.4609375,110,42.96875,0.02042544260621071,0.033856045454740524,0.03712233528494835
1,701000,14.84375,,,0.019903212785720825,0.03707373887300491,0.04192971810698509,21.875,,,0.020428059622645378,0.033859122544527054,0.03712114319205284
1,702000,15.234375,,,0.019908007234334946,0.03708267584443092,0.04195577651262283,23.828125,,,0.020433761179447174,0.03386690467596054,0.03715163841843605
1,703000,15.234375,,,0.019914323464035988,0.03710215911269188,0.041978493332862854,21.875,,,0.020441075786948204,0.033864736557006836,0.03712723031640053
1,704000,15.0390625,,,0.019919052720069885,0.03712065517902374,0.042001210153102875,23.046875,,,0.020446890965104103,0.03386908769607544,0.03714287281036377
1,705000,15.0390625,,,0.019923772662878036,0.03713938593864441,0.04201599955558777,22.265625,,,0.020454147830605507,0.033873409032821655,0.037174042314291
1,706000,15.0390625,,,0.019929781556129456,0.037167876958847046,0.04205336421728134,22.0703125,,,0.020463163033127785,0.033895645290613174,0.03729715198278427
1,707000,14.84375,,,0.019937189295887947,0.037209510803222656,0.0421215295791626,15.234375,,,0.020475823432207108,0.03391887992620468,0.03744042292237282
1,708000,15.234375,,,0.01994423009455204,0.0372462160885334,0.04217803478240967,15.234375,,,0.020490042865276337,0.03394780680537224,0.037611640989780426
1,709000,15.234375,,,0.019951878115534782,0.03727289289236069,0.04222504422068596,21.484375,,,0.020501116290688515,0.0339546725153923,0.03765831142663956
1,710000,15.234375,148,57.8125,0.01995718851685524,0.037290096282958984,0.042258940637111664,15.4296875,117,45.703125,0.020511260256171227,0.033955298364162445,0.037684470415115356
1,711000,15.0390625,,,0.019962312653660774,0.037308238446712494,0.04229700565338135,15.234375,,,0.020513705909252167,0.03393996134400368,0.03763633221387863
1,712000,15.234375,,,0.019967002794146538,0.037320591509342194,0.042328089475631714,18.5546875,,,0.020518621429800987,0.03394028916954994,0.03765396773815155
1,713000,16.015625,,,0.019971277564764023,0.0373319573700428,0.04234905168414116,16.796875,,,0.020528245717287064,0.03395543247461319,0.03774551302194595
1,714000,15.625,,,0.01997438818216324,0.03733832389116287,0.04236859083175659,23.2421875,,,0.020540131255984306,0.03398929908871651,0.03793858736753464
1,715000,15.4296875,,,0.019977375864982605,0.03734501823782921,0.04238685220479965,20.1171875,,,0.020548252388834953,0.03401298448443413,0.03808067739009857
1,716000,15.4296875,,,0.019980503246188164,0.03735647350549698,0.042403798550367355,20.8984375,,,0.020555121824145317,0.03402707725763321,0.038148291409015656
1,717000,15.4296875,,,0.01998354122042656,0.03736907243728638,0.04242317005991936,20.1171875,,,0.02056029438972473,0.03404968976974487,0.03824400156736374
1,718000,15.4296875,,,0.019986702129244804,0.037379056215286255,0.042439769953489304,20.8984375,,,0.020563341677188873,0.03406217694282532,0.03828326612710953
1,719000,15.4296875,,,0.019989419728517532,0.037393055856227875,0.042471639811992645,15.4296875,,,0.020573193207383156,0.0340861901640892,0.0384037122130394
1,720000,15.4296875,148,57.8125,0.01999308168888092,0.037414778023958206,0.04251419007778168,21.2890625,113,44.140625,0.02058218978345394,0.03408459573984146,0.03839690983295441
1,721000,15.4296875,,,0.019996702671051025,0.03743070736527443,0.042540185153484344,14.84375,,,0.0205920971930027,0.03409443795681,0.038452647626399994
1,722000,15.4296875,,,0.02000049129128456,0.03743663430213928,0.04254451394081116,20.3125,,,0.02059980109333992,0.03411918506026268,0.038573406636714935
1,723000,15.4296875,,,0.020003926008939743,0.03742071986198425,0.04251308739185333,20.5078125,,,0.020602835342288017,0.03412049636244774,0.03857716917991638
1,724000,15.4296875,,,0.020007604733109474,0.037408143281936646,0.0424836091697216,19.921875,,,0.020610064268112183,0.03413385897874832,0.038648031651973724
1,725000,15.4296875,,,0.020013440400362015,0.037404999136924744,0.04247060418128967,15.234375,,,0.020614800974726677,0.034135956317186356,0.038653664290905
1,726000,15.4296875,,,0.02001839503645897,0.03740778937935829,0.042472802102565765,15.234375,,,0.02062264271080494,0.034144096076488495,0.03871980309486389
1,727000,15.4296875,,,0.02002524770796299,0.03742244839668274,0.04251257702708244,21.09375,,,0.020630773156881332,0.03414294123649597,0.03875906020402908
1,728000,15.0390625,,,0.020030908286571503,0.03742360323667526,0.042519789189100266,15.234375,,,0.02064596675336361,0.03416913002729416,0.03894216939806938
1,729000,15.625,,,0.020037472248077393,0.03742548078298569,0.04253038763999939,21.6796875,,,0.02065659500658512,0.03417319059371948,0.039011068642139435
1,730000,15.8203125,145,56.640625,0.020043686032295227,0.037435587495565414,0.04254914075136185,22.65625,107,41.796875,0.02066492661833763,0.03417249396443367,0.03905368223786354
1,731000,15.625,,,0.02005016803741455,0.037442419677972794,0.042560651898384094,21.2890625,,,0.02067207358777523,0.03416982293128967,0.03905021771788597
1,732000,15.4296875,,,0.02005685120820999,0.037447258830070496,0.04256751388311386,15.4296875,,,0.020680176094174385,0.03419326990842819,0.03911601006984711
1,733000,15.4296875,,,0.020061654970049858,0.03745092824101448,0.04257456213235855,15.0390625,,,0.020694062113761902,0.03422737494111061,0.03926374390721321
1,734000,15.4296875,,,0.020064983516931534,0.03745371475815773,0.04257034510374069,17.96875,,,0.02070440538227558,0.03422708064317703,0.039260175079107285
1,735000,15.234375,,,0.020066380500793457,0.03745681792497635,0.04256714507937431,15.234375,,,0.02071092650294304,0.03421871364116669,0.03919905424118042
1,736000,15.234375,,,0.02006657049059868,0.03745576739311218,0.04255961626768112,15.8203125,,,0.020715150982141495,0.0342126339673996,0.0391448438167572
1,737000,15.234375,,,0.020067758858203888,0.03744130954146385,0.04252346605062485,14.6484375,,,0.020719002932310104,0.03420953080058098,0.03908376023173332
1,738000,16.015625,,,0.020070286467671394,0.03742352873086929,0.04246398061513901,14.6484375,,,0.020719971507787704,0.03419427573680878,0.03896859288215637
1,739000,15.625,,,0.02007404714822769,0.0374126099050045,0.04242679476737976,15.4296875,,,0.020717550069093704,0.03416132181882858,0.038724448531866074
1,740000,15.4296875,149,58.203125,0.020077915862202644,0.03740902245044708,0.042409747838974,22.0703125,115,44.921875,0.020717928186058998,0.03415510803461075,0.03864305838942528
1,741000,15.234375,,,0.020079974085092545,0.03741001337766647,0.04239955171942711,19.53125,,,0.020722635090351105,0.034177448600530624,0.038701705634593964
1,742000,15.234375,,,0.02008100599050522,0.037410441786050797,0.04239227995276451,23.046875,,,0.020726598799228668,0.034197308123111725,0.03874869644641876
1,743000,15.0390625,,,0.020083004608750343,0.037418752908706665,0.04238882660865784,15.234375,,,0.0207328163087368,0.034203317016363144,0.038762256503105164
1,744000,15.0390625,,,0.020086755976080894,0.037431541830301285,0.04240105301141739,20.703125,,,0.02073642797768116,0.03419720381498337,0.038733020424842834
1,745000,14.84375,,,0.020090313628315926,0.03743830323219299,0.04241659492254257,17.7734375,,,0.020737823098897934,0.03419540077447891,0.03869253769516945
1,746000,14.84375,,,0.020094670355319977,0.037445418536663055,0.042424898594617844,17.3828125,,,0.020737051963806152,0.03420765697956085,0.03867387771606445
1,747000,15.0390625,,,0.020095868036150932,0.03744407743215561,0.04241679236292839,14.84375,,,0.020739853382110596,0.03421982377767563,0.0387159027159214
1,748000,14.84375,,,0.020097121596336365,0.03744535148143768,0.042411576956510544,14.84375,,,0.02074834518134594,0.03425959497690201,0.03886965289711952
1,749000,15.0390625,,,0.020098088309168816,0.03743898868560791,0.042394351214170456,16.796875,,,0.020764069631695747,0.034300170838832855,0.03908921033143997
1,750000,14.6484375,156,60.9375,0.020100083202123642,0.03744148463010788,0.04241172596812248,15.4296875,133,51.953125,0.020774777978658676,0.034314144402742386,0.039157599210739136
1,751000,14.84375,,,0.02010452374815941,0.0374569296836853,0.04246921464800835,14.0625,,,0.0207812562584877,0.03431493043899536,0.039146944880485535
1,752000,14.84375,,,0.020110711455345154,0.037486832588911057,0.04254777356982231,14.84375,,,0.020784426480531693,0.03429238125681877,0.038955770432949066
1,753000,15.234375,,,0.020116174593567848,0.03751108795404434,0.042609892785549164,23.046875,,,0.020788107067346573,0.034257806837558746,0.03869182616472244
1,754000,14.6484375,,,0.020122021436691284,0.03752370923757553,0.042665593326091766,18.1640625,,,0.02079165354371071,0.03422084450721741,0.03845018893480301
1,755000,15.4296875,,,0.020128464326262474,0.037545494735240936,0.04272608086466789,21.484375,,,0.02079731412231922,0.0341930091381073,0.038290753960609436
1,756000,14.84375,,,0.02013520896434784,0.03757705166935921,0.042799532413482666,22.4609375,,,0.020808281376957893,0.03419141471385956,0.03829040005803108
1,757000,14.84375,,,0.020141957327723503,0.037604015320539474,0.04285038635134697,15.4296875,,,0.020823737606406212,0.03420431166887283,0.038402803242206573
1,758000,14.84375,,,0.020149223506450653,0.03762946277856827,0.042885035276412964,15.4296875,,,0.020832723006606102,0.03420521318912506,0.038413044065237045
1,759000,14.84375,,,0.020157448947429657,0.0376649871468544,0.042933911085128784,18.359375,,,0.02084740623831749,0.03422524407505989,0.03851165622472763
1,760000,14.6484375,149,58.203125,0.02016337588429451,0.037692129611968994,0.04296901077032089,15.234375,123,48.046875,0.0208536759018898,0.03421583026647568,0.038461796939373016
1,761000,14.453125,,,0.02016819454729557,0.03771430253982544,0.04299360513687134,18.359375,,,0.020858250558376312,0.03421041741967201,0.03841754421591759
1,762000,14.6484375,,,0.020171282812952995,0.03772557154297829,0.04300092160701752,14.6484375,,,0.020861154422163963,0.03420557826757431,0.03836904838681221
1,763000,15.4296875,,,0.020174967125058174,0.037727173417806625,0.04300018772482872,16.2109375,,,0.020859990268945694,0.0341978594660759,0.03824740648269653
1,764000,15.0390625,,,0.02017953246831894,0.03772924840450287,0.043006595224142075,21.875,,,0.020859770476818085,0.034205496311187744,0.038218624889850616
1,765000,14.84375,,,0.020183991640806198,0.03774220868945122,0.043027013540267944,20.8984375,,,0.020863069221377373,0.03422766923904419,0.03829415142536163
1,766000,15.0390625,,,0.02018827386200428,0.03775855153799057,0.04305705428123474,15.0390625,,,0.020869148895144463,0.034247055649757385,0.038389865309000015
1,767000,15.234375,,,0.02019231952726841,0.0377691313624382,0.04308095574378967,23.4375,,,0.020870691165328026,0.03424831107258797,0.038379035890102386
1,768000,14.6484375,,,0.020194966346025467,0.037775762379169464,0.04308995231986046,22.8515625,,,0.020870836451649666,0.03424462303519249,0.03835137188434601
1,769000,15.4296875,,,0.020198436453938484,0.03778146952390671,0.04309932142496109,23.046875,,,0.020866429433226585,0.03421948105096817,0.03819563612341881
1,770000,15.234375,150,58.59375,0.020202936604619026,0.03778645023703575,0.04311239346861839,15.8203125,116,45.3125,0.02086680196225643,0.03421594947576523,0.03817037492990494
1,771000,15.0390625,,,0.020208684727549553,0.0377998948097229,0.04312780499458313,22.265625,,,0.020867612212896347,0.03421168029308319,0.038168907165527344
1,772000,14.84375,,,0.02021487057209015,0.037814944982528687,0.043136995285749435,21.875,,,0.02086632326245308,0.03419184312224388,0.038087598979473114
1,773000,14.84375,,,0.020222285762429237,0.03783825784921646,0.04315599054098129,22.0703125,,,0.02086629532277584,0.03418426215648651,0.03805476427078247
1,774000,14.2578125,,,0.02022685669362545,0.03785232454538345,0.043161533772945404,14.84375,,,0.02087094448506832,0.034203484654426575,0.038154780864715576
1,775000,14.6484375,,,0.020232221111655235,0.03786563128232956,0.04317031800746918,15.0390625,,,0.02087908238172531,0.03422953188419342,0.03828807920217514
1,776000,14.453125,,,0.020236767828464508,0.03787846118211746,0.04318150877952576,14.453125,,,0.020889131352305412,0.03425908088684082,0.038437142968177795
1,777000,15.234375,,,0.020240120589733124,0.037893228232860565,0.04319552704691887,22.4609375,,,0.020896065980196,0.034269630908966064,0.03848428279161453
1,778000,15.0390625,,,0.020243588835000992,0.03790442273020744,0.04320618510246277,23.4375,,,0.020903194323182106,0.034291669726371765,0.03858771547675133
1,779000,15.234375,,,0.020245999097824097,0.037909381091594696,0.04321349784731865,22.8515625,,,0.02090679295361042,0.03430526331067085,0.038655392825603485
1,780000,14.84375,148,57.8125,0.020249610766768456,0.0379147045314312,0.04322078824043274,14.84375,122,47.65625,0.02090561017394066,0.03430487960577011,0.038640256971120834
1,781000,15.0390625,,,0.020253602415323257,0.03791458159685135,0.043221138417720795,20.1171875,,,0.020906193181872368,0.03429918736219406,0.03861626982688904
1,782000,14.84375,,,0.02025754190981388,0.03791508823633194,0.04323490709066391,18.359375,,,0.020910164341330528,0.034316644072532654,0.03871726244688034
1,783000,15.0390625,,,0.020260067656636238,0.03791173920035362,0.04324427247047424,22.265625,,,0.020916031673550606,0.03434698283672333,0.03888842836022377
1,784000,15.0390625,,,0.02026238664984703,0.037909962236881256,0.04325379058718681,22.4609375,,,0.020922217518091202,0.03437471762299538,0.039034403860569
1,785000,15.0390625,,,0.020263779908418655,0.03791133686900139,0.043272387236356735,15.4296875,,,0.02092534303665161,0.034379564225673676,0.0390375480055809
1,786000,14.84375,,,0.020265905186533928,0.037916459143161774,0.04328150674700737,22.4609375,,,0.02092505432665348,0.03436703979969025,0.0389527827501297
1,787000,15.234375,,,0.02027032896876335,0.037928879261016846,0.04328160732984543,23.2421875,,,0.020924385637044907,0.03434209153056145,0.038796763867139816
1,788000,14.84375,,,0.02027338370680809,0.03793618083000183,0.04327401518821716,22.4609375,,,0.020924348384141922,0.034319713711738586,0.038656532764434814
1,789000,14.6484375,,,0.020276116207242012,0.037940263748168945,0.043262582272291183,15.8203125,,,0.020930908620357513,0.03431957587599754,0.038654062896966934
1,790000,14.453125,150,58.59375,0.02027767337858677,0.03794381022453308,0.043257083743810654,14.2578125,129,50.390625,0.020939262583851814,0.03433339297771454,0.03874377906322479
1,791000,15.0390625,,,0.02028021588921547,0.03796162083745003,0.043283071368932724,23.046875,,,0.02095245197415352,0.03436274826526642,0.03893802687525749
1,792000,15.0390625,,,0.020285168662667274,0.037990208715200424,0.04335635155439377,19.3359375,,,0.020958291366696358,0.03435668721795082,0.03895847871899605
1,793000,14.84375,,,0.020291004329919815,0.038023822009563446,0.04342809319496155,20.1171875,,,0.020962979644536972,0.034357525408267975,0.038990799337625504
1,794000,15.0390625,,,0.020297057926654816,0.0380529910326004,0.04349241778254509,14.453125,,,0.02097347564995289,0.03437405079603195,0.03913561627268791
1,795000,14.84375,,,0.02030297741293907,0.0380844883620739,0.04356711357831955,19.53125,,,0.020985692739486694,0.03439585864543915,0.03931776061654091
1,796000,14.453125,,,0.020305799320340157,0.03810317814350128,0.04360809922218323,18.75,,,0.0209950003772974,0.0344364196062088,0.039503131061792374
1,797000,15.0390625,,,0.02030896581709385,0.03812119737267494,0.043646570295095444,20.3125,,,0.02100234292447567,0.03446761146187782,0.03962387517094612
1,798000,15.234375,,,0.020311834290623665,0.03813011944293976,0.04367923364043236,15.234375,,,0.02100878395140171,0.03447985649108887,0.03966674953699112
1,799000,15.234375,,,0.02031298168003559,0.038134023547172546,0.04370018094778061,21.875,,,0.02101537398993969,0.03449659049510956,0.03973172977566719
1,800000,15.0390625,147,57.421875,0.020313743501901627,0.03814586251974106,0.04372686892747879,16.6015625,122,47.65625,0.021021418273448944,0.03451049327850342,0.03981179744005203
1,801000,15.4296875,,,0.020316407084465027,0.03816087171435356,0.04376953840255737,18.5546875,,,0.021025275811553,0.034509968012571335,0.039801694452762604
1,802000,15.4296875,,,0.020319920033216476,0.03817928209900856,0.04381263256072998,23.4375,,,0.021022994071245193,0.03450118377804756,0.03970586135983467
1,803000,15.0390625,,,0.020323731005191803,0.038184113800525665,0.043830543756484985,17.3828125,,,0.02102244272828102,0.034503478556871414,0.0396699532866478
1,804000,15.234375,,,0.020325370132923126,0.03817719966173172,0.04383289813995361,16.796875,,,0.021023619920015335,0.03448421135544777,0.039546623826026917
1,805000,15.234375,,,0.02032443694770336,0.0381530225276947,0.043793316930532455,14.6484375,,,0.021027633920311928,0.03446301072835922,0.03942101448774338
1,806000,15.234375,,,0.02032400667667389,0.03812933713197708,0.04375339299440384,14.453125,,,0.02103385142982006,0.03446778655052185,0.039429448544979095
1,807000,15.4296875,,,0.0203243475407362,0.038114409893751144,0.04371487349271774,22.65625,,,0.021043561398983,0.03449229896068573,0.03954789787530899
1,808000,15.0390625,,,0.02032601088285446,0.03811381012201309,0.043703824281692505,15.0390625,,,0.02104896306991577,0.03448761999607086,0.03956412523984909
1,809000,15.625,,,0.020330561324954033,0.038124196231365204,0.043708425015211105,14.453125,,,0.02105480618774891,0.03449879586696625,0.039645396173000336
1,810000,15.234375,145,56.640625,0.02033422142267227,0.03814090043306351,0.04372340440750122,15.0390625,121,47.265625,0.021058421581983566,0.034494318068027496,0.039657894521951675
1,811000,15.4296875,,,0.020337991416454315,0.03814370930194855,0.0437299907207489,21.875,,,0.021057546138763428,0.03447967767715454,0.03959016129374504
1,812000,15.625,,,0.020342988893389702,0.03815678507089615,0.04375622421503067,18.9453125,,,0.021057073026895523,0.03446477651596069,0.039538994431495667
1,813000,15.234375,,,0.02034762315452099,0.03816328942775726,0.043768566101789474,22.0703125,,,0.02105690911412239,0.0344468355178833,0.03947489708662033
1,814000,15.625,,,0.020352376624941826,0.03817637264728546,0.043791741132736206,22.0703125,,,0.021061409264802933,0.03446939215064049,0.039605751633644104
1,815000,15.625,,,0.020358463749289513,0.03819124773144722,0.04383842274546623,23.6328125,,,0.02106642909348011,0.03450216352939606,0.039803020656108856
1,816000,14.84375,,,0.0203651525080204,0.038202717900276184,0.04387947916984558,22.65625,,,0.02106778509914875,0.034522321075201035,0.039900727570056915
1,817000,15.4296875,,,0.020372778177261353,0.03823031857609749,0.04393449425697327,22.0703125,,,0.021063927561044693,0.034518588334321976,0.03984241932630539
1,818000,15.234375,,,0.02038046158850193,0.038263626396656036,0.04399716854095459,15.625,,,0.021062763407826424,0.034510642290115356,0.03977261856198311
1,819000,15.234375,,,0.020386921241879463,0.038285017013549805,0.0440366268157959,18.5546875,,,0.02106500416994095,0.03449186310172081,0.0396680012345314
1,820000,15.0390625,147,57.421875,0.020393433049321175,0.03830951079726219,0.044080547988414764,14.453125,124,48.4375,0.02107243426144123,0.03449651226401329,0.03967287391424179
1,821000,15.234375,,,0.020398996770381927,0.03831927850842476,0.044098399579524994,14.6484375,,,0.02107664942741394,0.03449114412069321,0.03959888964891434
1,822000,15.234375,,,0.020403355360031128,0.03832608833909035,0.04410713538527489,15.4296875,,,0.021080639213323593,0.03448916971683502,0.0395512618124485
1,823000,16.015625,,,0.02041020616889,0.038338348269462585,0.04411957785487175,22.4609375,,,0.021087056025862694,0.03450217470526695,0.03953715041279793
1,824000,15.4296875,,,0.020416149869561195,0.0383448526263237,0.044123269617557526,16.40625,,,0.021101800724864006,0.03452261537313461,0.039574481546878815
1,825000,15.4296875,,,0.02042011357843876,0.03835204988718033,0.044131647795438766,21.875,,,0.021116726100444794,0.03454848378896713,0.03965914249420166
1,826000,15.234375,,,0.02042348124086857,0.038362227380275726,0.0441497266292572,20.703125,,,0.021131929010152817,0.03459138795733452,0.03984012082219124
1,827000,15.4296875,,,0.02042686939239502,0.03837107494473457,0.044164352118968964,22.4609375,,,0.021144619211554527,0.034617647528648376,0.03995434194803238
1,828000,15.234375,,,0.020429564639925957,0.03837798535823822,0.04417067766189575,22.65625,,,0.0211576409637928,0.03463365137577057,0.04005549103021622
1,829000,15.234375,,,0.02043209969997406,0.0383792445063591,0.04417106509208679,14.453125,,,0.02117236703634262,0.03465310484170914,0.040194831788539886
1,830000,14.2578125,152,59.375,0.02043488435447216,0.038374163210392,0.04416816681623459,15.8203125,127,49.609375,0.021188288927078247,0.03466671332716942,0.04032772779464722
1,831000,15.8203125,,,0.020439255982637405,0.038369517773389816,0.04415816813707352,15.0390625,,,0.02120344154536724,0.034647852182388306,0.040332384407520294
1,832000,15.234375,,,0.020443223416805267,0.03837040066719055,0.04415550082921982,21.6796875,,,0.02121780440211296,0.03464888408780098,0.04042042791843414
1,833000,14.84375,,,0.020447108894586563,0.03836984932422638,0.04415352642536163,22.0703125,,,0.021234577521681786,0.034692756831645966,0.040662117302417755
1,834000,14.84375,,,0.020451504737138748,0.03837040066719055,0.04415483772754669,14.84375,,,0.021249372512102127,0.034742627292871475,0.04092396795749664
1,835000,15.0390625,,,0.020456407219171524,0.038385260850191116,0.04417983815073967,15.625,,,0.021265817806124687,0.034751567989587784,0.041082918643951416
1,836000,15.234375,,,0.02046123519539833,0.03841093182563782,0.04421384632587433,14.84375,,,0.021279264241456985,0.03474409878253937,0.04116562753915787
1,837000,15.625,,,0.020465606823563576,0.038431666791439056,0.04423649236559868,15.8203125,,,0.021294133737683296,0.03472086787223816,0.04126610606908798
1,838000,15.234375,,,0.02046903967857361,0.03844483941793442,0.044238921254873276,15.8203125,,,0.021305222064256668,0.03471026197075844,0.04139909893274307
1,839000,15.625,,,0.020466754212975502,0.038439154624938965,0.0442199632525444,14.6484375,,,0.02132205292582512,0.034704528748989105,0.04174458980560303
1,840000,15.625,152,59.375,0.02046535536646843,0.03844105452299118,0.0442119836807251,14.453125,147,57.421875,0.021334275603294373,0.034695759415626526,0.042180199176073074
1,841000,15.234375,,,0.02046756073832512,0.038451556116342545,0.04422049969434738,15.234375,,,0.02134932577610016,0.03472944349050522,0.04249724745750427
1,842000,15.4296875,,,0.02047320269048214,0.03847082704305649,0.044247131794691086,15.234375,,,0.021360978484153748,0.034750550985336304,0.04243661090731621
1,843000,15.625,,,0.02047877572476864,0.03848263621330261,0.044265568256378174,15.234375,,,0.021364491432905197,0.03474694862961769,0.042200103402137756
1,844000,15.4296875,,,0.0204854104667902,0.03848634287714958,0.04427638649940491,14.2578125,,,0.021364906802773476,0.03473692387342453,0.04201054573059082
1,845000,15.4296875,,,0.02048996090888977,0.038489826023578644,0.044280391186475754,14.2578125,,,0.021367402747273445,0.0347372330725193,0.04160749539732933
1,846000,14.84375,,,0.020493043586611748,0.03849376365542412,0.04427916556596756,14.2578125,,,0.021366383880376816,0.034720927476882935,0.041352491825819016
1,847000,15.0390625,,,0.02049405500292778,0.038495056331157684,0.044274769723415375,15.8203125,,,0.021367797628045082,0.03471703827381134,0.04119957238435745
1,848000,15.234375,,,0.020495442673563957,0.03849528729915619,0.04427313059568405,14.84375,,,0.02137102372944355,0.03472943603992462,0.041130952537059784
1,849000,15.4296875,,,0.020497040823101997,0.03849159926176071,0.04426107928156853,15.4296875,,,0.02137661911547184,0.03473801165819168,0.041084036231040955
1,850000,15.4296875,151,58.984375,0.020500343292951584,0.03849268704652786,0.04425578936934471,15.4296875,139,54.296875,0.021378297358751297,0.034732744097709656,0.0411088764667511
1,851000,15.4296875,,,0.02050328627228737,0.038503531366586685,0.04426870867609978,15.4296875,,,0.021377911791205406,0.03472833335399628,0.04110291972756386
1,852000,14.84375,,,0.02050943486392498,0.03852078691124916,0.04428265243768692,15.0390625,,,0.02137957140803337,0.034728437662124634,0.0410398468375206
1,853000,15.0390625,,,0.020514199510216713,0.038529522716999054,0.044289976358413696,14.453125,,,0.021387780085206032,0.03475002199411392,0.04090849310159683
1,854000,15.0390625,,,0.020517518743872643,0.03854181617498398,0.04430614039301872,16.2109375,,,0.02139376662671566,0.03477662056684494,0.040834251791238785
1,855000,15.234375,,,0.02052333578467369,0.03856053575873375,0.04432223364710808,14.453125,,,0.021404869854450226,0.03483143821358681,0.04080723598599434
1,856000,14.84375,,,0.02052798867225647,0.03856712207198143,0.04432080686092377,16.2109375,,,0.021413521841168404,0.034877657890319824,0.04080624133348465
1,857000,14.84375,,,0.020532364025712013,0.0385722815990448,0.044324927031993866,14.0625,,,0.02141212671995163,0.03487660735845566,0.040651656687259674
1,858000,15.4296875,,,0.020535344257950783,0.03857538104057312,0.04433052986860275,15.0390625,,,0.02140435203909874,0.03484981507062912,0.04043065756559372
1,859000,15.4296875,,,0.020538747310638428,0.03857232630252838,0.04432803392410278,15.234375,,,0.02139766328036785,0.03482168912887573,0.040254201740026474
1,860000,15.4296875,148,57.8125,0.020543403923511505,0.038569167256355286,0.04432559758424759,15.4296875,139,54.296875,0.02139400504529476,0.03478752076625824,0.04010699689388275
1,861000,15.234375,,,0.020547600463032722,0.03858500346541405,0.044345587491989136,14.2578125,,,0.02139626443386078,0.03477717563509941,0.04004140570759773
1,862000,15.625,,,0.020550737157464027,0.03859843313694,0.04436390846967697,16.015625,,,0.021399859338998795,0.03478207439184189,0.04001568630337715
1,863000,15.4296875,,,0.020553696900606155,0.03860422223806381,0.04437106102705002,15.4296875,,,0.021400591358542442,0.03477178514003754,0.03996198624372482
1,864000,15.4296875,,,0.020555613562464714,0.0386090911924839,0.044376932084560394,16.40625,,,0.021402521058917046,0.034757599234580994,0.03991914540529251
1,865000,15.0390625,,,0.020558282732963562,0.038616009056568146,0.04438631236553192,14.6484375,,,0.021405545994639397,0.034739211201667786,0.03985730558633804
1,866000,15.4296875,,,0.02056110091507435,0.038626790046691895,0.044405050575733185,15.8203125,,,0.021413207054138184,0.0347578264772892,0.03993753343820572
1,867000,14.84375,,,0.020563554018735886,0.03863651677966118,0.04442458599805832,15.0390625,,,0.021424289792776108,0.034802936017513275,0.04008599370718002
1,868000,15.4296875,,,0.020565444603562355,0.038647234439849854,0.04445316642522812,15.4296875,,,0.021427027881145477,0.034822672605514526,0.04008372128009796
1,869000,15.8203125,,,0.02056788094341755,0.03865410387516022,0.044484369456768036,16.6015625,,,0.02142179198563099,0.03481137752532959,0.03992921859025955
1,870000,15.4296875,146,57.03125,0.020570378750562668,0.03865677863359451,0.04450330138206482,16.40625,130,50.78125,0.02141452580690384,0.03478960692882538,0.039737239480018616
1,871000,15.4296875,,,0.02057190239429474,0.0386691689491272,0.04453034698963165,15.625,,,0.021407639607787132,0.034766897559165955,0.03958539664745331
1,872000,15.625,,,0.020574426278471947,0.03869198262691498,0.04457799717783928,14.2578125,,,0.021405339241027832,0.034752849489450455,0.03946051746606827
1,873000,15.234375,,,0.020580081269145012,0.03872554004192352,0.04464602470397949,14.453125,,,0.02140595018863678,0.03473321348428726,0.039366599172353745
1,874000,15.8203125,,,0.02058575488626957,0.03874877095222473,0.044689446687698364,14.2578125,,,0.021406471729278564,0.034714680165052414,0.03928593546152115
1,875000,15.4296875,,,0.020589517429471016,0.03875900059938431,0.044708214700222015,15.8203125,,,0.021409671753644943,0.034719400107860565,0.039298735558986664
1,876000,15.4296875,,,0.020595291629433632,0.038769155740737915,0.04472903534770012,15.8203125,,,0.021412255242466927,0.034724678844213486,0.03928446024656296
1,877000,15.4296875,,,0.020601646974682808,0.03879006206989288,0.04476494714617729,16.015625,,,0.02141888253390789,0.034738004207611084,0.03934168443083763
1,878000,15.0390625,,,0.020606746897101402,0.03880903869867325,0.044797807931900024,15.8203125,,,0.02142578922212124,0.0347498282790184,0.03940310701727867
1,879000,15.0390625,,,0.020611470565199852,0.03882203251123428,0.04481469839811325,14.84375,,,0.02143036760389805,0.03476671874523163,0.039458055049180984
1,880000,15.0390625,144,56.25,0.02061574161052704,0.038829341530799866,0.04482055827975273,14.84375,137,53.515625,0.021431630477309227,0.03475742042064667,0.039419934153556824
1,881000,15.4296875,,,0.020620904862880707,0.038846053183078766,0.04484536498785019,16.015625,,,0.021428091451525688,0.03473687171936035,0.03928598016500473
1,882000,15.625,,,0.020626679062843323,0.03886046260595322,0.044869035482406616,16.6015625,,,0.02142360247671604,0.034719593822956085,0.03914541006088257
1,883000,14.84375,,,0.02063140645623207,0.038865890353918076,0.044878505170345306,15.625,,,0.02142500877380371,0.03473749756813049,0.039150163531303406
1,884000,15.0390625,,,0.020634301006793976,0.03887128829956055,0.04489560052752495,14.453125,,,0.02142864093184471,0.03476300090551376,0.03919884189963341
1,885000,14.84375,,,0.020636439323425293,0.038876019418239594,0.044918060302734375,14.84375,,,0.021433953195810318,0.03478599339723587,0.03924911096692085
1,886000,15.625,,,0.02063829079270363,0.03887941688299179,0.04494050145149231,14.6484375,,,0.021440625190734863,0.034792035818099976,0.03927219659090042
1,887000,15.625,,,0.020639805123209953,0.03888370096683502,0.04495808109641075,14.84375,,,0.021450147032737732,0.03479626774787903,0.039288681000471115
1,888000,15.0390625,,,0.020641421899199486,0.03889593482017517,0.04498278722167015,15.234375,,,0.021460747346282005,0.03482356667518616,0.0393865630030632
1,889000,15.0390625,,,0.020647386088967323,0.038928624242544174,0.045037105679512024,14.0625,,,0.021463543176651,0.03485460206866264,0.039477940648794174
1,890000,15.625,141,55.078125,0.020653752610087395,0.03896137326955795,0.04508286714553833,14.6484375,133,51.953125,0.02147081308066845,0.03488994389772415,0.03953509032726288
1,891000,14.84375,,,0.020659983158111572,0.03898835927248001,0.045121461153030396,16.015625,,,0.021478235721588135,0.034935012459754944,0.03959447890520096
1,892000,14.84375,,,0.02066822536289692,0.03902193903923035,0.04517737776041031,15.625,,,0.021485542878508568,0.0349859818816185,0.039705540984869
1,893000,15.4296875,,,0.0206729955971241,0.039042722433805466,0.045218318700790405,16.9921875,,,0.02148778736591339,0.035018738359212875,0.03974384814500809
1,894000,15.234375,,,0.020677391439676285,0.039066486060619354,0.04526595398783684,16.796875,,,0.02149260975420475,0.035058364272117615,0.0398276224732399
1,895000,15.234375,,,0.020681122317910194,0.03908628225326538,0.04530900716781616,17.578125,,,0.021496400237083435,0.03509281203150749,0.03988802433013916
1,896000,14.84375,,,0.020685777068138123,0.039099495857954025,0.045343585312366486,14.84375,,,0.02149892970919609,0.0351102240383625,0.03989376872777939
1,897000,14.6484375,,,0.020691463723778725,0.039119549095630646,0.04537895321846008,16.6015625,,,0.021511031314730644,0.03514575958251953,0.03994439169764519
1,898000,15.0390625,,,0.020698731765151024,0.039143577218055725,0.0454166904091835,14.453125,,,0.02152206189930439,0.03515147045254707,0.03987949341535568
1,899000,15.0390625,,,0.020706109702587128,0.039171405136585236,0.04545542597770691,15.8203125,,,0.02153824083507061,0.03513713926076889,0.03975857049226761
1,900000,15.0390625,149,58.203125,0.02070896327495575,0.039180148392915726,0.04547080397605896,15.625,139,54.296875,0.02154627814888954,0.03510694205760956,0.039586931467056274
1,901000,15.4296875,,,0.020708968862891197,0.03917281702160835,0.045467525720596313,17.3828125,,,0.021559277549386024,0.03509886562824249,0.03949145972728729
1,902000,15.4296875,,,0.020711220800876617,0.03918542340397835,0.04548998922109604,16.40625,,,0.02156992070376873,0.035099439322948456,0.03944768011569977
1,903000,15.234375,,,0.0207136832177639,0.03919992595911026,0.04551326483488083,16.2109375,,,0.021577680483460426,0.03510317951440811,0.03943774849176407
1,904000,14.84375,,,0.02071412466466427,0.03918442875146866,0.04548116773366928,15.234375,,,0.021588625386357307,0.035142891108989716,0.03957945108413696
1,905000,15.234375,,,0.02071257494390011,0.03916981443762779,0.04544898867607117,14.453125,,,0.021604366600513458,0.03518783673644066,0.03975673019886017
1,906000,15.234375,,,0.02071298286318779,0.03916642814874649,0.045437704771757126,16.015625,,,0.02162046544253826,0.035235464572906494,0.03994793817400932
1,907000,15.0390625,,,0.020713329315185547,0.039162032306194305,0.045426081866025925,15.625,,,0.021627286449074745,0.035258613526821136,0.04004598408937454
1,908000,15.234375,,,0.020716309547424316,0.03917185217142105,0.04542841762304306,14.6484375,,,0.021636193618178368,0.03528720885515213,0.040189228951931
1,909000,14.84375,,,0.0207193735986948,0.0391930416226387,0.04545086622238159,14.0625,,,0.021645206958055496,0.035306550562381744,0.040291283279657364
1,910000,15.0390625,149,58.203125,0.020720822736620903,0.03920648247003555,0.04546795412898064,15.8203125,137,53.515625,0.02165418304502964,0.035327840596437454,0.04040072113275528
1,911000,15.625,,,0.020723145455121994,0.03921525925397873,0.04548178240656853,16.2109375,,,0.021655119955539703,0.03531988710165024,0.04036461561918259
1,912000,15.4296875,,,0.02072591334581375,0.03922212868928909,0.04549181088805199,17.578125,,,0.021652206778526306,0.035293977707624435,0.04024781286716461
1,913000,15.234375,,,0.020727982744574547,0.03922857344150543,0.045498862862586975,16.015625,,,0.021647455170750618,0.03526601195335388,0.04012134671211243
1,914000,15.0390625,,,0.02073170244693756,0.03923836350440979,0.04551471397280693,15.0390625,,,0.021643413230776787,0.035243283957242966,0.040012799203395844
1,915000,15.234375,,,0.02073618583381176,0.03924176096916199,0.04552527517080307,16.015625,,,0.021647298708558083,0.035247791558504105,0.0400155745446682
1,916000,15.4296875,,,0.020739957690238953,0.039247140288352966,0.04553501307964325,16.2109375,,,0.02165118046104908,0.03524038568139076,0.03999244421720505
1,917000,15.234375,,,0.02074315771460533,0.03925125300884247,0.04554334282875061,16.015625,,,0.021650737151503563,0.035210639238357544,0.03985319659113884
1,918000,15.234375,,,0.02074565924704075,0.03925733268260956,0.04555804654955864,15.8203125,,,0.021649789065122604,0.035190243273973465,0.039742954075336456
1,919000,15.625,,,0.02074846439063549,0.03925587981939316,0.045559100806713104,15.0390625,,,0.021644780412316322,0.03514701873064041,0.03953805938363075
1,920000,15.234375,149,58.203125,0.020751187577843666,0.03925317898392677,0.04555582255125046,16.2109375,131,51.171875,0.02163892425596714,0.03509789705276489,0.039291851222515106
1,921000,15.234375,,,0.020754151046276093,0.03925671800971031,0.045561954379081726,16.015625,,,0.021636217832565308,0.03507820516824722,0.03916238993406296
1,922000,15.0390625,,,0.020755447447299957,0.03925245255231857,0.045575451105833054,14.84375,,,0.021639389917254448,0.03507765009999275,0.03911852091550827
1,923000,15.234375,,,0.020756710320711136,0.039241574704647064,0.045591577887535095,17.7734375,,,0.021650414913892746,0.03510827198624611,0.0392165444791317
1,924000,15.234375,,,0.020758748054504395,0.039239171892404556,0.04561026021838188,16.40625,,,0.021660294383764267,0.03514447808265686,0.03933008760213852
1,925000,15.234375,,,0.0207599475979805,0.03923153504729271,0.045615311712026596,17.7734375,,,0.02166903018951416,0.03517479822039604,0.03942425921559334
1,926000,15.234375,,,0.02076169289648533,0.03923271596431732,0.04562337324023247,15.4296875,,,0.021679071709513664,0.03518615663051605,0.039488621056079865
1,927000,15.0390625,,,0.020763611420989037,0.03923814371228218,0.045637063682079315,14.453125,,,0.021681103855371475,0.03517250716686249,0.03941596299409866
1,928000,15.234375,,,0.020764579996466637,0.03924223780632019,0.045646410435438156,14.0625,,,0.021685604006052017,0.035178981721401215,0.039439424872398376
1,929000,15.0390625,,,0.02076786197721958,0.03923860192298889,0.04564327746629715,15.0390625,,,0.021688038483262062,0.03517666459083557,0.039416149258613586
1,930000,15.234375,147,57.421875,0.020770078524947166,0.03924516215920448,0.045651815831661224,15.0390625,134,52.34375,0.021693218499422073,0.03517532721161842,0.03939433395862579
1,931000,15.4296875,,,0.020772671326994896,0.03924660384654999,0.04565134644508362,16.796875,,,0.02170206606388092,0.0351923443377018,0.039467208087444305
1,932000,15.234375,,,0.02077525481581688,0.039242297410964966,0.04564861208200455,15.4296875,,,0.021712830290198326,0.03521575406193733,0.03958289325237274
1,933000,15.4296875,,,0.020778866484761238,0.039240751415491104,0.04565749689936638,14.2578125,,,0.021718431264162064,0.0352073535323143,0.03956516087055206
1,934000,15.234375,,,0.020781077444553375,0.039250247180461884,0.04568391293287277,16.6015625,,,0.02172687277197838,0.03522295877337456,0.03963235765695572
1,935000,15.234375,,,0.020783159881830215,0.039266087114810944,0.045730672776699066,14.6484375,,,0.02173158898949623,0.03522710129618645,0.0396084226667881
1,936000,15.234375,,,0.020786846056580544,0.039284393191337585,0.04577983543276787,15.0390625,,,0.02173476852476597,0.03523921221494675,0.03959955275058746
1,937000,15.234375,,,0.020791638642549515,0.0392998643219471,0.04581720754504204,14.84375,,,0.021731121465563774,0.035241588950157166,0.039530690759420395
1,938000,15.234375,,,0.020795904099941254,0.039313867688179016,0.04585026949644089,15.0390625,,,0.02172851376235485,0.03523719683289528,0.039441660046577454
1,939000,15.4296875,,,0.020798057317733765,0.03932695835828781,0.045872654765844345,16.796875,,,0.021727506071329117,0.035233885049819946,0.039375968277454376
1,940000,15.234375,150,58.59375,0.02080037258565426,0.039343275129795074,0.04589945077896118,16.6015625,133,51.953125,0.021730512380599976,0.03523435443639755,0.03931227698922157
1,941000,15.234375,,,0.020801419392228127,0.03935696929693222,0.04591958969831467,15.0390625,,,0.021738462150096893,0.035244181752204895,0.03930593654513359
1,942000,15.234375,,,0.02080163173377514,0.039370208978652954,0.04594328999519348,14.2578125,,,0.0217500701546669,0.03526412695646286,0.03934888914227486
1,943000,15.234375,,,0.0208036620169878,0.03937993571162224,0.04596185311675072,15.625,,,0.02176281437277794,0.035295017063617706,0.03945167362689972
1,944000,15.234375,,,0.020807430148124695,0.03939540684223175,0.04598512500524521,14.453125,,,0.021774739027023315,0.03533148393034935,0.039579667150974274
1,945000,15.234375,,,0.02081257663667202,0.03940398246049881,0.04599352180957794,16.40625,,,0.02178156189620495,0.03535435348749161,0.039627134799957275
1,946000,15.234375,,,0.020816422998905182,0.03940659761428833,0.04598604887723923,18.1640625,,,0.021788112819194794,0.035386938601732254,0.03973446786403656
1,947000,15.234375,,,0.02081972174346447,0.03941066190600395,0.04600057005882263,15.4296875,,,0.02179206907749176,0.03539437800645828,0.039756178855895996
1,948000,15.234375,,,0.02082160674035549,0.039424918591976166,0.04602464288473129,14.6484375,,,0.021793588995933533,0.03537077456712723,0.03965843841433525
1,949000,15.234375,,,0.02082199975848198,0.03943876922130585,0.0460418276488781,14.0625,,,0.021800383925437927,0.035355642437934875,0.03962356597185135
1,950000,15.0390625,152,59.375,0.020821601152420044,0.03945048153400421,0.0460636131465435,14.84375,142,55.46875,0.021809423342347145,0.03535968065261841,0.03966914862394333
1,951000,15.4296875,,,0.020821450278162956,0.03945768252015114,0.04607684537768364,15.0390625,,,0.021821042522788048,0.03537760302424431,0.03978363797068596
1,952000,15.234375,,,0.02082134783267975,0.03946121037006378,0.04608514532446861,15.234375,,,0.02183140628039837,0.03538744896650314,0.0398622564971447
1,953000,15.234375,,,0.020821671932935715,0.03946392983198166,0.046087875962257385,14.453125,,,0.021841511130332947,0.0353926345705986,0.03990497440099716
1,954000,15.234375,,,0.020823657512664795,0.039466291666030884,0.04608682915568352,15.4296875,,,0.021849095821380615,0.03539017215371132,0.03989771008491516
1,955000,15.234375,,,0.020825905725359917,0.03946259617805481,0.04607575386762619,14.0625,,,0.021855317056179047,0.035398609936237335,0.0399368517100811
1,956000,15.234375,,,0.02082804962992668,0.039455000311136246,0.0460653118789196,15.625,,,0.021862691268324852,0.03541591018438339,0.040002964437007904
1,957000,15.234375,,,0.020831482484936714,0.03945046663284302,0.04606484994292259,15.625,,,0.02186715044081211,0.03543543070554733,0.04006246104836464
1,958000,15.234375,,,0.02083475887775421,0.03943829983472824,0.04604658484458923,15.8203125,,,0.02186581864953041,0.03545099496841431,0.040078554302453995
1,959000,15.234375,,,0.020837796851992607,0.039429448544979095,0.04604640603065491,15.234375,,,0.021865105256438255,0.035477474331855774,0.04011781886219978
1,960000,15.234375,150,58.59375,0.020840022712945938,0.03942442312836647,0.046046238392591476,14.6484375,141,55.078125,0.021870305761694908,0.03550732880830765,0.0401875302195549
1,961000,15.234375,,,0.020845016464591026,0.03943689912557602,0.046071916818618774,16.6015625,,,0.02187810279428959,0.03553164005279541,0.04020996019244194
1,962000,15.234375,,,0.020849786698818207,0.039462000131607056,0.04611305147409439,16.6015625,,,0.021883953362703323,0.035540468990802765,0.04016423225402832
1,963000,15.0390625,,,0.020853176712989807,0.03947390988469124,0.04613468796014786,15.4296875,,,0.02188699319958687,0.03553832694888115,0.04009612649679184
1,964000,15.0390625,,,0.02085641399025917,0.039484258741140366,0.04615144431591034,15.234375,,,0.021886391565203667,0.03551046922802925,0.03991321101784706
1,965000,15.0390625,,,0.020858775824308395,0.039490655064582825,0.046152204275131226,14.84375,,,0.021885912865400314,0.035474732518196106,0.03970459848642349
1,966000,15.0390625,,,0.020861951634287834,0.0394832119345665,0.04612860083580017,13.8671875,,,0.02188739739358425,0.03544388338923454,0.039537057280540466
1,967000,15.4296875,,,0.02086714841425419,0.03948820382356644,0.046124886721372604,16.40625,,,0.021894210949540138,0.03541463986039162,0.039402883499860764
1,968000,15.4296875,,,0.020871806889772415,0.039495110511779785,0.046128641813993454,15.0390625,,,0.02190648391842842,0.035401687026023865,0.039361368864774704
1,969000,15.4296875,,,0.02087617665529251,0.03950851038098335,0.04614763706922531,14.0625,,,0.021920904517173767,0.03538769856095314,0.03933403268456459
1,970000,15.0390625,151,58.984375,0.020882131531834602,0.03953074291348457,0.046176038682460785,15.0390625,141,55.078125,0.021934326738119125,0.03539540618658066,0.03937999904155731
1,971000,15.0390625,,,0.02088719606399536,0.039540164172649384,0.046189337968826294,14.6484375,,,0.02194320596754551,0.035412196069955826,0.03945506736636162
1,972000,15.234375,,,0.02089320495724678,0.03954232111573219,0.0461951345205307,16.40625,,,0.021954292431473732,0.03545098006725311,0.03960244730114937
1,973000,15.234375,,,0.020897816866636276,0.03954644501209259,0.04619815945625305,16.2109375,,,0.021960530430078506,0.03549101948738098,0.03971395641565323
1,974000,15.0390625,,,0.02090134657919407,0.039552874863147736,0.04619977995753288,13.8671875,,,0.021965378895401955,0.03552323579788208,0.039792466908693314
1,975000,15.0390625,,,0.020904645323753357,0.03955964744091034,0.04619947075843811,14.0625,,,0.0219714492559433,0.03555566817522049,0.03988325223326683
1,976000,15.0390625,,,0.020907804369926453,0.03955160081386566,0.04618360102176666,14.2578125,,,0.021976443007588387,0.03558746725320816,0.03996393829584122
1,977000,15.0390625,,,0.020910775288939476,0.03954741731286049,0.0461849682033062,15.4296875,,,0.021984301507472992,0.03560655936598778,0.03999263793230057
1,978000,15.0390625,,,0.020913951098918915,0.03955119103193283,0.046197470277547836,16.40625,,,0.02199147455394268,0.035628482699394226,0.04003586620092392
1,979000,15.0390625,,,0.020916728302836418,0.03955066204071045,0.04620197042822838,15.4296875,,,0.021997196599841118,0.03562811017036438,0.04001457989215851
1,980000,15.0390625,150,58.59375,0.02092088758945465,0.03955955058336258,0.046217989176511765,15.4296875,138,53.90625,0.021999087184667587,0.035617392510175705,0.039942171424627304
1,981000,15.0390625,,,0.020924514159560204,0.03958085924386978,0.04624975472688675,15.625,,,0.022002795711159706,0.03558605536818504,0.03980066627264023
1,982000,14.84375,,,0.02092788740992546,0.03960442915558815,0.04628189653158188,15.8203125,,,0.02200751192867756,0.035565320402383804,0.03972119837999344
1,983000,14.84375,,,0.02093256637454033,0.03962932527065277,0.046315744519233704,15.0390625,,,0.022014139220118523,0.03554623946547508,0.03964826092123985
1,984000,14.84375,,,0.020937275141477585,0.03964512050151825,0.0463370680809021,14.2578125,,,0.02202409878373146,0.03554416447877884,0.039649561047554016
1,985000,14.84375,,,0.02094060182571411,0.03965718299150467,0.04635503143072128,14.2578125,,,0.022031713277101517,0.035538963973522186,0.03963470086455345
1,986000,15.234375,,,0.02094309963285923,0.039664868265390396,0.0463692843914032,14.0625,,,0.022041071206331253,0.035553742200136185,0.03969724848866463
1,987000,15.0390625,,,0.020944789052009583,0.03967144340276718,0.046380769461393356,14.84375,,,0.0220507699996233,0.035588543862104416,0.039842426776885986
1,988000,15.0390625,,,0.020946213975548744,0.0396767258644104,0.04638897627592087,14.0625,,,0.022055868059396744,0.035598304122686386,0.03989464417099953
1,989000,15.234375,,,0.020945074036717415,0.03968643397092819,0.046418964862823486,14.2578125,,,0.022060466930270195,0.035594113171100616,0.039896897971630096
1,990000,15.234375,150,58.59375,0.02094547636806965,0.03970026224851608,0.04644351452589035,15.4296875,139,54.296875,0.02206219919025898,0.035596441477537155,0.03989260643720627
1,991000,15.0390625,,,0.020946534350514412,0.03970663622021675,0.0464535616338253,15.234375,,,0.0220644548535347,0.035603512078523636,0.039889972656965256
1,992000,14.84375,,,0.020947866141796112,0.03970622271299362,0.046456050127744675,15.625,,,0.02206503041088581,0.03560424596071243,0.03986692801117897
1,993000,15.0390625,,,0.020950498059391975,0.03970750421285629,0.046463750302791595,15.8203125,,,0.02206726185977459,0.035614848136901855,0.039885107427835464
1,994000,15.0390625,,,0.02095385454595089,0.039704278111457825,0.046468041837215424,15.234375,,,0.022072166204452515,0.03562310338020325,0.03991210460662842
1,995000,15.0390625,,,0.020956290885806084,0.039695970714092255,0.046464934945106506,15.0390625,,,0.02208375744521618,0.03566718101501465,0.04010508954524994
1,996000,15.0390625,,,0.020957831293344498,0.03968876600265503,0.046462953090667725,14.453125,,,0.022098543122410774,0.03572980314493179,0.040364768356084824
1,997000,15.0390625,,,0.020957695320248604,0.03967573493719101,0.046430304646492004,15.8203125,,,0.02210910990834236,0.035776540637016296,0.04053276404738426
1,998000,15.4296875,,,0.020958218723535538,0.03966487944126129,0.04640842229127884,16.9921875,,,0.02210891619324684,0.035776253789663315,0.04046778753399849
1,999000,15.234375,,,0.02095790207386017,0.03966141492128372,0.04639340564608574,15.8203125,,,0.022104935720562935,0.03575626760721207,0.04032190889120102
2,1000000,14.84375,152,59.375,0.020959503948688507,0.03966398537158966,0.04638747125864029,14.6484375,144,56.25,0.022103868424892426,0.03576008975505829,0.04029244929552078
2,1001000,20.8984375,,,0.020963123068213463,0.03966446593403816,0.046380460262298584,26.5625,,,0.02210243046283722,0.035759467631578445,0.04024740308523178
2,1002000,16.015625,,,0.02096644602715969,0.03966109827160835,0.04637093096971512,20.703125,,,0.022100673988461494,0.03574558347463608,0.040143873542547226
2,1003000,14.84375,,,0.020968370139598846,0.03965945541858673,0.04636581987142563,15.625,,,0.022101521492004395,0.03574802353978157,0.04013460502028465
2,1004000,14.6484375,,,0.020969301462173462,0.03966367244720459,0.04636679217219353,13.8671875,,,0.022104572504758835,0.03574205935001373,0.04009999707341194
2,1005000,15.625,,,0.020968666300177574,0.03966674953699112,0.04638547822833061,16.40625,,,0.022119110450148582,0.03575558215379715,0.040172114968299866
2,1006000,14.84375,,,0.020969286561012268,0.03967250511050224,0.04640335962176323,14.2578125,,,0.02213289961218834,0.03576343506574631,0.04021796956658363
2,1007000,14.84375,,,0.0209710281342268,0.039684049785137177,0.04643136262893677,15.625,,,0.022141987457871437,0.03577469289302826,0.040270209312438965
2,1008000,14.84375,,,0.02097386121749878,0.03969981521368027,0.04647228121757507,14.453125,,,0.02215048298239708,0.0357663594186306,0.0402572862803936
2,1009000,15.0390625,,,0.020977288484573364,0.039718445390462875,0.046507351100444794,14.2578125,,,0.022161737084388733,0.03577471151947975,0.040308937430381775
2,1010000,15.0390625,152,59.375,0.020980803295969963,0.039734579622745514,0.04653048515319824,15.4296875,141,55.078125,0.022173743695020676,0.03580069541931152,0.04043103754520416
2,1011000,15.0390625,,,0.020985063165426254,0.039754174649715424,0.0465531051158905,15.625,,,0.022176407277584076,0.03580772504210472,0.04045702889561653
2,1012000,15.0390625,,,0.020987749099731445,0.03976226598024368,0.04654838889837265,14.453125,,,0.02218157984316349,0.0358128547668457,0.040480926632881165
2,1013000,15.0390625,,,0.02098987251520157,0.039763640612363815,0.04654061794281006,13.8671875,,,0.022186795249581337,0.03581027314066887,0.04048214107751846
2,1014000,14.84375,,,0.020992686972022057,0.03976453095674515,0.04653642326593399,15.0390625,,,0.02219131961464882,0.035820625722408295,0.040532007813453674
2,1015000,15.0390625,,,0.020996248349547386,0.03975249081850052,0.04650363326072693,14.0625,,,0.022192811593413353,0.035825371742248535,0.04053501784801483
2,1016000,15.0390625,,,0.02100016549229622,0.03974881023168564,0.04648697003722191,14.2578125,,,0.022190812975168228,0.03582648187875748,0.040516436100006104
2,1017000,15.234375,,,0.02100418321788311,0.03975273296236992,0.046490322798490524,16.015625,,,0.022185474634170532,0.03581017255783081,0.040393516421318054
2,1018000,15.4296875,,,0.021007584407925606,0.03975740820169449,0.04650040715932846,16.6015625,,,0.02218005619943142,0.03580892086029053,0.04031806439161301
2,1019000,15.0390625,,,0.021010087803006172,0.03977039456367493,0.04652950167655945,15.8203125,,,0.02217826247215271,0.03581608086824417,0.04028353467583656
2,1020000,15.0390625,147,57.421875,0.021012989804148674,0.03979653865098953,0.04658371955156326,16.40625,131,51.171875,0.02217971533536911,0.03582789748907089,0.040286339819431305
2,1021000,15.0390625,,,0.021016176789999008,0.039820827543735504,0.04663259908556938,16.015625,,,0.02218567579984665,0.03586617112159729,0.04041440412402153
2,1022000,15.0390625,,,0.021018635481595993,0.03983766958117485,0.046670492738485336,15.8203125,,,0.022189583629369736,0.03590007126331329,0.040513016283512115
2,1023000,15.0390625,,,0.021019432693719864,0.0398443266749382,0.04668954014778137,14.2578125,,,0.022194167599081993,0.035913024097681046,0.04054050147533417
2,1024000,15.0390625,,,0.021020520478487015,0.03984150290489197,0.04669518396258354,16.2109375,,,0.022195039317011833,0.03591101989150047,0.040523745119571686
2,1025000,15.0390625,,,0.021024655550718307,0.03984284773468971,0.046719443053007126,15.234375,,,0.02219737507402897,0.035909660160541534,0.0405091717839241
2,1026000,15.0390625,,,0.021029070019721985,0.039851754903793335,0.04676172137260437,15.0390625,,,0.022202497348189354,0.0358872190117836,0.040412940084934235
2,1027000,15.234375,,,0.021033136174082756,0.03986169397830963,0.04679672047495842,15.234375,,,0.02220829389989376,0.03585037589073181,0.040261074900627136
2,1028000,15.234375,,,0.02103595808148384,0.03986791521310806,0.046817801892757416,14.0625,,,0.022215966135263443,0.03582167997956276,0.04015395790338516
2,1029000,15.0390625,,,0.021038087084889412,0.039873480796813965,0.04682847857475281,14.0625,,,0.022227082401514053,0.03583931922912598,0.040236517786979675
2,1030000,15.0390625,148,57.8125,0.021040642634034157,0.03987966477870941,0.046818461269140244,14.6484375,143,55.859375,0.02223428525030613,0.03584115207195282,0.04026123881340027
2,1031000,15.0390625,,,0.021042533218860626,0.039885513484478,0.0468064546585083,15.234375,,,0.022242557257413864,0.03583858907222748,0.040322575718164444
2,1032000,15.234375,,,0.021044181659817696,0.039889685809612274,0.0467916838824749,14.6484375,,,0.022250493988394737,0.03585334122180939,0.04045029357075691
2,1033000,15.0390625,,,0.02104536071419716,0.03989730030298233,0.04677766561508179,14.6484375,,,0.022256946191191673,0.03588321805000305,0.04059022665023804
2,1034000,14.84375,,,0.0210464708507061,0.03991413116455078,0.04678061604499817,14.84375,,,0.022265540435910225,0.03592974692583084,0.040775977075099945
2,1035000,15.0390625,,,0.021047420799732208,0.03993385285139084,0.046796441078186035,13.8671875,,,0.022271545603871346,0.035965271294116974,0.04087922349572182
2,1036000,14.84375,,,0.021049469709396362,0.039950281381607056,0.046816252171993256,13.8671875,,,0.02227347530424595,0.03598400950431824,0.0408829003572464
2,1037000,15.0390625,,,0.021050604060292244,0.03996169567108154,0.04682817682623863,13.8671875,,,0.022274496033787727,0.035965707153081894,0.040810294449329376
2,1038000,14.84375,,,0.02105126902461052,0.039977215230464935,0.04684017226099968,13.8671875,,,0.02227811887860298,0.03596469759941101,0.040796056389808655
2,1039000,15.0390625,,,0.021050700917840004,0.04000679403543472,0.0468796044588089,13.8671875,,,0.022277120500802994,0.03596746176481247,0.040746912360191345
2,1040000,15.234375,147,57.421875,0.02105020359158516,0.04002584517002106,0.04691667482256889,15.4296875,140,54.6875,0.02227316051721573,0.035961441695690155,0.04064159095287323
2,1041000,15.0390625,,,0.02104962430894375,0.04002249613404274,0.046925585716962814,15.4296875,,,0.022271422669291496,0.03596865385770798,0.04058554396033287
2,1042000,15.0390625,,,0.0210488960146904,0.04001082852482796,0.04692186042666435,13.8671875,,,0.022275410592556,0.03598623722791672,0.040602587163448334
2,1043000,15.234375,,,0.021050071343779564,0.03999723494052887,0.04690926522016525,15.234375,,,0.022282930091023445,0.03600335121154785,0.0406574085354805
2,1044000,14.84375,,,0.021051472052931786,0.0399908609688282,0.04690107703208923,14.84375,,,0.02228759229183197,0.03600484877824783,0.040650300681591034
2,1045000,14.84375,,,0.02105182781815529,0.03998665511608124,0.04689757153391838,13.8671875,,,0.02229064702987671,0.036002062261104584,0.04062885791063309
2,1046000,14.84375,,,0.0210528876632452,0.03999536484479904,0.04691743105649948,15.0390625,,,0.02228950522840023,0.03599533438682556,0.04058187082409859
2,1047000,15.0390625,,,0.021054960787296295,0.04000181704759598,0.046932488679885864,14.84375,,,0.022282326593995094,0.035975608974695206,0.040445949882268906
2,1048000,15.0390625,,,0.021055860444903374,0.04000994935631752,0.04694679379463196,15.4296875,,,0.022274237126111984,0.035950761288404465,0.04029173031449318
2,1049000,15.0390625,,,0.021056493744254112,0.040013909339904785,0.04695776849985123,15.4296875,,,0.022270845249295235,0.03596319630742073,0.04029843956232071
2,1050000,15.0390625,150,58.59375,0.021057358011603355,0.040017448365688324,0.04695746302604675,15.234375,138,53.90625,0.02227066457271576,0.03598427772521973,0.04035262018442154
2,1051000,15.234375,,,0.02105775661766529,0.040014296770095825,0.04694978520274162,15.234375,,,0.02226942963898182,0.03598588705062866,0.040330395102500916
2,1052000,15.0390625,,,0.021058784797787666,0.04002261161804199,0.04694899544119835,15.4296875,,,0.022274674847722054,0.036001455038785934,0.04040790721774101
2,1053000,14.84375,,,0.02106209099292755,0.04003327712416649,0.04694659635424614,14.2578125,,,0.022281588986516,0.03602500259876251,0.04052069038152695
2,1054000,15.0390625,,,0.02106625773012638,0.040039584040641785,0.04694079980254173,15.234375,,,0.022288231179118156,0.03606414794921875,0.04070810228586197
2,1055000,14.84375,,,0.02107192762196064,0.04005894064903259,0.04695899039506912,15.4296875,,,0.022293150424957275,0.03609611839056015,0.0408610999584198
2,1056000,15.234375,,,0.021075043827295303,0.040071744471788406,0.04697365686297417,15.234375,,,0.02229361981153488,0.036103732883930206,0.04090328887104988
2,1057000,14.84375,,,0.021078793331980705,0.040082238614559174,0.04699135571718216,14.0625,,,0.022293809801340103,0.03611116111278534,0.04094010591506958
2,1058000,15.234375,,,0.021082667633891106,0.04009413719177246,0.04702190309762955,14.84375,,,0.022295774891972542,0.036141522228717804,0.04105416685342789
2,1059000,15.4296875,,,0.02108640782535076,0.04010247066617012,0.0470522865653038,16.2109375,,,0.022292979061603546,0.036158062517642975,0.04108023643493652
2,1060000,15.0390625,152,59.375,0.021089956164360046,0.04010952264070511,0.04708431288599968,15.8203125,135,52.734375,0.022292954847216606,0.036179766058921814,0.04113520681858063
2,1061000,15.234375,,,0.021091943606734276,0.04011717066168785,0.047114841639995575,15.0390625,,,0.022296395152807236,0.036222994327545166,0.04127706587314606
2,1062000,15.0390625,,,0.021094154566526413,0.04011978209018707,0.04713354632258415,15.8203125,,,0.02229401096701622,0.036224719136953354,0.04121650010347366
2,1063000,15.4296875,,,0.021097008138895035,0.04012666642665863,0.047158338129520416,16.40625,,,0.02228419855237007,0.03619075194001198,0.04098666459321976
2,1064000,15.234375,,,0.021099625155329704,0.040130164474248886,0.04717528820037842,16.2109375,,,0.022270794957876205,0.03613673895597458,0.04065690189599991
2,1065000,15.234375,,,0.02110198140144348,0.040137387812137604,0.047190092504024506,15.4296875,,,0.022263191640377045,0.03611403703689575,0.04048497974872589
2,1066000,15.0390625,,,0.021103093400597572,0.04014880210161209,0.04720611497759819,15.0390625,,,0.02226158045232296,0.03611249849200249,0.04042349383234978
2,1067000,15.234375,,,0.021104970946907997,0.040163036435842514,0.04722592234611511,14.0625,,,0.022264257073402405,0.03610449284315109,0.040370598435401917
2,1068000,15.234375,,,0.021107815206050873,0.04017537087202072,0.047243159264326096,15.625,,,0.02227454073727131,0.03612278774380684,0.040444470942020416
2,1069000,15.234375,,,0.021109284833073616,0.040185123682022095,0.04725094139575958,15.4296875,,,0.022286459803581238,0.03616028279066086,0.04060494899749756
2,1070000,15.0390625,153,59.765625,0.021110165864229202,0.040181715041399,0.04723804444074631,15.0390625,146,57.03125,0.022293439134955406,0.036172885447740555,0.040648140013217926
2,1071000,15.234375,,,0.021111968904733658,0.04017549753189087,0.0472271554172039,13.8671875,,,0.02229827456176281,0.036171406507492065,0.04061522334814072
2,1072000,15.234375,,,0.02111426554620266,0.04017557203769684,0.047222208231687546,14.0625,,,0.02230421081185341,0.03617193549871445,0.04057779163122177
2,1073000,15.234375,,,0.021114788949489594,0.04017438739538193,0.04721829295158386,15.0390625,,,0.02231178618967533,0.03619842231273651,0.0406491756439209
2,1074000,14.84375,,,0.021115703508257866,0.0401710569858551,0.04718830808997154,15.234375,,,0.022320404648780823,0.03622718155384064,0.04073420166969299
2,1075000,15.234375,,,0.0211164690554142,0.04015572741627693,0.04709181189537048,14.0625,,,0.022326603531837463,0.03626087307929993,0.04083480313420296
2,1076000,15.234375,,,0.021117305383086205,0.040146373212337494,0.047029994428157806,15.8203125,,,0.02233365923166275,0.036287955939769745,0.04090529680252075
2,1077000,15.234375,,,0.021117866039276123,0.04014576971530914,0.04700665920972824,15.625,,,0.022342532873153687,0.03633560612797737,0.04107833281159401
2,1078000,15.234375,,,0.021118469536304474,0.04015327990055084,0.04700743407011032,15.4296875,,,0.022349156439304352,0.036374714225530624,0.04122915118932724
2,1079000,15.234375,,,0.021121421828866005,0.04016021266579628,0.047004334628582,15.0390625,,,0.022358205169439316,0.03643939644098282,0.04149114340543747
2,1080000,15.0390625,150,58.59375,0.02112424187362194,0.04016486555337906,0.04699956625699997,15.4296875,138,53.90625,0.022357666864991188,0.03645985573530197,0.041539303958415985
2,1081000,15.4296875,,,0.02112780511379242,0.040174707770347595,0.04700903221964836,15.234375,,,0.02235633134841919,0.036484673619270325,0.04157642275094986
2,1082000,15.234375,,,0.021130625158548355,0.04018334299325943,0.04702233523130417,15.4296875,,,0.02235821634531021,0.03653087466955185,0.041721828281879425
2,1083000,15.0390625,,,0.021133175119757652,0.040204647928476334,0.04704813286662102,15.0390625,,,0.022361919283866882,0.03656202554702759,0.04182624816894531
2,1084000,14.84375,,,0.02113465406000614,0.0402083583176136,0.04705546796321869,15.0390625,,,0.0223690252751112,0.036585733294487,0.041909024119377136
2,1085000,15.4296875,,,0.02113548293709755,0.040199726819992065,0.04703838750720024,15.0390625,,,0.022378230467438698,0.03660281002521515,0.04199077561497688
2,1086000,15.0390625,,,0.021137787029147148,0.040192991495132446,0.047011278569698334,15.0390625,,,0.02239162102341652,0.03661070019006729,0.04204855114221573
2,1087000,15.0390625,,,0.02113923989236355,0.040180593729019165,0.04697297513484955,14.84375,,,0.02240479737520218,0.036646418273448944,0.04220958799123764
2,1088000,15.234375,,,0.02114061452448368,0.04017367959022522,0.046952985227108,14.84375,,,0.022410856559872627,0.03664330393075943,0.04220170900225639
2,1089000,15.234375,,,0.021142268553376198,0.04016882926225662,0.04693525657057762,14.0625,,,0.022426143288612366,0.03662505000829697,0.04214198514819145
2,1090000,14.6484375,151,58.984375,0.02114391326904297,0.040163565427064896,0.04692225903272629,14.2578125,141,55.078125,0.022443203255534172,0.03662125766277313,0.04212585836648941
2,1091000,15.234375,,,0.02114686369895935,0.040166743099689484,0.04692794010043144,15.234375,,,0.02245623804628849,0.036605846136808395,0.042059797793626785
2,1092000,15.234375,,,0.021150849759578705,0.04018276557326317,0.04694331809878349,14.0625,,,0.022468099370598793,0.036598823964595795,0.042047031223773956
2,1093000,15.0390625,,,0.021154509857296944,0.04019908607006073,0.046959102153778076,15.234375,,,0.022472204640507698,0.0365881584584713,0.04199938476085663
2,1094000,14.6484375,,,0.02115817181766033,0.04021252319216728,0.046982329338788986,14.2578125,,,0.02247104048728943,0.036540888249874115,0.041798047721385956
2,1095000,15.0390625,,,0.02116329036653042,0.04022727161645889,0.04700537770986557,15.0390625,,,0.022477539256215096,0.036507122218608856,0.04168543219566345
2,1096000,15.0390625,,,0.021167172119021416,0.04022594541311264,0.047015782445669174,13.8671875,,,0.02248375117778778,0.036487024277448654,0.041621871292591095
2,1097000,15.0390625,,,0.021169539541006088,0.04022260755300522,0.04703633487224579,15.0390625,,,0.022491764277219772,0.036497678607702255,0.04167218506336212
2,1098000,15.0390625,,,0.021170921623706818,0.040225859731435776,0.047068290412425995,15.0390625,,,0.02249281108379364,0.036515314131975174,0.0416560098528862
2,1099000,15.0390625,,,0.021172000095248222,0.04022827744483948,0.047086190432310104,13.8671875,,,0.022490300238132477,0.036500923335552216,0.0415361225605011
2,1100000,15.234375,150,58.59375,0.021172702312469482,0.04023997485637665,0.04709352180361748,14.84375,142,55.46875,0.022487858310341835,0.03647100552916527,0.04131658002734184
2,1101000,15.234375,,,0.021174969151616096,0.040252406150102615,0.04710470139980316,14.84375,,,0.02248573862016201,0.03644227236509323,0.041097916662693024
2,1102000,14.84375,,,0.02117701806128025,0.040256910026073456,0.04710095375776291,15.234375,,,0.022487511858344078,0.0364249125123024,0.040942445397377014
2,1103000,15.0390625,,,0.021178819239139557,0.04026082158088684,0.04709353297948837,15.0390625,,,0.02249501459300518,0.03643349930644035,0.04092850536108017
2,1104000,15.0390625,,,0.02118084765970707,0.04026848077774048,0.047088272869586945,15.234375,,,0.022505490109324455,0.03646783158183098,0.04105197638273239
2,1105000,14.84375,,,0.021183716133236885,0.04028468579053879,0.047080736607313156,14.453125,,,0.022514091804623604,0.03650456666946411,0.04120476543903351
2,1106000,15.0390625,,,0.02118668518960476,0.040306493639945984,0.04708992689847946,14.453125,,,0.0225188247859478,0.03652987629175186,0.04132100194692612
2,1107000,15.0390625,,,0.02118990197777748,0.040323346853256226,0.04711386561393738,14.84375,,,0.02252129465341568,0.03654458373785019,0.04137295484542847
2,1108000,15.625,,,0.02119271457195282,0.04034073278307915,0.04715193435549736,13.8671875,,,0.022517044097185135,0.03652515634894371,0.04124962538480759
2,1109000,15.4296875,,,0.021195797249674797,0.040357910096645355,0.047183096408843994,15.0390625,,,0.02251947484910488,0.03651425242424011,0.041219983249902725
2,1110000,15.0390625,150,58.59375,0.021198155358433723,0.040361326187849045,0.0471966527402401,14.2578125,146,57.03125,0.0225216094404459,0.03651146590709686,0.04119816794991493
2,1111000,15.234375,,,0.021199781447649002,0.04036037623882294,0.047207996249198914,14.84375,,,0.022524403408169746,0.0365125834941864,0.04120330885052681
2,1112000,15.234375,,,0.021202508360147476,0.040355928242206573,0.04722429811954498,15.234375,,,0.022523468360304832,0.03650672733783722,0.04116787016391754
2,1113000,15.234375,,,0.021205376833677292,0.04036308825016022,0.04725223034620285,14.84375,,,0.022523032501339912,0.03649914264678955,0.041138820350170135
2,1114000,15.4296875,,,0.021207666024565697,0.04037252068519592,0.04727870970964432,15.234375,,,0.022523269057273865,0.03647882863879204,0.04107430949807167
2,1115000,15.0390625,,,0.021209537982940674,0.040380485355854034,0.04728652164340019,15.234375,,,0.022528233006596565,0.03649180382490158,0.04116333648562431
2,1116000,15.0390625,,,0.021212516352534294,0.040392521768808365,0.04729714244604111,14.84375,,,0.02253025211393833,0.0364956296980381,0.041177041828632355
2,1117000,15.234375,,,0.02121424302458763,0.04040363430976868,0.04731230065226555,15.0390625,,,0.022527042776346207,0.03651587292551994,0.041208334267139435
2,1118000,15.4296875,,,0.021214855834841728,0.040416169911623,0.04732251167297363,14.453125,,,0.022523362189531326,0.03654051944613457,0.04124598205089569
2,1119000,15.0390625,,,0.0212156530469656,0.04042237251996994,0.04732377082109451,15.4296875,,,0.022519392892718315,0.036557260900735855,0.04124503955245018
2,1120000,14.84375,152,59.375,0.021215900778770447,0.04042711853981018,0.04732268303632736,15.0390625,146,57.03125,0.022519227117300034,0.03658151626586914,0.04130392149090767
2,1121000,15.4296875,,,0.02121594361960888,0.04043549299240112,0.047341302037239075,15.0390625,,,0.022519497200846672,0.036600612103939056,0.04134003818035126
2,1122000,15.234375,,,0.021217428147792816,0.04043653607368469,0.04735320061445236,14.84375,,,0.02252456545829773,0.03663286566734314,0.04145190119743347
2,1123000,15.0390625,,,0.021219365298748016,0.04043881222605705,0.047353580594062805,15.234375,,,0.022531354799866676,0.03665109723806381,0.041510626673698425
2,1124000,15.234375,,,0.021219708025455475,0.04042881727218628,0.047331877052783966,15.234375,,,0.0225357785820961,0.03666350990533829,0.04153352603316307
2,1125000,15.234375,,,0.021219978109002113,0.040416911244392395,0.04731587693095207,14.0625,,,0.022538168355822563,0.036681413650512695,0.04156395047903061
2,1126000,15.234375,,,0.021220780909061432,0.04039977490901947,0.04729370027780533,15.4296875,,,0.02254248969256878,0.036701902747154236,0.04162013903260231
2,1127000,15.4296875,,,0.021221302449703217,0.04038526117801666,0.04726945981383324,16.9921875,,,0.022548118606209755,0.03671673312783241,0.041662149131298065
2,1128000,15.0390625,,,0.021222922950983047,0.04037260636687279,0.047248922288417816,15.234375,,,0.02255226857960224,0.036718785762786865,0.0416644886136055
2,1129000,14.84375,,,0.02122616209089756,0.04037173092365265,0.047248467803001404,15.234375,,,0.022557351738214493,0.036744795739650726,0.041768111288547516
2,1130000,14.84375,149,58.203125,0.021228205412626266,0.04037661850452423,0.04724831506609917,14.453125,140,54.6875,0.022560013458132744,0.0367400087416172,0.04173494130373001
2,1131000,15.0390625,,,0.021229738369584084,0.04037865251302719,0.04724762588739395,16.40625,,,0.02256084978580475,0.036736615002155304,0.041707709431648254
2,1132000,15.234375,,,0.021231867372989655,0.040386416018009186,0.04725518822669983,15.234375,,,0.02256651408970356,0.03675716370344162,0.0418090894818306
2,1133000,14.84375,,,0.02123415842652321,0.0403953455388546,0.04726726561784744,15.0390625,,,0.022573217749595642,0.03678228706121445,0.04194080829620361
2,1134000,15.0390625,,,0.02123543992638588,0.04040557146072388,0.047280244529247284,14.0625,,,0.022579854354262352,0.03680374473333359,0.042052946984767914
2,1135000,15.0390625,,,0.021235648542642593,0.04041053354740143,0.04729052633047104,15.234375,,,0.022585377097129822,0.036819420754909515,0.042130760848522186
2,1136000,15.234375,,,0.021236665546894073,0.04042152687907219,0.04730428010225296,15.4296875,,,0.022588951513171196,0.036835864186286926,0.04221140965819359
2,1137000,14.6484375,,,0.02124001272022724,0.04042929410934448,0.047306161373853683,15.234375,,,0.0225902758538723,0.03685395419597626,0.04228786751627922
2,1138000,15.4296875,,,0.021244000643491745,0.04042980074882507,0.04729893431067467,14.0625,,,0.022593172267079353,0.0368717759847641,0.0423632450401783
2,1139000,15.234375,,,0.021247945725917816,0.04043138027191162,0.047300539910793304,16.6015625,,,0.02259964495897293,0.036914363503456116,0.04255964607000351
2,1140000,14.84375,152,59.375,0.021252060309052467,0.04043620824813843,0.047307632863521576,14.84375,139,54.296875,0.0226044412702322,0.03692048788070679,0.04259130358695984
2,1141000,15.625,,,0.021254608407616615,0.04043276235461235,0.047300711274147034,15.625,,,0.02260281704366207,0.03689739853143692,0.0424472875893116
2,1142000,15.234375,,,0.0212567038834095,0.0404382199048996,0.0473027341067791,14.2578125,,,0.022599175572395325,0.03686892241239548,0.04227380082011223
2,1143000,15.0390625,,,0.02125973254442215,0.04045366495847702,0.04732212424278259,15.0390625,,,0.022594306617975235,0.03681943938136101,0.04201073944568634
2,1144000,15.0390625,,,0.021262744441628456,0.04046226292848587,0.04733562469482422,15.234375,,,0.022592434659600258,0.03678932785987854,0.0418504923582077
2,1145000,14.84375,,,0.021264759823679924,0.040465980768203735,0.047346483916044235,15.234375,,,0.022595327347517014,0.036794960498809814,0.041862986981868744
2,1146000,15.4296875,,,0.021266477182507515,0.040469683706760406,0.04734902083873749,15.625,,,0.022602349519729614,0.03682117164134979,0.041979096829891205
2,1147000,15.0390625,,,0.0212678462266922,0.04047326743602753,0.047362200915813446,15.234375,,,0.022606460377573967,0.0368342287838459,0.04204779863357544
2,1148000,15.234375,,,0.021270062774419785,0.04048427939414978,0.04738800227642059,15.234375,,,0.022609462961554527,0.03684145212173462,0.042090900242328644
2,1149000,15.8203125,,,0.02127242088317871,0.040496475994586945,0.047406237572431564,16.9921875,,,0.022616207599639893,0.03686010092496872,0.04220617935061455
2,1150000,15.0390625,155,60.546875,0.02127331681549549,0.040501199662685394,0.04740259796380997,15.234375,145,56.640625,0.02262306772172451,0.036872658878564835,0.04230065271258354
2,1151000,15.0390625,,,0.021273968741297722,0.04050217568874359,0.04738863557577133,14.0625,,,0.022626454010605812,0.036884136497974396,0.04236281290650368
2,1152000,15.625,,,0.021274972707033157,0.04049789533019066,0.047369085252285004,15.4296875,,,0.02262478694319725,0.036887384951114655,0.04233738034963608
2,1153000,15.234375,,,0.021276360377669334,0.040488529950380325,0.04734998941421509,15.4296875,,,0.022621503099799156,0.03688760846853256,0.042305026203393936
2,1154000,15.0390625,,,0.02127808891236782,0.040486596524715424,0.047364842146635056,14.84375,,,0.022619031369686127,0.03687002882361412,0.042215827852487564
2,1155000,15.234375,,,0.021280761808156967,0.04048194736242294,0.04738722741603851,13.8671875,,,0.022616980597376823,0.03687683120369911,0.042195212095975876
2,1156000,15.625,,,0.021282996982336044,0.040478453040122986,0.04740184545516968,15.234375,,,0.02261277101933956,0.03687689080834389,0.042144447565078735
2,1157000,15.0390625,,,0.021286392584443092,0.04048415645956993,0.04742955416440964,14.2578125,,,0.022610854357481003,0.03687945753335953,0.04209822788834572
2,1158000,15.234375,,,0.021290995180606842,0.040501486510038376,0.04745732247829437,15.234375,,,0.02260686084628105,0.03687668964266777,0.04200870916247368
2,1159000,15.0390625,,,0.02129359357059002,0.0405089370906353,0.047464769333601,14.2578125,,,0.022603707388043404,0.03684939444065094,0.04184423387050629
2,1160000,15.0390625,150,58.59375,0.02129567228257656,0.040515609085559845,0.04746411368250847,15.625,138,53.90625,0.022606972604990005,0.03684116527438164,0.04179726168513298
2,1161000,14.84375,,,0.021298836916685104,0.040533456951379776,0.047486089169979095,15.234375,,,0.02260858193039894,0.0368662029504776,0.04189765080809593
2,1162000,15.625,,,0.021300721913576126,0.04055364802479744,0.04753763601183891,15.625,,,0.02261199802160263,0.0368884913623333,0.04197581112384796
2,1163000,15.0390625,,,0.02130284532904625,0.04057084023952484,0.047576095908880234,15.234375,,,0.022612301632761955,0.03689929097890854,0.04199868068099022
2,1164000,15.0390625,,,0.021305594593286514,0.04059024155139923,0.0476137176156044,14.2578125,,,0.02261483669281006,0.03692806512117386,0.042082250118255615
2,1165000,15.234375,,,0.021308593451976776,0.04060129448771477,0.04763994738459587,14.84375,,,0.022617286071181297,0.03697265684604645,0.042226068675518036
2,1166000,15.0390625,,,0.02131243236362934,0.040607668459415436,0.0476587638258934,14.2578125,,,0.022625507786870003,0.037006035447120667,0.04235674440860748
2,1167000,15.234375,,,0.021315783262252808,0.04061189293861389,0.04767058044672012,15.4296875,,,0.022626562044024467,0.036993660032749176,0.04228371009230614
2,1168000,15.234375,,,0.02131797932088375,0.040620751678943634,0.0476752445101738,15.234375,,,0.02262437529861927,0.03696788102388382,0.04213190823793411
2,1169000,15.234375,,,0.021320004016160965,0.040638700127601624,0.04768344759941101,15.234375,,,0.0226267259567976,0.03697410598397255,0.04214055836200714
2,1170000,15.0390625,148,57.8125,0.021320581436157227,0.040645793080329895,0.04769610986113548,15.234375,140,54.6875,0.022628262639045715,0.03697105869650841,0.042123813182115555
2,1171000,15.234375,,,0.021321965381503105,0.04064958542585373,0.047701917588710785,15.0390625,,,0.022631170228123665,0.036939144134521484,0.04201260209083557
2,1172000,15.0390625,,,0.021322665736079216,0.040649011731147766,0.047697167843580246,15.0390625,,,0.02264089323580265,0.036931730806827545,0.04201794043183327
2,1173000,15.234375,,,0.021322546526789665,0.04065042734146118,0.04769895598292351,15.234375,,,0.022649308666586876,0.03694077581167221,0.042067043483257294
2,1174000,15.0390625,,,0.021322712302207947,0.04064877703785896,0.0477018728852272,15.4296875,,,0.022654615342617035,0.03694498538970947,0.0420927032828331
2,1175000,15.234375,,,0.021322231739759445,0.04064446687698364,0.0477062463760376,15.0390625,,,0.022659119218587875,0.03694530203938484,0.042090997099876404
2,1176000,15.0390625,,,0.021319547668099403,0.04064474627375603,0.047708749771118164,15.8203125,,,0.022682854905724525,0.036967549473047256,0.04221894592046738
2,1177000,15.234375,,,0.02131929248571396,0.04064685106277466,0.04771549627184868,14.2578125,,,0.022700147703289986,0.03697945922613144,0.04229772835969925
2,1178000,15.625,,,0.021320614963769913,0.04064372926950455,0.04770746827125549,15.4296875,,,0.02271452359855175,0.036974526941776276,0.04233779385685921
2,1179000,15.4296875,,,0.021320994943380356,0.040639184415340424,0.04769311100244522,15.4296875,,,0.022722691297531128,0.036947622895240784,0.0422653891146183
2,1180000,15.0390625,153,59.765625,0.021321125328540802,0.04063943028450012,0.04768037050962448,15.234375,146,57.03125,0.022722486406564713,0.03689713776111603,0.04206664860248566
2,1181000,15.234375,,,0.021320898085832596,0.040642473846673965,0.047672443091869354,14.2578125,,,0.022725949063897133,0.036886341869831085,0.04202539473772049
2,1182000,15.4296875,,,0.021321037784218788,0.04064840450882912,0.047671716660261154,15.4296875,,,0.02272876538336277,0.03688974305987358,0.04202722758054733
2,1183000,15.0390625,,,0.021321885287761688,0.04066384211182594,0.04768320173025131,15.234375,,,0.022732151672244072,0.03691931441426277,0.042119093239307404
2,1184000,15.4296875,,,0.021322190761566162,0.04067283123731613,0.04768986627459526,15.0390625,,,0.022735757753252983,0.036929547786712646,0.04217618703842163
2,1185000,15.0390625,,,0.021323468536138535,0.04068560153245926,0.04770033806562424,14.0625,,,0.022742439061403275,0.03693512827157974,0.042251404374837875
2,1186000,15.0390625,,,0.02132515050470829,0.0407005250453949,0.04771259427070618,14.2578125,,,0.022747661918401718,0.03692351281642914,0.04224328324198723
2,1187000,15.234375,,,0.021325914189219475,0.04071386903524399,0.04772382974624634,15.234375,,,0.022752530872821808,0.036919932812452316,0.04223625361919403
2,1188000,15.625,,,0.021326757967472076,0.040730345994234085,0.047751836478710175,15.4296875,,,0.02275496907532215,0.03694183751940727,0.042216867208480835
2,1189000,15.4296875,,,0.021327419206500053,0.040733352303504944,0.04776925966143608,15.4296875,,,0.022755475714802742,0.03695789352059364,0.04218095913529396
2,1190000,15.0390625,152,59.375,0.021326150745153427,0.04072822630405426,0.04776855930685997,14.2578125,149,58.203125,0.022756796330213547,0.03695616126060486,0.042130980640649796
2,1191000,15.234375,,,0.021325191482901573,0.04072057455778122,0.047754447907209396,15.0390625,,,0.022760629653930664,0.03693345934152603,0.042083740234375
2,1192000,15.234375,,,0.021326350048184395,0.040727648884058,0.047746531665325165,15.0390625,,,0.022766461595892906,0.03689746558666229,0.042039625346660614
2,1193000,15.0390625,,,0.021328050643205643,0.0407300740480423,0.04774022847414017,15.4296875,,,0.02277006208896637,0.03688565269112587,0.042016610503196716
2,1194000,15.0390625,,,0.021328898146748543,0.04074504226446152,0.04775729775428772,15.4296875,,,0.022774863988161087,0.03689976781606674,0.042043451219797134
2,1195000,15.234375,,,0.02133159339427948,0.04075973480939865,0.04778052121400833,15.0390625,,,0.02277427166700363,0.036902621388435364,0.04201991483569145
2,1196000,15.234375,,,0.02133595198392868,0.04076826944947243,0.04781011864542961,15.4296875,,,0.022770578041672707,0.036905013024806976,0.04195231944322586
2,1197000,14.84375,,,0.021340087056159973,0.04077942296862602,0.047831349074840546,14.0625,,,0.022774074226617813,0.03691497817635536,0.04194927588105202
2,1198000,15.0390625,,,0.021342823281884193,0.040785547345876694,0.04783157259225845,14.2578125,,,0.022785572335124016,0.03692124783992767,0.042001523077487946
2,1199000,14.84375,,,0.021344169974327087,0.04078804701566696,0.04783330857753754,14.2578125,,,0.02279842086136341,0.036964647471904755,0.0421166867017746
2,1200000,15.4296875,150,58.59375,0.021344395354390144,0.0407942496240139,0.047838568687438965,15.4296875,140,54.6875,0.022802280262112617,0.036976348608732224,0.04208384454250336
2,1201000,15.0390625,,,0.02134256437420845,0.04079911857843399,0.04785003513097763,15.4296875,,,0.022796915844082832,0.03696298226714134,0.04191790893673897
2,1202000,15.234375,,,0.021341489627957344,0.04080241546034813,0.04786224290728569,15.234375,,,0.02278919704258442,0.03695172071456909,0.041747115552425385
2,1203000,14.84375,,,0.021342160180211067,0.04080354422330856,0.04786801338195801,14.2578125,,,0.02278289943933487,0.0369502529501915,0.041626937687397
2,1204000,14.84375,,,0.02134327031672001,0.04080638661980629,0.047867756336927414,14.2578125,,,0.02278110943734646,0.03697233274579048,0.041615936905145645
2,1205000,15.234375,,,0.02134583331644535,0.0408109575510025,0.04786650463938713,15.234375,,,0.02278096042573452,0.03699340671300888,0.04160454124212265
2,1206000,14.84375,,,0.02134707383811474,0.04081309214234352,0.04787036031484604,15.625,,,0.022784698754549026,0.03701895475387573,0.04165255278348923
2,1207000,15.0390625,,,0.02134942077100277,0.04081518203020096,0.04789382964372635,15.234375,,,0.022791989147663116,0.03705722838640213,0.041770320385694504
2,1208000,14.84375,,,0.0213511660695076,0.04081913083791733,0.04791896790266037,15.234375,,,0.022797642275691032,0.03710383176803589,0.04193119332194328
2,1209000,14.84375,,,0.021353349089622498,0.04081999510526657,0.047937195748090744,15.0390625,,,0.02280050329864025,0.03712565079331398,0.0419965498149395
2,1210000,15.234375,146,57.03125,0.02135615050792694,0.040813613682985306,0.047951243817806244,14.6484375,134,52.34375,0.02279871515929699,0.03713621944189072,0.04198213294148445
2,1211000,15.0390625,,,0.021360233426094055,0.04080276936292648,0.04795605689287186,15.625,,,0.022800054401159286,0.03715858608484268,0.04201674461364746
2,1212000,15.0390625,,,0.021365176886320114,0.04079644754528999,0.04795905575156212,15.234375,,,0.02280232682824135,0.03717172145843506,0.0420326292514801
2,1213000,14.84375,,,0.0213686041533947,0.040795303881168365,0.04795699939131737,14.2578125,,,0.02280203439295292,0.03717100992798805,0.041991185396909714
2,1214000,15.0390625,,,0.021369580179452896,0.04079269617795944,0.047939520329236984,14.2578125,,,0.02280144952237606,0.03717754781246185,0.041971590369939804
2,1215000,14.84375,,,0.021372074261307716,0.040796056389808655,0.04794389009475708,15.625,,,0.022801818326115608,0.03718367964029312,0.04194732755422592
2,1216000,15.234375,,,0.02137402817606926,0.04079823940992355,0.04794677719473839,15.234375,,,0.022803932428359985,0.03719121962785721,0.04195171222090721
2,1217000,15.0390625,,,0.021376699209213257,0.040807660669088364,0.04796130582690239,15.625,,,0.022806111723184586,0.03719063475728035,0.04193060100078583
2,1218000,14.84375,,,0.02137979120016098,0.04083143174648285,0.04798966273665428,15.234375,,,0.022810934111475945,0.037225835025310516,0.042035847902297974
2,1219000,14.84375,,,0.02138303592801094,0.040852658450603485,0.04800473153591156,14.2578125,,,0.022818567231297493,0.03728383034467697,0.04223301261663437
2,1220000,15.0390625,148,57.8125,0.02138720452785492,0.04088026285171509,0.04802814871072769,15.625,140,54.6875,0.02282479964196682,0.037328124046325684,0.0423952117562294
2,1221000,15.234375,,,0.021391121670603752,0.040902700275182724,0.04804951697587967,16.2109375,,,0.022826790809631348,0.03736886382102966,0.042534589767456055
2,1222000,15.234375,,,0.021394722163677216,0.04092136770486832,0.04806668683886528,15.234375,,,0.02282523736357689,0.037389807403087616,0.04260167106986046
2,1223000,14.84375,,,0.021396994590759277,0.04093363136053085,0.048053957521915436,14.0625,,,0.022831948474049568,0.03741312399506569,0.0426504909992218
2,1224000,15.0390625,,,0.021396562457084656,0.040938712656497955,0.04803718253970146,15.8203125,,,0.022843167185783386,0.037455566227436066,0.04276956617832184
2,1225000,15.0390625,,,0.02139734849333763,0.04093696177005768,0.04801764339208603,15.4296875,,,0.02285323478281498,0.037495143711566925,0.04289408400654793
2,1226000,14.84375,,,0.021398579701781273,0.040935758501291275,0.048005424439907074,15.234375,,,0.022861402481794357,0.03754492849111557,0.04306172579526901
2,1227000,15.0390625,,,0.02140011638402939,0.040933772921562195,0.048015009611845016,14.0625,,,0.022865556180477142,0.03756529837846756,0.043122708797454834
2,1228000,15.0390625,,,0.02140178717672825,0.04092232510447502,0.04801618307828903,14.2578125,,,0.02287210151553154,0.037581488490104675,0.04316379502415657
2,1229000,15.234375,,,0.021403294056653976,0.04091686010360718,0.048022933304309845,15.8203125,,,0.02288292534649372,0.03759530931711197,0.04320753365755081
2,1230000,15.0390625,153,59.765625,0.02140594646334648,0.04091399163007736,0.04802438244223595,15.4296875,144,56.25,0.022888176143169403,0.037588201463222504,0.043143268674612045
2,1231000,14.6484375,,,0.021407129243016243,0.040911875665187836,0.04801831766963005,15.4296875,,,0.022891663014888763,0.037631820887327194,0.04323739558458328
2,1232000,14.84375,,,0.02140814997255802,0.04090823605656624,0.04801025241613388,15.4296875,,,0.022894039750099182,0.03767739608883858,0.04332640767097473
2,1233000,14.84375,,,0.021408669650554657,0.04091186821460724,0.048013836145401,15.234375,,,0.022898614406585693,0.03769223764538765,0.04335367679595947
2,1234000,15.0390625,,,0.021409528329968452,0.04091376066207886,0.048021525144577026,15.0390625,,,0.022906938567757607,0.03771181404590607,0.0434134416282177
2,1235000,14.453125,,,0.02141118422150612,0.04093017801642418,0.048039764165878296,15.625,,,0.02291528321802616,0.037761181592941284,0.0435919463634491
2,1236000,14.6484375,,,0.021413151174783707,0.04094365984201431,0.04805704951286316,15.625,,,0.022922681644558907,0.03782188892364502,0.043823473155498505
2,1237000,14.453125,,,0.021414142102003098,0.04095471277832985,0.04806990176439285,15.625,,,0.022931380197405815,0.0378965325653553,0.044131554663181305
2,1238000,14.6484375,,,0.021414967253804207,0.04094838351011276,0.048039328306913376,15.625,,,0.022933967411518097,0.03793809562921524,0.04428018629550934
2,1239000,14.84375,,,0.021416867151856422,0.040932901203632355,0.04798842966556549,15.625,,,0.02293410524725914,0.037967074662446976,0.044367894530296326
2,1240000,14.6484375,151,58.984375,0.021418385207653046,0.040924135595560074,0.0479554608464241,16.796875,137,53.515625,0.022934440523386,0.0380123034119606,0.04453348368406296
2,1241000,14.453125,,,0.02142002247273922,0.040919601917266846,0.047935377806425095,15.4296875,,,0.022934047505259514,0.03805012255907059,0.04467076063156128
2,1242000,14.6484375,,,0.02141905389726162,0.04089643061161041,0.04789484292268753,14.6484375,,,0.022932223975658417,0.038064658641815186,0.0446988046169281
2,1243000,15.234375,,,0.02141674980521202,0.04088396579027176,0.04787697643041611,15.0390625,,,0.022934217005968094,0.03804872930049896,0.04462052136659622
2,1244000,14.6484375,,,0.021414678543806076,0.040864117443561554,0.047845058143138885,14.0625,,,0.022936278954148293,0.03803153336048126,0.044547513127326965
2,1245000,14.6484375,,,0.021415311843156815,0.0408337339758873,0.047798287123441696,15.0390625,,,0.02294277399778366,0.03806115686893463,0.04464965686202049
2,1246000,14.84375,,,0.02141740173101425,0.040815964341163635,0.047769948840141296,15.4296875,,,0.02294851839542389,0.03807087987661362,0.044655829668045044
2,1247000,15.0390625,,,0.021420395001769066,0.04082157835364342,0.04777219146490097,15.625,,,0.02294975332915783,0.03805755451321602,0.04454454779624939
2,1248000,14.6484375,,,0.02142232283949852,0.04082903265953064,0.04777774214744568,14.453125,,,0.022949811071157455,0.03802576661109924,0.04437842220067978
2,1249000,14.84375,,,0.02142363041639328,0.040829889476299286,0.04777021333575249,15.234375,,,0.02295861206948757,0.038008883595466614,0.04427238553762436
2,1250000,14.6484375,152,59.375,0.02142438106238842,0.040844522416591644,0.047781556844711304,15.8203125,141,55.078125,0.02297147549688816,0.0380423367023468,0.04436377063393593
2,1251000,14.6484375,,,0.02142641320824623,0.04085233807563782,0.047785334289073944,15.625,,,0.022985145449638367,0.038088057190179825,0.04451820254325867
2,1252000,14.6484375,,,0.02142854407429695,0.04086564853787422,0.04780035465955734,15.4296875,,,0.022996794432401657,0.038149453699588776,0.04472507908940315
2,1253000,15.0390625,,,0.021430782973766327,0.040883325040340424,0.04782184958457947,15.0390625,,,0.023014916107058525,0.03818464279174805,0.04486117884516716
2,1254000,15.0390625,,,0.021432653069496155,0.04088862985372543,0.04783683642745018,15.625,,,0.023024240508675575,0.038191571831703186,0.04486873000860214
2,1255000,15.0390625,,,0.0214352086186409,0.04088462144136429,0.04784315451979637,15.625,,,0.023025432601571083,0.03816325217485428,0.04472386837005615
2,1256000,15.0390625,,,0.021437574177980423,0.04087845981121063,0.04784959554672241,15.8203125,,,0.023027146235108376,0.03814856335520744,0.04463958740234375
2,1257000,14.84375,,,0.021440453827381134,0.04087264835834503,0.047859229147434235,15.625,,,0.023035718128085136,0.038168102502822876,0.044716253876686096
2,1258000,14.6484375,,,0.02144264243543148,0.04087340831756592,0.04786599427461624,15.234375,,,0.023045243695378304,0.03821682929992676,0.04489917308092117
2,1259000,14.6484375,,,0.02144363895058632,0.040870342403650284,0.04787823185324669,13.8671875,,,0.02305331826210022,0.03824222832918167,0.04500585421919823
2,1260000,14.84375,152,59.375,0.021444039419293404,0.04086191579699516,0.047886475920677185,14.2578125,147,57.421875,0.02306913398206234,0.038288332521915436,0.04520246759057045
2,1261000,14.84375,,,0.021443823352456093,0.04085922986268997,0.04789791628718376,15.625,,,0.023079197853803635,0.03830917179584503,0.0452783964574337
2,1262000,14.6484375,,,0.02144399657845497,0.04086913913488388,0.04793392866849899,15.625,,,0.02308719791471958,0.03835379332304001,0.04539654403924942
2,1263000,15.0390625,,,0.02144569344818592,0.04088720306754112,0.04796450957655907,15.625,,,0.02308715134859085,0.03836017847061157,0.04534248262643814
2,1264000,15.0390625,,,0.02144785411655903,0.04089557006955147,0.047977518290281296,14.453125,,,0.023083457723259926,0.03832076117396355,0.045122988522052765
2,1265000,14.6484375,,,0.021450703963637352,0.040896959602832794,0.047988586127758026,15.625,,,0.02308315597474575,0.03828125447034836,0.04492202401161194
2,1266000,14.6484375,,,0.021454449743032455,0.040893226861953735,0.0479927659034729,14.2578125,,,0.023083901032805443,0.0382419228553772,0.044735170900821686
2,1267000,14.453125,,,0.02145739644765854,0.04089393839240074,0.04803083837032318,14.2578125,,,0.023091519251465797,0.038231316953897476,0.0446820929646492
2,1268000,14.84375,,,0.021459141746163368,0.040889251977205276,0.0480559766292572,14.2578125,,,0.023100335150957108,0.03821607679128647,0.04463081806898117
2,1269000,14.6484375,,,0.021461907774209976,0.04088727384805679,0.04807036370038986,15.625,,,0.023106785491108894,0.03818928077816963,0.04453080892562866
2,1270000,14.6484375,154,60.15625,0.021463965997099876,0.040887877345085144,0.048078201711177826,15.234375,148,57.8125,0.023109661415219307,0.03816298395395279,0.044432200491428375
2,1271000,14.453125,,,0.02146575041115284,0.04089783877134323,0.0480840727686882,15.625,,,0.0231147650629282,0.038126423954963684,0.044320814311504364
2,1272000,14.453125,,,0.02146599255502224,0.0409129336476326,0.048090215772390366,15.0390625,,,0.023115186020731926,0.03808172047138214,0.044177379459142685
2,1273000,14.453125,,,0.021466881036758423,0.04092564433813095,0.04809458181262016,15.0390625,,,0.02311486005783081,0.038032740354537964,0.04402001202106476
2,1274000,14.6484375,,,0.021468089893460274,0.04093554988503456,0.04809503257274628,15.4296875,,,0.023116881027817726,0.03802122548222542,0.04398233816027641
2,1275000,14.453125,,,0.021469688042998314,0.04094777628779411,0.04809959977865219,15.0390625,,,0.02311897464096546,0.038033049553632736,0.04401511698961258
2,1276000,14.453125,,,0.02147388458251953,0.040968526154756546,0.04811993986368179,13.8671875,,,0.023121723905205727,0.038062795996665955,0.04409627616405487
2,1277000,14.84375,,,0.021479107439517975,0.040987856686115265,0.04815150797367096,14.453125,,,0.02312793768942356,0.038090888410806656,0.04424779489636421
2,1278000,14.453125,,,0.021482106298208237,0.04100228101015091,0.04819203168153763,15.4296875,,,0.023135047405958176,0.0381292924284935,0.04445108026266098
2,1279000,14.453125,,,0.021485604345798492,0.04102238267660141,0.04823658615350723,14.84375,,,0.023142019286751747,0.0381602942943573,0.04459121450781822
2,1280000,14.84375,149,58.203125,0.02148795872926712,0.04103364795446396,0.04827086627483368,14.84375,143,55.859375,0.02314564399421215,0.03818521276116371,0.04467860236763954
2,1281000,14.6484375,,,0.02149050310254097,0.04104290157556534,0.04830349609255791,15.4296875,,,0.023144923150539398,0.038209933787584305,0.044735245406627655
2,1282000,14.453125,,,0.021493207663297653,0.041045181453228,0.04832445830106735,15.234375,,,0.023142684251070023,0.038220953196287155,0.04472882300615311
2,1283000,14.6484375,,,0.021496359258890152,0.04104791581630707,0.04834260046482086,15.4296875,,,0.02314346469938755,0.03824194520711899,0.04476922005414963
2,1284000,15.0390625,,,0.021498871967196465,0.04106886312365532,0.04836876317858696,15.625,,,0.023150574415922165,0.038267627358436584,0.04483148828148842
2,1285000,14.84375,,,0.02150092087686062,0.04108621925115585,0.0483868345618248,15.625,,,0.023155367001891136,0.038268670439720154,0.044789500534534454
2,1286000,14.453125,,,0.021503208205103874,0.0410977266728878,0.04840819165110588,13.8671875,,,0.023161817342042923,0.038279686123132706,0.04481668770313263
2,1287000,14.453125,,,0.021505841985344887,0.04111529886722565,0.04841417074203491,14.2578125,,,0.023174230009317398,0.03828087076544762,0.04484152793884277
2,1288000,14.453125,,,0.02150902710855007,0.041123293340206146,0.048414915800094604,15.625,,,0.023187000304460526,0.038290560245513916,0.0448785237967968
2,1289000,14.453125,,,0.021512433886528015,0.04113306477665901,0.04841580241918564,15.4296875,,,0.023198189213871956,0.038302935659885406,0.0449317991733551
2,1290000,14.84375,153,59.765625,0.021514028310775757,0.04114597290754318,0.048421233892440796,15.234375,147,57.421875,0.02320575714111328,0.03828664869070053,0.04486973211169243
2,1291000,14.453125,,,0.021515924483537674,0.04115504026412964,0.0484267883002758,14.2578125,,,0.02321343682706356,0.038287777453660965,0.044891003519296646
2,1292000,14.6484375,,,0.021519292145967484,0.041181206703186035,0.04845099896192551,15.4296875,,,0.023226138204336166,0.038313060998916626,0.045024313032627106
2,1293000,14.453125,,,0.021523140370845795,0.041197117418050766,0.048469170928001404,14.2578125,,,0.023242024704813957,0.038348838686943054,0.04520029574632645
2,1294000,14.6484375,,,0.021526921540498734,0.041202545166015625,0.048481784760951996,15.4296875,,,0.023257460445165634,0.03837268799543381,0.04532963037490845
2,1295000,14.453125,,,0.02153056301176548,0.04120543599128723,0.04848993942141533,14.2578125,,,0.02326601929962635,0.038346774876117706,0.04526656121015549
2,1296000,14.453125,,,0.021533401682972908,0.04121413081884384,0.048497747629880905,15.0390625,,,0.023270536214113235,0.03830121457576752,0.04511885717511177
2,1297000,14.453125,,,0.021536635234951973,0.04123685508966446,0.04851589351892471,14.2578125,,,0.023271143436431885,0.038251493126153946,0.04494359344244003
2,1298000,14.6484375,,,0.02153860591351986,0.0412508025765419,0.048525821417570114,14.84375,,,0.023273998871445656,0.03820953890681267,0.044832997024059296
2,1299000,14.6484375,,,0.021540172398090363,0.04125846549868584,0.04853076860308647,14.84375,,,0.023281047120690346,0.03820503130555153,0.044864822179079056
2,1300000,14.453125,154,60.15625,0.021541805937886238,0.04125446826219559,0.048521753400564194,14.2578125,151,58.984375,0.023292118683457375,0.03824203461408615,0.04502883553504944
2,1301000,14.453125,,,0.02154436521232128,0.04125431552529335,0.04851903021335602,15.234375,,,0.023302070796489716,0.038315288722515106,0.04524466022849083
2,1302000,14.84375,,,0.021545689553022385,0.04125439375638962,0.04852227494120598,15.8203125,,,0.0233079232275486,0.03836347162723541,0.04535960033535957
2,1303000,14.2578125,,,0.02154778316617012,0.04125041887164116,0.04850972443819046,15.0390625,,,0.023310918360948563,0.038405533879995346,0.045425161719322205
2,1304000,14.6484375,,,0.02155013009905815,0.04123019054532051,0.04848259314894676,14.0625,,,0.02331317588686943,0.038438357412815094,0.04546687752008438
2,1305000,14.6484375,,,0.02155105210840702,0.041214220225811005,0.048461250960826874,13.8671875,,,0.023312455043196678,0.03844437003135681,0.045429833233356476
2,1306000,14.453125,,,0.021551525220274925,0.041200749576091766,0.04844396561384201,13.8671875,,,0.023308180272579193,0.03843507915735245,0.04534483700990677
2,1307000,14.453125,,,0.021554498001933098,0.04120809584856033,0.04847629368305206,15.4296875,,,0.023307254537940025,0.038459017872810364,0.04537227004766464
2,1308000,14.6484375,,,0.021559057757258415,0.041218098253011703,0.048514872789382935,14.84375,,,0.023307574912905693,0.03847654163837433,0.04541159048676491
2,1309000,14.453125,,,0.021564096212387085,0.04123319685459137,0.04856766015291214,14.84375,,,0.023305390030145645,0.03847968578338623,0.04540763422846794
2,1310000,14.453125,155,60.546875,0.02157057449221611,0.041266944259405136,0.04864617809653282,14.84375,148,57.8125,0.02330453135073185,0.038480937480926514,0.045423656702041626
2,1311000,14.453125,,,0.02157534845173359,0.04129352420568466,0.04869630187749863,15.0390625,,,0.023308075964450836,0.03852230682969093,0.045584000647068024
2,1312000,14.453125,,,0.02157866768538952,0.04131344333291054,0.048726506531238556,15.625,,,0.023312771692872047,0.03857570141553879,0.04577884078025818
2,1313000,14.453125,,,0.02158348262310028,0.04132864996790886,0.048747770488262177,14.0625,,,0.023320892825722694,0.03864274173974991,0.0460614413022995
2,1314000,14.453125,,,0.02158624678850174,0.04134564846754074,0.04877455160021782,15.0390625,,,0.023326722905039787,0.03868495300412178,0.046282943338155746
2,1315000,14.2578125,,,0.021588647738099098,0.041360367089509964,0.0487971156835556,14.84375,,,0.023328710347414017,0.03870301693677902,0.046400297433137894
2,1316000,14.453125,,,0.02159092202782631,0.04137030616402626,0.048813462257385254,14.0625,,,0.02332732453942299,0.0387134775519371,0.04644329473376274
2,1317000,14.6484375,,,0.021592149510979652,0.04137914627790451,0.04882362112402916,14.84375,,,0.02332894317805767,0.038703881204128265,0.04636966809630394
2,1318000,14.453125,,,0.02159406803548336,0.04138273000717163,0.04882900044322014,14.84375,,,0.023333847522735596,0.038696132600307465,0.04633534699678421
2,1319000,14.453125,,,0.021597446873784065,0.04139554500579834,0.048844289034605026,13.8671875,,,0.023343916982412338,0.03869529813528061,0.046339407563209534
2,1320000,14.84375,148,57.8125,0.021600233390927315,0.04141498729586601,0.04887379705905914,13.8671875,134,52.34375,0.023352567106485367,0.038708917796611786,0.04635322093963623
2,1321000,14.84375,,,0.021603921428322792,0.04142284393310547,0.04889420419931412,15.4296875,,,0.02335820533335209,0.03871751204133034,0.04635816812515259
2,1322000,14.453125,,,0.021608157083392143,0.04141879826784134,0.04890190809965134,15.234375,,,0.023361319676041603,0.038718003779649734,0.046335503458976746
2,1323000,14.453125,,,0.021610768511891365,0.041406065225601196,0.04889374598860741,14.0625,,,0.02336430549621582,0.03870531916618347,0.04628115892410278
2,1324000,14.84375,,,0.021612534299492836,0.04139142483472824,0.0488772988319397,15.4296875,,,0.023362481966614723,0.03870197385549545,0.046214789152145386
2,1325000,14.453125,,,0.021613746881484985,0.04139018803834915,0.0488787516951561,15.4296875,,,0.02336021512746811,0.038691021502017975,0.04612721502780914
2,1326000,14.453125,,,0.02161576598882675,0.04140916466712952,0.04890311509370804,15.0390625,,,0.02335936762392521,0.03868383169174194,0.04607090353965759
2,1327000,14.84375,,,0.021619075909256935,0.04141678661108017,0.04891403764486313,14.0625,,,0.023358650505542755,0.03869136422872543,0.04605841636657715
2,1328000,15.8203125,,,0.02162167988717556,0.041417405009269714,0.048918601125478745,16.796875,,,0.023360995575785637,0.03871941566467285,0.04613484814763069
2,1329000,14.453125,,,0.02162349410355091,0.04141802713274956,0.04892338812351227,15.4296875,,,0.023365521803498268,0.038755156099796295,0.046264104545116425
2,1330000,14.2578125,154,60.15625,0.02162645384669304,0.041417546570301056,0.048937469720840454,13.8671875,150,58.59375,0.023364897817373276,0.038772039115428925,0.04633887857198715
2,1331000,14.453125,,,0.02162857912480831,0.04142889752984047,0.048954278230667114,15.4296875,,,0.023360993713140488,0.03880871832370758,0.04646816849708557
2,1332000,14.6484375,,,0.02162873186171055,0.041431449353694916,0.048955388367176056,15.625,,,0.02336137741804123,0.038868218660354614,0.04671020060777664
2,1333000,14.453125,,,0.021629104390740395,0.041434112936258316,0.04895393177866936,15.0390625,,,0.02336144633591175,0.03891056030988693,0.04687073826789856
2,1334000,14.453125,,,0.02162938565015793,0.04144861921668053,0.04896601662039757,14.0625,,,0.023364519700407982,0.03890513256192207,0.04686088114976883
2,1335000,14.6484375,,,0.02163063921034336,0.041462503373622894,0.048975106328725815,15.4296875,,,0.02336740493774414,0.03889330476522446,0.04682479426264763
2,1336000,14.453125,,,0.021632026880979538,0.0414728969335556,0.04898380860686302,14.0625,,,0.023371068760752678,0.03885478153824806,0.046685680747032166
2,1337000,14.453125,,,0.02163459174335003,0.041482046246528625,0.0490010529756546,14.0625,,,0.02338004857301712,0.03881780803203583,0.04656020551919937
2,1338000,14.6484375,,,0.021637748926877975,0.04148884862661362,0.04901783913373947,15.234375,,,0.023389721289277077,0.03880036249756813,0.04651912301778793
2,1339000,14.453125,,,0.02163953147828579,0.04149538651108742,0.04902404174208641,14.0625,,,0.02339898981153965,0.03880683332681656,0.0465778112411499
2,1340000,14.453125,152,59.375,0.02164085954427719,0.04150070622563362,0.04903023689985275,14.84375,147,57.421875,0.02340143546462059,0.03882394731044769,0.04662130028009415
2,1341000,14.453125,,,0.021644441410899162,0.04151918366551399,0.04905395209789276,14.0625,,,0.02340525947511196,0.03884479030966759,0.04668974131345749
2,1342000,14.6484375,,,0.021647321060299873,0.041547320783138275,0.04913158342242241,13.671875,,,0.023413486778736115,0.03884190320968628,0.046744681894779205
2,1343000,14.453125,,,0.021650047972798347,0.04157598689198494,0.049209918826818466,15.4296875,,,0.023415615782141685,0.03882523626089096,0.046722739934921265
2,1344000,14.6484375,,,0.02165154553949833,0.04159543663263321,0.04924728721380234,15.4296875,,,0.023418176919221878,0.03882709890604019,0.046757251024246216
2,1345000,14.453125,,,0.021652771160006523,0.04161570966243744,0.04929100722074509,15.4296875,,,0.023420197889208794,0.038864362984895706,0.046853698790073395
2,1346000,14.6484375,,,0.021654250100255013,0.04162469133734703,0.04930960759520531,15.0390625,,,0.023421702906489372,0.03889324516057968,0.04689831659197807
2,1347000,14.453125,,,0.021656129509210587,0.041625820100307465,0.04929941147565842,15.0390625,,,0.023421818390488625,0.03888922184705734,0.04681438207626343
2,1348000,14.6484375,,,0.021661579608917236,0.04164990037679672,0.04933250695466995,14.0625,,,0.023422865197062492,0.03889833390712738,0.04677582532167435
2,1349000,14.6484375,,,0.02166770212352276,0.04168711602687836,0.0493842288851738,14.0625,,,0.02342746965587139,0.03893693909049034,0.04683006554841995
2,1350000,14.84375,148,57.8125,0.021673299372196198,0.04172196611762047,0.049435943365097046,16.015625,136,53.125,0.02342744916677475,0.03898784518241882,0.04691190645098686
2,1351000,14.6484375,,,0.021677780896425247,0.04174654558300972,0.04947667941451073,15.4296875,,,0.023429421707987785,0.03904825076460838,0.0470489040017128
2,1352000,14.453125,,,0.021681074053049088,0.041751567274332047,0.04949016496539116,14.6484375,,,0.023429667577147484,0.03905613347887993,0.04701729863882065
2,1353000,14.84375,,,0.021683495491743088,0.041768163442611694,0.04954475909471512,13.8671875,,,0.02343662828207016,0.039054255932569504,0.047002099454402924
2,1354000,14.6484375,,,0.021685726940631866,0.041784003376960754,0.04958226531744003,16.015625,,,0.02343851514160633,0.039042435586452484,0.04694569855928421
2,1355000,14.453125,,,0.021686702966690063,0.04179615527391434,0.04959748312830925,15.625,,,0.023440595716238022,0.039036255329847336,0.04693526029586792
2,1356000,14.6484375,,,0.021686876192688942,0.041797686368227005,0.04959931597113609,15.234375,,,0.02344202809035778,0.03904686123132706,0.04696261137723923
2,1357000,15.0390625,,,0.021687829867005348,0.04179523140192032,0.049588125199079514,15.4296875,,,0.02344353124499321,0.03907129168510437,0.04703601077198982
2,1358000,14.453125,,,0.021692238748073578,0.04179894179105759,0.049589645117521286,14.0625,,,0.023445885628461838,0.039102546870708466,0.04713212698698044
2,1359000,14.453125,,,0.02169787324965,0.04179559648036957,0.049579471349716187,15.8203125,,,0.023446371778845787,0.039139874279499054,0.04724390059709549
2,1360000,14.453125,152,59.375,0.021700862795114517,0.04178393632173538,0.04956828057765961,15.234375,144,56.25,0.02344861626625061,0.039175018668174744,0.047350138425827026
2,1361000,14.453125,,,0.021704452112317085,0.041767433285713196,0.049553465098142624,15.0390625,,,0.023450059816241264,0.039208345115184784,0.04743294045329094
2,1362000,14.453125,,,0.021705998107790947,0.041750602424144745,0.04953492432832718,15.4296875,,,0.023450331762433052,0.039244942367076874,0.04753121733665466
2,1363000,14.453125,,,0.021706990897655487,0.04174651950597763,0.049525678157806396,15.234375,,,0.023451264947652817,0.03931012004613876,0.04771799221634865
2,1364000,14.453125,,,0.02170708402991295,0.04174618422985077,0.04951689764857292,15.234375,,,0.02345230244100094,0.039361320436000824,0.047852788120508194
2,1365000,14.453125,,,0.021706929430365562,0.04175156354904175,0.04951290413737297,15.234375,,,0.02345374785363674,0.03941026329994202,0.047991231083869934
2,1366000,14.453125,,,0.02170661650598049,0.04175463318824768,0.04951092600822449,15.0390625,,,0.023456018418073654,0.03944258391857147,0.04809848219156265
2,1367000,14.6484375,,,0.021709084510803223,0.04176311194896698,0.04952036961913109,13.4765625,,,0.023458275943994522,0.03944476321339607,0.04808618128299713
2,1368000,14.453125,,,0.021713269874453545,0.04178176820278168,0.04954855889081955,13.671875,,,0.02346535585820675,0.03943751007318497,0.048059094697237015
2,1369000,14.453125,,,0.02171783521771431,0.041784875094890594,0.04956430196762085,13.8671875,,,0.023470520973205566,0.039424993097782135,0.048003438860177994
2,1370000,15.234375,152,59.375,0.02172221802175045,0.04178275167942047,0.04957948625087738,14.6484375,143,55.859375,0.02348402887582779,0.039412807673215866,0.0480138435959816
2,1371000,14.453125,,,0.021724995225667953,0.04178179055452347,0.04958965629339218,14.84375,,,0.023496152833104134,0.039406705647706985,0.04804810881614685
2,1372000,14.6484375,,,0.02172749862074852,0.041795097291469574,0.04962604492902756,13.671875,,,0.02350260317325592,0.03938404470682144,0.04801627993583679
2,1373000,15.0390625,,,0.0217293668538332,0.04181511700153351,0.04966361075639725,15.234375,,,0.023506956174969673,0.03938747197389603,0.048047956079244614
2,1374000,14.6484375,,,0.02173047512769699,0.04184194654226303,0.04969467967748642,14.84375,,,0.023510737344622612,0.039392031729221344,0.0481109581887722
2,1375000,14.6484375,,,0.021731995046138763,0.04186369851231575,0.04970882087945938,14.84375,,,0.023513300344347954,0.03939587250351906,0.048154108226299286
2,1376000,14.453125,,,0.021733667701482773,0.04187432676553726,0.049715667963027954,14.84375,,,0.023515619337558746,0.039400942623615265,0.04818414896726608
2,1377000,14.6484375,,,0.021736491471529007,0.04188227280974388,0.04972187802195549,14.84375,,,0.023516589775681496,0.0394231341779232,0.04825422167778015
2,1378000,14.6484375,,,0.021740185096859932,0.04189005121588707,0.049729447811841965,15.234375,,,0.023511601611971855,0.039412010461091995,0.04815977066755295
2,1379000,14.6484375,,,0.021743401885032654,0.04189096391201019,0.049705229699611664,15.234375,,,0.023505479097366333,0.03939756378531456,0.04804355651140213
2,1380000,14.6484375,150,58.59375,0.021746700629591942,0.04189295321702957,0.049697719514369965,15.234375,138,53.90625,0.023501034826040268,0.03939610347151756,0.04798179119825363
2,1381000,14.6484375,,,0.02174954302608967,0.041897714138031006,0.049695562571287155,15.0390625,,,0.023499218747019768,0.03941761702299118,0.04802441596984863
2,1382000,14.6484375,,,0.021752161905169487,0.04190698266029358,0.049704521894454956,15.0390625,,,0.023496881127357483,0.0394255593419075,0.04800537973642349
2,1383000,14.6484375,,,0.021753765642642975,0.04192262142896652,0.04974588006734848,14.0625,,,0.023498347029089928,0.039427705109119415,0.04798068478703499
2,1384000,14.6484375,,,0.021755434572696686,0.041940703988075256,0.04978829622268677,15.625,,,0.02350037731230259,0.03941233083605766,0.04789361357688904
2,1385000,14.453125,,,0.02175845392048359,0.04197252541780472,0.049850787967443466,15.234375,,,0.023500416427850723,0.03939175605773926,0.04778551310300827
2,1386000,14.6484375,,,0.021761948242783546,0.04199147969484329,0.04989688843488693,15.234375,,,0.023501751944422722,0.03935261070728302,0.047614000737667084
2,1387000,14.453125,,,0.021764615550637245,0.04200223460793495,0.04992324858903885,14.0625,,,0.023506904020905495,0.03934056684374809,0.047580521553754807
2,1388000,14.6484375,,,0.021767644211649895,0.042017415165901184,0.049954067915678024,14.2578125,,,0.023513074964284897,0.039339035749435425,0.04758996516466141
2,1389000,14.6484375,,,0.021770382300019264,0.042023684829473495,0.04996450990438461,15.4296875,,,0.023518480360507965,0.039350200444459915,0.04764878749847412
2,1390000,14.6484375,154,60.15625,0.021773621439933777,0.042024411261081696,0.04996645078063011,14.2578125,150,58.59375,0.023525051772594452,0.03935568407177925,0.0477161779999733
2,1391000,14.6484375,,,0.021775659173727036,0.04203268140554428,0.04998507350683212,15.4296875,,,0.023531341925263405,0.03939855471253395,0.04787176474928856
2,1392000,14.6484375,,,0.021775903180241585,0.042039379477500916,0.049998752772808075,15.625,,,0.023536374792456627,0.03943954408168793,0.048017632216215134
2,1393000,14.84375,,,0.02177777886390686,0.04204336181282997,0.05001052841544151,15.4296875,,,0.023538444191217422,0.03948945179581642,0.048164453357458115
2,1394000,14.6484375,,,0.021780958399176598,0.042051877826452255,0.05002380535006523,15.234375,,,0.023540828377008438,0.03953471779823303,0.04829489439725876
2,1395000,14.6484375,,,0.02178586833178997,0.04205816611647606,0.050021104514598846,15.625,,,0.02354183979332447,0.03957763686776161,0.048428457230329514
2,1396000,14.6484375,,,0.02179034613072872,0.04206621274352074,0.05002664029598236,15.4296875,,,0.02354012057185173,0.03962109237909317,0.048563651740550995
2,1397000,14.6484375,,,0.021794013679027557,0.042069997638463974,0.05002645403146744,15.625,,,0.02353760600090027,0.039672575891017914,0.04872111976146698
2,1398000,15.0390625,,,0.021796666085720062,0.04207262396812439,0.05003247782588005,15.8203125,,,0.023537088185548782,0.039713215082883835,0.048847444355487823
2,1399000,14.6484375,,,0.02179795876145363,0.04206879436969757,0.05002749711275101,15.625,,,0.023534003645181656,0.03973374515771866,0.048890288919210434
2,1400000,14.84375,153,59.765625,0.02179877646267414,0.0420595183968544,0.0500100702047348,15.4296875,144,56.25,0.023529401049017906,0.03974781557917595,0.04889974370598793
2,1401000,14.6484375,,,0.021800531074404716,0.042062386870384216,0.04999915882945061,15.8203125,,,0.02352214977145195,0.03976534307003021,0.048895083367824554
2,1402000,14.453125,,,0.021801374852657318,0.04207739979028702,0.049999430775642395,13.8671875,,,0.02351815439760685,0.03974616900086403,0.048758022487163544
2,1403000,14.6484375,,,0.02180233597755432,0.04208870977163315,0.04999599605798721,15.4296875,,,0.023520074784755707,0.039735447615385056,0.04867658019065857
2,1404000,14.6484375,,,0.021803447976708412,0.04209122434258461,0.04998324066400528,15.4296875,,,0.023528750985860825,0.0397258996963501,0.04866603761911392
2,1405000,14.6484375,,,0.02180498279631138,0.042101193219423294,0.04999997466802597,15.4296875,,,0.02353520318865776,0.03970060124993324,0.04860992357134819
2,1406000,14.6484375,,,0.021806763485074043,0.04211415350437164,0.05004416033625603,14.84375,,,0.023540228605270386,0.03967183828353882,0.04854259267449379
2,1407000,14.84375,,,0.02181032858788967,0.04214649647474289,0.050098717212677,15.234375,,,0.023540310561656952,0.039656542241573334,0.04849560931324959
2,1408000,14.6484375,,,0.02181275188922882,0.042165741324424744,0.050130508840084076,14.2578125,,,0.023546071723103523,0.03967113047838211,0.04857444763183594
2,1409000,14.6484375,,,0.021815892308950424,0.04217979311943054,0.05015569180250168,15.234375,,,0.023547548800706863,0.0396672748029232,0.04854687303304672
2,1410000,14.453125,147,57.421875,0.021819228306412697,0.04219239205121994,0.05017636716365814,15.625,140,54.6875,0.023543301969766617,0.03965555503964424,0.048462867736816406
2,1411000,14.453125,,,0.021822502836585045,0.042197663336992264,0.05018923431634903,15.4296875,,,0.02353704907000065,0.039630867540836334,0.048319414258003235
2,1412000,14.6484375,,,0.021825462579727173,0.042195722460746765,0.05018041655421257,14.2578125,,,0.023539628833532333,0.03963422030210495,0.04832591861486435
2,1413000,14.6484375,,,0.02182668447494507,0.042182955890893936,0.0501539409160614,13.28125,,,0.023546727374196053,0.03962436318397522,0.048346564173698425
2,1414000,14.6484375,,,0.02182783931493759,0.04217250272631645,0.05013319104909897,15.0390625,,,0.02355755679309368,0.039630599319934845,0.04846314340829849
2,1415000,14.84375,,,0.021829156205058098,0.04217255488038063,0.050124578177928925,15.234375,,,0.02356935292482376,0.03964729607105255,0.048603422939777374
2,1416000,14.453125,,,0.021830303594470024,0.04217373952269554,0.05011983960866928,15.0390625,,,0.023579202592372894,0.03966744244098663,0.04873175173997879
2,1417000,14.2578125,,,0.021831100806593895,0.04217512160539627,0.05010126158595085,14.84375,,,0.023587267845869064,0.039692580699920654,0.04886757582426071
2,1418000,14.453125,,,0.021833108738064766,0.04217500239610672,0.050093404948711395,15.0390625,,,0.023592481389641762,0.03972649946808815,0.048974230885505676
2,1419000,14.453125,,,0.02183525823056698,0.04217108339071274,0.05008470267057419,15.234375,,,0.023593392223119736,0.03974048048257828,0.04897547513246536
2,1420000,14.2578125,154,60.15625,0.021838244050741196,0.04216731712222099,0.05007554590702057,14.6484375,150,58.59375,0.02359134331345558,0.03974439576268196,0.048900168389081955
2,1421000,14.2578125,,,0.021840687841176987,0.04216189682483673,0.05006582662463188,13.4765625,,,0.02359144762158394,0.03976086154580116,0.04888288304209709
2,1422000,14.6484375,,,0.02184242196381092,0.04215574264526367,0.05005357414484024,15.234375,,,0.023593682795763016,0.039775632321834564,0.04887910932302475
2,1423000,14.453125,,,0.021844368427991867,0.04215756431221962,0.05005322024226189,15.625,,,0.023594308644533157,0.039786551147699356,0.04884616285562515
2,1424000,14.453125,,,0.021846715360879898,0.04216568171977997,0.05006309971213341,14.84375,,,0.02359405718743801,0.039799630641937256,0.04881974309682846
2,1425000,14.453125,,,0.021849822252988815,0.042176615446805954,0.05007962882518768,13.28125,,,0.023595888167619705,0.03985006734728813,0.04893830418586731
2,1426000,14.6484375,,,0.021851997822523117,0.0421796590089798,0.05009187012910843,13.671875,,,0.023597490042448044,0.03989619016647339,0.049061402678489685
2,1427000,14.84375,,,0.02185525931417942,0.04218057915568352,0.05010845512151718,15.4296875,,,0.023599930107593536,0.039922114461660385,0.049136340618133545
2,1428000,14.6484375,,,0.021857671439647675,0.04219384491443634,0.05015106126666069,15.234375,,,0.023600658401846886,0.039935290813446045,0.04915175586938858
2,1429000,14.6484375,,,0.02185758762061596,0.04219720512628555,0.05016380548477173,13.8671875,,,0.02359952963888645,0.03993779793381691,0.04912366718053818
2,1430000,14.453125,153,59.765625,0.0218559168279171,0.04220881313085556,0.05017603561282158,13.671875,149,58.203125,0.023608289659023285,0.03994287550449371,0.0491357147693634
2,1431000,14.84375,,,0.021855711936950684,0.04222176596522331,0.050177186727523804,14.0625,,,0.023618405684828758,0.03996361047029495,0.0491771437227726
2,1432000,14.6484375,,,0.021855251863598824,0.042228490114212036,0.05017763376235962,15.234375,,,0.023629751056432724,0.04000762104988098,0.04931623488664627
2,1433000,14.6484375,,,0.021856077015399933,0.04221780598163605,0.050165921449661255,15.0390625,,,0.02363322675228119,0.04002216458320618,0.049333252012729645
2,1434000,14.453125,,,0.021857932209968567,0.04221692681312561,0.05016900226473808,15.0390625,,,0.023634042590856552,0.04000937193632126,0.049284301698207855
2,1435000,14.84375,,,0.021858075633645058,0.042216215282678604,0.050172485411167145,13.4765625,,,0.02364199608564377,0.0399777814745903,0.04923834279179573
2,1436000,14.6484375,,,0.021858563646674156,0.04220825433731079,0.050160493701696396,15.0390625,,,0.023648524656891823,0.039952464401721954,0.04920653998851776
2,1437000,14.6484375,,,0.021860281005501747,0.042199164628982544,0.05014580115675926,15.234375,,,0.02365107834339142,0.039930686354637146,0.049150679260492325
2,1438000,14.6484375,,,0.021863281726837158,0.042186107486486435,0.05013120174407959,14.6484375,,,0.023650556802749634,0.0398920513689518,0.04904679208993912
2,1439000,14.6484375,,,0.02186541073024273,0.04216672480106354,0.050111040472984314,15.234375,,,0.023649154230952263,0.03986448794603348,0.048973001539707184
2,1440000,15.0390625,151,58.984375,0.02186763845384121,0.042154356837272644,0.05009867995977402,14.0625,143,55.859375,0.023647503927350044,0.039856649935245514,0.048960935324430466
2,1441000,14.6484375,,,0.021870365366339684,0.04213644564151764,0.050079118460416794,15.234375,,,0.023647401481866837,0.039860792458057404,0.04895880073308945
2,1442000,14.6484375,,,0.02187340147793293,0.04213166981935501,0.05006619542837143,15.4296875,,,0.02365153282880783,0.0398920476436615,0.04899420589208603
2,1443000,14.84375,,,0.021877499297261238,0.042138636112213135,0.050063036382198334,15.8203125,,,0.023653848096728325,0.0399254709482193,0.049017779529094696
2,1444000,14.6484375,,,0.021882718428969383,0.04215908795595169,0.050067588686943054,15.0390625,,,0.02365538850426674,0.03994746133685112,0.04903664439916611
2,1445000,14.6484375,,,0.021887602284550667,0.0421706959605217,0.05006597563624382,13.671875,,,0.023655252531170845,0.03996274620294571,0.049030449241399765
2,1446000,14.6484375,,,0.021893197670578957,0.04219035431742668,0.05007164925336838,13.4765625,,,0.023656753823161125,0.039959441870450974,0.0489940345287323
2,1447000,14.6484375,,,0.021897971630096436,0.042199842631816864,0.05007251352071762,15.0390625,,,0.023655908182263374,0.03996598348021507,0.04899991676211357
2,1448000,14.6484375,,,0.021900882944464684,0.042181432247161865,0.05005710572004318,15.234375,,,0.023650549352169037,0.03996690735220909,0.048935770988464355
2,1449000,14.6484375,,,0.02190251648426056,0.04215782880783081,0.05003637075424194,15.4296875,,,0.02364436909556389,0.039948150515556335,0.04877953603863716
2,1450000,15.0390625,152,59.375,0.021903928369283676,0.04214683547616005,0.050020188093185425,15.625,140,54.6875,0.02364325150847435,0.039942119270563126,0.04871503636240959
2,1451000,14.6484375,,,0.02190498262643814,0.04214336350560188,0.05001576244831085,15.234375,,,0.023644082248210907,0.039942219853401184,0.04871067404747009
2,1452000,14.6484375,,,0.02190646529197693,0.042143773287534714,0.05002814531326294,15.0390625,,,0.02364896424114704,0.039972737431526184,0.048840418457984924
2,1453000,14.6484375,,,0.021906930953264236,0.042140521109104156,0.05003460869193077,15.0390625,,,0.023656409233808517,0.040028881281614304,0.04907898232340813
2,1454000,14.6484375,,,0.021907281130552292,0.04214167967438698,0.050047218799591064,15.4296875,,,0.023663723841309547,0.04009286314249039,0.04933752119541168
2,1455000,14.6484375,,,0.021907150745391846,0.04214375466108322,0.050050150603055954,14.84375,,,0.02366703562438488,0.04011095315217972,0.04939405620098114
2,1456000,14.6484375,,,0.021906882524490356,0.042146146297454834,0.05005056411027908,14.84375,,,0.023668769747018814,0.040094710886478424,0.0493253692984581
2,1457000,14.6484375,,,0.021907590329647064,0.04214520752429962,0.05003071948885918,15.234375,,,0.023667294532060623,0.040103182196617126,0.04931687191128731
2,1458000,14.6484375,,,0.021908912807703018,0.042150288820266724,0.05002519488334656,15.0390625,,,0.023668143898248672,0.04014281928539276,0.04943897947669029
2,1459000,14.6484375,,,0.02190944366157055,0.04216105490922928,0.0500410795211792,14.84375,,,0.023668555542826653,0.040168263018131256,0.04953320324420929
2,1460000,14.6484375,155,60.546875,0.021909797564148903,0.04217333719134331,0.050060760229825974,14.0625,153,59.765625,0.023671049624681473,0.04021214693784714,0.049711331725120544
2,1461000,14.6484375,,,0.021911287680268288,0.0421861931681633,0.050075482577085495,14.6484375,,,0.023677999153733253,0.04026845842599869,0.04993967339396477
2,1462000,14.84375,,,0.021912317723035812,0.04219520092010498,0.050089478492736816,15.4296875,,,0.02368031069636345,0.04030788317322731,0.05007290467619896
2,1463000,14.6484375,,,0.021913571283221245,0.04219901189208031,0.05009663850069046,15.0390625,,,0.023680085316300392,0.040362484753131866,0.05022130906581879
2,1464000,14.6484375,,,0.02191452868282795,0.042190469801425934,0.050074659287929535,14.0625,,,0.023685136809945107,0.040403760969638824,0.05030099302530289
2,1465000,15.0390625,,,0.021916141733527184,0.042181484401226044,0.05005427449941635,15.234375,,,0.023686010390520096,0.040422696620225906,0.05031294375658035
2,1466000,14.84375,,,0.02191769890487194,0.04217679798603058,0.05003836005926132,15.8203125,,,0.023686019703745842,0.04044298082590103,0.0503401905298233
2,1467000,14.6484375,,,0.02192021533846855,0.04218107461929321,0.050040774047374725,15.0390625,,,0.023688610643148422,0.04047383368015289,0.050435423851013184
2,1468000,14.6484375,,,0.021921366453170776,0.04218371585011482,0.050039395689964294,14.2578125,,,0.02369445003569126,0.04049219191074371,0.05048120766878128
2,1469000,14.6484375,,,0.021921811625361443,0.042179398238658905,0.05003645271062851,15.234375,,,0.02369503118097782,0.04052288830280304,0.05054266005754471
2,1470000,14.6484375,153,59.765625,0.021921353414654732,0.042167071253061295,0.05002337321639061,15.625,137,53.515625,0.023695340380072594,0.04052948206663132,0.05052148923277855
2,1471000,14.6484375,,,0.021921219304203987,0.04216352105140686,0.0500236414372921,15.4296875,,,0.023697054013609886,0.04055134207010269,0.05055609717965126
2,1472000,14.6484375,,,0.02192094922065735,0.04216199368238449,0.05002740025520325,16.2109375,,,0.02370152808725834,0.040584079921245575,0.050634726881980896
2,1473000,14.6484375,,,0.021921716630458832,0.04217417538166046,0.050053708255290985,14.0625,,,0.02370423823595047,0.04060714319348335,0.05067171901464462
2,1474000,14.6484375,,,0.02192336693406105,0.04218469560146332,0.0500480942428112,13.4765625,,,0.023709002882242203,0.0406244695186615,0.050706975162029266
2,1475000,14.6484375,,,0.021925199776887894,0.04219238460063934,0.050052981823682785,15.234375,,,0.023713113740086555,0.04066995903849602,0.05085502564907074
2,1476000,14.6484375,,,0.02192683517932892,0.04219532757997513,0.05006319284439087,14.6484375,,,0.02371824160218239,0.04072176665067673,0.05103244632482529
2,1477000,14.6484375,,,0.021928561851382256,0.04218897968530655,0.050067245960235596,15.234375,,,0.02372678555548191,0.04077678918838501,0.051236510276794434
2,1478000,14.6484375,,,0.021930426359176636,0.04218802601099014,0.05007132142782211,13.28125,,,0.023733949288725853,0.04079079627990723,0.051316142082214355
2,1479000,14.453125,,,0.0219330545514822,0.04219283536076546,0.050070926547050476,15.0390625,,,0.0237346850335598,0.04078355431556702,0.051322534680366516
2,1480000,14.6484375,153,59.765625,0.021936070173978806,0.04219646006822586,0.05005110427737236,13.4765625,147,57.421875,0.023731645196676254,0.04077570140361786,0.05131659284234047
2,1481000,14.453125,,,0.02193835936486721,0.0421997606754303,0.05003771930932999,15.8203125,,,0.023730957880616188,0.040793731808662415,0.05138992518186569
2,1482000,14.6484375,,,0.021940605714917183,0.04220796376466751,0.050036683678627014,15.8203125,,,0.023727551102638245,0.04080191254615784,0.0514279343187809
2,1483000,14.6484375,,,0.021942706778645515,0.04221072047948837,0.050038885325193405,15.8203125,,,0.023724690079689026,0.040836647152900696,0.051543090492486954
2,1484000,14.453125,,,0.021945130079984665,0.04220736771821976,0.05004996806383133,15.234375,,,0.023714546114206314,0.040853407233953476,0.051587194204330444
2,1485000,14.453125,,,0.021948155015707016,0.042201101779937744,0.050049275159835815,13.4765625,,,0.023710979148745537,0.04083719849586487,0.05149867385625839
2,1486000,14.453125,,,0.02194993384182453,0.04219413548707962,0.050048828125,13.8671875,,,0.02371816337108612,0.04080107808113098,0.05134061723947525
2,1487000,14.453125,,,0.021949224174022675,0.04219444841146469,0.050050344318151474,15.0390625,,,0.023736221715807915,0.04080405458807945,0.051362618803977966
2,1488000,14.6484375,,,0.02194812148809433,0.0421878844499588,0.050039373338222504,15.0390625,,,0.023754745721817017,0.04081755131483078,0.051461320370435715
2,1489000,14.6484375,,,0.021946458145976067,0.04217952489852905,0.05001899227499962,13.671875,,,0.023767780512571335,0.040819764137268066,0.05152614414691925
2,1490000,14.6484375,153,59.765625,0.02194601483643055,0.042185187339782715,0.050018005073070526,14.84375,143,55.859375,0.023776592686772346,0.04081171751022339,0.051544006913900375
2,1491000,14.6484375,,,0.021945642307400703,0.04218928888440132,0.05002176761627197,15.234375,,,0.02378232777118683,0.04082995653152466,0.0516323558986187
2,1492000,14.6484375,,,0.021945064887404442,0.042188286781311035,0.05002585053443909,15.234375,,,0.02378883585333824,0.040861427783966064,0.05177031457424164
2,1493000,14.6484375,,,0.02194555103778839,0.04219033569097519,0.05001332610845566,13.28125,,,0.023795630782842636,0.04085293412208557,0.05176688730716705
2,1494000,15.0390625,,,0.021945057436823845,0.04219382256269455,0.05001143738627434,15.234375,,,0.023796172812581062,0.04085569828748703,0.05175132676959038
2,1495000,15.0390625,,,0.021944627165794373,0.04220128804445267,0.05000406131148338,15.0390625,,,0.02379906363785267,0.0408659353852272,0.051789332181215286
2,1496000,14.6484375,,,0.021944064646959305,0.04220537841320038,0.04998431354761124,15.0390625,,,0.023805659264326096,0.04091338813304901,0.05199306085705757
2,1497000,14.6484375,,,0.021946022287011147,0.04222618043422699,0.05001115798950195,15.0390625,,,0.023808827623724937,0.04093176871538162,0.05212464928627014
2,1498000,14.6484375,,,0.021948128938674927,0.042255699634552,0.050103604793548584,15.0390625,,,0.023811759427189827,0.040930889546871185,0.052187927067279816
2,1499000,14.6484375,,,0.0219503715634346,0.04229344427585602,0.05018894374370575,15.0390625,,,0.023811718448996544,0.04094775766134262,0.05227208510041237
3,1500000,14.6484375,151,58.984375,0.02195158414542675,0.04230979457497597,0.05023161694407463,15.0390625,140,54.6875,0.023806331679224968,0.04095262289047241,0.05223129689693451
3,1501000,19.53125,,,0.02195248380303383,0.04231351241469383,0.050242941826581955,32.2265625,,,0.023804806172847748,0.04096410423517227,0.052214428782463074
3,1502000,16.015625,,,0.021952729672193527,0.042307883501052856,0.050223272293806076,16.9921875,,,0.023803485557436943,0.040960200130939484,0.05214228481054306
3,1503000,14.453125,,,0.021953606978058815,0.04231452941894531,0.05022788047790527,14.6484375,,,0.023806970566511154,0.04096265882253647,0.052132830023765564
3,1504000,14.6484375,,,0.0219548549503088,0.0423286035656929,0.05024756118655205,13.28125,,,0.02381041832268238,0.040954362601041794,0.05209793150424957
3,1505000,15.0390625,,,0.021956276148557663,0.042337752878665924,0.050270043313503265,15.4296875,,,0.023817086592316628,0.04096850007772446,0.05214731767773628
3,1506000,14.453125,,,0.021957775577902794,0.04234939068555832,0.050282418727874756,15.0390625,,,0.02382291480898857,0.0409826934337616,0.0521974079310894
3,1507000,14.453125,,,0.021959466859698296,0.04234902188181877,0.05027099698781967,15.234375,,,0.02382858842611313,0.04101753607392311,0.05231279507279396
3,1508000,14.453125,,,0.021961677819490433,0.0423409603536129,0.05025676637887955,13.4765625,,,0.023834995925426483,0.041056372225284576,0.05243043601512909
3,1509000,14.453125,,,0.021964550018310547,0.04233062267303467,0.05023833364248276,13.4765625,,,0.023842981085181236,0.04107966646552086,0.052530642598867416
3,1510000,14.453125,153,59.765625,0.021966004744172096,0.04232221096754074,0.05022869631648064,15.0390625,146,57.03125,0.023846590891480446,0.04109545424580574,0.052552081644535065
3,1511000,14.84375,,,0.021966984495520592,0.04231572896242142,0.05022447928786278,14.453125,,,0.023851430043578148,0.04114732891321182,0.0526772066950798
3,1512000,14.453125,,,0.021968064829707146,0.042322319000959396,0.05023450776934624,13.8671875,,,0.023856960237026215,0.041158728301525116,0.052666351199150085
3,1513000,14.453125,,,0.02197040244936943,0.042341746389865875,0.050295066088438034,15.234375,,,0.023865152150392532,0.04116398096084595,0.05262986570596695
3,1514000,14.453125,,,0.021974023431539536,0.042362138628959656,0.05035669356584549,15.234375,,,0.02386944741010666,0.04118448495864868,0.0526290163397789
3,1515000,14.453125,,,0.02197640761733055,0.04238243028521538,0.05040191859006882,15.234375,,,0.0238732248544693,0.041220031678676605,0.05270951986312866
3,1516000,14.453125,,,0.021979397162795067,0.04240912199020386,0.050448864698410034,15.234375,,,0.023876352235674858,0.0412527471780777,0.05278373509645462
3,1517000,14.453125,,,0.021982237696647644,0.042428016662597656,0.050485964864492416,15.4296875,,,0.023877443745732307,0.041286177933216095,0.052852436900138855
3,1518000,14.453125,,,0.021985147148370743,0.04243496060371399,0.05050910636782646,15.234375,,,0.023876765742897987,0.04131834954023361,0.05290108174085617
3,1519000,14.453125,,,0.021987948566675186,0.04244275391101837,0.050545625388622284,13.0859375,,,0.023874381557106972,0.04132707417011261,0.05289014056324959
3,1520000,14.453125,149,58.203125,0.021990669891238213,0.04244670644402504,0.050571080297231674,13.4765625,143,55.859375,0.02387281320989132,0.04131609946489334,0.05281883478164673
3,1521000,14.453125,,,0.021992821246385574,0.04245114326477051,0.05059054121375084,15.234375,,,0.02387535572052002,0.041309140622615814,0.052815429866313934
3,1522000,14.453125,,,0.021992893889546394,0.04245708882808685,0.05061265081167221,13.8671875,,,0.02388116903603077,0.04132325202226639,0.05290687084197998
3,1523000,14.453125,,,0.021994320675730705,0.042479321360588074,0.05065303295850754,15.0390625,,,0.023881573230028152,0.04134603962302208,0.0529928132891655
3,1524000,14.453125,,,0.021995823830366135,0.04249680042266846,0.05067944526672363,15.234375,,,0.02388698235154152,0.0413682758808136,0.05312981829047203
3,1525000,14.453125,,,0.02199753001332283,0.042510632425546646,0.05069946497678757,15.234375,,,0.023893143981695175,0.041399355977773666,0.053284429013729095
3,1526000,14.453125,,,0.022000398486852646,0.04252280294895172,0.05071599408984184,13.8671875,,,0.02390247769653797,0.04140800982713699,0.05337116867303848
3,1527000,14.453125,,,0.022005682811141014,0.04254169762134552,0.050738535821437836,15.0390625,,,0.023910939693450928,0.041365183889865875,0.05329379439353943
3,1528000,14.2578125,,,0.022009778767824173,0.04255998879671097,0.050754692405462265,15.4296875,,,0.0239162165671587,0.04133857786655426,0.05324380099773407
3,1529000,14.453125,,,0.022011704742908478,0.04256719723343849,0.05075612664222717,15.234375,,,0.023917995393276215,0.0412992462515831,0.0531252957880497
3,1530000,14.2578125,152,59.375,0.022013692185282707,0.042566750198602676,0.05074909329414368,15.234375,143,55.859375,0.02391362190246582,0.04125601053237915,0.052959144115448
3,1531000,14.2578125,,,0.0220156442373991,0.04256811365485191,0.05074753612279892,15.4296875,,,0.023914111778140068,0.04125988483428955,0.052961841225624084
3,1532000,14.0625,,,0.022017765790224075,0.04257822036743164,0.05075462907552719,13.671875,,,0.023916203528642654,0.041266851127147675,0.05298036336898804
3,1533000,14.2578125,,,0.022019928321242332,0.04258667305111885,0.050761159509420395,15.4296875,,,0.02391895465552807,0.041315048933029175,0.053104300051927567
3,1534000,14.0625,,,0.02202184498310089,0.042589861899614334,0.05076811835169792,13.671875,,,0.023922812193632126,0.041333477944135666,0.053160205483436584
3,1535000,14.2578125,,,0.022023743018507957,0.04259651154279709,0.050781361758708954,13.671875,,,0.023928234353661537,0.04133080691099167,0.053122229874134064
3,1536000,14.2578125,,,0.02202524244785309,0.04260053113102913,0.050790540874004364,15.4296875,,,0.02393258921802044,0.041338466107845306,0.053089793771505356
3,1537000,14.453125,,,0.022026969119906425,0.04260529577732086,0.050816114991903305,15.4296875,,,0.023934129625558853,0.04138127341866493,0.05312927067279816
3,1538000,14.2578125,,,0.02202952280640602,0.042601704597473145,0.050823524594306946,15.0390625,,,0.02393227070569992,0.04140705242753029,0.05310884863138199
3,1539000,14.2578125,,,0.0220323596149683,0.04260605573654175,0.05082549899816513,15.0390625,,,0.023930778726935387,0.041407130658626556,0.05304962769150734
3,1540000,14.453125,155,60.546875,0.022034116089344025,0.04260615259408951,0.05081544443964958,15.625,140,54.6875,0.023934174329042435,0.041417621076107025,0.053081903606653214
3,1541000,14.2578125,,,0.022035397589206696,0.04260503500699997,0.05080587789416313,15.0390625,,,0.02394142560660839,0.041451796889305115,0.05322903394699097
3,1542000,14.453125,,,0.02203594706952572,0.042606450617313385,0.05080094933509827,15.0390625,,,0.023946207016706467,0.04149394482374191,0.053383685648441315
3,1543000,14.2578125,,,0.022035393863916397,0.04260808974504471,0.05078846216201782,15.0390625,,,0.023950425907969475,0.041530247777700424,0.053499769419431686
3,1544000,14.2578125,,,0.022035790607333183,0.04260837286710739,0.0507814884185791,15.0390625,,,0.0239479448646307,0.04152702912688255,0.05343690142035484
3,1545000,14.453125,,,0.022036733105778694,0.042612381279468536,0.05077691376209259,15.234375,,,0.023942768573760986,0.04154924303293228,0.053425081074237823
3,1546000,14.2578125,,,0.022038433700799942,0.0426158681511879,0.05077691003680229,15.0390625,,,0.023943977430462837,0.041569456458091736,0.05347881466150284
3,1547000,14.2578125,,,0.022040177136659622,0.04261922836303711,0.05079580843448639,13.8671875,,,0.023946966975927353,0.041576460003852844,0.053513750433921814
3,1548000,14.6484375,,,0.022043047472834587,0.04262334853410721,0.05082078278064728,15.234375,,,0.023950379341840744,0.04159051924943924,0.05357084795832634
3,1549000,14.2578125,,,0.022045550867915154,0.04262489825487137,0.05083436891436577,14.84375,,,0.02395680919289589,0.04159729927778244,0.05364802107214928
3,1550000,14.2578125,154,60.15625,0.022048206999897957,0.04262784123420715,0.05084969103336334,12.6953125,150,58.59375,0.023961570113897324,0.04155223071575165,0.053551994264125824
3,1551000,14.6484375,,,0.022049691528081894,0.04264393076300621,0.05090136453509331,13.8671875,,,0.023966019973158836,0.041495755314826965,0.05340857058763504
3,1552000,14.0625,,,0.022050734609365463,0.04265650361776352,0.05095675587654114,15.234375,,,0.023968134075403214,0.04144706577062607,0.05325978249311447
3,1553000,14.2578125,,,0.022050661966204643,0.042663514614105225,0.05099241062998772,14.84375,,,0.02397049404680729,0.04140394181013107,0.053141430020332336
3,1554000,14.453125,,,0.02204999513924122,0.042660050094127655,0.051012855023145676,15.0390625,,,0.023970982059836388,0.04138829559087753,0.05307692661881447
3,1555000,14.2578125,,,0.02204875648021698,0.04264691844582558,0.05101264640688896,15.234375,,,0.023975949734449387,0.041360579431056976,0.053015030920505524
3,1556000,14.2578125,,,0.02204800210893154,0.04263058677315712,0.05100029706954956,15.4296875,,,0.023981260135769844,0.04131689667701721,0.05288616567850113
3,1557000,14.2578125,,,0.022046761587262154,0.04261862114071846,0.05098314210772514,15.0390625,,,0.023987503722310066,0.04130686819553375,0.05283547565340996
3,1558000,14.2578125,,,0.02204546332359314,0.042610447853803635,0.05097316950559616,15.234375,,,0.023990776389837265,0.041315414011478424,0.05283619835972786
3,1559000,14.2578125,,,0.02204502560198307,0.04259975627064705,0.05096004903316498,15.234375,,,0.023995617404580116,0.0413578525185585,0.052930429577827454
3,1560000,14.2578125,153,59.765625,0.02204480953514576,0.04258544743061066,0.05094035714864731,15.4296875,141,55.078125,0.02399628423154354,0.04139886051416397,0.05299018323421478
3,1561000,14.2578125,,,0.022045589983463287,0.0425829254090786,0.050939448177814484,15.0390625,,,0.02399720437824726,0.041418712586164474,0.053007762879133224
3,1562000,14.0625,,,0.022046444937586784,0.04258452355861664,0.05094173550605774,13.28125,,,0.024000566452741623,0.041433319449424744,0.05303167551755905
3,1563000,14.2578125,,,0.022047249600291252,0.0425851084291935,0.05094413086771965,15.234375,,,0.02400549128651619,0.04145938530564308,0.053094618022441864
3,1564000,14.2578125,,,0.0220478642731905,0.0425846129655838,0.05094040557742119,15.4296875,,,0.024011166766285896,0.04149498790502548,0.053200121968984604
3,1565000,14.0625,,,0.02204856462776661,0.04258293658494949,0.050935566425323486,15.4296875,,,0.02401665598154068,0.04151538759469986,0.05327747389674187
3,1566000,14.2578125,,,0.022049540653824806,0.04257773235440254,0.05094060301780701,14.0625,,,0.024021586403250694,0.04154268652200699,0.05334758386015892
3,1567000,13.8671875,,,0.02205110900104046,0.042574238032102585,0.05094429478049278,15.234375,,,0.024028820917010307,0.04159620776772499,0.053520213812589645
3,1568000,14.0625,,,0.022052070125937462,0.0425734668970108,0.050945889204740524,15.8203125,,,0.02403193525969982,0.04162132367491722,0.053582899272441864
3,1569000,14.0625,,,0.02205394208431244,0.04256817325949669,0.05094372481107712,15.4296875,,,0.024036554619669914,0.04165385290980339,0.053684718906879425
3,1570000,14.0625,153,59.765625,0.022055266425013542,0.04256034269928932,0.05093510076403618,15.4296875,139,54.296875,0.024038588628172874,0.04166218638420105,0.053697653114795685
3,1571000,14.0625,,,0.022056004032492638,0.04255613684654236,0.05095623433589935,15.234375,,,0.02403801493346691,0.04163628816604614,0.05358840525150299
3,1572000,13.8671875,,,0.022056715562939644,0.042567841708660126,0.05098084360361099,15.234375,,,0.024039754644036293,0.04159248620271683,0.05344291031360626
3,1573000,13.8671875,,,0.02205825224518776,0.042584843933582306,0.05099916458129883,13.671875,,,0.02404581569135189,0.04155714809894562,0.05334226042032242
3,1574000,14.453125,,,0.02205950953066349,0.042597729712724686,0.051015160977840424,15.625,,,0.024051308631896973,0.04153681546449661,0.05327419936656952
3,1575000,14.2578125,,,0.02205926924943924,0.04260549321770668,0.05103099346160889,15.8203125,,,0.024056389927864075,0.041531965136528015,0.05325263366103172
3,1576000,14.2578125,,,0.022059224545955658,0.042604248970746994,0.05102836340665817,15.625,,,0.024060433730483055,0.04154452681541443,0.053256452083587646
3,1577000,14.453125,,,0.02206057868897915,0.042606763541698456,0.05102661997079849,15.4296875,,,0.024065891280770302,0.041567325592041016,0.053302038460969925
3,1578000,14.6484375,,,0.02206256613135338,0.04260522127151489,0.05102076381444931,15.4296875,,,0.024070775136351585,0.04158864542841911,0.05335185304284096
3,1579000,14.2578125,,,0.022064296528697014,0.04260147362947464,0.05101530998945236,15.234375,,,0.024071965366601944,0.04160550981760025,0.05338749289512634
3,1580000,14.453125,152,59.375,0.022067472338676453,0.04260105639696121,0.05101668834686279,15.234375,143,55.859375,0.024073733016848564,0.041620709002017975,0.05342116206884384
3,1581000,14.453125,,,0.02206965908408165,0.04259727522730827,0.05101602524518967,15.234375,,,0.02407223917543888,0.04161195829510689,0.053337059915065765
3,1582000,14.2578125,,,0.022071361541748047,0.04259926825761795,0.05102634057402611,15.234375,,,0.02407192252576351,0.04158971831202507,0.053247593343257904
3,1583000,14.2578125,,,0.022073309868574142,0.04260508716106415,0.05103487893939018,15.0390625,,,0.024072470143437386,0.04158055782318115,0.05319581553339958
3,1584000,14.6484375,,,0.022074967622756958,0.04261220991611481,0.05105346441268921,15.0390625,,,0.024071045219898224,0.04157649725675583,0.053143300116062164
3,1585000,14.6484375,,,0.02207707054913044,0.042621396481990814,0.051069121807813644,14.0625,,,0.024068105965852737,0.041559502482414246,0.05302021652460098
3,1586000,14.2578125,,,0.022080006077885628,0.04263783246278763,0.05113362520933151,14.453125,,,0.024068307131528854,0.041559070348739624,0.052980560809373856
3,1587000,14.453125,,,0.022082829847931862,0.042651694267988205,0.05116548389196396,14.2578125,,,0.024069583043456078,0.041551295667886734,0.0529436431825161
3,1588000,14.453125,,,0.022084858268499374,0.04265730828046799,0.05118360370397568,13.0859375,,,0.024071665480732918,0.04156035929918289,0.05297427251935005
3,1589000,14.84375,,,0.02208642102777958,0.042658835649490356,0.05118865892291069,15.0390625,,,0.024076376110315323,0.04155075550079346,0.052994512021541595
3,1590000,14.2578125,157,61.328125,0.02208723872900009,0.04266021400690079,0.05119117721915245,14.84375,149,58.203125,0.024081971496343613,0.041564155369997025,0.05309387296438217
3,1591000,14.2578125,,,0.022089531645178795,0.04267340153455734,0.05122052878141403,13.0859375,,,0.02409006655216217,0.04161672666668892,0.05333393067121506
3,1592000,14.453125,,,0.022091787308454514,0.04267808049917221,0.05121799558401108,14.84375,,,0.024096623063087463,0.041672732681035995,0.0535692498087883
3,1593000,14.453125,,,0.022094277665019035,0.042683131992816925,0.05121373385190964,14.84375,,,0.024098051711916924,0.04173244163393974,0.05375801771879196
3,1594000,14.2578125,,,0.02209635265171528,0.04269474372267723,0.0512000136077404,14.6484375,,,0.024096699431538582,0.04180273786187172,0.05395135655999184
3,1595000,14.453125,,,0.022099148482084274,0.042701274156570435,0.05116776376962662,15.0390625,,,0.024092186242341995,0.04187152162194252,0.0540974996984005
3,1596000,14.453125,,,0.022101692855358124,0.042706042528152466,0.05114053934812546,15.0390625,,,0.024090008810162544,0.04188893735408783,0.0540987029671669
3,1597000,14.453125,,,0.022103803232312202,0.04271159693598747,0.051127515733242035,14.84375,,,0.024090373888611794,0.0418541394174099,0.05395248904824257
3,1598000,14.453125,,,0.022106466814875603,0.04272393882274628,0.051122501492500305,13.4765625,,,0.024089807644486427,0.0418044775724411,0.053775303065776825
3,1599000,14.6484375,,,0.022108707576990128,0.042741574347019196,0.05111932381987572,15.0390625,,,0.024090107530355453,0.0417809821665287,0.053700998425483704
3,1600000,14.453125,154,60.15625,0.02211024984717369,0.04274628311395645,0.05111514776945114,15.234375,137,53.515625,0.024091104045510292,0.04177151992917061,0.05367278307676315
3,1601000,14.2578125,,,0.022113261744379997,0.042754001915454865,0.05111388489603996,13.671875,,,0.02409377694129944,0.041760995984077454,0.05363134294748306
3,1602000,14.453125,,,0.022117367014288902,0.04275830090045929,0.05110187456011772,14.6484375,,,0.024099504575133324,0.04172319918870926,0.053535912185907364
3,1603000,14.84375,,,0.022121278569102287,0.04275814816355705,0.05109206587076187,14.6484375,,,0.024103717878460884,0.0416671484708786,0.05337165296077728
3,1604000,14.453125,,,0.022125156596302986,0.04276139661669731,0.05108324810862541,15.0390625,,,0.02410818636417389,0.04162989556789398,0.053275566548109055
3,1605000,14.453125,,,0.02212841995060444,0.04277300089597702,0.05108360946178436,13.4765625,,,0.024116070941090584,0.04159574583172798,0.05322577804327011
3,1606000,14.453125,,,0.022130558267235756,0.04279152676463127,0.051091812551021576,15.0390625,,,0.0241203922778368,0.041568927466869354,0.053141795098781586
3,1607000,14.453125,,,0.022133640944957733,0.04281764477491379,0.051109619438648224,15.0390625,,,0.02412339858710766,0.041552528738975525,0.053088556975126266
3,1608000,14.2578125,,,0.022135647013783455,0.04283716157078743,0.05112631246447563,15.0390625,,,0.024124206975102425,0.041520558297634125,0.05297413840889931
3,1609000,14.453125,,,0.022137004882097244,0.04284769296646118,0.05113977938890457,15.0390625,,,0.024123694747686386,0.04148516803979874,0.052852265536785126
3,1610000,14.2578125,152,59.375,0.022138332948088646,0.04284882918000221,0.05114450305700302,15.0390625,138,53.90625,0.024120518937706947,0.04145742207765579,0.052723802626132965
3,1611000,14.2578125,,,0.02213968150317669,0.04284663125872612,0.05115005373954773,15.0390625,,,0.024118507280945778,0.04145537316799164,0.05268566310405731
3,1612000,14.2578125,,,0.022142181172966957,0.042853303253650665,0.051161959767341614,15.0390625,,,0.024117372930049896,0.0414891391992569,0.052754808217287064
3,1613000,14.2578125,,,0.022144516929984093,0.04285576194524765,0.05116940662264824,15.234375,,,0.024117371067404747,0.041508547961711884,0.052782975137233734
3,1614000,14.453125,,,0.02214687131345272,0.04285871237516403,0.0511777363717556,15.0390625,,,0.024116935208439827,0.04151439294219017,0.05275609344244003
3,1615000,14.2578125,,,0.02214871160686016,0.042858194559812546,0.0511772446334362,15.0390625,,,0.024116918444633484,0.041506990790367126,0.052680086344480515
3,1616000,14.453125,,,0.022151291370391846,0.0428626649081707,0.05118667334318161,13.4765625,,,0.024118000641465187,0.041525669395923615,0.05269591510295868
3,1617000,14.453125,,,0.022154537960886955,0.042880356311798096,0.05120726674795151,15.4296875,,,0.024121984839439392,0.04155199974775314,0.052762046456336975
3,1618000,14.453125,,,0.02215726114809513,0.04290561005473137,0.05122973769903183,15.234375,,,0.0241260826587677,0.04157085716724396,0.052810512483119965
3,1619000,14.453125,,,0.022159980610013008,0.04292474314570427,0.051246918737888336,15.0390625,,,0.024126950651407242,0.04159027710556984,0.05283453315496445
3,1620000,14.6484375,150,58.59375,0.022162247449159622,0.0429353266954422,0.05125752091407776,13.28125,146,57.03125,0.024126889184117317,0.04160768538713455,0.05285236984491348
3,1621000,14.453125,,,0.022164074704051018,0.04294607415795326,0.05127045139670372,15.234375,,,0.024125121533870697,0.041616421192884445,0.05284266918897629
3,1622000,14.453125,,,0.022165795788168907,0.04296055808663368,0.05128796026110649,15.0390625,,,0.024125702679157257,0.04161178320646286,0.052827611565589905
3,1623000,14.453125,,,0.02216845192015171,0.0429781973361969,0.05133404955267906,15.0390625,,,0.024127598851919174,0.0415831096470356,0.05273883789777756
3,1624000,14.453125,,,0.022170869633555412,0.04299336299300194,0.051396604627370834,15.0390625,,,0.024134285748004913,0.04157758504152298,0.05275331437587738
3,1625000,14.453125,,,0.022172220051288605,0.04301069676876068,0.051450781524181366,15.0390625,,,0.024144666269421577,0.041585348546504974,0.05283041298389435
3,1626000,14.453125,,,0.022172871977090836,0.043023496866226196,0.05149056017398834,15.234375,,,0.024153467267751694,0.04158915579319,0.0528872050344944
3,1627000,14.2578125,,,0.02217392809689045,0.043033819645643234,0.05150672793388367,15.234375,,,0.024161750450730324,0.041585057973861694,0.05295292288064957
3,1628000,14.453125,,,0.022175556048750877,0.04303797334432602,0.05150936171412468,14.84375,,,0.02416626550257206,0.04154292866587639,0.052863724529743195
3,1629000,14.453125,,,0.022177617996931076,0.04303205758333206,0.051501985639333725,15.0390625,,,0.02416699193418026,0.041483741253614426,0.052719131112098694
3,1630000,14.6484375,151,58.984375,0.022179489955306053,0.0430154912173748,0.051483362913131714,15.4296875,137,53.515625,0.024165451526641846,0.0414380207657814,0.05258464813232422
3,1631000,14.453125,,,0.02218192256987095,0.043002307415008545,0.05146576464176178,15.0390625,,,0.024161359295248985,0.041400592774152756,0.05242977291345596
3,1632000,14.453125,,,0.022183770313858986,0.04299264773726463,0.05145513266324997,13.8671875,,,0.024161582812666893,0.04137830436229706,0.05236425995826721
3,1633000,14.453125,,,0.022185586392879486,0.04297071322798729,0.05142764374613762,15.0390625,,,0.02416389249265194,0.041353002190589905,0.05232879891991615
3,1634000,14.453125,,,0.02218625880777836,0.04295482859015465,0.05139768868684769,13.4765625,,,0.02416761964559555,0.04133158177137375,0.05231200531125069
3,1635000,14.6484375,,,0.022186126559972763,0.04293607547879219,0.051359742879867554,15.234375,,,0.02417011931538582,0.04129870980978012,0.052249811589717865
3,1636000,14.2578125,,,0.022186288610100746,0.04293232783675194,0.051356203854084015,14.6484375,,,0.024171927943825722,0.041227348148822784,0.052039407193660736
3,1637000,14.2578125,,,0.022187119349837303,0.042929038405418396,0.051352910697460175,14.6484375,,,0.024173278361558914,0.04117003083229065,0.05182553827762604
3,1638000,14.2578125,,,0.022187422960996628,0.04292714595794678,0.05134747177362442,13.0859375,,,0.02417728118598461,0.041099533438682556,0.05159115791320801
3,1639000,14.453125,,,0.022189605981111526,0.04292792081832886,0.05134643614292145,14.0625,,,0.024184953421354294,0.041046977043151855,0.051450736820697784
3,1640000,14.453125,152,59.375,0.022193660959601402,0.04293316230177879,0.05134625732898712,14.84375,146,57.03125,0.024196159094572067,0.04100608825683594,0.051400139927864075
3,1641000,14.453125,,,0.022196494042873383,0.042936332523822784,0.0513288751244545,14.84375,,,0.024208495393395424,0.04097062349319458,0.0513727068901062
3,1642000,14.453125,,,0.022200288251042366,0.04293909668922424,0.05131030082702637,15.0390625,,,0.024218648672103882,0.04094477370381355,0.05136296898126602
3,1643000,14.453125,,,0.02220439910888672,0.042942747473716736,0.051319193094968796,15.0390625,,,0.024222053587436676,0.04093972221016884,0.0513434000313282
3,1644000,14.453125,,,0.022207586094737053,0.04294149577617645,0.051310114562511444,14.0625,,,0.024223821237683296,0.04094405472278595,0.051315996795892715
3,1645000,14.453125,,,0.02220996655523777,0.04294239357113838,0.05130576342344284,13.28125,,,0.02422269992530346,0.040939465165138245,0.051219645887613297
3,1646000,14.453125,,,0.022211577743291855,0.04293500632047653,0.05129707604646683,14.6484375,,,0.024221088737249374,0.04094216227531433,0.051158707588911057
3,1647000,14.6484375,,,0.022212835028767586,0.042925894260406494,0.05128709599375725,14.84375,,,0.024220531806349754,0.04095495492219925,0.051148444414138794
3,1648000,14.6484375,,,0.02221454307436943,0.042935892939567566,0.05130022019147873,13.8671875,,,0.02421852946281433,0.04096187651157379,0.05110778659582138
3,1649000,14.6484375,,,0.022215912118554115,0.042954809963703156,0.05131898447871208,14.6484375,,,0.024215631186962128,0.0409565307199955,0.05101372301578522
3,1650000,14.453125,154,60.15625,0.02221730910241604,0.04297777637839317,0.05133882164955139,13.8671875,153,59.765625,0.024215130135416985,0.04093794524669647,0.05092207342386246
3,1651000,14.6484375,,,0.02221844531595707,0.04299134761095047,0.05135178565979004,13.8671875,,,0.02421419322490692,0.040922991931438446,0.05087997764348984
3,1652000,14.453125,,,0.02221914380788803,0.04301121085882187,0.0513724759221077,14.6484375,,,0.02421535924077034,0.04090004414319992,0.05086022615432739
3,1653000,14.6484375,,,0.022221600636839867,0.04303289204835892,0.05139949172735214,14.453125,,,0.02421741560101509,0.040887653827667236,0.05085723474621773
3,1654000,14.6484375,,,0.0222238227725029,0.043049365282058716,0.0514204315841198,14.6484375,,,0.024221867322921753,0.04087129235267639,0.05090257152915001
3,1655000,14.6484375,,,0.022227078676223755,0.04306218400597572,0.05144074186682701,14.0625,,,0.024226179346442223,0.04085841774940491,0.05092954263091087
3,1656000,14.6484375,,,0.022230125963687897,0.04306931048631668,0.05145423114299774,14.84375,,,0.024227513000369072,0.040838442742824554,0.0508635938167572
3,1657000,14.453125,,,0.022231517359614372,0.043072909116744995,0.05145775526762009,13.8671875,,,0.0242339838296175,0.04083288460969925,0.05089130997657776
3,1658000,14.6484375,,,0.022233933210372925,0.04307134822010994,0.05146969482302666,13.4765625,,,0.02424277737736702,0.04082345962524414,0.05093088001012802
3,1659000,14.6484375,,,0.02223740890622139,0.04307614639401436,0.051485829055309296,14.453125,,,0.02424829639494419,0.040835194289684296,0.05094797536730766
3,1660000,14.6484375,152,59.375,0.02224056050181389,0.04308934509754181,0.05150291323661804,13.4765625,153,59.765625,0.024249980226159096,0.040824271738529205,0.050853949040174484
3,1661000,14.6484375,,,0.02224251814186573,0.043106406927108765,0.05149628221988678,14.84375,,,0.024250801652669907,0.04084800183773041,0.05083296075463295
3,1662000,14.6484375,,,0.02224317565560341,0.043118901550769806,0.05149224400520325,14.84375,,,0.024251731112599373,0.040869466960430145,0.0508103147149086
3,1663000,14.84375,,,0.02224382571876049,0.04312344640493393,0.05148693546652794,15.0390625,,,0.024256588891148567,0.04091005027294159,0.050899650901556015
3,1664000,14.6484375,,,0.02224414050579071,0.043124426156282425,0.051484398543834686,14.84375,,,0.024261383339762688,0.04094985872507095,0.051012251526117325
3,1665000,14.6484375,,,0.022244712337851524,0.04312039911746979,0.05147707462310791,14.6484375,,,0.024265604093670845,0.040975604206323624,0.05108325183391571
3,1666000,15.0390625,,,0.022245921194553375,0.043126970529556274,0.051487505435943604,15.0390625,,,0.024266446009278297,0.0410156324505806,0.05114417150616646
3,1667000,14.6484375,,,0.022247817367315292,0.04313412308692932,0.05150005221366882,14.84375,,,0.024264967069029808,0.04104851931333542,0.05116283893585205
3,1668000,14.6484375,,,0.02225036732852459,0.043142884969711304,0.05151569843292236,13.671875,,,0.02426743507385254,0.04111026972532272,0.05131205916404724
3,1669000,14.6484375,,,0.022251732647418976,0.043143708258867264,0.05152487754821777,13.8671875,,,0.02427206188440323,0.04118476063013077,0.051528044044971466
3,1670000,14.6484375,154,60.15625,0.02225414849817753,0.04315299540758133,0.05154480040073395,13.8671875,148,57.8125,0.024274390190839767,0.04124648869037628,0.05168367922306061
3,1671000,14.84375,,,0.022256221622228622,0.04314997047185898,0.05153241008520126,15.0390625,,,0.024270497262477875,0.04125942289829254,0.05162455886602402
3,1672000,14.84375,,,0.022257637232542038,0.043143630027770996,0.05155619978904724,15.4296875,,,0.024268753826618195,0.04127263277769089,0.05161405727267265
3,1673000,14.6484375,,,0.022258510813117027,0.04314275085926056,0.05157611891627312,15.0390625,,,0.024268053472042084,0.04127759113907814,0.05157274380326271
3,1674000,14.6484375,,,0.022258210927248,0.04314122721552849,0.05155869573354721,15.0390625,,,0.024266187101602554,0.04130981117486954,0.051626935601234436
3,1675000,14.6484375,,,0.022258127108216286,0.04313379526138306,0.05153912305831909,15.0390625,,,0.02426244504749775,0.0413324311375618,0.05163618177175522
3,1676000,14.6484375,,,0.022259360179305077,0.04313196241855621,0.05151357501745224,13.8671875,,,0.024256786331534386,0.041350916028022766,0.051610179245471954
3,1677000,14.6484375,,,0.02226163074374199,0.04314413666725159,0.05150153860449791,14.0625,,,0.02425255998969078,0.04134375602006912,0.051508381962776184
3,1678000,14.6484375,,,0.022264935076236725,0.043158985674381256,0.0514996163547039,13.8671875,,,0.024256719276309013,0.041350819170475006,0.05153871700167656
3,1679000,14.84375,,,0.02226896397769451,0.043184779584407806,0.051512837409973145,15.0390625,,,0.02426080033183098,0.04136762022972107,0.05162724107503891
3,1680000,14.6484375,156,60.9375,0.02227257564663887,0.04322168976068497,0.051539596170186996,14.84375,143,55.859375,0.02426641620695591,0.04140876233577728,0.051808662712574005
3,1681000,14.6484375,,,0.02227597124874592,0.04325652867555618,0.051571451127529144,14.6484375,,,0.024269964545965195,0.04144944250583649,0.051961712539196014
3,1682000,14.453125,,,0.022279804572463036,0.04327774792909622,0.051588550209999084,15.234375,,,0.02426968887448311,0.041484441608190536,0.05205894261598587
3,1683000,14.2578125,,,0.022283796221017838,0.04329035058617592,0.05159732699394226,15.0390625,,,0.024272065609693527,0.04149942845106125,0.0521073117852211
3,1684000,14.453125,,,0.02228720113635063,0.04329643398523331,0.05160974711179733,15.234375,,,0.02427740767598152,0.04151361063122749,0.05219259113073349
3,1685000,14.2578125,,,0.022289153188467026,0.04331701248884201,0.05164593085646629,15.0390625,,,0.02428605780005455,0.04150039330124855,0.052227988839149475
3,1686000,14.453125,,,0.022291136905550957,0.04333340749144554,0.05167081207036972,14.0625,,,0.02429458312690258,0.04150453209877014,0.05229519307613373
3,1687000,14.2578125,,,0.02229376696050167,0.04334937036037445,0.05170051008462906,15.0390625,,,0.02430230751633644,0.04152723029255867,0.05240006744861603
3,1688000,14.2578125,,,0.022296862676739693,0.04335791617631912,0.0517287477850914,15.0390625,,,0.02430517040193081,0.04154299572110176,0.05241726338863373
3,1689000,14.453125,,,0.022299157455563545,0.04336751624941826,0.05174858495593071,15.0390625,,,0.02430908754467964,0.04157702624797821,0.05250782519578934
3,1690000,14.453125,153,59.765625,0.022300217300653458,0.043375056236982346,0.05176042020320892,14.84375,148,57.8125,0.02431349828839302,0.04161199927330017,0.052597470581531525
3,1691000,14.453125,,,0.022301234304904938,0.04337604343891144,0.05177398771047592,13.8671875,,,0.024313654750585556,0.04163454473018646,0.052637528628110886
3,1692000,14.453125,,,0.02230238728225231,0.04338748753070831,0.0517912320792675,14.0625,,,0.024316564202308655,0.041630472987890244,0.05258677154779434
3,1693000,14.453125,,,0.0223050769418478,0.04339737817645073,0.051798414438962936,14.0625,,,0.02433168515563011,0.04158765450119972,0.052470944821834564
3,1694000,14.453125,,,0.02230921760201454,0.04340383782982826,0.051803700625896454,15.0390625,,,0.02434723824262619,0.04155789315700531,0.05238052085042
3,1695000,14.453125,,,0.022311583161354065,0.0434141680598259,0.05182179808616638,14.0625,,,0.024358902126550674,0.0415366068482399,0.05230039730668068
3,1696000,14.453125,,,0.022313371300697327,0.04343137890100479,0.05184222757816315,15.0390625,,,0.024364426732063293,0.04153846949338913,0.052282143384218216
3,1697000,14.453125,,,0.022315580397844315,0.043453752994537354,0.05184026062488556,14.6484375,,,0.024370629340410233,0.04154491424560547,0.05228957533836365
3,1698000,14.453125,,,0.022317448630928993,0.04347163066267967,0.0518367700278759,14.84375,,,0.02437182329595089,0.041560493409633636,0.05230347439646721
3,1699000,14.453125,,,0.022319361567497253,0.04347407817840576,0.051827363669872284,14.84375,,,0.024371707811951637,0.04160381853580475,0.052407555282115936
3,1700000,14.453125,153,59.765625,0.022321399301290512,0.04346855729818344,0.051812972873449326,14.6484375,147,57.421875,0.024370351806282997,0.041635025292634964,0.052449002861976624
3,1701000,14.453125,,,0.0223226435482502,0.043463386595249176,0.05180232971906662,14.84375,,,0.024369828402996063,0.041670020669698715,0.05251853168010712
3,1702000,14.453125,,,0.02232501283288002,0.0434635728597641,0.05179426074028015,13.671875,,,0.024368688464164734,0.041721880435943604,0.05265426263213158
3,1703000,14.453125,,,0.02232571877539158,0.0434708371758461,0.05179698392748833,15.0390625,,,0.024370187893509865,0.04178367182612419,0.05285973101854324
3,1704000,14.453125,,,0.0223243311047554,0.04346880316734314,0.05178551375865936,14.6484375,,,0.024371637031435966,0.041812293231487274,0.05295968055725098
3,1705000,14.453125,,,0.022322718054056168,0.04346881061792374,0.05178474634885788,14.6484375,,,0.024370288476347923,0.04183126986026764,0.05301899462938309
3,1706000,14.453125,,,0.022322023287415504,0.04346422851085663,0.051744382828474045,15.234375,,,0.024366512894630432,0.04187719151377678,0.05316736549139023
3,1707000,14.453125,,,0.022322680801153183,0.04346833378076553,0.05173073709011078,15.0390625,,,0.024363286793231964,0.04192870482802391,0.05332972854375839
3,1708000,14.2578125,,,0.022322583943605423,0.04347827285528183,0.05172707885503769,14.453125,,,0.024363918229937553,0.041996896266937256,0.0535455122590065
3,1709000,14.453125,,,0.022322675213217735,0.04349009692668915,0.05170769616961479,14.6484375,,,0.02437165193259716,0.04203513637185097,0.053722627460956573
3,1710000,14.453125,155,60.546875,0.022323571145534515,0.043499432504177094,0.05165061354637146,14.84375,145,56.640625,0.02438000589609146,0.04205220565199852,0.0538298599421978
3,1711000,14.453125,,,0.02232513390481472,0.04350321739912033,0.05160985514521599,13.4765625,,,0.024390263482928276,0.04201769083738327,0.053789444267749786
3,1712000,14.6484375,,,0.022327855229377747,0.04350893944501877,0.051586225628852844,15.0390625,,,0.024395279586315155,0.04199547320604324,0.0537538155913353
3,1713000,14.453125,,,0.022330904379487038,0.04351865127682686,0.05157816410064697,14.84375,,,0.024396145716309547,0.04194632172584534,0.053592391312122345
3,1714000,14.6484375,,,0.022333195433020592,0.04352476820349693,0.05159040540456772,15.0390625,,,0.024398572742938995,0.04190521314740181,0.053451523184776306
3,1715000,14.453125,,,0.022334672510623932,0.04352793097496033,0.051593389362096786,13.8671875,,,0.024404320865869522,0.041866056621074677,0.05332309380173683
3,1716000,14.2578125,,,0.022335629910230637,0.04352772980928421,0.05156975984573364,14.453125,,,0.024412179365754128,0.04183994233608246,0.05326899513602257
3,1717000,14.453125,,,0.022337861359119415,0.04353464022278786,0.05155773088335991,14.6484375,,,0.02442154474556446,0.041842810809612274,0.053350675851106644
3,1718000,14.453125,,,0.022340137511491776,0.04354998096823692,0.0515795461833477,14.453125,,,0.024429554119706154,0.041844163089990616,0.05343266576528549
3,1719000,14.6484375,,,0.022342780604958534,0.04356425628066063,0.051600806415081024,14.6484375,,,0.024437930434942245,0.041838016360998154,0.053493864834308624
3,1720000,14.453125,154,60.15625,0.022344855591654778,0.04357215017080307,0.051608607172966,14.453125,150,58.59375,0.024444689974188805,0.04183030501008034,0.0535154789686203
3,1721000,14.453125,,,0.02234651707112789,0.04358798637986183,0.05163643881678581,14.0625,,,0.024448610842227936,0.041810669004917145,0.0534924641251564
3,1722000,14.453125,,,0.022347958758473396,0.043590012937784195,0.05164146050810814,14.0625,,,0.024449406191706657,0.041763368993997574,0.053391292691230774
3,1723000,15.0390625,,,0.022349359467625618,0.043604519218206406,0.05165644735097885,16.40625,,,0.024452997371554375,0.041751302778720856,0.05342385917901993
3,1724000,14.453125,,,0.022351708263158798,0.04361896589398384,0.0516706220805645,14.453125,,,0.024454571306705475,0.04174775630235672,0.05343003571033478
3,1725000,14.453125,,,0.022353025153279305,0.04363441467285156,0.0516880564391613,13.4765625,,,0.02445489913225174,0.04173515737056732,0.05336642265319824
3,1726000,14.453125,,,0.022353840991854668,0.043655876070261,0.051716458052396774,14.453125,,,0.02445336803793907,0.04172752797603607,0.05328236147761345
3,1727000,14.453125,,,0.022356977686285973,0.043675005435943604,0.05174471065402031,14.2578125,,,0.02445363625884056,0.041709382086992264,0.05322181433439255
3,1728000,14.6484375,,,0.02236069180071354,0.04368728771805763,0.051767345517873764,14.0625,,,0.02445460855960846,0.04170413687825203,0.05321463569998741
3,1729000,14.453125,,,0.02236306108534336,0.04368190839886665,0.05176449939608574,13.4765625,,,0.024456748738884926,0.04169153422117233,0.05319248139858246
3,1730000,15.0390625,149,58.203125,0.022364387288689613,0.04368322342634201,0.05176393315196037,14.453125,145,56.640625,0.024461006745696068,0.04166913777589798,0.05314110219478607
3,1731000,14.6484375,,,0.02236560545861721,0.0436851941049099,0.051766715943813324,14.453125,,,0.024468285962939262,0.04167959839105606,0.053219474852085114
3,1732000,14.6484375,,,0.022367162629961967,0.043679796159267426,0.051762551069259644,14.6484375,,,0.02447410300374031,0.041718170046806335,0.05334671214222908
3,1733000,14.453125,,,0.022369416430592537,0.043671801686286926,0.05174991115927696,13.671875,,,0.024479275569319725,0.041729092597961426,0.05338931083679199
3,1734000,14.6484375,,,0.02237280085682869,0.04366200417280197,0.051718734204769135,13.671875,,,0.024483265355229378,0.04172559082508087,0.053406134247779846
3,1735000,14.6484375,,,0.02237612195312977,0.04365634545683861,0.05169747397303581,13.4765625,,,0.024487880989909172,0.04176939278841019,0.05354975908994675
3,1736000,14.2578125,,,0.022378530353307724,0.04365698993206024,0.05167488753795624,14.2578125,,,0.024491164833307266,0.041849762201309204,0.05374627560377121
3,1737000,14.6484375,,,0.022379443049430847,0.04366201162338257,0.05167272686958313,14.2578125,,,0.02449454553425312,0.04192876070737839,0.05391897261142731
3,1738000,14.453125,,,0.022379018366336823,0.04365836828947067,0.05167141184210777,13.4765625,,,0.02449723146855831,0.04198373481631279,0.05402015894651413
3,1739000,14.6484375,,,0.0223785862326622,0.04365969076752663,0.0516800582408905,14.6484375,,,0.02449667453765869,0.04202644154429436,0.05408484488725662
3,1740000,14.6484375,147,57.421875,0.02237824909389019,0.043660327792167664,0.051685675978660583,15.4296875,139,54.296875,0.024494236335158348,0.042073167860507965,0.054141558706760406
3,1741000,14.6484375,,,0.022378064692020416,0.043661266565322876,0.051690734922885895,15.234375,,,0.024495214223861694,0.0421130508184433,0.054224252700805664
3,1742000,14.6484375,,,0.022378887981176376,0.04366697371006012,0.05169987678527832,14.84375,,,0.024494830518960953,0.04211393743753433,0.05419902503490448
3,1743000,14.84375,,,0.022379698231816292,0.04366549849510193,0.05170004814863205,15.4296875,,,0.02449760213494301,0.04211485758423805,0.054223574697971344
3,1744000,14.6484375,,,0.022381441667675972,0.04366251826286316,0.051697295159101486,15.234375,,,0.024498440325260162,0.04211588576436043,0.05423695594072342
3,1745000,14.6484375,,,0.02238159440457821,0.043652959167957306,0.05166759341955185,15.0390625,,,0.024503270164132118,0.04214070737361908,0.0543525367975235
3,1746000,14.6484375,,,0.022382600232958794,0.04364601522684097,0.0516405925154686,15.4296875,,,0.024506356567144394,0.04219457507133484,0.05449483543634415
3,1747000,14.6484375,,,0.02238417975604534,0.04364059492945671,0.051626455038785934,15.234375,,,0.02450738102197647,0.04222904518246651,0.054565541446208954
3,1748000,14.6484375,,,0.02238507755100727,0.04364166036248207,0.05162099748849869,13.8671875,,,0.024511899799108505,0.042283616960048676,0.05471181124448776
3,1749000,14.6484375,,,0.02238534577190876,0.04364604502916336,0.05161561816930771,15.234375,,,0.02451770193874836,0.042357102036476135,0.05490966886281967
3,1750000,14.6484375,154,60.15625,0.02238604612648487,0.043655864894390106,0.05162648484110832,14.2578125,149,58.203125,0.024521203711628914,0.04241243004798889,0.05506116524338722
3,1751000,14.6484375,,,0.02238672785460949,0.04366261512041092,0.05164303630590439,14.6484375,,,0.024524804204702377,0.042454078793525696,0.055149201303720474
3,1752000,14.6484375,,,0.022387821227312088,0.04367190599441528,0.051661379635334015,14.6484375,,,0.02452279068529606,0.04244065284729004,0.055032879114151
3,1753000,14.6484375,,,0.02238793671131134,0.04368140548467636,0.051674988120794296,13.671875,,,0.024524854496121407,0.04241800680756569,0.05491960793733597
3,1754000,14.6484375,,,0.02238737978041172,0.04368906468153,0.05168408155441284,13.28125,,,0.024532804265618324,0.042400654405355453,0.05485844239592552
3,1755000,14.6484375,,,0.02238725684583187,0.043687671422958374,0.05168209597468376,14.2578125,,,0.02454020455479622,0.04240530729293823,0.054870784282684326
3,1756000,14.6484375,,,0.02238793671131134,0.043680913746356964,0.05166368931531906,14.84375,,,0.024551276117563248,0.042424701154232025,0.05499156564474106
3,1757000,14.6484375,,,0.022389359772205353,0.04368378221988678,0.05166521668434143,14.84375,,,0.024562470614910126,0.04241430386900902,0.05504368245601654
3,1758000,14.6484375,,,0.022393064573407173,0.043686650693416595,0.05164102464914322,13.4765625,,,0.024565203115344048,0.04243243858218193,0.05513294041156769
3,1759000,14.6484375,,,0.022396966814994812,0.04369165375828743,0.05168011784553528,14.84375,,,0.024565353989601135,0.04247722029685974,0.05524865537881851
3,1760000,14.6484375,151,58.984375,0.022399406880140305,0.04369741678237915,0.051714807748794556,15.0390625,137,53.515625,0.024565137922763824,0.042518921196460724,0.055348820984363556
3,1761000,14.6484375,,,0.022401906549930573,0.04370832443237305,0.051749370992183685,13.4765625,,,0.02456233650445938,0.042529795318841934,0.055309489369392395
3,1762000,14.6484375,,,0.02240459807217121,0.04371584951877594,0.05176842212677002,14.84375,,,0.024565305560827255,0.042531415820121765,0.05525292456150055
3,1763000,14.6484375,,,0.022404976189136505,0.043717678636312485,0.05177408456802368,15.0390625,,,0.02456955797970295,0.042506344616413116,0.05514075607061386
3,1764000,14.6484375,,,0.02240552194416523,0.043722935020923615,0.05178498476743698,15.234375,,,0.02457444928586483,0.04248706251382828,0.055071957409381866
3,1765000,14.6484375,,,0.022407304495573044,0.043727800250053406,0.05180060863494873,13.4765625,,,0.024585235863924026,0.042453061789274216,0.05501634627580643
3,1766000,14.6484375,,,0.022409703582525253,0.043732207268476486,0.051803600043058395,13.4765625,,,0.02459772676229477,0.042417459189891815,0.05493174120783806
3,1767000,14.6484375,,,0.022411519661545753,0.04374272748827934,0.05182501673698425,13.671875,,,0.02460559643805027,0.04240378364920616,0.05488625913858414
3,1768000,14.6484375,,,0.02241354249417782,0.04374907910823822,0.05183946341276169,14.2578125,,,0.024611078202724457,0.04238415136933327,0.05483412370085716
3,1769000,14.6484375,,,0.02241632528603077,0.04375508055090904,0.05183982849121094,13.28125,,,0.024620018899440765,0.04236866161227226,0.05483104661107063
3,1770000,14.6484375,151,58.984375,0.022418681532144547,0.04375595599412918,0.05184021592140198,14.84375,142,55.46875,0.024628769606351852,0.04237116128206253,0.054882533848285675
3,1771000,14.6484375,,,0.02242088131606579,0.043750569224357605,0.051831603050231934,14.2578125,,,0.024632174521684647,0.042383741587400436,0.05491974949836731
3,1772000,14.453125,,,0.022424034774303436,0.04375101625919342,0.05187499150633812,14.84375,,,0.024633042514324188,0.04242327809333801,0.055032648146152496
3,1773000,14.6484375,,,0.02242516726255417,0.04375847429037094,0.05191750451922417,14.84375,,,0.02463185414671898,0.042430996894836426,0.05506173521280289
3,1774000,14.6484375,,,0.02242606319487095,0.043771401047706604,0.05194687843322754,14.6484375,,,0.024625558406114578,0.04240066185593605,0.05491039901971817
3,1775000,14.6484375,,,0.022427119314670563,0.04378511384129524,0.05196908116340637,14.6484375,,,0.024619020521640778,0.042419224977493286,0.05487549677491188
3,1776000,14.6484375,,,0.022428220137953758,0.04380126670002937,0.05200032517313957,14.6484375,,,0.02461555413901806,0.04246354103088379,0.054953061044216156
3,1777000,14.6484375,,,0.022429436445236206,0.0438128337264061,0.05202799290418625,14.6484375,,,0.02461501583456993,0.0424792654812336,0.05499671399593353
3,1778000,14.6484375,,,0.022431975230574608,0.04381094500422478,0.05202387273311615,15.0390625,,,0.024613095447421074,0.04246753826737404,0.05494710057973862
3,1779000,14.6484375,,,0.022433126345276833,0.043812356889247894,0.052035070955753326,15.234375,,,0.024615369737148285,0.0424623042345047,0.05493064969778061
3,1780000,14.6484375,154,60.15625,0.022434616461396217,0.04381492733955383,0.05204622074961662,15.0390625,144,56.25,0.024617550894618034,0.04248353838920593,0.055011846125125885
3,1781000,14.6484375,,,0.02243606559932232,0.043818190693855286,0.052038922905921936,15.0390625,,,0.02462202124297619,0.04248490184545517,0.05506480857729912
3,1782000,14.6484375,,,0.02243768237531185,0.04382681846618652,0.0520421527326107,13.671875,,,0.024627842009067535,0.04249041900038719,0.05513200908899307
3,1783000,14.6484375,,,0.02244182676076889,0.04383109137415886,0.05204688757658005,13.4765625,,,0.024635091423988342,0.04248795658349991,0.05515526235103607
3,1784000,14.6484375,,,0.022446241229772568,0.04384112358093262,0.05205767601728439,13.28125,,,0.02463820017874241,0.04247971624135971,0.055100344121456146
3,1785000,14.453125,,,0.022448942065238953,0.04384157806634903,0.05205943435430527,13.28125,,,0.02463707886636257,0.04242990165948868,0.054885588586330414
3,1786000,14.6484375,,,0.022449685260653496,0.0438423752784729,0.052058346569538116,14.6484375,,,0.02463715896010399,0.04236982762813568,0.05464744567871094
3,1787000,14.6484375,,,0.022449813783168793,0.043843403458595276,0.05206209421157837,15.0390625,,,0.02464056760072708,0.04236083850264549,0.05461348220705986
3,1788000,14.6484375,,,0.02244960516691208,0.043840471655130386,0.052064113318920135,14.2578125,,,0.024647820740938187,0.04237785562872887,0.05470684915781021
3,1789000,14.453125,,,0.022449318319559097,0.0438346192240715,0.05205950140953064,13.4765625,,,0.024654289707541466,0.042400918900966644,0.05481306463479996
3,1790000,14.453125,156,60.9375,0.0224493145942688,0.04382691532373428,0.05206037685275078,14.84375,147,57.421875,0.024654844775795937,0.042430438101291656,0.05489969998598099
3,1791000,14.453125,,,0.02245086431503296,0.043826498091220856,0.05207168310880661,14.453125,,,0.02465486340224743,0.04245947301387787,0.054998729377985
3,1792000,14.453125,,,0.022452138364315033,0.04382675141096115,0.052074581384658813,15.234375,,,0.024653473868966103,0.04248366504907608,0.05508119985461235
3,1793000,14.6484375,,,0.02245369553565979,0.043837953358888626,0.05208688601851463,15.0390625,,,0.024653537198901176,0.04251663014292717,0.05520042032003403
3,1794000,14.6484375,,,0.022455479949712753,0.04385881870985031,0.052108265459537506,14.6484375,,,0.024652814492583275,0.042558297514915466,0.05531712621450424
3,1795000,14.6484375,,,0.022456930950284004,0.04388111084699631,0.05212140083312988,13.4765625,,,0.024653712287545204,0.04258713871240616,0.055415984243154526
3,1796000,14.6484375,,,0.02245873026549816,0.043889082968235016,0.05211734399199486,13.4765625,,,0.02465779148042202,0.04259773716330528,0.05546853691339493
3,1797000,14.2578125,,,0.022461891174316406,0.04390186816453934,0.05213296413421631,13.28125,,,0.024662235751748085,0.04260590672492981,0.05550232157111168
3,1798000,14.453125,,,0.02246517688035965,0.04391743987798691,0.05217057466506958,14.84375,,,0.02466355264186859,0.04262649267911911,0.05555573105812073
3,1799000,14.453125,,,0.022469108924269676,0.043931953608989716,0.052198149263858795,13.671875,,,0.024665087461471558,0.04260862618684769,0.055474478751420975
3,1800000,14.2578125,157,61.328125,0.022472821176052094,0.04394753649830818,0.05222436785697937,14.2578125,149,58.203125,0.02466825395822525,0.04259029030799866,0.05540702864527702
3,1801000,14.453125,,,0.02247586101293564,0.043957922607660294,0.052241574972867966,13.4765625,,,0.024670735001564026,0.0425601489841938,0.05528612434864044
3,1802000,14.453125,,,0.022478949278593063,0.04395502805709839,0.0522480234503746,14.453125,,,0.024673867970705032,0.042525529861450195,0.055149249732494354
3,1803000,14.453125,,,0.022480450570583344,0.04395398497581482,0.05225705727934837,15.234375,,,0.0246783047914505,0.04252440482378006,0.055155977606773376
3,1804000,14.453125,,,0.022482408210635185,0.04395657777786255,0.05228094384074211,14.6484375,,,0.02468423917889595,0.04254424199461937,0.055241480469703674
3,1805000,14.453125,,,0.02248489484190941,0.04396098107099533,0.05231118202209473,14.453125,,,0.024685516953468323,0.04257149249315262,0.05530007928609848
3,1806000,14.453125,,,0.02248661033809185,0.04396585002541542,0.05233509838581085,14.2578125,,,0.024687565863132477,0.042597658932209015,0.05534962937235832
3,1807000,14.453125,,,0.022486789152026176,0.04397060349583626,0.05234961956739426,14.2578125,,,0.02468970976769924,0.04260701686143875,0.0553719736635685
3,1808000,14.0625,,,0.02248828299343586,0.04398325830698013,0.05236653611063957,13.671875,,,0.024692315608263016,0.04259592294692993,0.05535121634602547
3,1809000,14.453125,,,0.02248978614807129,0.0440000519156456,0.05238955467939377,14.2578125,,,0.024695923551917076,0.042580097913742065,0.05534014478325844
3,1810000,14.2578125,154,60.15625,0.022491686046123505,0.04401543736457825,0.05241966247558594,14.84375,144,56.25,0.024701803922653198,0.04258917272090912,0.055430807173252106
3,1811000,14.2578125,,,0.0224936343729496,0.04403594136238098,0.05247446894645691,14.453125,,,0.024709058925509453,0.04258590191602707,0.055503737181425095
3,1812000,14.2578125,,,0.022495312616229057,0.04406372085213661,0.05252612754702568,15.0390625,,,0.024715565145015717,0.04262060672044754,0.05567953735589981
3,1813000,14.453125,,,0.022497298195958138,0.04409022256731987,0.05256674811244011,14.84375,,,0.02472236379981041,0.042670633643865585,0.055902790278196335
3,1814000,14.2578125,,,0.02249889448285103,0.0440947562456131,0.0525808148086071,13.671875,,,0.024723347276449203,0.04268691688776016,0.055992767214775085
3,1815000,14.2578125,,,0.022502129897475243,0.044089868664741516,0.052586279809474945,14.6484375,,,0.024722415953874588,0.04269373416900635,0.05606802552938461
3,1816000,14.2578125,,,0.022506268694996834,0.044095493853092194,0.05259901285171509,15.0390625,,,0.024722622707486153,0.04272093251347542,0.05620217323303223
3,1817000,14.453125,,,0.022510690614581108,0.04412031173706055,0.052639834582805634,14.84375,,,0.02472078427672386,0.04270429164171219,0.056163281202316284
3,1818000,14.453125,,,0.022515757009387016,0.04413551092147827,0.05267573520541191,15.234375,,,0.024716908112168312,0.042690496891736984,0.056108519434928894
3,1819000,14.453125,,,0.02252117730677128,0.04416180029511452,0.05277782306075096,15.0390625,,,0.02471434883773327,0.04269270598888397,0.05607962980866432
3,1820000,14.453125,155,60.546875,0.02252577431499958,0.04419461637735367,0.05291100963950157,14.84375,147,57.421875,0.024716751649975777,0.04269783943891525,0.056075483560562134
3,1821000,14.453125,,,0.02252950705587864,0.04421953856945038,0.052996885031461716,14.84375,,,0.024721967056393623,0.04266270250082016,0.055968813598155975
3,1822000,14.2578125,,,0.022532949224114418,0.04423394054174423,0.053058117628097534,15.0390625,,,0.02472631074488163,0.042632561177015305,0.05583639815449715
3,1823000,14.453125,,,0.022536277770996094,0.04424498975276947,0.05309830233454704,14.453125,,,0.024728111922740936,0.042606230825185776,0.0556885302066803
3,1824000,14.453125,,,0.022538507357239723,0.04424908757209778,0.05311126634478569,14.2578125,,,0.02472786232829094,0.04261031001806259,0.05563819408416748
3,1825000,14.453125,,,0.022540707141160965,0.04424918442964554,0.053118955343961716,13.671875,,,0.024727197363972664,0.04262225329875946,0.05560430511832237
3,1826000,14.453125,,,0.02254168689250946,0.044252097606658936,0.05312572047114372,15.0390625,,,0.024729343131184578,0.0426386296749115,0.05563417822122574
3,1827000,14.453125,,,0.02254369482398033,0.04427375644445419,0.053143590688705444,15.4296875,,,0.024731721729040146,0.0426667146384716,0.05571417883038521
3,1828000,14.453125,,,0.022546963766217232,0.04430193454027176,0.053176186978816986,14.6484375,,,0.024731285870075226,0.0426856204867363,0.05574308708310127
3,1829000,14.2578125,,,0.02254895493388176,0.04432892054319382,0.053206056356430054,13.8671875,,,0.024734467267990112,0.04268556833267212,0.055732421576976776
3,1830000,14.453125,152,59.375,0.022550253197550774,0.04435122013092041,0.053218331187963486,13.671875,145,56.640625,0.024736355990171432,0.04266013950109482,0.055628105998039246
3,1831000,14.2578125,,,0.02255230024456978,0.0443657785654068,0.05321425199508667,14.84375,,,0.024738935753703117,0.04267612844705582,0.05567242205142975
3,1832000,14.2578125,,,0.02255415730178356,0.044376544654369354,0.05322042852640152,14.84375,,,0.02473563514649868,0.042668651789426804,0.05561035871505737
3,1833000,14.453125,,,0.022557420656085014,0.044381000101566315,0.053229920566082,15.4296875,,,0.024730321019887924,0.0426468700170517,0.05547119304537773
3,1834000,14.453125,,,0.022561868652701378,0.044373929500579834,0.05322202667593956,14.6484375,,,0.024727456271648407,0.04263588786125183,0.05539132282137871
3,1835000,14.2578125,,,0.022563597187399864,0.04437203332781792,0.05321571230888367,14.0625,,,0.024732790887355804,0.04264088720083237,0.05543411150574684
3,1836000,14.453125,,,0.022567125037312508,0.0443769209086895,0.05320854112505913,13.4765625,,,0.024743955582380295,0.042644232511520386,0.0555134154856205
3,1837000,14.453125,,,0.02256867103278637,0.04438033699989319,0.05318903177976608,13.4765625,,,0.024756906554102898,0.04264851659536362,0.05560248717665672
3,1838000,14.453125,,,0.022570470348000526,0.0443856418132782,0.05318662151694298,14.6484375,,,0.024764668196439743,0.04265043884515762,0.05563297122716904
3,1839000,14.453125,,,0.022573277354240417,0.044400062412023544,0.0532047264277935,15.0390625,,,0.024768508970737457,0.042676106095314026,0.05571143701672554
3,1840000,14.453125,155,60.546875,0.022576339542865753,0.04442015662789345,0.0532245859503746,14.6484375,150,58.59375,0.02476973831653595,0.042663317173719406,0.05566227436065674
3,1841000,14.453125,,,0.022579694166779518,0.04443616420030594,0.05324059724807739,13.4765625,,,0.024773893877863884,0.0426446832716465,0.05562686175107956
3,1842000,14.453125,,,0.02258247323334217,0.044456593692302704,0.05326829105615616,15.0390625,,,0.024776162579655647,0.04266708344221115,0.05568215250968933
3,1843000,14.453125,,,0.022585757076740265,0.04448706656694412,0.053309570997953415,15.0390625,,,0.024776017293334007,0.04268505424261093,0.05571424961090088
3,1844000,14.453125,,,0.022588463500142097,0.04450979828834534,0.05333452671766281,14.84375,,,0.02477438561618328,0.04270177334547043,0.05572948604822159
3,1845000,14.2578125,,,0.02259148471057415,0.04452265799045563,0.0533406063914299,13.671875,,,0.02477198839187622,0.04269628971815109,0.055687256157398224
3,1846000,14.453125,,,0.022594505921006203,0.04453025013208389,0.05333701893687248,13.4765625,,,0.024769021198153496,0.042689595371484756,0.055635739117860794
3,1847000,14.453125,,,0.02259770780801773,0.044540539383888245,0.05333726853132248,15.234375,,,0.02476750873029232,0.042705997824668884,0.055655308067798615
3,1848000,14.453125,,,0.022600412368774414,0.04455043748021126,0.05333667993545532,15.0390625,,,0.024768883362412453,0.042702771723270416,0.055647533386945724
3,1849000,14.453125,,,0.022603249177336693,0.04455888271331787,0.05334078520536423,14.6484375,,,0.024770310148596764,0.04272691160440445,0.055738307535648346
3,1850000,14.453125,150,58.59375,0.02260492369532585,0.04456373304128647,0.05334627255797386,15.234375,139,54.296875,0.024769410490989685,0.042770713567733765,0.055869534611701965
3,1851000,14.453125,,,0.022605421021580696,0.04456672444939613,0.05334857106208801,14.84375,,,0.024767287075519562,0.04278940707445145,0.055917106568813324
3,1852000,14.453125,,,0.022606084123253822,0.04456860572099686,0.05334555357694626,13.8671875,,,0.02476675994694233,0.0427849218249321,0.055894266813993454
3,1853000,14.453125,,,0.02260785549879074,0.04456637054681778,0.05333995446562767,15.234375,,,0.02476954646408558,0.0428062304854393,0.055979806929826736
3,1854000,14.453125,,,0.022609924897551537,0.04455912858247757,0.05333493649959564,15.234375,,,0.02477092482149601,0.04284314066171646,0.05609027296304703
3,1855000,14.453125,,,0.02261103130877018,0.04455326870083809,0.05335304141044617,15.234375,,,0.024773240089416504,0.042888373136520386,0.056228503584861755
3,1856000,14.453125,,,0.022611841559410095,0.04454128444194794,0.05334950610995293,15.234375,,,0.024777214974164963,0.042914923280477524,0.05632558837532997
3,1857000,14.453125,,,0.02261321060359478,0.0445229597389698,0.053319625556468964,14.6484375,,,0.02478206530213356,0.04294745251536369,0.05644368380308151
3,1858000,14.453125,,,0.022616006433963776,0.04452201724052429,0.05331704765558243,14.84375,,,0.024788949638605118,0.04295368492603302,0.05650833994150162
3,1859000,14.453125,,,0.022618332877755165,0.04452286660671234,0.053326286375522614,15.0390625,,,0.024795392528176308,0.04297106713056564,0.05662313103675842
3,1860000,14.453125,152,59.375,0.022620804607868195,0.044532425701618195,0.05334656685590744,13.8671875,145,56.640625,0.024799132719635963,0.042977139353752136,0.056672632694244385
3,1861000,14.2578125,,,0.02262278087437153,0.04453403130173683,0.05334984511137009,15.0390625,,,0.024801718071103096,0.04299537092447281,0.05674400553107262
3,1862000,14.2578125,,,0.022625302895903587,0.04454074427485466,0.05335412546992302,14.0625,,,0.02480209991335869,0.043010588735342026,0.05680512636899948
3,1863000,14.2578125,,,0.022627515718340874,0.04454406350851059,0.05334897339344025,14.0625,,,0.02480855956673622,0.04302102327346802,0.056879665702581406
3,1864000,14.453125,,,0.022630684077739716,0.04454102739691734,0.05333828926086426,14.6484375,,,0.024818547070026398,0.04299989342689514,0.056806787848472595
3,1865000,14.2578125,,,0.022634396329522133,0.0445382297039032,0.053327105939388275,14.84375,,,0.024823162704706192,0.04295561462640762,0.056626178324222565
3,1866000,14.0625,,,0.022636346518993378,0.04454076290130615,0.0533207505941391,14.84375,,,0.02482721395790577,0.04293939471244812,0.05655887350440025
3,1867000,14.2578125,,,0.02263716049492359,0.04453922063112259,0.05331089347600937,14.84375,,,0.02482929266989231,0.04294377565383911,0.05656573176383972
3,1868000,14.2578125,,,0.022639134898781776,0.044535085558891296,0.05330285057425499,15.0390625,,,0.02483227103948593,0.04295441135764122,0.056622397154569626
3,1869000,14.2578125,,,0.022642331197857857,0.04453238844871521,0.05331017076969147,14.84375,,,0.024834904819726944,0.042963117361068726,0.05666415020823479
3,1870000,14.453125,150,58.59375,0.02264581061899662,0.044520292431116104,0.05328803509473801,15.0390625,145,56.640625,0.024836670607328415,0.04297668859362602,0.05671809986233711
3,1871000,14.453125,,,0.022649021819233894,0.04451277479529381,0.05327048897743225,14.453125,,,0.024838093668222427,0.04297694191336632,0.05671243742108345
3,1872000,14.453125,,,0.022650571539998055,0.04451034963130951,0.05325917527079582,13.28125,,,0.02484140917658806,0.042958203703165054,0.05666369944810867
3,1873000,14.453125,,,0.02265249751508236,0.044506873935461044,0.05324815958738327,13.28125,,,0.024844881147146225,0.04291598126292229,0.05656272917985916
3,1874000,14.453125,,,0.022655293345451355,0.04450840502977371,0.0532451793551445,14.453125,,,0.024845704436302185,0.04290193319320679,0.05649992823600769
3,1875000,14.453125,,,0.022659193724393845,0.04452085494995117,0.053253889083862305,15.0390625,,,0.024848435074090958,0.04289791360497475,0.05648214370012283
3,1876000,14.2578125,,,0.022663112729787827,0.04453188180923462,0.053263138979673386,14.6484375,,,0.024851299822330475,0.04286909103393555,0.05639955401420593
3,1877000,14.453125,,,0.022665776312351227,0.0445413701236248,0.05327480658888817,13.671875,,,0.02485373429954052,0.04284079372882843,0.056298814713954926
3,1878000,14.2578125,,,0.022667113691568375,0.044548407196998596,0.053281575441360474,13.4765625,,,0.024855030700564384,0.04281981289386749,0.056217897683382034
3,1879000,14.453125,,,0.022668207064270973,0.04455205798149109,0.05328395962715149,14.6484375,,,0.024858837947249413,0.04280667006969452,0.05617563799023628
3,1880000,14.2578125,151,58.984375,0.02266938053071499,0.04454951733350754,0.053271617740392685,15.0390625,148,57.8125,0.0248643159866333,0.04277202486991882,0.05609051138162613
3,1881000,14.2578125,,,0.022669976577162743,0.04455167055130005,0.05326368659734726,15.0390625,,,0.024869900196790695,0.04277283698320389,0.056127067655324936
3,1882000,14.453125,,,0.022670133039355278,0.04455177113413811,0.053234778344631195,15.0390625,,,0.024876954033970833,0.04281241446733475,0.056302592158317566
3,1883000,14.453125,,,0.022671185433864594,0.04455038905143738,0.05321633070707321,14.84375,,,0.024883970618247986,0.042870257049798965,0.056531213223934174
3,1884000,14.6484375,,,0.022671837359666824,0.044545840471982956,0.0531981997191906,14.6484375,,,0.024886058643460274,0.042918652296066284,0.0566849410533905
3,1885000,14.2578125,,,0.02267208881676197,0.044534504413604736,0.05317531153559685,13.671875,,,0.0248836912214756,0.042946942150592804,0.05673176050186157
3,1886000,14.2578125,,,0.022674085572361946,0.04453461617231369,0.0531567707657814,13.671875,,,0.024882622063159943,0.04293894022703171,0.056697554886341095
3,1887000,14.2578125,,,0.022676441818475723,0.044538356363773346,0.05314541980624199,14.6484375,,,0.024881616234779358,0.04294103756546974,0.0566927008330822
3,1888000,14.453125,,,0.02267802506685257,0.04453830420970917,0.05313671752810478,15.0390625,,,0.024880489334464073,0.042961928993463516,0.05672156810760498
3,1889000,14.2578125,,,0.0226798914372921,0.0445353239774704,0.05312591791152954,14.6484375,,,0.024876564741134644,0.04296974465250969,0.05666358023881912
3,1890000,14.453125,150,58.59375,0.02268177643418312,0.04453008621931076,0.05311385914683342,14.6484375,146,57.03125,0.024874448776245117,0.04297434538602829,0.05662217363715172
3,1891000,14.2578125,,,0.022683460265398026,0.04453101009130478,0.05310634523630142,13.671875,,,0.024875223636627197,0.04295792058110237,0.05655331909656525
3,1892000,14.453125,,,0.02268609218299389,0.04454037547111511,0.053118254989385605,15.0390625,,,0.024874769151210785,0.042928244918584824,0.05644097179174423
3,1893000,14.2578125,,,0.02268965356051922,0.044538483023643494,0.053119733929634094,15.234375,,,0.024873076006770134,0.0428876094520092,0.056270524859428406
3,1894000,14.453125,,,0.022692542523145676,0.04453331232070923,0.053116537630558014,14.6484375,,,0.024874497205018997,0.04289120063185692,0.05626484751701355
3,1895000,14.453125,,,0.022694822400808334,0.044539425522089005,0.05312749743461609,14.84375,,,0.024878405034542084,0.04290991276502609,0.056322719901800156
3,1896000,14.453125,,,0.022697538137435913,0.04454972967505455,0.05314875766634941,14.453125,,,0.024880699813365936,0.04293739050626755,0.05638677254319191
3,1897000,14.453125,,,0.022699780762195587,0.04456179961562157,0.05316335707902908,14.453125,,,0.02488086000084877,0.04293229430913925,0.05634390190243721
3,1898000,14.453125,,,0.022702114656567574,0.04457655921578407,0.05317428335547447,14.453125,,,0.024883132427930832,0.04288989678025246,0.05621088296175003
3,1899000,14.2578125,,,0.022702915593981743,0.044584378600120544,0.05317552015185356,13.671875,,,0.02488282322883606,0.04285634309053421,0.05610458180308342
3,1900000,14.453125,154,60.15625,0.022706009447574615,0.04459002614021301,0.05317969247698784,14.84375,148,57.8125,0.02488534338772297,0.04282590001821518,0.05602061375975609
3,1901000,14.453125,,,0.022709958255290985,0.04459144547581673,0.053190674632787704,13.4765625,,,0.02488991618156433,0.04281814396381378,0.05604718625545502
3,1902000,14.453125,,,0.022712433710694313,0.04458177089691162,0.05320539325475693,14.6484375,,,0.024894166737794876,0.042809005826711655,0.05604755878448486
3,1903000,14.453125,,,0.022713586688041687,0.044582948088645935,0.05322052538394928,14.2578125,,,0.02489827759563923,0.04281093180179596,0.056073833256959915
3,1904000,14.453125,,,0.02271375246345997,0.044582054018974304,0.05323081836104393,14.6484375,,,0.024898407980799675,0.04283226281404495,0.05614149570465088
3,1905000,14.453125,,,0.02271382138133049,0.04458017647266388,0.05323772877454758,14.453125,,,0.024900414049625397,0.042892057448625565,0.05634812265634537
3,1906000,14.453125,,,0.022713590413331985,0.044577457010746,0.05322837457060814,15.0390625,,,0.02489902637898922,0.042956989258527756,0.05654420703649521
3,1907000,14.453125,,,0.02271432802081108,0.04458180069923401,0.05323120206594467,14.84375,,,0.024893801659345627,0.043014317750930786,0.05669022351503372
3,1908000,14.2578125,,,0.022715359926223755,0.044589005410671234,0.05324855074286461,14.84375,,,0.024885209277272224,0.043055981397628784,0.05676785483956337
3,1909000,14.453125,,,0.02271713875234127,0.0445915162563324,0.05325636267662048,13.8671875,,,0.02488330565392971,0.04307790473103523,0.056820325553417206
3,1910000,14.6484375,150,58.59375,0.02271849475800991,0.04459405690431595,0.05326356738805771,15.625,131,51.171875,0.024885129183530807,0.0431099608540535,0.056932829320430756
3,1911000,14.453125,,,0.022719906643033028,0.0446002297103405,0.05327494069933891,14.6484375,,,0.02489030733704567,0.043148260563611984,0.057100243866443634
3,1912000,14.453125,,,0.022721504792571068,0.04460696503520012,0.05328277871012688,15.234375,,,0.02489352971315384,0.0431840755045414,0.057237815111875534
3,1913000,14.453125,,,0.022721825167536736,0.04461906850337982,0.05329018458724022,15.234375,,,0.024892540648579597,0.043208107352256775,0.05729225277900696
3,1914000,14.453125,,,0.022721726447343826,0.04463490471243858,0.05330025777220726,15.0390625,,,0.024893011897802353,0.04323675483465195,0.05738171935081482
3,1915000,14.453125,,,0.022721776738762856,0.04465002566576004,0.0533042848110199,14.6484375,,,0.024887651205062866,0.04323425143957138,0.05732271820306778
3,1916000,14.453125,,,0.02272222191095352,0.04465760290622711,0.05330665037035942,15.8203125,,,0.02488497644662857,0.04326650872826576,0.05741346627473831
3,1917000,14.453125,,,0.022723210975527763,0.04466138407588005,0.05330996960401535,15.0390625,,,0.024880487471818924,0.0432717464864254,0.05739283561706543
3,1918000,14.2578125,,,0.022723309695720673,0.04465816169977188,0.05331389233469963,14.84375,,,0.02487417496740818,0.04327022284269333,0.05734140798449516
3,1919000,14.2578125,,,0.022721989080309868,0.044658370316028595,0.053318481892347336,13.8671875,,,0.024877149611711502,0.04325783997774124,0.05728756636381149
3,1920000,14.2578125,153,59.765625,0.022721806541085243,0.044659607112407684,0.05332170054316521,15.0390625,133,51.953125,0.024881256744265556,0.04324951022863388,0.05726998299360275
3,1921000,14.2578125,,,0.022723084315657616,0.04466548562049866,0.05332937836647034,14.6484375,,,0.024887628853321075,0.04326910898089409,0.05739307776093483
3,1922000,14.453125,,,0.022724205628037453,0.044675733894109726,0.053338468074798584,13.671875,,,0.02489304170012474,0.043300848454236984,0.05755392462015152
3,1923000,14.2578125,,,0.02272566594183445,0.044688232243061066,0.05335494503378868,15.0390625,,,0.02489881031215191,0.04334394633769989,0.05775856599211693
3,1924000,14.453125,,,0.022726932540535927,0.044698819518089294,0.05336030572652817,15.0390625,,,0.02490600384771824,0.043355002999305725,0.0578535795211792
3,1925000,14.84375,,,0.022728534415364265,0.04469345137476921,0.053346358239650726,14.6484375,,,0.024909768253564835,0.04333818703889847,0.0578022226691246
3,1926000,14.2578125,,,0.02272973395884037,0.04468922317028046,0.05334082245826721,15.4296875,,,0.024907894432544708,0.04332921653985977,0.05772298201918602
3,1927000,14.453125,,,0.022731827571988106,0.04469362273812294,0.053351543843746185,15.234375,,,0.024908287450671196,0.043344199657440186,0.05773252621293068
3,1928000,14.453125,,,0.022734440863132477,0.044698432087898254,0.0533461794257164,14.453125,,,0.024907588958740234,0.04334236681461334,0.057657450437545776
3,1929000,14.84375,,,0.02273653820157051,0.04471420496702194,0.05334813520312309,14.84375,,,0.024905461817979813,0.04335198923945427,0.057604141533374786
3,1930000,14.453125,153,59.765625,0.022738153114914894,0.04474126920104027,0.053366076201200485,13.4765625,147,57.421875,0.0249076709151268,0.04336541146039963,0.05761673301458359
3,1931000,14.453125,,,0.022738544270396233,0.04475734755396843,0.05337410420179367,13.4765625,,,0.02491188421845436,0.0433451272547245,0.05756109952926636
3,1932000,14.6484375,,,0.02273980900645256,0.04477221518754959,0.053381770849227905,13.28125,,,0.024914490059018135,0.04329891875386238,0.057395484298467636
3,1933000,14.453125,,,0.022742606699466705,0.04478456452488899,0.05339934676885605,13.8671875,,,0.02491268515586853,0.04323503375053406,0.05714145302772522
3,1934000,14.453125,,,0.0227456446737051,0.04478945583105087,0.05342002213001251,14.84375,,,0.024910885840654373,0.04320099949836731,0.05697941780090332
3,1935000,14.6484375,,,0.02274889126420021,0.044791653752326965,0.053433410823345184,13.4765625,,,0.024913014844059944,0.043171562254428864,0.056860100477933884
3,1936000,14.453125,,,0.02275216393172741,0.04478331282734871,0.05343657732009888,15.0390625,,,0.024917740374803543,0.04315020889043808,0.05680713430047035
3,1937000,14.453125,,,0.022753877565264702,0.044776275753974915,0.05343756824731827,14.453125,,,0.024926286190748215,0.043156299740076065,0.05688338354229927
3,1938000,14.453125,,,0.022753717377781868,0.04477115720510483,0.0534311942756176,14.6484375,,,0.02493545226752758,0.04320748895406723,0.05710203945636749
3,1939000,14.453125,,,0.022753186523914337,0.04476778209209442,0.053412847220897675,14.2578125,,,0.02494153380393982,0.043264470994472504,0.05728756636381149
3,1940000,14.453125,151,58.984375,0.02275300957262516,0.044766299426555634,0.053405195474624634,15.0390625,144,56.25,0.02494352124631405,0.04332195594906807,0.057447247207164764
3,1941000,14.453125,,,0.022753151133656502,0.0447581484913826,0.053401753306388855,14.84375,,,0.024938924238085747,0.043344803154468536,0.05743147432804108
3,1942000,14.453125,,,0.0227540023624897,0.04475991055369377,0.053409725427627563,15.625,,,0.02493426576256752,0.043357715010643005,0.057403936982154846
3,1943000,14.453125,,,0.022755099460482597,0.04476127400994301,0.053414277732372284,14.84375,,,0.024929456412792206,0.0433630645275116,0.057364851236343384
3,1944000,14.2578125,,,0.022756781429052353,0.04477991908788681,0.05344344303011894,14.6484375,,,0.024930628016591072,0.04336864501237869,0.05740388110280037
3,1945000,14.453125,,,0.022758198902010918,0.044796157628297806,0.05346525460481644,15.234375,,,0.024931972846388817,0.043375659734010696,0.05743909627199173
3,1946000,14.453125,,,0.022759469226002693,0.04481622576713562,0.05349086970090866,15.625,,,0.024934353306889534,0.043414466083049774,0.057577408850193024
3,1947000,14.453125,,,0.02275991253554821,0.044839777052402496,0.053514622151851654,15.234375,,,0.024934109300374985,0.04342924430966377,0.05761171132326126
3,1948000,14.453125,,,0.022760801017284393,0.04486573487520218,0.05353681370615959,15.0390625,,,0.02493283525109291,0.04343308135867119,0.05759758874773979
3,1949000,14.453125,,,0.02276291325688362,0.044886983931064606,0.053551893681287766,13.4765625,,,0.024936402216553688,0.043408844619989395,0.057531923055648804
3,1950000,14.0625,151,58.984375,0.02276495471596718,0.04489408805966377,0.053559210151433945,14.0625,141,55.078125,0.024941816926002502,0.043405599892139435,0.05755683779716492
3,1951000,14.2578125,,,0.022766735404729843,0.04489589482545853,0.0535612516105175,13.671875,,,0.02494514174759388,0.04338879883289337,0.05750469118356705
3,1952000,14.2578125,,,0.022768642753362656,0.044888317584991455,0.05355554819107056,14.6484375,,,0.024950647726655006,0.04339441657066345,0.057547468692064285
3,1953000,14.2578125,,,0.022772207856178284,0.044875290244817734,0.05354508012533188,15.8203125,,,0.024957047775387764,0.04337802529335022,0.057514771819114685
3,1954000,14.0625,,,0.02277623489499092,0.04487649351358414,0.05356892943382263,14.84375,,,0.024959232658147812,0.043368421494960785,0.0574817955493927
3,1955000,14.2578125,,,0.022780749946832657,0.044887296855449677,0.05365999788045883,15.625,,,0.02496309019625187,0.043384481221437454,0.057546645402908325
3,1956000,14.2578125,,,0.022784821689128876,0.044888876378536224,0.0537133514881134,15.234375,,,0.024959472939372063,0.04337465018033981,0.05745035409927368
3,1957000,14.2578125,,,0.02278737910091877,0.04488381743431091,0.053747065365314484,15.234375,,,0.024956615641713142,0.043363697826862335,0.0573730394244194
3,1958000,14.2578125,,,0.022789226844906807,0.04487865790724754,0.05376282334327698,15.0390625,,,0.02495364472270012,0.04335721582174301,0.05731763690710068
3,1959000,14.453125,,,0.022791163995862007,0.04487727954983711,0.05377443879842758,14.6484375,,,0.024953071027994156,0.04337017983198166,0.057323846966028214
3,1960000,14.0625,155,60.546875,0.022792039439082146,0.04488466680049896,0.05380257964134216,15.0390625,143,55.859375,0.024951567873358727,0.04339676350355148,0.05735287815332413
3,1961000,14.453125,,,0.02279365062713623,0.044897209852933884,0.053817056119441986,14.84375,,,0.024951431900262833,0.043404415249824524,0.05732566863298416
3,1962000,14.2578125,,,0.022796642035245895,0.044927772134542465,0.05383972451090813,15.0390625,,,0.024950802326202393,0.04339665174484253,0.05724414438009262
3,1963000,14.0625,,,0.02279949001967907,0.044952549040317535,0.053862787783145905,15.0390625,,,0.024951208382844925,0.04337984696030617,0.05716638267040253
3,1964000,14.0625,,,0.02280263975262642,0.04498066008090973,0.053896091878414154,15.234375,,,0.02495660074055195,0.04336446523666382,0.05716806650161743
3,1965000,14.453125,,,0.022804882377386093,0.0449984110891819,0.05391751974821091,14.0625,,,0.0249642301350832,0.04335713014006615,0.057234641164541245
3,1966000,14.2578125,,,0.022806277498602867,0.04500473290681839,0.05391485616564751,15.234375,,,0.02497248165309429,0.04333655908703804,0.05725238472223282
3,1967000,14.0625,,,0.022807026281952858,0.045008447021245956,0.053915005177259445,13.4765625,,,0.02498197741806507,0.04334302246570587,0.05735711380839348
3,1968000,14.453125,,,0.022808369249105453,0.045006945729255676,0.05391126126050949,14.0625,,,0.02498517371714115,0.04330574348568916,0.0572538897395134
3,1969000,14.2578125,,,0.022809991613030434,0.04500407725572586,0.053929537534713745,15.234375,,,0.024989284574985504,0.04329106956720352,0.057245831936597824
3,1970000,14.0625,156,60.9375,0.022812390699982643,0.045007217675447464,0.05394456535577774,15.234375,147,57.421875,0.024993764236569405,0.0433114692568779,0.05734509229660034
3,1971000,14.453125,,,0.022814691066741943,0.04500269517302513,0.05394866317510605,14.6484375,,,0.024999788030982018,0.04331006482243538,0.057425033301115036
3,1972000,14.453125,,,0.022817330434918404,0.045002564787864685,0.05394747108221054,15.0390625,,,0.025003323331475258,0.04329797625541687,0.05746788531541824
3,1973000,14.2578125,,,0.022820157930254936,0.04501020908355713,0.05395080894231796,15.4296875,,,0.02500203251838684,0.043295010924339294,0.05745929479598999
3,1974000,14.2578125,,,0.02282191626727581,0.045013248920440674,0.05395309627056122,15.234375,,,0.02500128746032715,0.04332156106829643,0.05752861499786377
3,1975000,14.2578125,,,0.022824464365839958,0.045020077377557755,0.05395682901144028,15.4296875,,,0.024997388944029808,0.04333474487066269,0.057487186044454575
3,1976000,14.453125,,,0.022827917709946632,0.045028820633888245,0.05395932123064995,16.40625,,,0.02499658241868019,0.04333978891372681,0.057467617094516754
3,1977000,14.2578125,,,0.022831419482827187,0.04503706097602844,0.05396272987127304,15.0390625,,,0.024997849017381668,0.04333941638469696,0.057462893426418304
3,1978000,14.453125,,,0.022832833230495453,0.045041441917419434,0.05396629497408867,15.0390625,,,0.02500254474580288,0.04333264380693436,0.05746757239103317
3,1979000,14.453125,,,0.02283354103565216,0.04504997283220291,0.053974948823451996,15.234375,,,0.025002343580126762,0.04331554099917412,0.05739954859018326
3,1980000,14.2578125,156,60.9375,0.02283419482409954,0.045065756887197495,0.05400169640779495,15.234375,142,55.46875,0.025003613904118538,0.04333515092730522,0.05745545029640198
3,1981000,14.2578125,,,0.022834399715065956,0.04507293552160263,0.05402158200740814,15.234375,,,0.025003232061862946,0.04335414990782738,0.05746745318174362
3,1982000,14.0625,,,0.022834867238998413,0.04507279768586159,0.0540304109454155,15.625,,,0.024999672546982765,0.043366119265556335,0.05741621553897858
3,1983000,14.0625,,,0.02283511310815811,0.04506567865610123,0.054013125598430634,15.0390625,,,0.02499723806977272,0.043365731835365295,0.05732083320617676
3,1984000,14.2578125,,,0.02283562906086445,0.045066412538290024,0.05398682877421379,14.84375,,,0.02499878779053688,0.04337199032306671,0.057310402393341064
3,1985000,14.0625,,,0.022837502881884575,0.04506336525082588,0.05395682901144028,15.4296875,,,0.025002911686897278,0.04336929693818092,0.057277556508779526
3,1986000,14.2578125,,,0.022839024662971497,0.045061640441417694,0.05393669009208679,15.234375,,,0.025008592754602432,0.043401844799518585,0.057380110025405884
3,1987000,14.2578125,,,0.022839883342385292,0.045063719153404236,0.05393547564744949,15.0390625,,,0.02501056343317032,0.04340776056051254,0.05735968053340912
3,1988000,14.0625,,,0.022840216755867004,0.04506746307015419,0.053935758769512177,13.671875,,,0.0250126700848341,0.04337901622056961,0.05726221948862076
3,1989000,14.0625,,,0.022840196266770363,0.04507262259721756,0.0539356991648674,14.6484375,,,0.025019066408276558,0.04335310310125351,0.05722863972187042
3,1990000,14.0625,154,60.15625,0.022840578109025955,0.04509484022855759,0.05396154522895813,14.84375,142,55.46875,0.025023680180311203,0.043331079185009,0.057168833911418915
3,1991000,14.0625,,,0.022840935736894608,0.04511253535747528,0.0539807491004467,15.0390625,,,0.02502496726810932,0.0433422327041626,0.05717460438609123
3,1992000,14.2578125,,,0.02284199558198452,0.04512788727879524,0.053998857736587524,15.234375,,,0.025024835020303726,0.04334226995706558,0.05713646486401558
3,1993000,14.0625,,,0.022843895480036736,0.0451376847922802,0.05401226878166199,15.0390625,,,0.0250262264162302,0.043311722576618195,0.05703456699848175
3,1994000,14.0625,,,0.022844223305583,0.04514254629611969,0.05401719734072685,13.8671875,,,0.025032754987478256,0.0432896763086319,0.05702055245637894
3,1995000,14.2578125,,,0.02284375950694084,0.045144885778427124,0.054019831120967865,13.8671875,,,0.025039706379175186,0.04326219856739044,0.0570041798055172
3,1996000,14.0625,,,0.022843850776553154,0.04513510316610336,0.054014645516872406,15.0390625,,,0.025046633556485176,0.0432431697845459,0.0569925382733345
3,1997000,13.8671875,,,0.02284357137978077,0.0451282262802124,0.0540107898414135,15.0390625,,,0.02504955790936947,0.04323195293545723,0.056973256170749664
3,1998000,14.2578125,,,0.02284538373351097,0.045128386467695236,0.054013997316360474,14.84375,,,0.025051290169358253,0.043230753391981125,0.056970786303281784
3,1999000,14.0625,,,0.022847473621368408,0.04511722922325134,0.05399774760007858,14.453125,,,0.02504892088472843,0.04326543211936951,0.057010918855667114
4,2000000,14.2578125,151,58.984375,0.0228508859872818,0.045098744332790375,0.05396929010748863,15.625,132,51.5625,0.025044577196240425,0.043284956365823746,0.056991033256053925
4,2001000,20.3125,,,0.02285478636622429,0.0450955331325531,0.05395088344812393,39.453125,,,0.025037631392478943,0.04327041283249855,0.05684342980384827
4,2002000,15.234375,,,0.022858425974845886,0.04509982094168663,0.05394095182418823,21.09375,,,0.02503262832760811,0.04325772821903229,0.05670914053916931
4,2003000,14.2578125,,,0.022861743345856667,0.045099951326847076,0.053929150104522705,15.0390625,,,0.02503444440662861,0.04325759783387184,0.056710779666900635
4,2004000,14.2578125,,,0.022863946855068207,0.04510149359703064,0.05392613261938095,15.234375,,,0.025038395076990128,0.0432828851044178,0.05682704225182533
4,2005000,14.6484375,,,0.022866256535053253,0.04509493708610535,0.053919993340969086,16.40625,,,0.025042466819286346,0.04331507161259651,0.05696261301636696
4,2006000,14.2578125,,,0.02286778949201107,0.045091912150382996,0.05391688644886017,14.453125,,,0.02504669316112995,0.043338701128959656,0.057072512805461884
4,2007000,14.0625,,,0.022867552936077118,0.04510386288166046,0.053925544023513794,15.4296875,,,0.025055961683392525,0.04336397349834442,0.05724134296178818
4,2008000,14.0625,,,0.022867634892463684,0.04512188211083412,0.05393245443701744,14.0625,,,0.02506682276725769,0.0433829091489315,0.05741676688194275
4,2009000,14.2578125,,,0.022869432345032692,0.045129645615816116,0.05393015593290329,13.671875,,,0.025075461715459824,0.043396346271038055,0.05753491818904877
4,2010000,14.2578125,151,58.984375,0.022872697561979294,0.04514239728450775,0.053949348628520966,13.671875,146,57.03125,0.02507985755801201,0.04341772943735123,0.05763079598546028
4,2011000,13.8671875,,,0.022876163944602013,0.045147597789764404,0.053963564336299896,14.84375,,,0.025081118568778038,0.0434461273252964,0.05770685896277428
4,2012000,14.2578125,,,0.022879818454384804,0.04514962434768677,0.053969912230968475,13.671875,,,0.025081347674131393,0.04345247894525528,0.05770193412899971
4,2013000,14.0625,,,0.02288246713578701,0.04515613242983818,0.05397692322731018,13.8671875,,,0.0250833909958601,0.04345954954624176,0.05771009624004364
4,2014000,14.0625,,,0.022883092984557152,0.045153066515922546,0.05396541208028793,15.0390625,,,0.025086013600230217,0.04346673563122749,0.05774184316396713
4,2015000,14.0625,,,0.022884298115968704,0.045148611068725586,0.053963929414749146,14.84375,,,0.025090260431170464,0.04350001737475395,0.05785246938467026
4,2016000,14.2578125,,,0.022886132821440697,0.04514773190021515,0.053967200219631195,14.2578125,,,0.025092877447605133,0.04352441430091858,0.05790965259075165
4,2017000,14.2578125,,,0.022888828068971634,0.04515692964196205,0.0539778470993042,15.0390625,,,0.025097718462347984,0.04354317486286163,0.0579739511013031
4,2018000,14.2578125,,,0.022890375927090645,0.04517064243555069,0.05399125814437866,14.84375,,,0.02509813942015171,0.04357122629880905,0.058009855449199677
4,2019000,14.0625,,,0.022892586886882782,0.04518435150384903,0.053992029279470444,14.6484375,,,0.02510019950568676,0.0436142161488533,0.058106597512960434
4,2020000,14.2578125,152,59.375,0.02289409376680851,0.04519280046224594,0.05397889018058777,15.0390625,138,53.90625,0.02510637417435646,0.04363945871591568,0.05820045620203018
4,2021000,14.2578125,,,0.022895604372024536,0.045195963233709335,0.05395488440990448,15.625,,,0.025111546739935875,0.04366432875394821,0.058297254145145416
4,2022000,14.2578125,,,0.022896869108080864,0.04519493132829666,0.05392211675643921,15.0390625,,,0.025111492723226547,0.04366172105073929,0.05824299901723862
4,2023000,13.671875,,,0.02289867028594017,0.04519719257950783,0.053913384675979614,15.0390625,,,0.025106927379965782,0.04364024102687836,0.05807969719171524
4,2024000,14.2578125,,,0.02290135622024536,0.045195527374744415,0.05390706658363342,14.84375,,,0.025100208818912506,0.04362599179148674,0.05793021619319916
4,2025000,14.0625,,,0.022904515266418457,0.045188162475824356,0.053903937339782715,13.671875,,,0.025100884959101677,0.04359178990125656,0.05776381492614746
4,2026000,14.2578125,,,0.022907856851816177,0.045186031609773636,0.05392303690314293,15.625,,,0.025102898478507996,0.043595511466264725,0.05772660672664642
4,2027000,14.2578125,,,0.02290898561477661,0.04518307372927666,0.0539437010884285,15.4296875,,,0.025106074288487434,0.04361696168780327,0.057793937623500824
4,2028000,14.2578125,,,0.02291039563715458,0.04518638923764229,0.053978368639945984,15.4296875,,,0.02510986290872097,0.04365678131580353,0.05793004482984543
4,2029000,14.2578125,,,0.022911500185728073,0.04518428444862366,0.05398907512426376,13.8671875,,,0.025115590542554855,0.04367461055517197,0.058036211878061295
4,2030000,13.671875,153,59.765625,0.02291247993707657,0.045188963413238525,0.054005205631256104,15.0390625,142,55.46875,0.025121869519352913,0.04367630556225777,0.05810551345348358
4,2031000,13.671875,,,0.022912627086043358,0.0451933890581131,0.05401654168963432,15.0390625,,,0.02512591890990734,0.04366656392812729,0.058119140565395355
4,2032000,13.8671875,,,0.022915074601769447,0.045193783938884735,0.054040901362895966,15.4296875,,,0.025124793872237206,0.043635983020067215,0.058034151792526245
4,2033000,13.8671875,,,0.022917330265045166,0.04519466683268547,0.054074399173259735,14.0625,,,0.025120185688138008,0.04360097646713257,0.057863201946020126
4,2034000,13.671875,,,0.02291862666606903,0.0451967790722847,0.054097145795822144,15.625,,,0.02511850744485855,0.04359865188598633,0.05781025439500809
4,2035000,13.8671875,,,0.022919557988643646,0.04520659148693085,0.054121118038892746,15.4296875,,,0.025118879973888397,0.04358835518360138,0.05776578187942505
4,2036000,13.8671875,,,0.022920304909348488,0.04521317780017853,0.054138731211423874,15.625,,,0.025119446218013763,0.04360091686248779,0.057795293629169464
4,2037000,14.0625,,,0.022920982912182808,0.04521969333291054,0.05414571613073349,13.671875,,,0.02512342482805252,0.04357870668172836,0.05774599313735962
4,2038000,14.0625,,,0.02292250469326973,0.045228417962789536,0.0541553795337677,15.234375,,,0.025124548003077507,0.043544188141822815,0.057622529566287994
4,2039000,13.8671875,,,0.022925615310668945,0.04524042457342148,0.05418919771909714,14.84375,,,0.02512814849615097,0.043512143194675446,0.05753520131111145
4,2040000,13.8671875,156,60.9375,0.02292882278561592,0.04524786025285721,0.05420759320259094,15.4296875,143,55.859375,0.025136122480034828,0.043509095907211304,0.05758776143193245
4,2041000,13.8671875,,,0.0229338388890028,0.04525604099035263,0.054224662482738495,14.0625,,,0.02514241263270378,0.04350557178258896,0.0576130710542202
4,2042000,13.8671875,,,0.022938622161746025,0.0452631339430809,0.054241638630628586,15.625,,,0.02514656074345112,0.04353237897157669,0.057726312428712845
4,2043000,13.8671875,,,0.022942321375012398,0.04527432471513748,0.054260045289993286,13.4765625,,,0.025147050619125366,0.04354722425341606,0.05778208374977112
4,2044000,13.8671875,,,0.022944768890738487,0.04527967795729637,0.05427039414644241,13.671875,,,0.02514244243502617,0.043542999774217606,0.05770046263933182
4,2045000,13.8671875,,,0.022947290912270546,0.04527933895587921,0.05427299067378044,14.84375,,,0.025138696655631065,0.04352806881070137,0.057573478668928146
4,2046000,14.0625,,,0.02294846996665001,0.04528379440307617,0.05428273603320122,15.234375,,,0.025137649849057198,0.043564073741436005,0.05763546749949455
4,2047000,14.0625,,,0.022949090227484703,0.04529339820146561,0.05428578704595566,15.0390625,,,0.02513730898499489,0.043617747724056244,0.057767339050769806
4,2048000,14.0625,,,0.02294960431754589,0.04529830440878868,0.05428514629602432,14.2578125,,,0.02513926848769188,0.043647609651088715,0.05785663425922394
4,2049000,14.0625,,,0.022950725629925728,0.04530642181634903,0.054292064160108566,13.8671875,,,0.025140903890132904,0.04367939010262489,0.05795919895172119
4,2050000,14.0625,154,60.15625,0.022953148931264877,0.04530967026948929,0.054295919835567474,13.8671875,146,57.03125,0.02514556050300598,0.04369039088487625,0.05802839249372482
4,2051000,13.8671875,,,0.02295522764325142,0.04530826210975647,0.05429019778966904,15.8203125,,,0.025149211287498474,0.04368158429861069,0.05800824612379074
4,2052000,13.8671875,,,0.022958140820264816,0.04530121013522148,0.05427808314561844,15.234375,,,0.025152655318379402,0.04363784193992615,0.0578833743929863
4,2053000,13.671875,,,0.02296074479818344,0.04530014097690582,0.05426517128944397,15.234375,,,0.02515888772904873,0.04361507296562195,0.05786062777042389
4,2054000,14.0625,,,0.022962871938943863,0.045293234288692474,0.0542512945830822,15.0390625,,,0.025162091478705406,0.043623875826597214,0.05791936814785004
4,2055000,13.8671875,,,0.022964119911193848,0.0452909953892231,0.05424503982067108,14.84375,,,0.025163371115922928,0.04363907128572464,0.05795726180076599
4,2056000,13.8671875,,,0.022965161129832268,0.04528177157044411,0.054218679666519165,15.234375,,,0.02516471967101097,0.043636392802000046,0.05790974944829941
4,2057000,13.671875,,,0.022966919466853142,0.04528210312128067,0.054180026054382324,15.234375,,,0.025167252868413925,0.04362653195858002,0.05780930817127228
4,2058000,13.671875,,,0.022968856617808342,0.04529552161693573,0.05414876341819763,15.234375,,,0.025171661749482155,0.043623730540275574,0.05776073783636093
4,2059000,13.8671875,,,0.02297014184296131,0.045303184539079666,0.05412396788597107,15.234375,,,0.025176353752613068,0.04364044964313507,0.057811349630355835
4,2060000,13.8671875,156,60.9375,0.022972876206040382,0.045322783291339874,0.05411195755004883,13.671875,152,59.375,0.025184616446495056,0.04367009550333023,0.057947076857089996
4,2061000,13.8671875,,,0.02297469601035118,0.0453384593129158,0.054103922098875046,14.6484375,,,0.025190751999616623,0.04371339827775955,0.05811692401766777
4,2062000,13.671875,,,0.02297617495059967,0.04534594714641571,0.05409213900566101,14.453125,,,0.025195203721523285,0.043708451092243195,0.058151282370090485
4,2063000,13.671875,,,0.022978996858000755,0.045348405838012695,0.05407566949725151,15.234375,,,0.025195783004164696,0.043688103556632996,0.058092717081308365
4,2064000,13.8671875,,,0.022981926798820496,0.045349281281232834,0.054070986807346344,14.6484375,,,0.02519659884274006,0.04368235170841217,0.058111317455768585
4,2065000,13.8671875,,,0.022984936833381653,0.04535550996661186,0.05407755821943283,14.84375,,,0.02519761398434639,0.04370541870594025,0.058203428983688354
4,2066000,13.8671875,,,0.022987382486462593,0.04536545276641846,0.054086875170469284,14.2578125,,,0.025195473805069923,0.043709561228752136,0.05818524211645126
4,2067000,13.671875,,,0.022989626973867416,0.045366719365119934,0.054088931530714035,14.0625,,,0.02519373409450054,0.043719612061977386,0.058166444301605225
4,2068000,13.8671875,,,0.022991705685853958,0.0453626811504364,0.054085224866867065,13.4765625,,,0.02519596554338932,0.04373158887028694,0.058195896446704865
4,2069000,13.8671875,,,0.022992752492427826,0.045357875525951385,0.05407607555389404,13.0859375,,,0.02519983798265457,0.04374604672193527,0.058295201510190964
4,2070000,13.671875,155,60.546875,0.022993169724941254,0.04535890370607376,0.05411980301141739,14.84375,138,53.90625,0.025203144177794456,0.04377567023038864,0.05842157453298569
4,2071000,13.8671875,,,0.022993458434939384,0.045357510447502136,0.05416334420442581,15.0390625,,,0.025206834077835083,0.043821901082992554,0.05858830362558365
4,2072000,13.671875,,,0.022994300350546837,0.04536315053701401,0.05419432371854782,14.6484375,,,0.025210076943039894,0.04388570785522461,0.05879116803407669
4,2073000,13.8671875,,,0.022994907572865486,0.045378901064395905,0.054224904626607895,13.8671875,,,0.025212442502379417,0.043934166431427,0.05892890691757202
4,2074000,13.8671875,,,0.022995350882411003,0.04539661109447479,0.054249685257673264,13.28125,,,0.025216789916157722,0.04396730661392212,0.0590469092130661
4,2075000,13.671875,,,0.022996872663497925,0.045415930449962616,0.05427930876612663,14.84375,,,0.025220809504389763,0.044004932045936584,0.05919460952281952
4,2076000,13.8671875,,,0.022998781874775887,0.04542878270149231,0.054301660507917404,14.84375,,,0.025225000455975533,0.04402795061469078,0.05928565561771393
4,2077000,13.8671875,,,0.023000415414571762,0.04543498903512955,0.05431431159377098,14.2578125,,,0.025228500366210938,0.04403834044933319,0.059344157576560974
4,2078000,13.671875,,,0.02300211414694786,0.045451607555150986,0.054350845515728,14.453125,,,0.0252275038510561,0.04405280202627182,0.05937817692756653
4,2079000,13.8671875,,,0.023003866896033287,0.04546654224395752,0.05439580976963043,15.0390625,,,0.025222700089216232,0.044068582355976105,0.0593717098236084
4,2080000,14.0625,156,60.9375,0.023005018010735512,0.045474328100681305,0.0544266477227211,14.453125,146,57.03125,0.02521893009543419,0.04406225308775902,0.05931895598769188
4,2081000,13.671875,,,0.023005835711956024,0.04548976570367813,0.05446574091911316,15.234375,,,0.02521594986319542,0.04409200698137283,0.05938524752855301
4,2082000,13.8671875,,,0.023007173091173172,0.04550149664282799,0.054497938603162766,15.4296875,,,0.025212276726961136,0.04412224888801575,0.059431903064250946
4,2083000,13.8671875,,,0.02300875447690487,0.04551319032907486,0.05452597141265869,14.84375,,,0.025207355618476868,0.04415231943130493,0.05945836007595062
4,2084000,14.0625,,,0.023010343313217163,0.04552950710058212,0.054556332528591156,16.2109375,,,0.025207797065377235,0.04419515281915665,0.05959050729870796
4,2085000,14.0625,,,0.02301221899688244,0.045542776584625244,0.0545775443315506,13.671875,,,0.025208592414855957,0.0442243292927742,0.05968970060348511
4,2086000,13.8671875,,,0.023013710975646973,0.04555509239435196,0.05459257960319519,13.671875,,,0.025221051648259163,0.04425704851746559,0.059827208518981934
4,2087000,13.8671875,,,0.023014703765511513,0.04557298868894577,0.05460568889975548,15.0390625,,,0.025236936286091805,0.04428504407405853,0.06000411510467529
4,2088000,13.8671875,,,0.023015210404992104,0.0455949492752552,0.05464734882116318,14.453125,,,0.02524547465145588,0.04427003860473633,0.059998270124197006
4,2089000,13.8671875,,,0.023015517741441727,0.04561465606093407,0.05468478798866272,13.4765625,,,0.02524767816066742,0.04424828290939331,0.059914879500865936
4,2090000,14.0625,151,58.984375,0.023016665130853653,0.045622289180755615,0.05470910668373108,13.671875,139,54.296875,0.025243422016501427,0.04426034539937973,0.059874024242162704
4,2091000,13.671875,,,0.023017728701233864,0.04562260955572128,0.05472192168235779,13.8671875,,,0.02524254284799099,0.044286638498306274,0.05992113798856735
4,2092000,13.8671875,,,0.023019293323159218,0.04562358185648918,0.05473565310239792,14.6484375,,,0.02524533122777939,0.044322237372398376,0.060040272772312164
4,2093000,13.8671875,,,0.02302130125463009,0.04562215879559517,0.05474486202001572,14.84375,,,0.025247879326343536,0.044303834438323975,0.06000620871782303
4,2094000,13.4765625,,,0.023025289177894592,0.04562348127365112,0.05475751310586929,14.84375,,,0.02524561621248722,0.044262856245040894,0.05986004322767258
4,2095000,13.8671875,,,0.02302984707057476,0.0456257238984108,0.054771848022937775,14.6484375,,,0.025248060002923012,0.044221363961696625,0.059768129140138626
4,2096000,13.8671875,,,0.023033158853650093,0.04562854766845703,0.05478532239794731,14.84375,,,0.025249313563108444,0.044203538447618484,0.05973798781633377
4,2097000,13.8671875,,,0.02303559146821499,0.04562123119831085,0.05477680265903473,14.6484375,,,0.02525479346513748,0.04421462118625641,0.05985765904188156
4,2098000,13.8671875,,,0.02303878590464592,0.04561297595500946,0.054768156260252,13.4765625,,,0.025263767689466476,0.04425092041492462,0.06008634716272354
4,2099000,13.8671875,,,0.023041807115077972,0.045602839440107346,0.05476029962301254,14.453125,,,0.025267930701375008,0.044300325214862823,0.06026865541934967
4,2100000,14.0625,152,59.375,0.023044705390930176,0.0455964133143425,0.054756369441747665,15.0390625,138,53.90625,0.02526768669486046,0.04433083534240723,0.060332875698804855
4,2101000,13.8671875,,,0.023047281429171562,0.04560212790966034,0.0547637939453125,14.453125,,,0.025261983275413513,0.04434666037559509,0.06029084697365761
4,2102000,13.8671875,,,0.02305017039179802,0.04561188071966171,0.054778289049863815,13.28125,,,0.025259846821427345,0.04433005303144455,0.060173504054546356
4,2103000,13.8671875,,,0.02305537462234497,0.04562520235776901,0.054802305996418,13.671875,,,0.025259559974074364,0.044305477291345596,0.060034967958927155
4,2104000,13.671875,,,0.023060401901602745,0.04563666135072708,0.05483270436525345,14.6484375,,,0.02526429481804371,0.044289298355579376,0.06000170856714249
4,2105000,13.8671875,,,0.02306522987782955,0.04563114792108536,0.05481230467557907,13.28125,,,0.025271397083997726,0.04425348341464996,0.059954315423965454
4,2106000,13.8671875,,,0.02306973561644554,0.04561537504196167,0.054770827293395996,15.0390625,,,0.025277405977249146,0.04424735903739929,0.05996841937303543
4,2107000,14.0625,,,0.02307337336242199,0.04560859501361847,0.0547478012740612,14.6484375,,,0.025282327085733414,0.04424560070037842,0.06002413108944893
4,2108000,13.8671875,,,0.023075994104146957,0.045612633228302,0.05474190041422844,14.453125,,,0.02528238482773304,0.04423534870147705,0.0600094199180603
4,2109000,14.2578125,,,0.023077817633748055,0.04562241956591606,0.05474502965807915,14.453125,,,0.02527793124318123,0.04420969635248184,0.05988136678934097
4,2110000,13.8671875,152,59.375,0.02307952009141445,0.04562908783555031,0.0547468326985836,14.6484375,141,55.078125,0.025272931903600693,0.044182535260915756,0.059711046516895294
4,2111000,14.2578125,,,0.023081349208950996,0.04564862698316574,0.05474909394979477,14.6484375,,,0.02526838891208172,0.044156379997730255,0.05953487753868103
4,2112000,13.8671875,,,0.023082571104168892,0.04566522687673569,0.054760873317718506,14.2578125,,,0.025270098820328712,0.044163789600133896,0.059554219245910645
4,2113000,14.0625,,,0.02308502048254013,0.045675307512283325,0.054768435657024384,13.28125,,,0.025277234613895416,0.04416041448712349,0.059635959565639496
4,2114000,13.8671875,,,0.023086857050657272,0.045684173703193665,0.054783523082733154,13.671875,,,0.02528526447713375,0.04414144530892372,0.059681519865989685
4,2115000,13.671875,,,0.023088602349162102,0.04569506272673607,0.05478883534669876,14.6484375,,,0.025293996557593346,0.04414697736501694,0.059785716235637665
4,2116000,14.2578125,,,0.023089148104190826,0.045698732137680054,0.05475886911153793,13.671875,,,0.025297844782471657,0.044140249490737915,0.059815339744091034
4,2117000,14.0625,,,0.023089932277798653,0.045695289969444275,0.054734718054533005,14.6484375,,,0.025299377739429474,0.04412347078323364,0.05977217108011246
4,2118000,13.671875,,,0.023090176284313202,0.045691072940826416,0.05470968037843704,14.6484375,,,0.025297749787569046,0.04411787539720535,0.05973334610462189
4,2119000,13.8671875,,,0.023090850561857224,0.045695848762989044,0.05472120642662048,13.4765625,,,0.02529696375131607,0.04410617798566818,0.05966244265437126
4,2120000,14.0625,154,60.15625,0.023092130199074745,0.04569923132658005,0.05478020757436752,14.84375,141,55.078125,0.025299279019236565,0.044100262224674225,0.05964715778827667
4,2121000,13.8671875,,,0.02309303730726242,0.04570762813091278,0.05480390787124634,14.6484375,,,0.02530183084309101,0.04409351944923401,0.059617143124341965
4,2122000,13.8671875,,,0.023094378411769867,0.0457109734416008,0.05483198165893555,14.453125,,,0.025304870679974556,0.04411405324935913,0.05965636298060417
4,2123000,13.8671875,,,0.02309541031718254,0.04571087658405304,0.05492650717496872,14.6484375,,,0.025306258350610733,0.04414103180170059,0.05971766263246536
4,2124000,13.671875,,,0.02309766411781311,0.04572330415248871,0.05502546951174736,14.84375,,,0.025308938696980476,0.04419330880045891,0.05987696349620819
4,2125000,13.8671875,,,0.023101842030882835,0.045735303312540054,0.05510170757770538,14.2578125,,,0.02531144767999649,0.044246647506952286,0.06003674864768982
4,2126000,14.0625,,,0.023105040192604065,0.045750558376312256,0.05516847223043442,15.234375,,,0.025311123579740524,0.04430543631315231,0.060142599046230316
4,2127000,14.0625,,,0.023109208792448044,0.04576968774199486,0.055221106857061386,17.3828125,,,0.025305258110165596,0.04435073211789131,0.06013261899352074
4,2128000,13.671875,,,0.02311277948319912,0.04578084498643875,0.05524960905313492,15.625,,,0.025298256427049637,0.04435315728187561,0.05996856465935707
4,2129000,13.671875,,,0.02311541512608528,0.045789867639541626,0.0552714578807354,14.453125,,,0.02529427409172058,0.04435831308364868,0.05984869971871376
4,2130000,13.671875,155,60.546875,0.023117156699299812,0.04578667879104614,0.055265989154577255,15.0390625,142,55.46875,0.025297896936535835,0.04433887451887131,0.05971156805753708
4,2131000,13.8671875,,,0.023117924109101295,0.04577983170747757,0.05524536594748497,18.9453125,,,0.02530527673661709,0.044332318007946014,0.05970165133476257
4,2132000,13.8671875,,,0.023119235411286354,0.04577885568141937,0.05523563548922539,15.4296875,,,0.025308949872851372,0.04432281106710434,0.05964916571974754
4,2133000,13.8671875,,,0.023120200261473656,0.045774783939123154,0.055214788764715195,15.4296875,,,0.025312092155218124,0.044333379715681076,0.05966780707240105
4,2134000,13.8671875,,,0.02312115952372551,0.04576192796230316,0.05519484728574753,15.0390625,,,0.025313379243016243,0.044336311519145966,0.059649508446455
4,2135000,14.0625,,,0.023123053833842278,0.045744333416223526,0.05517071112990379,17.3828125,,,0.025312257930636406,0.04433916509151459,0.05959353595972061
4,2136000,14.0625,,,0.02312520332634449,0.04572894796729088,0.05515681952238083,14.2578125,,,0.025312069803476334,0.044356510043144226,0.05963075906038284
4,2137000,13.8671875,,,0.023127926513552666,0.045721858739852905,0.05519237369298935,14.453125,,,0.025313399732112885,0.0443437322974205,0.05959491431713104
4,2138000,14.0625,,,0.02312994934618473,0.04571780562400818,0.05524962767958641,13.4765625,,,0.025317169725894928,0.044287875294685364,0.0593855082988739
4,2139000,14.0625,,,0.02313200943171978,0.045731354504823685,0.05529937148094177,15.0390625,,,0.025322487577795982,0.044233206659555435,0.05917942523956299
4,2140000,14.0625,153,59.765625,0.02313307859003544,0.045748502016067505,0.05533713847398758,14.453125,141,55.078125,0.025326263159513474,0.044148046523332596,0.058868035674095154
4,2141000,14.0625,,,0.023134132847189903,0.04578433930873871,0.055388838052749634,14.6484375,,,0.025331731885671616,0.04408843070268631,0.058673225343227386
4,2142000,14.0625,,,0.023137513548135757,0.04583147168159485,0.0554438978433609,14.84375,,,0.025340810418128967,0.044032882899045944,0.05855352059006691
4,2143000,14.0625,,,0.023140782490372658,0.0458742156624794,0.055479876697063446,14.6484375,,,0.025347931310534477,0.04399602860212326,0.05847972631454468
4,2144000,13.8671875,,,0.02314278669655323,0.045916397124528885,0.05552030727267265,14.6484375,,,0.02535266987979412,0.04397149384021759,0.05842722952365875
4,2145000,14.2578125,,,0.023146705701947212,0.045964643359184265,0.05559125542640686,15.0390625,,,0.025360625237226486,0.043944600969552994,0.05842307209968567
4,2146000,14.0625,,,0.023149818181991577,0.04599819704890251,0.0556255578994751,14.84375,,,0.0253664068877697,0.04392607510089874,0.05844234302639961
4,2147000,14.0625,,,0.023152390494942665,0.04602435231208801,0.05564656853675842,15.0390625,,,0.025370342656970024,0.04394037276506424,0.05854053795337677
4,2148000,13.8671875,,,0.02315519005060196,0.04604043811559677,0.05565829202532768,14.2578125,,,0.025374287739396095,0.043939825147390366,0.05858907103538513
4,2149000,13.8671875,,,0.023158228024840355,0.04605625942349434,0.0556863509118557,13.4765625,,,0.02538294531404972,0.043931376188993454,0.05865916609764099
4,2150000,14.2578125,149,58.203125,0.023159803822636604,0.046067848801612854,0.05571060627698898,14.84375,143,55.859375,0.02538844756782055,0.04392886534333229,0.05869457125663757
4,2151000,13.8671875,,,0.02316093072295189,0.04607345908880234,0.0557236485183239,14.84375,,,0.025393659248948097,0.04395435005426407,0.0588102787733078
4,2152000,14.0625,,,0.023161521181464195,0.04607660323381424,0.055734410881996155,14.6484375,,,0.025392631068825722,0.04395502805709839,0.0587945356965065
4,2153000,14.0625,,,0.023163480684161186,0.046080946922302246,0.05574624985456467,14.6484375,,,0.025392530485987663,0.04397324100136757,0.05886280536651611
4,2154000,14.0625,,,0.023166099563241005,0.04608205705881119,0.055755626410245895,14.6484375,,,0.025394020602107048,0.04401136189699173,0.05899903550744057
4,2155000,14.0625,,,0.023167572915554047,0.0460740365087986,0.05574985593557358,14.6484375,,,0.025395352393388748,0.0440315306186676,0.059083011001348495
4,2156000,14.2578125,,,0.023168964311480522,0.046060338616371155,0.05573306232690811,15.0390625,,,0.025396021082997322,0.044105105102062225,0.059304289519786835
4,2157000,14.2578125,,,0.023169107735157013,0.04605032503604889,0.05571336671710014,14.453125,,,0.025393258780241013,0.04416661337018013,0.05943721532821655
4,2158000,14.0625,,,0.023168642073869705,0.04604117572307587,0.0556863509118557,14.6484375,,,0.025389812886714935,0.04419686645269394,0.05946246534585953
4,2159000,14.0625,,,0.02316814847290516,0.04603790119290352,0.05566583201289177,14.84375,,,0.025388050824403763,0.04418245702981949,0.05934390425682068
4,2160000,14.0625,152,59.375,0.023167243227362633,0.04603830352425575,0.055645719170570374,17.1875,128,50.0,0.025386681780219078,0.04413358122110367,0.05911492556333542
4,2161000,14.0625,,,0.023166267201304436,0.04604614898562431,0.05563787743449211,13.671875,,,0.025388840585947037,0.04410563409328461,0.05901290103793144
4,2162000,14.0625,,,0.023166241124272346,0.0460532121360302,0.05563562363386154,14.84375,,,0.025394294410943985,0.044123325496912,0.05912007391452789
4,2163000,14.2578125,,,0.02316782809793949,0.046072397381067276,0.05564255267381668,16.6015625,,,0.025392480194568634,0.04412553086876869,0.05909073352813721
4,2164000,14.0625,,,0.023171136155724525,0.04607408121228218,0.05563708394765854,13.671875,,,0.025392156094312668,0.04410409927368164,0.05898483097553253
4,2165000,14.0625,,,0.023174311965703964,0.04607488960027695,0.05563512444496155,15.4296875,,,0.025395691394805908,0.04411255195736885,0.05902640521526337
4,2166000,14.0625,,,0.02317616157233715,0.046079881489276886,0.05563998222351074,15.0390625,,,0.025400478392839432,0.04411856085062027,0.059080664068460464
4,2167000,14.0625,,,0.023177998140454292,0.046084336936473846,0.055625855922698975,14.84375,,,0.025403713807463646,0.04411338269710541,0.05910114571452141
4,2168000,14.2578125,,,0.02317868545651436,0.04609237611293793,0.0556240975856781,17.3828125,,,0.025410078465938568,0.04413215443491936,0.05924423784017563
4,2169000,14.0625,,,0.023179376497864723,0.04609951749444008,0.05562037229537964,14.84375,,,0.025415044277906418,0.04415516555309296,0.05938909947872162
4,2170000,14.0625,153,59.765625,0.02317901700735092,0.046112459152936935,0.05562131851911545,14.84375,143,55.859375,0.025417478755116463,0.04419255256652832,0.05953560769557953
4,2171000,14.0625,,,0.02317974902689457,0.0461227111518383,0.05562373250722885,13.671875,,,0.025418443605303764,0.044203728437423706,0.0595659539103508
4,2172000,14.0625,,,0.023181427270174026,0.04613843187689781,0.05563276261091232,13.8671875,,,0.025417108088731766,0.044206906110048294,0.059535082429647446
4,2173000,14.2578125,,,0.023183731362223625,0.04616338759660721,0.055653490126132965,15.8203125,,,0.025415856391191483,0.044213950634002686,0.05952158197760582
4,2174000,14.0625,,,0.02318699285387993,0.04617536440491676,0.05565844103693962,14.84375,,,0.025414559990167618,0.044226378202438354,0.059518877416849136
4,2175000,14.0625,,,0.023190341889858246,0.04617388918995857,0.05565577372908592,15.0390625,,,0.02541166916489601,0.04422219097614288,0.05944637209177017
4,2176000,14.0625,,,0.023192273452878,0.04617302864789963,0.05565427988767624,15.234375,,,0.02541397139430046,0.044219255447387695,0.059438556432724
4,2177000,14.0625,,,0.023194529116153717,0.0461701974272728,0.05565151199698448,15.234375,,,0.025419136509299278,0.04423261061310768,0.0595024973154068
4,2178000,14.0625,,,0.023197630420327187,0.046168260276317596,0.05565076693892479,15.0390625,,,0.025424301624298096,0.044233787804841995,0.059540145099163055
4,2179000,14.2578125,,,0.023200353607535362,0.04616960138082504,0.05565565824508667,16.796875,,,0.025425486266613007,0.04423659294843674,0.05953657627105713
4,2180000,14.0625,154,60.15625,0.02320239320397377,0.04617360979318619,0.055661749094724655,15.234375,140,54.6875,0.0254200492054224,0.044228874146938324,0.059423670172691345
4,2181000,13.8671875,,,0.023204857483506203,0.04617182910442352,0.05566663295030594,16.40625,,,0.025414464995265007,0.04424239695072174,0.059367623180150986
4,2182000,14.0625,,,0.023206686601042747,0.04617341607809067,0.05567259341478348,16.2109375,,,0.025415856391191483,0.04427985101938248,0.0594872385263443
4,2183000,14.0625,,,0.02320854924619198,0.046183280646800995,0.05570702999830246,15.0390625,,,0.025417115539312363,0.044297248125076294,0.05952602997422218
4,2184000,14.0625,,,0.02321009524166584,0.04620209336280823,0.05578307434916496,13.8671875,,,0.02542855590581894,0.04425601661205292,0.05941098928451538
4,2185000,14.0625,,,0.023212190717458725,0.04622572660446167,0.05584166944026947,15.8203125,,,0.025437485426664352,0.044209063053131104,0.059251874685287476
4,2186000,14.0625,,,0.023212898522615433,0.04623551666736603,0.055866390466690063,15.234375,,,0.025445442646741867,0.044182367622852325,0.05918751657009125
4,2187000,14.0625,,,0.023213917389512062,0.04623563215136528,0.05587760731577873,13.4765625,,,0.02545231766998768,0.04416694864630699,0.05918561667203903
4,2188000,14.0625,,,0.023214848712086678,0.046236250549554825,0.055876605212688446,15.8203125,,,0.02546102926135063,0.04419152811169624,0.05931210517883301
4,2189000,14.0625,,,0.02321641333401203,0.046234212815761566,0.05586782097816467,14.84375,,,0.0254670437425375,0.044193167239427567,0.05937898904085159
4,2190000,14.2578125,156,60.9375,0.02321748062968254,0.04622426629066467,0.055840831249952316,14.6484375,150,58.59375,0.025470390915870667,0.04418058320879936,0.05937381461262703
4,2191000,14.2578125,,,0.023218423128128052,0.04621230438351631,0.055817462503910065,14.453125,,,0.025470634922385216,0.04417721554636955,0.05930819362401962
4,2192000,14.0625,,,0.02321917749941349,0.04620648920536041,0.055760547518730164,13.8671875,,,0.025471918284893036,0.04415707290172577,0.05919768288731575
4,2193000,14.0625,,,0.02321869321167469,0.046208180487155914,0.05571749806404114,15.0390625,,,0.025471586734056473,0.044154539704322815,0.059113625437021255
4,2194000,14.2578125,,,0.023217832669615746,0.04621753841638565,0.05569790303707123,15.4296875,,,0.025473294779658318,0.04418889433145523,0.05918675661087036
4,2195000,14.2578125,,,0.02321675606071949,0.04623699188232422,0.05571184679865837,15.625,,,0.025475168600678444,0.0442613810300827,0.059405650943517685
4,2196000,14.2578125,,,0.023216487839818,0.04625171422958374,0.05573983117938042,14.84375,,,0.025478724390268326,0.044321030378341675,0.059602994471788406
4,2197000,14.0625,,,0.023218950256705284,0.04625740647315979,0.05576246976852417,15.625,,,0.02547723427414894,0.04434840381145477,0.05963028967380524
4,2198000,14.0625,,,0.023220712319016457,0.046266693621873856,0.055781520903110504,14.0625,,,0.025473104789853096,0.044357456266880035,0.059583939611911774
4,2199000,14.0625,,,0.02322504110634327,0.04628165066242218,0.05580390617251396,16.40625,,,0.025471191853284836,0.04435674101114273,0.05949929729104042
4,2200000,14.0625,154,60.15625,0.02322949655354023,0.0462871715426445,0.05578158423304558,16.6015625,135,52.734375,0.02547232247889042,0.04437527805566788,0.05952617526054382
4,2201000,14.2578125,,,0.023232556879520416,0.046290524303913116,0.05577045679092407,14.453125,,,0.02547346241772175,0.04439026862382889,0.0595366470515728
4,2202000,14.2578125,,,0.023235108703374863,0.046293847262859344,0.05575196072459221,13.4765625,,,0.025474706664681435,0.04439590126276016,0.05953159183263779
4,2203000,14.2578125,,,0.02323834039270878,0.04629293084144592,0.055730145424604416,13.4765625,,,0.025477591902017593,0.04439505934715271,0.0595274493098259
4,2204000,14.2578125,,,0.023241357877850533,0.04629131406545639,0.05570894479751587,13.8671875,,,0.02548275887966156,0.044403910636901855,0.0595865398645401
4,2205000,14.453125,,,0.023244354873895645,0.04628833010792732,0.05569102615118027,15.625,,,0.025488590821623802,0.04442429915070534,0.05971284583210945
4,2206000,14.453125,,,0.023246891796588898,0.0462849959731102,0.055677466094493866,14.84375,,,0.02549300156533718,0.044425614178180695,0.05975939333438873
4,2207000,14.453125,,,0.023247696459293365,0.04628535360097885,0.05567176267504692,14.0625,,,0.0254938043653965,0.044424355030059814,0.059759192168712616
4,2208000,14.453125,,,0.023248201236128807,0.0462738573551178,0.05566209554672241,13.4765625,,,0.025493798777461052,0.0444333553314209,0.05977606028318405
4,2209000,14.453125,,,0.02324860543012619,0.04625828564167023,0.05564725026488304,13.4765625,,,0.025495538488030434,0.04443112015724182,0.059759654104709625
4,2210000,14.2578125,153,59.765625,0.02325083315372467,0.04624020308256149,0.0556306391954422,13.28125,144,56.25,0.025503354147076607,0.04440584033727646,0.059689827263355255
4,2211000,14.0625,,,0.023252960294485092,0.04622703418135643,0.05560862645506859,13.671875,,,0.025512002408504486,0.04437679052352905,0.05960866063833237
4,2212000,14.2578125,,,0.023255998268723488,0.046209514141082764,0.05558757111430168,14.2578125,,,0.025519059970974922,0.04435541480779648,0.05953775718808174
4,2213000,14.2578125,,,0.023258725181221962,0.04619154706597328,0.05556752532720566,15.0390625,,,0.025522232055664062,0.04434297978878021,0.059484537690877914
4,2214000,14.2578125,,,0.023261385038495064,0.046176813542842865,0.05554662644863129,13.671875,,,0.02552587166428566,0.04435725510120392,0.05955361947417259
4,2215000,14.0625,,,0.02326376363635063,0.046174660325050354,0.05553707480430603,14.84375,,,0.02552665024995804,0.044387269765138626,0.05961503088474274
4,2216000,14.0625,,,0.023265069350600243,0.04617631435394287,0.05553006753325462,15.625,,,0.02552518993616104,0.04442787915468216,0.059675537049770355
4,2217000,14.2578125,,,0.023265844210982323,0.04618111252784729,0.05552389472723007,15.0390625,,,0.025523129850625992,0.04446805268526077,0.059747323393821716
4,2218000,14.453125,,,0.02326684258878231,0.046179868280887604,0.05552248656749725,14.84375,,,0.025523629039525986,0.04447649419307709,0.059739500284194946
4,2219000,14.453125,,,0.023267773911356926,0.04617916792631149,0.055521778762340546,14.453125,,,0.025527002289891243,0.044484734535217285,0.059775322675704956
4,2220000,14.2578125,156,60.9375,0.023268764838576317,0.04617565870285034,0.05548292398452759,13.671875,150,58.59375,0.02553166262805462,0.04449382424354553,0.05983453989028931
4,2221000,14.6484375,,,0.0232695285230875,0.04617881774902344,0.05544646829366684,13.4765625,,,0.025535602122545242,0.044503893703222275,0.059896185994148254
4,2222000,14.453125,,,0.023270348086953163,0.04618074744939804,0.05542086809873581,14.0625,,,0.02553449384868145,0.044497765600681305,0.059831343591213226
4,2223000,14.453125,,,0.023270541802048683,0.04619225859642029,0.05540942773222923,13.671875,,,0.02553546614944935,0.044480130076408386,0.05975791811943054
4,2224000,14.0625,,,0.023271620273590088,0.04619305580854416,0.05539318546652794,13.4765625,,,0.025538703426718712,0.044455111026763916,0.059662334620952606
4,2225000,14.0625,,,0.023271337151527405,0.04618779569864273,0.055372223258018494,14.6484375,,,0.02554388716816902,0.04442024976015091,0.059554439038038254
4,2226000,14.0625,,,0.023272695019841194,0.04619335010647774,0.05536919832229614,13.671875,,,0.025552650913596153,0.04439942538738251,0.0595502071082592
4,2227000,14.0625,,,0.023274671286344528,0.04619070887565613,0.05536188930273056,13.4765625,,,0.025560952723026276,0.044388964772224426,0.05959980934858322
4,2228000,14.2578125,,,0.023276545107364655,0.0461873933672905,0.05535833165049553,13.4765625,,,0.0255680400878191,0.04437782242894173,0.05963181331753731
4,2229000,14.0625,,,0.02327815443277359,0.04618272930383682,0.0553484670817852,13.671875,,,0.02557644248008728,0.044340286403894424,0.059604234993457794
4,2230000,14.0625,157,61.328125,0.02327914908528328,0.04617680609226227,0.055334191769361496,13.671875,152,59.375,0.02558371052145958,0.04428742080926895,0.059531088918447495
4,2231000,14.2578125,,,0.02327911928296089,0.046168528497219086,0.05528482794761658,14.84375,,,0.02559322491288185,0.04422711953520775,0.05944292992353439
4,2232000,14.0625,,,0.023278551176190376,0.046151261776685715,0.05523192882537842,13.4765625,,,0.02560211904346943,0.04420191049575806,0.059473901987075806
4,2233000,14.2578125,,,0.023278798907995224,0.04613947868347168,0.055198874324560165,14.84375,,,0.0256100594997406,0.044209033250808716,0.05957941710948944
4,2234000,14.0625,,,0.023279547691345215,0.04614140838384628,0.05519028753042221,14.84375,,,0.02561362460255623,0.044227663427591324,0.059643760323524475
4,2235000,14.2578125,,,0.023281600326299667,0.04615609347820282,0.05519719049334526,13.671875,,,0.02561788447201252,0.044228293001651764,0.05966854840517044
4,2236000,14.2578125,,,0.02328445203602314,0.04616408795118332,0.05520203337073326,15.0390625,,,0.025621488690376282,0.04421310871839523,0.05963439121842384
4,2237000,14.0625,,,0.023287013173103333,0.046173661947250366,0.05523506924510002,14.84375,,,0.025621533393859863,0.04422887787222862,0.059597115963697433
4,2238000,14.0625,,,0.023289110511541367,0.04618535563349724,0.05530378967523575,13.671875,,,0.025619160383939743,0.044227343052625656,0.05945568531751633
4,2239000,14.453125,,,0.023290684446692467,0.04619227722287178,0.055412307381629944,15.0390625,,,0.02561618946492672,0.04420658200979233,0.0592394694685936
4,2240000,13.8671875,157,61.328125,0.02329191006720066,0.04619414359331131,0.05546993017196655,14.84375,147,57.421875,0.025616120547056198,0.04420507699251175,0.0591653473675251
4,2241000,13.8671875,,,0.02329171635210514,0.0461924783885479,0.05552266165614128,14.6484375,,,0.025614220649003983,0.044217079877853394,0.05909901484847069
4,2242000,14.2578125,,,0.02329118549823761,0.046178072690963745,0.0555538609623909,15.234375,,,0.025614235550165176,0.044271036982536316,0.05920751765370369
4,2243000,13.8671875,,,0.023292608559131622,0.04615987092256546,0.05555252358317375,14.84375,,,0.025617113336920738,0.04434856027364731,0.059459518641233444
4,2244000,13.671875,,,0.02329479530453682,0.04615586996078491,0.05555536970496178,14.453125,,,0.025621676817536354,0.04444534331560135,0.05979709327220917
4,2245000,14.0625,,,0.023296592757105827,0.04615309089422226,0.055551838129758835,14.6484375,,,0.02562861517071724,0.04450881481170654,0.06004669889807701
4,2246000,14.0625,,,0.023297298699617386,0.04615413397550583,0.05555065721273422,15.0390625,,,0.02563300170004368,0.0445292592048645,0.06012791395187378
4,2247000,13.8671875,,,0.023298051208257675,0.046148017048835754,0.055551331490278244,15.0390625,,,0.025637248530983925,0.044549841433763504,0.06021413952112198
4,2248000,13.8671875,,,0.023299142718315125,0.04613729193806648,0.05554202198982239,14.84375,,,0.02563980594277382,0.044580843299627304,0.06031019240617752
4,2249000,14.0625,,,0.023300213739275932,0.04613122344017029,0.05553983896970749,14.84375,,,0.025641290470957756,0.044616177678108215,0.06041504442691803
4,2250000,14.0625,156,60.9375,0.023302221670746803,0.046136535704135895,0.055548131465911865,14.84375,141,55.078125,0.02564006857573986,0.04462502896785736,0.060437120497226715
4,2251000,14.0625,,,0.023304421454668045,0.04615236818790436,0.05556491017341614,14.84375,,,0.025638192892074585,0.04461965337395668,0.06042293459177017
4,2252000,14.2578125,,,0.02330671064555645,0.04616821929812431,0.05557120963931084,14.0625,,,0.0256374292075634,0.04463845491409302,0.06052436679601669
4,2253000,14.0625,,,0.02330908365547657,0.046173930168151855,0.0555647537112236,14.453125,,,0.02563559077680111,0.044635675847530365,0.06051454693078995
4,2254000,14.2578125,,,0.02331128530204296,0.04617379605770111,0.055582016706466675,13.4765625,,,0.025632882490754128,0.044619567692279816,0.06043175607919693
4,2255000,13.8671875,,,0.023313308134675026,0.04616273194551468,0.055581532418727875,15.234375,,,0.025629619136452675,0.04460035637021065,0.06029505282640457
4,2256000,13.8671875,,,0.02331538125872612,0.04616453871130943,0.055589400231838226,15.234375,,,0.02562798745930195,0.044577427208423615,0.06018068641424179
4,2257000,14.0625,,,0.02331625111401081,0.04617000371217728,0.05559723824262619,15.234375,,,0.025628505274653435,0.04460667073726654,0.06026072800159454
4,2258000,13.8671875,,,0.023317761719226837,0.046191342175006866,0.0556204728782177,13.671875,,,0.025625547394156456,0.044635042548179626,0.0602928064763546
4,2259000,13.671875,,,0.023318886756896973,0.04619098827242851,0.05556001514196396,15.234375,,,0.025622021406888962,0.0446605421602726,0.060302525758743286
4,2260000,14.0625,153,59.765625,0.02331947535276413,0.04618210345506668,0.05549100786447525,15.625,128,50.0,0.02561970241367817,0.04467824101448059,0.06027347594499588
4,2261000,13.8671875,,,0.023320266976952553,0.046170640736818314,0.05544261261820793,15.234375,,,0.025615297257900238,0.044662389904260635,0.06013130396604538
4,2262000,14.0625,,,0.023320481181144714,0.04616904258728027,0.05544150620698929,15.0390625,,,0.02561214566230774,0.044660765677690506,0.06006574258208275
4,2263000,14.0625,,,0.023320043459534645,0.04616766795516014,0.055442191660404205,15.0390625,,,0.02561032958328724,0.04464413970708847,0.05996968597173691
4,2264000,13.8671875,,,0.023321030661463737,0.04616395756602287,0.05544184893369675,15.234375,,,0.025611955672502518,0.044638991355895996,0.059966977685689926
4,2265000,14.0625,,,0.02332168258726597,0.04616110771894455,0.055439628660678864,15.0390625,,,0.025615379214286804,0.04464751109480858,0.06004159897565842
4,2266000,14.0625,,,0.023323796689510345,0.046167973428964615,0.055454324930906296,15.234375,,,0.025620048865675926,0.044690076261758804,0.06024394929409027
4,2267000,14.2578125,,,0.023325784131884575,0.04617610573768616,0.0554751381278038,15.0390625,,,0.025624757632613182,0.04474181681871414,0.06047871708869934
4,2268000,13.671875,,,0.023326726630330086,0.04618223384022713,0.05550311505794525,13.4765625,,,0.025626523420214653,0.04477609321475029,0.06061378866434097
4,2269000,14.0625,,,0.02332589589059353,0.04617869853973389,0.055503204464912415,15.0390625,,,0.0256262868642807,0.044770218431949615,0.06062667816877365
4,2270000,13.8671875,154,60.15625,0.023326100781559944,0.04618638753890991,0.05549963563680649,13.4765625,137,53.515625,0.0256284661591053,0.04473113268613815,0.06053655594587326
4,2271000,13.671875,,,0.023327575996518135,0.046199601143598557,0.0555097758769989,15.0390625,,,0.02563144452869892,0.04473334550857544,0.0605742484331131
4,2272000,13.671875,,,0.023328911513090134,0.04620462656021118,0.0555134117603302,15.234375,,,0.025634532794356346,0.04477400332689285,0.06071941554546356
4,2273000,14.0625,,,0.023330653086304665,0.04621249437332153,0.055516667664051056,15.234375,,,0.02563687413930893,0.044811103492975235,0.060823410749435425
4,2274000,13.671875,,,0.023330945521593094,0.0462309755384922,0.05553165078163147,14.0625,,,0.025640839710831642,0.04480791836977005,0.06081642583012581
4,2275000,13.671875,,,0.023331936448812485,0.04625408351421356,0.05558450520038605,15.234375,,,0.02564370445907116,0.04478238895535469,0.060717903077602386
4,2276000,13.671875,,,0.02333347499370575,0.04627629369497299,0.05567425116896629,13.4765625,,,0.025646653026342392,0.044754624366760254,0.06061554700136185
4,2277000,13.8671875,,,0.023334912955760956,0.04628898948431015,0.05570048838853836,15.234375,,,0.025649549439549446,0.044715553522109985,0.06050650775432587
4,2278000,13.8671875,,,0.02333805151283741,0.04630343243479729,0.05572209879755974,13.4765625,,,0.025652090087532997,0.04465791583061218,0.0603325292468071
4,2279000,13.8671875,,,0.023341065272688866,0.046315521001815796,0.05572953820228577,15.234375,,,0.025659140199422836,0.04457540065050125,0.060156531631946564
4,2280000,13.8671875,159,62.109375,0.023343591019511223,0.04632566124200821,0.05573776364326477,13.671875,150,58.59375,0.025666015222668648,0.04451768845319748,0.06005067378282547
4,2281000,14.0625,,,0.02334541454911232,0.04634363204240799,0.05575770139694214,13.4765625,,,0.02567017823457718,0.0444803312420845,0.05991712957620621
4,2282000,13.8671875,,,0.02334720268845558,0.046354394406080246,0.05577237159013748,15.234375,,,0.025673825293779373,0.04447003826498985,0.05984625220298767
4,2283000,13.671875,,,0.023348316550254822,0.04635569453239441,0.05577704310417175,13.671875,,,0.02567983791232109,0.044488415122032166,0.05990485101938248
4,2284000,13.8671875,,,0.02335050329566002,0.046348243951797485,0.0557568222284317,15.234375,,,0.025687718763947487,0.04453182592988014,0.06003861501812935
4,2285000,13.671875,,,0.02335287258028984,0.04633660241961479,0.05574595928192139,14.6484375,,,0.02569136582314968,0.04457401856780052,0.06011548638343811
4,2286000,13.8671875,,,0.023355944082140923,0.04633025452494621,0.05574144423007965,14.84375,,,0.025689296424388885,0.044568680226802826,0.05999700725078583
4,2287000,14.0625,,,0.023359280079603195,0.04631820321083069,0.05573374032974243,15.234375,,,0.025686969980597496,0.04460565000772476,0.06001505255699158
4,2288000,13.8671875,,,0.023361587896943092,0.04630257189273834,0.05572255700826645,15.0390625,,,0.02568834088742733,0.04468044638633728,0.06023390591144562
4,2289000,13.8671875,,,0.02336256206035614,0.046287525445222855,0.05571269989013672,13.671875,,,0.02569235861301422,0.044741611927747726,0.060489069670438766
4,2290000,13.671875,156,60.9375,0.023361867293715477,0.04627719521522522,0.05569666624069214,14.6484375,147,57.421875,0.025694390758872032,0.04478223994374275,0.060662154108285904
4,2291000,13.8671875,,,0.023362265899777412,0.0462673157453537,0.055676862597465515,13.671875,,,0.02569500543177128,0.044791560620069504,0.060654763132333755
4,2292000,13.671875,,,0.02336273156106472,0.04626629501581192,0.0556640550494194,15.4296875,,,0.025696706026792526,0.04479863494634628,0.06066761910915375
4,2293000,13.671875,,,0.023363497108221054,0.04626844823360443,0.05565150827169418,13.671875,,,0.025695309042930603,0.04477229714393616,0.060540035367012024
4,2294000,13.671875,,,0.023362908512353897,0.04627647250890732,0.05564897507429123,13.671875,,,0.025696126744151115,0.044753823429346085,0.060477521270513535
4,2295000,13.8671875,,,0.023363331332802773,0.04628384858369827,0.055646464228630066,14.84375,,,0.025695450603961945,0.04473669081926346,0.06037712097167969
4,2296000,13.8671875,,,0.023363690823316574,0.04628518223762512,0.0556403212249279,15.234375,,,0.025691529735922813,0.04470277205109596,0.060171231627464294
4,2297000,13.8671875,,,0.023365702480077744,0.04628688097000122,0.055635884404182434,15.0390625,,,0.02569183148443699,0.04470255225896835,0.06013525277376175
4,2298000,13.8671875,,,0.023367883637547493,0.046290114521980286,0.05563707277178764,15.234375,,,0.025695618242025375,0.044733237475156784,0.06023627892136574
4,2299000,13.8671875,,,0.02336924709379673,0.046284765005111694,0.05563146993517876,15.4296875,,,0.025699330493807793,0.04479116201400757,0.06042736768722534
4,2300000,13.8671875,155,60.546875,0.023369712755084038,0.046294204890728,0.05564948916435242,15.234375,137,53.515625,0.025700939819216728,0.04485073685646057,0.060613565146923065
4,2301000,14.0625,,,0.023370888084173203,0.04630879685282707,0.05567526817321777,15.234375,,,0.025699473917484283,0.044879719614982605,0.06066504865884781
4,2302000,13.671875,,,0.023372001945972443,0.04631751775741577,0.055684298276901245,13.4765625,,,0.025695916265249252,0.04490763694047928,0.060691796243190765
4,2303000,13.8671875,,,0.023370802402496338,0.04631786793470383,0.055681027472019196,13.671875,,,0.025695009157061577,0.04496483504772186,0.06085421144962311
4,2304000,13.8671875,,,0.023370441049337387,0.046315502375364304,0.055682674050331116,15.4296875,,,0.025692841038107872,0.0450015515089035,0.06094600632786751
4,2305000,14.0625,,,0.02337069623172283,0.04631340503692627,0.055692803114652634,15.234375,,,0.025688618421554565,0.04505683481693268,0.061076123267412186
4,2306000,13.8671875,,,0.023370930925011635,0.04631408303976059,0.0557120256125927,14.0625,,,0.025688130408525467,0.045108355581760406,0.06121440976858139
4,2307000,13.8671875,,,0.023371966555714607,0.04632236808538437,0.055731408298015594,15.4296875,,,0.025690840557217598,0.04511643201112747,0.06123501807451248
4,2308000,13.8671875,,,0.023373421281576157,0.046328894793987274,0.055746983736753464,17.578125,,,0.02569260634481907,0.04511650279164314,0.06123562157154083
4,2309000,14.0625,,,0.023374848067760468,0.046333543956279755,0.05575891584157944,21.484375,,,0.025693317875266075,0.04513854905962944,0.06130320206284523
4,2310000,13.8671875,157,61.328125,0.02337539754807949,0.04634843021631241,0.055759843438863754,15.234375,141,55.078125,0.025691132992506027,0.04516202211380005,0.06136086583137512
4,2311000,14.0625,,,0.023375779390335083,0.04635561257600784,0.05570270121097565,13.4765625,,,0.025694390758872032,0.045150939375162125,0.061316609382629395
4,2312000,13.8671875,,,0.023376058787107468,0.04636740684509277,0.055666159838438034,13.8671875,,,0.02570592612028122,0.04510495811700821,0.06121799349784851
4,2313000,13.671875,,,0.02337612584233284,0.046372443437576294,0.05563285946846008,13.671875,,,0.025721367448568344,0.04503659904003143,0.06107359379529953
4,2314000,14.0625,,,0.023377956822514534,0.04637645557522774,0.055647753179073334,13.28125,,,0.025737987831234932,0.04494570940732956,0.0608583465218544
4,2315000,13.671875,,,0.023379558697342873,0.04637676104903221,0.05566246435046196,15.234375,,,0.02575039304792881,0.04490087181329727,0.06078978627920151
4,2316000,13.671875,,,0.023380959406495094,0.04637046158313751,0.05566960573196411,14.2578125,,,0.025764064863324165,0.04485731199383736,0.06073203682899475
4,2317000,13.671875,,,0.0233819130808115,0.04636504128575325,0.055687062442302704,13.4765625,,,0.025769684463739395,0.04478869214653969,0.06053752452135086
4,2318000,14.0625,,,0.02338281087577343,0.04635625332593918,0.05570506304502487,14.84375,,,0.025769967585802078,0.044741131365299225,0.06035337597131729
4,2319000,13.671875,,,0.023383736610412598,0.046347275376319885,0.055709779262542725,14.84375,,,0.02576986886560917,0.04470357298851013,0.06021775305271149
4,2320000,13.8671875,158,61.71875,0.023384615778923035,0.04635009169578552,0.05571731925010681,13.28125,150,58.59375,0.025773171335458755,0.044720157980918884,0.06029639393091202
4,2321000,13.8671875,,,0.023385053500533104,0.04635532572865486,0.055727239698171616,13.4765625,,,0.025774039328098297,0.04476238787174225,0.060411904007196426
4,2322000,13.8671875,,,0.02338678017258644,0.046359870582818985,0.055780407041311264,14.6484375,,,0.025775732472538948,0.04477260261774063,0.06046826019883156
4,2323000,14.2578125,,,0.023388182744383812,0.04636342450976372,0.05582839250564575,15.0390625,,,0.025773996487259865,0.04480677843093872,0.0605638362467289
4,2324000,14.2578125,,,0.023388653993606567,0.046350300312042236,0.055847447365522385,15.234375,,,0.02577078528702259,0.044856756925582886,0.060688890516757965
4,2325000,13.8671875,,,0.023389417678117752,0.04634298384189606,0.055885277688503265,14.453125,,,0.025766046717762947,0.044885698705911636,0.060719337314367294
4,2326000,13.8671875,,,0.023389257490634918,0.046341247856616974,0.05589988827705383,13.4765625,,,0.025764694437384605,0.04488275945186615,0.0606633722782135
4,2327000,14.2578125,,,0.02338954247534275,0.04634144902229309,0.05590908229351044,13.28125,,,0.025758901610970497,0.0448586642742157,0.06047559529542923
4,2328000,13.4765625,,,0.02338973805308342,0.04634777456521988,0.055916428565979004,14.2578125,,,0.02575576864182949,0.044837526977062225,0.06033813953399658
4,2329000,13.4765625,,,0.0233897864818573,0.04635419696569443,0.0559205561876297,14.2578125,,,0.02575594000518322,0.044816337525844574,0.06024850159883499
4,2330000,14.0625,156,60.9375,0.02338983491063118,0.04635685682296753,0.055918388068675995,14.84375,141,55.078125,0.025756318122148514,0.04479596018791199,0.06016860902309418
4,2331000,14.0625,,,0.02338935248553753,0.04635776951909065,0.055917322635650635,17.1875,,,0.025761082768440247,0.04481305181980133,0.0602581612765789
4,2332000,13.8671875,,,0.02338917925953865,0.04636227339506149,0.055920593440532684,15.4296875,,,0.02576695755124092,0.04486650228500366,0.060469359159469604
4,2333000,13.4765625,,,0.023390980437397957,0.04637351632118225,0.05594092234969139,14.6484375,,,0.025770997628569603,0.04491433501243591,0.06063949316740036
4,2334000,13.8671875,,,0.02339506894350052,0.04638354480266571,0.05595909059047699,13.4765625,,,0.02577528916299343,0.04497499763965607,0.06086432933807373
4,2335000,13.671875,,,0.02339915558695793,0.04639674723148346,0.055981993675231934,14.6484375,,,0.025779686868190765,0.04504889249801636,0.061138976365327835
4,2336000,13.671875,,,0.023400751873850822,0.046406231820583344,0.056002065539360046,15.0390625,,,0.025784436613321304,0.04510828107595444,0.06135924160480499
4,2337000,13.8671875,,,0.02340170368552208,0.04642332345247269,0.05603313073515892,15.0390625,,,0.025786569342017174,0.04517143592238426,0.06153283268213272
4,2338000,13.4765625,,,0.023402955383062363,0.04644552990794182,0.05606303736567497,15.4296875,,,0.025786664336919785,0.045201126486063004,0.06161817908287048
4,2339000,14.0625,,,0.023405076935887337,0.046465035527944565,0.05608728155493736,13.8671875,,,0.025787562131881714,0.045219000428915024,0.06167612224817276
4,2340000,13.8671875,156,60.9375,0.023407477885484695,0.046489402651786804,0.056114912033081055,14.0625,144,56.25,0.02579026110470295,0.04522757977247238,0.06173742562532425
4,2341000,13.671875,,,0.02340870350599289,0.046512819826602936,0.056137293577194214,15.0390625,,,0.02579253911972046,0.045212335884571075,0.06170058995485306
4,2342000,13.8671875,,,0.023409726098179817,0.046533141285181046,0.05615491420030594,14.6484375,,,0.025792259722948074,0.04519806057214737,0.061635103076696396
4,2343000,13.8671875,,,0.023410797119140625,0.04654785990715027,0.05616606026887894,13.28125,,,0.02579246275126934,0.04516778886318207,0.06153388321399689
4,2344000,13.671875,,,0.023412076756358147,0.0465615950524807,0.056158002465963364,14.84375,,,0.02579374425113201,0.04515957832336426,0.06152834743261337
4,2345000,13.8671875,,,0.02341292053461075,0.046568863093853,0.056148648262023926,13.4765625,,,0.025794515386223793,0.045161210000514984,0.06156625226140022
4,2346000,13.8671875,,,0.023414326831698418,0.04657464474439621,0.056155309081077576,14.6484375,,,0.025800013914704323,0.04516331106424332,0.06164965033531189
4,2347000,13.8671875,,,0.023415356874465942,0.046571869403123856,0.05616829916834831,15.0390625,,,0.02580450288951397,0.04516759514808655,0.06169498711824417
4,2348000,13.8671875,,,0.023416882380843163,0.04656703770160675,0.05617460235953331,14.84375,,,0.025812214240431786,0.045151837170124054,0.061699919402599335
4,2349000,13.671875,,,0.023418981581926346,0.04656504839658737,0.05618014931678772,13.4765625,,,0.02582099847495556,0.04509285092353821,0.0615919753909111
4,2350000,14.0625,157,61.328125,0.023421211168169975,0.04657741263508797,0.05619218945503235,14.84375,144,56.25,0.025831308215856552,0.04502485319972038,0.061463795602321625
4,2351000,13.8671875,,,0.023423004895448685,0.04660120978951454,0.05622519180178642,13.4765625,,,0.025842640548944473,0.045013442635536194,0.06153294816613197
4,2352000,14.0625,,,0.023425936698913574,0.046624649316072464,0.05626837536692619,13.28125,,,0.025853173807263374,0.04502193629741669,0.061666250228881836
4,2353000,14.0625,,,0.023428117856383324,0.0466504842042923,0.056325510144233704,14.6484375,,,0.02585744671523571,0.04501268267631531,0.06167655065655708
4,2354000,14.0625,,,0.02343008480966091,0.04666636139154434,0.056359123438596725,14.6484375,,,0.025857843458652496,0.04499880224466324,0.06164003163576126
4,2355000,14.0625,,,0.023432260379195213,0.04667668044567108,0.05638343095779419,14.6484375,,,0.025855721905827522,0.044978246092796326,0.06154734268784523
4,2356000,13.671875,,,0.023434456437826157,0.0466812364757061,0.056399866938591,13.4765625,,,0.025851501151919365,0.04495973140001297,0.06143880635499954
4,2357000,14.0625,,,0.023436736315488815,0.04669289290904999,0.056440990418195724,14.453125,,,0.025847511366009712,0.044924840331077576,0.061268486082553864
4,2358000,14.0625,,,0.023439157754182816,0.0467095673084259,0.056473635137081146,13.28125,,,0.025848256424069405,0.044914137572050095,0.06121677905321121
4,2359000,14.0625,,,0.023443860933184624,0.0467255562543869,0.05650727078318596,13.4765625,,,0.025849217548966408,0.044894032180309296,0.061080411076545715
4,2360000,14.0625,155,60.546875,0.02344854734838009,0.046743232756853104,0.056525446474552155,15.0390625,141,55.078125,0.025853358209133148,0.04488559812307358,0.06102455034852028
4,2361000,14.0625,,,0.023452475666999817,0.04675482213497162,0.056520432233810425,14.453125,,,0.02585820108652115,0.04488282650709152,0.0609702542424202
4,2362000,14.0625,,,0.023455098271369934,0.04676737263798714,0.056498147547245026,14.453125,,,0.02585931494832039,0.04489176347851753,0.06090312451124191
4,2363000,13.8671875,,,0.0234578475356102,0.04677726328372955,0.05648541450500488,15.4296875,,,0.025858188048005104,0.044914402067661285,0.060856569558382034
4,2364000,13.8671875,,,0.023461082950234413,0.04678642749786377,0.05648845061659813,14.6484375,,,0.025858383625745773,0.044919393956661224,0.06077638268470764
4,2365000,13.8671875,,,0.023463673889636993,0.04679517075419426,0.05652942508459091,13.0859375,,,0.025858376175165176,0.044895924627780914,0.06062110885977745
4,2366000,14.0625,,,0.0234660767018795,0.04680309817194939,0.056558068841695786,13.4765625,,,0.02586248889565468,0.04487019032239914,0.06052042543888092
4,2367000,13.671875,,,0.023468123748898506,0.04681069403886795,0.05658240616321564,15.4296875,,,0.025865688920021057,0.044876836240291595,0.06050233915448189
4,2368000,14.0625,,,0.023468907922506332,0.046819668263196945,0.05659930035471916,13.28125,,,0.02586948126554489,0.04489070922136307,0.060542695224285126
4,2369000,14.0625,,,0.023470547050237656,0.046840205788612366,0.056623589247465134,15.0390625,,,0.025874383747577667,0.04489497095346451,0.06056568771600723
4,2370000,13.8671875,154,60.15625,0.023473607376217842,0.04685468226671219,0.05664053186774254,14.6484375,144,56.25,0.02587263286113739,0.04492568224668503,0.06062563508749008
4,2371000,14.0625,,,0.023476773872971535,0.04685952514410019,0.05664416402578354,15.234375,,,0.025870373472571373,0.044938553124666214,0.06062375009059906
4,2372000,13.8671875,,,0.023478204384446144,0.04685678333044052,0.05663469433784485,13.671875,,,0.025867123156785965,0.044916555285453796,0.06049058586359024
4,2373000,13.671875,,,0.023478271439671516,0.04683947563171387,0.05661445111036301,13.0859375,,,0.02586757019162178,0.04488768428564072,0.06037400662899017
4,2374000,13.8671875,,,0.023477815091609955,0.046827226877212524,0.056597404181957245,13.4765625,,,0.02587115205824375,0.04487403482198715,0.06032777205109596
4,2375000,13.4765625,,,0.02347795106470585,0.046818941831588745,0.05656623840332031,13.8671875,,,0.025875549763441086,0.044856809079647064,0.0602852925658226
4,2376000,14.0625,,,0.023477816954255104,0.046814583241939545,0.05653482675552368,15.4296875,,,0.025882538408041,0.04486513137817383,0.060360368341207504
4,2377000,13.8671875,,,0.02347777597606182,0.046811748296022415,0.05651736259460449,14.6484375,,,0.025887006893754005,0.044886838644742966,0.060447655618190765
4,2378000,13.8671875,,,0.02347874641418457,0.04679834842681885,0.056496649980545044,13.28125,,,0.025891441851854324,0.0449104905128479,0.06055036187171936
4,2379000,13.671875,,,0.023479362949728966,0.04679208993911743,0.05648551508784294,15.0390625,,,0.025896290317177773,0.04490390792489052,0.06056170165538788
4,2380000,14.0625,158,61.71875,0.023480476811528206,0.046784598380327225,0.05648544430732727,15.0390625,146,57.03125,0.02590055577456951,0.044908732175827026,0.060610413551330566
4,2381000,13.8671875,,,0.023482542484998703,0.04678311198949814,0.05649348348379135,13.28125,,,0.02589927799999714,0.04488478600978851,0.06049990653991699
4,2382000,13.8671875,,,0.02348378859460354,0.04678763821721077,0.05650761350989342,14.84375,,,0.02590032108128071,0.04485643282532692,0.060365431010723114
4,2383000,13.671875,,,0.023484231904149055,0.046788886189460754,0.05652005970478058,14.453125,,,0.025910332798957825,0.04484236240386963,0.06032469868659973
4,2384000,13.8671875,,,0.023487485945224762,0.04678887873888016,0.05652853101491928,13.0859375,,,0.025921830907464027,0.044841218739748,0.06037135422229767
4,2385000,13.8671875,,,0.023490171879529953,0.04679151624441147,0.05653601139783859,14.84375,,,0.025927884504199028,0.044828418642282486,0.06033017486333847
4,2386000,13.4765625,,,0.0234918724745512,0.04679792374372482,0.05654412508010864,15.234375,,,0.025933220982551575,0.044821109622716904,0.06028750538825989
4,2387000,13.671875,,,0.023492909967899323,0.04681164398789406,0.05656459555029869,14.6484375,,,0.025935642421245575,0.044816501438617706,0.06024870276451111
4,2388000,13.671875,,,0.023492803797125816,0.0468267984688282,0.056584566831588745,14.84375,,,0.025934945791959763,0.044812869280576706,0.060182228684425354
4,2389000,13.671875,,,0.02349212020635605,0.04684624820947647,0.056602563709020615,13.28125,,,0.025933144614100456,0.044806621968746185,0.06011628359556198
4,2390000,13.671875,155,60.546875,0.02349194511771202,0.04686138778924942,0.056613411754369736,13.0859375,149,58.203125,0.025934869423508644,0.04479611665010452,0.06009754538536072
4,2391000,13.8671875,,,0.023493291810154915,0.04686756059527397,0.05661821365356445,14.2578125,,,0.025936879217624664,0.04480154812335968,0.06010664254426956
4,2392000,13.671875,,,0.02349492721259594,0.04686389118432999,0.056614600121974945,14.84375,,,0.02593795210123062,0.044820837676525116,0.06014827638864517
4,2393000,14.0625,,,0.023497186601161957,0.046874359250068665,0.056619442999362946,14.453125,,,0.025939662009477615,0.04484062269330025,0.06020312011241913
4,2394000,13.671875,,,0.023498406633734703,0.04688642919063568,0.056621771305799484,14.84375,,,0.025941593572497368,0.044883210211992264,0.06032584235072136
4,2395000,13.671875,,,0.02349896728992462,0.046894315630197525,0.05661582574248314,15.625,,,0.025942690670490265,0.04489686340093613,0.06035739183425903
4,2396000,13.671875,,,0.02350088581442833,0.04690208286046982,0.056624483317136765,14.6484375,,,0.025944402441382408,0.044904179871082306,0.06038539856672287
4,2397000,13.671875,,,0.02350221574306488,0.04690160974860191,0.05662284418940544,15.0390625,,,0.025944935157895088,0.04494304209947586,0.06049489602446556
4,2398000,13.671875,,,0.023504894226789474,0.04689529538154602,0.05661657452583313,13.28125,,,0.025942888110876083,0.04496092349290848,0.06052266061306
4,2399000,13.671875,,,0.023507222533226013,0.04689398407936096,0.05661525949835777,14.0625,,,0.02594154141843319,0.044963538646698,0.0605367049574852
4,2400000,13.671875,157,61.328125,0.023509381338953972,0.046895064413547516,0.056605175137519836,13.0859375,150,58.59375,0.02594599314033985,0.04496227204799652,0.060580529272556305
4,2401000,13.8671875,,,0.023511430248618126,0.04690147936344147,0.0565907284617424,17.1875,,,0.025949902832508087,0.04494655877351761,0.06056638062000275
4,2402000,13.671875,,,0.023513315245509148,0.04691169410943985,0.056585393846035004,14.2578125,,,0.025958074256777763,0.04494604468345642,0.060640498995780945
4,2403000,13.8671875,,,0.02351466752588749,0.04692932963371277,0.05659542977809906,14.6484375,,,0.025970451533794403,0.04491593688726425,0.06063862144947052
4,2404000,13.8671875,,,0.0235162153840065,0.04693765938282013,0.05660272762179375,15.4296875,,,0.025979995727539062,0.0449325293302536,0.06074892356991768
4,2405000,13.8671875,,,0.02351790852844715,0.04693451523780823,0.056609056890010834,14.6484375,,,0.02598174288868904,0.04494776204228401,0.06077827513217926
4,2406000,13.8671875,,,0.023517949506640434,0.04691634327173233,0.05661482363939285,13.0859375,,,0.02598024718463421,0.0449492409825325,0.06072981655597687
4,2407000,13.8671875,,,0.02351759374141693,0.04690755531191826,0.056615881621837616,14.453125,,,0.02597813494503498,0.044937897473573685,0.060627423226833344
4,2408000,13.8671875,,,0.02351870760321617,0.046911612153053284,0.056618496775627136,15.234375,,,0.02597668766975403,0.04492104798555374,0.06052077189087868
4,2409000,13.8671875,,,0.023519394919276237,0.046915121376514435,0.056630056351423264,14.2578125,,,0.025975514203310013,0.04489542543888092,0.06041175499558449
4,2410000,13.8671875,157,61.328125,0.023521877825260162,0.046909213066101074,0.056628018617630005,13.0859375,146,57.03125,0.025977447628974915,0.04489072784781456,0.060410574078559875
4,2411000,14.0625,,,0.023523865267634392,0.04691414162516594,0.056630440056324005,14.6484375,,,0.025981584563851357,0.04488935321569443,0.060446642339229584
4,2412000,13.8671875,,,0.023527802899479866,0.04691684991121292,0.05661838501691818,14.2578125,,,0.025989701971411705,0.044881321489810944,0.06053299456834793
4,2413000,14.0625,,,0.023531189188361168,0.046923354268074036,0.0566500723361969,14.84375,,,0.025998007506132126,0.04488484561443329,0.060650359839200974
4,2414000,14.2578125,,,0.023533223196864128,0.04693395644426346,0.05670824646949768,14.84375,,,0.026004984974861145,0.04490973800420761,0.06078699976205826
4,2415000,13.8671875,,,0.02353493496775627,0.046973973512649536,0.0567840039730072,14.2578125,,,0.026006827130913734,0.04490744322538376,0.060763292014598846
4,2416000,14.0625,,,0.023536214604973793,0.047017645090818405,0.05687005817890167,14.2578125,,,0.02600615657866001,0.04494049400091171,0.06079768016934395
4,2417000,14.2578125,,,0.023537347093224525,0.04704494774341583,0.05692707747220993,15.0390625,,,0.02600441500544548,0.04500848054885864,0.060922637581825256
4,2418000,14.0625,,,0.023537689819931984,0.047061435878276825,0.05695729702711105,14.453125,,,0.026002369821071625,0.045043088495731354,0.06092749536037445
4,2419000,13.8671875,,,0.023537084460258484,0.047080546617507935,0.056977033615112305,13.0859375,,,0.026001188904047012,0.045047566294670105,0.06089448928833008
4,2420000,13.8671875,158,61.71875,0.023537974804639816,0.04709959030151367,0.05699528381228447,13.0859375,148,57.8125,0.02600174956023693,0.04502482712268829,0.060799937695264816
4,2421000,13.8671875,,,0.023539505898952484,0.04711258411407471,0.05700425058603287,12.6953125,,,0.026006562635302544,0.04497437924146652,0.060667119920253754
4,2422000,13.8671875,,,0.023541441187262535,0.047109607607126236,0.056988175958395004,14.2578125,,,0.02600926347076893,0.04495248198509216,0.06060788407921791
4,2423000,14.0625,,,0.023545198142528534,0.04711134731769562,0.05697363615036011,14.453125,,,0.026014184579253197,0.04492964595556259,0.06056900694966316
4,2424000,14.0625,,,0.023547178134322166,0.047113507986068726,0.05696987360715866,14.2578125,,,0.02602222189307213,0.04490947723388672,0.0606025755405426
4,2425000,13.8671875,,,0.023547567427158356,0.047114573419094086,0.05697772651910782,14.6484375,,,0.02602602168917656,0.04492003470659256,0.06067540496587753
4,2426000,14.2578125,,,0.0235487911850214,0.04712101072072983,0.0569823682308197,14.453125,,,0.026025783270597458,0.044935233891010284,0.06072431802749634
4,2427000,14.0625,,,0.02355029061436653,0.04712015017867088,0.056985169649124146,14.6484375,,,0.026022527366876602,0.0449504591524601,0.06073068082332611
4,2428000,14.0625,,,0.02355126291513443,0.047120727598667145,0.056992679834365845,14.84375,,,0.02602265775203705,0.04495909437537193,0.0607309564948082
4,2429000,14.0625,,,0.0235521849244833,0.047123949974775314,0.05700775980949402,14.453125,,,0.026023702695965767,0.04498375207185745,0.06077052652835846
4,2430000,14.0625,156,60.9375,0.023553475737571716,0.04713074862957001,0.05702449008822441,13.0859375,149,58.203125,0.026021288707852364,0.04496833682060242,0.06065141409635544
4,2431000,13.8671875,,,0.023554880172014236,0.04713771119713783,0.05703617259860039,14.453125,,,0.026023084297776222,0.04495935142040253,0.06062643975019455
4,2432000,13.8671875,,,0.023556603118777275,0.04713987186551094,0.05704062804579735,13.0859375,,,0.026027057319879532,0.044960204511880875,0.06063716858625412
4,2433000,14.0625,,,0.023559030145406723,0.04714325815439224,0.05704369395971298,14.453125,,,0.02603737823665142,0.04496258497238159,0.060722559690475464
4,2434000,14.0625,,,0.023562384769320488,0.04714047908782959,0.05704497545957565,13.0859375,,,0.026042526587843895,0.04496470093727112,0.060752637684345245
4,2435000,14.0625,,,0.02356438897550106,0.047141071408987045,0.05704774707555771,14.453125,,,0.02604616992175579,0.044988978654146194,0.06084338575601578
4,2436000,14.2578125,,,0.02356627769768238,0.04714091494679451,0.05704754590988159,13.4765625,,,0.026045285165309906,0.04501014202833176,0.06086280196905136
4,2437000,14.0625,,,0.02356841415166855,0.04714089259505272,0.05705016106367111,14.84375,,,0.026041269302368164,0.045018963515758514,0.06079822778701782
4,2438000,13.8671875,,,0.023569811135530472,0.04714074730873108,0.0570598840713501,14.453125,,,0.026035940274596214,0.04501444473862648,0.06067079305648804
4,2439000,14.0625,,,0.023569714277982712,0.0471411794424057,0.05706694722175598,13.0859375,,,0.026033738628029823,0.04501187801361084,0.06059323251247406
4,2440000,13.8671875,156,60.9375,0.02356899343430996,0.04714898765087128,0.057075705379247665,14.453125,145,56.640625,0.02603798732161522,0.04498596489429474,0.06053290516138077
4,2441000,13.8671875,,,0.023569421842694283,0.04715881124138832,0.05707892030477524,14.453125,,,0.026039788499474525,0.0449657142162323,0.06046243757009506
4,2442000,14.0625,,,0.0235701072961092,0.047168366611003876,0.0570753738284111,14.6484375,,,0.02604169212281704,0.044985659420490265,0.0605057030916214
4,2443000,14.0625,,,0.023570653051137924,0.047171175479888916,0.05706914886832237,14.453125,,,0.02604396641254425,0.045018624514341354,0.060609132051467896
4,2444000,14.0625,,,0.023570943623781204,0.04715991020202637,0.05704490467905998,13.0859375,,,0.026049282401800156,0.04502711817622185,0.06068239361047745
4,2445000,13.8671875,,,0.02357012964785099,0.047143079340457916,0.0570104643702507,14.453125,,,0.026058217510581017,0.04501618444919586,0.060752496123313904
4,2446000,14.0625,,,0.023571057245135307,0.047131918370723724,0.05706178769469261,14.2578125,,,0.026066893711686134,0.0450180321931839,0.06086571514606476
4,2447000,14.0625,,,0.023572580888867378,0.04711524397134781,0.057066552340984344,14.453125,,,0.026073161512613297,0.04507613927125931,0.061122409999370575
4,2448000,14.0625,,,0.023572152480483055,0.04709446430206299,0.05705591291189194,13.0859375,,,0.026077499613165855,0.04510235786437988,0.06126496195793152
4,2449000,14.0625,,,0.02357177808880806,0.047077689319849014,0.05704518407583237,12.890625,,,0.02607567422091961,0.045097194612026215,0.061234913766384125
4,2450000,14.0625,157,61.328125,0.023571297526359558,0.047060370445251465,0.05703263729810715,13.0859375,151,58.984375,0.02607785537838936,0.0451168529689312,0.061322033405303955
4,2451000,14.0625,,,0.023572225123643875,0.04704620689153671,0.05701885744929314,14.0625,,,0.02608315832912922,0.04510873556137085,0.061375223100185394
4,2452000,14.0625,,,0.023574654012918472,0.0470321848988533,0.056998878717422485,12.6953125,,,0.026087842881679535,0.04508340731263161,0.061337608844041824
4,2453000,14.0625,,,0.02357686683535576,0.04701570048928261,0.056980639696121216,12.890625,,,0.026093682274222374,0.045033447444438934,0.06127697229385376
4,2454000,13.8671875,,,0.02357746660709381,0.04700810834765434,0.056969523429870605,12.890625,,,0.026097023859620094,0.04499410092830658,0.06118936091661453
4,2455000,14.0625,,,0.023577608168125153,0.046999916434288025,0.056990884244441986,14.0625,,,0.026097852736711502,0.0449322946369648,0.06094717979431152
4,2456000,13.8671875,,,0.02357870526611805,0.04698607325553894,0.057004414498806,12.6953125,,,0.026097496971488,0.044862691313028336,0.060636915266513824
4,2457000,14.0625,,,0.02357914112508297,0.046977169811725616,0.05701562762260437,14.453125,,,0.026100652292370796,0.04484955221414566,0.060512974858284
4,2458000,13.8671875,,,0.023579442873597145,0.04697089269757271,0.05702304095029831,14.2578125,,,0.026104776188731194,0.044853053987026215,0.06044433265924454
4,2459000,14.0625,,,0.023579956963658333,0.04697593301534653,0.05704055726528168,14.453125,,,0.026105660945177078,0.04487111419439316,0.060382694005966187
4,2460000,14.2578125,154,60.15625,0.02358071878552437,0.046986304223537445,0.05705779790878296,14.84375,139,54.296875,0.026103606447577477,0.04490819573402405,0.06035503000020981
4,2461000,14.0625,,,0.023581549525260925,0.04699930548667908,0.05707646533846855,12.890625,,,0.026105836033821106,0.044969893991947174,0.060485705733299255
4,2462000,14.0625,,,0.02358328551054001,0.047013022005558014,0.05709264799952507,13.0859375,,,0.02610735408961773,0.04502733051776886,0.06064549833536148
4,2463000,14.6484375,,,0.02358591929078102,0.047022245824337006,0.057100191712379456,19.53125,,,0.026105359196662903,0.045068006962537766,0.0607234388589859
4,2464000,14.0625,,,0.023588499054312706,0.047028858214616776,0.05710753798484802,14.2578125,,,0.026102446019649506,0.0450846329331398,0.060725606977939606
4,2465000,14.0625,,,0.02359100803732872,0.04703681915998459,0.05711762234568596,13.0859375,,,0.0261039100587368,0.04512458294630051,0.06083568558096886
4,2466000,14.2578125,,,0.023593265563249588,0.04703859984874725,0.057118114084005356,15.234375,,,0.026106275618076324,0.045161694288253784,0.060934703797101974
4,2467000,13.8671875,,,0.023595208302140236,0.0470467284321785,0.057130344212055206,15.4296875,,,0.02610865794122219,0.04517839848995209,0.06096469610929489
4,2468000,14.0625,,,0.02359609305858612,0.04705075919628143,0.057129353284835815,14.453125,,,0.026110811159014702,0.045205168426036835,0.06105353683233261
4,2469000,14.0625,,,0.023597221821546555,0.04705213010311127,0.05712636560201645,13.0859375,,,0.02611200138926506,0.04521118476986885,0.06106899306178093
4,2470000,13.8671875,158,61.71875,0.023597486317157745,0.047057632356882095,0.05712191015481949,13.28125,139,54.296875,0.026117946952581406,0.045237597078084946,0.06119371950626373
4,2471000,14.0625,,,0.023597776889801025,0.04706183075904846,0.05710968002676964,13.4765625,,,0.026125483214855194,0.04524986073374748,0.06128457188606262
4,2472000,14.0625,,,0.023598242551088333,0.04705953598022461,0.057090163230895996,13.671875,,,0.026132438331842422,0.04524640738964081,0.061344411224126816
4,2473000,14.2578125,,,0.023598410189151764,0.047056399285793304,0.05707244202494621,13.0859375,,,0.026139788329601288,0.04522710666060448,0.06137165427207947
4,2474000,14.0625,,,0.023598669096827507,0.04705754667520523,0.05706889554858208,13.0859375,,,0.026143642142415047,0.04521392285823822,0.06138648837804794
4,2475000,14.2578125,,,0.023598771542310715,0.047061070799827576,0.05707971379160881,13.4765625,,,0.026149623095989227,0.045183245092630386,0.061383746564388275
4,2476000,14.0625,,,0.023598019033670425,0.04706902056932449,0.057096268981695175,14.6484375,,,0.02615842968225479,0.04513777419924736,0.06138114631175995
4,2477000,14.0625,,,0.0235983207821846,0.04707871749997139,0.05712403357028961,13.0859375,,,0.026169387623667717,0.04510845988988876,0.06144804134964943
4,2478000,13.4765625,,,0.023599587380886078,0.04709475487470627,0.05715445801615715,14.453125,,,0.026180725544691086,0.045083921402692795,0.061503954231739044
4,2479000,13.671875,,,0.023600926622748375,0.04710439592599869,0.05718261003494263,13.0859375,,,0.02618694119155407,0.04506300389766693,0.06150219216942787
4,2480000,13.8671875,155,60.546875,0.023603565990924835,0.04710066318511963,0.05719640105962753,14.6484375,146,57.03125,0.026188809424638748,0.04507273808121681,0.06146732345223427
4,2481000,13.671875,,,0.02360701933503151,0.047092825174331665,0.057199060916900635,14.453125,,,0.026189900934696198,0.04507877677679062,0.06141066551208496
4,2482000,14.0625,,,0.023609953001141548,0.04709337651729584,0.05720459669828415,14.2578125,,,0.026188673451542854,0.04506436362862587,0.06130228191614151
4,2483000,13.8671875,,,0.023614075034856796,0.047101374715566635,0.05722207948565483,13.28125,,,0.026189690455794334,0.04506614804267883,0.06123742461204529
4,2484000,14.2578125,,,0.02361823245882988,0.047109901905059814,0.057250261306762695,14.453125,,,0.026194730773568153,0.04509032517671585,0.061263758689165115
4,2485000,14.0625,,,0.02362101525068283,0.04710390046238899,0.05725928768515587,14.2578125,,,0.02619997225701809,0.04512851685285568,0.061334289610385895
4,2486000,13.671875,,,0.023622838780283928,0.04708823561668396,0.0572618804872036,14.453125,,,0.026203909888863564,0.045168437063694,0.06141282990574837
4,2487000,13.8671875,,,0.02362523227930069,0.047067999839782715,0.05727466568350792,13.0859375,,,0.026205087080597878,0.04520896077156067,0.06142262741923332
4,2488000,13.8671875,,,0.02362678572535515,0.04705318436026573,0.057281848043203354,14.453125,,,0.02620770037174225,0.045256152749061584,0.06152379885315895
4,2489000,13.8671875,,,0.023628106340765953,0.04704591631889343,0.05728672072291374,13.0859375,,,0.0262051559984684,0.045268282294273376,0.06148674339056015
4,2490000,13.8671875,158,61.71875,0.02363051101565361,0.04705170914530754,0.0573020800948143,14.453125,150,58.59375,0.026201095432043076,0.04530419781804085,0.06146455556154251
4,2491000,13.671875,,,0.023633351549506187,0.04706280678510666,0.057318978011608124,14.6484375,,,0.026197457686066628,0.0453646257519722,0.06152917444705963
4,2492000,13.8671875,,,0.02363692969083786,0.04706115648150444,0.057311903685331345,14.453125,,,0.02619793824851513,0.045412659645080566,0.061607904732227325
4,2493000,13.8671875,,,0.023640049621462822,0.04706043750047684,0.05730319023132324,15.0390625,,,0.026202084496617317,0.04548312723636627,0.06182992830872536
4,2494000,13.8671875,,,0.02364194206893444,0.04705891013145447,0.05729910731315613,14.453125,,,0.026203883811831474,0.0455503910779953,0.0620148740708828
4,2495000,14.0625,,,0.023643026128411293,0.047051168978214264,0.05728780850768089,15.8203125,,,0.026202648878097534,0.04558907449245453,0.062063541263341904
4,2496000,13.671875,,,0.023644564673304558,0.047043878585100174,0.05727887153625488,14.2578125,,,0.026205003261566162,0.04559940844774246,0.06207752227783203
4,2497000,13.8671875,,,0.023646226152777672,0.047032780945301056,0.05726579949259758,13.671875,,,0.02620634250342846,0.04563941806554794,0.06218675151467323
4,2498000,13.8671875,,,0.02364708110690117,0.04702838510274887,0.057277701795101166,14.453125,,,0.026201821863651276,0.045680366456508636,0.06225166469812393
4,2499000,13.8671875,,,0.02364780195057392,0.047028474509716034,0.05729438364505768,13.671875,,,0.026199543848633766,0.045708149671554565,0.06229455769062042
