block,scope,env_steps,train_episodes,block_task,task,episode,return,eval_steps
-1,boundary,0,0,,breakout,1,0.0,100
-1,boundary,0,0,,breakout,2,1.0,100
-1,boundary,0,0,,breakout,3,0.0,100
-1,boundary,0,0,,breakout,4,0.0,100
-1,boundary,0,0,,breakout,5,0.0,100
-1,boundary,0,0,,breakout,6,1.0,100
-1,boundary,0,0,,breakout,7,0.0,100
-1,boundary,0,0,,breakout,8,1.0,100
-1,boundary,0,0,,breakout,9,1.0,100
-1,boundary,0,0,,breakout,10,0.0,100
-1,boundary,0,0,,space_invaders,1,0.0,389
-1,boundary,0,0,,space_invaders,2,2.0,389
-1,boundary,0,0,,space_invaders,3,3.0,389
-1,boundary,0,0,,space_invaders,4,1.0,389
-1,boundary,0,0,,space_invaders,5,1.0,389
-1,boundary,0,0,,space_invaders,6,0.0,389
-1,boundary,0,0,,space_invaders,7,1.0,389
-1,boundary,0,0,,space_invaders,8,1.0,389
-1,boundary,0,0,,space_invaders,9,2.0,389
-1,boundary,0,0,,space_invaders,10,2.0,389
-1,boundary,0,0,,freeway,1,0.0,25000
-1,boundary,0,0,,freeway,2,0.0,25000
-1,boundary,0,0,,freeway,3,1.0,25000
-1,boundary,0,0,,freeway,4,0.0,25000
-1,boundary,0,0,,freeway,5,0.0,25000
-1,boundary,0,0,,freeway,6,0.0,25000
-1,boundary,0,0,,freeway,7,0.0,25000
-1,boundary,0,0,,freeway,8,0.0,25000
-1,boundary,0,0,,freeway,9,0.0,25000
-1,boundary,0,0,,freeway,10,0.0,25000
0,boundary,499968,15106,breakout,breakout,1,5.0,556
0,boundary,499968,15106,breakout,breakout,2,5.0,556
0,boundary,499968,15106,breakout,breakout,3,6.0,556
0,boundary,499968,15106,breakout,breakout,4,6.0,556
0,boundary,499968,15106,breakout,breakout,5,3.0,556
0,boundary,499968,15106,breakout,breakout,6,3.0,556
0,boundary,499968,15106,breakout,breakout,7,7.0,556
0,boundary,499968,15106,breakout,breakout,8,3.0,556
0,boundary,499968,15106,breakout,breakout,9,5.0,556
0,boundary,499968,15106,breakout,breakout,10,3.0,556
0,boundary,499968,15106,breakout,space_invaders,1,5.0,223
0,boundary,499968,15106,breakout,space_invaders,2,1.0,223
0,boundary,499968,15106,breakout,space_invaders,3,3.0,223
0,boundary,499968,15106,breakout,space_invaders,4,1.0,223
0,boundary,499968,15106,breakout,space_invaders,5,2.0,223
0,boundary,499968,15106,breakout,space_invaders,6,1.0,223
0,boundary,499968,15106,breakout,space_invaders,7,1.0,223
0,boundary,499968,15106,breakout,space_invaders,8,2.0,223
0,boundary,499968,15106,breakout,space_invaders,9,1.0,223
0,boundary,499968,15106,breakout,space_invaders,10,1.0,223
0,boundary,499968,15106,breakout,freeway,1,0.0,25000
0,boundary,499968,15106,breakout,freeway,2,0.0,25000
0,boundary,499968,15106,breakout,freeway,3,0.0,25000
0,boundary,499968,15106,breakout,freeway,4,1.0,25000
0,boundary,499968,15106,breakout,freeway,5,0.0,25000
0,boundary,499968,15106,breakout,freeway,6,0.0,25000
0,boundary,499968,15106,breakout,freeway,7,0.0,25000
0,boundary,499968,15106,breakout,freeway,8,0.0,25000
0,boundary,499968,15106,breakout,freeway,9,0.0,25000
0,boundary,499968,15106,breakout,freeway,10,0.0,25000
0,period,25088,2124,breakout,breakout,1,1.0,164
0,period,25088,2124,breakout,breakout,2,0.0,164
0,period,25088,2124,breakout,breakout,3,1.0,164
0,period,25088,2124,breakout,breakout,4,0.0,164
0,period,25088,2124,breakout,breakout,5,2.0,164
0,period,25088,2124,breakout,breakout,6,1.0,164
0,period,25088,2124,breakout,breakout,7,2.0,164
0,period,25088,2124,breakout,breakout,8,2.0,164
0,period,25088,2124,breakout,breakout,9,1.0,164
0,period,25088,2124,breakout,breakout,10,0.0,164
0,period,25088,2124,breakout,space_invaders,1,2.0,527
0,period,25088,2124,breakout,space_invaders,2,8.0,527
0,period,25088,2124,breakout,space_invaders,3,0.0,527
0,period,25088,2124,breakout,space_invaders,4,0.0,527
0,period,25088,2124,breakout,space_invaders,5,1.0,527
0,period,25088,2124,breakout,space_invaders,6,1.0,527
0,period,25088,2124,breakout,space_invaders,7,2.0,527
0,period,25088,2124,breakout,space_invaders,8,1.0,527
0,period,25088,2124,breakout,space_invaders,9,2.0,527
0,period,25088,2124,breakout,space_invaders,10,1.0,527
0,period,25088,2124,breakout,freeway,1,0.0,25000
0,period,25088,2124,breakout,freeway,2,0.0,25000
0,period,25088,2124,breakout,freeway,3,0.0,25000
0,period,25088,2124,breakout,freeway,4,0.0,25000
0,period,25088,2124,breakout,freeway,5,0.0,25000
0,period,25088,2124,breakout,freeway,6,0.0,25000
0,period,25088,2124,breakout,freeway,7,0.0,25000
0,period,25088,2124,breakout,freeway,8,0.0,25000
0,period,25088,2124,breakout,freeway,9,0.0,25000
0,period,25088,2124,breakout,freeway,10,0.0,25000
0,period,50176,3946,breakout,breakout,1,1.0,142
0,period,50176,3946,breakout,breakout,2,0.0,142
0,period,50176,3946,breakout,breakout,3,1.0,142
0,period,50176,3946,breakout,breakout,4,0.0,142
0,period,50176,3946,breakout,breakout,5,2.0,142
0,period,50176,3946,breakout,breakout,6,0.0,142
0,period,50176,3946,breakout,breakout,7,2.0,142
0,period,50176,3946,breakout,breakout,8,0.0,142
0,period,50176,3946,breakout,breakout,9,1.0,142
0,period,50176,3946,breakout,breakout,10,1.0,142
0,period,50176,3946,breakout,space_invaders,1,1.0,400
0,period,50176,3946,breakout,space_invaders,2,2.0,400
0,period,50176,3946,breakout,space_invaders,3,1.0,400
0,period,50176,3946,breakout,space_invaders,4,2.0,400
0,period,50176,3946,breakout,space_invaders,5,1.0,400
0,period,50176,3946,breakout,space_invaders,6,3.0,400
0,period,50176,3946,breakout,space_invaders,7,4.0,400
0,period,50176,3946,breakout,space_invaders,8,2.0,400
0,period,50176,3946,breakout,space_invaders,9,2.0,400
0,period,50176,3946,breakout,space_invaders,10,1.0,400
0,period,50176,3946,breakout,freeway,1,0.0,25000
0,period,50176,3946,breakout,freeway,2,0.0,25000
0,period,50176,3946,breakout,freeway,3,0.0,25000
0,period,50176,3946,breakout,freeway,4,0.0,25000
0,period,50176,3946,breakout,freeway,5,0.0,25000
0,period,50176,3946,breakout,freeway,6,0.0,25000
0,period,50176,3946,breakout,freeway,7,0.0,25000
0,period,50176,3946,breakout,freeway,8,0.0,25000
0,period,50176,3946,breakout,freeway,9,0.0,25000
0,period,50176,3946,breakout,freeway,10,1.0,25000
0,period,75008,5216,breakout,breakout,1,1.0,204
0,period,75008,5216,breakout,breakout,2,1.0,204
0,period,75008,5216,breakout,breakout,3,2.0,204
0,period,75008,5216,breakout,breakout,4,1.0,204
0,period,75008,5216,breakout,breakout,5,3.0,204
0,period,75008,5216,breakout,breakout,6,0.0,204
0,period,75008,5216,breakout,breakout,7,3.0,204
0,period,75008,5216,breakout,breakout,8,2.0,204
0,period,75008,5216,breakout,breakout,9,1.0,204
0,period,75008,5216,breakout,breakout,10,0.0,204
0,period,75008,5216,breakout,space_invaders,1,5.0,526
0,period,75008,5216,breakout,space_invaders,2,1.0,526
0,period,75008,5216,breakout,space_invaders,3,1.0,526
0,period,75008,5216,breakout,space_invaders,4,4.0,526
0,period,75008,5216,breakout,space_invaders,5,1.0,526
0,period,75008,5216,breakout,space_invaders,6,3.0,526
0,period,75008,5216,breakout,space_invaders,7,2.0,526
0,period,75008,5216,breakout,space_invaders,8,1.0,526
0,period,75008,5216,breakout,space_invaders,9,3.0,526
0,period,75008,5216,breakout,space_invaders,10,1.0,526
0,period,75008,5216,breakout,freeway,1,0.0,25000
0,period,75008,5216,breakout,freeway,2,0.0,25000
0,period,75008,5216,breakout,freeway,3,0.0,25000
0,period,75008,5216,breakout,freeway,4,0.0,25000
0,period,75008,5216,breakout,freeway,5,0.0,25000
0,period,75008,5216,breakout,freeway,6,0.0,25000
0,period,75008,5216,breakout,freeway,7,0.0,25000
0,period,75008,5216,breakout,freeway,8,0.0,25000
0,period,75008,5216,breakout,freeway,9,0.0,25000
0,period,75008,5216,breakout,freeway,10,0.0,25000
0,period,100096,6040,breakout,breakout,1,5.0,414
0,period,100096,6040,breakout,breakout,2,1.0,414
0,period,100096,6040,breakout,breakout,3,3.0,414
0,period,100096,6040,breakout,breakout,4,1.0,414
0,period,100096,6040,breakout,breakout,5,5.0,414
0,period,100096,6040,breakout,breakout,6,3.0,414
0,period,100096,6040,breakout,breakout,7,6.0,414
0,period,100096,6040,breakout,breakout,8,3.0,414
0,period,100096,6040,breakout,breakout,9,3.0,414
0,period,100096,6040,breakout,breakout,10,3.0,414
0,period,100096,6040,breakout,space_invaders,1,0.0,303
0,period,100096,6040,breakout,space_invaders,2,3.0,303
0,period,100096,6040,breakout,space_invaders,3,3.0,303
0,period,100096,6040,breakout,space_invaders,4,2.0,303
0,period,100096,6040,breakout,space_invaders,5,4.0,303
0,period,100096,6040,breakout,space_invaders,6,3.0,303
0,period,100096,6040,breakout,space_invaders,7,2.0,303
0,period,100096,6040,breakout,space_invaders,8,2.0,303
0,period,100096,6040,breakout,space_invaders,9,2.0,303
0,period,100096,6040,breakout,space_invaders,10,1.0,303
0,period,100096,6040,breakout,freeway,1,0.0,25000
0,period,100096,6040,breakout,freeway,2,0.0,25000
0,period,100096,6040,breakout,freeway,3,0.0,25000
0,period,100096,6040,breakout,freeway,4,0.0,25000
0,period,100096,6040,breakout,freeway,5,0.0,25000
0,period,100096,6040,breakout,freeway,6,0.0,25000
0,period,100096,6040,breakout,freeway,7,0.0,25000
0,period,100096,6040,breakout,freeway,8,0.0,25000
0,period,100096,6040,breakout,freeway,9,0.0,25000
0,period,100096,6040,breakout,freeway,10,0.0,25000
0,period,125184,6698,breakout,breakout,1,1.0,404
0,period,125184,6698,breakout,breakout,2,3.0,404
0,period,125184,6698,breakout,breakout,3,6.0,404
0,period,125184,6698,breakout,breakout,4,3.0,404
0,period,125184,6698,breakout,breakout,5,5.0,404
0,period,125184,6698,breakout,breakout,6,3.0,404
0,period,125184,6698,breakout,breakout,7,2.0,404
0,period,125184,6698,breakout,breakout,8,3.0,404
0,period,125184,6698,breakout,breakout,9,3.0,404
0,period,125184,6698,breakout,breakout,10,3.0,404
0,period,125184,6698,breakout,space_invaders,1,7.0,281
0,period,125184,6698,breakout,space_invaders,2,1.0,281
0,period,125184,6698,breakout,space_invaders,3,0.0,281
0,period,125184,6698,breakout,space_invaders,4,1.0,281
0,period,125184,6698,breakout,space_invaders,5,1.0,281
0,period,125184,6698,breakout,space_invaders,6,3.0,281
0,period,125184,6698,breakout,space_invaders,7,1.0,281
0,period,125184,6698,breakout,space_invaders,8,1.0,281
0,period,125184,6698,breakout,space_invaders,9,2.0,281
0,period,125184,6698,breakout,space_invaders,10,1.0,281
0,period,125184,6698,breakout,freeway,1,0.0,25000
0,period,125184,6698,breakout,freeway,2,0.0,25000
0,period,125184,6698,breakout,freeway,3,0.0,25000
0,period,125184,6698,breakout,freeway,4,1.0,25000
0,period,125184,6698,breakout,freeway,5,0.0,25000
0,period,125184,6698,breakout,freeway,6,0.0,25000
0,period,125184,6698,breakout,freeway,7,0.0,25000
0,period,125184,6698,breakout,freeway,8,0.0,25000
0,period,125184,6698,breakout,freeway,9,0.0,25000
0,period,125184,6698,breakout,freeway,10,0.0,25000
0,period,150016,7343,breakout,breakout,1,4.0,392
0,period,150016,7343,breakout,breakout,2,5.0,392
0,period,150016,7343,breakout,breakout,3,3.0,392
0,period,150016,7343,breakout,breakout,4,5.0,392
0,period,150016,7343,breakout,breakout,5,3.0,392
0,period,150016,7343,breakout,breakout,6,3.0,392
0,period,150016,7343,breakout,breakout,7,3.0,392
0,period,150016,7343,breakout,breakout,8,1.0,392
0,period,150016,7343,breakout,breakout,9,3.0,392
0,period,150016,7343,breakout,breakout,10,1.0,392
0,period,150016,7343,breakout,space_invaders,1,3.0,430
0,period,150016,7343,breakout,space_invaders,2,6.0,430
0,period,150016,7343,breakout,space_invaders,3,3.0,430
0,period,150016,7343,breakout,space_invaders,4,1.0,430
0,period,150016,7343,breakout,space_invaders,5,5.0,430
0,period,150016,7343,breakout,space_invaders,6,5.0,430
0,period,150016,7343,breakout,space_invaders,7,1.0,430
0,period,150016,7343,breakout,space_invaders,8,3.0,430
0,period,150016,7343,breakout,space_invaders,9,3.0,430
0,period,150016,7343,breakout,space_invaders,10,1.0,430
0,period,150016,7343,breakout,freeway,1,1.0,25000
0,period,150016,7343,breakout,freeway,2,0.0,25000
0,period,150016,7343,breakout,freeway,3,1.0,25000
0,period,150016,7343,breakout,freeway,4,0.0,25000
0,period,150016,7343,breakout,freeway,5,0.0,25000
0,period,150016,7343,breakout,freeway,6,0.0,25000
0,period,150016,7343,breakout,freeway,7,0.0,25000
0,period,150016,7343,breakout,freeway,8,0.0,25000
0,period,150016,7343,breakout,freeway,9,0.0,25000
0,period,150016,7343,breakout,freeway,10,0.0,25000
0,period,175104,7988,breakout,breakout,1,1.0,436
0,period,175104,7988,breakout,breakout,2,5.0,436
0,period,175104,7988,breakout,breakout,3,3.0,436
0,period,175104,7988,breakout,breakout,4,3.0,436
0,period,175104,7988,breakout,breakout,5,3.0,436
0,period,175104,7988,breakout,breakout,6,3.0,436
0,period,175104,7988,breakout,breakout,7,5.0,436
0,period,175104,7988,breakout,breakout,8,3.0,436
0,period,175104,7988,breakout,breakout,9,6.0,436
0,period,175104,7988,breakout,breakout,10,3.0,436
0,period,175104,7988,breakout,space_invaders,1,4.0,404
0,period,175104,7988,breakout,space_invaders,2,3.0,404
0,period,175104,7988,breakout,space_invaders,3,2.0,404
0,period,175104,7988,breakout,space_invaders,4,1.0,404
0,period,175104,7988,breakout,space_invaders,5,5.0,404
0,period,175104,7988,breakout,space_invaders,6,0.0,404
0,period,175104,7988,breakout,space_invaders,7,0.0,404
0,period,175104,7988,breakout,space_invaders,8,8.0,404
0,period,175104,7988,breakout,space_invaders,9,4.0,404
0,period,175104,7988,breakout,space_invaders,10,0.0,404
0,period,175104,7988,breakout,freeway,1,0.0,25000
0,period,175104,7988,breakout,freeway,2,0.0,25000
0,period,175104,7988,breakout,freeway,3,0.0,25000
0,period,175104,7988,breakout,freeway,4,0.0,25000
0,period,175104,7988,breakout,freeway,5,1.0,25000
0,period,175104,7988,breakout,freeway,6,0.0,25000
0,period,175104,7988,breakout,freeway,7,1.0,25000
0,period,175104,7988,breakout,freeway,8,0.0,25000
0,period,175104,7988,breakout,freeway,9,0.0,25000
0,period,175104,7988,breakout,freeway,10,0.0,25000
0,period,200192,8636,breakout,breakout,1,3.0,300
0,period,200192,8636,breakout,breakout,2,1.0,300
0,period,200192,8636,breakout,breakout,3,4.0,300
0,period,200192,8636,breakout,breakout,4,2.0,300
0,period,200192,8636,breakout,breakout,5,1.0,300
0,period,200192,8636,breakout,breakout,6,1.0,300
0,period,200192,8636,breakout,breakout,7,1.0,300
0,period,200192,8636,breakout,breakout,8,4.0,300
0,period,200192,8636,breakout,breakout,9,3.0,300
0,period,200192,8636,breakout,breakout,10,3.0,300
0,period,200192,8636,breakout,space_invaders,1,2.0,330
0,period,200192,8636,breakout,space_invaders,2,1.0,330
0,period,200192,8636,breakout,space_invaders,3,4.0,330
0,period,200192,8636,breakout,space_invaders,4,8.0,330
0,period,200192,8636,breakout,space_invaders,5,0.0,330
0,period,200192,8636,breakout,space_invaders,6,2.0,330
0,period,200192,8636,breakout,space_invaders,7,1.0,330
0,period,200192,8636,breakout,space_invaders,8,1.0,330
0,period,200192,8636,breakout,space_invaders,9,5.0,330
0,period,200192,8636,breakout,space_invaders,10,1.0,330
0,period,200192,8636,breakout,freeway,1,0.0,25000
0,period,200192,8636,breakout,freeway,2,0.0,25000
0,period,200192,8636,breakout,freeway,3,0.0,25000
0,period,200192,8636,breakout,freeway,4,1.0,25000
0,period,200192,8636,breakout,freeway,5,0.0,25000
0,period,200192,8636,breakout,freeway,6,0.0,25000
0,period,200192,8636,breakout,freeway,7,0.0,25000
0,period,200192,8636,breakout,freeway,8,0.0,25000
0,period,200192,8636,breakout,freeway,9,0.0,25000
0,period,200192,8636,breakout,freeway,10,0.0,25000
0,period,225024,9259,breakout,breakout,1,6.0,522
0,period,225024,9259,breakout,breakout,2,3.0,522
0,period,225024,9259,breakout,breakout,3,5.0,522
0,period,225024,9259,breakout,breakout,4,5.0,522
0,period,225024,9259,breakout,breakout,5,6.0,522
0,period,225024,9259,breakout,breakout,6,5.0,522
0,period,225024,9259,breakout,breakout,7,6.0,522
0,period,225024,9259,breakout,breakout,8,3.0,522
0,period,225024,9259,breakout,breakout,9,1.0,522
0,period,225024,9259,breakout,breakout,10,3.0,522
0,period,225024,9259,breakout,space_invaders,1,3.0,432
0,period,225024,9259,breakout,space_invaders,2,3.0,432
0,period,225024,9259,breakout,space_invaders,3,5.0,432
0,period,225024,9259,breakout,space_invaders,4,1.0,432
0,period,225024,9259,breakout,space_invaders,5,5.0,432
0,period,225024,9259,breakout,space_invaders,6,1.0,432
0,period,225024,9259,breakout,space_invaders,7,0.0,432
0,period,225024,9259,breakout,space_invaders,8,1.0,432
0,period,225024,9259,breakout,space_invaders,9,5.0,432
0,period,225024,9259,breakout,space_invaders,10,4.0,432
0,period,225024,9259,breakout,freeway,1,0.0,25000
0,period,225024,9259,breakout,freeway,2,0.0,25000
0,period,225024,9259,breakout,freeway,3,0.0,25000
0,period,225024,9259,breakout,freeway,4,0.0,25000
0,period,225024,9259,breakout,freeway,5,0.0,25000
0,period,225024,9259,breakout,freeway,6,0.0,25000
0,period,225024,9259,breakout,freeway,7,0.0,25000
0,period,225024,9259,breakout,freeway,8,1.0,25000
0,period,225024,9259,breakout,freeway,9,1.0,25000
0,period,225024,9259,breakout,freeway,10,0.0,25000
0,period,250112,9866,breakout,breakout,1,3.0,414
0,period,250112,9866,breakout,breakout,2,3.0,414
0,period,250112,9866,breakout,breakout,3,3.0,414
0,period,250112,9866,breakout,breakout,4,3.0,414
0,period,250112,9866,breakout,breakout,5,1.0,414
0,period,250112,9866,breakout,breakout,6,3.0,414
0,period,250112,9866,breakout,breakout,7,3.0,414
0,period,250112,9866,breakout,breakout,8,5.0,414
0,period,250112,9866,breakout,breakout,9,6.0,414
0,period,250112,9866,breakout,breakout,10,3.0,414
0,period,250112,9866,breakout,space_invaders,1,2.0,303
0,period,250112,9866,breakout,space_invaders,2,2.0,303
0,period,250112,9866,breakout,space_invaders,3,4.0,303
0,period,250112,9866,breakout,space_invaders,4,5.0,303
0,period,250112,9866,breakout,space_invaders,5,1.0,303
0,period,250112,9866,breakout,space_invaders,6,4.0,303
0,period,250112,9866,breakout,space_invaders,7,6.0,303
0,period,250112,9866,breakout,space_invaders,8,1.0,303
0,period,250112,9866,breakout,space_invaders,9,3.0,303
0,period,250112,9866,breakout,space_invaders,10,0.0,303
0,period,250112,9866,breakout,freeway,1,1.0,25000
0,period,250112,9866,breakout,freeway,2,0.0,25000
0,period,250112,9866,breakout,freeway,3,0.0,25000
0,period,250112,9866,breakout,freeway,4,0.0,25000
0,period,250112,9866,breakout,freeway,5,0.0,25000
0,period,250112,9866,breakout,freeway,6,0.0,25000
0,period,250112,9866,breakout,freeway,7,0.0,25000
0,period,250112,9866,breakout,freeway,8,0.0,25000
0,period,250112,9866,breakout,freeway,9,0.0,25000
0,period,250112,9866,breakout,freeway,10,0.0,25000
0,period,275200,10486,breakout,breakout,1,6.0,614
0,period,275200,10486,breakout,breakout,2,5.0,614
0,period,275200,10486,breakout,breakout,3,5.0,614
0,period,275200,10486,breakout,breakout,4,5.0,614
0,period,275200,10486,breakout,breakout,5,6.0,614
0,period,275200,10486,breakout,breakout,6,3.0,614
0,period,275200,10486,breakout,breakout,7,6.0,614
0,period,275200,10486,breakout,breakout,8,6.0,614
0,period,275200,10486,breakout,breakout,9,5.0,614
0,period,275200,10486,breakout,breakout,10,5.0,614
0,period,275200,10486,breakout,space_invaders,1,3.0,251
0,period,275200,10486,breakout,space_invaders,2,2.0,251
0,period,275200,10486,breakout,space_invaders,3,0.0,251
0,period,275200,10486,breakout,space_invaders,4,1.0,251
0,period,275200,10486,breakout,space_invaders,5,2.0,251
0,period,275200,10486,breakout,space_invaders,6,2.0,251
0,period,275200,10486,breakout,space_invaders,7,3.0,251
0,period,275200,10486,breakout,space_invaders,8,3.0,251
0,period,275200,10486,breakout,space_invaders,9,2.0,251
0,period,275200,10486,breakout,space_invaders,10,3.0,251
0,period,275200,10486,breakout,freeway,1,0.0,25000
0,period,275200,10486,breakout,freeway,2,0.0,25000
0,period,275200,10486,breakout,freeway,3,0.0,25000
0,period,275200,10486,breakout,freeway,4,0.0,25000
0,period,275200,10486,breakout,freeway,5,0.0,25000
0,period,275200,10486,breakout,freeway,6,1.0,25000
0,period,275200,10486,breakout,freeway,7,1.0,25000
0,period,275200,10486,breakout,freeway,8,0.0,25000
0,period,275200,10486,breakout,freeway,9,0.0,25000
0,period,275200,10486,breakout,freeway,10,0.0,25000
0,period,300032,11050,breakout,breakout,1,5.0,474
0,period,300032,11050,breakout,breakout,2,1.0,474
0,period,300032,11050,breakout,breakout,3,6.0,474
0,period,300032,11050,breakout,breakout,4,3.0,474
0,period,300032,11050,breakout,breakout,5,5.0,474
0,period,300032,11050,breakout,breakout,6,4.0,474
0,period,300032,11050,breakout,breakout,7,5.0,474
0,period,300032,11050,breakout,breakout,8,3.0,474
0,period,300032,11050,breakout,breakout,9,3.0,474
0,period,300032,11050,breakout,breakout,10,4.0,474
0,period,300032,11050,breakout,space_invaders,1,1.0,252
0,period,300032,11050,breakout,space_invaders,2,2.0,252
0,period,300032,11050,breakout,space_invaders,3,3.0,252
0,period,300032,11050,breakout,space_invaders,4,2.0,252
0,period,300032,11050,breakout,space_invaders,5,3.0,252
0,period,300032,11050,breakout,space_invaders,6,2.0,252
0,period,300032,11050,breakout,space_invaders,7,1.0,252
0,period,300032,11050,breakout,space_invaders,8,1.0,252
0,period,300032,11050,breakout,space_invaders,9,3.0,252
0,period,300032,11050,breakout,space_invaders,10,1.0,252
0,period,300032,11050,breakout,freeway,1,0.0,25000
0,period,300032,11050,breakout,freeway,2,0.0,25000
0,period,300032,11050,breakout,freeway,3,0.0,25000
0,period,300032,11050,breakout,freeway,4,0.0,25000
0,period,300032,11050,breakout,freeway,5,1.0,25000
0,period,300032,11050,breakout,freeway,6,0.0,25000
0,period,300032,11050,breakout,freeway,7,1.0,25000
0,period,300032,11050,breakout,freeway,8,0.0,25000
0,period,300032,11050,breakout,freeway,9,0.0,25000
0,period,300032,11050,breakout,freeway,10,0.0,25000
0,period,325120,11639,breakout,breakout,1,1.0,508
0,period,325120,11639,breakout,breakout,2,6.0,508
0,period,325120,11639,breakout,breakout,3,6.0,508
0,period,325120,11639,breakout,breakout,4,5.0,508
0,period,325120,11639,breakout,breakout,5,5.0,508
0,period,325120,11639,breakout,breakout,6,4.0,508
0,period,325120,11639,breakout,breakout,7,3.0,508
0,period,325120,11639,breakout,breakout,8,5.0,508
0,period,325120,11639,breakout,breakout,9,3.0,508
0,period,325120,11639,breakout,breakout,10,4.0,508
0,period,325120,11639,breakout,space_invaders,1,3.0,359
0,period,325120,11639,breakout,space_invaders,2,5.0,359
0,period,325120,11639,breakout,space_invaders,3,1.0,359
0,period,325120,11639,breakout,space_invaders,4,1.0,359
0,period,325120,11639,breakout,space_invaders,5,4.0,359
0,period,325120,11639,breakout,space_invaders,6,0.0,359
0,period,325120,11639,breakout,space_invaders,7,7.0,359
0,period,325120,11639,breakout,space_invaders,8,1.0,359
0,period,325120,11639,breakout,space_invaders,9,1.0,359
0,period,325120,11639,breakout,space_invaders,10,2.0,359
0,period,325120,11639,breakout,freeway,1,1.0,25000
0,period,325120,11639,breakout,freeway,2,0.0,25000
0,period,325120,11639,breakout,freeway,3,0.0,25000
0,period,325120,11639,breakout,freeway,4,0.0,25000
0,period,325120,11639,breakout,freeway,5,0.0,25000
0,period,325120,11639,breakout,freeway,6,0.0,25000
0,period,325120,11639,breakout,freeway,7,1.0,25000
0,period,325120,11639,breakout,freeway,8,1.0,25000
0,period,325120,11639,breakout,freeway,9,0.0,25000
0,period,325120,11639,breakout,freeway,10,0.0,25000
0,period,350208,12196,breakout,breakout,1,3.0,424
0,period,350208,12196,breakout,breakout,2,6.0,424
0,period,350208,12196,breakout,breakout,3,3.0,424
0,period,350208,12196,breakout,breakout,4,5.0,424
0,period,350208,12196,breakout,breakout,5,3.0,424
0,period,350208,12196,breakout,breakout,6,5.0,424
0,period,350208,12196,breakout,breakout,7,1.0,424
0,period,350208,12196,breakout,breakout,8,3.0,424
0,period,350208,12196,breakout,breakout,9,3.0,424
0,period,350208,12196,breakout,breakout,10,2.0,424
0,period,350208,12196,breakout,space_invaders,1,1.0,360
0,period,350208,12196,breakout,space_invaders,2,2.0,360
0,period,350208,12196,breakout,space_invaders,3,2.0,360
0,period,350208,12196,breakout,space_invaders,4,1.0,360
0,period,350208,12196,breakout,space_invaders,5,1.0,360
0,period,350208,12196,breakout,space_invaders,6,1.0,360
0,period,350208,12196,breakout,space_invaders,7,0.0,360
0,period,350208,12196,breakout,space_invaders,8,1.0,360
0,period,350208,12196,breakout,space_invaders,9,2.0,360
0,period,350208,12196,breakout,space_invaders,10,2.0,360
0,period,350208,12196,breakout,freeway,1,0.0,25000
0,period,350208,12196,breakout,freeway,2,1.0,25000
0,period,350208,12196,breakout,freeway,3,0.0,25000
0,period,350208,12196,breakout,freeway,4,0.0,25000
0,period,350208,12196,breakout,freeway,5,0.0,25000
0,period,350208,12196,breakout,freeway,6,1.0,25000
0,period,350208,12196,breakout,freeway,7,0.0,25000
0,period,350208,12196,breakout,freeway,8,0.0,25000
0,period,350208,12196,breakout,freeway,9,0.0,25000
0,period,350208,12196,breakout,freeway,10,0.0,25000
0,period,375040,12701,breakout,breakout,1,6.0,510
0,period,375040,12701,breakout,breakout,2,3.0,510
0,period,375040,12701,breakout,breakout,3,6.0,510
0,period,375040,12701,breakout,breakout,4,5.0,510
0,period,375040,12701,breakout,breakout,5,5.0,510
0,period,375040,12701,breakout,breakout,6,3.0,510
0,period,375040,12701,breakout,breakout,7,3.0,510
0,period,375040,12701,breakout,breakout,8,6.0,510
0,period,375040,12701,breakout,breakout,9,2.0,510
0,period,375040,12701,breakout,breakout,10,3.0,510
0,period,375040,12701,breakout,space_invaders,1,1.0,202
0,period,375040,12701,breakout,space_invaders,2,1.0,202
0,period,375040,12701,breakout,space_invaders,3,1.0,202
0,period,375040,12701,breakout,space_invaders,4,1.0,202
0,period,375040,12701,breakout,space_invaders,5,0.0,202
0,period,375040,12701,breakout,space_invaders,6,1.0,202
0,period,375040,12701,breakout,space_invaders,7,1.0,202
0,period,375040,12701,breakout,space_invaders,8,1.0,202
0,period,375040,12701,breakout,space_invaders,9,0.0,202
0,period,375040,12701,breakout,space_invaders,10,3.0,202
0,period,375040,12701,breakout,freeway,1,1.0,25000
0,period,375040,12701,breakout,freeway,2,0.0,25000
0,period,375040,12701,breakout,freeway,3,0.0,25000
0,period,375040,12701,breakout,freeway,4,0.0,25000
0,period,375040,12701,breakout,freeway,5,0.0,25000
0,period,375040,12701,breakout,freeway,6,0.0,25000
0,period,375040,12701,breakout,freeway,7,0.0,25000
0,period,375040,12701,breakout,freeway,8,0.0,25000
0,period,375040,12701,breakout,freeway,9,0.0,25000
0,period,375040,12701,breakout,freeway,10,0.0,25000
0,period,400128,13197,breakout,breakout,1,2.0,424
0,period,400128,13197,breakout,breakout,2,6.0,424
0,period,400128,13197,breakout,breakout,3,3.0,424
0,period,400128,13197,breakout,breakout,4,3.0,424
0,period,400128,13197,breakout,breakout,5,3.0,424
0,period,400128,13197,breakout,breakout,6,6.0,424
0,period,400128,13197,breakout,breakout,7,3.0,424
0,period,400128,13197,breakout,breakout,8,0.0,424
0,period,400128,13197,breakout,breakout,9,5.0,424
0,period,400128,13197,breakout,breakout,10,3.0,424
0,period,400128,13197,breakout,space_invaders,1,2.0,326
0,period,400128,13197,breakout,space_invaders,2,1.0,326
0,period,400128,13197,breakout,space_invaders,3,2.0,326
0,period,400128,13197,breakout,space_invaders,4,4.0,326
0,period,400128,13197,breakout,space_invaders,5,1.0,326
0,period,400128,13197,breakout,space_invaders,6,2.0,326
0,period,400128,13197,breakout,space_invaders,7,4.0,326
0,period,400128,13197,breakout,space_invaders,8,1.0,326
0,period,400128,13197,breakout,space_invaders,9,2.0,326
0,period,400128,13197,breakout,space_invaders,10,1.0,326
0,period,400128,13197,breakout,freeway,1,0.0,25000
0,period,400128,13197,breakout,freeway,2,0.0,25000
0,period,400128,13197,breakout,freeway,3,0.0,25000
0,period,400128,13197,breakout,freeway,4,0.0,25000
0,period,400128,13197,breakout,freeway,5,0.0,25000
0,period,400128,13197,breakout,freeway,6,0.0,25000
0,period,400128,13197,breakout,freeway,7,0.0,25000
0,period,400128,13197,breakout,freeway,8,0.0,25000
0,period,400128,13197,breakout,freeway,9,0.0,25000
0,period,400128,13197,breakout,freeway,10,0.0,25000
0,period,425216,13695,breakout,breakout,1,3.0,422
0,period,425216,13695,breakout,breakout,2,5.0,422
0,period,425216,13695,breakout,breakout,3,5.0,422
0,period,425216,13695,breakout,breakout,4,3.0,422
0,period,425216,13695,breakout,breakout,5,5.0,422
0,period,425216,13695,breakout,breakout,6,5.0,422
0,period,425216,13695,breakout,breakout,7,1.0,422
0,period,425216,13695,breakout,breakout,8,2.0,422
0,period,425216,13695,breakout,breakout,9,3.0,422
0,period,425216,13695,breakout,breakout,10,2.0,422
0,period,425216,13695,breakout,space_invaders,1,8.0,382
0,period,425216,13695,breakout,space_invaders,2,5.0,382
0,period,425216,13695,breakout,space_invaders,3,4.0,382
0,period,425216,13695,breakout,space_invaders,4,1.0,382
0,period,425216,13695,breakout,space_invaders,5,2.0,382
0,period,425216,13695,breakout,space_invaders,6,3.0,382
0,period,425216,13695,breakout,space_invaders,7,1.0,382
0,period,425216,13695,breakout,space_invaders,8,5.0,382
0,period,425216,13695,breakout,space_invaders,9,3.0,382
0,period,425216,13695,breakout,space_invaders,10,2.0,382
0,period,425216,13695,breakout,freeway,1,0.0,25000
0,period,425216,13695,breakout,freeway,2,1.0,25000
0,period,425216,13695,breakout,freeway,3,0.0,25000
0,period,425216,13695,breakout,freeway,4,0.0,25000
0,period,425216,13695,breakout,freeway,5,0.0,25000
0,period,425216,13695,breakout,freeway,6,0.0,25000
0,period,425216,13695,breakout,freeway,7,0.0,25000
0,period,425216,13695,breakout,freeway,8,0.0,25000
0,period,425216,13695,breakout,freeway,9,0.0,25000
0,period,425216,13695,breakout,freeway,10,1.0,25000
0,period,450048,14173,breakout,breakout,1,5.0,502
0,period,450048,14173,breakout,breakout,2,1.0,502
0,period,450048,14173,breakout,breakout,3,6.0,502
0,period,450048,14173,breakout,breakout,4,1.0,502
0,period,450048,14173,breakout,breakout,5,5.0,502
0,period,450048,14173,breakout,breakout,6,5.0,502
0,period,450048,14173,breakout,breakout,7,5.0,502
0,period,450048,14173,breakout,breakout,8,3.0,502
0,period,450048,14173,breakout,breakout,9,5.0,502
0,period,450048,14173,breakout,breakout,10,5.0,502
0,period,450048,14173,breakout,space_invaders,1,1.0,271
0,period,450048,14173,breakout,space_invaders,2,3.0,271
0,period,450048,14173,breakout,space_invaders,3,4.0,271
0,period,450048,14173,breakout,space_invaders,4,5.0,271
0,period,450048,14173,breakout,space_invaders,5,2.0,271
0,period,450048,14173,breakout,space_invaders,6,2.0,271
0,period,450048,14173,breakout,space_invaders,7,1.0,271
0,period,450048,14173,breakout,space_invaders,8,1.0,271
0,period,450048,14173,breakout,space_invaders,9,1.0,271
0,period,450048,14173,breakout,space_invaders,10,5.0,271
0,period,450048,14173,breakout,freeway,1,0.0,25000
0,period,450048,14173,breakout,freeway,2,0.0,25000
0,period,450048,14173,breakout,freeway,3,1.0,25000
0,period,450048,14173,breakout,freeway,4,1.0,25000
0,period,450048,14173,breakout,freeway,5,0.0,25000
0,period,450048,14173,breakout,freeway,6,0.0,25000
0,period,450048,14173,breakout,freeway,7,0.0,25000
0,period,450048,14173,breakout,freeway,8,0.0,25000
0,period,450048,14173,breakout,freeway,9,0.0,25000
0,period,450048,14173,breakout,freeway,10,0.0,25000
0,period,475136,14646,breakout,breakout,1,1.0,450
0,period,475136,14646,breakout,breakout,2,5.0,450
0,period,475136,14646,breakout,breakout,3,1.0,450
0,period,475136,14646,breakout,breakout,4,5.0,450
0,period,475136,14646,breakout,breakout,5,5.0,450
0,period,475136,14646,breakout,breakout,6,5.0,450
0,period,475136,14646,breakout,breakout,7,2.0,450
0,period,475136,14646,breakout,breakout,8,5.0,450
0,period,475136,14646,breakout,breakout,9,6.0,450
0,period,475136,14646,breakout,breakout,10,1.0,450
0,period,475136,14646,breakout,space_invaders,1,1.0,273
0,period,475136,14646,breakout,space_invaders,2,1.0,273
0,period,475136,14646,breakout,space_invaders,3,3.0,273
0,period,475136,14646,breakout,space_invaders,4,2.0,273
0,period,475136,14646,breakout,space_invaders,5,1.0,273
0,period,475136,14646,breakout,space_invaders,6,2.0,273
0,period,475136,14646,breakout,space_invaders,7,5.0,273
0,period,475136,14646,breakout,space_invaders,8,2.0,273
0,period,475136,14646,breakout,space_invaders,9,7.0,273
0,period,475136,14646,breakout,space_invaders,10,3.0,273
0,period,475136,14646,breakout,freeway,1,1.0,25000
0,period,475136,14646,breakout,freeway,2,1.0,25000
0,period,475136,14646,breakout,freeway,3,0.0,25000
0,period,475136,14646,breakout,freeway,4,0.0,25000
0,period,475136,14646,breakout,freeway,5,1.0,25000
0,period,475136,14646,breakout,freeway,6,0.0,25000
0,period,475136,14646,breakout,freeway,7,0.0,25000
0,period,475136,14646,breakout,freeway,8,0.0,25000
0,period,475136,14646,breakout,freeway,9,0.0,25000
0,period,475136,14646,breakout,freeway,10,0.0,25000
1,boundary,999936,24209,breakout,breakout,1,6.0,586
1,boundary,999936,24209,breakout,breakout,2,5.0,586
1,boundary,999936,24209,breakout,breakout,3,6.0,586
1,boundary,999936,24209,breakout,breakout,4,5.0,586
1,boundary,999936,24209,breakout,breakout,5,6.0,586
1,boundary,999936,24209,breakout,breakout,6,6.0,586
1,boundary,999936,24209,breakout,breakout,7,6.0,586
1,boundary,999936,24209,breakout,breakout,8,1.0,586
1,boundary,999936,24209,breakout,breakout,9,2.0,586
1,boundary,999936,24209,breakout,breakout,10,6.0,586
1,boundary,999936,24209,breakout,space_invaders,1,0.0,282
1,boundary,999936,24209,breakout,space_invaders,2,0.0,282
1,boundary,999936,24209,breakout,space_invaders,3,1.0,282
1,boundary,999936,24209,breakout,space_invaders,4,2.0,282
1,boundary,999936,24209,breakout,space_invaders,5,2.0,282
1,boundary,999936,24209,breakout,space_invaders,6,1.0,282
1,boundary,999936,24209,breakout,space_invaders,7,3.0,282
1,boundary,999936,24209,breakout,space_invaders,8,2.0,282
1,boundary,999936,24209,breakout,space_invaders,9,4.0,282
1,boundary,999936,24209,breakout,space_invaders,10,3.0,282
1,boundary,999936,24209,breakout,freeway,1,0.0,25000
1,boundary,999936,24209,breakout,freeway,2,0.0,25000
1,boundary,999936,24209,breakout,freeway,3,0.0,25000
1,boundary,999936,24209,breakout,freeway,4,0.0,25000
1,boundary,999936,24209,breakout,freeway,5,0.0,25000
1,boundary,999936,24209,breakout,freeway,6,0.0,25000
1,boundary,999936,24209,breakout,freeway,7,0.0,25000
1,boundary,999936,24209,breakout,freeway,8,0.0,25000
1,boundary,999936,24209,breakout,freeway,9,0.0,25000
1,boundary,999936,24209,breakout,freeway,10,0.0,25000
1,period,500224,15107,breakout,breakout,1,6.0,610
1,period,500224,15107,breakout,breakout,2,3.0,610
1,period,500224,15107,breakout,breakout,3,5.0,610
1,period,500224,15107,breakout,breakout,4,6.0,610
1,period,500224,15107,breakout,breakout,5,5.0,610
1,period,500224,15107,breakout,breakout,6,6.0,610
1,period,500224,15107,breakout,breakout,7,5.0,610
1,period,500224,15107,breakout,breakout,8,6.0,610
1,period,500224,15107,breakout,breakout,9,6.0,610
1,period,500224,15107,breakout,breakout,10,3.0,610
1,period,500224,15107,breakout,space_invaders,1,1.0,341
1,period,500224,15107,breakout,space_invaders,2,1.0,341
1,period,500224,15107,breakout,space_invaders,3,7.0,341
1,period,500224,15107,breakout,space_invaders,4,2.0,341
1,period,500224,15107,breakout,space_invaders,5,3.0,341
1,period,500224,15107,breakout,space_invaders,6,4.0,341
1,period,500224,15107,breakout,space_invaders,7,2.0,341
1,period,500224,15107,breakout,space_invaders,8,2.0,341
1,period,500224,15107,breakout,space_invaders,9,3.0,341
1,period,500224,15107,breakout,space_invaders,10,3.0,341
1,period,500224,15107,breakout,freeway,1,0.0,25000
1,period,500224,15107,breakout,freeway,2,0.0,25000
1,period,500224,15107,breakout,freeway,3,0.0,25000
1,period,500224,15107,breakout,freeway,4,0.0,25000
1,period,500224,15107,breakout,freeway,5,0.0,25000
1,period,500224,15107,breakout,freeway,6,0.0,25000
1,period,500224,15107,breakout,freeway,7,0.0,25000
1,period,500224,15107,breakout,freeway,8,0.0,25000
1,period,500224,15107,breakout,freeway,9,0.0,25000
1,period,500224,15107,breakout,freeway,10,0.0,25000
1,period,525056,15576,breakout,breakout,1,5.0,500
1,period,525056,15576,breakout,breakout,2,6.0,500
1,period,525056,15576,breakout,breakout,3,5.0,500
1,period,525056,15576,breakout,breakout,4,1.0,500
1,period,525056,15576,breakout,breakout,5,1.0,500
1,period,525056,15576,breakout,breakout,6,1.0,500
1,period,525056,15576,breakout,breakout,7,5.0,500
1,period,525056,15576,breakout,breakout,8,6.0,500
1,period,525056,15576,breakout,breakout,9,5.0,500
1,period,525056,15576,breakout,breakout,10,6.0,500
1,period,525056,15576,breakout,space_invaders,1,2.0,293
1,period,525056,15576,breakout,space_invaders,2,1.0,293
1,period,525056,15576,breakout,space_invaders,3,3.0,293
1,period,525056,15576,breakout,space_invaders,4,6.0,293
1,period,525056,15576,breakout,space_invaders,5,2.0,293
1,period,525056,15576,breakout,space_invaders,6,2.0,293
1,period,525056,15576,breakout,space_invaders,7,3.0,293
1,period,525056,15576,breakout,space_invaders,8,2.0,293
1,period,525056,15576,breakout,space_invaders,9,2.0,293
1,period,525056,15576,breakout,space_invaders,10,2.0,293
1,period,525056,15576,breakout,freeway,1,0.0,25000
1,period,525056,15576,breakout,freeway,2,0.0,25000
1,period,525056,15576,breakout,freeway,3,0.0,25000
1,period,525056,15576,breakout,freeway,4,0.0,25000
1,period,525056,15576,breakout,freeway,5,0.0,25000
1,period,525056,15576,breakout,freeway,6,0.0,25000
1,period,525056,15576,breakout,freeway,7,0.0,25000
1,period,525056,15576,breakout,freeway,8,0.0,25000
1,period,525056,15576,breakout,freeway,9,0.0,25000
1,period,525056,15576,breakout,freeway,10,0.0,25000
1,period,550144,16045,breakout,breakout,1,5.0,574
1,period,550144,16045,breakout,breakout,2,5.0,574
1,period,550144,16045,breakout,breakout,3,5.0,574
1,period,550144,16045,breakout,breakout,4,6.0,574
1,period,550144,16045,breakout,breakout,5,6.0,574
1,period,550144,16045,breakout,breakout,6,5.0,574
1,period,550144,16045,breakout,breakout,7,5.0,574
1,period,550144,16045,breakout,breakout,8,4.0,574
1,period,550144,16045,breakout,breakout,9,1.0,574
1,period,550144,16045,breakout,breakout,10,6.0,574
1,period,550144,16045,breakout,space_invaders,1,1.0,242
1,period,550144,16045,breakout,space_invaders,2,1.0,242
1,period,550144,16045,breakout,space_invaders,3,1.0,242
1,period,550144,16045,breakout,space_invaders,4,3.0,242
1,period,550144,16045,breakout,space_invaders,5,4.0,242
1,period,550144,16045,breakout,space_invaders,6,2.0,242
1,period,550144,16045,breakout,space_invaders,7,4.0,242
1,period,550144,16045,breakout,space_invaders,8,3.0,242
1,period,550144,16045,breakout,space_invaders,9,1.0,242
1,period,550144,16045,breakout,space_invaders,10,2.0,242
1,period,550144,16045,breakout,freeway,1,0.0,25000
1,period,550144,16045,breakout,freeway,2,0.0,25000
1,period,550144,16045,breakout,freeway,3,0.0,25000
1,period,550144,16045,breakout,freeway,4,0.0,25000
1,period,550144,16045,breakout,freeway,5,1.0,25000
1,period,550144,16045,breakout,freeway,6,0.0,25000
1,period,550144,16045,breakout,freeway,7,0.0,25000
1,period,550144,16045,breakout,freeway,8,0.0,25000
1,period,550144,16045,breakout,freeway,9,0.0,25000
1,period,550144,16045,breakout,freeway,10,0.0,25000
1,period,575232,16536,breakout,breakout,1,5.0,620
1,period,575232,16536,breakout,breakout,2,5.0,620
1,period,575232,16536,breakout,breakout,3,5.0,620
1,period,575232,16536,breakout,breakout,4,3.0,620
1,period,575232,16536,breakout,breakout,5,6.0,620
1,period,575232,16536,breakout,breakout,6,5.0,620
1,period,575232,16536,breakout,breakout,7,6.0,620
1,period,575232,16536,breakout,breakout,8,6.0,620
1,period,575232,16536,breakout,breakout,9,6.0,620
1,period,575232,16536,breakout,breakout,10,5.0,620
1,period,575232,16536,breakout,space_invaders,1,2.0,350
1,period,575232,16536,breakout,space_invaders,2,1.0,350
1,period,575232,16536,breakout,space_invaders,3,3.0,350
1,period,575232,16536,breakout,space_invaders,4,4.0,350
1,period,575232,16536,breakout,space_invaders,5,1.0,350
1,period,575232,16536,breakout,space_invaders,6,1.0,350
1,period,575232,16536,breakout,space_invaders,7,3.0,350
1,period,575232,16536,breakout,space_invaders,8,0.0,350
1,period,575232,16536,breakout,space_invaders,9,3.0,350
1,period,575232,16536,breakout,space_invaders,10,5.0,350
1,period,575232,16536,breakout,freeway,1,0.0,25000
1,period,575232,16536,breakout,freeway,2,0.0,25000
1,period,575232,16536,breakout,freeway,3,0.0,25000
1,period,575232,16536,breakout,freeway,4,0.0,25000
1,period,575232,16536,breakout,freeway,5,1.0,25000
1,period,575232,16536,breakout,freeway,6,0.0,25000
1,period,575232,16536,breakout,freeway,7,0.0,25000
1,period,575232,16536,breakout,freeway,8,0.0,25000
1,period,575232,16536,breakout,freeway,9,0.0,25000
1,period,575232,16536,breakout,freeway,10,0.0,25000
1,period,600064,16998,breakout,breakout,1,6.0,576
1,period,600064,16998,breakout,breakout,2,5.0,576
1,period,600064,16998,breakout,breakout,3,6.0,576
1,period,600064,16998,breakout,breakout,4,6.0,576
1,period,600064,16998,breakout,breakout,5,6.0,576
1,period,600064,16998,breakout,breakout,6,5.0,576
1,period,600064,16998,breakout,breakout,7,2.0,576
1,period,600064,16998,breakout,breakout,8,5.0,576
1,period,600064,16998,breakout,breakout,9,2.0,576
1,period,600064,16998,breakout,breakout,10,5.0,576
1,period,600064,16998,breakout,space_invaders,1,2.0,332
1,period,600064,16998,breakout,space_invaders,2,3.0,332
1,period,600064,16998,breakout,space_invaders,3,4.0,332
1,period,600064,16998,breakout,space_invaders,4,2.0,332
1,period,600064,16998,breakout,space_invaders,5,3.0,332
1,period,600064,16998,breakout,space_invaders,6,3.0,332
1,period,600064,16998,breakout,space_invaders,7,3.0,332
1,period,600064,16998,breakout,space_invaders,8,1.0,332
1,period,600064,16998,breakout,space_invaders,9,1.0,332
1,period,600064,16998,breakout,space_invaders,10,2.0,332
1,period,600064,16998,breakout,freeway,1,0.0,25000
1,period,600064,16998,breakout,freeway,2,0.0,25000
1,period,600064,16998,breakout,freeway,3,0.0,25000
1,period,600064,16998,breakout,freeway,4,0.0,25000
1,period,600064,16998,breakout,freeway,5,0.0,25000
1,period,600064,16998,breakout,freeway,6,0.0,25000
1,period,600064,16998,breakout,freeway,7,0.0,25000
1,period,600064,16998,breakout,freeway,8,0.0,25000
1,period,600064,16998,breakout,freeway,9,0.0,25000
1,period,600064,16998,breakout,freeway,10,0.0,25000
1,period,625152,17454,breakout,breakout,1,5.0,500
1,period,625152,17454,breakout,breakout,2,1.0,500
1,period,625152,17454,breakout,breakout,3,5.0,500
1,period,625152,17454,breakout,breakout,4,1.0,500
1,period,625152,17454,breakout,breakout,5,6.0,500
1,period,625152,17454,breakout,breakout,6,5.0,500
1,period,625152,17454,breakout,breakout,7,5.0,500
1,period,625152,17454,breakout,breakout,8,1.0,500
1,period,625152,17454,breakout,breakout,9,6.0,500
1,period,625152,17454,breakout,breakout,10,6.0,500
1,period,625152,17454,breakout,space_invaders,1,3.0,294
1,period,625152,17454,breakout,space_invaders,2,5.0,294
1,period,625152,17454,breakout,space_invaders,3,2.0,294
1,period,625152,17454,breakout,space_invaders,4,3.0,294
1,period,625152,17454,breakout,space_invaders,5,0.0,294
1,period,625152,17454,breakout,space_invaders,6,2.0,294
1,period,625152,17454,breakout,space_invaders,7,3.0,294
1,period,625152,17454,breakout,space_invaders,8,2.0,294
1,period,625152,17454,breakout,space_invaders,9,4.0,294
1,period,625152,17454,breakout,space_invaders,10,1.0,294
1,period,625152,17454,breakout,freeway,1,0.0,25000
1,period,625152,17454,breakout,freeway,2,0.0,25000
1,period,625152,17454,breakout,freeway,3,0.0,25000
1,period,625152,17454,breakout,freeway,4,0.0,25000
1,period,625152,17454,breakout,freeway,5,0.0,25000
1,period,625152,17454,breakout,freeway,6,0.0,25000
1,period,625152,17454,breakout,freeway,7,1.0,25000
1,period,625152,17454,breakout,freeway,8,0.0,25000
1,period,625152,17454,breakout,freeway,9,0.0,25000
1,period,625152,17454,breakout,freeway,10,0.0,25000
1,period,650240,17921,breakout,breakout,1,6.0,516
1,period,650240,17921,breakout,breakout,2,2.0,516
1,period,650240,17921,breakout,breakout,3,6.0,516
1,period,650240,17921,breakout,breakout,4,4.0,516
1,period,650240,17921,breakout,breakout,5,3.0,516
1,period,650240,17921,breakout,breakout,6,1.0,516
1,period,650240,17921,breakout,breakout,7,3.0,516
1,period,650240,17921,breakout,breakout,8,6.0,516
1,period,650240,17921,breakout,breakout,9,6.0,516
1,period,650240,17921,breakout,breakout,10,6.0,516
1,period,650240,17921,breakout,space_invaders,1,1.0,245
1,period,650240,17921,breakout,space_invaders,2,1.0,245
1,period,650240,17921,breakout,space_invaders,3,2.0,245
1,period,650240,17921,breakout,space_invaders,4,4.0,245
1,period,650240,17921,breakout,space_invaders,5,2.0,245
1,period,650240,17921,breakout,space_invaders,6,3.0,245
1,period,650240,17921,breakout,space_invaders,7,1.0,245
1,period,650240,17921,breakout,space_invaders,8,1.0,245
1,period,650240,17921,breakout,space_invaders,9,4.0,245
1,period,650240,17921,breakout,space_invaders,10,1.0,245
1,period,650240,17921,breakout,freeway,1,0.0,25000
1,period,650240,17921,breakout,freeway,2,0.0,25000
1,period,650240,17921,breakout,freeway,3,0.0,25000
1,period,650240,17921,breakout,freeway,4,0.0,25000
1,period,650240,17921,breakout,freeway,5,0.0,25000
1,period,650240,17921,breakout,freeway,6,0.0,25000
1,period,650240,17921,breakout,freeway,7,0.0,25000
1,period,650240,17921,breakout,freeway,8,0.0,25000
1,period,650240,17921,breakout,freeway,9,0.0,25000
1,period,650240,17921,breakout,freeway,10,0.0,25000
1,period,675072,18379,breakout,breakout,1,6.0,464
1,period,675072,18379,breakout,breakout,2,6.0,464
1,period,675072,18379,breakout,breakout,3,6.0,464
1,period,675072,18379,breakout,breakout,4,2.0,464
1,period,675072,18379,breakout,breakout,5,5.0,464
1,period,675072,18379,breakout,breakout,6,3.0,464
1,period,675072,18379,breakout,breakout,7,1.0,464
1,period,675072,18379,breakout,breakout,8,6.0,464
1,period,675072,18379,breakout,breakout,9,1.0,464
1,period,675072,18379,breakout,breakout,10,2.0,464
1,period,675072,18379,breakout,space_invaders,1,4.0,314
1,period,675072,18379,breakout,space_invaders,2,0.0,314
1,period,675072,18379,breakout,space_invaders,3,0.0,314
1,period,675072,18379,breakout,space_invaders,4,3.0,314
1,period,675072,18379,breakout,space_invaders,5,2.0,314
1,period,675072,18379,breakout,space_invaders,6,3.0,314
1,period,675072,18379,breakout,space_invaders,7,2.0,314
1,period,675072,18379,breakout,space_invaders,8,1.0,314
1,period,675072,18379,breakout,space_invaders,9,4.0,314
1,period,675072,18379,breakout,space_invaders,10,2.0,314
1,period,675072,18379,breakout,freeway,1,0.0,25000
1,period,675072,18379,breakout,freeway,2,0.0,25000
1,period,675072,18379,breakout,freeway,3,0.0,25000
1,period,675072,18379,breakout,freeway,4,1.0,25000
1,period,675072,18379,breakout,freeway,5,0.0,25000
1,period,675072,18379,breakout,freeway,6,0.0,25000
1,period,675072,18379,breakout,freeway,7,0.0,25000
1,period,675072,18379,breakout,freeway,8,0.0,25000
1,period,675072,18379,breakout,freeway,9,1.0,25000
1,period,675072,18379,breakout,freeway,10,0.0,25000
1,period,700160,18817,breakout,breakout,1,2.0,552
1,period,700160,18817,breakout,breakout,2,6.0,552
1,period,700160,18817,breakout,breakout,3,5.0,552
1,period,700160,18817,breakout,breakout,4,3.0,552
1,period,700160,18817,breakout,breakout,5,6.0,552
1,period,700160,18817,breakout,breakout,6,6.0,552
1,period,700160,18817,breakout,breakout,7,5.0,552
1,period,700160,18817,breakout,breakout,8,6.0,552
1,period,700160,18817,breakout,breakout,9,5.0,552
1,period,700160,18817,breakout,breakout,10,2.0,552
1,period,700160,18817,breakout,space_invaders,1,1.0,274
1,period,700160,18817,breakout,space_invaders,2,1.0,274
1,period,700160,18817,breakout,space_invaders,3,2.0,274
1,period,700160,18817,breakout,space_invaders,4,2.0,274
1,period,700160,18817,breakout,space_invaders,5,1.0,274
1,period,700160,18817,breakout,space_invaders,6,2.0,274
1,period,700160,18817,breakout,space_invaders,7,1.0,274
1,period,700160,18817,breakout,space_invaders,8,4.0,274
1,period,700160,18817,breakout,space_invaders,9,6.0,274
1,period,700160,18817,breakout,space_invaders,10,2.0,274
1,period,700160,18817,breakout,freeway,1,0.0,25000
1,period,700160,18817,breakout,freeway,2,0.0,25000
1,period,700160,18817,breakout,freeway,3,0.0,25000
1,period,700160,18817,breakout,freeway,4,1.0,25000
1,period,700160,18817,breakout,freeway,5,0.0,25000
1,period,700160,18817,breakout,freeway,6,0.0,25000
1,period,700160,18817,breakout,freeway,7,0.0,25000
1,period,700160,18817,breakout,freeway,8,0.0,25000
1,period,700160,18817,breakout,freeway,9,0.0,25000
1,period,700160,18817,breakout,freeway,10,1.0,25000
1,period,725248,19268,breakout,breakout,1,5.0,586
1,period,725248,19268,breakout,breakout,2,5.0,586
1,period,725248,19268,breakout,breakout,3,1.0,586
1,period,725248,19268,breakout,breakout,4,5.0,586
1,period,725248,19268,breakout,breakout,5,6.0,586
1,period,725248,19268,breakout,breakout,6,5.0,586
1,period,725248,19268,breakout,breakout,7,6.0,586
1,period,725248,19268,breakout,breakout,8,6.0,586
1,period,725248,19268,breakout,breakout,9,5.0,586
1,period,725248,19268,breakout,breakout,10,5.0,586
1,period,725248,19268,breakout,space_invaders,1,3.0,335
1,period,725248,19268,breakout,space_invaders,2,2.0,335
1,period,725248,19268,breakout,space_invaders,3,3.0,335
1,period,725248,19268,breakout,space_invaders,4,1.0,335
1,period,725248,19268,breakout,space_invaders,5,1.0,335
1,period,725248,19268,breakout,space_invaders,6,2.0,335
1,period,725248,19268,breakout,space_invaders,7,2.0,335
1,period,725248,19268,breakout,space_invaders,8,4.0,335
1,period,725248,19268,breakout,space_invaders,9,5.0,335
1,period,725248,19268,breakout,space_invaders,10,5.0,335
1,period,725248,19268,breakout,freeway,1,0.0,25000
1,period,725248,19268,breakout,freeway,2,0.0,25000
1,period,725248,19268,breakout,freeway,3,0.0,25000
1,period,725248,19268,breakout,freeway,4,0.0,25000
1,period,725248,19268,breakout,freeway,5,0.0,25000
1,period,725248,19268,breakout,freeway,6,0.0,25000
1,period,725248,19268,breakout,freeway,7,1.0,25000
1,period,725248,19268,breakout,freeway,8,0.0,25000
1,period,725248,19268,breakout,freeway,9,0.0,25000
1,period,725248,19268,breakout,freeway,10,0.0,25000
1,period,750080,19706,breakout,breakout,1,1.0,532
1,period,750080,19706,breakout,breakout,2,5.0,532
1,period,750080,19706,breakout,breakout,3,5.0,532
1,period,750080,19706,breakout,breakout,4,5.0,532
1,period,750080,19706,breakout,breakout,5,6.0,532
1,period,750080,19706,breakout,breakout,6,5.0,532
1,period,750080,19706,breakout,breakout,7,6.0,532
1,period,750080,19706,breakout,breakout,8,3.0,532
1,period,750080,19706,breakout,breakout,9,2.0,532
1,period,750080,19706,breakout,breakout,10,6.0,532
1,period,750080,19706,breakout,space_invaders,1,2.0,306
1,period,750080,19706,breakout,space_invaders,2,0.0,306
1,period,750080,19706,breakout,space_invaders,3,4.0,306
1,period,750080,19706,breakout,space_invaders,4,4.0,306
1,period,750080,19706,breakout,space_invaders,5,3.0,306
1,period,750080,19706,breakout,space_invaders,6,2.0,306
1,period,750080,19706,breakout,space_invaders,7,5.0,306
1,period,750080,19706,breakout,space_invaders,8,2.0,306
1,period,750080,19706,breakout,space_invaders,9,5.0,306
1,period,750080,19706,breakout,space_invaders,10,2.0,306
1,period,750080,19706,breakout,freeway,1,0.0,25000
1,period,750080,19706,breakout,freeway,2,0.0,25000
1,period,750080,19706,breakout,freeway,3,0.0,25000
1,period,750080,19706,breakout,freeway,4,0.0,25000
1,period,750080,19706,breakout,freeway,5,0.0,25000
1,period,750080,19706,breakout,freeway,6,0.0,25000
1,period,750080,19706,breakout,freeway,7,0.0,25000
1,period,750080,19706,breakout,freeway,8,0.0,25000
1,period,750080,19706,breakout,freeway,9,0.0,25000
1,period,750080,19706,breakout,freeway,10,0.0,25000
1,period,775168,20158,breakout,breakout,1,6.0,608
1,period,775168,20158,breakout,breakout,2,5.0,608
1,period,775168,20158,breakout,breakout,3,6.0,608
1,period,775168,20158,breakout,breakout,4,5.0,608
1,period,775168,20158,breakout,breakout,5,6.0,608
1,period,775168,20158,breakout,breakout,6,5.0,608
1,period,775168,20158,breakout,breakout,7,5.0,608
1,period,775168,20158,breakout,breakout,8,5.0,608
1,period,775168,20158,breakout,breakout,9,2.0,608
1,period,775168,20158,breakout,breakout,10,6.0,608
1,period,775168,20158,breakout,space_invaders,1,2.0,276
1,period,775168,20158,breakout,space_invaders,2,2.0,276
1,period,775168,20158,breakout,space_invaders,3,7.0,276
1,period,775168,20158,breakout,space_invaders,4,1.0,276
1,period,775168,20158,breakout,space_invaders,5,1.0,276
1,period,775168,20158,breakout,space_invaders,6,3.0,276
1,period,775168,20158,breakout,space_invaders,7,2.0,276
1,period,775168,20158,breakout,space_invaders,8,0.0,276
1,period,775168,20158,breakout,space_invaders,9,3.0,276
1,period,775168,20158,breakout,space_invaders,10,2.0,276
1,period,775168,20158,breakout,freeway,1,0.0,25000
1,period,775168,20158,breakout,freeway,2,0.0,25000
1,period,775168,20158,breakout,freeway,3,1.0,25000
1,period,775168,20158,breakout,freeway,4,0.0,25000
1,period,775168,20158,breakout,freeway,5,0.0,25000
1,period,775168,20158,breakout,freeway,6,0.0,25000
1,period,775168,20158,breakout,freeway,7,0.0,25000
1,period,775168,20158,breakout,freeway,8,0.0,25000
1,period,775168,20158,breakout,freeway,9,0.0,25000
1,period,775168,20158,breakout,freeway,10,0.0,25000
1,period,800000,20605,breakout,breakout,1,6.0,670
1,period,800000,20605,breakout,breakout,2,5.0,670
1,period,800000,20605,breakout,breakout,3,6.0,670
1,period,800000,20605,breakout,breakout,4,6.0,670
1,period,800000,20605,breakout,breakout,5,6.0,670
1,period,800000,20605,breakout,breakout,6,5.0,670
1,period,800000,20605,breakout,breakout,7,6.0,670
1,period,800000,20605,breakout,breakout,8,5.0,670
1,period,800000,20605,breakout,breakout,9,6.0,670
1,period,800000,20605,breakout,breakout,10,6.0,670
1,period,800000,20605,breakout,space_invaders,1,1.0,256
1,period,800000,20605,breakout,space_invaders,2,3.0,256
1,period,800000,20605,breakout,space_invaders,3,0.0,256
1,period,800000,20605,breakout,space_invaders,4,2.0,256
1,period,800000,20605,breakout,space_invaders,5,1.0,256
1,period,800000,20605,breakout,space_invaders,6,2.0,256
1,period,800000,20605,breakout,space_invaders,7,1.0,256
1,period,800000,20605,breakout,space_invaders,8,1.0,256
1,period,800000,20605,breakout,space_invaders,9,5.0,256
1,period,800000,20605,breakout,space_invaders,10,2.0,256
1,period,800000,20605,breakout,freeway,1,0.0,25000
1,period,800000,20605,breakout,freeway,2,0.0,25000
1,period,800000,20605,breakout,freeway,3,0.0,25000
1,period,800000,20605,breakout,freeway,4,1.0,25000
1,period,800000,20605,breakout,freeway,5,1.0,25000
1,period,800000,20605,breakout,freeway,6,0.0,25000
1,period,800000,20605,breakout,freeway,7,0.0,25000
1,period,800000,20605,breakout,freeway,8,0.0,25000
1,period,800000,20605,breakout,freeway,9,0.0,25000
1,period,800000,20605,breakout,freeway,10,0.0,25000
1,period,825088,21046,breakout,breakout,1,5.0,546
1,period,825088,21046,breakout,breakout,2,5.0,546
1,period,825088,21046,breakout,breakout,3,6.0,546
1,period,825088,21046,breakout,breakout,4,6.0,546
1,period,825088,21046,breakout,breakout,5,5.0,546
1,period,825088,21046,breakout,breakout,6,6.0,546
1,period,825088,21046,breakout,breakout,7,5.0,546
1,period,825088,21046,breakout,breakout,8,1.0,546
1,period,825088,21046,breakout,breakout,9,5.0,546
1,period,825088,21046,breakout,breakout,10,1.0,546
1,period,825088,21046,breakout,space_invaders,1,2.0,261
1,period,825088,21046,breakout,space_invaders,2,1.0,261
1,period,825088,21046,breakout,space_invaders,3,0.0,261
1,period,825088,21046,breakout,space_invaders,4,4.0,261
1,period,825088,21046,breakout,space_invaders,5,5.0,261
1,period,825088,21046,breakout,space_invaders,6,1.0,261
1,period,825088,21046,breakout,space_invaders,7,2.0,261
1,period,825088,21046,breakout,space_invaders,8,3.0,261
1,period,825088,21046,breakout,space_invaders,9,0.0,261
1,period,825088,21046,breakout,space_invaders,10,2.0,261
1,period,825088,21046,breakout,freeway,1,0.0,25000
1,period,825088,21046,breakout,freeway,2,0.0,25000
1,period,825088,21046,breakout,freeway,3,0.0,25000
1,period,825088,21046,breakout,freeway,4,0.0,25000
1,period,825088,21046,breakout,freeway,5,0.0,25000
1,period,825088,21046,breakout,freeway,6,0.0,25000
1,period,825088,21046,breakout,freeway,7,0.0,25000
1,period,825088,21046,breakout,freeway,8,0.0,25000
1,period,825088,21046,breakout,freeway,9,0.0,25000
1,period,825088,21046,breakout,freeway,10,0.0,25000
1,period,850176,21514,breakout,breakout,1,6.0,518
1,period,850176,21514,breakout,breakout,2,2.0,518
1,period,850176,21514,breakout,breakout,3,6.0,518
1,period,850176,21514,breakout,breakout,4,3.0,518
1,period,850176,21514,breakout,breakout,5,6.0,518
1,period,850176,21514,breakout,breakout,6,1.0,518
1,period,850176,21514,breakout,breakout,7,6.0,518
1,period,850176,21514,breakout,breakout,8,6.0,518
1,period,850176,21514,breakout,breakout,9,1.0,518
1,period,850176,21514,breakout,breakout,10,6.0,518
1,period,850176,21514,breakout,space_invaders,1,3.0,322
1,period,850176,21514,breakout,space_invaders,2,1.0,322
1,period,850176,21514,breakout,space_invaders,3,2.0,322
1,period,850176,21514,breakout,space_invaders,4,5.0,322
1,period,850176,21514,breakout,space_invaders,5,0.0,322
1,period,850176,21514,breakout,space_invaders,6,2.0,322
1,period,850176,21514,breakout,space_invaders,7,1.0,322
1,period,850176,21514,breakout,space_invaders,8,1.0,322
1,period,850176,21514,breakout,space_invaders,9,3.0,322
1,period,850176,21514,breakout,space_invaders,10,3.0,322
1,period,850176,21514,breakout,freeway,1,0.0,25000
1,period,850176,21514,breakout,freeway,2,0.0,25000
1,period,850176,21514,breakout,freeway,3,0.0,25000
1,period,850176,21514,breakout,freeway,4,0.0,25000
1,period,850176,21514,breakout,freeway,5,0.0,25000
1,period,850176,21514,breakout,freeway,6,0.0,25000
1,period,850176,21514,breakout,freeway,7,0.0,25000
1,period,850176,21514,breakout,freeway,8,1.0,25000
1,period,850176,21514,breakout,freeway,9,0.0,25000
1,period,850176,21514,breakout,freeway,10,0.0,25000
1,period,875008,21954,breakout,breakout,1,5.0,616
1,period,875008,21954,breakout,breakout,2,6.0,616
1,period,875008,21954,breakout,breakout,3,5.0,616
1,period,875008,21954,breakout,breakout,4,6.0,616
1,period,875008,21954,breakout,breakout,5,6.0,616
1,period,875008,21954,breakout,breakout,6,1.0,616
1,period,875008,21954,breakout,breakout,7,6.0,616
1,period,875008,21954,breakout,breakout,8,5.0,616
1,period,875008,21954,breakout,breakout,9,6.0,616
1,period,875008,21954,breakout,breakout,10,6.0,616
1,period,875008,21954,breakout,space_invaders,1,2.0,204
1,period,875008,21954,breakout,space_invaders,2,1.0,204
1,period,875008,21954,breakout,space_invaders,3,1.0,204
1,period,875008,21954,breakout,space_invaders,4,4.0,204
1,period,875008,21954,breakout,space_invaders,5,1.0,204
1,period,875008,21954,breakout,space_invaders,6,1.0,204
1,period,875008,21954,breakout,space_invaders,7,1.0,204
1,period,875008,21954,breakout,space_invaders,8,2.0,204
1,period,875008,21954,breakout,space_invaders,9,2.0,204
1,period,875008,21954,breakout,space_invaders,10,1.0,204
1,period,875008,21954,breakout,freeway,1,0.0,25000
1,period,875008,21954,breakout,freeway,2,0.0,25000
1,period,875008,21954,breakout,freeway,3,0.0,25000
1,period,875008,21954,breakout,freeway,4,0.0,25000
1,period,875008,21954,breakout,freeway,5,0.0,25000
1,period,875008,21954,breakout,freeway,6,0.0,25000
1,period,875008,21954,breakout,freeway,7,0.0,25000
1,period,875008,21954,breakout,freeway,8,0.0,25000
1,period,875008,21954,breakout,freeway,9,0.0,25000
1,period,875008,21954,breakout,freeway,10,0.0,25000
1,period,900096,22390,breakout,breakout,1,4.0,494
1,period,900096,22390,breakout,breakout,2,6.0,494
1,period,900096,22390,breakout,breakout,3,4.0,494
1,period,900096,22390,breakout,breakout,4,2.0,494
1,period,900096,22390,breakout,breakout,5,2.0,494
1,period,900096,22390,breakout,breakout,6,5.0,494
1,period,900096,22390,breakout,breakout,7,6.0,494
1,period,900096,22390,breakout,breakout,8,5.0,494
1,period,900096,22390,breakout,breakout,9,1.0,494
1,period,900096,22390,breakout,breakout,10,6.0,494
1,period,900096,22390,breakout,space_invaders,1,2.0,312
1,period,900096,22390,breakout,space_invaders,2,4.0,312
1,period,900096,22390,breakout,space_invaders,3,0.0,312
1,period,900096,22390,breakout,space_invaders,4,2.0,312
1,period,900096,22390,breakout,space_invaders,5,3.0,312
1,period,900096,22390,breakout,space_invaders,6,1.0,312
1,period,900096,22390,breakout,space_invaders,7,4.0,312
1,period,900096,22390,breakout,space_invaders,8,1.0,312
1,period,900096,22390,breakout,space_invaders,9,3.0,312
1,period,900096,22390,breakout,space_invaders,10,2.0,312
1,period,900096,22390,breakout,freeway,1,0.0,25000
1,period,900096,22390,breakout,freeway,2,1.0,25000
1,period,900096,22390,breakout,freeway,3,0.0,25000
1,period,900096,22390,breakout,freeway,4,0.0,25000
1,period,900096,22390,breakout,freeway,5,0.0,25000
1,period,900096,22390,breakout,freeway,6,0.0,25000
1,period,900096,22390,breakout,freeway,7,0.0,25000
1,period,900096,22390,breakout,freeway,8,0.0,25000
1,period,900096,22390,breakout,freeway,9,0.0,25000
1,period,900096,22390,breakout,freeway,10,0.0,25000
1,period,925184,22839,breakout,breakout,1,6.0,550
1,period,925184,22839,breakout,breakout,2,5.0,550
1,period,925184,22839,breakout,breakout,3,2.0,550
1,period,925184,22839,breakout,breakout,4,6.0,550
1,period,925184,22839,breakout,breakout,5,3.0,550
1,period,925184,22839,breakout,breakout,6,5.0,550
1,period,925184,22839,breakout,breakout,7,6.0,550
1,period,925184,22839,breakout,breakout,8,6.0,550
1,period,925184,22839,breakout,breakout,9,5.0,550
1,period,925184,22839,breakout,breakout,10,2.0,550
1,period,925184,22839,breakout,space_invaders,1,1.0,264
1,period,925184,22839,breakout,space_invaders,2,4.0,264
1,period,925184,22839,breakout,space_invaders,3,3.0,264
1,period,925184,22839,breakout,space_invaders,4,1.0,264
1,period,925184,22839,breakout,space_invaders,5,1.0,264
1,period,925184,22839,breakout,space_invaders,6,0.0,264
1,period,925184,22839,breakout,space_invaders,7,4.0,264
1,period,925184,22839,breakout,space_invaders,8,2.0,264
1,period,925184,22839,breakout,space_invaders,9,1.0,264
1,period,925184,22839,breakout,space_invaders,10,1.0,264
1,period,925184,22839,breakout,freeway,1,0.0,25000
1,period,925184,22839,breakout,freeway,2,0.0,25000
1,period,925184,22839,breakout,freeway,3,0.0,25000
1,period,925184,22839,breakout,freeway,4,0.0,25000
1,period,925184,22839,breakout,freeway,5,0.0,25000
1,period,925184,22839,breakout,freeway,6,0.0,25000
1,period,925184,22839,breakout,freeway,7,0.0,25000
1,period,925184,22839,breakout,freeway,8,0.0,25000
1,period,925184,22839,breakout,freeway,9,0.0,25000
1,period,925184,22839,breakout,freeway,10,0.0,25000
1,period,950016,23298,breakout,breakout,1,5.0,622
1,period,950016,23298,breakout,breakout,2,6.0,622
1,period,950016,23298,breakout,breakout,3,6.0,622
1,period,950016,23298,breakout,breakout,4,5.0,622
1,period,950016,23298,breakout,breakout,5,5.0,622
1,period,950016,23298,breakout,breakout,6,5.0,622
1,period,950016,23298,breakout,breakout,7,5.0,622
1,period,950016,23298,breakout,breakout,8,5.0,622
1,period,950016,23298,breakout,breakout,9,5.0,622
1,period,950016,23298,breakout,breakout,10,5.0,622
1,period,950016,23298,breakout,space_invaders,1,4.0,277
1,period,950016,23298,breakout,space_invaders,2,3.0,277
1,period,950016,23298,breakout,space_invaders,3,0.0,277
1,period,950016,23298,breakout,space_invaders,4,0.0,277
1,period,950016,23298,breakout,space_invaders,5,1.0,277
1,period,950016,23298,breakout,space_invaders,6,2.0,277
1,period,950016,23298,breakout,space_invaders,7,0.0,277
1,period,950016,23298,breakout,space_invaders,8,2.0,277
1,period,950016,23298,breakout,space_invaders,9,2.0,277
1,period,950016,23298,breakout,space_invaders,10,5.0,277
1,period,950016,23298,breakout,freeway,1,0.0,25000
1,period,950016,23298,breakout,freeway,2,0.0,25000
1,period,950016,23298,breakout,freeway,3,0.0,25000
1,period,950016,23298,breakout,freeway,4,1.0,25000
1,period,950016,23298,breakout,freeway,5,0.0,25000
1,period,950016,23298,breakout,freeway,6,0.0,25000
1,period,950016,23298,breakout,freeway,7,0.0,25000
1,period,950016,23298,breakout,freeway,8,0.0,25000
1,period,950016,23298,breakout,freeway,9,0.0,25000
1,period,950016,23298,breakout,freeway,10,1.0,25000
1,period,975104,23751,breakout,breakout,1,6.0,606
1,period,975104,23751,breakout,breakout,2,6.0,606
1,period,975104,23751,breakout,breakout,3,6.0,606
1,period,975104,23751,breakout,breakout,4,6.0,606
1,period,975104,23751,breakout,breakout,5,6.0,606
1,period,975104,23751,breakout,breakout,6,5.0,606
1,period,975104,23751,breakout,breakout,7,2.0,606
1,period,975104,23751,breakout,breakout,8,5.0,606
1,period,975104,23751,breakout,breakout,9,3.0,606
1,period,975104,23751,breakout,breakout,10,6.0,606
1,period,975104,23751,breakout,space_invaders,1,2.0,300
1,period,975104,23751,breakout,space_invaders,2,3.0,300
1,period,975104,23751,breakout,space_invaders,3,1.0,300
1,period,975104,23751,breakout,space_invaders,4,0.0,300
1,period,975104,23751,breakout,space_invaders,5,3.0,300
1,period,975104,23751,breakout,space_invaders,6,2.0,300
1,period,975104,23751,breakout,space_invaders,7,2.0,300
1,period,975104,23751,breakout,space_invaders,8,1.0,300
1,period,975104,23751,breakout,space_invaders,9,3.0,300
1,period,975104,23751,breakout,space_invaders,10,4.0,300
1,period,975104,23751,breakout,freeway,1,0.0,25000
1,period,975104,23751,breakout,freeway,2,0.0,25000
1,period,975104,23751,breakout,freeway,3,0.0,25000
1,period,975104,23751,breakout,freeway,4,0.0,25000
1,period,975104,23751,breakout,freeway,5,0.0,25000
1,period,975104,23751,breakout,freeway,6,0.0,25000
1,period,975104,23751,breakout,freeway,7,0.0,25000
1,period,975104,23751,breakout,freeway,8,0.0,25000
1,period,975104,23751,breakout,freeway,9,0.0,25000
1,period,975104,23751,breakout,freeway,10,0.0,25000
2,boundary,1499904,33229,breakout,breakout,1,6.0,628
2,boundary,1499904,33229,breakout,breakout,2,5.0,628
2,boundary,1499904,33229,breakout,breakout,3,5.0,628
2,boundary,1499904,33229,breakout,breakout,4,5.0,628
2,boundary,1499904,33229,breakout,breakout,5,5.0,628
2,boundary,1499904,33229,breakout,breakout,6,4.0,628
2,boundary,1499904,33229,breakout,breakout,7,6.0,628
2,boundary,1499904,33229,breakout,breakout,8,5.0,628
2,boundary,1499904,33229,breakout,breakout,9,6.0,628
2,boundary,1499904,33229,breakout,breakout,10,6.0,628
2,boundary,1499904,33229,breakout,space_invaders,1,3.0,323
2,boundary,1499904,33229,breakout,space_invaders,2,1.0,323
2,boundary,1499904,33229,breakout,space_invaders,3,3.0,323
2,boundary,1499904,33229,breakout,space_invaders,4,2.0,323
2,boundary,1499904,33229,breakout,space_invaders,5,1.0,323
2,boundary,1499904,33229,breakout,space_invaders,6,2.0,323
2,boundary,1499904,33229,breakout,space_invaders,7,3.0,323
2,boundary,1499904,33229,breakout,space_invaders,8,2.0,323
2,boundary,1499904,33229,breakout,space_invaders,9,1.0,323
2,boundary,1499904,33229,breakout,space_invaders,10,3.0,323
2,boundary,1499904,33229,breakout,freeway,1,0.0,25000
2,boundary,1499904,33229,breakout,freeway,2,0.0,25000
2,boundary,1499904,33229,breakout,freeway,3,0.0,25000
2,boundary,1499904,33229,breakout,freeway,4,0.0,25000
2,boundary,1499904,33229,breakout,freeway,5,0.0,25000
2,boundary,1499904,33229,breakout,freeway,6,0.0,25000
2,boundary,1499904,33229,breakout,freeway,7,0.0,25000
2,boundary,1499904,33229,breakout,freeway,8,0.0,25000
2,boundary,1499904,33229,breakout,freeway,9,0.0,25000
2,boundary,1499904,33229,breakout,freeway,10,0.0,25000
2,period,1000192,24211,breakout,breakout,1,5.0,584
2,period,1000192,24211,breakout,breakout,2,6.0,584
2,period,1000192,24211,breakout,breakout,3,5.0,584
2,period,1000192,24211,breakout,breakout,4,6.0,584
2,period,1000192,24211,breakout,breakout,5,3.0,584
2,period,1000192,24211,breakout,breakout,6,6.0,584
2,period,1000192,24211,breakout,breakout,7,5.0,584
2,period,1000192,24211,breakout,breakout,8,3.0,584
2,period,1000192,24211,breakout,breakout,9,4.0,584
2,period,1000192,24211,breakout,breakout,10,6.0,584
2,period,1000192,24211,breakout,space_invaders,1,3.0,321
2,period,1000192,24211,breakout,space_invaders,2,1.0,321
2,period,1000192,24211,breakout,space_invaders,3,1.0,321
2,period,1000192,24211,breakout,space_invaders,4,3.0,321
2,period,1000192,24211,breakout,space_invaders,5,5.0,321
2,period,1000192,24211,breakout,space_invaders,6,2.0,321
2,period,1000192,24211,breakout,space_invaders,7,2.0,321
2,period,1000192,24211,breakout,space_invaders,8,1.0,321
2,period,1000192,24211,breakout,space_invaders,9,4.0,321
2,period,1000192,24211,breakout,space_invaders,10,1.0,321
2,period,1000192,24211,breakout,freeway,1,0.0,25000
2,period,1000192,24211,breakout,freeway,2,0.0,25000
2,period,1000192,24211,breakout,freeway,3,1.0,25000
2,period,1000192,24211,breakout,freeway,4,0.0,25000
2,period,1000192,24211,breakout,freeway,5,0.0,25000
2,period,1000192,24211,breakout,freeway,6,0.0,25000
2,period,1000192,24211,breakout,freeway,7,0.0,25000
2,period,1000192,24211,breakout,freeway,8,0.0,25000
2,period,1000192,24211,breakout,freeway,9,0.0,25000
2,period,1000192,24211,breakout,freeway,10,0.0,25000
2,period,1025024,24656,breakout,breakout,1,3.0,586
2,period,1025024,24656,breakout,breakout,2,5.0,586
2,period,1025024,24656,breakout,breakout,3,6.0,586
2,period,1025024,24656,breakout,breakout,4,4.0,586
2,period,1025024,24656,breakout,breakout,5,5.0,586
2,period,1025024,24656,breakout,breakout,6,5.0,586
2,period,1025024,24656,breakout,breakout,7,5.0,586
2,period,1025024,24656,breakout,breakout,8,6.0,586
2,period,1025024,24656,breakout,breakout,9,5.0,586
2,period,1025024,24656,breakout,breakout,10,5.0,586
2,period,1025024,24656,breakout,space_invaders,1,3.0,295
2,period,1025024,24656,breakout,space_invaders,2,1.0,295
2,period,1025024,24656,breakout,space_invaders,3,2.0,295
2,period,1025024,24656,breakout,space_invaders,4,2.0,295
2,period,1025024,24656,breakout,space_invaders,5,3.0,295
2,period,1025024,24656,breakout,space_invaders,6,1.0,295
2,period,1025024,24656,breakout,space_invaders,7,4.0,295
2,period,1025024,24656,breakout,space_invaders,8,5.0,295
2,period,1025024,24656,breakout,space_invaders,9,1.0,295
2,period,1025024,24656,breakout,space_invaders,10,1.0,295
2,period,1025024,24656,breakout,freeway,1,0.0,25000
2,period,1025024,24656,breakout,freeway,2,0.0,25000
2,period,1025024,24656,breakout,freeway,3,0.0,25000
2,period,1025024,24656,breakout,freeway,4,0.0,25000
2,period,1025024,24656,breakout,freeway,5,0.0,25000
2,period,1025024,24656,breakout,freeway,6,0.0,25000
2,period,1025024,24656,breakout,freeway,7,0.0,25000
2,period,1025024,24656,breakout,freeway,8,0.0,25000
2,period,1025024,24656,breakout,freeway,9,0.0,25000
2,period,1025024,24656,breakout,freeway,10,0.0,25000
2,period,1050112,25095,breakout,breakout,1,1.0,508
2,period,1050112,25095,breakout,breakout,2,6.0,508
2,period,1050112,25095,breakout,breakout,3,6.0,508
2,period,1050112,25095,breakout,breakout,4,5.0,508
2,period,1050112,25095,breakout,breakout,5,6.0,508
2,period,1050112,25095,breakout,breakout,6,6.0,508
2,period,1050112,25095,breakout,breakout,7,2.0,508
2,period,1050112,25095,breakout,breakout,8,2.0,508
2,period,1050112,25095,breakout,breakout,9,5.0,508
2,period,1050112,25095,breakout,breakout,10,3.0,508
2,period,1050112,25095,breakout,space_invaders,1,1.0,245
2,period,1050112,25095,breakout,space_invaders,2,3.0,245
2,period,1050112,25095,breakout,space_invaders,3,1.0,245
2,period,1050112,25095,breakout,space_invaders,4,2.0,245
2,period,1050112,25095,breakout,space_invaders,5,2.0,245
2,period,1050112,25095,breakout,space_invaders,6,1.0,245
2,period,1050112,25095,breakout,space_invaders,7,1.0,245
2,period,1050112,25095,breakout,space_invaders,8,1.0,245
2,period,1050112,25095,breakout,space_invaders,9,2.0,245
2,period,1050112,25095,breakout,space_invaders,10,1.0,245
2,period,1050112,25095,breakout,freeway,1,0.0,25000
2,period,1050112,25095,breakout,freeway,2,0.0,25000
2,period,1050112,25095,breakout,freeway,3,1.0,25000
2,period,1050112,25095,breakout,freeway,4,0.0,25000
2,period,1050112,25095,breakout,freeway,5,0.0,25000
2,period,1050112,25095,breakout,freeway,6,0.0,25000
2,period,1050112,25095,breakout,freeway,7,0.0,25000
2,period,1050112,25095,breakout,freeway,8,0.0,25000
2,period,1050112,25095,breakout,freeway,9,0.0,25000
2,period,1050112,25095,breakout,freeway,10,0.0,25000
2,period,1075200,25536,breakout,breakout,1,5.0,638
2,period,1075200,25536,breakout,breakout,2,5.0,638
2,period,1075200,25536,breakout,breakout,3,6.0,638
2,period,1075200,25536,breakout,breakout,4,6.0,638
2,period,1075200,25536,breakout,breakout,5,6.0,638
2,period,1075200,25536,breakout,breakout,6,5.0,638
2,period,1075200,25536,breakout,breakout,7,6.0,638
2,period,1075200,25536,breakout,breakout,8,4.0,638
2,period,1075200,25536,breakout,breakout,9,5.0,638
2,period,1075200,25536,breakout,breakout,10,6.0,638
2,period,1075200,25536,breakout,space_invaders,1,0.0,247
2,period,1075200,25536,breakout,space_invaders,2,2.0,247
2,period,1075200,25536,breakout,space_invaders,3,3.0,247
2,period,1075200,25536,breakout,space_invaders,4,5.0,247
2,period,1075200,25536,breakout,space_invaders,5,0.0,247
2,period,1075200,25536,breakout,space_invaders,6,2.0,247
2,period,1075200,25536,breakout,space_invaders,7,1.0,247
2,period,1075200,25536,breakout,space_invaders,8,2.0,247
2,period,1075200,25536,breakout,space_invaders,9,1.0,247
2,period,1075200,25536,breakout,space_invaders,10,2.0,247
2,period,1075200,25536,breakout,freeway,1,0.0,25000
2,period,1075200,25536,breakout,freeway,2,0.0,25000
2,period,1075200,25536,breakout,freeway,3,1.0,25000
2,period,1075200,25536,breakout,freeway,4,0.0,25000
2,period,1075200,25536,breakout,freeway,5,1.0,25000
2,period,1075200,25536,breakout,freeway,6,1.0,25000
2,period,1075200,25536,breakout,freeway,7,0.0,25000
2,period,1075200,25536,breakout,freeway,8,0.0,25000
2,period,1075200,25536,breakout,freeway,9,0.0,25000
2,period,1075200,25536,breakout,freeway,10,1.0,25000
2,period,1100032,25980,breakout,breakout,1,5.0,544
2,period,1100032,25980,breakout,breakout,2,5.0,544
2,period,1100032,25980,breakout,breakout,3,6.0,544
2,period,1100032,25980,breakout,breakout,4,6.0,544
2,period,1100032,25980,breakout,breakout,5,5.0,544
2,period,1100032,25980,breakout,breakout,6,5.0,544
2,period,1100032,25980,breakout,breakout,7,3.0,544
2,period,1100032,25980,breakout,breakout,8,4.0,544
2,period,1100032,25980,breakout,breakout,9,1.0,544
2,period,1100032,25980,breakout,breakout,10,5.0,544
2,period,1100032,25980,breakout,space_invaders,1,0.0,242
2,period,1100032,25980,breakout,space_invaders,2,1.0,242
2,period,1100032,25980,breakout,space_invaders,3,0.0,242
2,period,1100032,25980,breakout,space_invaders,4,2.0,242
2,period,1100032,25980,breakout,space_invaders,5,0.0,242
2,period,1100032,25980,breakout,space_invaders,6,4.0,242
2,period,1100032,25980,breakout,space_invaders,7,1.0,242
2,period,1100032,25980,breakout,space_invaders,8,2.0,242
2,period,1100032,25980,breakout,space_invaders,9,3.0,242
2,period,1100032,25980,breakout,space_invaders,10,2.0,242
2,period,1100032,25980,breakout,freeway,1,0.0,25000
2,period,1100032,25980,breakout,freeway,2,0.0,25000
2,period,1100032,25980,breakout,freeway,3,0.0,25000
2,period,1100032,25980,breakout,freeway,4,0.0,25000
2,period,1100032,25980,breakout,freeway,5,0.0,25000
2,period,1100032,25980,breakout,freeway,6,0.0,25000
2,period,1100032,25980,breakout,freeway,7,0.0,25000
2,period,1100032,25980,breakout,freeway,8,0.0,25000
2,period,1100032,25980,breakout,freeway,9,0.0,25000
2,period,1100032,25980,breakout,freeway,10,1.0,25000
2,period,1125120,26439,breakout,breakout,1,6.0,456
2,period,1125120,26439,breakout,breakout,2,2.0,456
2,period,1125120,26439,breakout,breakout,3,2.0,456
2,period,1125120,26439,breakout,breakout,4,2.0,456
2,period,1125120,26439,breakout,breakout,5,5.0,456
2,period,1125120,26439,breakout,breakout,6,1.0,456
2,period,1125120,26439,breakout,breakout,7,6.0,456
2,period,1125120,26439,breakout,breakout,8,2.0,456
2,period,1125120,26439,breakout,breakout,9,5.0,456
2,period,1125120,26439,breakout,breakout,10,6.0,456
2,period,1125120,26439,breakout,space_invaders,1,1.0,274
2,period,1125120,26439,breakout,space_invaders,2,1.0,274
2,period,1125120,26439,breakout,space_invaders,3,0.0,274
2,period,1125120,26439,breakout,space_invaders,4,2.0,274
2,period,1125120,26439,breakout,space_invaders,5,3.0,274
2,period,1125120,26439,breakout,space_invaders,6,4.0,274
2,period,1125120,26439,breakout,space_invaders,7,2.0,274
2,period,1125120,26439,breakout,space_invaders,8,1.0,274
2,period,1125120,26439,breakout,space_invaders,9,1.0,274
2,period,1125120,26439,breakout,space_invaders,10,2.0,274
2,period,1125120,26439,breakout,freeway,1,0.0,25000
2,period,1125120,26439,breakout,freeway,2,0.0,25000
2,period,1125120,26439,breakout,freeway,3,0.0,25000
2,period,1125120,26439,breakout,freeway,4,2.0,25000
2,period,1125120,26439,breakout,freeway,5,0.0,25000
2,period,1125120,26439,breakout,freeway,6,0.0,25000
2,period,1125120,26439,breakout,freeway,7,0.0,25000
2,period,1125120,26439,breakout,freeway,8,0.0,25000
2,period,1125120,26439,breakout,freeway,9,1.0,25000
2,period,1125120,26439,breakout,freeway,10,0.0,25000
2,period,1150208,26885,breakout,breakout,1,6.0,608
2,period,1150208,26885,breakout,breakout,2,5.0,608
2,period,1150208,26885,breakout,breakout,3,5.0,608
2,period,1150208,26885,breakout,breakout,4,5.0,608
2,period,1150208,26885,breakout,breakout,5,3.0,608
2,period,1150208,26885,breakout,breakout,6,5.0,608
2,period,1150208,26885,breakout,breakout,7,5.0,608
2,period,1150208,26885,breakout,breakout,8,6.0,608
2,period,1150208,26885,breakout,breakout,9,5.0,608
2,period,1150208,26885,breakout,breakout,10,6.0,608
2,period,1150208,26885,breakout,space_invaders,1,2.0,292
2,period,1150208,26885,breakout,space_invaders,2,6.0,292
2,period,1150208,26885,breakout,space_invaders,3,1.0,292
2,period,1150208,26885,breakout,space_invaders,4,2.0,292
2,period,1150208,26885,breakout,space_invaders,5,2.0,292
2,period,1150208,26885,breakout,space_invaders,6,4.0,292
2,period,1150208,26885,breakout,space_invaders,7,3.0,292
2,period,1150208,26885,breakout,space_invaders,8,2.0,292
2,period,1150208,26885,breakout,space_invaders,9,2.0,292
2,period,1150208,26885,breakout,space_invaders,10,0.0,292
2,period,1150208,26885,breakout,freeway,1,0.0,25000
2,period,1150208,26885,breakout,freeway,2,0.0,25000
2,period,1150208,26885,breakout,freeway,3,0.0,25000
2,period,1150208,26885,breakout,freeway,4,0.0,25000
2,period,1150208,26885,breakout,freeway,5,0.0,25000
2,period,1150208,26885,breakout,freeway,6,0.0,25000
2,period,1150208,26885,breakout,freeway,7,0.0,25000
2,period,1150208,26885,breakout,freeway,8,0.0,25000
2,period,1150208,26885,breakout,freeway,9,0.0,25000
2,period,1150208,26885,breakout,freeway,10,0.0,25000
2,period,1175040,27322,breakout,breakout,1,6.0,598
2,period,1175040,27322,breakout,breakout,2,5.0,598
2,period,1175040,27322,breakout,breakout,3,5.0,598
2,period,1175040,27322,breakout,breakout,4,6.0,598
2,period,1175040,27322,breakout,breakout,5,5.0,598
2,period,1175040,27322,breakout,breakout,6,5.0,598
2,period,1175040,27322,breakout,breakout,7,6.0,598
2,period,1175040,27322,breakout,breakout,8,0.0,598
2,period,1175040,27322,breakout,breakout,9,6.0,598
2,period,1175040,27322,breakout,breakout,10,6.0,598
2,period,1175040,27322,breakout,space_invaders,1,5.0,311
2,period,1175040,27322,breakout,space_invaders,2,1.0,311
2,period,1175040,27322,breakout,space_invaders,3,2.0,311
2,period,1175040,27322,breakout,space_invaders,4,1.0,311
2,period,1175040,27322,breakout,space_invaders,5,1.0,311
2,period,1175040,27322,breakout,space_invaders,6,3.0,311
2,period,1175040,27322,breakout,space_invaders,7,2.0,311
2,period,1175040,27322,breakout,space_invaders,8,2.0,311
2,period,1175040,27322,breakout,space_invaders,9,4.0,311
2,period,1175040,27322,breakout,space_invaders,10,4.0,311
2,period,1175040,27322,breakout,freeway,1,0.0,25000
2,period,1175040,27322,breakout,freeway,2,0.0,25000
2,period,1175040,27322,breakout,freeway,3,0.0,25000
2,period,1175040,27322,breakout,freeway,4,0.0,25000
2,period,1175040,27322,breakout,freeway,5,0.0,25000
2,period,1175040,27322,breakout,freeway,6,0.0,25000
2,period,1175040,27322,breakout,freeway,7,0.0,25000
2,period,1175040,27322,breakout,freeway,8,0.0,25000
2,period,1175040,27322,breakout,freeway,9,0.0,25000
2,period,1175040,27322,breakout,freeway,10,0.0,25000
2,period,1200128,27776,breakout,breakout,1,2.0,500
2,period,1200128,27776,breakout,breakout,2,6.0,500
2,period,1200128,27776,breakout,breakout,3,3.0,500
2,period,1200128,27776,breakout,breakout,4,5.0,500
2,period,1200128,27776,breakout,breakout,5,5.0,500
2,period,1200128,27776,breakout,breakout,6,2.0,500
2,period,1200128,27776,breakout,breakout,7,3.0,500
2,period,1200128,27776,breakout,breakout,8,5.0,500
2,period,1200128,27776,breakout,breakout,9,5.0,500
2,period,1200128,27776,breakout,breakout,10,5.0,500
2,period,1200128,27776,breakout,space_invaders,1,2.0,232
2,period,1200128,27776,breakout,space_invaders,2,2.0,232
2,period,1200128,27776,breakout,space_invaders,3,1.0,232
2,period,1200128,27776,breakout,space_invaders,4,3.0,232
2,period,1200128,27776,breakout,space_invaders,5,2.0,232
2,period,1200128,27776,breakout,space_invaders,6,2.0,232
2,period,1200128,27776,breakout,space_invaders,7,1.0,232
2,period,1200128,27776,breakout,space_invaders,8,1.0,232
2,period,1200128,27776,breakout,space_invaders,9,0.0,232
2,period,1200128,27776,breakout,space_invaders,10,2.0,232
2,period,1200128,27776,breakout,freeway,1,0.0,25000
2,period,1200128,27776,breakout,freeway,2,0.0,25000
2,period,1200128,27776,breakout,freeway,3,0.0,25000
2,period,1200128,27776,breakout,freeway,4,0.0,25000
2,period,1200128,27776,breakout,freeway,5,0.0,25000
2,period,1200128,27776,breakout,freeway,6,1.0,25000
2,period,1200128,27776,breakout,freeway,7,0.0,25000
2,period,1200128,27776,breakout,freeway,8,0.0,25000
2,period,1200128,27776,breakout,freeway,9,1.0,25000
2,period,1200128,27776,breakout,freeway,10,0.0,25000
2,period,1225216,28228,breakout,breakout,1,6.0,530
2,period,1225216,28228,breakout,breakout,2,6.0,530
2,period,1225216,28228,breakout,breakout,3,5.0,530
2,period,1225216,28228,breakout,breakout,4,4.0,530
2,period,1225216,28228,breakout,breakout,5,3.0,530
2,period,1225216,28228,breakout,breakout,6,3.0,530
2,period,1225216,28228,breakout,breakout,7,6.0,530
2,period,1225216,28228,breakout,breakout,8,3.0,530
2,period,1225216,28228,breakout,breakout,9,3.0,530
2,period,1225216,28228,breakout,breakout,10,5.0,530
2,period,1225216,28228,breakout,space_invaders,1,1.0,275
2,period,1225216,28228,breakout,space_invaders,2,3.0,275
2,period,1225216,28228,breakout,space_invaders,3,2.0,275
2,period,1225216,28228,breakout,space_invaders,4,1.0,275
2,period,1225216,28228,breakout,space_invaders,5,4.0,275
2,period,1225216,28228,breakout,space_invaders,6,4.0,275
2,period,1225216,28228,breakout,space_invaders,7,3.0,275
2,period,1225216,28228,breakout,space_invaders,8,2.0,275
2,period,1225216,28228,breakout,space_invaders,9,1.0,275
2,period,1225216,28228,breakout,space_invaders,10,3.0,275
2,period,1225216,28228,breakout,freeway,1,0.0,25000
2,period,1225216,28228,breakout,freeway,2,0.0,25000
2,period,1225216,28228,breakout,freeway,3,0.0,25000
2,period,1225216,28228,breakout,freeway,4,0.0,25000
2,period,1225216,28228,breakout,freeway,5,1.0,25000
2,period,1225216,28228,breakout,freeway,6,0.0,25000
2,period,1225216,28228,breakout,freeway,7,0.0,25000
2,period,1225216,28228,breakout,freeway,8,0.0,25000
2,period,1225216,28228,breakout,freeway,9,0.0,25000
2,period,1225216,28228,breakout,freeway,10,0.0,25000
2,period,1250048,28675,breakout,breakout,1,5.0,454
2,period,1250048,28675,breakout,breakout,2,2.0,454
2,period,1250048,28675,breakout,breakout,3,4.0,454
2,period,1250048,28675,breakout,breakout,4,5.0,454
2,period,1250048,28675,breakout,breakout,5,2.0,454
2,period,1250048,28675,breakout,breakout,6,5.0,454
2,period,1250048,28675,breakout,breakout,7,5.0,454
2,period,1250048,28675,breakout,breakout,8,3.0,454
2,period,1250048,28675,breakout,breakout,9,5.0,454
2,period,1250048,28675,breakout,breakout,10,1.0,454
2,period,1250048,28675,breakout,space_invaders,1,2.0,232
2,period,1250048,28675,breakout,space_invaders,2,1.0,232
2,period,1250048,28675,breakout,space_invaders,3,3.0,232
2,period,1250048,28675,breakout,space_invaders,4,1.0,232
2,period,1250048,28675,breakout,space_invaders,5,1.0,232
2,period,1250048,28675,breakout,space_invaders,6,1.0,232
2,period,1250048,28675,breakout,space_invaders,7,2.0,232
2,period,1250048,28675,breakout,space_invaders,8,1.0,232
2,period,1250048,28675,breakout,space_invaders,9,3.0,232
2,period,1250048,28675,breakout,space_invaders,10,0.0,232
2,period,1250048,28675,breakout,freeway,1,0.0,25000
2,period,1250048,28675,breakout,freeway,2,0.0,25000
2,period,1250048,28675,breakout,freeway,3,1.0,25000
2,period,1250048,28675,breakout,freeway,4,0.0,25000
2,period,1250048,28675,breakout,freeway,5,0.0,25000
2,period,1250048,28675,breakout,freeway,6,0.0,25000
2,period,1250048,28675,breakout,freeway,7,0.0,25000
2,period,1250048,28675,breakout,freeway,8,0.0,25000
2,period,1250048,28675,breakout,freeway,9,0.0,25000
2,period,1250048,28675,breakout,freeway,10,0.0,25000
2,period,1275136,29132,breakout,breakout,1,6.0,586
2,period,1275136,29132,breakout,breakout,2,5.0,586
2,period,1275136,29132,breakout,breakout,3,4.0,586
2,period,1275136,29132,breakout,breakout,4,3.0,586
2,period,1275136,29132,breakout,breakout,5,5.0,586
2,period,1275136,29132,breakout,breakout,6,6.0,586
2,period,1275136,29132,breakout,breakout,7,5.0,586
2,period,1275136,29132,breakout,breakout,8,5.0,586
2,period,1275136,29132,breakout,breakout,9,5.0,586
2,period,1275136,29132,breakout,breakout,10,5.0,586
2,period,1275136,29132,breakout,space_invaders,1,4.0,235
2,period,1275136,29132,breakout,space_invaders,2,1.0,235
2,period,1275136,29132,breakout,space_invaders,3,2.0,235
2,period,1275136,29132,breakout,space_invaders,4,1.0,235
2,period,1275136,29132,breakout,space_invaders,5,2.0,235
2,period,1275136,29132,breakout,space_invaders,6,1.0,235
2,period,1275136,29132,breakout,space_invaders,7,1.0,235
2,period,1275136,29132,breakout,space_invaders,8,4.0,235
2,period,1275136,29132,breakout,space_invaders,9,2.0,235
2,period,1275136,29132,breakout,space_invaders,10,1.0,235
2,period,1275136,29132,breakout,freeway,1,0.0,25000
2,period,1275136,29132,breakout,freeway,2,1.0,25000
2,period,1275136,29132,breakout,freeway,3,0.0,25000
2,period,1275136,29132,breakout,freeway,4,0.0,25000
2,period,1275136,29132,breakout,freeway,5,0.0,25000
2,period,1275136,29132,breakout,freeway,6,0.0,25000
2,period,1275136,29132,breakout,freeway,7,0.0,25000
2,period,1275136,29132,breakout,freeway,8,1.0,25000
2,period,1275136,29132,breakout,freeway,9,1.0,25000
2,period,1275136,29132,breakout,freeway,10,0.0,25000
2,period,1300224,29578,breakout,breakout,1,1.0,574
2,period,1300224,29578,breakout,breakout,2,6.0,574
2,period,1300224,29578,breakout,breakout,3,5.0,574
2,period,1300224,29578,breakout,breakout,4,6.0,574
2,period,1300224,29578,breakout,breakout,5,5.0,574
2,period,1300224,29578,breakout,breakout,6,5.0,574
2,period,1300224,29578,breakout,breakout,7,6.0,574
2,period,1300224,29578,breakout,breakout,8,6.0,574
2,period,1300224,29578,breakout,breakout,9,5.0,574
2,period,1300224,29578,breakout,breakout,10,3.0,574
2,period,1300224,29578,breakout,space_invaders,1,3.0,256
2,period,1300224,29578,breakout,space_invaders,2,1.0,256
2,period,1300224,29578,breakout,space_invaders,3,3.0,256
2,period,1300224,29578,breakout,space_invaders,4,1.0,256
2,period,1300224,29578,breakout,space_invaders,5,0.0,256
2,period,1300224,29578,breakout,space_invaders,6,4.0,256
2,period,1300224,29578,breakout,space_invaders,7,3.0,256
2,period,1300224,29578,breakout,space_invaders,8,0.0,256
2,period,1300224,29578,breakout,space_invaders,9,1.0,256
2,period,1300224,29578,breakout,space_invaders,10,1.0,256
2,period,1300224,29578,breakout,freeway,1,0.0,25000
2,period,1300224,29578,breakout,freeway,2,1.0,25000
2,period,1300224,29578,breakout,freeway,3,2.0,25000
2,period,1300224,29578,breakout,freeway,4,1.0,25000
2,period,1300224,29578,breakout,freeway,5,1.0,25000
2,period,1300224,29578,breakout,freeway,6,1.0,25000
2,period,1300224,29578,breakout,freeway,7,0.0,25000
2,period,1300224,29578,breakout,freeway,8,0.0,25000
2,period,1300224,29578,breakout,freeway,9,0.0,25000
2,period,1300224,29578,breakout,freeway,10,0.0,25000
2,period,1325056,30030,breakout,breakout,1,2.0,564
2,period,1325056,30030,breakout,breakout,2,5.0,564
2,period,1325056,30030,breakout,breakout,3,5.0,564
2,period,1325056,30030,breakout,breakout,4,6.0,564
2,period,1325056,30030,breakout,breakout,5,6.0,564
2,period,1325056,30030,breakout,breakout,6,2.0,564
2,period,1325056,30030,breakout,breakout,7,5.0,564
2,period,1325056,30030,breakout,breakout,8,5.0,564
2,period,1325056,30030,breakout,breakout,9,6.0,564
2,period,1325056,30030,breakout,breakout,10,5.0,564
2,period,1325056,30030,breakout,space_invaders,1,2.0,225
2,period,1325056,30030,breakout,space_invaders,2,1.0,225
2,period,1325056,30030,breakout,space_invaders,3,2.0,225
2,period,1325056,30030,breakout,space_invaders,4,3.0,225
2,period,1325056,30030,breakout,space_invaders,5,2.0,225
2,period,1325056,30030,breakout,space_invaders,6,0.0,225
2,period,1325056,30030,breakout,space_invaders,7,1.0,225
2,period,1325056,30030,breakout,space_invaders,8,0.0,225
2,period,1325056,30030,breakout,space_invaders,9,1.0,225
2,period,1325056,30030,breakout,space_invaders,10,2.0,225
2,period,1325056,30030,breakout,freeway,1,0.0,25000
2,period,1325056,30030,breakout,freeway,2,0.0,25000
2,period,1325056,30030,breakout,freeway,3,0.0,25000
2,period,1325056,30030,breakout,freeway,4,0.0,25000
2,period,1325056,30030,breakout,freeway,5,0.0,25000
2,period,1325056,30030,breakout,freeway,6,0.0,25000
2,period,1325056,30030,breakout,freeway,7,0.0,25000
2,period,1325056,30030,breakout,freeway,8,0.0,25000
2,period,1325056,30030,breakout,freeway,9,0.0,25000
2,period,1325056,30030,breakout,freeway,10,0.0,25000
2,period,1350144,30490,breakout,breakout,1,5.0,586
2,period,1350144,30490,breakout,breakout,2,6.0,586
2,period,1350144,30490,breakout,breakout,3,6.0,586
2,period,1350144,30490,breakout,breakout,4,1.0,586
2,period,1350144,30490,breakout,breakout,5,5.0,586
2,period,1350144,30490,breakout,breakout,6,6.0,586
2,period,1350144,30490,breakout,breakout,7,6.0,586
2,period,1350144,30490,breakout,breakout,8,5.0,586
2,period,1350144,30490,breakout,breakout,9,3.0,586
2,period,1350144,30490,breakout,breakout,10,6.0,586
2,period,1350144,30490,breakout,space_invaders,1,3.0,253
2,period,1350144,30490,breakout,space_invaders,2,0.0,253
2,period,1350144,30490,breakout,space_invaders,3,3.0,253
2,period,1350144,30490,breakout,space_invaders,4,1.0,253
2,period,1350144,30490,breakout,space_invaders,5,1.0,253
2,period,1350144,30490,breakout,space_invaders,6,1.0,253
2,period,1350144,30490,breakout,space_invaders,7,2.0,253
2,period,1350144,30490,breakout,space_invaders,8,1.0,253
2,period,1350144,30490,breakout,space_invaders,9,1.0,253
2,period,1350144,30490,breakout,space_invaders,10,3.0,253
2,period,1350144,30490,breakout,freeway,1,0.0,25000
2,period,1350144,30490,breakout,freeway,2,0.0,25000
2,period,1350144,30490,breakout,freeway,3,0.0,25000
2,period,1350144,30490,breakout,freeway,4,0.0,25000
2,period,1350144,30490,breakout,freeway,5,0.0,25000
2,period,1350144,30490,breakout,freeway,6,0.0,25000
2,period,1350144,30490,breakout,freeway,7,2.0,25000
2,period,1350144,30490,breakout,freeway,8,0.0,25000
2,period,1350144,30490,breakout,freeway,9,0.0,25000
2,period,1350144,30490,breakout,freeway,10,0.0,25000
2,period,1375232,30963,breakout,breakout,1,5.0,488
2,period,1375232,30963,breakout,breakout,2,3.0,488
2,period,1375232,30963,breakout,breakout,3,5.0,488
2,period,1375232,30963,breakout,breakout,4,3.0,488
2,period,1375232,30963,breakout,breakout,5,4.0,488
2,period,1375232,30963,breakout,breakout,6,5.0,488
2,period,1375232,30963,breakout,breakout,7,5.0,488
2,period,1375232,30963,breakout,breakout,8,1.0,488
2,period,1375232,30963,breakout,breakout,9,6.0,488
2,period,1375232,30963,breakout,breakout,10,3.0,488
2,period,1375232,30963,breakout,space_invaders,1,1.0,215
2,period,1375232,30963,breakout,space_invaders,2,2.0,215
2,period,1375232,30963,breakout,space_invaders,3,0.0,215
2,period,1375232,30963,breakout,space_invaders,4,0.0,215
2,period,1375232,30963,breakout,space_invaders,5,4.0,215
2,period,1375232,30963,breakout,space_invaders,6,2.0,215
2,period,1375232,30963,breakout,space_invaders,7,1.0,215
2,period,1375232,30963,breakout,space_invaders,8,2.0,215
2,period,1375232,30963,breakout,space_invaders,9,1.0,215
2,period,1375232,30963,breakout,space_invaders,10,2.0,215
2,period,1375232,30963,breakout,freeway,1,0.0,25000
2,period,1375232,30963,breakout,freeway,2,1.0,25000
2,period,1375232,30963,breakout,freeway,3,0.0,25000
2,period,1375232,30963,breakout,freeway,4,0.0,25000
2,period,1375232,30963,breakout,freeway,5,0.0,25000
2,period,1375232,30963,breakout,freeway,6,1.0,25000
2,period,1375232,30963,breakout,freeway,7,0.0,25000
2,period,1375232,30963,breakout,freeway,8,0.0,25000
2,period,1375232,30963,breakout,freeway,9,0.0,25000
2,period,1375232,30963,breakout,freeway,10,0.0,25000
2,period,1400064,31424,breakout,breakout,1,1.0,556
2,period,1400064,31424,breakout,breakout,2,5.0,556
2,period,1400064,31424,breakout,breakout,3,5.0,556
2,period,1400064,31424,breakout,breakout,4,6.0,556
2,period,1400064,31424,breakout,breakout,5,6.0,556
2,period,1400064,31424,breakout,breakout,6,5.0,556
2,period,1400064,31424,breakout,breakout,7,5.0,556
2,period,1400064,31424,breakout,breakout,8,5.0,556
2,period,1400064,31424,breakout,breakout,9,3.0,556
2,period,1400064,31424,breakout,breakout,10,5.0,556
2,period,1400064,31424,breakout,space_invaders,1,3.0,263
2,period,1400064,31424,breakout,space_invaders,2,2.0,263
2,period,1400064,31424,breakout,space_invaders,3,3.0,263
2,period,1400064,31424,breakout,space_invaders,4,1.0,263
2,period,1400064,31424,breakout,space_invaders,5,1.0,263
2,period,1400064,31424,breakout,space_invaders,6,1.0,263
2,period,1400064,31424,breakout,space_invaders,7,2.0,263
2,period,1400064,31424,breakout,space_invaders,8,3.0,263
2,period,1400064,31424,breakout,space_invaders,9,1.0,263
2,period,1400064,31424,breakout,space_invaders,10,2.0,263
2,period,1400064,31424,breakout,freeway,1,0.0,25000
2,period,1400064,31424,breakout,freeway,2,0.0,25000
2,period,1400064,31424,breakout,freeway,3,0.0,25000
2,period,1400064,31424,breakout,freeway,4,0.0,25000
2,period,1400064,31424,breakout,freeway,5,0.0,25000
2,period,1400064,31424,breakout,freeway,6,0.0,25000
2,period,1400064,31424,breakout,freeway,7,0.0,25000
2,period,1400064,31424,breakout,freeway,8,0.0,25000
2,period,1400064,31424,breakout,freeway,9,0.0,25000
2,period,1400064,31424,breakout,freeway,10,0.0,25000
2,period,1425152,31883,breakout,breakout,1,5.0,488
2,period,1425152,31883,breakout,breakout,2,1.0,488
2,period,1425152,31883,breakout,breakout,3,6.0,488
2,period,1425152,31883,breakout,breakout,4,6.0,488
2,period,1425152,31883,breakout,breakout,5,6.0,488
2,period,1425152,31883,breakout,breakout,6,0.0,488
2,period,1425152,31883,breakout,breakout,7,1.0,488
2,period,1425152,31883,breakout,breakout,8,6.0,488
2,period,1425152,31883,breakout,breakout,9,4.0,488
2,period,1425152,31883,breakout,breakout,10,5.0,488
2,period,1425152,31883,breakout,space_invaders,1,2.0,265
2,period,1425152,31883,breakout,space_invaders,2,2.0,265
2,period,1425152,31883,breakout,space_invaders,3,4.0,265
2,period,1425152,31883,breakout,space_invaders,4,6.0,265
2,period,1425152,31883,breakout,space_invaders,5,2.0,265
2,period,1425152,31883,breakout,space_invaders,6,3.0,265
2,period,1425152,31883,breakout,space_invaders,7,5.0,265
2,period,1425152,31883,breakout,space_invaders,8,2.0,265
2,period,1425152,31883,breakout,space_invaders,9,2.0,265
2,period,1425152,31883,breakout,space_invaders,10,2.0,265
2,period,1425152,31883,breakout,freeway,1,0.0,25000
2,period,1425152,31883,breakout,freeway,2,1.0,25000
2,period,1425152,31883,breakout,freeway,3,0.0,25000
2,period,1425152,31883,breakout,freeway,4,0.0,25000
2,period,1425152,31883,breakout,freeway,5,0.0,25000
2,period,1425152,31883,breakout,freeway,6,0.0,25000
2,period,1425152,31883,breakout,freeway,7,0.0,25000
2,period,1425152,31883,breakout,freeway,8,0.0,25000
2,period,1425152,31883,breakout,freeway,9,0.0,25000
2,period,1425152,31883,breakout,freeway,10,0.0,25000
2,period,1450240,32337,breakout,breakout,1,5.0,572
2,period,1450240,32337,breakout,breakout,2,6.0,572
2,period,1450240,32337,breakout,breakout,3,5.0,572
2,period,1450240,32337,breakout,breakout,4,6.0,572
2,period,1450240,32337,breakout,breakout,5,2.0,572
2,period,1450240,32337,breakout,breakout,6,2.0,572
2,period,1450240,32337,breakout,breakout,7,5.0,572
2,period,1450240,32337,breakout,breakout,8,5.0,572
2,period,1450240,32337,breakout,breakout,9,6.0,572
2,period,1450240,32337,breakout,breakout,10,6.0,572
2,period,1450240,32337,breakout,space_invaders,1,2.0,183
2,period,1450240,32337,breakout,space_invaders,2,1.0,183
2,period,1450240,32337,breakout,space_invaders,3,2.0,183
2,period,1450240,32337,breakout,space_invaders,4,1.0,183
2,period,1450240,32337,breakout,space_invaders,5,1.0,183
2,period,1450240,32337,breakout,space_invaders,6,2.0,183
2,period,1450240,32337,breakout,space_invaders,7,1.0,183
2,period,1450240,32337,breakout,space_invaders,8,2.0,183
2,period,1450240,32337,breakout,space_invaders,9,2.0,183
2,period,1450240,32337,breakout,space_invaders,10,2.0,183
2,period,1450240,32337,breakout,freeway,1,1.0,25000
2,period,1450240,32337,breakout,freeway,2,0.0,25000
2,period,1450240,32337,breakout,freeway,3,0.0,25000
2,period,1450240,32337,breakout,freeway,4,0.0,25000
2,period,1450240,32337,breakout,freeway,5,1.0,25000
2,period,1450240,32337,breakout,freeway,6,0.0,25000
2,period,1450240,32337,breakout,freeway,7,0.0,25000
2,period,1450240,32337,breakout,freeway,8,0.0,25000
2,period,1450240,32337,breakout,freeway,9,0.0,25000
2,period,1450240,32337,breakout,freeway,10,0.0,25000
2,period,1475072,32795,breakout,breakout,1,6.0,596
2,period,1475072,32795,breakout,breakout,2,3.0,596
2,period,1475072,32795,breakout,breakout,3,5.0,596
2,period,1475072,32795,breakout,breakout,4,6.0,596
2,period,1475072,32795,breakout,breakout,5,4.0,596
2,period,1475072,32795,breakout,breakout,6,4.0,596
2,period,1475072,32795,breakout,breakout,7,5.0,596
2,period,1475072,32795,breakout,breakout,8,5.0,596
2,period,1475072,32795,breakout,breakout,9,6.0,596
2,period,1475072,32795,breakout,breakout,10,6.0,596
2,period,1475072,32795,breakout,space_invaders,1,1.0,237
2,period,1475072,32795,breakout,space_invaders,2,2.0,237
2,period,1475072,32795,breakout,space_invaders,3,2.0,237
2,period,1475072,32795,breakout,space_invaders,4,1.0,237
2,period,1475072,32795,breakout,space_invaders,5,1.0,237
2,period,1475072,32795,breakout,space_invaders,6,3.0,237
2,period,1475072,32795,breakout,space_invaders,7,1.0,237
2,period,1475072,32795,breakout,space_invaders,8,2.0,237
2,period,1475072,32795,breakout,space_invaders,9,1.0,237
2,period,1475072,32795,breakout,space_invaders,10,1.0,237
2,period,1475072,32795,breakout,freeway,1,0.0,25000
2,period,1475072,32795,breakout,freeway,2,0.0,25000
2,period,1475072,32795,breakout,freeway,3,0.0,25000
2,period,1475072,32795,breakout,freeway,4,0.0,25000
2,period,1475072,32795,breakout,freeway,5,0.0,25000
2,period,1475072,32795,breakout,freeway,6,0.0,25000
2,period,1475072,32795,breakout,freeway,7,0.0,25000
2,period,1475072,32795,breakout,freeway,8,0.0,25000
2,period,1475072,32795,breakout,freeway,9,0.0,25000
2,period,1475072,32795,breakout,freeway,10,0.0,25000
3,boundary,1999872,41692,breakout,breakout,1,6.0,590
3,boundary,1999872,41692,breakout,breakout,2,5.0,590
3,boundary,1999872,41692,breakout,breakout,3,5.0,590
3,boundary,1999872,41692,breakout,breakout,4,6.0,590
3,boundary,1999872,41692,breakout,breakout,5,2.0,590
3,boundary,1999872,41692,breakout,breakout,6,5.0,590
3,boundary,1999872,41692,breakout,breakout,7,5.0,590
3,boundary,1999872,41692,breakout,breakout,8,5.0,590
3,boundary,1999872,41692,breakout,breakout,9,5.0,590
3,boundary,1999872,41692,breakout,breakout,10,5.0,590
3,boundary,1999872,41692,breakout,space_invaders,1,1.0,211
3,boundary,1999872,41692,breakout,space_invaders,2,3.0,211
3,boundary,1999872,41692,breakout,space_invaders,3,1.0,211
3,boundary,1999872,41692,breakout,space_invaders,4,2.0,211
3,boundary,1999872,41692,breakout,space_invaders,5,0.0,211
3,boundary,1999872,41692,breakout,space_invaders,6,2.0,211
3,boundary,1999872,41692,breakout,space_invaders,7,1.0,211
3,boundary,1999872,41692,breakout,space_invaders,8,0.0,211
3,boundary,1999872,41692,breakout,space_invaders,9,1.0,211
3,boundary,1999872,41692,breakout,space_invaders,10,1.0,211
3,boundary,1999872,41692,breakout,freeway,1,0.0,25000
3,boundary,1999872,41692,breakout,freeway,2,0.0,25000
3,boundary,1999872,41692,breakout,freeway,3,0.0,25000
3,boundary,1999872,41692,breakout,freeway,4,0.0,25000
3,boundary,1999872,41692,breakout,freeway,5,0.0,25000
3,boundary,1999872,41692,breakout,freeway,6,0.0,25000
3,boundary,1999872,41692,breakout,freeway,7,0.0,25000
3,boundary,1999872,41692,breakout,freeway,8,0.0,25000
3,boundary,1999872,41692,breakout,freeway,9,0.0,25000
3,boundary,1999872,41692,breakout,freeway,10,0.0,25000
3,period,1500160,33231,breakout,breakout,1,5.0,556
3,period,1500160,33231,breakout,breakout,2,6.0,556
3,period,1500160,33231,breakout,breakout,3,4.0,556
3,period,1500160,33231,breakout,breakout,4,5.0,556
3,period,1500160,33231,breakout,breakout,5,5.0,556
3,period,1500160,33231,breakout,breakout,6,5.0,556
3,period,1500160,33231,breakout,breakout,7,1.0,556
3,period,1500160,33231,breakout,breakout,8,5.0,556
3,period,1500160,33231,breakout,breakout,9,5.0,556
3,period,1500160,33231,breakout,breakout,10,5.0,556
3,period,1500160,33231,breakout,space_invaders,1,2.0,273
3,period,1500160,33231,breakout,space_invaders,2,1.0,273
3,period,1500160,33231,breakout,space_invaders,3,2.0,273
3,period,1500160,33231,breakout,space_invaders,4,2.0,273
3,period,1500160,33231,breakout,space_invaders,5,1.0,273
3,period,1500160,33231,breakout,space_invaders,6,2.0,273
3,period,1500160,33231,breakout,space_invaders,7,3.0,273
3,period,1500160,33231,breakout,space_invaders,8,2.0,273
3,period,1500160,33231,breakout,space_invaders,9,1.0,273
3,period,1500160,33231,breakout,space_invaders,10,4.0,273
3,period,1500160,33231,breakout,freeway,1,0.0,25000
3,period,1500160,33231,breakout,freeway,2,0.0,25000
3,period,1500160,33231,breakout,freeway,3,0.0,25000
3,period,1500160,33231,breakout,freeway,4,0.0,25000
3,period,1500160,33231,breakout,freeway,5,0.0,25000
3,period,1500160,33231,breakout,freeway,6,0.0,25000
3,period,1500160,33231,breakout,freeway,7,0.0,25000
3,period,1500160,33231,breakout,freeway,8,0.0,25000
3,period,1500160,33231,breakout,freeway,9,1.0,25000
3,period,1500160,33231,breakout,freeway,10,0.0,25000
3,period,1525248,33669,breakout,breakout,1,6.0,568
3,period,1525248,33669,breakout,breakout,2,5.0,568
3,period,1525248,33669,breakout,breakout,3,3.0,568
3,period,1525248,33669,breakout,breakout,4,5.0,568
3,period,1525248,33669,breakout,breakout,5,2.0,568
3,period,1525248,33669,breakout,breakout,6,5.0,568
3,period,1525248,33669,breakout,breakout,7,6.0,568
3,period,1525248,33669,breakout,breakout,8,6.0,568
3,period,1525248,33669,breakout,breakout,9,4.0,568
3,period,1525248,33669,breakout,breakout,10,5.0,568
3,period,1525248,33669,breakout,space_invaders,1,2.0,185
3,period,1525248,33669,breakout,space_invaders,2,1.0,185
3,period,1525248,33669,breakout,space_invaders,3,2.0,185
3,period,1525248,33669,breakout,space_invaders,4,1.0,185
3,period,1525248,33669,breakout,space_invaders,5,1.0,185
3,period,1525248,33669,breakout,space_invaders,6,2.0,185
3,period,1525248,33669,breakout,space_invaders,7,2.0,185
3,period,1525248,33669,breakout,space_invaders,8,4.0,185
3,period,1525248,33669,breakout,space_invaders,9,0.0,185
3,period,1525248,33669,breakout,space_invaders,10,2.0,185
3,period,1525248,33669,breakout,freeway,1,0.0,25000
3,period,1525248,33669,breakout,freeway,2,0.0,25000
3,period,1525248,33669,breakout,freeway,3,0.0,25000
3,period,1525248,33669,breakout,freeway,4,0.0,25000
3,period,1525248,33669,breakout,freeway,5,0.0,25000
3,period,1525248,33669,breakout,freeway,6,2.0,25000
3,period,1525248,33669,breakout,freeway,7,0.0,25000
3,period,1525248,33669,breakout,freeway,8,0.0,25000
3,period,1525248,33669,breakout,freeway,9,0.0,25000
3,period,1525248,33669,breakout,freeway,10,0.0,25000
3,period,1550080,34107,breakout,breakout,1,6.0,522
3,period,1550080,34107,breakout,breakout,2,5.0,522
3,period,1550080,34107,breakout,breakout,3,2.0,522
3,period,1550080,34107,breakout,breakout,4,5.0,522
3,period,1550080,34107,breakout,breakout,5,5.0,522
3,period,1550080,34107,breakout,breakout,6,5.0,522
3,period,1550080,34107,breakout,breakout,7,2.0,522
3,period,1550080,34107,breakout,breakout,8,5.0,522
3,period,1550080,34107,breakout,breakout,9,3.0,522
3,period,1550080,34107,breakout,breakout,10,5.0,522
3,period,1550080,34107,breakout,space_invaders,1,2.0,215
3,period,1550080,34107,breakout,space_invaders,2,2.0,215
3,period,1550080,34107,breakout,space_invaders,3,1.0,215
3,period,1550080,34107,breakout,space_invaders,4,1.0,215
3,period,1550080,34107,breakout,space_invaders,5,2.0,215
3,period,1550080,34107,breakout,space_invaders,6,2.0,215
3,period,1550080,34107,breakout,space_invaders,7,0.0,215
3,period,1550080,34107,breakout,space_invaders,8,1.0,215
3,period,1550080,34107,breakout,space_invaders,9,3.0,215
3,period,1550080,34107,breakout,space_invaders,10,1.0,215
3,period,1550080,34107,breakout,freeway,1,0.0,25000
3,period,1550080,34107,breakout,freeway,2,0.0,25000
3,period,1550080,34107,breakout,freeway,3,0.0,25000
3,period,1550080,34107,breakout,freeway,4,0.0,25000
3,period,1550080,34107,breakout,freeway,5,0.0,25000
3,period,1550080,34107,breakout,freeway,6,0.0,25000
3,period,1550080,34107,breakout,freeway,7,0.0,25000
3,period,1550080,34107,breakout,freeway,8,0.0,25000
3,period,1550080,34107,breakout,freeway,9,0.0,25000
3,period,1550080,34107,breakout,freeway,10,0.0,25000
3,period,1575168,34541,breakout,breakout,1,6.0,606
3,period,1575168,34541,breakout,breakout,2,5.0,606
3,period,1575168,34541,breakout,breakout,3,6.0,606
3,period,1575168,34541,breakout,breakout,4,5.0,606
3,period,1575168,34541,breakout,breakout,5,6.0,606
3,period,1575168,34541,breakout,breakout,6,2.0,606
3,period,1575168,34541,breakout,breakout,7,4.0,606
3,period,1575168,34541,breakout,breakout,8,6.0,606
3,period,1575168,34541,breakout,breakout,9,6.0,606
3,period,1575168,34541,breakout,breakout,10,5.0,606
3,period,1575168,34541,breakout,space_invaders,1,2.0,207
3,period,1575168,34541,breakout,space_invaders,2,4.0,207
3,period,1575168,34541,breakout,space_invaders,3,1.0,207
3,period,1575168,34541,breakout,space_invaders,4,2.0,207
3,period,1575168,34541,breakout,space_invaders,5,1.0,207
3,period,1575168,34541,breakout,space_invaders,6,2.0,207
3,period,1575168,34541,breakout,space_invaders,7,2.0,207
3,period,1575168,34541,breakout,space_invaders,8,1.0,207
3,period,1575168,34541,breakout,space_invaders,9,2.0,207
3,period,1575168,34541,breakout,space_invaders,10,4.0,207
3,period,1575168,34541,breakout,freeway,1,1.0,25000
3,period,1575168,34541,breakout,freeway,2,0.0,25000
3,period,1575168,34541,breakout,freeway,3,0.0,25000
3,period,1575168,34541,breakout,freeway,4,0.0,25000
3,period,1575168,34541,breakout,freeway,5,0.0,25000
3,period,1575168,34541,breakout,freeway,6,1.0,25000
3,period,1575168,34541,breakout,freeway,7,0.0,25000
3,period,1575168,34541,breakout,freeway,8,0.0,25000
3,period,1575168,34541,breakout,freeway,9,0.0,25000
3,period,1575168,34541,breakout,freeway,10,0.0,25000
3,period,1600000,34966,breakout,breakout,1,5.0,670
3,period,1600000,34966,breakout,breakout,2,5.0,670
3,period,1600000,34966,breakout,breakout,3,6.0,670
3,period,1600000,34966,breakout,breakout,4,6.0,670
3,period,1600000,34966,breakout,breakout,5,6.0,670
3,period,1600000,34966,breakout,breakout,6,6.0,670
3,period,1600000,34966,breakout,breakout,7,5.0,670
3,period,1600000,34966,breakout,breakout,8,6.0,670
3,period,1600000,34966,breakout,breakout,9,6.0,670
3,period,1600000,34966,breakout,breakout,10,6.0,670
3,period,1600000,34966,breakout,space_invaders,1,3.0,226
3,period,1600000,34966,breakout,space_invaders,2,2.0,226
3,period,1600000,34966,breakout,space_invaders,3,3.0,226
3,period,1600000,34966,breakout,space_invaders,4,1.0,226
3,period,1600000,34966,breakout,space_invaders,5,1.0,226
3,period,1600000,34966,breakout,space_invaders,6,2.0,226
3,period,1600000,34966,breakout,space_invaders,7,3.0,226
3,period,1600000,34966,breakout,space_invaders,8,1.0,226
3,period,1600000,34966,breakout,space_invaders,9,1.0,226
3,period,1600000,34966,breakout,space_invaders,10,1.0,226
3,period,1600000,34966,breakout,freeway,1,0.0,25000
3,period,1600000,34966,breakout,freeway,2,0.0,25000
3,period,1600000,34966,breakout,freeway,3,0.0,25000
3,period,1600000,34966,breakout,freeway,4,0.0,25000
3,period,1600000,34966,breakout,freeway,5,0.0,25000
3,period,1600000,34966,breakout,freeway,6,0.0,25000
3,period,1600000,34966,breakout,freeway,7,0.0,25000
3,period,1600000,34966,breakout,freeway,8,0.0,25000
3,period,1600000,34966,breakout,freeway,9,0.0,25000
3,period,1600000,34966,breakout,freeway,10,0.0,25000
3,period,1625088,35388,breakout,breakout,1,6.0,670
3,period,1625088,35388,breakout,breakout,2,6.0,670
3,period,1625088,35388,breakout,breakout,3,6.0,670
3,period,1625088,35388,breakout,breakout,4,6.0,670
3,period,1625088,35388,breakout,breakout,5,6.0,670
3,period,1625088,35388,breakout,breakout,6,6.0,670
3,period,1625088,35388,breakout,breakout,7,5.0,670
3,period,1625088,35388,breakout,breakout,8,6.0,670
3,period,1625088,35388,breakout,breakout,9,5.0,670
3,period,1625088,35388,breakout,breakout,10,5.0,670
3,period,1625088,35388,breakout,space_invaders,1,3.0,228
3,period,1625088,35388,breakout,space_invaders,2,4.0,228
3,period,1625088,35388,breakout,space_invaders,3,2.0,228
3,period,1625088,35388,breakout,space_invaders,4,1.0,228
3,period,1625088,35388,breakout,space_invaders,5,1.0,228
3,period,1625088,35388,breakout,space_invaders,6,2.0,228
3,period,1625088,35388,breakout,space_invaders,7,0.0,228
3,period,1625088,35388,breakout,space_invaders,8,2.0,228
3,period,1625088,35388,breakout,space_invaders,9,2.0,228
3,period,1625088,35388,breakout,space_invaders,10,2.0,228
3,period,1625088,35388,breakout,freeway,1,0.0,25000
3,period,1625088,35388,breakout,freeway,2,0.0,25000
3,period,1625088,35388,breakout,freeway,3,0.0,25000
3,period,1625088,35388,breakout,freeway,4,0.0,25000
3,period,1625088,35388,breakout,freeway,5,0.0,25000
3,period,1625088,35388,breakout,freeway,6,0.0,25000
3,period,1625088,35388,breakout,freeway,7,0.0,25000
3,period,1625088,35388,breakout,freeway,8,0.0,25000
3,period,1625088,35388,breakout,freeway,9,0.0,25000
3,period,1625088,35388,breakout,freeway,10,0.0,25000
3,period,1650176,35817,breakout,breakout,1,5.0,588
3,period,1650176,35817,breakout,breakout,2,5.0,588
3,period,1650176,35817,breakout,breakout,3,5.0,588
3,period,1650176,35817,breakout,breakout,4,5.0,588
3,period,1650176,35817,breakout,breakout,5,6.0,588
3,period,1650176,35817,breakout,breakout,6,3.0,588
3,period,1650176,35817,breakout,breakout,7,5.0,588
3,period,1650176,35817,breakout,breakout,8,3.0,588
3,period,1650176,35817,breakout,breakout,9,6.0,588
3,period,1650176,35817,breakout,breakout,10,6.0,588
3,period,1650176,35817,breakout,space_invaders,1,3.0,206
3,period,1650176,35817,breakout,space_invaders,2,2.0,206
3,period,1650176,35817,breakout,space_invaders,3,2.0,206
3,period,1650176,35817,breakout,space_invaders,4,1.0,206
3,period,1650176,35817,breakout,space_invaders,5,1.0,206
3,period,1650176,35817,breakout,space_invaders,6,2.0,206
3,period,1650176,35817,breakout,space_invaders,7,1.0,206
3,period,1650176,35817,breakout,space_invaders,8,3.0,206
3,period,1650176,35817,breakout,space_invaders,9,2.0,206
3,period,1650176,35817,breakout,space_invaders,10,2.0,206
3,period,1650176,35817,breakout,freeway,1,0.0,25000
3,period,1650176,35817,breakout,freeway,2,0.0,25000
3,period,1650176,35817,breakout,freeway,3,0.0,25000
3,period,1650176,35817,breakout,freeway,4,0.0,25000
3,period,1650176,35817,breakout,freeway,5,0.0,25000
3,period,1650176,35817,breakout,freeway,6,0.0,25000
3,period,1650176,35817,breakout,freeway,7,0.0,25000
3,period,1650176,35817,breakout,freeway,8,0.0,25000
3,period,1650176,35817,breakout,freeway,9,0.0,25000
3,period,1650176,35817,breakout,freeway,10,0.0,25000
3,period,1675008,36245,breakout,breakout,1,6.0,606
3,period,1675008,36245,breakout,breakout,2,5.0,606
3,period,1675008,36245,breakout,breakout,3,6.0,606
3,period,1675008,36245,breakout,breakout,4,6.0,606
3,period,1675008,36245,breakout,breakout,5,6.0,606
3,period,1675008,36245,breakout,breakout,6,6.0,606
3,period,1675008,36245,breakout,breakout,7,5.0,606
3,period,1675008,36245,breakout,breakout,8,5.0,606
3,period,1675008,36245,breakout,breakout,9,5.0,606
3,period,1675008,36245,breakout,breakout,10,1.0,606
3,period,1675008,36245,breakout,space_invaders,1,1.0,242
3,period,1675008,36245,breakout,space_invaders,2,1.0,242
3,period,1675008,36245,breakout,space_invaders,3,1.0,242
3,period,1675008,36245,breakout,space_invaders,4,3.0,242
3,period,1675008,36245,breakout,space_invaders,5,1.0,242
3,period,1675008,36245,breakout,space_invaders,6,1.0,242
3,period,1675008,36245,breakout,space_invaders,7,4.0,242
3,period,1675008,36245,breakout,space_invaders,8,1.0,242
3,period,1675008,36245,breakout,space_invaders,9,1.0,242
3,period,1675008,36245,breakout,space_invaders,10,2.0,242
3,period,1675008,36245,breakout,freeway,1,0.0,25000
3,period,1675008,36245,breakout,freeway,2,0.0,25000
3,period,1675008,36245,breakout,freeway,3,0.0,25000
3,period,1675008,36245,breakout,freeway,4,0.0,25000
3,period,1675008,36245,breakout,freeway,5,0.0,25000
3,period,1675008,36245,breakout,freeway,6,0.0,25000
3,period,1675008,36245,breakout,freeway,7,0.0,25000
3,period,1675008,36245,breakout,freeway,8,0.0,25000
3,period,1675008,36245,breakout,freeway,9,0.0,25000
3,period,1675008,36245,breakout,freeway,10,0.0,25000
3,period,1700096,36665,breakout,breakout,1,5.0,554
3,period,1700096,36665,breakout,breakout,2,5.0,554
3,period,1700096,36665,breakout,breakout,3,2.0,554
3,period,1700096,36665,breakout,breakout,4,6.0,554
3,period,1700096,36665,breakout,breakout,5,4.0,554
3,period,1700096,36665,breakout,breakout,6,6.0,554
3,period,1700096,36665,breakout,breakout,7,5.0,554
3,period,1700096,36665,breakout,breakout,8,5.0,554
3,period,1700096,36665,breakout,breakout,9,5.0,554
3,period,1700096,36665,breakout,breakout,10,3.0,554
3,period,1700096,36665,breakout,space_invaders,1,2.0,245
3,period,1700096,36665,breakout,space_invaders,2,1.0,245
3,period,1700096,36665,breakout,space_invaders,3,2.0,245
3,period,1700096,36665,breakout,space_invaders,4,1.0,245
3,period,1700096,36665,breakout,space_invaders,5,2.0,245
3,period,1700096,36665,breakout,space_invaders,6,2.0,245
3,period,1700096,36665,breakout,space_invaders,7,1.0,245
3,period,1700096,36665,breakout,space_invaders,8,1.0,245
3,period,1700096,36665,breakout,space_invaders,9,4.0,245
3,period,1700096,36665,breakout,space_invaders,10,2.0,245
3,period,1700096,36665,breakout,freeway,1,0.0,25000
3,period,1700096,36665,breakout,freeway,2,0.0,25000
3,period,1700096,36665,breakout,freeway,3,1.0,25000
3,period,1700096,36665,breakout,freeway,4,0.0,25000
3,period,1700096,36665,breakout,freeway,5,0.0,25000
3,period,1700096,36665,breakout,freeway,6,1.0,25000
3,period,1700096,36665,breakout,freeway,7,0.0,25000
3,period,1700096,36665,breakout,freeway,8,0.0,25000
3,period,1700096,36665,breakout,freeway,9,0.0,25000
3,period,1700096,36665,breakout,freeway,10,0.0,25000
3,period,1725184,37074,breakout,breakout,1,5.0,618
3,period,1725184,37074,breakout,breakout,2,5.0,618
3,period,1725184,37074,breakout,breakout,3,6.0,618
3,period,1725184,37074,breakout,breakout,4,5.0,618
3,period,1725184,37074,breakout,breakout,5,6.0,618
3,period,1725184,37074,breakout,breakout,6,5.0,618
3,period,1725184,37074,breakout,breakout,7,4.0,618
3,period,1725184,37074,breakout,breakout,8,5.0,618
3,period,1725184,37074,breakout,breakout,9,6.0,618
3,period,1725184,37074,breakout,breakout,10,5.0,618
3,period,1725184,37074,breakout,space_invaders,1,2.0,190
3,period,1725184,37074,breakout,space_invaders,2,1.0,190
3,period,1725184,37074,breakout,space_invaders,3,1.0,190
3,period,1725184,37074,breakout,space_invaders,4,0.0,190
3,period,1725184,37074,breakout,space_invaders,5,0.0,190
3,period,1725184,37074,breakout,space_invaders,6,1.0,190
3,period,1725184,37074,breakout,space_invaders,7,1.0,190
3,period,1725184,37074,breakout,space_invaders,8,0.0,190
3,period,1725184,37074,breakout,space_invaders,9,1.0,190
3,period,1725184,37074,breakout,space_invaders,10,1.0,190
3,period,1725184,37074,breakout,freeway,1,0.0,25000
3,period,1725184,37074,breakout,freeway,2,0.0,25000
3,period,1725184,37074,breakout,freeway,3,0.0,25000
3,period,1725184,37074,breakout,freeway,4,0.0,25000
3,period,1725184,37074,breakout,freeway,5,0.0,25000
3,period,1725184,37074,breakout,freeway,6,0.0,25000
3,period,1725184,37074,breakout,freeway,7,0.0,25000
3,period,1725184,37074,breakout,freeway,8,0.0,25000
3,period,1725184,37074,breakout,freeway,9,0.0,25000
3,period,1725184,37074,breakout,freeway,10,0.0,25000
3,period,1750016,37491,breakout,breakout,1,6.0,564
3,period,1750016,37491,breakout,breakout,2,5.0,564
3,period,1750016,37491,breakout,breakout,3,2.0,564
3,period,1750016,37491,breakout,breakout,4,5.0,564
3,period,1750016,37491,breakout,breakout,5,6.0,564
3,period,1750016,37491,breakout,breakout,6,5.0,564
3,period,1750016,37491,breakout,breakout,7,2.0,564
3,period,1750016,37491,breakout,breakout,8,6.0,564
3,period,1750016,37491,breakout,breakout,9,4.0,564
3,period,1750016,37491,breakout,breakout,10,6.0,564
3,period,1750016,37491,breakout,space_invaders,1,2.0,226
3,period,1750016,37491,breakout,space_invaders,2,2.0,226
3,period,1750016,37491,breakout,space_invaders,3,4.0,226
3,period,1750016,37491,breakout,space_invaders,4,3.0,226
3,period,1750016,37491,breakout,space_invaders,5,3.0,226
3,period,1750016,37491,breakout,space_invaders,6,1.0,226
3,period,1750016,37491,breakout,space_invaders,7,1.0,226
3,period,1750016,37491,breakout,space_invaders,8,2.0,226
3,period,1750016,37491,breakout,space_invaders,9,1.0,226
3,period,1750016,37491,breakout,space_invaders,10,1.0,226
3,period,1750016,37491,breakout,freeway,1,0.0,25000
3,period,1750016,37491,breakout,freeway,2,0.0,25000
3,period,1750016,37491,breakout,freeway,3,0.0,25000
3,period,1750016,37491,breakout,freeway,4,0.0,25000
3,period,1750016,37491,breakout,freeway,5,0.0,25000
3,period,1750016,37491,breakout,freeway,6,0.0,25000
3,period,1750016,37491,breakout,freeway,7,0.0,25000
3,period,1750016,37491,breakout,freeway,8,0.0,25000
3,period,1750016,37491,breakout,freeway,9,0.0,25000
3,period,1750016,37491,breakout,freeway,10,0.0,25000
3,period,1775104,37910,breakout,breakout,1,2.0,512
3,period,1775104,37910,breakout,breakout,2,0.0,512
3,period,1775104,37910,breakout,breakout,3,5.0,512
3,period,1775104,37910,breakout,breakout,4,6.0,512
3,period,1775104,37910,breakout,breakout,5,5.0,512
3,period,1775104,37910,breakout,breakout,6,6.0,512
3,period,1775104,37910,breakout,breakout,7,4.0,512
3,period,1775104,37910,breakout,breakout,8,5.0,512
3,period,1775104,37910,breakout,breakout,9,4.0,512
3,period,1775104,37910,breakout,breakout,10,5.0,512
3,period,1775104,37910,breakout,space_invaders,1,3.0,204
3,period,1775104,37910,breakout,space_invaders,2,1.0,204
3,period,1775104,37910,breakout,space_invaders,3,2.0,204
3,period,1775104,37910,breakout,space_invaders,4,1.0,204
3,period,1775104,37910,breakout,space_invaders,5,3.0,204
3,period,1775104,37910,breakout,space_invaders,6,2.0,204
3,period,1775104,37910,breakout,space_invaders,7,0.0,204
3,period,1775104,37910,breakout,space_invaders,8,2.0,204
3,period,1775104,37910,breakout,space_invaders,9,2.0,204
3,period,1775104,37910,breakout,space_invaders,10,1.0,204
3,period,1775104,37910,breakout,freeway,1,0.0,25000
3,period,1775104,37910,breakout,freeway,2,0.0,25000
3,period,1775104,37910,breakout,freeway,3,0.0,25000
3,period,1775104,37910,breakout,freeway,4,0.0,25000
3,period,1775104,37910,breakout,freeway,5,0.0,25000
3,period,1775104,37910,breakout,freeway,6,0.0,25000
3,period,1775104,37910,breakout,freeway,7,0.0,25000
3,period,1775104,37910,breakout,freeway,8,0.0,25000
3,period,1775104,37910,breakout,freeway,9,0.0,25000
3,period,1775104,37910,breakout,freeway,10,0.0,25000
3,period,1800192,38324,breakout,breakout,1,6.0,566
3,period,1800192,38324,breakout,breakout,2,5.0,566
3,period,1800192,38324,breakout,breakout,3,3.0,566
3,period,1800192,38324,breakout,breakout,4,5.0,566
3,period,1800192,38324,breakout,breakout,5,5.0,566
3,period,1800192,38324,breakout,breakout,6,5.0,566
3,period,1800192,38324,breakout,breakout,7,2.0,566
3,period,1800192,38324,breakout,breakout,8,5.0,566
3,period,1800192,38324,breakout,breakout,9,5.0,566
3,period,1800192,38324,breakout,breakout,10,6.0,566
3,period,1800192,38324,breakout,space_invaders,1,2.0,245
3,period,1800192,38324,breakout,space_invaders,2,2.0,245
3,period,1800192,38324,breakout,space_invaders,3,3.0,245
3,period,1800192,38324,breakout,space_invaders,4,2.0,245
3,period,1800192,38324,breakout,space_invaders,5,2.0,245
3,period,1800192,38324,breakout,space_invaders,6,1.0,245
3,period,1800192,38324,breakout,space_invaders,7,1.0,245
3,period,1800192,38324,breakout,space_invaders,8,1.0,245
3,period,1800192,38324,breakout,space_invaders,9,6.0,245
3,period,1800192,38324,breakout,space_invaders,10,2.0,245
3,period,1800192,38324,breakout,freeway,1,0.0,25000
3,period,1800192,38324,breakout,freeway,2,0.0,25000
3,period,1800192,38324,breakout,freeway,3,0.0,25000
3,period,1800192,38324,breakout,freeway,4,0.0,25000
3,period,1800192,38324,breakout,freeway,5,0.0,25000
3,period,1800192,38324,breakout,freeway,6,0.0,25000
3,period,1800192,38324,breakout,freeway,7,0.0,25000
3,period,1800192,38324,breakout,freeway,8,0.0,25000
3,period,1800192,38324,breakout,freeway,9,0.0,25000
3,period,1800192,38324,breakout,freeway,10,0.0,25000
3,period,1825024,38750,breakout,breakout,1,6.0,542
3,period,1825024,38750,breakout,breakout,2,5.0,542
3,period,1825024,38750,breakout,breakout,3,6.0,542
3,period,1825024,38750,breakout,breakout,4,3.0,542
3,period,1825024,38750,breakout,breakout,5,3.0,542
3,period,1825024,38750,breakout,breakout,6,5.0,542
3,period,1825024,38750,breakout,breakout,7,6.0,542
3,period,1825024,38750,breakout,breakout,8,6.0,542
3,period,1825024,38750,breakout,breakout,9,3.0,542
3,period,1825024,38750,breakout,breakout,10,2.0,542
3,period,1825024,38750,breakout,space_invaders,1,1.0,237
3,period,1825024,38750,breakout,space_invaders,2,1.0,237
3,period,1825024,38750,breakout,space_invaders,3,1.0,237
3,period,1825024,38750,breakout,space_invaders,4,1.0,237
3,period,1825024,38750,breakout,space_invaders,5,2.0,237
3,period,1825024,38750,breakout,space_invaders,6,4.0,237
3,period,1825024,38750,breakout,space_invaders,7,2.0,237
3,period,1825024,38750,breakout,space_invaders,8,2.0,237
3,period,1825024,38750,breakout,space_invaders,9,0.0,237
3,period,1825024,38750,breakout,space_invaders,10,2.0,237
3,period,1825024,38750,breakout,freeway,1,0.0,25000
3,period,1825024,38750,breakout,freeway,2,0.0,25000
3,period,1825024,38750,breakout,freeway,3,0.0,25000
3,period,1825024,38750,breakout,freeway,4,0.0,25000
3,period,1825024,38750,breakout,freeway,5,0.0,25000
3,period,1825024,38750,breakout,freeway,6,0.0,25000
3,period,1825024,38750,breakout,freeway,7,0.0,25000
3,period,1825024,38750,breakout,freeway,8,0.0,25000
3,period,1825024,38750,breakout,freeway,9,0.0,25000
3,period,1825024,38750,breakout,freeway,10,0.0,25000
3,period,1850112,39177,breakout,breakout,1,6.0,586
3,period,1850112,39177,breakout,breakout,2,5.0,586
3,period,1850112,39177,breakout,breakout,3,5.0,586
3,period,1850112,39177,breakout,breakout,4,6.0,586
3,period,1850112,39177,breakout,breakout,5,6.0,586
3,period,1850112,39177,breakout,breakout,6,5.0,586
3,period,1850112,39177,breakout,breakout,7,2.0,586
3,period,1850112,39177,breakout,breakout,8,4.0,586
3,period,1850112,39177,breakout,breakout,9,5.0,586
3,period,1850112,39177,breakout,breakout,10,5.0,586
3,period,1850112,39177,breakout,space_invaders,1,1.0,253
3,period,1850112,39177,breakout,space_invaders,2,1.0,253
3,period,1850112,39177,breakout,space_invaders,3,1.0,253
3,period,1850112,39177,breakout,space_invaders,4,2.0,253
3,period,1850112,39177,breakout,space_invaders,5,3.0,253
3,period,1850112,39177,breakout,space_invaders,6,2.0,253
3,period,1850112,39177,breakout,space_invaders,7,1.0,253
3,period,1850112,39177,breakout,space_invaders,8,3.0,253
3,period,1850112,39177,breakout,space_invaders,9,2.0,253
3,period,1850112,39177,breakout,space_invaders,10,1.0,253
3,period,1850112,39177,breakout,freeway,1,0.0,25000
3,period,1850112,39177,breakout,freeway,2,0.0,25000
3,period,1850112,39177,breakout,freeway,3,0.0,25000
3,period,1850112,39177,breakout,freeway,4,0.0,25000
3,period,1850112,39177,breakout,freeway,5,0.0,25000
3,period,1850112,39177,breakout,freeway,6,0.0,25000
3,period,1850112,39177,breakout,freeway,7,0.0,25000
3,period,1850112,39177,breakout,freeway,8,0.0,25000
3,period,1850112,39177,breakout,freeway,9,0.0,25000
3,period,1850112,39177,breakout,freeway,10,0.0,25000
3,period,1875200,39599,breakout,breakout,1,6.0,618
3,period,1875200,39599,breakout,breakout,2,5.0,618
3,period,1875200,39599,breakout,breakout,3,6.0,618
3,period,1875200,39599,breakout,breakout,4,5.0,618
3,period,1875200,39599,breakout,breakout,5,5.0,618
3,period,1875200,39599,breakout,breakout,6,6.0,618
3,period,1875200,39599,breakout,breakout,7,6.0,618
3,period,1875200,39599,breakout,breakout,8,4.0,618
3,period,1875200,39599,breakout,breakout,9,6.0,618
3,period,1875200,39599,breakout,breakout,10,3.0,618
3,period,1875200,39599,breakout,space_invaders,1,0.0,273
3,period,1875200,39599,breakout,space_invaders,2,0.0,273
3,period,1875200,39599,breakout,space_invaders,3,2.0,273
3,period,1875200,39599,breakout,space_invaders,4,0.0,273
3,period,1875200,39599,breakout,space_invaders,5,3.0,273
3,period,1875200,39599,breakout,space_invaders,6,1.0,273
3,period,1875200,39599,breakout,space_invaders,7,1.0,273
3,period,1875200,39599,breakout,space_invaders,8,2.0,273
3,period,1875200,39599,breakout,space_invaders,9,2.0,273
3,period,1875200,39599,breakout,space_invaders,10,1.0,273
3,period,1875200,39599,breakout,freeway,1,0.0,25000
3,period,1875200,39599,breakout,freeway,2,0.0,25000
3,period,1875200,39599,breakout,freeway,3,0.0,25000
3,period,1875200,39599,breakout,freeway,4,0.0,25000
3,period,1875200,39599,breakout,freeway,5,0.0,25000
3,period,1875200,39599,breakout,freeway,6,0.0,25000
3,period,1875200,39599,breakout,freeway,7,0.0,25000
3,period,1875200,39599,breakout,freeway,8,0.0,25000
3,period,1875200,39599,breakout,freeway,9,0.0,25000
3,period,1875200,39599,breakout,freeway,10,0.0,25000
3,period,1900032,40016,breakout,breakout,1,5.0,650
3,period,1900032,40016,breakout,breakout,2,5.0,650
3,period,1900032,40016,breakout,breakout,3,6.0,650
3,period,1900032,40016,breakout,breakout,4,6.0,650
3,period,1900032,40016,breakout,breakout,5,5.0,650
3,period,1900032,40016,breakout,breakout,6,6.0,650
3,period,1900032,40016,breakout,breakout,7,5.0,650
3,period,1900032,40016,breakout,breakout,8,5.0,650
3,period,1900032,40016,breakout,breakout,9,6.0,650
3,period,1900032,40016,breakout,breakout,10,6.0,650
3,period,1900032,40016,breakout,space_invaders,1,1.0,222
3,period,1900032,40016,breakout,space_invaders,2,3.0,222
3,period,1900032,40016,breakout,space_invaders,3,1.0,222
3,period,1900032,40016,breakout,space_invaders,4,1.0,222
3,period,1900032,40016,breakout,space_invaders,5,3.0,222
3,period,1900032,40016,breakout,space_invaders,6,0.0,222
3,period,1900032,40016,breakout,space_invaders,7,1.0,222
3,period,1900032,40016,breakout,space_invaders,8,2.0,222
3,period,1900032,40016,breakout,space_invaders,9,1.0,222
3,period,1900032,40016,breakout,space_invaders,10,1.0,222
3,period,1900032,40016,breakout,freeway,1,0.0,25000
3,period,1900032,40016,breakout,freeway,2,0.0,25000
3,period,1900032,40016,breakout,freeway,3,0.0,25000
3,period,1900032,40016,breakout,freeway,4,0.0,25000
3,period,1900032,40016,breakout,freeway,5,0.0,25000
3,period,1900032,40016,breakout,freeway,6,0.0,25000
3,period,1900032,40016,breakout,freeway,7,0.0,25000
3,period,1900032,40016,breakout,freeway,8,0.0,25000
3,period,1900032,40016,breakout,freeway,9,0.0,25000
3,period,1900032,40016,breakout,freeway,10,0.0,25000
3,period,1925120,40434,breakout,breakout,1,6.0,518
3,period,1925120,40434,breakout,breakout,2,2.0,518
3,period,1925120,40434,breakout,breakout,3,5.0,518
3,period,1925120,40434,breakout,breakout,4,4.0,518
3,period,1925120,40434,breakout,breakout,5,4.0,518
3,period,1925120,40434,breakout,breakout,6,6.0,518
3,period,1925120,40434,breakout,breakout,7,2.0,518
3,period,1925120,40434,breakout,breakout,8,5.0,518
3,period,1925120,40434,breakout,breakout,9,6.0,518
3,period,1925120,40434,breakout,breakout,10,3.0,518
3,period,1925120,40434,breakout,space_invaders,1,2.0,273
3,period,1925120,40434,breakout,space_invaders,2,2.0,273
3,period,1925120,40434,breakout,space_invaders,3,2.0,273
3,period,1925120,40434,breakout,space_invaders,4,1.0,273
3,period,1925120,40434,breakout,space_invaders,5,3.0,273
3,period,1925120,40434,breakout,space_invaders,6,3.0,273
3,period,1925120,40434,breakout,space_invaders,7,0.0,273
3,period,1925120,40434,breakout,space_invaders,8,2.0,273
3,period,1925120,40434,breakout,space_invaders,9,2.0,273
3,period,1925120,40434,breakout,space_invaders,10,1.0,273
3,period,1925120,40434,breakout,freeway,1,0.0,25000
3,period,1925120,40434,breakout,freeway,2,0.0,25000
3,period,1925120,40434,breakout,freeway,3,0.0,25000
3,period,1925120,40434,breakout,freeway,4,0.0,25000
3,period,1925120,40434,breakout,freeway,5,0.0,25000
3,period,1925120,40434,breakout,freeway,6,0.0,25000
3,period,1925120,40434,breakout,freeway,7,0.0,25000
3,period,1925120,40434,breakout,freeway,8,0.0,25000
3,period,1925120,40434,breakout,freeway,9,0.0,25000
3,period,1925120,40434,breakout,freeway,10,0.0,25000
3,period,1950208,40859,breakout,breakout,1,6.0,440
3,period,1950208,40859,breakout,breakout,2,3.0,440
3,period,1950208,40859,breakout,breakout,3,6.0,440
3,period,1950208,40859,breakout,breakout,4,2.0,440
3,period,1950208,40859,breakout,breakout,5,2.0,440
3,period,1950208,40859,breakout,breakout,6,6.0,440
3,period,1950208,40859,breakout,breakout,7,5.0,440
3,period,1950208,40859,breakout,breakout,8,1.0,440
3,period,1950208,40859,breakout,breakout,9,2.0,440
3,period,1950208,40859,breakout,breakout,10,3.0,440
3,period,1950208,40859,breakout,space_invaders,1,2.0,221
3,period,1950208,40859,breakout,space_invaders,2,1.0,221
3,period,1950208,40859,breakout,space_invaders,3,1.0,221
3,period,1950208,40859,breakout,space_invaders,4,0.0,221
3,period,1950208,40859,breakout,space_invaders,5,1.0,221
3,period,1950208,40859,breakout,space_invaders,6,2.0,221
3,period,1950208,40859,breakout,space_invaders,7,0.0,221
3,period,1950208,40859,breakout,space_invaders,8,1.0,221
3,period,1950208,40859,breakout,space_invaders,9,3.0,221
3,period,1950208,40859,breakout,space_invaders,10,1.0,221
3,period,1950208,40859,breakout,freeway,1,0.0,25000
3,period,1950208,40859,breakout,freeway,2,0.0,25000
3,period,1950208,40859,breakout,freeway,3,0.0,25000
3,period,1950208,40859,breakout,freeway,4,0.0,25000
3,period,1950208,40859,breakout,freeway,5,0.0,25000
3,period,1950208,40859,breakout,freeway,6,0.0,25000
3,period,1950208,40859,breakout,freeway,7,0.0,25000
3,period,1950208,40859,breakout,freeway,8,0.0,25000
3,period,1950208,40859,breakout,freeway,9,0.0,25000
3,period,1950208,40859,breakout,freeway,10,0.0,25000
3,period,1975040,41279,breakout,breakout,1,6.0,672
3,period,1975040,41279,breakout,breakout,2,6.0,672
3,period,1975040,41279,breakout,breakout,3,6.0,672
3,period,1975040,41279,breakout,breakout,4,5.0,672
3,period,1975040,41279,breakout,breakout,5,6.0,672
3,period,1975040,41279,breakout,breakout,6,5.0,672
3,period,1975040,41279,breakout,breakout,7,6.0,672
3,period,1975040,41279,breakout,breakout,8,6.0,672
3,period,1975040,41279,breakout,breakout,9,6.0,672
3,period,1975040,41279,breakout,breakout,10,5.0,672
3,period,1975040,41279,breakout,space_invaders,1,2.0,237
3,period,1975040,41279,breakout,space_invaders,2,0.0,237
3,period,1975040,41279,breakout,space_invaders,3,4.0,237
3,period,1975040,41279,breakout,space_invaders,4,4.0,237
3,period,1975040,41279,breakout,space_invaders,5,2.0,237
3,period,1975040,41279,breakout,space_invaders,6,1.0,237
3,period,1975040,41279,breakout,space_invaders,7,1.0,237
3,period,1975040,41279,breakout,space_invaders,8,1.0,237
3,period,1975040,41279,breakout,space_invaders,9,2.0,237
3,period,1975040,41279,breakout,space_invaders,10,1.0,237
3,period,1975040,41279,breakout,freeway,1,0.0,25000
3,period,1975040,41279,breakout,freeway,2,0.0,25000
3,period,1975040,41279,breakout,freeway,3,0.0,25000
3,period,1975040,41279,breakout,freeway,4,0.0,25000
3,period,1975040,41279,breakout,freeway,5,0.0,25000
3,period,1975040,41279,breakout,freeway,6,0.0,25000
3,period,1975040,41279,breakout,freeway,7,0.0,25000
3,period,1975040,41279,breakout,freeway,8,0.0,25000
3,period,1975040,41279,breakout,freeway,9,0.0,25000
3,period,1975040,41279,breakout,freeway,10,0.0,25000
4,boundary,2499840,50030,breakout,breakout,1,5.0,586
4,boundary,2499840,50030,breakout,breakout,2,2.0,586
4,boundary,2499840,50030,breakout,breakout,3,2.0,586
4,boundary,2499840,50030,breakout,breakout,4,6.0,586
4,boundary,2499840,50030,breakout,breakout,5,6.0,586
4,boundary,2499840,50030,breakout,breakout,6,6.0,586
4,boundary,2499840,50030,breakout,breakout,7,6.0,586
4,boundary,2499840,50030,breakout,breakout,8,5.0,586
4,boundary,2499840,50030,breakout,breakout,9,5.0,586
4,boundary,2499840,50030,breakout,breakout,10,6.0,586
4,boundary,2499840,50030,breakout,space_invaders,1,2.0,318
4,boundary,2499840,50030,breakout,space_invaders,2,1.0,318
4,boundary,2499840,50030,breakout,space_invaders,3,3.0,318
4,boundary,2499840,50030,breakout,space_invaders,4,3.0,318
4,boundary,2499840,50030,breakout,space_invaders,5,2.0,318
4,boundary,2499840,50030,breakout,space_invaders,6,0.0,318
4,boundary,2499840,50030,breakout,space_invaders,7,1.0,318
4,boundary,2499840,50030,breakout,space_invaders,8,1.0,318
4,boundary,2499840,50030,breakout,space_invaders,9,4.0,318
4,boundary,2499840,50030,breakout,space_invaders,10,3.0,318
4,boundary,2499840,50030,breakout,freeway,1,0.0,25000
4,boundary,2499840,50030,breakout,freeway,2,0.0,25000
4,boundary,2499840,50030,breakout,freeway,3,0.0,25000
4,boundary,2499840,50030,breakout,freeway,4,0.0,25000
4,boundary,2499840,50030,breakout,freeway,5,0.0,25000
4,boundary,2499840,50030,breakout,freeway,6,0.0,25000
4,boundary,2499840,50030,breakout,freeway,7,0.0,25000
4,boundary,2499840,50030,breakout,freeway,8,0.0,25000
4,boundary,2499840,50030,breakout,freeway,9,0.0,25000
4,boundary,2499840,50030,breakout,freeway,10,0.0,25000
4,period,2000128,41692,breakout,breakout,1,5.0,628
4,period,2000128,41692,breakout,breakout,2,5.0,628
4,period,2000128,41692,breakout,breakout,3,4.0,628
4,period,2000128,41692,breakout,breakout,4,6.0,628
4,period,2000128,41692,breakout,breakout,5,6.0,628
4,period,2000128,41692,breakout,breakout,6,6.0,628
4,period,2000128,41692,breakout,breakout,7,6.0,628
4,period,2000128,41692,breakout,breakout,8,5.0,628
4,period,2000128,41692,breakout,breakout,9,4.0,628
4,period,2000128,41692,breakout,breakout,10,6.0,628
4,period,2000128,41692,breakout,space_invaders,1,1.0,241
4,period,2000128,41692,breakout,space_invaders,2,2.0,241
4,period,2000128,41692,breakout,space_invaders,3,1.0,241
4,period,2000128,41692,breakout,space_invaders,4,1.0,241
4,period,2000128,41692,breakout,space_invaders,5,1.0,241
4,period,2000128,41692,breakout,space_invaders,6,5.0,241
4,period,2000128,41692,breakout,space_invaders,7,1.0,241
4,period,2000128,41692,breakout,space_invaders,8,1.0,241
4,period,2000128,41692,breakout,space_invaders,9,2.0,241
4,period,2000128,41692,breakout,space_invaders,10,4.0,241
4,period,2000128,41692,breakout,freeway,1,0.0,25000
4,period,2000128,41692,breakout,freeway,2,0.0,25000
4,period,2000128,41692,breakout,freeway,3,0.0,25000
4,period,2000128,41692,breakout,freeway,4,0.0,25000
4,period,2000128,41692,breakout,freeway,5,0.0,25000
4,period,2000128,41692,breakout,freeway,6,0.0,25000
4,period,2000128,41692,breakout,freeway,7,0.0,25000
4,period,2000128,41692,breakout,freeway,8,0.0,25000
4,period,2000128,41692,breakout,freeway,9,0.0,25000
4,period,2000128,41692,breakout,freeway,10,0.0,25000
4,period,2025216,42103,breakout,breakout,1,2.0,626
4,period,2025216,42103,breakout,breakout,2,6.0,626
4,period,2025216,42103,breakout,breakout,3,6.0,626
4,period,2025216,42103,breakout,breakout,4,6.0,626
4,period,2025216,42103,breakout,breakout,5,5.0,626
4,period,2025216,42103,breakout,breakout,6,6.0,626
4,period,2025216,42103,breakout,breakout,7,6.0,626
4,period,2025216,42103,breakout,breakout,8,6.0,626
4,period,2025216,42103,breakout,breakout,9,5.0,626
4,period,2025216,42103,breakout,breakout,10,5.0,626
4,period,2025216,42103,breakout,space_invaders,1,1.0,244
4,period,2025216,42103,breakout,space_invaders,2,2.0,244
4,period,2025216,42103,breakout,space_invaders,3,0.0,244
4,period,2025216,42103,breakout,space_invaders,4,0.0,244
4,period,2025216,42103,breakout,space_invaders,5,2.0,244
4,period,2025216,42103,breakout,space_invaders,6,4.0,244
4,period,2025216,42103,breakout,space_invaders,7,1.0,244
4,period,2025216,42103,breakout,space_invaders,8,1.0,244
4,period,2025216,42103,breakout,space_invaders,9,1.0,244
4,period,2025216,42103,breakout,space_invaders,10,3.0,244
4,period,2025216,42103,breakout,freeway,1,0.0,25000
4,period,2025216,42103,breakout,freeway,2,0.0,25000
4,period,2025216,42103,breakout,freeway,3,0.0,25000
4,period,2025216,42103,breakout,freeway,4,1.0,25000
4,period,2025216,42103,breakout,freeway,5,0.0,25000
4,period,2025216,42103,breakout,freeway,6,0.0,25000
4,period,2025216,42103,breakout,freeway,7,0.0,25000
4,period,2025216,42103,breakout,freeway,8,0.0,25000
4,period,2025216,42103,breakout,freeway,9,0.0,25000
4,period,2025216,42103,breakout,freeway,10,0.0,25000
4,period,2050048,42525,breakout,breakout,1,5.0,674
4,period,2050048,42525,breakout,breakout,2,6.0,674
4,period,2050048,42525,breakout,breakout,3,6.0,674
4,period,2050048,42525,breakout,breakout,4,5.0,674
4,period,2050048,42525,breakout,breakout,5,6.0,674
4,period,2050048,42525,breakout,breakout,6,6.0,674
4,period,2050048,42525,breakout,breakout,7,6.0,674
4,period,2050048,42525,breakout,breakout,8,5.0,674
4,period,2050048,42525,breakout,breakout,9,6.0,674
4,period,2050048,42525,breakout,breakout,10,6.0,674
4,period,2050048,42525,breakout,space_invaders,1,3.0,276
4,period,2050048,42525,breakout,space_invaders,2,1.0,276
4,period,2050048,42525,breakout,space_invaders,3,4.0,276
4,period,2050048,42525,breakout,space_invaders,4,0.0,276
4,period,2050048,42525,breakout,space_invaders,5,4.0,276
4,period,2050048,42525,breakout,space_invaders,6,1.0,276
4,period,2050048,42525,breakout,space_invaders,7,0.0,276
4,period,2050048,42525,breakout,space_invaders,8,2.0,276
4,period,2050048,42525,breakout,space_invaders,9,4.0,276
4,period,2050048,42525,breakout,space_invaders,10,2.0,276
4,period,2050048,42525,breakout,freeway,1,0.0,25000
4,period,2050048,42525,breakout,freeway,2,0.0,25000
4,period,2050048,42525,breakout,freeway,3,0.0,25000
4,period,2050048,42525,breakout,freeway,4,0.0,25000
4,period,2050048,42525,breakout,freeway,5,0.0,25000
4,period,2050048,42525,breakout,freeway,6,0.0,25000
4,period,2050048,42525,breakout,freeway,7,0.0,25000
4,period,2050048,42525,breakout,freeway,8,0.0,25000
4,period,2050048,42525,breakout,freeway,9,0.0,25000
4,period,2050048,42525,breakout,freeway,10,0.0,25000
4,period,2075136,42949,breakout,breakout,1,6.0,648
4,period,2075136,42949,breakout,breakout,2,6.0,648
4,period,2075136,42949,breakout,breakout,3,3.0,648
4,period,2075136,42949,breakout,breakout,4,6.0,648
4,period,2075136,42949,breakout,breakout,5,6.0,648
4,period,2075136,42949,breakout,breakout,6,4.0,648
4,period,2075136,42949,breakout,breakout,7,6.0,648
4,period,2075136,42949,breakout,breakout,8,6.0,648
4,period,2075136,42949,breakout,breakout,9,6.0,648
4,period,2075136,42949,breakout,breakout,10,6.0,648
4,period,2075136,42949,breakout,space_invaders,1,0.0,214
4,period,2075136,42949,breakout,space_invaders,2,2.0,214
4,period,2075136,42949,breakout,space_invaders,3,1.0,214
4,period,2075136,42949,breakout,space_invaders,4,0.0,214
4,period,2075136,42949,breakout,space_invaders,5,2.0,214
4,period,2075136,42949,breakout,space_invaders,6,3.0,214
4,period,2075136,42949,breakout,space_invaders,7,1.0,214
4,period,2075136,42949,breakout,space_invaders,8,1.0,214
4,period,2075136,42949,breakout,space_invaders,9,2.0,214
4,period,2075136,42949,breakout,space_invaders,10,1.0,214
4,period,2075136,42949,breakout,freeway,1,0.0,25000
4,period,2075136,42949,breakout,freeway,2,0.0,25000
4,period,2075136,42949,breakout,freeway,3,0.0,25000
4,period,2075136,42949,breakout,freeway,4,0.0,25000
4,period,2075136,42949,breakout,freeway,5,0.0,25000
4,period,2075136,42949,breakout,freeway,6,0.0,25000
4,period,2075136,42949,breakout,freeway,7,0.0,25000
4,period,2075136,42949,breakout,freeway,8,0.0,25000
4,period,2075136,42949,breakout,freeway,9,0.0,25000
4,period,2075136,42949,breakout,freeway,10,0.0,25000
4,period,2100224,43366,breakout,breakout,1,2.0,574
4,period,2100224,43366,breakout,breakout,2,4.0,574
4,period,2100224,43366,breakout,breakout,3,5.0,574
4,period,2100224,43366,breakout,breakout,4,6.0,574
4,period,2100224,43366,breakout,breakout,5,6.0,574
4,period,2100224,43366,breakout,breakout,6,5.0,574
4,period,2100224,43366,breakout,breakout,7,3.0,574
4,period,2100224,43366,breakout,breakout,8,5.0,574
4,period,2100224,43366,breakout,breakout,9,6.0,574
4,period,2100224,43366,breakout,breakout,10,6.0,574
4,period,2100224,43366,breakout,space_invaders,1,1.0,240
4,period,2100224,43366,breakout,space_invaders,2,2.0,240
4,period,2100224,43366,breakout,space_invaders,3,2.0,240
4,period,2100224,43366,breakout,space_invaders,4,2.0,240
4,period,2100224,43366,breakout,space_invaders,5,3.0,240
4,period,2100224,43366,breakout,space_invaders,6,5.0,240
4,period,2100224,43366,breakout,space_invaders,7,1.0,240
4,period,2100224,43366,breakout,space_invaders,8,1.0,240
4,period,2100224,43366,breakout,space_invaders,9,0.0,240
4,period,2100224,43366,breakout,space_invaders,10,0.0,240
4,period,2100224,43366,breakout,freeway,1,0.0,25000
4,period,2100224,43366,breakout,freeway,2,0.0,25000
4,period,2100224,43366,breakout,freeway,3,0.0,25000
4,period,2100224,43366,breakout,freeway,4,0.0,25000
4,period,2100224,43366,breakout,freeway,5,0.0,25000
4,period,2100224,43366,breakout,freeway,6,0.0,25000
4,period,2100224,43366,breakout,freeway,7,0.0,25000
4,period,2100224,43366,breakout,freeway,8,0.0,25000
4,period,2100224,43366,breakout,freeway,9,0.0,25000
4,period,2100224,43366,breakout,freeway,10,1.0,25000
4,period,2125056,43782,breakout,breakout,1,5.0,618
4,period,2125056,43782,breakout,breakout,2,6.0,618
4,period,2125056,43782,breakout,breakout,3,5.0,618
4,period,2125056,43782,breakout,breakout,4,6.0,618
4,period,2125056,43782,breakout,breakout,5,6.0,618
4,period,2125056,43782,breakout,breakout,6,5.0,618
4,period,2125056,43782,breakout,breakout,7,2.0,618
4,period,2125056,43782,breakout,breakout,8,6.0,618
4,period,2125056,43782,breakout,breakout,9,6.0,618
4,period,2125056,43782,breakout,breakout,10,5.0,618
4,period,2125056,43782,breakout,space_invaders,1,4.0,281
4,period,2125056,43782,breakout,space_invaders,2,3.0,281
4,period,2125056,43782,breakout,space_invaders,3,3.0,281
4,period,2125056,43782,breakout,space_invaders,4,3.0,281
4,period,2125056,43782,breakout,space_invaders,5,3.0,281
4,period,2125056,43782,breakout,space_invaders,6,1.0,281
4,period,2125056,43782,breakout,space_invaders,7,2.0,281
4,period,2125056,43782,breakout,space_invaders,8,1.0,281
4,period,2125056,43782,breakout,space_invaders,9,2.0,281
4,period,2125056,43782,breakout,space_invaders,10,2.0,281
4,period,2125056,43782,breakout,freeway,1,0.0,25000
4,period,2125056,43782,breakout,freeway,2,0.0,25000
4,period,2125056,43782,breakout,freeway,3,0.0,25000
4,period,2125056,43782,breakout,freeway,4,0.0,25000
4,period,2125056,43782,breakout,freeway,5,0.0,25000
4,period,2125056,43782,breakout,freeway,6,0.0,25000
4,period,2125056,43782,breakout,freeway,7,0.0,25000
4,period,2125056,43782,breakout,freeway,8,0.0,25000
4,period,2125056,43782,breakout,freeway,9,0.0,25000
4,period,2125056,43782,breakout,freeway,10,0.0,25000
4,period,2150144,44207,breakout,breakout,1,6.0,628
4,period,2150144,44207,breakout,breakout,2,6.0,628
4,period,2150144,44207,breakout,breakout,3,5.0,628
4,period,2150144,44207,breakout,breakout,4,6.0,628
4,period,2150144,44207,breakout,breakout,5,6.0,628
4,period,2150144,44207,breakout,breakout,6,5.0,628
4,period,2150144,44207,breakout,breakout,7,5.0,628
4,period,2150144,44207,breakout,breakout,8,5.0,628
4,period,2150144,44207,breakout,breakout,9,3.0,628
4,period,2150144,44207,breakout,breakout,10,6.0,628
4,period,2150144,44207,breakout,space_invaders,1,1.0,253
4,period,2150144,44207,breakout,space_invaders,2,2.0,253
4,period,2150144,44207,breakout,space_invaders,3,3.0,253
4,period,2150144,44207,breakout,space_invaders,4,1.0,253
4,period,2150144,44207,breakout,space_invaders,5,2.0,253
4,period,2150144,44207,breakout,space_invaders,6,2.0,253
4,period,2150144,44207,breakout,space_invaders,7,2.0,253
4,period,2150144,44207,breakout,space_invaders,8,2.0,253
4,period,2150144,44207,breakout,space_invaders,9,3.0,253
4,period,2150144,44207,breakout,space_invaders,10,0.0,253
4,period,2150144,44207,breakout,freeway,1,0.0,25000
4,period,2150144,44207,breakout,freeway,2,0.0,25000
4,period,2150144,44207,breakout,freeway,3,0.0,25000
4,period,2150144,44207,breakout,freeway,4,0.0,25000
4,period,2150144,44207,breakout,freeway,5,0.0,25000
4,period,2150144,44207,breakout,freeway,6,0.0,25000
4,period,2150144,44207,breakout,freeway,7,0.0,25000
4,period,2150144,44207,breakout,freeway,8,0.0,25000
4,period,2150144,44207,breakout,freeway,9,0.0,25000
4,period,2150144,44207,breakout,freeway,10,0.0,25000
4,period,2175232,44620,breakout,breakout,1,6.0,628
4,period,2175232,44620,breakout,breakout,2,6.0,628
4,period,2175232,44620,breakout,breakout,3,6.0,628
4,period,2175232,44620,breakout,breakout,4,3.0,628
4,period,2175232,44620,breakout,breakout,5,5.0,628
4,period,2175232,44620,breakout,breakout,6,6.0,628
4,period,2175232,44620,breakout,breakout,7,5.0,628
4,period,2175232,44620,breakout,breakout,8,5.0,628
4,period,2175232,44620,breakout,breakout,9,5.0,628
4,period,2175232,44620,breakout,breakout,10,6.0,628
4,period,2175232,44620,breakout,space_invaders,1,1.0,214
4,period,2175232,44620,breakout,space_invaders,2,2.0,214
4,period,2175232,44620,breakout,space_invaders,3,0.0,214
4,period,2175232,44620,breakout,space_invaders,4,2.0,214
4,period,2175232,44620,breakout,space_invaders,5,1.0,214
4,period,2175232,44620,breakout,space_invaders,6,1.0,214
4,period,2175232,44620,breakout,space_invaders,7,1.0,214
4,period,2175232,44620,breakout,space_invaders,8,2.0,214
4,period,2175232,44620,breakout,space_invaders,9,2.0,214
4,period,2175232,44620,breakout,space_invaders,10,2.0,214
4,period,2175232,44620,breakout,freeway,1,0.0,25000
4,period,2175232,44620,breakout,freeway,2,0.0,25000
4,period,2175232,44620,breakout,freeway,3,0.0,25000
4,period,2175232,44620,breakout,freeway,4,0.0,25000
4,period,2175232,44620,breakout,freeway,5,0.0,25000
4,period,2175232,44620,breakout,freeway,6,0.0,25000
4,period,2175232,44620,breakout,freeway,7,0.0,25000
4,period,2175232,44620,breakout,freeway,8,0.0,25000
4,period,2175232,44620,breakout,freeway,9,0.0,25000
4,period,2175232,44620,breakout,freeway,10,0.0,25000
4,period,2200064,45035,breakout,breakout,1,5.0,626
4,period,2200064,45035,breakout,breakout,2,6.0,626
4,period,2200064,45035,breakout,breakout,3,4.0,626
4,period,2200064,45035,breakout,breakout,4,6.0,626
4,period,2200064,45035,breakout,breakout,5,6.0,626
4,period,2200064,45035,breakout,breakout,6,4.0,626
4,period,2200064,45035,breakout,breakout,7,6.0,626
4,period,2200064,45035,breakout,breakout,8,6.0,626
4,period,2200064,45035,breakout,breakout,9,4.0,626
4,period,2200064,45035,breakout,breakout,10,6.0,626
4,period,2200064,45035,breakout,space_invaders,1,5.0,283
4,period,2200064,45035,breakout,space_invaders,2,1.0,283
4,period,2200064,45035,breakout,space_invaders,3,2.0,283
4,period,2200064,45035,breakout,space_invaders,4,4.0,283
4,period,2200064,45035,breakout,space_invaders,5,1.0,283
4,period,2200064,45035,breakout,space_invaders,6,1.0,283
4,period,2200064,45035,breakout,space_invaders,7,1.0,283
4,period,2200064,45035,breakout,space_invaders,8,2.0,283
4,period,2200064,45035,breakout,space_invaders,9,4.0,283
4,period,2200064,45035,breakout,space_invaders,10,2.0,283
4,period,2200064,45035,breakout,freeway,1,0.0,25000
4,period,2200064,45035,breakout,freeway,2,0.0,25000
4,period,2200064,45035,breakout,freeway,3,0.0,25000
4,period,2200064,45035,breakout,freeway,4,0.0,25000
4,period,2200064,45035,breakout,freeway,5,0.0,25000
4,period,2200064,45035,breakout,freeway,6,0.0,25000
4,period,2200064,45035,breakout,freeway,7,0.0,25000
4,period,2200064,45035,breakout,freeway,8,0.0,25000
4,period,2200064,45035,breakout,freeway,9,0.0,25000
4,period,2200064,45035,breakout,freeway,10,0.0,25000
4,period,2225152,45452,breakout,breakout,1,5.0,632
4,period,2225152,45452,breakout,breakout,2,6.0,632
4,period,2225152,45452,breakout,breakout,3,3.0,632
4,period,2225152,45452,breakout,breakout,4,5.0,632
4,period,2225152,45452,breakout,breakout,5,6.0,632
4,period,2225152,45452,breakout,breakout,6,5.0,632
4,period,2225152,45452,breakout,breakout,7,6.0,632
4,period,2225152,45452,breakout,breakout,8,5.0,632
4,period,2225152,45452,breakout,breakout,9,6.0,632
4,period,2225152,45452,breakout,breakout,10,6.0,632
4,period,2225152,45452,breakout,space_invaders,1,2.0,234
4,period,2225152,45452,breakout,space_invaders,2,1.0,234
4,period,2225152,45452,breakout,space_invaders,3,2.0,234
4,period,2225152,45452,breakout,space_invaders,4,2.0,234
4,period,2225152,45452,breakout,space_invaders,5,4.0,234
4,period,2225152,45452,breakout,space_invaders,6,1.0,234
4,period,2225152,45452,breakout,space_invaders,7,0.0,234
4,period,2225152,45452,breakout,space_invaders,8,2.0,234
4,period,2225152,45452,breakout,space_invaders,9,1.0,234
4,period,2225152,45452,breakout,space_invaders,10,0.0,234
4,period,2225152,45452,breakout,freeway,1,0.0,25000
4,period,2225152,45452,breakout,freeway,2,0.0,25000
4,period,2225152,45452,breakout,freeway,3,0.0,25000
4,period,2225152,45452,breakout,freeway,4,0.0,25000
4,period,2225152,45452,breakout,freeway,5,0.0,25000
4,period,2225152,45452,breakout,freeway,6,0.0,25000
4,period,2225152,45452,breakout,freeway,7,0.0,25000
4,period,2225152,45452,breakout,freeway,8,0.0,25000
4,period,2225152,45452,breakout,freeway,9,0.0,25000
4,period,2225152,45452,breakout,freeway,10,0.0,25000
4,period,2250240,45879,breakout,breakout,1,6.0,598
4,period,2250240,45879,breakout,breakout,2,6.0,598
4,period,2250240,45879,breakout,breakout,3,6.0,598
4,period,2250240,45879,breakout,breakout,4,5.0,598
4,period,2250240,45879,breakout,breakout,5,6.0,598
4,period,2250240,45879,breakout,breakout,6,5.0,598
4,period,2250240,45879,breakout,breakout,7,5.0,598
4,period,2250240,45879,breakout,breakout,8,3.0,598
4,period,2250240,45879,breakout,breakout,9,5.0,598
4,period,2250240,45879,breakout,breakout,10,3.0,598
4,period,2250240,45879,breakout,space_invaders,1,4.0,283
4,period,2250240,45879,breakout,space_invaders,2,1.0,283
4,period,2250240,45879,breakout,space_invaders,3,4.0,283
4,period,2250240,45879,breakout,space_invaders,4,3.0,283
4,period,2250240,45879,breakout,space_invaders,5,1.0,283
4,period,2250240,45879,breakout,space_invaders,6,1.0,283
4,period,2250240,45879,breakout,space_invaders,7,2.0,283
4,period,2250240,45879,breakout,space_invaders,8,3.0,283
4,period,2250240,45879,breakout,space_invaders,9,1.0,283
4,period,2250240,45879,breakout,space_invaders,10,1.0,283
4,period,2250240,45879,breakout,freeway,1,0.0,25000
4,period,2250240,45879,breakout,freeway,2,0.0,25000
4,period,2250240,45879,breakout,freeway,3,0.0,25000
4,period,2250240,45879,breakout,freeway,4,0.0,25000
4,period,2250240,45879,breakout,freeway,5,0.0,25000
4,period,2250240,45879,breakout,freeway,6,0.0,25000
4,period,2250240,45879,breakout,freeway,7,0.0,25000
4,period,2250240,45879,breakout,freeway,8,0.0,25000
4,period,2250240,45879,breakout,freeway,9,0.0,25000
4,period,2250240,45879,breakout,freeway,10,0.0,25000
4,period,2275072,46295,breakout,breakout,1,5.0,606
4,period,2275072,46295,breakout,breakout,2,5.0,606
4,period,2275072,46295,breakout,breakout,3,5.0,606
4,period,2275072,46295,breakout,breakout,4,6.0,606
4,period,2275072,46295,breakout,breakout,5,6.0,606
4,period,2275072,46295,breakout,breakout,6,6.0,606
4,period,2275072,46295,breakout,breakout,7,5.0,606
4,period,2275072,46295,breakout,breakout,8,2.0,606
4,period,2275072,46295,breakout,breakout,9,6.0,606
4,period,2275072,46295,breakout,breakout,10,5.0,606
4,period,2275072,46295,breakout,space_invaders,1,2.0,226
4,period,2275072,46295,breakout,space_invaders,2,2.0,226
4,period,2275072,46295,breakout,space_invaders,3,1.0,226
4,period,2275072,46295,breakout,space_invaders,4,2.0,226
4,period,2275072,46295,breakout,space_invaders,5,3.0,226
4,period,2275072,46295,breakout,space_invaders,6,2.0,226
4,period,2275072,46295,breakout,space_invaders,7,2.0,226
4,period,2275072,46295,breakout,space_invaders,8,1.0,226
4,period,2275072,46295,breakout,space_invaders,9,0.0,226
4,period,2275072,46295,breakout,space_invaders,10,1.0,226
4,period,2275072,46295,breakout,freeway,1,0.0,25000
4,period,2275072,46295,breakout,freeway,2,0.0,25000
4,period,2275072,46295,breakout,freeway,3,0.0,25000
4,period,2275072,46295,breakout,freeway,4,0.0,25000
4,period,2275072,46295,breakout,freeway,5,0.0,25000
4,period,2275072,46295,breakout,freeway,6,0.0,25000
4,period,2275072,46295,breakout,freeway,7,0.0,25000
4,period,2275072,46295,breakout,freeway,8,0.0,25000
4,period,2275072,46295,breakout,freeway,9,0.0,25000
4,period,2275072,46295,breakout,freeway,10,0.0,25000
4,period,2300160,46715,breakout,breakout,1,5.0,564
4,period,2300160,46715,breakout,breakout,2,3.0,564
4,period,2300160,46715,breakout,breakout,3,0.0,564
4,period,2300160,46715,breakout,breakout,4,6.0,564
4,period,2300160,46715,breakout,breakout,5,5.0,564
4,period,2300160,46715,breakout,breakout,6,6.0,564
4,period,2300160,46715,breakout,breakout,7,6.0,564
4,period,2300160,46715,breakout,breakout,8,6.0,564
4,period,2300160,46715,breakout,breakout,9,4.0,564
4,period,2300160,46715,breakout,breakout,10,6.0,564
4,period,2300160,46715,breakout,space_invaders,1,0.0,203
4,period,2300160,46715,breakout,space_invaders,2,3.0,203
4,period,2300160,46715,breakout,space_invaders,3,1.0,203
4,period,2300160,46715,breakout,space_invaders,4,1.0,203
4,period,2300160,46715,breakout,space_invaders,5,2.0,203
4,period,2300160,46715,breakout,space_invaders,6,1.0,203
4,period,2300160,46715,breakout,space_invaders,7,1.0,203
4,period,2300160,46715,breakout,space_invaders,8,0.0,203
4,period,2300160,46715,breakout,space_invaders,9,0.0,203
4,period,2300160,46715,breakout,space_invaders,10,1.0,203
4,period,2300160,46715,breakout,freeway,1,0.0,25000
4,period,2300160,46715,breakout,freeway,2,0.0,25000
4,period,2300160,46715,breakout,freeway,3,1.0,25000
4,period,2300160,46715,breakout,freeway,4,0.0,25000
4,period,2300160,46715,breakout,freeway,5,0.0,25000
4,period,2300160,46715,breakout,freeway,6,0.0,25000
4,period,2300160,46715,breakout,freeway,7,0.0,25000
4,period,2300160,46715,breakout,freeway,8,0.0,25000
4,period,2300160,46715,breakout,freeway,9,0.0,25000
4,period,2300160,46715,breakout,freeway,10,0.0,25000
4,period,2325248,47132,breakout,breakout,1,5.0,640
4,period,2325248,47132,breakout,breakout,2,5.0,640
4,period,2325248,47132,breakout,breakout,3,5.0,640
4,period,2325248,47132,breakout,breakout,4,5.0,640
4,period,2325248,47132,breakout,breakout,5,5.0,640
4,period,2325248,47132,breakout,breakout,6,6.0,640
4,period,2325248,47132,breakout,breakout,7,6.0,640
4,period,2325248,47132,breakout,breakout,8,5.0,640
4,period,2325248,47132,breakout,breakout,9,6.0,640
4,period,2325248,47132,breakout,breakout,10,6.0,640
4,period,2325248,47132,breakout,space_invaders,1,2.0,303
4,period,2325248,47132,breakout,space_invaders,2,4.0,303
4,period,2325248,47132,breakout,space_invaders,3,1.0,303
4,period,2325248,47132,breakout,space_invaders,4,4.0,303
4,period,2325248,47132,breakout,space_invaders,5,2.0,303
4,period,2325248,47132,breakout,space_invaders,6,2.0,303
4,period,2325248,47132,breakout,space_invaders,7,0.0,303
4,period,2325248,47132,breakout,space_invaders,8,1.0,303
4,period,2325248,47132,breakout,space_invaders,9,2.0,303
4,period,2325248,47132,breakout,space_invaders,10,1.0,303
4,period,2325248,47132,breakout,freeway,1,0.0,25000
4,period,2325248,47132,breakout,freeway,2,0.0,25000
4,period,2325248,47132,breakout,freeway,3,0.0,25000
4,period,2325248,47132,breakout,freeway,4,0.0,25000
4,period,2325248,47132,breakout,freeway,5,0.0,25000
4,period,2325248,47132,breakout,freeway,6,0.0,25000
4,period,2325248,47132,breakout,freeway,7,0.0,25000
4,period,2325248,47132,breakout,freeway,8,0.0,25000
4,period,2325248,47132,breakout,freeway,9,0.0,25000
4,period,2325248,47132,breakout,freeway,10,1.0,25000
4,period,2350080,47548,breakout,breakout,1,2.0,576
4,period,2350080,47548,breakout,breakout,2,5.0,576
4,period,2350080,47548,breakout,breakout,3,6.0,576
4,period,2350080,47548,breakout,breakout,4,5.0,576
4,period,2350080,47548,breakout,breakout,5,3.0,576
4,period,2350080,47548,breakout,breakout,6,6.0,576
4,period,2350080,47548,breakout,breakout,7,6.0,576
4,period,2350080,47548,breakout,breakout,8,5.0,576
4,period,2350080,47548,breakout,breakout,9,5.0,576
4,period,2350080,47548,breakout,breakout,10,5.0,576
4,period,2350080,47548,breakout,space_invaders,1,1.0,245
4,period,2350080,47548,breakout,space_invaders,2,4.0,245
4,period,2350080,47548,breakout,space_invaders,3,2.0,245
4,period,2350080,47548,breakout,space_invaders,4,1.0,245
4,period,2350080,47548,breakout,space_invaders,5,0.0,245
4,period,2350080,47548,breakout,space_invaders,6,2.0,245
4,period,2350080,47548,breakout,space_invaders,7,1.0,245
4,period,2350080,47548,breakout,space_invaders,8,2.0,245
4,period,2350080,47548,breakout,space_invaders,9,2.0,245
4,period,2350080,47548,breakout,space_invaders,10,2.0,245
4,period,2350080,47548,breakout,freeway,1,0.0,25000
4,period,2350080,47548,breakout,freeway,2,0.0,25000
4,period,2350080,47548,breakout,freeway,3,0.0,25000
4,period,2350080,47548,breakout,freeway,4,0.0,25000
4,period,2350080,47548,breakout,freeway,5,0.0,25000
4,period,2350080,47548,breakout,freeway,6,0.0,25000
4,period,2350080,47548,breakout,freeway,7,0.0,25000
4,period,2350080,47548,breakout,freeway,8,1.0,25000
4,period,2350080,47548,breakout,freeway,9,0.0,25000
4,period,2350080,47548,breakout,freeway,10,0.0,25000
4,period,2375168,47966,breakout,breakout,1,6.0,564
4,period,2375168,47966,breakout,breakout,2,2.0,564
4,period,2375168,47966,breakout,breakout,3,6.0,564
4,period,2375168,47966,breakout,breakout,4,6.0,564
4,period,2375168,47966,breakout,breakout,5,5.0,564
4,period,2375168,47966,breakout,breakout,6,6.0,564
4,period,2375168,47966,breakout,breakout,7,2.0,564
4,period,2375168,47966,breakout,breakout,8,6.0,564
4,period,2375168,47966,breakout,breakout,9,6.0,564
4,period,2375168,47966,breakout,breakout,10,2.0,564
4,period,2375168,47966,breakout,space_invaders,1,2.0,303
4,period,2375168,47966,breakout,space_invaders,2,1.0,303
4,period,2375168,47966,breakout,space_invaders,3,1.0,303
4,period,2375168,47966,breakout,space_invaders,4,1.0,303
4,period,2375168,47966,breakout,space_invaders,5,3.0,303
4,period,2375168,47966,breakout,space_invaders,6,3.0,303
4,period,2375168,47966,breakout,space_invaders,7,3.0,303
4,period,2375168,47966,breakout,space_invaders,8,2.0,303
4,period,2375168,47966,breakout,space_invaders,9,3.0,303
4,period,2375168,47966,breakout,space_invaders,10,1.0,303
4,period,2375168,47966,breakout,freeway,1,0.0,25000
4,period,2375168,47966,breakout,freeway,2,0.0,25000
4,period,2375168,47966,breakout,freeway,3,0.0,25000
4,period,2375168,47966,breakout,freeway,4,0.0,25000
4,period,2375168,47966,breakout,freeway,5,0.0,25000
4,period,2375168,47966,breakout,freeway,6,0.0,25000
4,period,2375168,47966,breakout,freeway,7,0.0,25000
4,period,2375168,47966,breakout,freeway,8,0.0,25000
4,period,2375168,47966,breakout,freeway,9,0.0,25000
4,period,2375168,47966,breakout,freeway,10,0.0,25000
4,period,2400000,48375,breakout,breakout,1,5.0,566
4,period,2400000,48375,breakout,breakout,2,4.0,566
4,period,2400000,48375,breakout,breakout,3,5.0,566
4,period,2400000,48375,breakout,breakout,4,5.0,566
4,period,2400000,48375,breakout,breakout,5,6.0,566
4,period,2400000,48375,breakout,breakout,6,6.0,566
4,period,2400000,48375,breakout,breakout,7,5.0,566
4,period,2400000,48375,breakout,breakout,8,4.0,566
4,period,2400000,48375,breakout,breakout,9,5.0,566
4,period,2400000,48375,breakout,breakout,10,2.0,566
4,period,2400000,48375,breakout,space_invaders,1,0.0,263
4,period,2400000,48375,breakout,space_invaders,2,2.0,263
4,period,2400000,48375,breakout,space_invaders,3,3.0,263
4,period,2400000,48375,breakout,space_invaders,4,3.0,263
4,period,2400000,48375,breakout,space_invaders,5,1.0,263
4,period,2400000,48375,breakout,space_invaders,6,3.0,263
4,period,2400000,48375,breakout,space_invaders,7,1.0,263
4,period,2400000,48375,breakout,space_invaders,8,1.0,263
4,period,2400000,48375,breakout,space_invaders,9,1.0,263
4,period,2400000,48375,breakout,space_invaders,10,2.0,263
4,period,2400000,48375,breakout,freeway,1,0.0,25000
4,period,2400000,48375,breakout,freeway,2,0.0,25000
4,period,2400000,48375,breakout,freeway,3,0.0,25000
4,period,2400000,48375,breakout,freeway,4,0.0,25000
4,period,2400000,48375,breakout,freeway,5,1.0,25000
4,period,2400000,48375,breakout,freeway,6,0.0,25000
4,period,2400000,48375,breakout,freeway,7,0.0,25000
4,period,2400000,48375,breakout,freeway,8,0.0,25000
4,period,2400000,48375,breakout,freeway,9,0.0,25000
4,period,2400000,48375,breakout,freeway,10,0.0,25000
4,period,2425088,48791,breakout,breakout,1,5.0,546
4,period,2425088,48791,breakout,breakout,2,5.0,546
4,period,2425088,48791,breakout,breakout,3,5.0,546
4,period,2425088,48791,breakout,breakout,4,5.0,546
4,period,2425088,48791,breakout,breakout,5,5.0,546
4,period,2425088,48791,breakout,breakout,6,6.0,546
4,period,2425088,48791,breakout,breakout,7,2.0,546
4,period,2425088,48791,breakout,breakout,8,5.0,546
4,period,2425088,48791,breakout,breakout,9,6.0,546
4,period,2425088,48791,breakout,breakout,10,1.0,546
4,period,2425088,48791,breakout,space_invaders,1,2.0,260
4,period,2425088,48791,breakout,space_invaders,2,1.0,260
4,period,2425088,48791,breakout,space_invaders,3,5.0,260
4,period,2425088,48791,breakout,space_invaders,4,3.0,260
4,period,2425088,48791,breakout,space_invaders,5,2.0,260
4,period,2425088,48791,breakout,space_invaders,6,1.0,260
4,period,2425088,48791,breakout,space_invaders,7,2.0,260
4,period,2425088,48791,breakout,space_invaders,8,3.0,260
4,period,2425088,48791,breakout,space_invaders,9,0.0,260
4,period,2425088,48791,breakout,space_invaders,10,0.0,260
4,period,2425088,48791,breakout,freeway,1,0.0,25000
4,period,2425088,48791,breakout,freeway,2,0.0,25000
4,period,2425088,48791,breakout,freeway,3,0.0,25000
4,period,2425088,48791,breakout,freeway,4,0.0,25000
4,period,2425088,48791,breakout,freeway,5,0.0,25000
4,period,2425088,48791,breakout,freeway,6,0.0,25000
4,period,2425088,48791,breakout,freeway,7,0.0,25000
4,period,2425088,48791,breakout,freeway,8,0.0,25000
4,period,2425088,48791,breakout,freeway,9,0.0,25000
4,period,2425088,48791,breakout,freeway,10,0.0,25000
4,period,2450176,49206,breakout,breakout,1,5.0,600
4,period,2450176,49206,breakout,breakout,2,5.0,600
4,period,2450176,49206,breakout,breakout,3,6.0,600
4,period,2450176,49206,breakout,breakout,4,5.0,600
4,period,2450176,49206,breakout,breakout,5,5.0,600
4,period,2450176,49206,breakout,breakout,6,5.0,600
4,period,2450176,49206,breakout,breakout,7,5.0,600
4,period,2450176,49206,breakout,breakout,8,3.0,600
4,period,2450176,49206,breakout,breakout,9,5.0,600
4,period,2450176,49206,breakout,breakout,10,6.0,600
4,period,2450176,49206,breakout,space_invaders,1,4.0,323
4,period,2450176,49206,breakout,space_invaders,2,1.0,323
4,period,2450176,49206,breakout,space_invaders,3,1.0,323
4,period,2450176,49206,breakout,space_invaders,4,2.0,323
4,period,2450176,49206,breakout,space_invaders,5,2.0,323
4,period,2450176,49206,breakout,space_invaders,6,2.0,323
4,period,2450176,49206,breakout,space_invaders,7,5.0,323
4,period,2450176,49206,breakout,space_invaders,8,2.0,323
4,period,2450176,49206,breakout,space_invaders,9,4.0,323
4,period,2450176,49206,breakout,space_invaders,10,2.0,323
4,period,2450176,49206,breakout,freeway,1,0.0,25000
4,period,2450176,49206,breakout,freeway,2,0.0,25000
4,period,2450176,49206,breakout,freeway,3,0.0,25000
4,period,2450176,49206,breakout,freeway,4,0.0,25000
4,period,2450176,49206,breakout,freeway,5,0.0,25000
4,period,2450176,49206,breakout,freeway,6,0.0,25000
4,period,2450176,49206,breakout,freeway,7,0.0,25000
4,period,2450176,49206,breakout,freeway,8,0.0,25000
4,period,2450176,49206,breakout,freeway,9,0.0,25000
4,period,2450176,49206,breakout,freeway,10,0.0,25000
4,period,2475008,49621,breakout,breakout,1,6.0,578
4,period,2475008,49621,breakout,breakout,2,5.0,578
4,period,2475008,49621,breakout,breakout,3,5.0,578
4,period,2475008,49621,breakout,breakout,4,2.0,578
4,period,2475008,49621,breakout,breakout,5,3.0,578
4,period,2475008,49621,breakout,breakout,6,6.0,578
4,period,2475008,49621,breakout,breakout,7,6.0,578
4,period,2475008,49621,breakout,breakout,8,5.0,578
4,period,2475008,49621,breakout,breakout,9,5.0,578
4,period,2475008,49621,breakout,breakout,10,5.0,578
4,period,2475008,49621,breakout,space_invaders,1,1.0,330
4,period,2475008,49621,breakout,space_invaders,2,0.0,330
4,period,2475008,49621,breakout,space_invaders,3,5.0,330
4,period,2475008,49621,breakout,space_invaders,4,1.0,330
4,period,2475008,49621,breakout,space_invaders,5,2.0,330
4,period,2475008,49621,breakout,space_invaders,6,3.0,330
4,period,2475008,49621,breakout,space_invaders,7,0.0,330
4,period,2475008,49621,breakout,space_invaders,8,2.0,330
4,period,2475008,49621,breakout,space_invaders,9,1.0,330
4,period,2475008,49621,breakout,space_invaders,10,3.0,330
4,period,2475008,49621,breakout,freeway,1,0.0,25000
4,period,2475008,49621,breakout,freeway,2,0.0,25000
4,period,2475008,49621,breakout,freeway,3,0.0,25000
4,period,2475008,49621,breakout,freeway,4,0.0,25000
4,period,2475008,49621,breakout,freeway,5,0.0,25000
4,period,2475008,49621,breakout,freeway,6,0.0,25000
4,period,2475008,49621,breakout,freeway,7,0.0,25000
4,period,2475008,49621,breakout,freeway,8,0.0,25000
4,period,2475008,49621,breakout,freeway,9,0.0,25000
4,period,2475008,49621,breakout,freeway,10,0.0,25000
